timestamp,x,y,l_x,l_y,r_x,r_y,pupil_l,pupil_r,event_type,fixation_x,fixation_y,event_duration,fixation_id,merged,event_id,aoi_type,aoi,aoi_id
0.0,1261.8550872802734,680.2746391296386,0.49526447057724,0.4900115430355072,0.4929121434688568,0.4724129438400268,3.5205230712890625,3.497467041015625,Fixation,1253.13917293105,671.3971111386321,340.0,1.0,True,1,image,,10.0
4.0,1268.0442047119138,682.75634765625,0.4946172833442688,0.4846006631851196,0.4953297674655914,0.4741363525390625,3.500473022460937,3.50799560546875,Fixation,1253.13917293105,671.3971111386321,340.0,1.0,True,1,image,,10.0
8.0,1264.2700958251953,687.9195785522461,0.4961975514888763,0.4960479438304901,0.4938555061817169,0.4777219295501709,3.50714111328125,3.48699951171875,Fixation,1253.13917293105,671.3971111386321,340.0,1.0,True,1,image,,10.0
12.0,1258.3190155029297,675.9296321868895,0.4976629018783569,0.4859993159770965,0.4915308654308319,0.4693955779075622,3.51129150390625,3.483993530273437,Fixation,1253.13917293105,671.3971111386321,340.0,1.0,True,1,image,,10.0
16.0,1256.750259399414,693.6966276168823,0.4913310408592224,0.4878967106342315,0.4909180700778961,0.4817337691783905,3.505340576171875,3.494491577148437,Fixation,1253.13917293105,671.3971111386321,340.0,1.0,True,1,image,,10.0
20.0,1262.9129791259766,685.0057125091552,0.497660219669342,0.4914945065975189,0.4933253824710846,0.4756984114646911,3.4866943359375,3.485580444335937,Fixation,1253.13917293105,671.3971111386321,340.0,1.0,True,1,image,,10.0
24.0,1262.5382995605469,682.3106718063354,0.4960421919822693,0.4937625229358673,0.4931790232658386,0.4738268554210663,3.49700927734375,3.4836578369140625,Fixation,1253.13917293105,671.3971111386321,340.0,1.0,True,1,image,,10.0
28.0,1258.1507873535154,684.751353263855,0.4962195158004761,0.4917814433574676,0.491465151309967,0.4755217730998993,3.5034942626953125,3.475936889648437,Fixation,1253.13917293105,671.3971111386321,340.0,1.0,True,1,image,,10.0
32.0,1259.1949462890623,679.7908973693847,0.4965139925479889,0.4855606257915497,0.491873025894165,0.4720770120620727,3.501617431640625,3.4844970703125,Fixation,1253.13917293105,671.3971111386321,340.0,1.0,True,1,image,,10.0
36.0,1259.8199462890623,693.2503080368041,0.4928465485572815,0.4848795235157013,0.492117166519165,0.4814238250255584,3.4950103759765625,3.4830322265625,Fixation,1253.13917293105,671.3971111386321,340.0,1.0,True,1,image,,10.0
40.0,1256.4966583251953,681.5611124038696,0.4961662292480469,0.4868645966053009,0.4908190071582794,0.4733063280582428,3.4918365478515625,3.4794464111328125,Fixation,1253.13917293105,671.3971111386321,340.0,1.0,True,1,image,,10.0
44.0,1259.0885162353516,688.661241531372,0.4953935742378235,0.4912095367908478,0.4918314516544342,0.478236973285675,3.503524780273437,3.471221923828125,Fixation,1253.13917293105,671.3971111386321,340.0,1.0,True,1,image,,10.0
48.0,1259.7654724121094,692.5429773330688,0.4999688267707824,0.4860124289989471,0.4920958876609802,0.4809326231479645,3.4830474853515625,3.477783203125,Fixation,1253.13917293105,671.3971111386321,340.0,1.0,True,1,image,,10.0
52.0,1258.96614074707,659.7066450119019,0.4968575239181518,0.4856380820274353,0.4917836487293243,0.4581296145915985,3.4894561767578125,3.476303100585937,Fixation,1253.13917293105,671.3971111386321,340.0,1.0,True,1,image,,10.0
56.0,1261.48193359375,671.0883951187133,0.4990136921405792,0.4891288876533508,0.4927663803100586,0.4660336077213287,3.495330810546875,3.4595184326171875,Fixation,1253.13917293105,671.3971111386321,340.0,1.0,True,1,image,,10.0
60.0,1259.8407745361328,689.5659828186034,0.4934016764163971,0.4929450750350952,0.4921253025531769,0.4788652658462524,3.477691650390625,3.479354858398437,Fixation,1253.13917293105,671.3971111386321,340.0,1.0,True,1,image,,10.0
64.0,1266.9820404052732,665.3418159484863,0.4958863258361816,0.4883956611156463,0.4949148595333099,0.4620429277420044,3.4980010986328125,3.4519500732421875,Fixation,1253.13917293105,671.3971111386321,340.0,1.0,True,1,image,,10.0
68.0,1264.7028350830078,656.7453575134276,0.4941362142562866,0.4888449311256408,0.4940245449542999,0.4560731649398803,3.488876342773437,3.4225616455078125,Fixation,1253.13917293105,671.3971111386321,340.0,1.0,True,1,image,,10.0
72.0,1261.5275573730466,680.8514642715453,0.4941940903663635,0.4903754293918609,0.4927842020988464,0.4728135168552398,3.48419189453125,3.463165283203125,Fixation,1253.13917293105,671.3971111386321,340.0,1.0,True,1,image,,10.0
76.0,1261.772232055664,659.9292469024658,0.4961982071399688,0.4924411177635193,0.4928797781467438,0.4582841992378235,3.468994140625,3.43914794921875,Fixation,1253.13917293105,671.3971111386321,340.0,1.0,True,1,image,,10.0
80.0,1259.920196533203,667.4016666412354,0.4975347816944122,0.4924900531768799,0.4921563267707824,0.463473379611969,3.487579345703125,3.440826416015625,Fixation,1253.13917293105,671.3971111386321,340.0,1.0,True,1,image,,10.0
84.0,1256.3410186767578,683.3187532424926,0.4912349879741668,0.4900169670581817,0.4907582104206085,0.4745269119739532,3.469085693359375,3.457794189453125,Fixation,1253.13917293105,671.3971111386321,340.0,1.0,True,1,image,,10.0
88.0,1262.8271484374998,663.3932447433472,0.4951412677764892,0.4878658950328827,0.4932918548583984,0.4606897532939911,3.4685516357421875,3.44171142578125,Fixation,1253.13917293105,671.3971111386321,340.0,1.0,True,1,image,,10.0
92.0,1259.7333526611328,665.4859256744385,0.4927864372730255,0.4881314635276794,0.492083340883255,0.4621430039405823,3.47113037109375,3.4560089111328125,Fixation,1253.13917293105,671.3971111386321,340.0,1.0,True,1,image,,10.0
96.0,1258.6125183105469,666.1378955841063,0.4964518845081329,0.490026593208313,0.4916455149650574,0.4625957608222961,3.46380615234375,3.43798828125,Fixation,1253.13917293105,671.3971111386321,340.0,1.0,True,1,image,,10.0
100.0,1253.601608276367,654.1451597213745,0.4999963343143463,0.4881840646266937,0.4896881282329559,0.4542674720287323,3.460052490234375,3.4287567138671875,Fixation,1253.13917293105,671.3971111386321,340.0,1.0,True,1,image,,10.0
104.0,1255.5817413330078,673.7881994247435,0.495560735464096,0.4925737977027893,0.4904616177082062,0.4679084718227386,3.458602905273437,3.4412994384765625,Fixation,1253.13917293105,671.3971111386321,340.0,1.0,True,1,image,,10.0
108.0,1253.538589477539,670.6177854537963,0.4954708516597748,0.4834816455841064,0.4896635115146637,0.4657067954540252,3.455230712890625,3.44366455078125,Fixation,1253.13917293105,671.3971111386321,340.0,1.0,True,1,image,,10.0
112.0,1246.5886688232422,671.2997102737426,0.4949893653392792,0.488432377576828,0.486948698759079,0.4661803543567657,3.4785919189453125,3.45086669921875,Fixation,1253.13917293105,671.3971111386321,340.0,1.0,True,1,image,,10.0
116.0,1247.8758239746094,682.3509693145751,0.497457206249237,0.4913161993026733,0.4874514937400818,0.4738548398017883,3.4604949951171875,3.45501708984375,Fixation,1253.13917293105,671.3971111386321,340.0,1.0,True,1,image,,10.0
120.0,1251.6529083251953,682.0430088043212,0.4969302415847778,0.4825722873210907,0.4889269173145294,0.4736409783363342,3.4531707763671875,3.448715209960937,Fixation,1253.13917293105,671.3971111386321,340.0,1.0,True,1,image,,10.0
124.0,1258.3547210693357,665.3935289382933,0.4981020390987396,0.4917566478252411,0.4915448129177093,0.4620788395404815,3.466781616210937,3.4361724853515625,Fixation,1253.13917293105,671.3971111386321,340.0,1.0,True,1,image,,10.0
128.0,1256.8583679199219,687.8942155838012,0.4929423630237579,0.4898878931999206,0.4909602999687195,0.4777043163776397,3.47021484375,3.459930419921875,Fixation,1253.13917293105,671.3971111386321,340.0,1.0,True,1,image,,10.0
132.0,1253.8610076904297,679.5468378067015,0.4958129525184631,0.4872447252273559,0.4897894561290741,0.4719075262546539,3.4460906982421875,3.446395874023437,Fixation,1253.13917293105,671.3971111386321,340.0,1.0,True,1,image,,10.0
136.0,1251.7491149902344,667.8353691101073,0.4941594004631042,0.4884657263755798,0.4889644980430603,0.463774561882019,3.472198486328125,3.436981201171875,Fixation,1253.13917293105,671.3971111386321,340.0,1.0,True,1,image,,10.0
140.0,1264.1068267822263,663.5083866119385,0.4948155283927917,0.488222062587738,0.4937917292118072,0.4607697129249573,3.46435546875,3.4209136962890625,Fixation,1253.13917293105,671.3971111386321,340.0,1.0,True,1,image,,10.0
144.0,1253.930206298828,666.666612625122,0.4959840476512909,0.4911151528358459,0.4898164868354797,0.4629629254341125,3.447113037109375,3.4269561767578125,Fixation,1253.13917293105,671.3971111386321,340.0,1.0,True,1,image,,10.0
148.0,1254.759521484375,680.232367515564,0.4978598356246948,0.4861340224742889,0.490140438079834,0.472383588552475,3.4669342041015625,3.424468994140625,Fixation,1253.13917293105,671.3971111386321,340.0,1.0,True,1,image,,10.0
152.0,1259.3865966796873,680.9222745895385,0.4980722069740295,0.4891161918640136,0.4919478893280029,0.4728626906871795,3.464385986328125,3.4497833251953125,Fixation,1253.13917293105,671.3971111386321,340.0,1.0,True,1,image,,10.0
156.0,1259.994201660156,654.7722387313843,0.4952385127544403,0.4885563254356384,0.4921852350234985,0.4547029435634613,3.463485717773437,3.404296875,Fixation,1253.13917293105,671.3971111386321,340.0,1.0,True,1,image,,10.0
160.0,1259.4314575195312,673.7561845779419,0.4964592754840851,0.4861751794815063,0.4919654130935669,0.4678862392902374,3.4593658447265625,3.43115234375,Fixation,1253.13917293105,671.3971111386321,340.0,1.0,True,1,image,,10.0
164.0,1250.2531433105469,664.4731235504149,0.4993606507778168,0.490689754486084,0.4883801341056824,0.4614396691322326,3.4574432373046875,3.4254608154296875,Fixation,1253.13917293105,671.3971111386321,340.0,1.0,True,1,image,,10.0
168.0,1258.453140258789,667.6507472991943,0.4955199062824249,0.4859859943389892,0.4915832579135895,0.4636463522911072,3.4657745361328125,3.4282989501953125,Fixation,1253.13917293105,671.3971111386321,340.0,1.0,True,1,image,,10.0
172.0,1258.8685607910156,673.2063102722168,0.4924468994140625,0.4851756393909454,0.4917455315589905,0.4675043821334839,3.4514312744140625,3.43341064453125,Fixation,1253.13917293105,671.3971111386321,340.0,1.0,True,1,image,,10.0
176.0,1244.39338684082,663.5258960723876,0.4959847033023834,0.4804041087627411,0.4860911667346954,0.4607818722724914,3.4434814453125,3.4257354736328125,Fixation,1253.13917293105,671.3971111386321,340.0,1.0,True,1,image,,10.0
180.0,1248.8133239746094,669.8320913314818,0.4958008229732513,0.4917058646678924,0.4878177046775818,0.4651611745357513,3.456024169921875,3.434677124023437,Fixation,1253.13917293105,671.3971111386321,340.0,1.0,True,1,image,,10.0
184.0,1248.2159423828123,677.6571893692015,0.491277813911438,0.4810665249824524,0.4875843524932861,0.4705952703952789,3.447509765625,3.424407958984375,Fixation,1253.13917293105,671.3971111386321,340.0,1.0,True,1,image,,10.0
188.0,1244.8394775390625,673.9376306533813,0.4986657798290252,0.4846864342689514,0.4862654209136963,0.4680122435092926,3.4518585205078125,3.4261474609375,Fixation,1253.13917293105,671.3971111386321,340.0,1.0,True,1,image,,10.0
192.0,1250.6723785400388,675.4753732681274,0.4948247969150543,0.4908356666564941,0.4885438978672027,0.4690801203250885,3.453826904296875,3.43109130859375,Fixation,1253.13917293105,671.3971111386321,340.0,1.0,True,1,image,,10.0
196.0,1247.0256042480469,677.4915361404419,0.4970048367977142,0.4922424852848053,0.4871193766593933,0.4704802334308624,3.4552154541015625,3.434478759765625,Fixation,1253.13917293105,671.3971111386321,340.0,1.0,True,1,image,,10.0
200.0,1253.499526977539,664.8649406433105,0.5014690160751343,0.4848383069038391,0.4896482527256012,0.4617117643356323,3.450347900390625,3.4298095703125,Fixation,1253.13917293105,671.3971111386321,340.0,1.0,True,1,image,,10.0
204.0,1247.8166961669922,667.5223016738892,0.49396413564682,0.4881019294261932,0.4874283969402313,0.4635571539402008,3.452423095703125,3.416290283203125,Fixation,1253.13917293105,671.3971111386321,340.0,1.0,True,1,image,,10.0
208.0,1239.3085479736328,664.6897172927855,0.4985829293727875,0.4852361679077148,0.4841049015522003,0.4615900814533233,3.4375457763671875,3.4281005859375,Fixation,1253.13917293105,671.3971111386321,340.0,1.0,True,1,image,,10.0
212.0,1243.00537109375,667.5156927108765,0.4975394308567047,0.4842066764831543,0.4855489730834961,0.4635525643825531,3.4658203125,3.414306640625,Fixation,1253.13917293105,671.3971111386321,340.0,1.0,True,1,image,,10.0
216.0,1256.3954925537107,644.9046707153319,0.4995902776718139,0.4834640920162201,0.4907794892787933,0.4478504657745361,3.446868896484375,3.410858154296875,Fixation,1253.13917293105,671.3971111386321,340.0,1.0,True,1,image,,10.0
220.0,1257.3457336425781,666.9732427597045,0.5016452074050903,0.484914094209671,0.4911506772041321,0.4631758630275726,3.468475341796875,3.4000396728515625,Fixation,1253.13917293105,671.3971111386321,340.0,1.0,True,1,image,,10.0
224.0,1248.7503814697263,662.1322202682494,0.4955924749374389,0.4846724271774292,0.4877931177616119,0.459814041852951,3.457977294921875,3.4250640869140625,Fixation,1253.13917293105,671.3971111386321,340.0,1.0,True,1,image,,10.0
228.0,1254.0489196777344,658.1764554977416,0.4969653189182281,0.4845256507396698,0.489862859249115,0.4570669829845428,3.4658203125,3.413299560546875,Fixation,1253.13917293105,671.3971111386321,340.0,1.0,True,1,image,,10.0
232.0,1240.3533172607422,672.9121685028076,0.4966000020503998,0.4880487024784088,0.4845130145549774,0.4673001170158386,3.45220947265625,3.4413299560546875,Fixation,1253.13917293105,671.3971111386321,340.0,1.0,True,1,image,,10.0
236.0,1247.4937438964844,666.5296697616577,0.4967366755008697,0.4892775118350982,0.4873022437095642,0.4628678262233734,3.452667236328125,3.417266845703125,Fixation,1253.13917293105,671.3971111386321,340.0,1.0,True,1,image,,10.0
240.0,1239.6725463867188,661.1986398696899,0.4972186088562011,0.4822437465190887,0.484247088432312,0.4591657221317291,3.472747802734375,3.415634155273437,Fixation,1253.13917293105,671.3971111386321,340.0,1.0,True,1,image,,10.0
244.0,1248.3337402343748,663.8886594772338,0.4964668750762939,0.4823290109634399,0.4876303672790527,0.4610337913036346,3.4576416015625,3.40594482421875,Fixation,1253.13917293105,671.3971111386321,340.0,1.0,True,1,image,,10.0
248.0,1256.3754272460935,655.9389781951904,0.4971785247325897,0.4879658818244934,0.4907716512680053,0.4555131793022156,3.4697265625,3.407135009765625,Fixation,1253.13917293105,671.3971111386321,340.0,1.0,True,1,image,,10.0
252.0,1251.919174194336,670.4164695739746,0.4965525865554809,0.4857895374298095,0.4890309274196625,0.4655669927597046,3.45733642578125,3.4240875244140625,Fixation,1253.13917293105,671.3971111386321,340.0,1.0,True,1,image,,10.0
256.0,1237.226867675781,672.1680593490601,0.4936759173870086,0.4876789152622223,0.483291745185852,0.4667833745479584,3.4685211181640625,3.4166412353515625,Fixation,1253.13917293105,671.3971111386321,340.0,1.0,True,1,image,,10.0
260.0,1240.1830291748047,670.5640983581542,0.4980645477771759,0.4824554920196533,0.4844464957714081,0.4656695127487182,3.45635986328125,3.4026641845703125,Fixation,1253.13917293105,671.3971111386321,340.0,1.0,True,1,image,,10.0
264.0,1248.9972686767578,669.0984106063843,0.4973072707653045,0.4953758120536804,0.4878895580768585,0.4646516740322113,3.464630126953125,3.426727294921875,Fixation,1253.13917293105,671.3971111386321,340.0,1.0,True,1,image,,10.0
268.0,1253.8213348388672,666.1764335632324,0.4992759227752685,0.4909326434135437,0.4897739589214325,0.4626225233078003,3.4607086181640625,3.4128875732421875,Fixation,1253.13917293105,671.3971111386321,340.0,1.0,True,1,image,,10.0
272.0,1261.3849639892576,665.9470939636229,0.4958164393901825,0.4938586950302124,0.4927285015583038,0.4624632596969604,3.461578369140625,3.4150848388671875,Fixation,1253.13917293105,671.3971111386321,340.0,1.0,True,1,image,,10.0
276.0,1251.6428375244138,663.6045169830322,0.4932036995887756,0.4850983321666717,0.4889229834079742,0.4608364701271057,3.43505859375,3.403717041015625,Fixation,1253.13917293105,671.3971111386321,340.0,1.0,True,1,image,,10.0
280.0,1252.66357421875,664.0284347534179,0.4961250126361847,0.4902440011501312,0.4893217086791992,0.4611308574676513,3.4507293701171875,3.4134521484375,Fixation,1253.13917293105,671.3971111386321,340.0,1.0,True,1,image,,10.0
284.0,1251.4447021484375,665.8814334869385,0.499640941619873,0.4893918037414551,0.4888455867767334,0.4624176621437073,3.457244873046875,3.4191436767578125,Fixation,1253.13917293105,671.3971111386321,340.0,1.0,True,1,image,,10.0
288.0,1251.3827514648438,668.2448244094847,0.500909686088562,0.4858632087707519,0.4888213872909546,0.46405890583992,3.4487457275390625,3.419906616210937,Fixation,1253.13917293105,671.3971111386321,340.0,1.0,True,1,image,,10.0
292.0,1254.1573333740234,660.2378940582275,0.4974683821201324,0.4864468276500702,0.4899052083492279,0.4584985375404358,3.435455322265625,3.4012603759765625,Fixation,1253.13917293105,671.3971111386321,340.0,1.0,True,1,image,,10.0
296.0,1249.638214111328,678.0054903030394,0.5010393857955933,0.4856586456298828,0.4881399273872375,0.4708371460437774,3.415313720703125,3.4179229736328125,Fixation,1253.13917293105,671.3971111386321,340.0,1.0,True,1,image,,10.0
300.0,1245.0936126708984,666.5458059310913,0.497650682926178,0.4869886934757232,0.4863646924495697,0.4628790318965912,3.43115234375,3.3982391357421875,Fixation,1253.13917293105,671.3971111386321,340.0,1.0,True,1,image,,10.0
304.0,1253.4061431884763,654.330039024353,0.5036848783493042,0.4840914607048034,0.4896117746829986,0.4543958604335785,3.43292236328125,3.375732421875,Fixation,1253.13917293105,671.3971111386321,340.0,1.0,True,1,image,,10.0
308.0,1249.4117736816404,652.5432586669922,0.4995005428791046,0.4938698410987854,0.4880514740943908,0.4531550407409668,3.432342529296875,3.37628173828125,Fixation,1253.13917293105,671.3971111386321,340.0,1.0,True,1,image,,10.0
312.0,1246.6761016845703,666.837544441223,0.4968763291835785,0.4886440634727478,0.4869828522205353,0.4630816280841827,3.428939819335937,3.3833465576171875,Fixation,1253.13917293105,671.3971111386321,340.0,1.0,True,1,image,,10.0
316.0,1241.9217681884763,660.6479930877686,0.4991384148597717,0.485631912946701,0.4851256906986236,0.4587833285331726,3.4058990478515625,3.3808135986328125,Fixation,1253.13917293105,671.3971111386321,340.0,1.0,True,1,image,,10.0
320.0,1243.8150787353516,671.9324541091919,0.4968045949935913,0.4766092598438263,0.4858652651309967,0.4666197597980499,3.393585205078125,3.3787078857421875,Fixation,1253.13917293105,671.3971111386321,340.0,1.0,True,1,image,,10.0
324.0,1243.296432495117,677.7505302429198,0.4978541135787964,0.4867353737354278,0.4856626689434051,0.4706600904464721,3.3939971923828125,3.3716583251953125,Fixation,1253.13917293105,671.3971111386321,340.0,1.0,True,1,image,,10.0
328.0,1248.927993774414,675.8913087844847,0.4981650412082672,0.4876273572444916,0.4878624975681305,0.46936896443367,3.36444091796875,3.374130249023437,Fixation,1253.13917293105,671.3971111386321,340.0,1.0,True,1,image,,10.0
332.0,1248.4256744384766,682.154974937439,0.4942381083965301,0.4855729639530182,0.4876662790775299,0.4737187325954437,3.371566772460937,3.369247436523437,Fixation,1253.13917293105,671.3971111386321,340.0,1.0,True,1,image,,10.0
336.0,1244.2674255371091,680.3031778335571,0.4905076026916504,0.4955266118049621,0.4860419631004333,0.4724327623844147,3.3867340087890625,3.340682983398437,Fixation,1253.13917293105,671.3971111386321,340.0,1.0,True,1,image,,10.0
340.0,1215.145034790039,684.1537141799926,0.4766828417778015,0.4940930604934692,0.474666029214859,0.4751067459583282,3.354232788085937,3.345687866210937,Fixation,1253.13917293105,671.3971111386321,340.0,1.0,True,1,image,,10.0
344.0,1153.9236450195312,706.8431854248047,0.4530387222766876,0.499184787273407,0.4507514238357544,0.4908633232116699,3.3340606689453125,3.3519287109375,Saccade,,,,0.0,False,2,,,
348.0,1100.8739471435545,718.9908027648925,0.4332202672958374,0.5173699855804443,0.430028885602951,0.4992991685867309,3.348541259765625,3.3572998046875,Saccade,,,,0.0,False,2,,,
352.0,1074.1639709472654,721.6999626159668,0.4265564680099487,0.519803524017334,0.4195953011512756,0.5011805295944214,3.321075439453125,3.3388671875,Saccade,,,,0.0,False,2,,,
356.0,1062.9139709472654,749.1210651397705,0.4260085225105285,0.5220423340797424,0.4152007699012756,0.5202229619026184,3.3251953125,3.3431396484375,Fixation,1078.8004512786865,724.4332172870636,156.0,2.0,True,3,image,,10.0
360.0,1073.3191680908203,748.9051151275635,0.4328475296497345,0.5255600810050964,0.4192653000354767,0.5200729966163635,3.298080444335937,3.326522827148437,Fixation,1078.8004512786865,724.4332172870636,156.0,2.0,True,3,image,,10.0
364.0,1076.2509155273435,745.4729175567627,0.4332694411277771,0.5322762131690979,0.4204105138778686,0.5176895260810852,3.30316162109375,3.322784423828125,Fixation,1078.8004512786865,724.4332172870636,156.0,2.0,True,3,image,,10.0
368.0,1086.6426086425781,732.9845523834229,0.4304815828800201,0.5326054096221924,0.4244697690010071,0.5090170502662659,3.294158935546875,3.3091583251953125,Fixation,1078.8004512786865,724.4332172870636,156.0,2.0,True,3,image,,10.0
372.0,1080.785217285156,723.7286567687988,0.4346247017383575,0.5283651351928711,0.4221817255020141,0.5025893449783325,3.296844482421875,3.299835205078125,Fixation,1078.8004512786865,724.4332172870636,156.0,2.0,True,3,image,,10.0
376.0,1070.1579284667966,735.7597160339355,0.4313238859176636,0.5308356881141663,0.4180304408073425,0.5109442472457886,3.278411865234375,3.284393310546875,Fixation,1078.8004512786865,724.4332172870636,156.0,2.0,True,3,image,,10.0
380.0,1081.1614990234375,719.1901016235352,0.4318794310092926,0.5252559781074524,0.4223287105560303,0.4994375705718994,3.2682647705078125,3.276580810546875,Fixation,1078.8004512786865,724.4332172870636,156.0,2.0,True,3,image,,10.0
384.0,1060.1141357421875,727.2314929962158,0.4320489168167114,0.5276702642440796,0.414107084274292,0.505021870136261,3.260101318359375,3.282562255859375,Fixation,1078.8004512786865,724.4332172870636,156.0,2.0,True,3,image,,10.0
388.0,1082.0248413085935,733.5275173187256,0.4317961037158966,0.5221163034439087,0.4226659536361694,0.509394109249115,3.2236785888671875,3.274078369140625,Fixation,1078.8004512786865,724.4332172870636,156.0,2.0,True,3,image,,10.0
392.0,1088.3850097656248,729.3964004516602,0.4315418303012848,0.535014271736145,0.4251503944396972,0.5065252780914307,3.24249267578125,3.246307373046875,Fixation,1078.8004512786865,724.4332172870636,156.0,2.0,True,3,image,,10.0
396.0,1081.1029052734375,748.4366512298584,0.4299475252628326,0.5307208299636841,0.4223058223724365,0.5197476744651794,3.222320556640625,3.271347045898437,Fixation,1078.8004512786865,724.4332172870636,156.0,2.0,True,3,image,,10.0
400.0,1072.4060058593748,730.4657649993896,0.4326572120189667,0.5299654006958008,0.4189085960388183,0.5072678923606873,3.21527099609375,3.226303100585937,Fixation,1078.8004512786865,724.4332172870636,156.0,2.0,True,3,image,,10.0
404.0,1071.741485595703,730.1686191558838,0.4300720989704132,0.5239611268043518,0.4186490178108215,0.5070615410804749,3.198837280273437,3.2291717529296875,Fixation,1078.8004512786865,724.4332172870636,156.0,2.0,True,3,image,,10.0
408.0,1084.3922424316406,722.6225566864014,0.4261882603168487,0.5270063281059265,0.4235907196998596,0.5018212199211121,3.1982879638671875,3.2235260009765625,Fixation,1078.8004512786865,724.4332172870636,156.0,2.0,True,3,image,,10.0
412.0,1085.5924987792966,735.0483512878418,0.4298357963562011,0.5235701203346252,0.4240595698356628,0.5104502439498901,3.185089111328125,3.2035064697265625,Fixation,1078.8004512786865,724.4332172870636,156.0,2.0,True,3,image,,10.0
416.0,1086.013488769531,730.0402164459229,0.432645708322525,0.5319141745567322,0.4242240190505981,0.5069723725318909,3.194732666015625,3.1831512451171875,Fixation,1078.8004512786865,724.4332172870636,156.0,2.0,True,3,image,,10.0
420.0,1085.1419067382812,730.5606079101562,0.4292666614055633,0.5339186787605286,0.4238835573196411,0.5073337554931641,3.181854248046875,3.193344116210937,Fixation,1078.8004512786865,724.4332172870636,156.0,2.0,True,3,image,,10.0
424.0,1088.9469909667966,713.6345815658569,0.4306958317756653,0.5409338474273682,0.425369918346405,0.4955795705318451,3.1814422607421875,3.178085327148437,Fixation,1078.8004512786865,724.4332172870636,156.0,2.0,True,3,image,,10.0
428.0,1080.0691986083982,731.4820003509521,0.4280547499656677,0.5308663845062256,0.4219020307064056,0.5079736113548279,3.152587890625,3.178924560546875,Fixation,1078.8004512786865,724.4332172870636,156.0,2.0,True,3,image,,10.0
432.0,1086.62483215332,726.7742729187012,0.433659553527832,0.5239863991737366,0.4244628250598907,0.5047043561935425,3.158233642578125,3.1712188720703125,Fixation,1078.8004512786865,724.4332172870636,156.0,2.0,True,3,image,,10.0
436.0,1083.8655853271482,727.7720546722412,0.4265598654747009,0.5297141075134277,0.4233849942684173,0.5053972601890564,3.1391143798828125,3.1595001220703125,Fixation,1078.8004512786865,724.4332172870636,156.0,2.0,True,3,image,,10.0
440.0,1083.4886169433591,698.1160926818847,0.4287251830101013,0.5261741876602173,0.4232377409934997,0.4848028421401977,3.138824462890625,3.118743896484375,Fixation,1078.8004512786865,724.4332172870636,156.0,2.0,True,3,image,,10.0
444.0,1074.638671875,722.7039241790771,0.4254758358001709,0.5325371623039246,0.4197807312011719,0.5018777251243591,3.107818603515625,3.1440582275390625,Fixation,1078.8004512786865,724.4332172870636,156.0,2.0,True,3,image,,10.0
448.0,1082.5242614746094,721.6424560546875,0.4254922866821289,0.5318126678466797,0.4228610396385193,0.5011405944824219,3.112762451171875,3.1245574951171875,Fixation,1078.8004512786865,724.4332172870636,156.0,2.0,True,3,image,,10.0
452.0,1082.1164703369138,723.9125061035156,0.4252947568893432,0.5327513217926025,0.422701746225357,0.5027170181274414,3.08892822265625,3.1335601806640625,Fixation,1078.8004512786865,724.4332172870636,156.0,2.0,True,3,image,,10.0
456.0,1081.8553924560545,728.6767959594727,0.429198294878006,0.536637544631958,0.4225997626781463,0.5060255527496338,3.0918121337890625,3.1154937744140625,Fixation,1078.8004512786865,724.4332172870636,156.0,2.0,True,3,image,,10.0
460.0,1077.796859741211,712.3389673233031,0.4256218373775482,0.5322389602661133,0.4210143983364105,0.4946798384189605,3.0731353759765625,3.1229705810546875,Fixation,1078.8004512786865,724.4332172870636,156.0,2.0,True,3,image,,10.0
464.0,1084.3904876708984,704.6553611755371,0.4251377582550049,0.5322375297546387,0.4235900342464447,0.4893440008163452,3.0744781494140625,3.095306396484375,Fixation,1078.8004512786865,724.4332172870636,156.0,2.0,True,3,image,,10.0
468.0,1079.9568939208982,719.6898508071899,0.427317351102829,0.5244771838188171,0.4218581616878509,0.4997846186161041,3.060699462890625,3.103302001953125,Fixation,1078.8004512786865,724.4332172870636,156.0,2.0,True,3,image,,10.0
472.0,1079.5450592041016,713.7050914764404,0.425141304731369,0.5402607917785645,0.4216972887516022,0.4956285357475281,3.0791473388671875,3.0834503173828125,Fixation,1078.8004512786865,724.4332172870636,156.0,2.0,True,3,image,,10.0
476.0,1082.8926849365232,720.3455543518066,0.4287243187427521,0.5316407084465027,0.4230049550533294,0.5002399682998657,3.0542449951171875,3.0907745361328125,Fixation,1078.8004512786865,724.4332172870636,156.0,2.0,True,3,image,,10.0
480.0,1079.3049621582031,715.7612943649292,0.4280205965042114,0.5308672189712524,0.4216035008430481,0.4970564544200897,3.076889038085937,3.0775146484375,Fixation,1078.8004512786865,724.4332172870636,156.0,2.0,True,3,image,,10.0
484.0,1074.1712951660154,698.2148408889769,0.4250997006893158,0.5301378965377808,0.4195981621742248,0.4848714172840118,3.0526885986328125,3.0525054931640625,Fixation,1078.8004512786865,724.4332172870636,156.0,2.0,True,3,image,,10.0
488.0,1072.9207611083982,715.076880455017,0.4305368363857269,0.5198841094970703,0.4191096723079681,0.4965811669826507,3.0345458984375,3.0897674560546875,Fixation,1078.8004512786865,724.4332172870636,156.0,2.0,True,3,image,,10.0
492.0,1074.68505859375,714.6450233459473,0.4292278289794922,0.5189074873924255,0.4197988510131836,0.4962812662124634,3.056915283203125,3.07135009765625,Fixation,1078.8004512786865,724.4332172870636,156.0,2.0,True,3,image,,10.0
496.0,1065.3018951416016,722.266788482666,0.42428058385849,0.5198785662651062,0.4161335527896881,0.5015741586685181,3.0061492919921875,3.0701141357421875,Fixation,1078.8004512786865,724.4332172870636,156.0,2.0,True,3,image,,10.0
500.0,1081.855239868164,722.1652507781982,0.4250017404556274,0.5451862812042236,0.4225997030735016,0.5015036463737488,3.0443267822265625,3.055206298828125,Fixation,1078.8004512786865,724.4332172870636,156.0,2.0,True,3,image,,10.0
504.0,1072.982406616211,709.6323394775391,0.4290653765201568,0.5409867167472839,0.4191337525844574,0.492800235748291,3.043243408203125,3.05816650390625,Fixation,1078.8004512786865,724.4332172870636,156.0,2.0,True,3,image,,10.0
508.0,1081.3623809814453,719.04221534729,0.4312057793140411,0.5376097559928894,0.4224071800708771,0.4993348717689514,3.0310211181640625,3.0587158203125,Fixation,1078.8004512786865,724.4332172870636,156.0,2.0,True,3,image,,10.0
512.0,1072.5762176513672,722.4142456054688,0.420813500881195,0.5359070897102356,0.4189750850200653,0.5016765594482422,3.025146484375,3.04425048828125,Fixation,1078.8004512786865,724.4332172870636,156.0,2.0,True,3,image,,10.0
516.0,1018.1197357177733,757.2058868408203,0.4040471911430359,0.5645235776901245,0.3977030217647552,0.5258374214172363,3.044219970703125,3.062286376953125,Saccade,,,,0.0,False,4,,,
520.0,935.1627349853514,803.0228233337402,0.3765413761138916,0.5950201153755188,0.3652979433536529,0.5576547384262085,3.0850982666015625,3.0482177734375,Saccade,,,,0.0,False,4,,,
524.0,868.2173919677734,896.9276905059814,0.3408614695072174,0.6343355774879456,0.3391474187374115,0.6228664517402649,3.046600341796875,3.0709381103515625,Saccade,,,,0.0,False,4,,,
528.0,806.2583923339843,967.6233386993408,0.3304791748523712,0.6759783029556274,0.3149446845054626,0.6719606518745422,3.031982421875,3.073715209960937,Saccade,,,,0.0,False,4,,,
532.0,766.7581939697264,1036.6640853881836,0.3275186121463775,0.7358338832855225,0.2995149195194244,0.7199056148529053,3.0306854248046875,3.0726318359375,Saccade,,,,0.0,False,4,,,
536.0,742.3788452148436,1085.6917762756348,0.3135569989681244,0.7639091610908508,0.2899917364120483,0.7539526224136353,3.0119781494140625,3.068817138671875,Fixation,742.3903630143506,1089.1929831747282,232.0,3.0,True,5,word,a,0.0
540.0,714.1242218017577,1089.5787906646729,0.3086560666561126,0.764532744884491,0.2789547741413116,0.7566519379615784,3.01251220703125,3.0692901611328125,Fixation,742.3903630143506,1089.1929831747282,232.0,3.0,True,5,word,a,0.0
544.0,738.8150787353516,1108.7264156341553,0.3137820065021515,0.7748910784721375,0.2885996401309967,0.7699488997459412,3.006210327148437,3.065902709960937,Fixation,742.3903630143506,1089.1929831747282,232.0,3.0,True,5,word,a,0.0
548.0,764.1259765624999,1100.7853603363037,0.3169127404689789,0.7731583714485168,0.2984867095947265,0.764434278011322,3.021835327148437,3.050399780273437,Fixation,742.3903630143506,1089.1929831747282,232.0,3.0,True,5,word,a,0.0
552.0,757.799835205078,1075.444278717041,0.3138371407985687,0.770196795463562,0.2960155606269836,0.7468363046646118,3.004486083984375,3.0437774658203125,Fixation,742.3903630143506,1089.1929831747282,232.0,3.0,True,5,word,a,0.0
556.0,745.6991577148436,1077.090253829956,0.3103275299072265,0.7710479497909546,0.2912887334823608,0.7479793429374695,3.0016632080078125,3.03302001953125,Fixation,742.3903630143506,1089.1929831747282,232.0,3.0,True,5,word,a,0.0
560.0,735.6320190429686,1094.4715690612793,0.3044171929359436,0.7805708050727844,0.2873562574386596,0.7600497007369995,2.9780731201171875,3.041778564453125,Fixation,742.3903630143506,1089.1929831747282,232.0,3.0,True,5,word,a,0.0
564.0,732.4832916259766,1097.4032878875732,0.3048838973045349,0.7753956913948059,0.2861262857913971,0.7620856165885925,2.9840087890625,3.0347900390625,Fixation,742.3903630143506,1089.1929831747282,232.0,3.0,True,5,word,a,0.0
568.0,745.2344512939453,1096.2926387786865,0.3102310299873352,0.7716385722160339,0.2911072075366974,0.761314332485199,2.9777374267578125,3.0313720703125,Fixation,742.3903630143506,1089.1929831747282,232.0,3.0,True,5,word,a,0.0
572.0,742.9801177978514,1098.098258972168,0.3146621584892273,0.7748780846595764,0.2902266085147857,0.7625682353973389,2.996368408203125,3.0291748046875,Fixation,742.3903630143506,1089.1929831747282,232.0,3.0,True,5,word,a,0.0
576.0,732.6329040527343,1093.3616924285889,0.3142457604408264,0.7835913300514221,0.2861847281455993,0.7592789530754089,3.006927490234375,3.0234832763671875,Fixation,742.3903630143506,1089.1929831747282,232.0,3.0,True,5,word,a,0.0
580.0,739.4811248779297,1082.5531196594238,0.3136887848377228,0.7723835706710815,0.2888598144054413,0.7517729997634888,2.9873504638671875,3.012664794921875,Fixation,742.3903630143506,1089.1929831747282,232.0,3.0,True,5,word,a,0.0
584.0,741.7152404785155,1093.3410930633545,0.3155395686626434,0.7707571983337402,0.2897325158119201,0.7592646479606628,2.9869384765625,3.044921875,Fixation,742.3903630143506,1089.1929831747282,232.0,3.0,True,5,word,a,0.0
588.0,751.9491577148436,1091.8675518035889,0.3088286519050598,0.7788750529289246,0.2937301397323608,0.7582413554191589,2.97406005859375,3.0245819091796875,Fixation,742.3903630143506,1089.1929831747282,232.0,3.0,True,5,word,a,0.0
592.0,737.4185943603514,1073.4546375274658,0.309180349111557,0.7757894992828369,0.2880541384220123,0.7454546093940735,2.956405639648437,3.0062408447265625,Fixation,742.3903630143506,1089.1929831747282,232.0,3.0,True,5,word,a,0.0
596.0,737.0567321777344,1078.1191062927246,0.3136368989944458,0.768967866897583,0.2879127860069275,0.7486938238143921,2.9705810546875,3.021026611328125,Fixation,742.3903630143506,1089.1929831747282,232.0,3.0,True,5,word,a,0.0
600.0,741.554718017578,1090.228271484375,0.3140744268894195,0.7781350016593933,0.2896698117256164,0.7571029663085938,2.97747802734375,3.0214385986328125,Fixation,742.3903630143506,1089.1929831747282,232.0,3.0,True,5,word,a,0.0
604.0,738.3779144287109,1080.2327728271484,0.3161775767803192,0.7739570736885071,0.2884288728237152,0.7501616477966309,2.9801483154296875,3.0017242431640625,Fixation,742.3903630143506,1089.1929831747282,232.0,3.0,True,5,word,a,0.0
608.0,738.4244537353516,1085.5493831634521,0.3151715695858001,0.7761540412902832,0.2884470522403717,0.7538537383079529,2.9794464111328125,2.998031616210937,Fixation,742.3903630143506,1089.1929831747282,232.0,3.0,True,5,word,a,0.0
612.0,747.2261810302733,1085.2655410766602,0.3154680132865906,0.7775529026985168,0.2918852269649505,0.7536566257476807,2.9736328125,3.0252227783203125,Fixation,742.3903630143506,1089.1929831747282,232.0,3.0,True,5,word,a,0.0
616.0,735.3078460693358,1083.6283206939697,0.3079177141189575,0.7854773998260498,0.2872296273708343,0.7525196671485901,2.967514038085937,3.0040435791015625,Fixation,742.3903630143506,1089.1929831747282,232.0,3.0,True,5,word,a,0.0
620.0,734.2419433593749,1086.1895084381104,0.3120899200439453,0.7775835394859314,0.2868132591247558,0.7542982697486877,2.9710693359375,3.01373291015625,Fixation,742.3903630143506,1089.1929831747282,232.0,3.0,True,5,word,a,0.0
624.0,732.3052215576172,1088.335018157959,0.3064032793045044,0.7651306986808777,0.2860567271709442,0.7557882070541382,2.947372436523437,3.0167999267578125,Fixation,742.3903630143506,1089.1929831747282,232.0,3.0,True,5,word,a,0.0
628.0,747.8143310546875,1090.9700202941895,0.3199405670166015,0.7760492563247681,0.2921149730682373,0.7576180696487427,2.963165283203125,3.01031494140625,Fixation,742.3903630143506,1089.1929831747282,232.0,3.0,True,5,word,a,0.0
632.0,740.4112243652344,1079.9006080627441,0.3165141642093658,0.7755206823348999,0.2892231345176697,0.7499309778213501,2.967514038085937,3.0186767578125,Fixation,742.3903630143506,1089.1929831747282,232.0,3.0,True,5,word,a,0.0
636.0,740.6674194335936,1096.6927814483643,0.3176436126232147,0.775554895401001,0.2893232107162475,0.7615922093391418,2.96875,3.0066070556640625,Fixation,742.3903630143506,1089.1929831747282,232.0,3.0,True,5,word,a,0.0
640.0,738.6300659179686,1096.9503593444824,0.3210759162902832,0.7756933569908142,0.2885273694992065,0.7617710828781128,2.975692749023437,3.0162506103515625,Fixation,742.3903630143506,1089.1929831747282,232.0,3.0,True,5,word,a,0.0
644.0,740.3207397460936,1090.9227275848389,0.319185197353363,0.7756567597389221,0.2891877889633178,0.7575852274894714,2.9873809814453125,3.0055084228515625,Fixation,742.3903630143506,1089.1929831747282,232.0,3.0,True,5,word,a,0.0
648.0,733.8863372802734,1094.736270904541,0.3155348300933838,0.7771479487419128,0.2866743505001068,0.7602335214614868,2.977203369140625,2.991729736328125,Fixation,742.3903630143506,1089.1929831747282,232.0,3.0,True,5,word,a,0.0
652.0,737.6202392578125,1096.7084884643555,0.3140901625156402,0.7725427746772766,0.288132905960083,0.7616031169891357,2.955062866210937,3.0107421875,Fixation,742.3903630143506,1089.1929831747282,232.0,3.0,True,5,word,a,0.0
656.0,744.9449920654296,1088.9895629882812,0.313771903514862,0.7801609635353088,0.2909941375255584,0.7562427520751953,2.964263916015625,2.995590209960937,Fixation,742.3903630143506,1089.1929831747282,232.0,3.0,True,5,word,a,0.0
660.0,741.1056518554688,1091.9245433807373,0.3166328370571136,0.773739755153656,0.2894943952560425,0.7582809329032898,2.9796142578125,3.00213623046875,Fixation,742.3903630143506,1089.1929831747282,232.0,3.0,True,5,word,a,0.0
664.0,754.4036865234375,1094.2945003509521,0.3161439895629883,0.7741823196411133,0.2946889400482178,0.7599267363548279,2.962997436523437,3.0014801025390625,Fixation,742.3903630143506,1089.1929831747282,232.0,3.0,True,5,word,a,0.0
668.0,746.7709350585938,1083.3733177185059,0.3127298951148987,0.7812339663505554,0.2917073965072632,0.7523425817489624,2.963973999023437,3.01287841796875,Fixation,742.3903630143506,1089.1929831747282,232.0,3.0,True,5,word,a,0.0
672.0,742.1340942382812,1089.6705436706543,0.3170543313026428,0.7759055495262146,0.2898961305618286,0.7567156553268433,2.9664306640625,3.0140838623046875,Fixation,742.3903630143506,1089.1929831747282,232.0,3.0,True,5,word,a,0.0
676.0,748.1863403320312,1093.077335357666,0.3175173997879028,0.781995415687561,0.2922602891921997,0.7590814828872681,2.960800170898437,3.003173828125,Fixation,742.3903630143506,1089.1929831747282,232.0,3.0,True,5,word,a,0.0
680.0,749.3392181396483,1088.959608078003,0.3186097741127014,0.7803344130516052,0.2927106320858001,0.7562219500541687,2.96038818359375,2.9878387451171875,Fixation,742.3903630143506,1089.1929831747282,232.0,3.0,True,5,word,a,0.0
684.0,739.5311737060547,1081.153392791748,0.31931072473526,0.7739271521568298,0.2888793647289276,0.7508009672164917,2.986785888671875,2.999176025390625,Fixation,742.3903630143506,1089.1929831747282,232.0,3.0,True,5,word,a,0.0
688.0,742.0038604736328,1099.3632316589355,0.3192346096038818,0.7865217328071594,0.2898452579975128,0.7634466886520386,2.9495849609375,2.990463256835937,Fixation,742.3903630143506,1089.1929831747282,232.0,3.0,True,5,word,a,0.0
692.0,735.6266784667968,1091.3145446777344,0.320728063583374,0.7814331650733948,0.2873541712760925,0.7578573226928711,2.964447021484375,2.98541259765625,Fixation,742.3903630143506,1089.1929831747282,232.0,3.0,True,5,word,a,0.0
696.0,745.811309814453,1086.3346481323242,0.3158322274684906,0.7755200862884521,0.2913325428962707,0.7543990612030029,2.9714813232421875,2.9910430908203125,Fixation,742.3903630143506,1089.1929831747282,232.0,3.0,True,5,word,a,0.0
700.0,738.4368896484375,1092.8049087524414,0.3179863691329956,0.7802587747573853,0.2884519100189209,0.758892297744751,2.96112060546875,2.969711303710937,Fixation,742.3903630143506,1089.1929831747282,232.0,3.0,True,5,word,a,0.0
704.0,743.8005828857421,1087.3258209228516,0.3156898319721222,0.7796556353569031,0.290547102689743,0.7550873756408691,2.949798583984375,2.9843292236328125,Fixation,742.3903630143506,1089.1929831747282,232.0,3.0,True,5,word,a,0.0
708.0,746.5404510498046,1090.0935173034668,0.3136097192764282,0.7888352870941162,0.2916173636913299,0.7570093870162964,2.94036865234375,2.9736480712890625,Fixation,742.3903630143506,1089.1929831747282,232.0,3.0,True,5,word,a,0.0
712.0,741.6388702392578,1082.7353382110596,0.313366025686264,0.7804401516914368,0.2897026836872101,0.7518995404243469,2.961181640625,2.989852905273437,Fixation,742.3903630143506,1089.1929831747282,232.0,3.0,True,5,word,a,0.0
716.0,756.3736724853514,1084.4305801391602,0.313104897737503,0.783988356590271,0.2954584658145904,0.7530767917633057,2.964141845703125,2.97503662109375,Fixation,742.3903630143506,1089.1929831747282,232.0,3.0,True,5,word,a,0.0
720.0,729.3247222900391,1085.557622909546,0.3098629117012024,0.7810623049736023,0.2848924696445465,0.7538594603538513,2.9467010498046875,2.9912261962890625,Fixation,742.3903630143506,1089.1929831747282,232.0,3.0,True,5,word,a,0.0
724.0,739.5347595214843,1086.901559829712,0.3146145343780517,0.7809889912605286,0.2888807654380798,0.7547927498817444,2.950057983398437,2.984848022460937,Fixation,742.3903630143506,1089.1929831747282,232.0,3.0,True,5,word,a,0.0
728.0,741.0568237304686,1095.54762840271,0.3175854682922363,0.7846290469169617,0.2894753217697143,0.7607969641685486,2.9646453857421875,2.985214233398437,Fixation,742.3903630143506,1089.1929831747282,232.0,3.0,True,5,word,a,0.0
732.0,739.61669921875,1094.3403339385986,0.3187386095523834,0.7803026437759399,0.2889127731323242,0.7599585652351379,2.959701538085937,2.9645538330078125,Fixation,742.3903630143506,1089.1929831747282,232.0,3.0,True,5,word,a,0.0
736.0,737.7401733398436,1089.8627185821533,0.3176029026508331,0.7752463221549988,0.2881797552108764,0.7568491101264954,2.9578857421875,2.974639892578125,Fixation,742.3903630143506,1089.1929831747282,232.0,3.0,True,5,word,a,0.0
740.0,747.2110748291016,1086.4705181121826,0.3155761659145355,0.778869092464447,0.2918793261051178,0.7544934153556824,2.936508178710937,2.979476928710937,Fixation,742.3903630143506,1089.1929831747282,232.0,3.0,True,5,word,a,0.0
744.0,742.9325103759764,1090.6388854980469,0.3155767023563385,0.7712263464927673,0.2902080118656158,0.7573881149291992,2.954742431640625,2.983551025390625,Fixation,742.3903630143506,1089.1929831747282,232.0,3.0,True,5,word,a,0.0
748.0,736.9735717773438,1088.4788703918457,0.318120390176773,0.7835568785667419,0.2878803014755249,0.7558881044387817,2.971771240234375,2.9758758544921875,Fixation,742.3903630143506,1089.1929831747282,232.0,3.0,True,5,word,a,0.0
752.0,732.2144317626952,1086.952886581421,0.3151133358478546,0.7859731912612915,0.2860212624073028,0.7548283934593201,2.971435546875,2.9768829345703125,Fixation,742.3903630143506,1089.1929831747282,232.0,3.0,True,5,word,a,0.0
756.0,737.8861999511719,1098.6741828918457,0.3168531954288482,0.7788769602775574,0.2882367968559265,0.7629681825637817,2.93408203125,2.971343994140625,Fixation,742.3903630143506,1089.1929831747282,232.0,3.0,True,5,word,a,0.0
760.0,732.9730224609375,1087.1677207946777,0.3122588396072387,0.7933582067489624,0.2863175868988037,0.7549775838851929,2.9550933837890625,2.9523162841796875,Fixation,742.3903630143506,1089.1929831747282,232.0,3.0,True,5,word,a,0.0
764.0,762.1592712402343,1083.7305450439453,0.3210240602493286,0.7771164178848267,0.2977184653282165,0.7525906562805176,2.938720703125,2.9747314453125,Fixation,742.3903630143506,1089.1929831747282,232.0,3.0,True,5,word,a,0.0
768.0,798.4443664550781,1079.6272373199463,0.3355599641799927,0.7688815593719482,0.3118923306465149,0.7497411370277405,2.9615020751953125,2.974105834960937,Fixation,742.3903630143506,1089.1929831747282,232.0,3.0,True,5,word,a,0.0
772.0,816.9262695312499,1068.8447570800781,0.3403773605823517,0.764133095741272,0.3191118240356445,0.742253303527832,2.943359375,2.977813720703125,Fixation,815.4407857259115,1069.660400390625,116.0,4.0,True,6,word,cheese,1.0
776.0,826.6487121582031,1069.2100524902344,0.3455618917942047,0.7722822427749634,0.3229096531867981,0.7425069808959961,2.963851928710937,2.9757232666015625,Fixation,815.4407857259115,1069.660400390625,116.0,4.0,True,6,word,cheese,1.0
780.0,812.2921752929688,1068.341875076294,0.3445509076118469,0.7670754194259644,0.3173016309738159,0.741904079914093,2.94879150390625,2.963623046875,Fixation,815.4407857259115,1069.660400390625,116.0,4.0,True,6,word,cheese,1.0
784.0,807.0511627197266,1069.267816543579,0.3405061662197113,0.7676483988761902,0.3152543604373932,0.7425470948219299,2.946258544921875,2.9581451416015625,Fixation,815.4407857259115,1069.660400390625,116.0,4.0,True,6,word,cheese,1.0
788.0,804.8002624511719,1071.8037700653076,0.3453125953674316,0.7776466608047485,0.314375102519989,0.7443081736564636,2.938583374023437,2.952987670898437,Fixation,815.4407857259115,1069.660400390625,116.0,4.0,True,6,word,cheese,1.0
792.0,802.0320129394531,1070.3079986572266,0.3410158455371856,0.7748997807502747,0.3132937550544739,0.7432694435119629,2.946136474609375,2.9520416259765625,Fixation,815.4407857259115,1069.660400390625,116.0,4.0,True,6,word,cheese,1.0
796.0,804.1961669921874,1065.5023384094238,0.341323047876358,0.7633259296417236,0.3141391277313232,0.7399321794509888,2.925521850585937,2.95367431640625,Fixation,815.4407857259115,1069.660400390625,116.0,4.0,True,6,word,cheese,1.0
800.0,804.2301940917968,1067.2188663482666,0.3486186861991882,0.7774290442466736,0.3141524195671081,0.7411242127418518,2.951446533203125,2.9637908935546875,Fixation,815.4407857259115,1069.660400390625,116.0,4.0,True,6,word,cheese,1.0
804.0,807.193374633789,1067.64235496521,0.3435845375061035,0.7757552862167358,0.3153099119663238,0.7414183020591736,2.95037841796875,2.965362548828125,Fixation,815.4407857259115,1069.660400390625,116.0,4.0,True,6,word,cheese,1.0
808.0,806.3977813720702,1074.067726135254,0.3422033786773681,0.7819868326187134,0.3149991333484649,0.7458803653717041,2.9423980712890625,2.941314697265625,Fixation,815.4407857259115,1069.660400390625,116.0,4.0,True,6,word,cheese,1.0
812.0,814.7617340087891,1080.232858657837,0.3452423810958862,0.7728415131568909,0.3182663023471832,0.7501617074012756,2.942138671875,2.9390869140625,Fixation,815.4407857259115,1069.660400390625,116.0,4.0,True,6,word,cheese,1.0
816.0,819.3842315673828,1076.0755634307861,0.3428428769111633,0.771476686000824,0.3200719654560089,0.7472746968269348,2.935165405273437,2.940780639648437,Fixation,815.4407857259115,1069.660400390625,116.0,4.0,True,6,word,cheese,1.0
820.0,815.0176239013671,1061.449499130249,0.3392407298088074,0.7786842584609985,0.3183662593364715,0.7371177077293396,2.9268341064453125,2.9456329345703125,Fixation,815.4407857259115,1069.660400390625,116.0,4.0,True,6,word,cheese,1.0
824.0,811.5494537353516,1071.8768119812012,0.3402603566646576,0.7693783640861511,0.3170115053653717,0.7443588972091675,2.938583374023437,2.93121337890625,Fixation,815.4407857259115,1069.660400390625,116.0,4.0,True,6,word,cheese,1.0
828.0,808.4066772460936,1063.9336109161377,0.3437098860740661,0.7732883095741272,0.3157838582992553,0.738842785358429,2.933456420898437,2.916732788085937,Fixation,815.4407857259115,1069.660400390625,116.0,4.0,True,6,word,cheese,1.0
832.0,817.5572204589843,1077.4842166900635,0.3445654213428497,0.7797248363494873,0.3193582892417907,0.7482529282569885,2.9452056884765625,2.940902709960937,Fixation,815.4407857259115,1069.660400390625,116.0,4.0,True,6,word,cheese,1.0
836.0,810.5194854736328,1062.2833442687988,0.3453660905361175,0.7791318297386169,0.3166091740131378,0.7376967668533325,2.92193603515625,2.931365966796875,Fixation,815.4407857259115,1069.660400390625,116.0,4.0,True,6,word,cheese,1.0
840.0,812.5497436523438,1070.7725143432617,0.3437541723251343,0.7719879150390625,0.3174022436141968,0.7435920238494873,2.9334716796875,2.929443359375,Fixation,815.4407857259115,1069.660400390625,116.0,4.0,True,6,word,cheese,1.0
844.0,813.5255432128906,1068.7203884124756,0.3400873839855194,0.7697071433067322,0.3177834153175354,0.7421669363975525,2.909820556640625,2.910614013671875,Fixation,815.4407857259115,1069.660400390625,116.0,4.0,True,6,word,cheese,1.0
848.0,814.6295928955077,1066.5092182159424,0.3423647582530975,0.7741029858589172,0.3182146847248077,0.7406314015388489,2.918731689453125,2.9239654541015625,Fixation,815.4407857259115,1069.660400390625,116.0,4.0,True,6,word,cheese,1.0
852.0,817.7053833007812,1067.9761505126953,0.343891441822052,0.7714592218399048,0.3194161653518677,0.7416501045227051,2.928802490234375,2.9247589111328125,Fixation,815.4407857259115,1069.660400390625,116.0,4.0,True,6,word,cheese,1.0
856.0,810.8880615234375,1057.3031044006348,0.3415965735912323,0.7724365592002869,0.3167531490325928,0.7342382669448853,2.923492431640625,2.9173126220703125,Fixation,815.4407857259115,1069.660400390625,116.0,4.0,True,6,word,cheese,1.0
860.0,810.6108093261719,1073.4656238555908,0.3404923379421234,0.7726227045059204,0.3166448473930359,0.7454622387886047,2.9185791015625,2.9295806884765625,Fixation,815.4407857259115,1069.660400390625,116.0,4.0,True,6,word,cheese,1.0
864.0,806.3641357421875,1071.932601928711,0.3330823183059692,0.7735714316368103,0.314985990524292,0.7443976402282715,2.9017486572265625,2.9157257080078125,Fixation,815.4407857259115,1069.660400390625,116.0,4.0,True,6,word,cheese,1.0
868.0,817.7731323242186,1071.2769412994385,0.3428221046924591,0.7694070339202881,0.3194426298141479,0.7439423203468323,2.9254913330078125,2.926971435546875,Fixation,815.4407857259115,1069.660400390625,116.0,4.0,True,6,word,cheese,1.0
872.0,817.9787445068359,1071.6733932495117,0.340281069278717,0.7742851972579956,0.3195229470729828,0.7442176342010498,2.911590576171875,2.9243621826171875,Fixation,815.4407857259115,1069.660400390625,116.0,4.0,True,6,word,cheese,1.0
876.0,828.3720397949218,1075.0286865234375,0.3401022851467132,0.7689177989959717,0.3235828280448913,0.7465476989746094,2.9126739501953125,2.918731689453125,Fixation,815.4407857259115,1069.660400390625,116.0,4.0,True,6,word,cheese,1.0
880.0,811.551055908203,1076.9588470458984,0.3392694294452667,0.7770600318908691,0.3170121312141418,0.7478880882263184,2.8953094482421875,2.905380249023437,Fixation,815.4407857259115,1069.660400390625,116.0,4.0,True,6,word,cheese,1.0
884.0,835.0108337402343,1065.7029247283936,0.341636061668396,0.7764737606048584,0.326176106929779,0.7400714755058289,2.9165191650390625,2.92376708984375,Fixation,815.4407857259115,1069.660400390625,116.0,4.0,True,6,word,cheese,1.0
888.0,877.2999572753905,1066.9481563568115,0.3614146411418915,0.768073320388794,0.3426952958106994,0.7409362196922302,2.9104461669921875,2.896148681640625,Fixation,815.4407857259115,1069.660400390625,116.0,4.0,True,6,word,cheese,1.0
892.0,932.9919433593749,1058.1743717193604,0.3802562952041626,0.7576219439506531,0.3644499778747558,0.7348433136940002,2.9098358154296875,2.9057159423828125,Fixation,974.7796630859375,1061.3110301369115,224.0,5.0,True,7,word,cake,2.0
896.0,990.1481628417969,1057.1897220611572,0.3978489637374878,0.7643125653266907,0.3867766261100769,0.734159529209137,2.9110260009765625,2.904205322265625,Fixation,974.7796630859375,1061.3110301369115,224.0,5.0,True,7,word,cake,2.0
900.0,995.5167388916014,1059.545602798462,0.4048953354358673,0.7703481912612915,0.3888737261295318,0.7357955574989319,2.9012603759765625,2.893051147460937,Fixation,974.7796630859375,1061.3110301369115,224.0,5.0,True,7,word,cake,2.0
904.0,977.8433227539061,1043.413381576538,0.3972093462944031,0.7661154866218567,0.3819700479507446,0.7245926260948181,2.90582275390625,2.892791748046875,Fixation,974.7796630859375,1061.3110301369115,224.0,5.0,True,7,word,cake,2.0
908.0,964.3509674072266,1049.3749237060547,0.3942157924175262,0.7583668828010559,0.3766995966434479,0.7287325859069824,2.9123687744140625,2.8953399658203125,Fixation,974.7796630859375,1061.3110301369115,224.0,5.0,True,7,word,cake,2.0
912.0,957.0103454589843,1052.982816696167,0.3995217084884643,0.7515905499458313,0.3738321661949157,0.731238067150116,2.906829833984375,2.8756866455078125,Fixation,974.7796630859375,1061.3110301369115,224.0,5.0,True,7,word,cake,2.0
916.0,968.5343170166016,1055.105152130127,0.3972252607345581,0.757256031036377,0.37833371758461,0.732711911201477,2.87255859375,2.8768463134765625,Fixation,974.7796630859375,1061.3110301369115,224.0,5.0,True,7,word,cake,2.0
920.0,980.1318359374999,1063.237009048462,0.4038560390472412,0.761195182800293,0.3828639984130859,0.7383590340614319,2.8926239013671875,2.8981475830078125,Fixation,974.7796630859375,1061.3110301369115,224.0,5.0,True,7,word,cake,2.0
924.0,967.8468322753905,1063.6386108398438,0.3945690393447876,0.7541924118995667,0.3780651688575744,0.7386379241943359,2.8780670166015625,2.8662109375,Fixation,974.7796630859375,1061.3110301369115,224.0,5.0,True,7,word,cake,2.0
928.0,975.2588653564452,1056.9428730010986,0.4063237309455871,0.767568826675415,0.3809604942798614,0.7339881062507629,2.8886871337890625,2.878692626953125,Fixation,974.7796630859375,1061.3110301369115,224.0,5.0,True,7,word,cake,2.0
932.0,973.1884002685547,1050.5671977996826,0.3985904157161712,0.7640735507011414,0.3801517188549042,0.7295605540275574,2.876571655273437,2.859481811523437,Fixation,974.7796630859375,1061.3110301369115,224.0,5.0,True,7,word,cake,2.0
936.0,970.3800201416016,1050.6844425201416,0.401811808347702,0.765961766242981,0.3790546953678131,0.7296419739723206,2.8770904541015625,2.872421264648437,Fixation,974.7796630859375,1061.3110301369115,224.0,5.0,True,7,word,cake,2.0
940.0,969.4158935546875,1063.166799545288,0.3938356339931488,0.7661710381507874,0.3786780834197998,0.7383102774620056,2.899765014648437,2.87579345703125,Fixation,974.7796630859375,1061.3110301369115,224.0,5.0,True,7,word,cake,2.0
944.0,978.0728149414062,1057.776803970337,0.3993008136749267,0.7661701440811157,0.3820596933364868,0.7345672249794006,2.8979949951171875,2.8752593994140625,Fixation,974.7796630859375,1061.3110301369115,224.0,5.0,True,7,word,cake,2.0
948.0,969.3981170654296,1065.6288528442383,0.398479551076889,0.7602225542068481,0.3786711394786834,0.7400200366973877,2.866073608398437,2.87164306640625,Fixation,974.7796630859375,1061.3110301369115,224.0,5.0,True,7,word,cake,2.0
952.0,960.1394653320312,1057.395544052124,0.40122190117836,0.7665116190910339,0.3750544786453247,0.7343024611473083,2.885360717773437,2.874237060546875,Fixation,974.7796630859375,1061.3110301369115,224.0,5.0,True,7,word,cake,2.0
956.0,975.4453277587891,1059.0751647949219,0.4028749763965606,0.7641109228134155,0.381033331155777,0.735468864440918,2.88427734375,2.869598388671875,Fixation,974.7796630859375,1061.3110301369115,224.0,5.0,True,7,word,cake,2.0
960.0,978.6697387695311,1062.6201438903809,0.4030404090881347,0.7612487077713013,0.3822928667068481,0.7379306554794312,2.885284423828125,2.885360717773437,Fixation,974.7796630859375,1061.3110301369115,224.0,5.0,True,7,word,cake,2.0
964.0,964.4105529785155,1054.0973281860352,0.4016309082508087,0.7676039934158325,0.3767228722572326,0.7320120334625244,2.873199462890625,2.87310791015625,Fixation,974.7796630859375,1061.3110301369115,224.0,5.0,True,7,word,cake,2.0
968.0,970.1603698730468,1055.425386428833,0.3985329568386078,0.7614919543266296,0.3789688944816589,0.732934296131134,2.883392333984375,2.8777313232421875,Fixation,974.7796630859375,1061.3110301369115,224.0,5.0,True,7,word,cake,2.0
972.0,970.5409240722655,1063.7141418457031,0.3974882960319519,0.7629546523094177,0.3791175484657287,0.7386903762817383,2.870635986328125,2.8552703857421875,Fixation,974.7796630859375,1061.3110301369115,224.0,5.0,True,7,word,cake,2.0
976.0,976.3101196289062,1057.5575065612793,0.3971510827541351,0.7590275406837463,0.3813711404800415,0.7344149351119995,2.85589599609375,2.874237060546875,Fixation,974.7796630859375,1061.3110301369115,224.0,5.0,True,7,word,cake,2.0
980.0,965.7968139648438,1059.8461818695068,0.3999944031238556,0.7568949460983276,0.3772643804550171,0.7360042929649353,2.8735504150390625,2.8560943603515625,Fixation,974.7796630859375,1061.3110301369115,224.0,5.0,True,7,word,cake,2.0
984.0,977.6426696777344,1055.8655261993408,0.4042673408985138,0.7605700492858887,0.381891667842865,0.7332399487495422,2.8701171875,2.8721466064453125,Fixation,974.7796630859375,1061.3110301369115,224.0,5.0,True,7,word,cake,2.0
988.0,977.037124633789,1066.5770244598389,0.4020789265632629,0.7613120675086975,0.3816551268100738,0.7406784892082214,2.87115478515625,2.8611602783203125,Fixation,974.7796630859375,1061.3110301369115,224.0,5.0,True,7,word,cake,2.0
992.0,973.4590911865234,1063.8950729370117,0.400210291147232,0.76577228307724,0.3802574574947357,0.7388160228729248,2.892425537109375,2.8671417236328125,Fixation,974.7796630859375,1061.3110301369115,224.0,5.0,True,7,word,cake,2.0
996.0,967.7276611328125,1051.7696857452393,0.3979879915714264,0.7606520652770996,0.3780186176300049,0.7303956151008606,2.8559112548828125,2.860702514648437,Fixation,974.7796630859375,1061.3110301369115,224.0,5.0,True,7,word,cake,2.0
1000.0,969.383544921875,1070.5087566375732,0.394974797964096,0.7565189003944397,0.3786654472351074,0.7434088587760925,2.863510131835937,2.858016967773437,Fixation,974.7796630859375,1061.3110301369115,224.0,5.0,True,7,word,cake,2.0
1004.0,963.5208892822264,1056.9555759429932,0.3986256718635559,0.7637736797332764,0.3763753473758697,0.7339969277381897,2.868194580078125,2.84527587890625,Fixation,974.7796630859375,1061.3110301369115,224.0,5.0,True,7,word,cake,2.0
1008.0,969.6714782714844,1052.2412395477295,0.3963900804519653,0.763529896736145,0.3787779211997986,0.7307230830192566,2.836578369140625,2.8588409423828125,Fixation,974.7796630859375,1061.3110301369115,224.0,5.0,True,7,word,cake,2.0
1012.0,976.0740661621094,1057.556562423706,0.4022698104381561,0.7634129524230957,0.381278932094574,0.734414279460907,2.8731842041015625,2.8594207763671875,Fixation,974.7796630859375,1061.3110301369115,224.0,5.0,True,7,word,cake,2.0
1016.0,973.5404205322266,1055.4264163970947,0.3980741202831268,0.764593780040741,0.380289226770401,0.7329350113868713,2.875595092773437,2.8536376953125,Fixation,974.7796630859375,1061.3110301369115,224.0,5.0,True,7,word,cake,2.0
1020.0,971.6655731201172,1068.7615871429443,0.396039217710495,0.7649639248847961,0.3795568645000458,0.7421955466270447,2.8403472900390625,2.838409423828125,Fixation,974.7796630859375,1061.3110301369115,224.0,5.0,True,7,word,cake,2.0
1024.0,966.1871337890624,1070.5198287963867,0.4017735719680786,0.766808271408081,0.3774168491363525,0.7434165477752686,2.8666229248046875,2.8472442626953125,Fixation,974.7796630859375,1061.3110301369115,224.0,5.0,True,7,word,cake,2.0
1028.0,980.5873870849608,1064.4496250152588,0.3960639536380768,0.7656848430633545,0.3830419480800628,0.7392011284828186,2.86346435546875,2.855621337890625,Fixation,974.7796630859375,1061.3110301369115,224.0,5.0,True,7,word,cake,2.0
1032.0,973.305206298828,1052.334966659546,0.3985016942024231,0.7624534368515015,0.3801973462104797,0.7307881712913513,2.8663330078125,2.858123779296875,Fixation,974.7796630859375,1061.3110301369115,224.0,5.0,True,7,word,cake,2.0
1036.0,969.9170684814453,1060.581922531128,0.4033831655979156,0.763507604598999,0.3788738548755646,0.73651522397995,2.8592681884765625,2.860321044921875,Fixation,974.7796630859375,1061.3110301369115,224.0,5.0,True,7,word,cake,2.0
1040.0,972.3915100097656,1073.8646507263184,0.4022119343280792,0.7646636962890625,0.3798404335975647,0.7457393407821655,2.8571319580078125,2.8429107666015625,Fixation,974.7796630859375,1061.3110301369115,224.0,5.0,True,7,word,cake,2.0
1044.0,978.6856079101562,1072.247428894043,0.3979249894618988,0.7589278221130371,0.3822990655899048,0.7446162700653076,2.8382110595703125,2.8520965576171875,Fixation,974.7796630859375,1061.3110301369115,224.0,5.0,True,7,word,cake,2.0
1048.0,973.9447784423828,1059.616756439209,0.3984962403774261,0.7573757767677307,0.3804471790790558,0.7358449697494507,2.859725952148437,2.858917236328125,Fixation,974.7796630859375,1061.3110301369115,224.0,5.0,True,7,word,cake,2.0
1052.0,977.4131011962891,1062.6736164093018,0.4011499881744385,0.7692633271217346,0.3818019926548004,0.7379677891731262,2.8599395751953125,2.838653564453125,Fixation,974.7796630859375,1061.3110301369115,224.0,5.0,True,7,word,cake,2.0
1056.0,973.0677032470702,1063.7264156341553,0.4001020491123199,0.7559733986854553,0.3801045715808868,0.7386988997459412,2.851165771484375,2.85406494140625,Fixation,974.7796630859375,1061.3110301369115,224.0,5.0,True,7,word,cake,2.0
1060.0,976.7391967773438,1074.5519828796387,0.3983234167098999,0.7631235122680664,0.3815387487411499,0.7462166547775269,2.857528686523437,2.841461181640625,Fixation,974.7796630859375,1061.3110301369115,224.0,5.0,True,7,word,cake,2.0
1064.0,979.8674774169922,1067.540044784546,0.3948276042938232,0.7622020840644836,0.3827607333660126,0.7413472533226013,2.8485260009765625,2.834930419921875,Fixation,974.7796630859375,1061.3110301369115,224.0,5.0,True,7,word,cake,2.0
1068.0,963.5690307617188,1061.2220478057861,0.3979098498821258,0.7675821185112,0.3763941526412964,0.7369597554206848,2.8521270751953125,2.8530731201171875,Fixation,974.7796630859375,1061.3110301369115,224.0,5.0,True,7,word,cake,2.0
1072.0,991.1465454101562,1070.9949016571045,0.4027940928936004,0.7738878130912781,0.3871666193008423,0.7437464594841003,2.86944580078125,2.8625946044921875,Fixation,974.7796630859375,1061.3110301369115,224.0,5.0,True,7,word,cake,2.0
1076.0,980.9432983398436,1067.160758972168,0.4020856916904449,0.7648563385009766,0.3831809759140014,0.7410838603973389,2.851776123046875,2.849716186523437,Fixation,974.7796630859375,1061.3110301369115,224.0,5.0,True,7,word,cake,2.0
1080.0,988.6709594726561,1070.2851676940918,0.4037883281707763,0.7619884014129639,0.3861995935440063,0.7432535886764526,2.8582916259765625,2.8514556884765625,Fixation,974.7796630859375,1061.3110301369115,224.0,5.0,True,7,word,cake,2.0
1084.0,978.4597015380859,1057.6677131652832,0.4039213061332702,0.7727254033088684,0.3822108209133148,0.7344914674758911,2.852386474609375,2.850433349609375,Fixation,974.7796630859375,1061.3110301369115,224.0,5.0,True,7,word,cake,2.0
1088.0,978.3367156982421,1064.6533870697021,0.3970934152603149,0.7681794166564941,0.3821627795696258,0.7393426299095154,2.8462677001953125,2.847625732421875,Fixation,974.7796630859375,1061.3110301369115,224.0,5.0,True,7,word,cake,2.0
1092.0,974.3581390380859,1066.431884765625,0.399673730134964,0.7658692002296448,0.3806086480617523,0.7405776977539062,2.865020751953125,2.84320068359375,Fixation,974.7796630859375,1061.3110301369115,224.0,5.0,True,7,word,cake,2.0
1096.0,991.8271636962891,1069.0109252929688,0.4005585014820099,0.7608610391616821,0.3874324858188629,0.7423686981201172,2.851806640625,2.854598999023437,Fixation,974.7796630859375,1061.3110301369115,224.0,5.0,True,7,word,cake,2.0
1100.0,978.1797790527343,1070.5152797698975,0.3991452753543854,0.7604572176933289,0.3821014761924743,0.7434133887290955,2.853012084960937,2.86260986328125,Fixation,974.7796630859375,1061.3110301369115,224.0,5.0,True,7,word,cake,2.0
1104.0,984.1061401367186,1055.9848308563232,0.4000944197177887,0.7617509365081787,0.3844164609909057,0.73332279920578,2.840194702148437,2.8422088623046875,Fixation,974.7796630859375,1061.3110301369115,224.0,5.0,True,7,word,cake,2.0
1108.0,977.3976898193359,1074.7862148284912,0.4057812988758087,0.7713523507118225,0.3817959725856781,0.7463793158531189,2.8550262451171875,2.849594116210937,Fixation,974.7796630859375,1061.3110301369115,224.0,5.0,True,7,word,cake,2.0
1112.0,983.3358001708984,1068.3009338378906,0.4002217352390289,0.7657599449157715,0.3841155469417572,0.7418756484985352,2.8457794189453125,2.833114624023437,Fixation,974.7796630859375,1061.3110301369115,224.0,5.0,True,7,word,cake,2.0
1116.0,1018.719253540039,1058.890027999878,0.4145391285419464,0.7569880485534668,0.3979372084140777,0.7353402972221375,2.845458984375,2.829833984375,Fixation,974.7796630859375,1061.3110301369115,224.0,5.0,True,7,word,cake,2.0
1120.0,1062.0651245117185,1063.7278747558594,0.431928426027298,0.7612571120262146,0.4148691892623901,0.7386999130249023,2.8370361328125,2.829376220703125,Fixation,1108.5270013480351,1068.9429910429592,460.0,6.0,True,8,word,cut,3.0
1124.0,1102.6457977294922,1062.676019668579,0.4454987347126007,0.7607330679893494,0.4307210147380829,0.7379694581031799,2.82586669921875,2.833358764648437,Fixation,1108.5270013480351,1068.9429910429592,460.0,6.0,True,8,word,cut,3.0
1128.0,1098.1662750244138,1062.8864765167236,0.4412882328033447,0.7591446042060852,0.4289712011814117,0.7381156086921692,2.825958251953125,2.843734741210937,Fixation,1108.5270013480351,1068.9429910429592,460.0,6.0,True,8,word,cut,3.0
1132.0,1092.8515625,1062.092628479004,0.4416188597679138,0.7630398869514465,0.4268951416015625,0.7375643253326416,2.814849853515625,2.82879638671875,Fixation,1108.5270013480351,1068.9429910429592,460.0,6.0,True,8,word,cut,3.0
1136.0,1091.7079162597654,1057.6011943817139,0.4390555322170257,0.758783221244812,0.4264484047889709,0.7344452738761902,2.83966064453125,2.83331298828125,Fixation,1108.5270013480351,1068.9429910429592,460.0,6.0,True,8,word,cut,3.0
1140.0,1081.1483001708984,1058.7185382843018,0.4477955996990204,0.7575734257698059,0.4223235547542572,0.7352212071418762,2.81964111328125,2.8262481689453125,Fixation,1108.5270013480351,1068.9429910429592,460.0,6.0,True,8,word,cut,3.0
1144.0,1091.3219451904297,1056.1188125610352,0.4460771083831787,0.7563467621803284,0.4262976348400116,0.7334158420562744,2.8488006591796875,2.82318115234375,Fixation,1108.5270013480351,1068.9429910429592,460.0,6.0,True,8,word,cut,3.0
1148.0,1100.9178924560545,1070.8555126190186,0.4426341652870178,0.7516537308692932,0.4300460517406463,0.7436496615409851,2.8192291259765625,2.8486785888671875,Fixation,1108.5270013480351,1068.9429910429592,460.0,6.0,True,8,word,cut,3.0
1152.0,1094.5848846435545,1061.843204498291,0.4461216926574707,0.7565194368362427,0.4275722205638885,0.7373911142349243,2.841949462890625,2.848419189453125,Fixation,1108.5270013480351,1068.9429910429592,460.0,6.0,True,8,word,cut,3.0
1156.0,1089.1168212890623,1061.6673374176025,0.4408287703990936,0.7564838528633118,0.42543625831604,0.7372689843177795,2.842864990234375,2.824081420898437,Fixation,1108.5270013480351,1068.9429910429592,460.0,6.0,True,8,word,cut,3.0
1160.0,1092.2515106201172,1053.5275840759277,0.4429629743099212,0.7637045979499817,0.4266607463359833,0.7316163778305054,2.8416290283203125,2.832992553710937,Fixation,1108.5270013480351,1068.9429910429592,460.0,6.0,True,8,word,cut,3.0
1164.0,1097.9483795166016,1059.979305267334,0.4432288706302643,0.7654297351837158,0.4288860857486725,0.7360967397689819,2.8568572998046875,2.8329010009765625,Fixation,1108.5270013480351,1068.9429910429592,460.0,6.0,True,8,word,cut,3.0
1168.0,1098.6145019531248,1068.0591487884521,0.4452528655529022,0.7587109208106995,0.4291462898254394,0.7417077422142029,2.8520660400390625,2.835067749023437,Fixation,1108.5270013480351,1068.9429910429592,460.0,6.0,True,8,word,cut,3.0
1172.0,1080.929718017578,1066.1355113983154,0.4440563023090362,0.7600827813148499,0.4222381711006164,0.7403718829154968,2.85186767578125,2.8270721435546875,Fixation,1108.5270013480351,1068.9429910429592,460.0,6.0,True,8,word,cut,3.0
1176.0,1090.0120544433591,1066.0374927520752,0.4437591731548309,0.7606967687606812,0.4257859587669372,0.7403038144111633,2.83819580078125,2.8555450439453125,Fixation,1108.5270013480351,1068.9429910429592,460.0,6.0,True,8,word,cut,3.0
1180.0,1097.312316894531,1059.4616603851318,0.4424938261508941,0.7592968940734863,0.4286376237869262,0.7357372641563416,2.85595703125,2.8528289794921875,Fixation,1108.5270013480351,1068.9429910429592,460.0,6.0,True,8,word,cut,3.0
1184.0,1096.6403961181638,1051.0002994537354,0.4452624320983886,0.7583249807357788,0.4283751547336578,0.729861319065094,2.8533172607421875,2.8470611572265625,Fixation,1108.5270013480351,1068.9429910429592,460.0,6.0,True,8,word,cut,3.0
1188.0,1088.77571105957,1061.808099746704,0.4388813972473144,0.7608274221420288,0.4253030121326446,0.7373667359352112,2.8603515625,2.843368530273437,Fixation,1108.5270013480351,1068.9429910429592,460.0,6.0,True,8,word,cut,3.0
1192.0,1099.884338378906,1060.8804416656494,0.4473916292190552,0.760728120803833,0.4296423196792602,0.7367225289344788,2.8548736572265625,2.8416900634765625,Fixation,1108.5270013480351,1068.9429910429592,460.0,6.0,True,8,word,cut,3.0
1196.0,1093.1563568115232,1071.730899810791,0.4449769556522369,0.757544994354248,0.4270142018795013,0.7442575693130493,2.84271240234375,2.84991455078125,Fixation,1108.5270013480351,1068.9429910429592,460.0,6.0,True,8,word,cut,3.0
1200.0,1098.9356994628904,1062.123098373413,0.444080501794815,0.7625117897987366,0.4292717576026916,0.7375854849815369,2.8574981689453125,2.842514038085937,Fixation,1108.5270013480351,1068.9429910429592,460.0,6.0,True,8,word,cut,3.0
1204.0,1104.7067260742188,1062.8916263580322,0.4477341175079345,0.7599517107009888,0.4315260648727417,0.7381191849708557,2.8706512451171875,2.83294677734375,Fixation,1108.5270013480351,1068.9429910429592,460.0,6.0,True,8,word,cut,3.0
1208.0,1094.53125,1058.656826019287,0.4467697441577911,0.7678097486495972,0.42755126953125,0.7351783514022827,2.856536865234375,2.841949462890625,Fixation,1108.5270013480351,1068.9429910429592,460.0,6.0,True,8,word,cut,3.0
1212.0,1103.5496520996094,1058.1935119628906,0.4463116824626922,0.7575809359550476,0.4310740828514099,0.7348566055297852,2.8426971435546875,2.8300933837890625,Fixation,1108.5270013480351,1068.9429910429592,460.0,6.0,True,8,word,cut,3.0
1216.0,1093.299789428711,1069.2772579193115,0.440613329410553,0.7631238698959351,0.4270702302455902,0.7425536513328552,2.837066650390625,2.8567047119140625,Fixation,1108.5270013480351,1068.9429910429592,460.0,6.0,True,8,word,cut,3.0
1220.0,1102.908706665039,1063.9953231811523,0.4443924725055694,0.762911319732666,0.4308237135410309,0.7388856410980225,2.848861694335937,2.857208251953125,Fixation,1108.5270013480351,1068.9429910429592,460.0,6.0,True,8,word,cut,3.0
1224.0,1087.7264404296875,1066.8042182922363,0.4420802891254425,0.7611429691314697,0.4248931407928467,0.7408362627029419,2.8548736572265625,2.8336181640625,Fixation,1108.5270013480351,1068.9429910429592,460.0,6.0,True,8,word,cut,3.0
1228.0,1100.6745910644531,1059.866008758545,0.4421011507511139,0.7651417851448059,0.429951012134552,0.7360180616378784,2.845733642578125,2.8538360595703125,Fixation,1108.5270013480351,1068.9429910429592,460.0,6.0,True,8,word,cut,3.0
1232.0,1099.6053314208982,1061.2349224090576,0.4425599873065948,0.7613344192504883,0.4295333325862884,0.7369686961174011,2.8672332763671875,2.835601806640625,Fixation,1108.5270013480351,1068.9429910429592,460.0,6.0,True,8,word,cut,3.0
1236.0,1103.5773468017576,1068.5346508026123,0.4405680298805237,0.755703330039978,0.4310849010944366,0.7420379519462585,2.8700103759765625,2.8601837158203125,Fixation,1108.5270013480351,1068.9429910429592,460.0,6.0,True,8,word,cut,3.0
1240.0,1099.6576690673828,1056.2279033660889,0.4403175711631775,0.7635063529014587,0.4295537769794464,0.7334915995597839,2.881332397460937,2.8531036376953125,Fixation,1108.5270013480351,1068.9429910429592,460.0,6.0,True,8,word,cut,3.0
1244.0,1090.3533172607422,1067.6230430603027,0.4435555338859558,0.7582156658172607,0.4259192645549774,0.7414048910140991,2.8487548828125,2.8633575439453125,Fixation,1108.5270013480351,1068.9429910429592,460.0,6.0,True,8,word,cut,3.0
1248.0,1086.8692779541016,1067.5661373138428,0.4412426948547363,0.7596028447151184,0.4245583117008209,0.741365373134613,2.8780517578125,2.854217529296875,Fixation,1108.5270013480351,1068.9429910429592,460.0,6.0,True,8,word,cut,3.0
1252.0,1098.6836242675781,1070.1512718200684,0.4422709047794342,0.7632014751434326,0.4291732907295227,0.743160605430603,2.8739776611328125,2.8325958251953125,Fixation,1108.5270013480351,1068.9429910429592,460.0,6.0,True,8,word,cut,3.0
1256.0,1095.2604675292969,1063.9746379852295,0.434156984090805,0.7612274885177612,0.4278361201286316,0.7388712763786316,2.857650756835937,2.8489990234375,Fixation,1108.5270013480351,1068.9429910429592,460.0,6.0,True,8,word,cut,3.0
1260.0,1095.8556365966797,1063.132381439209,0.4479454457759857,0.7634596228599548,0.428068608045578,0.7382863759994507,2.907928466796875,2.8563232421875,Fixation,1108.5270013480351,1068.9429910429592,460.0,6.0,True,8,word,cut,3.0
1264.0,1091.7257690429685,1069.5724296569824,0.4432286322116852,0.7611291408538818,0.4264553785324096,0.7427586317062378,2.875579833984375,2.8671417236328125,Fixation,1108.5270013480351,1068.9429910429592,460.0,6.0,True,8,word,cut,3.0
1268.0,1099.7663116455078,1069.178810119629,0.4388664364814758,0.7569119930267334,0.4295962154865265,0.7424852848052979,2.839813232421875,2.861923217773437,Fixation,1108.5270013480351,1068.9429910429592,460.0,6.0,True,8,word,cut,3.0
1272.0,1101.7636871337888,1072.271203994751,0.4529633522033691,0.7645595073699951,0.4303764402866363,0.7446327805519104,2.896240234375,2.85382080078125,Fixation,1108.5270013480351,1068.9429910429592,460.0,6.0,True,8,word,cut,3.0
1276.0,1100.5775451660154,1074.6941184997559,0.4457585215568542,0.7600943446159363,0.4299131035804748,0.7463153600692749,2.848480224609375,2.8528594970703125,Fixation,1108.5270013480351,1068.9429910429592,460.0,6.0,True,8,word,cut,3.0
1280.0,1096.2487030029297,1065.6634426116943,0.4454824328422546,0.7612826824188232,0.4282221496105194,0.7400440573692322,2.8894500732421875,2.8572235107421875,Fixation,1108.5270013480351,1068.9429910429592,460.0,6.0,True,8,word,cut,3.0
1284.0,1098.3304595947263,1064.3293762207031,0.4456943869590759,0.761134922504425,0.42903533577919,0.7391176223754883,2.889633178710937,2.865829467773437,Fixation,1108.5270013480351,1068.9429910429592,460.0,6.0,True,8,word,cut,3.0
1288.0,1091.9415283203123,1069.598093032837,0.4449490010738373,0.7586639523506165,0.426539659500122,0.7427764534950256,2.901214599609375,2.86614990234375,Fixation,1108.5270013480351,1068.9429910429592,460.0,6.0,True,8,word,cut,3.0
1292.0,1090.6057739257812,1066.8777751922607,0.4434985518455505,0.7687433958053589,0.4260178804397583,0.7408873438835144,2.89361572265625,2.856414794921875,Fixation,1108.5270013480351,1068.9429910429592,460.0,6.0,True,8,word,cut,3.0
1296.0,1089.1223144531248,1071.0580730438232,0.4427070319652557,0.7673922181129456,0.4254384040832519,0.743790328502655,2.90008544921875,2.86865234375,Fixation,1108.5270013480351,1068.9429910429592,460.0,6.0,True,8,word,cut,3.0
1300.0,1095.4399108886716,1065.0765323638916,0.4408079981803894,0.7642045617103577,0.4279062151908874,0.7396364808082581,2.902557373046875,2.869964599609375,Fixation,1108.5270013480351,1068.9429910429592,460.0,6.0,True,8,word,cut,3.0
1304.0,1082.797927856445,1058.7848854064941,0.4414869248867035,0.7629885673522949,0.4229679405689239,0.7352672815322876,2.8995361328125,2.8636474609375,Fixation,1108.5270013480351,1068.9429910429592,460.0,6.0,True,8,word,cut,3.0
1308.0,1103.6208343505857,1070.0935077667236,0.4475317001342773,0.7655854821205139,0.4311018884181976,0.7431204915046692,2.907623291015625,2.8756866455078125,Fixation,1108.5270013480351,1068.9429910429592,460.0,6.0,True,8,word,cut,3.0
1312.0,1093.193359375,1070.8963680267334,0.4458438456058502,0.7667860388755798,0.4270286560058594,0.7436780333518982,2.9092559814453125,2.877182006835937,Fixation,1108.5270013480351,1068.9429910429592,460.0,6.0,True,8,word,cut,3.0
1316.0,1094.9867248535154,1074.8834609985352,0.4447795450687408,0.752704381942749,0.4277291893959045,0.7464468479156494,2.8795623779296875,2.869415283203125,Fixation,1108.5270013480351,1068.9429910429592,460.0,6.0,True,8,word,cut,3.0
1320.0,1099.301986694336,1067.7371978759766,0.442893236875534,0.7683030962944031,0.429414838552475,0.7414841651916504,2.917953491210937,2.878768920898437,Fixation,1108.5270013480351,1068.9429910429592,460.0,6.0,True,8,word,cut,3.0
1324.0,1103.2633209228516,1071.5058517456055,0.4497313499450683,0.7645276784896851,0.4309622347354889,0.7441012859344482,2.927093505859375,2.8850555419921875,Fixation,1108.5270013480351,1068.9429910429592,460.0,6.0,True,8,word,cut,3.0
1328.0,1097.9297637939453,1067.1477127075195,0.4466245472431183,0.7617729902267456,0.4288788139820099,0.741074800491333,2.91119384765625,2.881805419921875,Fixation,1108.5270013480351,1068.9429910429592,460.0,6.0,True,8,word,cut,3.0
1332.0,1086.8431854248045,1067.9104900360107,0.448640763759613,0.7626044154167175,0.4245481193065643,0.7416045069694519,2.930999755859375,2.8730926513671875,Fixation,1108.5270013480351,1068.9429910429592,460.0,6.0,True,8,word,cut,3.0
1336.0,1098.2186889648438,1067.1893405914307,0.4505211412906647,0.7662973403930664,0.4289916753768921,0.7411037087440491,2.9337310791015625,2.900009155273437,Fixation,1108.5270013480351,1068.9429910429592,460.0,6.0,True,8,word,cut,3.0
1340.0,1095.7139587402341,1071.8400764465332,0.442095398902893,0.7603365778923035,0.428013265132904,0.7443333864212036,2.9110107421875,2.8991851806640625,Fixation,1108.5270013480351,1068.9429910429592,460.0,6.0,True,8,word,cut,3.0
1344.0,1105.49934387207,1077.3082637786865,0.4499928951263428,0.76860511302948,0.4318356812000274,0.748130738735199,2.9266510009765625,2.897933959960937,Fixation,1108.5270013480351,1068.9429910429592,460.0,6.0,True,8,word,cut,3.0
1348.0,1102.3265838623045,1059.2439079284668,0.4450732171535492,0.7675144672393799,0.4305963218212127,0.7355860471725464,2.9300994873046875,2.893051147460937,Fixation,1108.5270013480351,1068.9429910429592,460.0,6.0,True,8,word,cut,3.0
1352.0,1104.3505859374998,1071.028118133545,0.4451358616352081,0.7626779675483704,0.4313869476318359,0.7437695264816284,2.9225006103515625,2.90594482421875,Fixation,1108.5270013480351,1068.9429910429592,460.0,6.0,True,8,word,cut,3.0
1356.0,1111.1888122558591,1068.3716583251953,0.4408071935176849,0.7683079242706299,0.434058129787445,0.7419247627258301,2.914276123046875,2.9027557373046875,Fixation,1108.5270013480351,1068.9429910429592,460.0,6.0,True,8,word,cut,3.0
1360.0,1096.513748168945,1069.0013980865479,0.4441618323326111,0.7566765546798706,0.4283256828784942,0.7423620820045471,2.917144775390625,2.914779663085937,Fixation,1108.5270013480351,1068.9429910429592,460.0,6.0,True,8,word,cut,3.0
1364.0,1110.1883697509766,1071.9990348815918,0.4402888119220733,0.7566101551055908,0.4336673319339752,0.7444437742233276,2.918487548828125,2.8941802978515625,Fixation,1108.5270013480351,1068.9429910429592,460.0,6.0,True,8,word,cut,3.0
1368.0,1089.4039154052732,1066.839838027954,0.4421860873699188,0.7604564428329468,0.4255484044551849,0.7408609986305237,2.9410552978515625,2.895782470703125,Fixation,1108.5270013480351,1068.9429910429592,460.0,6.0,True,8,word,cut,3.0
1372.0,1108.2353973388672,1074.0128803253174,0.4418061375617981,0.7628999948501587,0.432904452085495,0.7458422780036926,2.940170288085937,2.8984527587890625,Fixation,1108.5270013480351,1068.9429910429592,460.0,6.0,True,8,word,cut,3.0
1376.0,1114.8360443115232,1080.5787563323975,0.4389269948005676,0.7616568207740784,0.4354828298091888,0.7504019141197205,2.930892944335937,2.9091033935546875,Fixation,1108.5270013480351,1068.9429910429592,460.0,6.0,True,8,word,cut,3.0
1380.0,1112.472152709961,1075.665636062622,0.4457525610923767,0.7619752883911133,0.4345594346523285,0.7469900250434875,2.926605224609375,2.8930206298828125,Fixation,1108.5270013480351,1068.9429910429592,460.0,6.0,True,8,word,cut,3.0
1384.0,1095.928726196289,1060.048656463623,0.4412733912467956,0.7635360360145569,0.4280971586704254,0.7361449003219604,2.91748046875,2.9160308837890625,Fixation,1108.5270013480351,1068.9429910429592,460.0,6.0,True,8,word,cut,3.0
1388.0,1097.6972198486328,1062.275104522705,0.441792368888855,0.7615868449211121,0.4287879765033722,0.7376910448074341,2.932861328125,2.90692138671875,Fixation,1108.5270013480351,1068.9429910429592,460.0,6.0,True,8,word,cut,3.0
1392.0,1097.961196899414,1070.0193500518799,0.4454202651977539,0.7608320116996765,0.4288910925388336,0.7430689930915833,2.9454498291015625,2.915390014648437,Fixation,1108.5270013480351,1068.9429910429592,460.0,6.0,True,8,word,cut,3.0
1396.0,1099.1295623779297,1059.5763301849365,0.4463688731193542,0.7618246078491211,0.4293474853038788,0.7358168959617615,2.9337310791015625,2.9193878173828125,Fixation,1108.5270013480351,1068.9429910429592,460.0,6.0,True,8,word,cut,3.0
1400.0,1100.9318542480469,1068.8614082336426,0.4493777751922607,0.7623602151870728,0.4300515055656433,0.7422648668289185,2.946624755859375,2.927947998046875,Fixation,1108.5270013480351,1068.9429910429592,460.0,6.0,True,8,word,cut,3.0
1404.0,1101.450424194336,1069.182415008545,0.4441255927085876,0.7599127888679504,0.4302540719509125,0.7424877882003784,2.9396514892578125,2.916015625,Fixation,1108.5270013480351,1068.9429910429592,460.0,6.0,True,8,word,cut,3.0
1408.0,1096.3143920898438,1064.6795654296875,0.4441288113594055,0.7662709951400757,0.4282478094100952,0.7393608093261719,2.944793701171875,2.919052124023437,Fixation,1108.5270013480351,1068.9429910429592,460.0,6.0,True,8,word,cut,3.0
1412.0,1098.410873413086,1052.4839687347412,0.4462045431137085,0.7725047469139099,0.4290667474269867,0.7308916449546814,2.9682769775390625,2.92620849609375,Fixation,1108.5270013480351,1068.9429910429592,460.0,6.0,True,8,word,cut,3.0
1416.0,1104.87548828125,1062.5200653076172,0.4461891055107116,0.7614213228225708,0.4315919876098633,0.737861156463623,2.9422760009765625,2.9198760986328125,Fixation,1108.5270013480351,1068.9429910429592,460.0,6.0,True,8,word,cut,3.0
1420.0,1101.1400604248045,1063.8865756988525,0.4479452073574066,0.7715902924537659,0.4301328361034393,0.738810122013092,2.9604949951171875,2.924896240234375,Fixation,1108.5270013480351,1068.9429910429592,460.0,6.0,True,8,word,cut,3.0
1424.0,1102.8466033935547,1071.386890411377,0.4447374939918518,0.764443039894104,0.4307994544506073,0.7440186738967896,2.9711151123046875,2.9222869873046875,Fixation,1108.5270013480351,1068.9429910429592,460.0,6.0,True,8,word,cut,3.0
1428.0,1114.71809387207,1074.629316329956,0.4506038427352905,0.7717853784561157,0.4354367554187774,0.7462703585624695,2.9614410400390625,2.9291534423828125,Fixation,1108.5270013480351,1068.9429910429592,460.0,6.0,True,8,word,cut,3.0
1432.0,1140.2111053466795,1068.4473609924316,0.4477547407150268,0.7614187598228455,0.4453949630260467,0.741977334022522,2.964202880859375,2.9296875,Fixation,1108.5270013480351,1068.9429910429592,460.0,6.0,True,8,word,cut,3.0
1436.0,1141.2062072753904,1070.7580947875977,0.4584407210350036,0.770625114440918,0.4457836747169494,0.743582010269165,2.96612548828125,2.928070068359375,Fixation,1108.5270013480351,1068.9429910429592,460.0,6.0,True,8,word,cut,3.0
1440.0,1137.4474334716797,1071.2483596801758,0.4563928246498108,0.7760589718818665,0.4443154036998749,0.7439224720001221,2.9590301513671875,2.9467926025390625,Fixation,1108.5270013480351,1068.9429910429592,460.0,6.0,True,8,word,cut,3.0
1444.0,1133.851089477539,1068.4506225585938,0.4515384435653686,0.7689614295959473,0.4429105818271637,0.7419795989990234,2.9454498291015625,2.92852783203125,Fixation,1108.5270013480351,1068.9429910429592,460.0,6.0,True,8,word,cut,3.0
1448.0,1132.618408203125,1067.8284358978271,0.4536666870117187,0.7663264274597168,0.4424290657043457,0.7415475249290466,2.97821044921875,2.934295654296875,Fixation,1108.5270013480351,1068.9429910429592,460.0,6.0,True,8,word,cut,3.0
1452.0,1124.4390106201172,1061.4935302734375,0.4510032534599304,0.7732133865356445,0.4392339885234833,0.7371482849121094,2.9674835205078125,2.9278106689453125,Fixation,1108.5270013480351,1068.9429910429592,460.0,6.0,True,8,word,cut,3.0
1456.0,1143.6117553710938,1069.5622158050537,0.4551908075809479,0.7723532915115356,0.4467233419418335,0.7427515387535095,2.9859619140625,2.92413330078125,Fixation,1108.5270013480351,1068.9429910429592,460.0,6.0,True,8,word,cut,3.0
1460.0,1130.6787109374998,1078.526372909546,0.4573079347610473,0.767693042755127,0.4416713714599609,0.7489766478538513,2.964874267578125,2.942352294921875,Fixation,1108.5270013480351,1068.9429910429592,460.0,6.0,True,8,word,cut,3.0
1464.0,1127.6188659667966,1072.9843711853027,0.4517013132572174,0.76652592420578,0.44047611951828,0.7451280355453491,2.9713134765625,2.95245361328125,Fixation,1108.5270013480351,1068.9429910429592,460.0,6.0,True,8,word,cut,3.0
1468.0,1140.242919921875,1069.1719436645508,0.4544417560100555,0.7674294710159302,0.4454073905944824,0.7424805164337158,2.9707794189453125,2.9496002197265625,Fixation,1108.5270013480351,1068.9429910429592,460.0,6.0,True,8,word,cut,3.0
1472.0,1136.5245056152344,1083.5061836242676,0.4595915675163269,0.767012894153595,0.4439548850059509,0.7524348497390747,2.9732666015625,2.951263427734375,Fixation,1108.5270013480351,1068.9429910429592,460.0,6.0,True,8,word,cut,3.0
1476.0,1131.51008605957,1084.306812286377,0.4523903727531433,0.7668976783752441,0.4419961273670196,0.7529908418655396,2.9753875732421875,2.9610595703125,Fixation,1108.5270013480351,1068.9429910429592,460.0,6.0,True,8,word,cut,3.0
1480.0,1130.8711242675781,1073.0340671539307,0.456044852733612,0.7650747299194336,0.4417465329170227,0.7451625466346741,2.9980926513671875,2.9486236572265625,Fixation,1108.5270013480351,1068.9429910429592,460.0,6.0,True,8,word,cut,3.0
1484.0,1127.480697631836,1067.4120712280273,0.4553994536399841,0.7736113667488098,0.4404221475124359,0.7412583827972412,2.967498779296875,2.944808959960937,Fixation,1108.5270013480351,1068.9429910429592,460.0,6.0,True,8,word,cut,3.0
1488.0,1129.0364837646484,1074.8289585113525,0.4487730860710144,0.7685177326202393,0.4410298764705658,0.746408998966217,2.9645538330078125,2.9561767578125,Fixation,1108.5270013480351,1068.9429910429592,460.0,6.0,True,8,word,cut,3.0
1492.0,1121.7972564697263,1075.1650714874268,0.4537548720836639,0.771192729473114,0.4382020533084869,0.7466424107551575,2.9902496337890625,2.9583892822265625,Fixation,1108.5270013480351,1068.9429910429592,460.0,6.0,True,8,word,cut,3.0
1496.0,1124.4328308105469,1069.2764854431152,0.4553739130496979,0.7651457786560059,0.4392315745353699,0.7425531148910522,2.985687255859375,2.966583251953125,Fixation,1108.5270013480351,1068.9429910429592,460.0,6.0,True,8,word,cut,3.0
1500.0,1124.7710418701172,1072.7540874481201,0.4579035937786102,0.7627980709075928,0.4393636882305145,0.7449681162834167,2.9912872314453125,2.9778594970703125,Fixation,1108.5270013480351,1068.9429910429592,460.0,6.0,True,8,word,cut,3.0
1504.0,1123.7210845947263,1067.8884315490723,0.4552487730979919,0.7596983909606934,0.438953548669815,0.7415891885757446,2.9685821533203125,2.9669342041015625,Fixation,1108.5270013480351,1068.9429910429592,460.0,6.0,True,8,word,cut,3.0
1508.0,1127.2830963134766,1075.3899478912354,0.4592359960079193,0.764997124671936,0.4403449594974518,0.746798574924469,2.9805908203125,2.95867919921875,Fixation,1108.5270013480351,1068.9429910429592,460.0,6.0,True,8,word,cut,3.0
1512.0,1126.595001220703,1074.8830318450928,0.461419016122818,0.7694697380065918,0.4400761723518371,0.7464465498924255,2.9800567626953125,2.9766387939453125,Fixation,1108.5270013480351,1068.9429910429592,460.0,6.0,True,8,word,cut,3.0
1516.0,1136.9499969482422,1075.8847618103027,0.4559224545955658,0.7655826210975647,0.4441210925579071,0.7471421957015991,2.98577880859375,2.988861083984375,Fixation,1108.5270013480351,1068.9429910429592,460.0,6.0,True,8,word,cut,3.0
1520.0,1125.1719665527341,1075.2893543243408,0.4505274295806885,0.7699291110038757,0.4395202994346618,0.7467287182807922,2.9896392822265625,2.97039794921875,Fixation,1108.5270013480351,1068.9429910429592,460.0,6.0,True,8,word,cut,3.0
1524.0,1135.7018280029297,1066.667833328247,0.4544268846511841,0.7689353227615356,0.4436335265636444,0.7407415509223938,2.991668701171875,2.973846435546875,Fixation,1108.5270013480351,1068.9429910429592,460.0,6.0,True,8,word,cut,3.0
1528.0,1139.6633911132812,1069.1667938232422,0.454810082912445,0.773383617401123,0.4451810121536255,0.7424769401550293,2.9934844970703125,2.9716339111328125,Fixation,1108.5270013480351,1068.9429910429592,460.0,6.0,True,8,word,cut,3.0
1532.0,1135.0437164306638,1084.6461868286133,0.4509617686271667,0.7717061042785645,0.4433764517307281,0.7532265186309814,2.997543334960937,2.975433349609375,Fixation,1108.5270013480351,1068.9429910429592,460.0,6.0,True,8,word,cut,3.0
1536.0,1129.6528625488281,1082.846918106079,0.4552890360355377,0.7739208936691284,0.441270649433136,0.7519770264625549,3.006011962890625,2.991317749023437,Fixation,1108.5270013480351,1068.9429910429592,460.0,6.0,True,8,word,cut,3.0
1540.0,1126.0176849365232,1074.9898052215576,0.4494350552558899,0.7709313035011292,0.4398506581783294,0.7465206980705261,3.007354736328125,2.967193603515625,Fixation,1108.5270013480351,1068.9429910429592,460.0,6.0,True,8,word,cut,3.0
1544.0,1134.1915893554688,1072.7217292785645,0.4511487483978271,0.7709729671478271,0.44304358959198,0.7449456453323364,2.994720458984375,2.96990966796875,Fixation,1108.5270013480351,1068.9429910429592,460.0,6.0,True,8,word,cut,3.0
1548.0,1134.5304870605469,1083.187837600708,0.4537786841392517,0.7690209150314331,0.4431759715080261,0.7522137761116028,3.0109100341796875,2.9824981689453125,Fixation,1108.5270013480351,1068.9429910429592,460.0,6.0,True,8,word,cut,3.0
1552.0,1132.8279113769531,1079.8602676391602,0.4539485275745392,0.7673774361610413,0.4425109028816223,0.7499029636383057,3.0062408447265625,2.972640991210937,Fixation,1108.5270013480351,1068.9429910429592,460.0,6.0,True,8,word,cut,3.0
1556.0,1125.3574371337888,1091.101942062378,0.456482470035553,0.7656450271606445,0.4395927488803863,0.7577096819877625,3.0159149169921875,2.97613525390625,Fixation,1108.5270013480351,1068.9429910429592,460.0,6.0,True,8,word,cut,3.0
1560.0,1123.4787750244138,1074.206428527832,0.4524107873439789,0.7666443586349487,0.4388588964939117,0.7459766864776611,2.9957427978515625,2.977279663085937,Fixation,1108.5270013480351,1068.9429910429592,460.0,6.0,True,8,word,cut,3.0
1564.0,1127.828903198242,1081.4025592803955,0.4508973956108093,0.7707018852233887,0.4405581653118133,0.7509739995002747,2.9944305419921875,2.97674560546875,Fixation,1108.5270013480351,1068.9429910429592,460.0,6.0,True,8,word,cut,3.0
1568.0,1137.009811401367,1089.7278785705566,0.45032399892807,0.7655056715011597,0.444144457578659,0.7567554712295532,3.00738525390625,2.969696044921875,Fixation,1108.5270013480351,1068.9429910429592,460.0,6.0,True,8,word,cut,3.0
1572.0,1139.1564178466795,1080.6341171264648,0.4550304710865021,0.7634522914886475,0.4449829757213592,0.7504403591156006,2.987213134765625,2.9601287841796875,Fixation,1108.5270013480351,1068.9429910429592,460.0,6.0,True,8,word,cut,3.0
1576.0,1134.3414306640625,1083.3568382263184,0.4554556608200073,0.7736188769340515,0.4431021213531494,0.7523311376571655,3.0034332275390625,2.98809814453125,Fixation,1108.5270013480351,1068.9429910429592,460.0,6.0,True,8,word,cut,3.0
1580.0,1142.2006988525388,1087.8105068206787,0.4570746719837188,0.7692474722862244,0.446172147989273,0.7554239630699158,2.994979858398437,2.982513427734375,Fixation,1108.5270013480351,1068.9429910429592,460.0,6.0,True,8,word,cut,3.0
1584.0,1181.3081359863281,1082.6653003692627,0.4704057574272156,0.7610811591148376,0.4614484906196594,0.7518509030342102,3.0042724609375,2.978012084960937,Saccade,,,,0.0,False,9,,,
1588.0,1245.2894592285156,1081.7590141296387,0.4937639236450195,0.7641382813453674,0.4864411950111389,0.7512215375900269,3.0243377685546875,2.9710235595703125,Saccade,,,,0.0,False,9,,,
1592.0,1293.3729553222656,1071.4442253112793,0.5143609642982483,0.7575893402099609,0.50522381067276,0.7440584897994995,3.008285522460937,2.982894897460937,Saccade,,,,0.0,False,9,,,
1596.0,1323.4555053710938,1081.5475273132324,0.5321158170700073,0.7593559622764587,0.5169748067855835,0.7510746717453003,3.0205841064453125,2.971282958984375,Fixation,1303.7914388687884,1072.3903707598076,240.0,7.0,True,10,word,slices,5.0
1600.0,1307.7934265136719,1064.0484523773193,0.5230163335800171,0.7597694396972656,0.5108568072319031,0.7389225363731384,3.0157470703125,2.9719390869140625,Fixation,1303.7914388687884,1072.3903707598076,240.0,7.0,True,10,word,slices,5.0
1604.0,1298.2951354980469,1063.6403274536133,0.5147567987442017,0.7595515251159668,0.5071465373039246,0.7386391162872314,3.013824462890625,2.967041015625,Fixation,1303.7914388687884,1072.3903707598076,240.0,7.0,True,10,word,slices,5.0
1608.0,1299.9444580078125,1061.8553924560547,0.520240843296051,0.7634664177894592,0.5077908039093018,0.7373995780944824,3.0150146484375,2.962371826171875,Fixation,1303.7914388687884,1072.3903707598076,240.0,7.0,True,10,word,slices,5.0
1612.0,1303.0909729003906,1072.628002166748,0.5204613208770752,0.7532366514205933,0.5090199112892151,0.7448805570602417,2.9948883056640625,2.966552734375,Fixation,1303.7914388687884,1072.3903707598076,240.0,7.0,True,10,word,slices,5.0
1616.0,1300.1423645019531,1066.353349685669,0.5183060169219971,0.7565388083457947,0.5078681111335754,0.7405231595039368,3.011566162109375,2.97027587890625,Fixation,1303.7914388687884,1072.3903707598076,240.0,7.0,True,10,word,slices,5.0
1620.0,1303.7620544433594,1075.259313583374,0.5202723145484924,0.7633020877838135,0.5092820525169373,0.7467078566551208,3.0131072998046875,2.9879302978515625,Fixation,1303.7914388687884,1072.3903707598076,240.0,7.0,True,10,word,slices,5.0
1624.0,1295.9230041503906,1075.0464534759521,0.5201624035835266,0.7578498721122742,0.5062199234962463,0.7465600371360779,3.0007781982421875,2.9721832275390625,Fixation,1303.7914388687884,1072.3903707598076,240.0,7.0,True,10,word,slices,5.0
1628.0,1306.23046875,1076.4490127563477,0.5181699395179749,0.7591965198516846,0.5102462768554688,0.7475340366363525,3.01861572265625,2.956085205078125,Fixation,1303.7914388687884,1072.3903707598076,240.0,7.0,True,10,word,slices,5.0
1632.0,1292.8840637207031,1076.7395496368408,0.5183708071708679,0.7591449022293091,0.5050328373908997,0.7477357983589172,3.02398681640625,2.9697418212890625,Fixation,1303.7914388687884,1072.3903707598076,240.0,7.0,True,10,word,slices,5.0
1636.0,1290.440673828125,1076.1197662353516,0.5243390798568726,0.7573586702346802,0.5040783882141113,0.7473053932189941,3.005889892578125,2.9657135009765625,Fixation,1303.7914388687884,1072.3903707598076,240.0,7.0,True,10,word,slices,5.0
1640.0,1304.2794799804688,1070.9504413604736,0.5233325362205505,0.7587310671806335,0.5094841718673706,0.7437155842781067,3.013641357421875,2.959579467773437,Fixation,1303.7914388687884,1072.3903707598076,240.0,7.0,True,10,word,slices,5.0
1644.0,1299.7557067871094,1071.9629859924316,0.5233322978019714,0.7541581392288208,0.5077170729637146,0.744418740272522,3.009765625,2.9663238525390625,Fixation,1303.7914388687884,1072.3903707598076,240.0,7.0,True,10,word,slices,5.0
1648.0,1306.0525512695312,1079.2298412322998,0.5171048045158386,0.7594399452209473,0.5101767778396606,0.7494651675224304,3.0113983154296875,2.976181030273437,Fixation,1303.7914388687884,1072.3903707598076,240.0,7.0,True,10,word,slices,5.0
1652.0,1303.4426879882812,1064.133768081665,0.5212035179138184,0.7555654048919678,0.5091572999954224,0.7389817833900452,3.003524780273437,2.961212158203125,Fixation,1303.7914388687884,1072.3903707598076,240.0,7.0,True,10,word,slices,5.0
1656.0,1293.7832641601562,1061.621332168579,0.5194594264030457,0.7625147104263306,0.505384087562561,0.7372370362281799,3.0088653564453125,2.961029052734375,Fixation,1303.7914388687884,1072.3903707598076,240.0,7.0,True,10,word,slices,5.0
1660.0,1303.7924194335938,1068.1353664398193,0.5195322632789612,0.7636875510215759,0.5092939138412476,0.7417606711387634,3.025009155273437,2.948333740234375,Fixation,1303.7914388687884,1072.3903707598076,240.0,7.0,True,10,word,slices,5.0
1664.0,1303.0474853515625,1071.0267448425293,0.5213744044303894,0.7522033452987671,0.5090029239654541,0.743768572807312,3.003890991210937,2.960479736328125,Fixation,1303.7914388687884,1072.3903707598076,240.0,7.0,True,10,word,slices,5.0
1668.0,1300.8477783203125,1068.2847118377686,0.5192941427230835,0.759467601776123,0.5081436634063721,0.7418643832206726,3.01580810546875,2.96295166015625,Fixation,1303.7914388687884,1072.3903707598076,240.0,7.0,True,10,word,slices,5.0
1672.0,1298.9408874511719,1073.2528495788574,0.520461916923523,0.7614502906799316,0.507398784160614,0.7453144788742065,3.0103759765625,2.95294189453125,Fixation,1303.7914388687884,1072.3903707598076,240.0,7.0,True,10,word,slices,5.0
1676.0,1306.2797546386719,1070.3625011444092,0.518271803855896,0.756590723991394,0.5102655291557312,0.7433072924613953,3.023345947265625,2.9677276611328125,Fixation,1303.7914388687884,1072.3903707598076,240.0,7.0,True,10,word,slices,5.0
1680.0,1305.4605102539062,1070.5512428283691,0.5177050828933716,0.7593276500701904,0.5099455118179321,0.7434383630752563,3.0028228759765625,2.9509429931640625,Fixation,1303.7914388687884,1072.3903707598076,240.0,7.0,True,10,word,slices,5.0
1684.0,1301.4657592773438,1069.9708557128906,0.518028199672699,0.7617055177688599,0.5083850622177124,0.7430353164672852,3.017242431640625,2.9576568603515625,Fixation,1303.7914388687884,1072.3903707598076,240.0,7.0,True,10,word,slices,5.0
1688.0,1298.6700439453125,1062.5034141540527,0.5205046534538269,0.7595623731613159,0.5072929859161377,0.7378495931625366,3.0000762939453125,2.9538116455078125,Fixation,1303.7914388687884,1072.3903707598076,240.0,7.0,True,10,word,slices,5.0
1692.0,1306.3619995117188,1065.469036102295,0.524757981300354,0.7551363110542297,0.5102976560592651,0.7399090528488159,2.9950714111328125,2.9443817138671875,Fixation,1303.7914388687884,1072.3903707598076,240.0,7.0,True,10,word,slices,5.0
1696.0,1305.4389953613281,1062.0482540130615,0.5185664892196655,0.7572672963142395,0.5099371075630188,0.7375335097312927,3.011016845703125,2.9361572265625,Fixation,1303.7914388687884,1072.3903707598076,240.0,7.0,True,10,word,slices,5.0
1700.0,1308.0839538574219,1075.9457874298096,0.5197916030883789,0.7579995393753052,0.5109702944755554,0.7471845746040344,2.9981689453125,2.962753295898437,Fixation,1303.7914388687884,1072.3903707598076,240.0,7.0,True,10,word,slices,5.0
1704.0,1292.1371459960938,1065.1239967346191,0.5179566144943237,0.7579432129859924,0.5047410726547241,0.7396694421768188,3.022064208984375,2.9530181884765625,Fixation,1303.7914388687884,1072.3903707598076,240.0,7.0,True,10,word,slices,5.0
1708.0,1300.2455139160156,1064.426794052124,0.5229566097259521,0.7551333904266357,0.5079084038734436,0.7391852736473083,3.0053863525390625,2.96234130859375,Fixation,1303.7914388687884,1072.3903707598076,240.0,7.0,True,10,word,slices,5.0
1712.0,1306.8305969238281,1060.8300590515137,0.518352746963501,0.7607771754264832,0.5104807019233704,0.7366875410079956,3.0013427734375,2.95489501953125,Fixation,1303.7914388687884,1072.3903707598076,240.0,7.0,True,10,word,slices,5.0
1716.0,1304.1474914550781,1065.1966953277588,0.5188494920730591,0.7565591931343079,0.5094326138496399,0.7397199273109436,2.98980712890625,2.964752197265625,Fixation,1303.7914388687884,1072.3903707598076,240.0,7.0,True,10,word,slices,5.0
1720.0,1305.4559326171875,1068.8319683074951,0.5210116505622864,0.7636247873306274,0.5099437236785889,0.7422444224357605,3.0106353759765625,2.940902709960937,Fixation,1303.7914388687884,1072.3903707598076,240.0,7.0,True,10,word,slices,5.0
1724.0,1312.3745727539062,1070.5266094207764,0.5180310010910034,0.7624750137329102,0.5126463174819946,0.7434212565422058,3.009033203125,2.9558258056640625,Fixation,1303.7914388687884,1072.3903707598076,240.0,7.0,True,10,word,slices,5.0
1728.0,1304.0126037597656,1077.103042602539,0.5189769268035889,0.7650758624076843,0.5093799233436584,0.747988224029541,3.0094146728515625,2.953521728515625,Fixation,1303.7914388687884,1072.3903707598076,240.0,7.0,True,10,word,slices,5.0
1732.0,1295.517578125,1069.9105167388916,0.5204104781150818,0.7597252726554871,0.5060615539550781,0.7429934144020081,2.9990692138671875,2.950286865234375,Fixation,1303.7914388687884,1072.3903707598076,240.0,7.0,True,10,word,slices,5.0
1736.0,1299.6028137207031,1066.5121364593506,0.5203292965888977,0.7612960338592529,0.5076573491096497,0.7406334280967712,3.006561279296875,2.956024169921875,Fixation,1303.7914388687884,1072.3903707598076,240.0,7.0,True,10,word,slices,5.0
1740.0,1313.758544921875,1064.3888568878174,0.5237616300582886,0.7664086818695068,0.5131869316101074,0.7391589283943176,3.0120391845703125,2.9494781494140625,Fixation,1303.7914388687884,1072.3903707598076,240.0,7.0,True,10,word,slices,5.0
1744.0,1294.8672485351562,1078.5180473327637,0.5212652087211609,0.7667072415351868,0.5058075189590454,0.7489708662033081,3.0078887939453125,2.9648590087890625,Fixation,1303.7914388687884,1072.3903707598076,240.0,7.0,True,10,word,slices,5.0
1748.0,1304.9610900878906,1075.4026508331299,0.5190384984016418,0.7608742117881775,0.5097504258155823,0.7468073964118958,2.998031616210937,2.9413604736328125,Fixation,1303.7914388687884,1072.3903707598076,240.0,7.0,True,10,word,slices,5.0
1752.0,1301.0926818847656,1070.9240055084229,0.5199840664863586,0.7591950297355652,0.5082393288612366,0.7436972260475159,2.99615478515625,2.93817138671875,Fixation,1303.7914388687884,1072.3903707598076,240.0,7.0,True,10,word,slices,5.0
1756.0,1303.2386779785156,1062.9988288879395,0.515204668045044,0.7676803469657898,0.5090776085853577,0.7381936311721802,2.997589111328125,2.929656982421875,Fixation,1303.7914388687884,1072.3903707598076,240.0,7.0,True,10,word,slices,5.0
1760.0,1302.0478820800781,1081.1003494262695,0.5204874873161316,0.7607132792472839,0.5086124539375305,0.7507641315460205,2.9950714111328125,2.9626922607421875,Fixation,1303.7914388687884,1072.3903707598076,240.0,7.0,True,10,word,slices,5.0
1764.0,1303.3729553222656,1078.1781578063965,0.5208497643470764,0.7596790194511414,0.50913006067276,0.7487348318099976,2.9999237060546875,2.9524383544921875,Fixation,1303.7914388687884,1072.3903707598076,240.0,7.0,True,10,word,slices,5.0
1768.0,1306.7778015136719,1066.6711807250977,0.516480028629303,0.7647271752357483,0.5104600787162781,0.74074387550354,3.017120361328125,2.951416015625,Fixation,1303.7914388687884,1072.3903707598076,240.0,7.0,True,10,word,slices,5.0
1772.0,1308.8209533691406,1069.147138595581,0.515538215637207,0.7612156271934509,0.5112581849098206,0.7424632906913757,3.0059967041015625,2.932357788085937,Fixation,1303.7914388687884,1072.3903707598076,240.0,7.0,True,10,word,slices,5.0
1776.0,1311.1451721191406,1084.698371887207,0.5183544158935547,0.7645446062088013,0.5121660828590393,0.7532627582550049,3.0048828125,2.92437744140625,Fixation,1303.7914388687884,1072.3903707598076,240.0,7.0,True,10,word,slices,5.0
1780.0,1300.5323791503906,1086.7462921142578,0.5180559754371643,0.7628723382949829,0.5080204606056213,0.7546849250793457,3.001190185546875,2.930206298828125,Fixation,1303.7914388687884,1072.3903707598076,240.0,7.0,True,10,word,slices,5.0
1784.0,1307.3789978027344,1071.6590595245361,0.5173662304878235,0.7686595916748047,0.5106949210166931,0.7442076802253723,2.9894256591796875,2.935150146484375,Fixation,1303.7914388687884,1072.3903707598076,240.0,7.0,True,10,word,slices,5.0
1788.0,1300.7278442382812,1084.7761344909668,0.5187003016471863,0.759378969669342,0.5080968141555786,0.7533167600631714,2.9950103759765625,2.946884155273437,Fixation,1303.7914388687884,1072.3903707598076,240.0,7.0,True,10,word,slices,5.0
1792.0,1303.8508605957031,1075.1630115509033,0.5138183832168579,0.759032130241394,0.5093167424201965,0.7466409802436829,2.98492431640625,2.9350128173828125,Fixation,1303.7914388687884,1072.3903707598076,240.0,7.0,True,10,word,slices,5.0
1796.0,1305.9469604492188,1082.528486251831,0.5210633277893066,0.7609211206436157,0.5101355314254761,0.7517558932304382,2.9814605712890625,2.9297332763671875,Fixation,1303.7914388687884,1072.3903707598076,240.0,7.0,True,10,word,slices,5.0
1800.0,1294.4241333007812,1080.0208568572998,0.5188879370689392,0.764510452747345,0.5056344270706177,0.7500144839286804,3.002105712890625,2.950836181640625,Fixation,1303.7914388687884,1072.3903707598076,240.0,7.0,True,10,word,slices,5.0
1804.0,1303.6390686035156,1067.407522201538,0.5160185694694519,0.7606374621391296,0.5092340111732483,0.7412552237510681,2.985015869140625,2.94964599609375,Fixation,1303.7914388687884,1072.3903707598076,240.0,7.0,True,10,word,slices,5.0
1808.0,1299.2036437988281,1081.1500453948975,0.5182074308395386,0.7611334323883057,0.5075014233589172,0.7507986426353455,2.99334716796875,2.925888061523437,Fixation,1303.7914388687884,1072.3903707598076,240.0,7.0,True,10,word,slices,5.0
1812.0,1301.1692810058594,1081.8470764160156,0.5214292407035828,0.7571524381637573,0.5082692503929138,0.7512826919555664,2.9828338623046875,2.943695068359375,Fixation,1303.7914388687884,1072.3903707598076,240.0,7.0,True,10,word,slices,5.0
1816.0,1297.8343200683594,1076.3939952850342,0.5213931202888489,0.7597497701644897,0.5069665312767029,0.7474958300590515,2.99713134765625,2.9364471435546875,Fixation,1303.7914388687884,1072.3903707598076,240.0,7.0,True,10,word,slices,5.0
1820.0,1297.6278686523438,1073.4509468078613,0.5115758776664734,0.7607816457748413,0.5068858861923218,0.7454520463943481,2.995849609375,2.9393310546875,Fixation,1303.7914388687884,1072.3903707598076,240.0,7.0,True,10,word,slices,5.0
1824.0,1311.1442565917969,1078.0818557739258,0.5219725966453552,0.7650114297866821,0.5121657252311707,0.7486679553985596,2.9940643310546875,2.92681884765625,Fixation,1303.7914388687884,1072.3903707598076,240.0,7.0,True,10,word,slices,5.0
1828.0,1310.8705139160156,1080.5224514007568,0.5194113254547119,0.7578269243240356,0.5120587944984436,0.7503628134727478,2.9822998046875,2.9506378173828125,Fixation,1303.7914388687884,1072.3903707598076,240.0,7.0,True,10,word,slices,5.0
1832.0,1302.6785278320312,1079.4548892974854,0.5185195207595825,0.7690616250038147,0.5088587999343872,0.7496214509010315,2.9927978515625,2.951156616210937,Fixation,1303.7914388687884,1072.3903707598076,240.0,7.0,True,10,word,slices,5.0
1836.0,1356.1764526367188,1080.9843063354492,0.526465117931366,0.7605517506599426,0.5297564268112183,0.7506835460662842,2.999130249023437,2.94573974609375,Fixation,1303.7914388687884,1072.3903707598076,240.0,7.0,True,10,word,slices,5.0
1840.0,1450.2064514160156,1075.0992393493652,0.5570323467254639,0.7589350342750549,0.5664868950843811,0.7465966939926147,3.008148193359375,2.9305419921875,Saccade,,,,0.0,False,11,,,
1844.0,1542.3892211914062,1086.766119003296,0.5975040197372437,0.7573391199111938,0.6024957895278931,0.7546986937522888,2.9997100830078125,2.942596435546875,Saccade,,,,0.0,False,11,,,
1848.0,1617.8504943847656,1079.5761680603027,0.6212165951728821,0.7546829581260681,0.6319728493690491,0.7497056722640991,3.0016021728515625,2.9317169189453125,Fixation,1640.762430826823,1070.7599022077477,272.0,8.0,True,12,word,wooden,8.0
1852.0,1635.8876037597656,1060.2010917663574,0.637770414352417,0.762201726436615,0.6390185952186584,0.7362507581710815,3.0117950439453125,2.9431610107421875,Fixation,1640.762430826823,1070.7599022077477,272.0,8.0,True,12,word,wooden,8.0
1856.0,1636.5142822265625,1059.906349182129,0.6469057202339172,0.762774646282196,0.639263391494751,0.7360460758209229,3.011932373046875,2.926254272460937,Fixation,1640.762430826823,1070.7599022077477,272.0,8.0,True,12,word,wooden,8.0
1860.0,1630.65185546875,1070.293664932251,0.6466557383537292,0.7546890377998352,0.6369733810424805,0.7432594895362854,3.0076446533203125,2.925323486328125,Fixation,1640.762430826823,1070.7599022077477,272.0,8.0,True,12,word,wooden,8.0
1864.0,1630.6773376464844,1072.3360919952393,0.6434592008590698,0.7610453367233276,0.636983335018158,0.7446778416633606,2.99090576171875,2.919906616210937,Fixation,1640.762430826823,1070.7599022077477,272.0,8.0,True,12,word,wooden,8.0
1868.0,1636.285400390625,1061.78466796875,0.6405414938926697,0.754948079586029,0.6391739845275879,0.7373504638671875,3.0055389404296875,2.941024780273437,Fixation,1640.762430826823,1070.7599022077477,272.0,8.0,True,12,word,wooden,8.0
1872.0,1638.9186096191406,1063.7970542907715,0.6387065052986145,0.7631930112838745,0.6402025818824768,0.7387479543685913,3.0086669921875,2.9385223388671875,Fixation,1640.762430826823,1070.7599022077477,272.0,8.0,True,12,word,wooden,8.0
1876.0,1640.3410339355469,1064.7337245941162,0.6448060274124146,0.7569266557693481,0.640758216381073,0.7393984198570251,2.9972381591796875,2.937835693359375,Fixation,1640.762430826823,1070.7599022077477,272.0,8.0,True,12,word,wooden,8.0
1880.0,1640.3302001953125,1067.0429134368896,0.6443076133728027,0.7642156481742859,0.640753984451294,0.7410020232200623,3.00006103515625,2.93023681640625,Fixation,1640.762430826823,1070.7599022077477,272.0,8.0,True,12,word,wooden,8.0
1884.0,1638.638916015625,1067.715826034546,0.6497378349304199,0.7593636512756348,0.6400933265686035,0.7414693236351013,2.99859619140625,2.9254302978515625,Fixation,1640.762430826823,1070.7599022077477,272.0,8.0,True,12,word,wooden,8.0
1888.0,1637.0359802246094,1061.3000679016113,0.6479631662368774,0.754595935344696,0.639467179775238,0.7370139360427856,2.99603271484375,2.9474334716796875,Fixation,1640.762430826823,1070.7599022077477,272.0,8.0,True,12,word,wooden,8.0
1892.0,1641.3084411621094,1072.1147346496582,0.6493776440620422,0.7523869276046753,0.641136109828949,0.7445241212844849,2.9995574951171875,2.9271240234375,Fixation,1640.762430826823,1070.7599022077477,272.0,8.0,True,12,word,wooden,8.0
1896.0,1637.9617309570312,1067.374563217163,0.6488547325134277,0.7596543431282043,0.6398288011550903,0.7412323355674744,2.988616943359375,2.9385528564453125,Fixation,1640.762430826823,1070.7599022077477,272.0,8.0,True,12,word,wooden,8.0
1900.0,1635.3659057617188,1072.959222793579,0.6452516913414001,0.7549793124198914,0.6388148069381714,0.7451105713844299,2.9980010986328125,2.9252471923828125,Fixation,1640.762430826823,1070.7599022077477,272.0,8.0,True,12,word,wooden,8.0
1904.0,1634.7047424316406,1074.0955352783203,0.6478104591369629,0.760175883769989,0.6385565400123596,0.7458996772766113,3.0129852294921875,2.925994873046875,Fixation,1640.762430826823,1070.7599022077477,272.0,8.0,True,12,word,wooden,8.0
1908.0,1634.5606994628906,1075.0655937194824,0.650510311126709,0.7593201398849487,0.6385002732276917,0.7465733289718628,3.0063629150390625,2.9381256103515625,Fixation,1640.762430826823,1070.7599022077477,272.0,8.0,True,12,word,wooden,8.0
1912.0,1631.6642761230469,1072.014570236206,0.6446874737739563,0.7563245296478271,0.6373688578605652,0.744454562664032,3.01019287109375,2.93035888671875,Fixation,1640.762430826823,1070.7599022077477,272.0,8.0,True,12,word,wooden,8.0
1916.0,1642.3648071289062,1067.7402019500732,0.6463873386383057,0.7586995959281921,0.641548752784729,0.7414862513542175,3.002685546875,2.929656982421875,Fixation,1640.762430826823,1070.7599022077477,272.0,8.0,True,12,word,wooden,8.0
1920.0,1639.3070983886719,1066.9242095947266,0.646332323551178,0.767124593257904,0.640354335308075,0.7409195899963379,3.0189361572265625,2.9348297119140625,Fixation,1640.762430826823,1070.7599022077477,272.0,8.0,True,12,word,wooden,8.0
1924.0,1642.5663757324219,1066.825246810913,0.6506590843200684,0.7548752427101135,0.6416274905204773,0.7408508658409119,3.006576538085937,2.933334350585937,Fixation,1640.762430826823,1070.7599022077477,272.0,8.0,True,12,word,wooden,8.0
1928.0,1644.5491027832031,1061.6869068145752,0.6468191742897034,0.7571873068809509,0.6424019932746887,0.7372825741767883,3.0110015869140625,2.9244384765625,Fixation,1640.762430826823,1070.7599022077477,272.0,8.0,True,12,word,wooden,8.0
1932.0,1651.8742370605469,1049.344539642334,0.6445803046226501,0.7582680583000183,0.6452633738517761,0.7287114858627319,3.00860595703125,2.932586669921875,Fixation,1640.762430826823,1070.7599022077477,272.0,8.0,True,12,word,wooden,8.0
1936.0,1635.3115844726562,1076.5833377838135,0.6481631398200989,0.7661793231964111,0.6387935876846313,0.747627317905426,3.024749755859375,2.9250946044921875,Fixation,1640.762430826823,1070.7599022077477,272.0,8.0,True,12,word,wooden,8.0
1940.0,1641.0110473632812,1060.35249710083,0.6502107977867126,0.765683114528656,0.6410199403762817,0.7363559007644653,3.00067138671875,2.943450927734375,Fixation,1640.762430826823,1070.7599022077477,272.0,8.0,True,12,word,wooden,8.0
1944.0,1635.9678649902344,1065.3749656677246,0.6479600071907043,0.7570264935493469,0.6390499472618103,0.7398437261581421,3.01556396484375,2.9370880126953125,Fixation,1640.762430826823,1070.7599022077477,272.0,8.0,True,12,word,wooden,8.0
1948.0,1643.7457275390625,1062.3812770843506,0.6452645063400269,0.7572181224822998,0.6420881748199463,0.7377647757530212,3.0147705078125,2.9571533203125,Fixation,1640.762430826823,1070.7599022077477,272.0,8.0,True,12,word,wooden,8.0
1952.0,1630.8290100097656,1065.628080368042,0.6452689170837402,0.7611518502235413,0.6370425820350647,0.7400195002555847,3.0150604248046875,2.961776733398437,Fixation,1640.762430826823,1070.7599022077477,272.0,8.0,True,12,word,wooden,8.0
1956.0,1646.0556030273438,1068.5626316070557,0.6444373726844788,0.7544335722923279,0.6429904699325562,0.7420573830604553,3.0071258544921875,2.955917358398437,Fixation,1640.762430826823,1070.7599022077477,272.0,8.0,True,12,word,wooden,8.0
1960.0,1643.3638000488281,1068.539800643921,0.6465731263160706,0.7597815990447998,0.6419389843940735,0.7420415282249451,3.013275146484375,2.966903686523437,Fixation,1640.762430826823,1070.7599022077477,272.0,8.0,True,12,word,wooden,8.0
1964.0,1648.5758972167969,1084.46439743042,0.6436970233917236,0.7608920335769653,0.6439749598503113,0.7531002759933472,3.0233154296875,2.945587158203125,Fixation,1640.762430826823,1070.7599022077477,272.0,8.0,True,12,word,wooden,8.0
1968.0,1639.05029296875,1057.9813385009766,0.6488847732543945,0.7564975023269653,0.640254020690918,0.7347092628479004,3.0024566650390625,2.957504272460937,Fixation,1640.762430826823,1070.7599022077477,272.0,8.0,True,12,word,wooden,8.0
1972.0,1640.4481506347656,1085.000410079956,0.6450827121734619,0.7533290386199951,0.6408000588417053,0.7534725069999695,3.00299072265625,2.9420928955078125,Fixation,1640.762430826823,1070.7599022077477,272.0,8.0,True,12,word,wooden,8.0
1976.0,1640.0033569335938,1080.7655239105225,0.6465916633605957,0.7544426321983337,0.6406263113021851,0.7505316138267517,3.0101470947265625,2.9518585205078125,Fixation,1640.762430826823,1070.7599022077477,272.0,8.0,True,12,word,wooden,8.0
1980.0,1643.9776611328125,1066.5504169464111,0.6435604095458984,0.7536030411720276,0.6421787738800049,0.7406600117683411,3.02825927734375,2.95428466796875,Fixation,1640.762430826823,1070.7599022077477,272.0,8.0,True,12,word,wooden,8.0
1984.0,1642.5144958496094,1072.4795150756836,0.643697202205658,0.7610841393470764,0.6416072249412537,0.7447774410247803,3.02447509765625,2.936553955078125,Fixation,1640.762430826823,1070.7599022077477,272.0,8.0,True,12,word,wooden,8.0
1988.0,1636.4393615722656,1070.720329284668,0.6479594707489014,0.7597377896308899,0.6392341256141663,0.7435557842254639,3.0193328857421875,2.95782470703125,Fixation,1640.762430826823,1070.7599022077477,272.0,8.0,True,12,word,wooden,8.0
1992.0,1648.0848693847656,1064.7125244140625,0.6522263884544373,0.7609866261482239,0.6437831521034241,0.7393836975097656,3.0138397216796875,2.9457550048828125,Fixation,1640.762430826823,1070.7599022077477,272.0,8.0,True,12,word,wooden,8.0
1996.0,1646.8148803710938,1071.8677997589111,0.6463481187820435,0.7524769306182861,0.6432870626449585,0.7443526387214661,3.023529052734375,2.9461669921875,Fixation,1640.762430826823,1070.7599022077477,272.0,8.0,True,12,word,wooden,8.0
2000.0,1647.1218872070312,1064.7968101501465,0.6490821242332458,0.7602242231369019,0.6434069871902466,0.7394422292709351,3.0142822265625,2.9392852783203125,Fixation,1640.762430826823,1070.7599022077477,272.0,8.0,True,12,word,wooden,8.0
2004.0,1643.7260437011719,1075.431318283081,0.6501198410987854,0.7571091651916504,0.6420804858207703,0.7468273043632507,3.0211639404296875,2.9482574462890625,Fixation,1640.762430826823,1070.7599022077477,272.0,8.0,True,12,word,wooden,8.0
2008.0,1643.0686950683594,1072.1517276763916,0.6496533155441284,0.7537528872489929,0.6418237090110779,0.7445498108863831,3.002716064453125,2.9449615478515625,Fixation,1640.762430826823,1070.7599022077477,272.0,8.0,True,12,word,wooden,8.0
2012.0,1642.6136779785156,1077.440528869629,0.6487090587615967,0.7496214509010315,0.6416459679603577,0.7482225894927979,3.0235748291015625,2.9394683837890625,Fixation,1640.762430826823,1070.7599022077477,272.0,8.0,True,12,word,wooden,8.0
2016.0,1641.2094116210938,1083.1623458862305,0.6489047408103943,0.7615343332290649,0.6410974264144897,0.7521960735321045,3.0213775634765625,2.9556884765625,Fixation,1640.762430826823,1070.7599022077477,272.0,8.0,True,12,word,wooden,8.0
2020.0,1643.140869140625,1059.8625755310059,0.6443604230880737,0.7573893070220947,0.6418519020080566,0.7360156774520874,3.012451171875,2.938339233398437,Fixation,1640.762430826823,1070.7599022077477,272.0,8.0,True,12,word,wooden,8.0
2024.0,1648.9363098144531,1068.5986804962158,0.6502760052680969,0.7487203478813171,0.6441157460212708,0.742082417011261,3.0271453857421875,2.9665679931640625,Fixation,1640.762430826823,1070.7599022077477,272.0,8.0,True,12,word,wooden,8.0
2028.0,1641.2031555175781,1069.2024993896484,0.6506698727607727,0.7579051852226257,0.641094982624054,0.7425017356872559,3.0129852294921875,2.95294189453125,Fixation,1640.762430826823,1070.7599022077477,272.0,8.0,True,12,word,wooden,8.0
2032.0,1649.6548461914062,1066.1261558532715,0.6490386128425598,0.7586373686790466,0.6443964242935181,0.7403653860092163,3.0259246826171875,2.9484405517578125,Fixation,1640.762430826823,1070.7599022077477,272.0,8.0,True,12,word,wooden,8.0
2036.0,1655.2450561523438,1084.1415882110596,0.6480977535247803,0.7581609487533569,0.6465801000595093,0.7528761029243469,3.005477905273437,2.9508056640625,Fixation,1640.762430826823,1070.7599022077477,272.0,8.0,True,12,word,wooden,8.0
2040.0,1649.5100402832031,1073.939323425293,0.6500539779663086,0.7526326775550842,0.6443398594856262,0.7457911968231201,3.013092041015625,2.96368408203125,Fixation,1640.762430826823,1070.7599022077477,272.0,8.0,True,12,word,wooden,8.0
2044.0,1645.7377624511719,1080.1307201385498,0.6433176398277283,0.7614743709564209,0.642866313457489,0.7500907778739929,3.0241241455078125,2.949462890625,Fixation,1640.762430826823,1070.7599022077477,272.0,8.0,True,12,word,wooden,8.0
2048.0,1641.1944580078125,1067.406406402588,0.6446830630302429,0.7594984173774719,0.6410915851593018,0.741254448890686,3.0093231201171875,2.961944580078125,Fixation,1640.762430826823,1070.7599022077477,272.0,8.0,True,12,word,wooden,8.0
2052.0,1641.7324829101562,1073.9234447479248,0.653531551361084,0.7527664303779602,0.6413017511367798,0.7457801699638367,3.0073394775390625,2.9677886962890625,Fixation,1640.762430826823,1070.7599022077477,272.0,8.0,True,12,word,wooden,8.0
2056.0,1638.717041015625,1077.9948234558105,0.644430935382843,0.761812686920166,0.6401238441467285,0.7486075162887573,3.0094146728515625,2.971832275390625,Fixation,1640.762430826823,1070.7599022077477,272.0,8.0,True,12,word,wooden,8.0
2060.0,1640.7669067382812,1067.5468254089355,0.6498121619224548,0.7597992420196533,0.6409245729446411,0.7413519620895386,3.0077667236328125,2.9625396728515625,Fixation,1640.762430826823,1070.7599022077477,272.0,8.0,True,12,word,wooden,8.0
2064.0,1649.1119384765625,1079.4448471069336,0.6470847725868225,0.7598978281021118,0.6441843509674072,0.7496144771575928,3.023834228515625,2.965484619140625,Fixation,1640.762430826823,1070.7599022077477,272.0,8.0,True,12,word,wooden,8.0
2068.0,1639.7456359863281,1085.626630783081,0.6475600600242615,0.761711061000824,0.6405256390571594,0.7539073824882507,3.0122833251953125,2.950439453125,Fixation,1640.762430826823,1070.7599022077477,272.0,8.0,True,12,word,wooden,8.0
2072.0,1637.5749206542969,1075.6077003479004,0.6478996872901917,0.7590599656105042,0.6396777033805847,0.7469497919082642,3.0078125,2.964111328125,Fixation,1640.762430826823,1070.7599022077477,272.0,8.0,True,12,word,wooden,8.0
2076.0,1643.48876953125,1077.0899105072021,0.6466233134269714,0.7620248198509216,0.6419878005981445,0.7479791045188904,3.0042877197265625,2.961181640625,Fixation,1640.762430826823,1070.7599022077477,272.0,8.0,True,12,word,wooden,8.0
2080.0,1640.7000732421875,1076.9350719451904,0.6502327919006348,0.7587173581123352,0.6408984661102295,0.7478715777397156,3.0104217529296875,2.97650146484375,Fixation,1640.762430826823,1070.7599022077477,272.0,8.0,True,12,word,wooden,8.0
2084.0,1643.7107849121094,1080.3466701507568,0.6475212574005127,0.7559061050415039,0.6420745253562927,0.7502407431602478,3.0202789306640625,2.98291015625,Fixation,1640.762430826823,1070.7599022077477,272.0,8.0,True,12,word,wooden,8.0
2088.0,1647.3310852050781,1065.1631355285645,0.6474853157997131,0.7575070261955261,0.6434887051582336,0.7396966218948364,3.005340576171875,2.966415405273437,Fixation,1640.762430826823,1070.7599022077477,272.0,8.0,True,12,word,wooden,8.0
2092.0,1651.2808227539062,1081.4483070373535,0.6498972177505493,0.7616375684738159,0.6450315713882446,0.7510057687759399,3.003646850585937,2.953582763671875,Fixation,1640.762430826823,1070.7599022077477,272.0,8.0,True,12,word,wooden,8.0
2096.0,1648.4173583984375,1088.3354473114014,0.6466854810714722,0.7595999836921692,0.6439130306243896,0.7557885050773621,3.0229644775390625,2.954620361328125,Fixation,1640.762430826823,1070.7599022077477,272.0,8.0,True,12,word,wooden,8.0
2100.0,1640.7624816894531,1073.594970703125,0.6451237201690674,0.761340856552124,0.6409228444099426,0.7455520629882812,3.0163116455078125,2.9707794189453125,Fixation,1640.762430826823,1070.7599022077477,272.0,8.0,True,12,word,wooden,8.0
2104.0,1633.8096618652344,1075.982265472412,0.6486510634422302,0.7592270374298096,0.6382068991661072,0.747209906578064,3.0151519775390625,2.988754272460937,Fixation,1640.762430826823,1070.7599022077477,272.0,8.0,True,12,word,wooden,8.0
2108.0,1634.2684936523438,1079.6593379974365,0.649365246295929,0.7561770081520081,0.6383861303329468,0.7497634291648865,2.999786376953125,2.98297119140625,Fixation,1640.762430826823,1070.7599022077477,272.0,8.0,True,12,word,wooden,8.0
2112.0,1645.1455688476562,1074.1488361358643,0.6428177356719971,0.7605903148651123,0.6426349878311157,0.7459366917610168,3.027069091796875,2.978607177734375,Fixation,1640.762430826823,1070.7599022077477,272.0,8.0,True,12,word,wooden,8.0
2116.0,1638.6474609375,1076.8095874786377,0.6341640949249268,0.738194465637207,0.6400966644287109,0.747784435749054,3.015960693359375,2.9841766357421875,Fixation,1640.762430826823,1070.7599022077477,272.0,8.0,True,12,word,wooden,8.0
2120.0,1623.4812927246094,1033.5869693756104,0.6152061223983765,0.7006959319114685,0.6341723799705505,0.7177687287330627,3.0099334716796875,2.965682983398437,Fixation,1640.762430826823,1070.7599022077477,272.0,8.0,True,12,word,wooden,8.0
2124.0,1563.2290649414062,958.7028694152832,0.580699622631073,0.661400556564331,0.6106363534927368,0.6657658815383911,3.0413818359375,2.9549713134765625,Saccade,,,,0.0,False,13,,,
2128.0,1493.7406921386719,891.2585735321045,0.5488447546958923,0.6154700517654419,0.5834924578666687,0.6189295649528503,3.028793334960937,2.9430084228515625,Saccade,,,,0.0,False,13,,,
2132.0,1414.9948120117188,820.3480052947998,0.5191398859024048,0.5740946531295776,0.5527323484420776,0.5696861147880554,2.997650146484375,2.9409942626953125,Saccade,,,,0.0,False,13,,,
2136.0,1366.1187744140625,763.6733150482178,0.5078257918357849,0.5374444723129272,0.5336401462554932,0.5303286910057068,3.0009307861328125,2.966064453125,Saccade,,,,0.0,False,13,,,
2140.0,1331.1103820800781,707.1587848663329,0.4925520718097687,0.4915657043457031,0.5199649930000305,0.491082489490509,2.9862518310546875,2.9640045166015625,Saccade,,,,0.0,False,13,,,
2144.0,1298.7080383300781,643.9590311050414,0.48390793800354,0.4325408935546875,0.5073078274726868,0.4471937716007232,2.9487762451171875,2.9673614501953125,Saccade,,,,0.0,False,13,,,
2148.0,1259.4456481933594,588.263111114502,0.4725642502307892,0.4292352497577667,0.491970956325531,0.4085160493850708,2.9846954345703125,2.99542236328125,Saccade,,,,0.0,False,13,,,
2152.0,1267.212677001953,578.9253330230712,0.4740826785564422,0.3917046785354614,0.4950049519538879,0.4020314812660217,2.976837158203125,3.035507202148437,Saccade,,,,0.0,False,13,,,
2156.0,1258.2062530517578,598.0927848815917,0.4686742424964905,0.3412731289863586,0.4914868175983429,0.4153422117233276,2.9320831298828125,3.06390380859375,Saccade,,,,0.0,False,13,,,
2160.0,1252.6239013671875,615.6958436965942,0.4718511402606964,0.3748218715190887,0.4893062114715576,0.4275665581226349,2.98541259765625,3.065093994140625,Saccade,,,,0.0,False,13,,,
2164.0,1243.875045776367,626.4628314971924,0.4699569642543793,0.3675269782543182,0.4858886897563934,0.4350436329841614,2.9697723388671875,3.0626983642578125,Saccade,,,,0.0,False,13,,,
2168.0,1232.498779296875,612.918963432312,0.4720399975776672,0.3759355247020721,0.4814448356628418,0.4256381690502167,2.981430053710937,3.0297393798828125,Saccade,,,,0.0,False,13,,,
2172.0,1220.0676727294922,600.9563541412354,0.4708836376667022,0.3765775561332702,0.4765889346599579,0.417330801486969,3.0017242431640625,3.067977905273437,Saccade,,,,0.0,False,13,,,
2176.0,1223.324279785156,590.1940870285033,0.4671705067157745,0.3614700734615326,0.4778610467910766,0.4098570048809051,2.9964752197265625,3.068328857421875,Saccade,,,,0.0,False,13,,,
2180.0,1228.6044311523438,605.0879859924316,0.4717243909835815,0.3667801320552826,0.4799236059188843,0.420199990272522,3.006988525390625,3.08056640625,Saccade,,,,0.0,False,13,,,
2184.0,1230.5529022216795,608.8912296295166,0.4676719605922699,0.3375350832939148,0.4806847274303436,0.4228411316871643,2.949676513671875,3.0789794921875,Saccade,,,,0.0,False,13,,,
2188.0,1213.6216735839844,592.6578998565674,0.4718384146690368,0.3590281009674072,0.4740709662437439,0.4115679860115051,2.9633331298828125,3.060455322265625,Saccade,,,,0.0,False,13,,,
2192.0,1224.0602111816404,590.2051162719727,0.4698557257652282,0.3591735661029815,0.4781485199928283,0.4098646640777588,2.985198974609375,3.0795440673828125,Saccade,,,,0.0,False,13,,,
2196.0,1229.5182037353516,555.1174449920654,0.4704004228115082,0.3593461811542511,0.4802805483341217,0.3854982256889343,2.979095458984375,3.043075561523437,Saccade,,,,0.0,False,13,,,
2200.0,1229.1765594482422,539.6208000183105,0.4703894853591919,0.3570567667484283,0.4801470935344696,0.3747366666793823,2.9631500244140625,3.0342559814453125,Fixation,1213.4787393363047,525.1712716572483,612.0,9.0,True,14,image,,10.0
2204.0,1231.1426544189453,541.9039821624756,0.4704165458679199,0.3714292645454407,0.4809150993824005,0.3763222098350525,2.997802734375,3.025787353515625,Fixation,1213.4787393363047,525.1712716572483,612.0,9.0,True,14,image,,10.0
2208.0,1220.4430389404295,531.7493963241577,0.4696200788021087,0.3550282716751098,0.4767355620861053,0.3692704141139984,2.98541259765625,3.033111572265625,Fixation,1213.4787393363047,525.1712716572483,612.0,9.0,True,14,image,,10.0
2212.0,1213.0288696289062,529.5931577682494,0.4710193872451782,0.3056179881095886,0.4738394021987915,0.367773026227951,2.9117889404296875,3.0192108154296875,Fixation,1213.4787393363047,525.1712716572483,612.0,9.0,True,14,image,,10.0
2216.0,1215.932159423828,514.0272903442383,0.4696190953254699,0.3433027565479278,0.4749734997749328,0.3569633960723877,2.9475860595703125,3.029205322265625,Fixation,1213.4787393363047,525.1712716572483,612.0,9.0,True,14,image,,10.0
2220.0,1205.7496643066406,505.7774591445923,0.4686029851436615,0.3518639206886291,0.4709959626197815,0.3512343466281891,2.943222045898437,3.0017547607421875,Fixation,1213.4787393363047,525.1712716572483,612.0,9.0,True,14,image,,10.0
2224.0,1210.6818389892576,498.34439277648926,0.4689302146434784,0.3702771067619324,0.4729225933551788,0.3460724949836731,2.98712158203125,3.0031890869140625,Fixation,1213.4787393363047,525.1712716572483,612.0,9.0,True,14,image,,10.0
2228.0,1205.3796386718748,526.786322593689,0.4635804891586303,0.3437475860118866,0.4708514213562011,0.3658238351345062,2.969268798828125,3.0267486572265625,Fixation,1213.4787393363047,525.1712716572483,612.0,9.0,True,14,image,,10.0
2232.0,1206.6567993164062,528.7036943435669,0.4666273891925812,0.3403129875659942,0.4713503122329712,0.3671553432941437,2.958969116210937,3.0320587158203125,Fixation,1213.4787393363047,525.1712716572483,612.0,9.0,True,14,image,,10.0
2236.0,1216.6477203369138,525.7910299301147,0.4682172238826751,0.3820593953132629,0.475253015756607,0.3651326596736908,2.997589111328125,3.0347137451171875,Fixation,1213.4787393363047,525.1712716572483,612.0,9.0,True,14,image,,10.0
2240.0,1224.5853424072266,535.9363031387328,0.4695568978786468,0.3752144575119018,0.4783536493778229,0.3721779882907867,3.0061798095703125,3.062606811523437,Fixation,1213.4787393363047,525.1712716572483,612.0,9.0,True,14,image,,10.0
2244.0,1225.1839447021482,542.9840326309204,0.4670042693614959,0.3808856606483459,0.4785874783992767,0.3770722448825836,3.0217742919921875,3.0443115234375,Fixation,1213.4787393363047,525.1712716572483,612.0,9.0,True,14,image,,10.0
2248.0,1221.0769653320312,544.9635457992553,0.4683874547481537,0.3860884010791778,0.4769831895828247,0.3784469068050384,3.0150909423828125,3.0662078857421875,Fixation,1213.4787393363047,525.1712716572483,612.0,9.0,True,14,image,,10.0
2252.0,1221.554946899414,558.9248943328856,0.4667386710643768,0.3802789747714996,0.4771699011325836,0.3881422877311706,3.008697509765625,3.071151733398437,Fixation,1213.4787393363047,525.1712716572483,612.0,9.0,True,14,image,,10.0
2256.0,1220.9989929199219,554.3440246582031,0.4678424000740051,0.391332596540451,0.4769527316093445,0.3849611282348633,3.039459228515625,3.0699462890625,Fixation,1213.4787393363047,525.1712716572483,612.0,9.0,True,14,image,,10.0
2260.0,1222.7616119384766,562.1524715423583,0.4658161103725433,0.3646483421325683,0.4776412546634674,0.3903836607933044,2.993881225585937,3.0580291748046875,Fixation,1213.4787393363047,525.1712716572483,612.0,9.0,True,14,image,,10.0
2264.0,1218.3295440673828,546.8372297286986,0.4668525457382202,0.3712664842605591,0.4759099781513214,0.3797480762004852,2.996322631835937,3.077789306640625,Fixation,1213.4787393363047,525.1712716572483,612.0,9.0,True,14,image,,10.0
2268.0,1216.6869354248045,551.0358953475952,0.4683159291744232,0.382235437631607,0.4752683341503143,0.3826638162136078,2.996566772460937,3.069091796875,Fixation,1213.4787393363047,525.1712716572483,612.0,9.0,True,14,image,,10.0
2272.0,1225.4186248779297,555.1986837387084,0.4652194082736969,0.391020655632019,0.4786791503429413,0.3855546414852142,3.0332794189453125,3.0712432861328125,Fixation,1213.4787393363047,525.1712716572483,612.0,9.0,True,14,image,,10.0
2276.0,1224.5595550537107,547.6466560363768,0.4647610783576965,0.3671107888221741,0.4783435761928558,0.3803101778030395,2.9953765869140625,3.055694580078125,Fixation,1213.4787393363047,525.1712716572483,612.0,9.0,True,14,image,,10.0
2280.0,1218.2574462890623,542.0369338989257,0.4650997519493103,0.3677211403846741,0.475881814956665,0.3764145374298095,2.9939422607421875,3.0500640869140625,Fixation,1213.4787393363047,525.1712716572483,612.0,9.0,True,14,image,,10.0
2284.0,1224.0105438232422,521.9343566894531,0.4702993035316467,0.3711806535720825,0.478129118680954,0.3624544143676758,2.99334716796875,3.0131988525390625,Fixation,1213.4787393363047,525.1712716572483,612.0,9.0,True,14,image,,10.0
2288.0,1221.716613769531,522.7410364151001,0.4670445024967193,0.3687177300453186,0.4772330522537231,0.3630146086215973,2.9779815673828125,3.035629272460937,Fixation,1213.4787393363047,525.1712716572483,612.0,9.0,True,14,image,,10.0
2292.0,1214.2597961425781,501.7910957336425,0.4680459797382355,0.3758428692817688,0.4743202328681946,0.3484660387039184,2.999786376953125,2.9951629638671875,Fixation,1213.4787393363047,525.1712716572483,612.0,9.0,True,14,image,,10.0
2296.0,1215.0045776367185,544.3892097473145,0.4673526287078857,0.3626335859298706,0.4746111631393432,0.3780480623245239,2.967514038085937,3.041351318359375,Fixation,1213.4787393363047,525.1712716572483,612.0,9.0,True,14,image,,10.0
2300.0,1214.9359893798828,500.8409070968628,0.4750174880027771,0.3685470521450043,0.4745843708515167,0.3478061854839325,2.987518310546875,3.0153961181640625,Fixation,1213.4787393363047,525.1712716572483,612.0,9.0,True,14,image,,10.0
2304.0,1218.9723968505857,555.1557683944701,0.468404620885849,0.3937816619873047,0.4761610925197601,0.3855248391628265,3.0299072265625,3.056884765625,Fixation,1213.4787393363047,525.1712716572483,612.0,9.0,True,14,image,,10.0
2308.0,1210.1712036132812,510.31747341156006,0.470342218875885,0.3717391192913055,0.472723126411438,0.3543871343135834,2.974090576171875,3.0205078125,Fixation,1213.4787393363047,525.1712716572483,612.0,9.0,True,14,image,,10.0
2312.0,1212.4492645263672,476.05154514312744,0.4700225591659546,0.3613451719284057,0.4736129939556122,0.3305913507938385,2.9585113525390625,2.9890289306640625,Fixation,1213.4787393363047,525.1712716572483,612.0,9.0,True,14,image,,10.0
2316.0,1202.431640625,512.5086450576782,0.4712036252021789,0.3800871074199676,0.4696998596191406,0.3559087812900543,2.9892578125,3.00775146484375,Fixation,1213.4787393363047,525.1712716572483,612.0,9.0,True,14,image,,10.0
2320.0,1206.5221405029297,517.6429510116577,0.4689860641956329,0.381339967250824,0.4712977111339569,0.3594742715358734,3.0074615478515625,3.035369873046875,Fixation,1213.4787393363047,525.1712716572483,612.0,9.0,True,14,image,,10.0
2324.0,1202.8498077392578,531.4362859725952,0.4651601910591125,0.318999320268631,0.4698632061481476,0.3690529763698578,2.891830444335937,3.0324859619140625,Fixation,1213.4787393363047,525.1712716572483,612.0,9.0,True,14,image,,10.0
2328.0,1210.9577178955076,487.42278099060053,0.4681070744991302,0.3412966728210449,0.4730303585529327,0.3384880423545837,2.92620849609375,3.004852294921875,Fixation,1213.4787393363047,525.1712716572483,612.0,9.0,True,14,image,,10.0
2332.0,1211.5338134765625,495.1007652282715,0.4635058045387268,0.2923110127449035,0.4732553958892822,0.3438199758529663,2.862518310546875,3.002716064453125,Fixation,1213.4787393363047,525.1712716572483,612.0,9.0,True,14,image,,10.0
2336.0,1213.3583831787107,508.7011528015137,0.463828980922699,0.2870711088180542,0.4739681184291839,0.3532646894454956,2.8361053466796875,3.02471923828125,Fixation,1213.4787393363047,525.1712716572483,612.0,9.0,True,14,image,,10.0
2340.0,1208.9775848388672,502.61635780334467,0.4632642865180969,0.2950756847858429,0.4722568690776825,0.3490391373634338,2.850677490234375,3.00762939453125,Fixation,1213.4787393363047,525.1712716572483,612.0,9.0,True,14,image,,10.0
2344.0,1224.6429443359375,492.8097724914551,0.4649212062358856,0.2710714042186737,0.4783761501312256,0.3422290086746216,2.8320770263671875,3.019027709960937,Fixation,1213.4787393363047,525.1712716572483,612.0,9.0,True,14,image,,10.0
2348.0,1217.3291015624998,498.1526899337768,0.4654501378536224,0.3435651659965515,0.4755191802978515,0.3459393680095672,2.9296875,2.99774169921875,Fixation,1213.4787393363047,525.1712716572483,612.0,9.0,True,14,image,,10.0
2352.0,1219.2616271972656,553.6711120605469,0.4679766297340393,0.3843844532966614,0.4762740731239319,0.3844938278198242,2.9985809326171875,3.04693603515625,Fixation,1213.4787393363047,525.1712716572483,612.0,9.0,True,14,image,,10.0
2356.0,1215.7779693603513,544.4803619384766,0.4655028879642486,0.3821353018283844,0.4749132692813873,0.3781113624572754,3.0097198486328125,3.054656982421875,Fixation,1213.4787393363047,525.1712716572483,612.0,9.0,True,14,image,,10.0
2360.0,1216.9679260253906,537.665877342224,0.4644774198532104,0.3651425838470459,0.4753780961036682,0.3733790814876556,2.9746856689453125,3.0335845947265625,Fixation,1213.4787393363047,525.1712716572483,612.0,9.0,True,14,image,,10.0
2364.0,1217.462158203125,546.3454627990722,0.4655423760414123,0.3746009767055511,0.4755711555480957,0.3794065713882446,2.9898223876953125,3.0592498779296875,Fixation,1213.4787393363047,525.1712716572483,612.0,9.0,True,14,image,,10.0
2368.0,1222.1036529541016,530.0505924224854,0.4678530097007751,0.3878214955329895,0.4773842394351959,0.3680906891822815,2.9974517822265625,3.0193328857421875,Fixation,1213.4787393363047,525.1712716572483,612.0,9.0,True,14,image,,10.0
2372.0,1209.2833709716797,532.1270942687988,0.464589387178421,0.3767720758914947,0.4723763167858124,0.3695327043533325,2.992279052734375,3.0384979248046875,Fixation,1213.4787393363047,525.1712716572483,612.0,9.0,True,14,image,,10.0
2376.0,1215.6649017333982,509.29025173187256,0.4691293239593506,0.388247936964035,0.4748691022396087,0.3536737859249115,3.019256591796875,3.0119171142578125,Fixation,1213.4787393363047,525.1712716572483,612.0,9.0,True,14,image,,10.0
2380.0,1223.2011413574219,511.49524211883545,0.4639014303684234,0.373869389295578,0.4778129458427429,0.3552050292491913,2.9864654541015625,3.002685546875,Fixation,1213.4787393363047,525.1712716572483,612.0,9.0,True,14,image,,10.0
2384.0,1223.7056732177732,518.3939266204834,0.4663920402526855,0.3771179020404815,0.4780100286006927,0.3599957823753357,2.98712158203125,3.03082275390625,Fixation,1213.4787393363047,525.1712716572483,612.0,9.0,True,14,image,,10.0
2388.0,1211.7989349365232,533.6906290054321,0.4659229516983032,0.379105806350708,0.4733589589595794,0.3706184923648834,2.998016357421875,3.025253295898437,Fixation,1213.4787393363047,525.1712716572483,612.0,9.0,True,14,image,,10.0
2392.0,1206.5350341796873,521.8889951705933,0.4669300317764282,0.3700331449508667,0.4713027477264404,0.362422913312912,2.9698028564453125,3.024932861328125,Fixation,1213.4787393363047,525.1712716572483,612.0,9.0,True,14,image,,10.0
2396.0,1216.221237182617,516.6748666763306,0.4694055020809173,0.3739271163940429,0.4750864207744598,0.3588019907474518,2.980621337890625,3.021240234375,Fixation,1213.4787393363047,525.1712716572483,612.0,9.0,True,14,image,,10.0
2400.0,1208.35693359375,515.5208301544188,0.4670150279998779,0.3646925985813141,0.4720144271850586,0.3580005764961242,2.975006103515625,3.026763916015625,Fixation,1213.4787393363047,525.1712716572483,612.0,9.0,True,14,image,,10.0
2404.0,1200.018081665039,502.82316684722895,0.4658326804637909,0.3754790425300598,0.4687570631504059,0.3491827547550201,2.976898193359375,3.0033111572265625,Fixation,1213.4787393363047,525.1712716572483,612.0,9.0,True,14,image,,10.0
2408.0,1207.1140289306638,510.4103851318359,0.4652987420558929,0.3724318444728851,0.4715289175510406,0.3544516563415527,2.9845428466796875,3.0278472900390625,Fixation,1213.4787393363047,525.1712716572483,612.0,9.0,True,14,image,,10.0
2412.0,1220.6434631347656,479.65888023376465,0.4708425998687744,0.3887280225753784,0.4768138527870178,0.333096444606781,2.9944610595703125,3.0123291015625,Fixation,1213.4787393363047,525.1712716572483,612.0,9.0,True,14,image,,10.0
2416.0,1200.7589721679688,489.1899490356445,0.4691417217254638,0.3573281466960907,0.4690464735031128,0.3397152423858642,2.975250244140625,2.998275756835937,Fixation,1213.4787393363047,525.1712716572483,612.0,9.0,True,14,image,,10.0
2420.0,1211.7665100097656,494.63049888610834,0.4647459089756012,0.3423934876918793,0.4733462929725647,0.3434934020042419,2.9352569580078125,3.004730224609375,Fixation,1213.4787393363047,525.1712716572483,612.0,9.0,True,14,image,,10.0
2424.0,1200.307922363281,499.93736743926996,0.4644142389297485,0.3820987343788147,0.4688702821731567,0.3471787273883819,2.987655639648437,3.0025634765625,Fixation,1213.4787393363047,525.1712716572483,612.0,9.0,True,14,image,,10.0
2428.0,1213.898696899414,490.42320728301996,0.4647894203662872,0.3724355399608612,0.4741791784763336,0.3405716717243194,2.9874420166015625,2.9996490478515625,Fixation,1213.4787393363047,525.1712716572483,612.0,9.0,True,14,image,,10.0
2432.0,1216.66633605957,508.66098403930664,0.4636033475399017,0.3818258643150329,0.4752602875232696,0.3532367944717407,2.999374389648437,3.023895263671875,Fixation,1213.4787393363047,525.1712716572483,612.0,9.0,True,14,image,,10.0
2436.0,1211.2313079833984,497.2828817367553,0.4648479521274566,0.3731406331062317,0.473137229681015,0.3453353345394134,2.982650756835937,2.993377685546875,Fixation,1213.4787393363047,525.1712716572483,612.0,9.0,True,14,image,,10.0
2440.0,1213.0613708496091,496.20132923126215,0.4640635251998901,0.3864182531833648,0.4738520979881286,0.3445842564105987,3.022857666015625,3.0235595703125,Fixation,1213.4787393363047,525.1712716572483,612.0,9.0,True,14,image,,10.0
2444.0,1212.9946136474607,483.16849708557123,0.4633179008960724,0.3889067471027374,0.4738260209560394,0.3355336785316467,2.997406005859375,2.986190795898437,Fixation,1213.4787393363047,525.1712716572483,612.0,9.0,True,14,image,,10.0
2448.0,1213.1445312499998,515.5403566360472,0.4635777473449707,0.3727158010005951,0.4738845825195312,0.3580141365528106,2.9887237548828125,3.027069091796875,Fixation,1213.4787393363047,525.1712716572483,612.0,9.0,True,14,image,,10.0
2452.0,1222.9811096191406,511.13694190979004,0.461736261844635,0.3690241277217865,0.4777269959449768,0.3549562096595764,2.9608612060546875,3.006500244140625,Fixation,1213.4787393363047,525.1712716572483,612.0,9.0,True,14,image,,10.0
2456.0,1212.0741271972656,500.7635307312012,0.4651670455932617,0.3843643367290497,0.4734664559364319,0.3477524518966675,2.99456787109375,3.0099639892578125,Fixation,1213.4787393363047,525.1712716572483,612.0,9.0,True,14,image,,10.0
2460.0,1218.7543487548828,514.3364524841307,0.4645018875598907,0.3900183141231537,0.4760759174823761,0.3571780920028686,3.0214996337890625,3.001434326171875,Fixation,1213.4787393363047,525.1712716572483,612.0,9.0,True,14,image,,10.0
2464.0,1220.5397033691404,500.513162612915,0.465254932641983,0.3794797658920288,0.4767733216285705,0.3475785851478576,3.00518798828125,3.0015869140625,Fixation,1213.4787393363047,525.1712716572483,612.0,9.0,True,14,image,,10.0
2468.0,1214.6456146240232,503.4228229522705,0.4680297374725342,0.3789140284061432,0.4744709432125091,0.3495991826057434,3.003936767578125,3.0020904541015625,Fixation,1213.4787393363047,525.1712716572483,612.0,9.0,True,14,image,,10.0
2472.0,1210.205307006836,523.949360847473,0.4625585675239563,0.3774444758892059,0.4727364480495453,0.3638537228107452,2.9906158447265625,3.0230712890625,Fixation,1213.4787393363047,525.1712716572483,612.0,9.0,True,14,image,,10.0
2476.0,1220.662841796875,531.9071531295776,0.4630905985832214,0.3760988116264343,0.4768214225769043,0.3693799674510956,3.0020904541015625,3.0407257080078125,Fixation,1213.4787393363047,525.1712716572483,612.0,9.0,True,14,image,,10.0
2480.0,1223.0016326904297,506.82905673980713,0.4625512957572937,0.3939665853977203,0.4777350127696991,0.3519646227359772,3.0075225830078125,3.0156707763671875,Fixation,1213.4787393363047,525.1712716572483,612.0,9.0,True,14,image,,10.0
2484.0,1216.5750885009763,505.45443534851074,0.4629010856151581,0.3699341118335724,0.4752246439456939,0.3510100245475769,2.9917755126953125,3.011505126953125,Fixation,1213.4787393363047,525.1712716572483,612.0,9.0,True,14,image,,10.0
2488.0,1211.3459777832031,508.3600616455078,0.4662359952926636,0.3807001113891601,0.4731820225715637,0.3530278205871582,2.998779296875,3.0189666748046875,Fixation,1213.4787393363047,525.1712716572483,612.0,9.0,True,14,image,,10.0
2492.0,1214.878921508789,535.3903770446776,0.4635143280029297,0.3680168390274048,0.4745620787143707,0.3717988729476928,2.9754791259765625,3.038070678710937,Fixation,1213.4787393363047,525.1712716572483,612.0,9.0,True,14,image,,10.0
2496.0,1213.3165740966797,517.7847003936766,0.4659565985202789,0.3516262769699096,0.4739517867565155,0.3595727086067199,2.932113647460937,3.0290679931640625,Fixation,1213.4787393363047,525.1712716572483,612.0,9.0,True,14,image,,10.0
2500.0,1212.8378295898438,522.6367521286011,0.4652107656002044,0.3758608698844909,0.4737647771835327,0.3629421889781952,3.0093994140625,3.0426177978515625,Fixation,1213.4787393363047,525.1712716572483,612.0,9.0,True,14,image,,10.0
2504.0,1215.9947967529295,531.556191444397,0.463456243276596,0.3693136572837829,0.4749979674816131,0.369136244058609,2.979339599609375,3.0413970947265625,Fixation,1213.4787393363047,525.1712716572483,612.0,9.0,True,14,image,,10.0
2508.0,1215.6932830810547,540.7694721221924,0.4639606177806854,0.3663554191589355,0.474880188703537,0.3755343556404114,2.965194702148437,3.049667358398437,Fixation,1213.4787393363047,525.1712716572483,612.0,9.0,True,14,image,,10.0
2512.0,1217.791976928711,521.5018558502197,0.4639715850353241,0.3634486198425293,0.4756999909877777,0.3621540665626526,2.970245361328125,3.0376739501953125,Fixation,1213.4787393363047,525.1712716572483,612.0,9.0,True,14,image,,10.0
2516.0,1218.5909271240232,520.7329845428466,0.4622616469860077,0.3920049667358398,0.4760120809078216,0.3616201281547546,3.02178955078125,3.0267486572265625,Fixation,1213.4787393363047,525.1712716572483,612.0,9.0,True,14,image,,10.0
2520.0,1216.868896484375,538.2418870925903,0.4636797606945038,0.3964165449142456,0.475339412689209,0.3737790882587433,3.0415802001953125,3.04986572265625,Fixation,1213.4787393363047,525.1712716572483,612.0,9.0,True,14,image,,10.0
2524.0,1215.2596282958984,551.2293577194214,0.4656738936901092,0.3072692453861236,0.4747107923030853,0.3827981650829315,2.8829498291015625,3.0513153076171875,Fixation,1213.4787393363047,525.1712716572483,612.0,9.0,True,14,image,,10.0
2528.0,1216.1660003662107,515.2902030944824,0.4639685153961181,0.3823548555374145,0.4750648438930511,0.3578404188156128,3.01470947265625,3.021514892578125,Fixation,1213.4787393363047,525.1712716572483,612.0,9.0,True,14,image,,10.0
2532.0,1219.812316894531,550.9529829025267,0.460491806268692,0.371601402759552,0.4764891862869262,0.3826062381267547,2.994857788085937,3.05902099609375,Fixation,1213.4787393363047,525.1712716572483,612.0,9.0,True,14,image,,10.0
2536.0,1219.8168945312498,541.2595224380492,0.4633690416812897,0.3826720118522644,0.4764909744262695,0.3758746683597564,2.996124267578125,3.05242919921875,Fixation,1213.4787393363047,525.1712716572483,612.0,9.0,True,14,image,,10.0
2540.0,1212.1092224121094,544.5062398910521,0.4634844362735748,0.3686528205871582,0.4734801650047302,0.3781293332576751,2.99163818359375,3.0577392578125,Fixation,1213.4787393363047,525.1712716572483,612.0,9.0,True,14,image,,10.0
2544.0,1213.2476043701172,545.699028968811,0.46564781665802,0.356668084859848,0.473924845457077,0.3789576590061188,2.96832275390625,3.0471954345703125,Fixation,1213.4787393363047,525.1712716572483,612.0,9.0,True,14,image,,10.0
2548.0,1212.0679473876953,547.4660253524779,0.4638571143150329,0.3694815635681152,0.4734640419483185,0.3801847398281097,2.986419677734375,3.05816650390625,Fixation,1213.4787393363047,525.1712716572483,612.0,9.0,True,14,image,,10.0
2552.0,1197.1237182617188,531.4850378036499,0.4644525349140167,0.3437432050704956,0.4676264524459839,0.3690868318080902,2.9477691650390625,3.049530029296875,Fixation,1213.4787393363047,525.1712716572483,612.0,9.0,True,14,image,,10.0
2556.0,1222.491455078125,548.9753580093384,0.462441086769104,0.3436956703662872,0.4775357246398926,0.381232887506485,2.931549072265625,3.0581207275390625,Fixation,1213.4787393363047,525.1712716572483,612.0,9.0,True,14,image,,10.0
2560.0,1214.1890716552734,541.0250329971313,0.4673123359680176,0.3728677630424499,0.4742926061153412,0.3757118284702301,2.9892578125,3.0485382080078125,Fixation,1213.4787393363047,525.1712716572483,612.0,9.0,True,14,image,,10.0
2564.0,1219.8418426513672,545.0767993927002,0.4644310474395752,0.3713917732238769,0.4765007197856903,0.3785255551338196,2.9902801513671875,3.0455780029296875,Fixation,1213.4787393363047,525.1712716572483,612.0,9.0,True,14,image,,10.0
2568.0,1213.1800842285156,547.4595022201538,0.4652930498123169,0.3864824771881103,0.4738984704017639,0.3801802098751068,3.028167724609375,3.0436248779296875,Fixation,1213.4787393363047,525.1712716572483,612.0,9.0,True,14,image,,10.0
2572.0,1219.6043395996094,547.0168304443358,0.4620552361011505,0.386457085609436,0.4764079451560974,0.3798727989196777,3.0176239013671875,3.0428619384765625,Fixation,1213.4787393363047,525.1712716572483,612.0,9.0,True,14,image,,10.0
2576.0,1225.5013275146482,507.0971918106079,0.4623242616653442,0.3845270872116089,0.4787114560604095,0.3521508276462555,3.0142364501953125,3.0124969482421875,Fixation,1213.4787393363047,525.1712716572483,612.0,9.0,True,14,image,,10.0
2580.0,1214.2916107177732,444.89586353301996,0.4652672708034515,0.3969753682613373,0.4743326604366302,0.3089554607868194,3.0375213623046875,2.94879150390625,Fixation,1213.4787393363047,525.1712716572483,612.0,9.0,True,14,image,,10.0
2584.0,1211.7297363281248,445.52907943725586,0.4637103378772735,0.3692729473114013,0.4733319282531738,0.3093951940536499,3.00927734375,2.9584503173828125,Fixation,1213.4787393363047,525.1712716572483,612.0,9.0,True,14,image,,10.0
2588.0,1207.6128387451172,461.51032447814936,0.4608851075172424,0.3438954353332519,0.4717237651348114,0.3204932808876037,2.948394775390625,2.969757080078125,Fixation,1213.4787393363047,525.1712716572483,612.0,9.0,True,14,image,,10.0
2592.0,1215.7196807861326,476.3843107223511,0.4626680612564087,0.3514849245548248,0.4748905003070831,0.3308224380016327,2.954132080078125,2.984954833984375,Fixation,1213.4787393363047,525.1712716572483,612.0,9.0,True,14,image,,10.0
2596.0,1207.3269653320312,497.64294147491455,0.4604617357254028,0.3239376842975616,0.4716120958328247,0.3455853760242462,2.9273223876953125,3.00811767578125,Fixation,1213.4787393363047,525.1712716572483,612.0,9.0,True,14,image,,10.0
2600.0,1219.1627502441404,527.5067424774169,0.4628572762012481,0.3378073275089264,0.4762354493141174,0.3663241267204284,2.9526519775390625,3.0402984619140625,Fixation,1213.4787393363047,525.1712716572483,612.0,9.0,True,14,image,,10.0
2604.0,1214.3621826171873,515.5750322341919,0.467024952173233,0.3594782650470733,0.4743602275848388,0.3580382168292999,2.97088623046875,2.9895782470703125,Fixation,1213.4787393363047,525.1712716572483,612.0,9.0,True,14,image,,10.0
2608.0,1208.127746582031,533.1901502609253,0.4632757604122162,0.3505603373050689,0.4719249010086059,0.3702709376811981,2.957138061523437,3.0361480712890625,Fixation,1213.4787393363047,525.1712716572483,612.0,9.0,True,14,image,,10.0
2612.0,1212.8913116455078,525.3207635879515,0.4605074524879455,0.3648947179317474,0.4737856686115265,0.3648060858249664,3.0102081298828125,3.025146484375,Fixation,1213.4787393363047,525.1712716572483,612.0,9.0,True,14,image,,10.0
2616.0,1214.1700744628904,529.4242429733276,0.4606269299983978,0.3561567664146423,0.4742851853370666,0.3676557242870331,2.968856811523437,3.042709350585937,Fixation,1213.4787393363047,525.1712716572483,612.0,9.0,True,14,image,,10.0
2620.0,1215.5964660644531,519.4952201843261,0.4643062949180603,0.3737377226352691,0.474842369556427,0.3607605695724487,3.005966186523437,3.019515991210937,Fixation,1213.4787393363047,525.1712716572483,612.0,9.0,True,14,image,,10.0
2624.0,1216.6615295410154,529.6534538269042,0.4652659296989441,0.3725779056549072,0.4752584099769592,0.3678148984909057,2.977783203125,3.027130126953125,Fixation,1213.4787393363047,525.1712716572483,612.0,9.0,True,14,image,,10.0
2628.0,1219.4303131103516,542.0658588409424,0.4658630490303039,0.377805233001709,0.4763399660587311,0.3764346241950989,3.0001983642578125,3.0247955322265625,Fixation,1213.4787393363047,525.1712716572483,612.0,9.0,True,14,image,,10.0
2632.0,1214.3878173828123,523.9195775985718,0.4628883302211761,0.3780562579631805,0.4743702411651611,0.3638330399990082,2.9929656982421875,3.0200653076171875,Fixation,1213.4787393363047,525.1712716572483,612.0,9.0,True,14,image,,10.0
2636.0,1217.6904296875,512.0541286468505,0.4663533568382263,0.3592044115066528,0.4756603240966797,0.3555931448936462,2.97869873046875,2.9936981201171875,Fixation,1213.4787393363047,525.1712716572483,612.0,9.0,True,14,image,,10.0
2640.0,1218.5564422607422,535.9311962127686,0.4648847579956054,0.3752000629901886,0.4759986102581024,0.3721744418144226,3.006744384765625,3.0186004638671875,Fixation,1213.4787393363047,525.1712716572483,612.0,9.0,True,14,image,,10.0
2644.0,1214.4170379638672,518.1704235076904,0.4646627008914947,0.3854252398014068,0.4743816554546356,0.3598405718803406,3.000518798828125,3.00384521484375,Fixation,1213.4787393363047,525.1712716572483,612.0,9.0,True,14,image,,10.0
2648.0,1204.3026733398435,536.2214756011963,0.4618558883666992,0.3709322214126587,0.4704307317733764,0.372376024723053,2.9832000732421875,3.0072784423828125,Fixation,1213.4787393363047,525.1712716572483,612.0,9.0,True,14,image,,10.0
2652.0,1216.7836761474607,520.3783321380615,0.4614700078964233,0.3772948086261749,0.4753061234951019,0.3613738417625427,2.9878692626953125,3.00738525390625,Fixation,1213.4787393363047,525.1712716572483,612.0,9.0,True,14,image,,10.0
2656.0,1210.458755493164,552.3965263366698,0.464569091796875,0.3589048087596893,0.4728354513645172,0.3836086988449096,2.956039428710937,3.044158935546875,Fixation,1213.4787393363047,525.1712716572483,612.0,9.0,True,14,image,,10.0
2660.0,1214.0736389160156,541.150689125061,0.4628389775753021,0.3627297580242157,0.4742475152015686,0.3757990896701813,2.9639129638671875,3.02301025390625,Fixation,1213.4787393363047,525.1712716572483,612.0,9.0,True,14,image,,10.0
2664.0,1215.6845092773438,534.1731691360472,0.4659617245197296,0.3677093982696533,0.4748767614364624,0.3709535896778106,2.9629364013671875,3.0061187744140625,Fixation,1213.4787393363047,525.1712716572483,612.0,9.0,True,14,image,,10.0
2668.0,1214.807434082031,547.3470640182494,0.4659933447837829,0.3728097975254059,0.4745341539382934,0.380102127790451,2.9839324951171875,3.023345947265625,Fixation,1213.4787393363047,525.1712716572483,612.0,9.0,True,14,image,,10.0
2672.0,1200.1371002197266,535.9551000595092,0.4635891318321228,0.3795482218265533,0.4688035547733307,0.3721910417079925,2.9940185546875,2.993896484375,Fixation,1213.4787393363047,525.1712716572483,612.0,9.0,True,14,image,,10.0
2676.0,1208.7300109863281,532.5380516052246,0.460429698228836,0.371602863073349,0.4721601605415344,0.3698180913925171,2.9825592041015625,2.9958038330078125,Fixation,1213.4787393363047,525.1712716572483,612.0,9.0,True,14,image,,10.0
2680.0,1212.7370452880857,539.8266220092773,0.4659280776977539,0.3887320458889007,0.4737254083156585,0.3748795986175537,3.000518798828125,3.0216827392578125,Fixation,1213.4787393363047,525.1712716572483,612.0,9.0,True,14,image,,10.0
2684.0,1201.9379425048826,540.9428501129149,0.4649433493614197,0.3635876178741455,0.4695070087909698,0.3756547570228576,2.976318359375,3.0001220703125,Fixation,1213.4787393363047,525.1712716572483,612.0,9.0,True,14,image,,10.0
2688.0,1209.762725830078,543.6740255355835,0.4619356989860534,0.3814732134342193,0.4725635647773742,0.377551406621933,2.994964599609375,3.004241943359375,Fixation,1213.4787393363047,525.1712716572483,612.0,9.0,True,14,image,,10.0
2692.0,1204.9711608886716,530.91233253479,0.4609010219573974,0.3687591850757599,0.4706918597221374,0.3686891198158264,2.961776733398437,3.0072174072265625,Fixation,1213.4787393363047,525.1712716572483,612.0,9.0,True,14,image,,10.0
2696.0,1206.7840576171873,539.1098928451538,0.4597907960414886,0.3819074332714081,0.4714000225067138,0.3743818700313568,3.0043182373046875,3.0019073486328125,Fixation,1213.4787393363047,525.1712716572483,612.0,9.0,True,14,image,,10.0
2700.0,1208.649978637695,543.8631105422972,0.4627092182636261,0.3795428276062011,0.4721288979053497,0.3776827156543731,2.985748291015625,2.998199462890625,Fixation,1213.4787393363047,525.1712716572483,612.0,9.0,True,14,image,,10.0
2704.0,1206.7687988281248,499.7096157073974,0.463493287563324,0.3816391825675964,0.4713940620422363,0.3470205664634704,2.9777984619140625,2.9766387939453125,Fixation,1213.4787393363047,525.1712716572483,612.0,9.0,True,14,image,,10.0
2708.0,1219.2001342773438,537.8932857513427,0.4603082239627838,0.3706793189048767,0.4762500524520874,0.373537003993988,2.9663543701171875,3.008544921875,Fixation,1213.4787393363047,525.1712716572483,612.0,9.0,True,14,image,,10.0
2712.0,1208.07014465332,544.787721633911,0.4631879925727844,0.378488540649414,0.4719024002552032,0.378324806690216,2.991683959960937,3.001617431640625,Fixation,1213.4787393363047,525.1712716572483,612.0,9.0,True,14,image,,10.0
2716.0,1211.1975097656248,536.634407043457,0.4699795544147491,0.3890659213066101,0.4731240272521972,0.3726627826690674,2.9974365234375,2.9934539794921875,Fixation,1213.4787393363047,525.1712716572483,612.0,9.0,True,14,image,,10.0
2720.0,1201.042251586914,537.9164171218872,0.4648969173431396,0.3726781606674194,0.4691571295261383,0.373553067445755,2.9606475830078125,2.9961395263671875,Fixation,1213.4787393363047,525.1712716572483,612.0,9.0,True,14,image,,10.0
2724.0,1210.0564575195312,532.4144983291626,0.46004119515419,0.3699837923049927,0.4726783037185669,0.3697322905063629,2.96942138671875,2.998809814453125,Fixation,1213.4787393363047,525.1712716572483,612.0,9.0,True,14,image,,10.0
2728.0,1201.365051269531,524.858522415161,0.4596349895000458,0.3734734356403351,0.4692832231521606,0.3644850850105285,2.9728546142578125,2.9810028076171875,Fixation,1213.4787393363047,525.1712716572483,612.0,9.0,True,14,image,,10.0
2732.0,1201.1624145507812,542.9372978210449,0.4590624570846557,0.3785849511623382,0.4692040681838989,0.3770397901535034,2.9597625732421875,2.9884490966796875,Fixation,1213.4787393363047,525.1712716572483,612.0,9.0,True,14,image,,10.0
2736.0,1205.1885223388672,548.9141607284545,0.4565607905387878,0.3719363212585449,0.47077676653862,0.3811903893947601,2.95703125,2.9916229248046875,Fixation,1213.4787393363047,525.1712716572483,612.0,9.0,True,14,image,,10.0
2740.0,1206.6319274902344,521.1920928955078,0.4631523787975311,0.3786447644233703,0.4713405966758728,0.3619389533996582,2.971954345703125,2.977691650390625,Fixation,1213.4787393363047,525.1712716572483,612.0,9.0,True,14,image,,10.0
2744.0,1202.1983337402341,538.6918973922728,0.4622272551059723,0.3728514909744262,0.469608724117279,0.3740915954113006,2.9667510986328125,2.98712158203125,Fixation,1213.4787393363047,525.1712716572483,612.0,9.0,True,14,image,,10.0
2748.0,1208.3277893066406,542.112250328064,0.467324435710907,0.3807792961597442,0.4720030426979065,0.3764668405056,2.98193359375,3.002304077148437,Fixation,1213.4787393363047,525.1712716572483,612.0,9.0,True,14,image,,10.0
2752.0,1208.5546875,531.2323093414307,0.4641644358634949,0.3702021837234497,0.4720916748046875,0.3689113259315491,2.979339599609375,2.982696533203125,Fixation,1213.4787393363047,525.1712716572483,612.0,9.0,True,14,image,,10.0
2756.0,1212.102355957031,525.9736776351929,0.4622355699539184,0.3743586540222168,0.4734774827957153,0.3652594983577728,2.961410522460937,2.9865875244140625,Fixation,1213.4787393363047,525.1712716572483,612.0,9.0,True,14,image,,10.0
2760.0,1207.0233917236326,545.1271390914916,0.4618339836597442,0.376039445400238,0.471493512392044,0.3785605132579803,2.9577178955078125,3.000717163085937,Fixation,1213.4787393363047,525.1712716572483,612.0,9.0,True,14,image,,10.0
2764.0,1197.5083923339841,557.2202110290527,0.4604361951351166,0.3903546333312988,0.4677767157554626,0.3869584798812866,2.9996490478515625,3.019271850585937,Fixation,1213.4787393363047,525.1712716572483,612.0,9.0,True,14,image,,10.0
2768.0,1212.0177459716797,546.351900100708,0.4605861008167267,0.3643956482410431,0.4734444320201874,0.3794110417366028,2.931015014648437,2.992095947265625,Fixation,1213.4787393363047,525.1712716572483,612.0,9.0,True,14,image,,10.0
2772.0,1215.6459045410154,529.1394996643066,0.4591002166271209,0.3602346777915954,0.4748616814613342,0.3674579858779907,2.942230224609375,2.982421875,Fixation,1213.4787393363047,525.1712716572483,612.0,9.0,True,14,image,,10.0
2776.0,1212.8715515136719,530.0732946395874,0.4618539214134216,0.3939911425113678,0.4737779498100281,0.3681064546108246,3.0015411376953125,2.981597900390625,Fixation,1213.4787393363047,525.1712716572483,612.0,9.0,True,14,image,,10.0
2780.0,1204.5756530761716,538.6630582809447,0.4599872827529907,0.3785954713821411,0.4705373644828796,0.3740715682506561,2.9767303466796875,3.0112762451171875,Fixation,1213.4787393363047,525.1712716572483,612.0,9.0,True,14,image,,10.0
2784.0,1209.470291137695,541.071081161499,0.4631074368953705,0.3881429433822632,0.4724493324756622,0.3757438063621521,2.986724853515625,2.9920654296875,Fixation,1213.4787393363047,525.1712716572483,612.0,9.0,True,14,image,,10.0
2788.0,1217.4921417236326,540.9704875946044,0.4642206728458404,0.3733261227607727,0.475582867860794,0.3756739497184753,2.9871826171875,2.9947052001953125,Fixation,1213.4787393363047,525.1712716572483,612.0,9.0,True,14,image,,10.0
2792.0,1214.1600799560545,541.3367700576782,0.4635469019412994,0.3807101249694824,0.4742812812328338,0.3759283125400543,2.961532592773437,2.9759979248046875,Fixation,1213.4787393363047,525.1712716572483,612.0,9.0,True,14,image,,10.0
2796.0,1212.4597930908203,546.9558906555176,0.4594844877719879,0.3812227547168731,0.4736171066761017,0.3798304796218872,2.9800262451171875,2.983627319335937,Fixation,1213.4787393363047,525.1712716572483,612.0,9.0,True,14,image,,10.0
2800.0,1211.981964111328,543.3299303054808,0.4608369469642639,0.3820907473564148,0.4734304547309875,0.3773124516010284,2.98944091796875,2.983795166015625,Fixation,1213.4787393363047,525.1712716572483,612.0,9.0,True,14,image,,10.0
2804.0,1194.1396331787107,516.8675565719603,0.4632782638072967,0.3681613802909851,0.4664607942104339,0.3589358031749725,2.94775390625,2.970947265625,Fixation,1213.4787393363047,525.1712716572483,612.0,9.0,True,14,image,,10.0
2808.0,1211.076736450195,524.0069532394409,0.4640242755413055,0.3832305073738098,0.4730768501758575,0.3638937175273895,2.9823455810546875,2.9586181640625,Fixation,1213.4787393363047,525.1712716572483,612.0,9.0,True,14,image,,10.0
2812.0,1207.0382690429685,533.6047983169555,0.4617511034011841,0.3938091695308685,0.4714993238449096,0.370558887720108,3.0064849853515625,2.9821929931640625,Fixation,1213.4787393363047,525.1712716572483,612.0,9.0,True,14,image,,10.0
