timestamp,x,y,l_x,l_y,r_x,r_y,pupil_l,pupil_r,event_type,fixation_x,fixation_y,event_duration,fixation_id,merged,event_id,aoi_type,aoi,aoi_id
0.0,1282.1316528320312,694.7416591644286,0.5006503462791443,0.4779224991798401,0.5008326768875122,0.4824594855308532,3.3398895263671875,3.4340972900390625,Fixation,1287.0983723231725,702.563826084137,276.0,1.0,True,1,image,,9.0
4.0,1283.2052612304688,695.689959526062,0.504306435585022,0.4735669791698456,0.5012520551681519,0.4831180274486542,3.329818725585937,3.4367218017578125,Fixation,1287.0983723231725,702.563826084137,276.0,1.0,True,1,image,,9.0
8.0,1286.0845947265625,703.9539527893066,0.5034417510032654,0.4711924791336059,0.5023767948150635,0.4888569116592407,3.343017578125,3.465911865234375,Fixation,1287.0983723231725,702.563826084137,276.0,1.0,True,1,image,,9.0
12.0,1285.4093933105469,696.4979267120361,0.4993930160999298,0.4767236113548279,0.5021130442619324,0.4836791157722473,3.346923828125,3.439605712890625,Fixation,1287.0983723231725,702.563826084137,276.0,1.0,True,1,image,,9.0
16.0,1289.3594360351562,688.6103868484496,0.5032359957695007,0.4740464389324188,0.5036560297012329,0.4782016575336456,3.372283935546875,3.433563232421875,Fixation,1287.0983723231725,702.563826084137,276.0,1.0,True,1,image,,9.0
20.0,1289.215087890625,702.738847732544,0.5049933791160583,0.4728712737560272,0.5035996437072754,0.4880130887031555,3.345367431640625,3.445465087890625,Fixation,1287.0983723231725,702.563826084137,276.0,1.0,True,1,image,,9.0
24.0,1289.0866088867188,700.0269842147826,0.5070836544036865,0.4822525978088379,0.5035494565963745,0.4861298501491546,3.3764190673828125,3.443145751953125,Fixation,1287.0983723231725,702.563826084137,276.0,1.0,True,1,image,,9.0
28.0,1290.4270935058594,685.8180570602416,0.5066064596176147,0.465548425912857,0.5040730834007263,0.4762625396251678,3.320892333984375,3.4239654541015625,Fixation,1287.0983723231725,702.563826084137,276.0,1.0,True,1,image,,9.0
32.0,1299.1899108886719,672.0097017288208,0.5053426027297974,0.4748000800609588,0.5074960589408875,0.4666734039783478,3.3540802001953125,3.3937225341796875,Fixation,1287.0983723231725,702.563826084137,276.0,1.0,True,1,image,,9.0
36.0,1290.479736328125,689.2712831497191,0.5044183135032654,0.4670567512512207,0.5040936470031738,0.4786606132984161,3.3312530517578125,3.4110260009765625,Fixation,1287.0983723231725,702.563826084137,276.0,1.0,True,1,image,,9.0
40.0,1291.253662109375,703.180317878723,0.5049785375595093,0.4735645949840545,0.5043959617614746,0.4883196651935577,3.35003662109375,3.4329071044921875,Fixation,1287.0983723231725,702.563826084137,276.0,1.0,True,1,image,,9.0
44.0,1291.4405822753906,690.055775642395,0.5044624209403992,0.4722052812576294,0.5044689774513245,0.4792053997516632,3.32666015625,3.42169189453125,Fixation,1287.0983723231725,702.563826084137,276.0,1.0,True,1,image,,9.0
48.0,1289.9678039550781,687.2122478485107,0.5055027008056641,0.4676125645637512,0.5038936734199524,0.4772307276725769,3.321990966796875,3.4089508056640625,Fixation,1287.0983723231725,702.563826084137,276.0,1.0,True,1,image,,9.0
52.0,1296.7849731445312,694.4427967071532,0.5040866732597351,0.4765389263629913,0.5065566301345825,0.4822519421577453,3.3523101806640625,3.419296264648437,Fixation,1287.0983723231725,702.563826084137,276.0,1.0,True,1,image,,9.0
56.0,1288.5746765136719,689.3990421295166,0.506684422492981,0.4853187501430511,0.5033494830131531,0.4787493348121643,3.3560943603515625,3.4098663330078125,Fixation,1287.0983723231725,702.563826084137,276.0,1.0,True,1,image,,9.0
60.0,1289.6376037597656,682.4139261245728,0.5053628087043762,0.4764080941677093,0.5037646889686584,0.4738985598087311,3.333404541015625,3.3890533447265625,Fixation,1287.0983723231725,702.563826084137,276.0,1.0,True,1,image,,9.0
64.0,1296.3360595703125,686.115846633911,0.5037819147109985,0.4791905581951141,0.5063812732696533,0.476469337940216,3.3335113525390625,3.3956298828125,Fixation,1287.0983723231725,702.563826084137,276.0,1.0,True,1,image,,9.0
68.0,1285.4597473144531,692.4395084381102,0.5038678050041199,0.4678847789764404,0.5021327137947083,0.4808607697486877,3.3280487060546875,3.422454833984375,Fixation,1287.0983723231725,702.563826084137,276.0,1.0,True,1,image,,9.0
72.0,1293.6164855957031,694.1912698745728,0.5028979778289795,0.4741037786006927,0.5053189396858215,0.4820772707462311,3.327499389648437,3.40869140625,Fixation,1287.0983723231725,702.563826084137,276.0,1.0,True,1,image,,9.0
76.0,1290.41015625,684.0148830413817,0.5038247108459473,0.4736760854721069,0.5040664672851562,0.475010335445404,3.3296051025390625,3.379058837890625,Fixation,1287.0983723231725,702.563826084137,276.0,1.0,True,1,image,,9.0
80.0,1287.6324462890625,686.4629888534545,0.5029114484786987,0.4723280072212219,0.502981424331665,0.4767104089260101,3.32025146484375,3.3943634033203125,Fixation,1287.0983723231725,702.563826084137,276.0,1.0,True,1,image,,9.0
84.0,1290.1991271972656,680.1628875732422,0.5051732063293457,0.4766688942909241,0.5039840340614319,0.4723353385925293,3.3332672119140625,3.3666229248046875,Fixation,1287.0983723231725,702.563826084137,276.0,1.0,True,1,image,,9.0
88.0,1290.9635925292969,679.9213171005248,0.5044734477996826,0.4797737002372741,0.5042826533317566,0.4721675813198089,3.3236541748046875,3.363006591796875,Fixation,1287.0983723231725,702.563826084137,276.0,1.0,True,1,image,,9.0
92.0,1286.1643981933594,690.5483150482178,0.5084555745124817,0.4836719036102295,0.502407968044281,0.4795474410057068,3.341278076171875,3.3943023681640625,Fixation,1287.0983723231725,702.563826084137,276.0,1.0,True,1,image,,9.0
96.0,1289.1499328613281,695.7568216323853,0.5041249990463257,0.487352967262268,0.5035741925239563,0.4831644594669342,3.330917358398437,3.38336181640625,Fixation,1287.0983723231725,702.563826084137,276.0,1.0,True,1,image,,9.0
100.0,1282.7674865722656,697.286581993103,0.5061541199684143,0.4776197969913482,0.5010810494422913,0.484226793050766,3.30908203125,3.400619506835937,Fixation,1287.0983723231725,702.563826084137,276.0,1.0,True,1,image,,9.0
104.0,1281.3334655761719,698.1959581375121,0.5050670504570007,0.4763745963573456,0.5005208849906921,0.4848583042621612,3.3173370361328125,3.38348388671875,Fixation,1287.0983723231725,702.563826084137,276.0,1.0,True,1,image,,9.0
108.0,1288.3509826660156,710.7680940628051,0.5052312612533569,0.4720182716846466,0.5032621026039124,0.4935889542102813,3.2880096435546875,3.4083404541015625,Fixation,1287.0983723231725,702.563826084137,276.0,1.0,True,1,image,,9.0
112.0,1289.3052673339844,704.4986343383788,0.506769597530365,0.4729640185832977,0.5036348700523376,0.4892351627349853,3.2974090576171875,3.379974365234375,Fixation,1287.0983723231725,702.563826084137,276.0,1.0,True,1,image,,9.0
116.0,1284.6846008300781,721.1871242523193,0.5072357654571533,0.4804407954216003,0.5018299221992493,0.5008243918418884,3.29901123046875,3.4302215576171875,Fixation,1287.0983723231725,702.563826084137,276.0,1.0,True,1,image,,9.0
120.0,1297.2808837890625,675.5937337875365,0.5056759715080261,0.4799356758594513,0.5067503452301025,0.4691623151302337,3.297836303710937,3.330841064453125,Fixation,1287.0983723231725,702.563826084137,276.0,1.0,True,1,image,,9.0
124.0,1290.4533386230469,702.0825433731079,0.5081617832183838,0.4841821789741516,0.5040833353996277,0.4875573217868805,3.312973022460937,3.3720703125,Fixation,1287.0983723231725,702.563826084137,276.0,1.0,True,1,image,,9.0
128.0,1292.7525329589844,701.8097734451294,0.5041282773017883,0.4837231934070587,0.5049814581871033,0.4873678982257843,3.29229736328125,3.37030029296875,Fixation,1287.0983723231725,702.563826084137,276.0,1.0,True,1,image,,9.0
132.0,1286.9491577148438,707.1743202209473,0.507575273513794,0.4794158637523651,0.5027145147323608,0.4910932779312134,3.3020782470703125,3.381103515625,Fixation,1287.0983723231725,702.563826084137,276.0,1.0,True,1,image,,9.0
136.0,1298.104248046875,690.0632858276366,0.503670871257782,0.4739459455013275,0.5070719718933105,0.479210615158081,3.24481201171875,3.3311309814453125,Fixation,1287.0983723231725,702.563826084137,276.0,1.0,True,1,image,,9.0
140.0,1281.3763427734375,707.6226997375488,0.507910966873169,0.4800735414028168,0.500537633895874,0.49140465259552,3.279022216796875,3.37493896484375,Fixation,1287.0983723231725,702.563826084137,276.0,1.0,True,1,image,,9.0
144.0,1284.6223449707031,699.7074794769286,0.507403552532196,0.4839035868644714,0.5018056035041809,0.4859079718589782,3.2836456298828125,3.3684844970703125,Fixation,1287.0983723231725,702.563826084137,276.0,1.0,True,1,image,,9.0
148.0,1287.6654052734375,704.0371227264404,0.5078330039978027,0.4888105094432831,0.5029942989349365,0.4889146685600281,3.280059814453125,3.3567047119140625,Fixation,1287.0983723231725,702.563826084137,276.0,1.0,True,1,image,,9.0
152.0,1290.4281616210938,688.1285762786865,0.5057934522628784,0.4930755794048309,0.5040735006332397,0.477867066860199,3.282440185546875,3.3413848876953125,Fixation,1287.0983723231725,702.563826084137,276.0,1.0,True,1,image,,9.0
156.0,1289.5553588867188,705.037178993225,0.5075932741165161,0.4943112134933471,0.5037325620651245,0.4896091520786285,3.2747955322265625,3.35101318359375,Fixation,1287.0983723231725,702.563826084137,276.0,1.0,True,1,image,,9.0
160.0,1283.8026428222656,704.984564781189,0.5076562762260437,0.486214816570282,0.5014854073524475,0.4895726144313812,3.24957275390625,3.3586578369140625,Fixation,1287.0983723231725,702.563826084137,276.0,1.0,True,1,image,,9.0
164.0,1295.2674865722656,681.5587949752806,0.5038244724273682,0.4897395074367523,0.5059638619422913,0.4733047187328338,3.2577056884765625,3.30999755859375,Fixation,1287.0983723231725,702.563826084137,276.0,1.0,True,1,image,,9.0
168.0,1285.6376647949219,706.6243600845336,0.5037848949432373,0.491603672504425,0.5022022128105164,0.490711361169815,3.2413787841796875,3.342926025390625,Fixation,1287.0983723231725,702.563826084137,276.0,1.0,True,1,image,,9.0
172.0,1286.5492248535156,703.8509130477904,0.5060582160949707,0.4820528328418731,0.5025582909584045,0.4887853562831878,3.206756591796875,3.327392578125,Fixation,1287.0983723231725,702.563826084137,276.0,1.0,True,1,image,,9.0
176.0,1292.1214294433594,701.7251014709473,0.507212221622467,0.4869205355644226,0.5047349333763123,0.4873090982437134,3.233123779296875,3.3149566650390625,Fixation,1287.0983723231725,702.563826084137,276.0,1.0,True,1,image,,9.0
180.0,1284.9888610839844,715.655550956726,0.5063967704772949,0.493134081363678,0.5019487738609314,0.4969830214977264,3.2376708984375,3.3255157470703125,Fixation,1287.0983723231725,702.563826084137,276.0,1.0,True,1,image,,9.0
184.0,1281.4105224609375,709.8668718338012,0.5078653693199158,0.4902006983757019,0.5005509853363037,0.4929631054401397,3.220443725585937,3.3185577392578125,Fixation,1287.0983723231725,702.563826084137,276.0,1.0,True,1,image,,9.0
188.0,1288.1388854980469,699.4980096817015,0.5047551989555359,0.490406185388565,0.5031792521476746,0.4857625067234039,3.233612060546875,3.2888946533203125,Fixation,1287.0983723231725,702.563826084137,276.0,1.0,True,1,image,,9.0
192.0,1293.9572143554688,700.0809717178345,0.5065503716468811,0.4901537001132965,0.505452036857605,0.4861673414707184,3.22833251953125,3.27783203125,Fixation,1287.0983723231725,702.563826084137,276.0,1.0,True,1,image,,9.0
196.0,1286.40625,718.8963031768798,0.5063768029212952,0.4976091980934143,0.50250244140625,0.4992335438728332,3.2367401123046875,3.302490234375,Fixation,1287.0983723231725,702.563826084137,276.0,1.0,True,1,image,,9.0
200.0,1292.1327209472656,705.7616758346558,0.5063281059265137,0.4898432195186615,0.5047393441200256,0.4901122748851776,3.2337799072265625,3.2907257080078125,Fixation,1287.0983723231725,702.563826084137,276.0,1.0,True,1,image,,9.0
204.0,1287.5662231445312,715.4585695266724,0.5084594488143921,0.494241327047348,0.5029555559158325,0.4968462288379669,3.2318267822265625,3.28521728515625,Fixation,1287.0983723231725,702.563826084137,276.0,1.0,True,1,image,,9.0
208.0,1291.1080932617188,714.923586845398,0.506199061870575,0.4959265887737274,0.5043390989303589,0.4964747130870819,3.235214233398437,3.2780914306640625,Fixation,1287.0983723231725,702.563826084137,276.0,1.0,True,1,image,,9.0
212.0,1291.9810485839844,714.9267625808716,0.5064660310745239,0.4847772419452667,0.5046800971031189,0.4964769184589386,3.22332763671875,3.271240234375,Fixation,1287.0983723231725,702.563826084137,276.0,1.0,True,1,image,,9.0
216.0,1275.3955841064453,734.8028755187988,0.5063419342041016,0.4800961315631866,0.4982014000415802,0.5102797746658325,3.2219390869140625,3.309600830078125,Fixation,1287.0983723231725,702.563826084137,276.0,1.0,True,1,image,,9.0
220.0,1292.4400329589844,702.0437908172607,0.507390558719635,0.4842649400234222,0.5048593878746033,0.4875304102897644,3.2133026123046875,3.2470703125,Fixation,1287.0983723231725,702.563826084137,276.0,1.0,True,1,image,,9.0
224.0,1284.3023681640625,719.704828262329,0.5050771832466125,0.483769804239273,0.5016806125640869,0.4997950196266174,3.221099853515625,3.286895751953125,Fixation,1287.0983723231725,702.563826084137,276.0,1.0,True,1,image,,9.0
228.0,1287.403564453125,712.7579069137572,0.5058863162994385,0.4855194985866546,0.502892017364502,0.4949707686901092,3.212799072265625,3.2603302001953125,Fixation,1287.0983723231725,702.563826084137,276.0,1.0,True,1,image,,9.0
232.0,1287.0674133300781,718.7256288528442,0.5051969289779663,0.4794973134994507,0.5027607083320618,0.4991150200366974,3.18792724609375,3.266708374023437,Fixation,1287.0983723231725,702.563826084137,276.0,1.0,True,1,image,,9.0
236.0,1283.2978820800781,723.5999965667725,0.5092716813087463,0.4782936871051788,0.5012882351875305,0.5024999976158142,3.1905670166015625,3.2830963134765625,Fixation,1287.0983723231725,702.563826084137,276.0,1.0,True,1,image,,9.0
240.0,1292.6496887207031,712.475266456604,0.5043532252311707,0.4830681979656219,0.5049412846565247,0.4947744905948639,3.2105865478515625,3.259506225585937,Fixation,1287.0983723231725,702.563826084137,276.0,1.0,True,1,image,,9.0
244.0,1273.843002319336,721.067476272583,0.5045875906944275,0.4863136708736419,0.4975949227809906,0.5007413029670715,3.20111083984375,3.2730865478515625,Fixation,1287.0983723231725,702.563826084137,276.0,1.0,True,1,image,,9.0
248.0,1277.7194213867188,712.843050956726,0.5048334002494812,0.4847184717655182,0.499109148979187,0.4950298964977264,3.189483642578125,3.2496490478515625,Fixation,1287.0983723231725,702.563826084137,276.0,1.0,True,1,image,,9.0
252.0,1282.2756958007812,719.5320940017699,0.5041908621788025,0.4806295931339264,0.5008889436721802,0.4996750652790069,3.1915435791015625,3.290863037109375,Fixation,1287.0983723231725,702.563826084137,276.0,1.0,True,1,image,,9.0
256.0,1283.924560546875,712.4653100967406,0.5047297477722168,0.4818534255027771,0.501533031463623,0.4947675764560699,3.18524169921875,3.253570556640625,Fixation,1287.0983723231725,702.563826084137,276.0,1.0,True,1,image,,9.0
260.0,1282.1560668945312,716.9936084747314,0.5045648217201233,0.4862322211265564,0.5008422136306763,0.4979122281074524,3.182968139648437,3.25567626953125,Fixation,1287.0983723231725,702.563826084137,276.0,1.0,True,1,image,,9.0
264.0,1274.0017700195312,718.2896947860718,0.5042111873626709,0.4840035140514374,0.4976569414138794,0.4988122880458832,3.177947998046875,3.2404022216796875,Fixation,1287.0983723231725,702.563826084137,276.0,1.0,True,1,image,,9.0
268.0,1283.2528686523438,720.2864170074463,0.5042368173599243,0.4924814105033874,0.5012706518173218,0.5001989006996155,3.1598052978515625,3.2468719482421875,Fixation,1287.0983723231725,702.563826084137,276.0,1.0,True,1,image,,9.0
272.0,1282.8880310058594,723.4835243225098,0.5020149350166321,0.5022432804107666,0.5011281371116638,0.502419114112854,3.1621246337890625,3.2303619384765625,Fixation,1287.0983723231725,702.563826084137,276.0,1.0,True,1,image,,9.0
276.0,1245.3902435302732,737.7145099639893,0.489713191986084,0.5201476216316223,0.486480563879013,0.5123017430305481,3.1262969970703125,3.1908721923828125,Fixation,1287.0983723231725,702.563826084137,276.0,1.0,True,1,image,,9.0
280.0,1189.2072296142576,794.6141624450684,0.464623361825943,0.5389641523361206,0.4645340740680694,0.551815390586853,3.10089111328125,3.16021728515625,Saccade,,,,0.0,False,2,,,
284.0,1162.6920318603513,850.5091667175293,0.4486530125141144,0.5823984742164612,0.4541765749454498,0.590631365776062,3.10955810546875,3.1959381103515625,Saccade,,,,0.0,False,2,,,
288.0,1125.9869384765625,935.8198928833008,0.4359902739524841,0.6294689178466797,0.4398386478424072,0.6498749256134033,3.080535888671875,3.2082977294921875,Saccade,,,,0.0,False,2,,,
292.0,1105.304718017578,965.2892589569092,0.4274100661277771,0.6459954380989075,0.4317596554756164,0.6703397631645203,3.0537261962890625,3.198226928710937,Saccade,,,,0.0,False,2,,,
296.0,1079.251251220703,1006.2444877624512,0.4241489470005035,0.6689320802688599,0.4215825200080871,0.69878089427948,3.07122802734375,3.2242889404296875,Saccade,,,,0.0,False,2,,,
300.0,1039.7621917724607,1044.2857646942139,0.4057121276855469,0.7110015153884888,0.4061571061611175,0.7251984477043152,3.071044921875,3.21038818359375,Fixation,1007.9391479492188,1102.3350732667107,108.0,2.0,True,3,word,small,3.0
304.0,1023.6005401611328,1071.3738441467285,0.3970292210578918,0.7348729372024536,0.3998439610004425,0.7440096139907837,3.086029052734375,3.1832427978515625,Fixation,1007.9391479492188,1102.3350732667107,108.0,2.0,True,3,word,small,3.0
308.0,1018.4062957763671,1087.4023818969727,0.3942791521549225,0.7541801333427429,0.3978149592876434,0.7551405429840088,3.073471069335937,3.16351318359375,Fixation,1007.9391479492188,1102.3350732667107,108.0,2.0,True,3,word,small,3.0
312.0,1026.1674499511719,1098.9052391052246,0.3952755630016327,0.7538780570030212,0.4008466601371765,0.7631286382675171,3.0644073486328125,3.1844024658203125,Fixation,1007.9391479492188,1102.3350732667107,108.0,2.0,True,3,word,small,3.0
316.0,1016.2802886962891,1106.0045528411865,0.3955250680446625,0.7656570672988892,0.3969844877719879,0.768058717250824,3.0621337890625,3.160003662109375,Fixation,1007.9391479492188,1102.3350732667107,108.0,2.0,True,3,word,small,3.0
320.0,1016.2921905517578,1096.1548805236816,0.3927248418331146,0.7577592730522156,0.3969891369342804,0.7612186670303345,3.027740478515625,3.144638061523437,Fixation,1007.9391479492188,1102.3350732667107,108.0,2.0,True,3,word,small,3.0
324.0,1009.1887664794921,1099.1144943237305,0.3939084112644195,0.7659208178520203,0.3942143619060516,0.7632739543914795,3.022430419921875,3.1454010009765625,Fixation,1007.9391479492188,1102.3350732667107,108.0,2.0,True,3,word,small,3.0
328.0,1003.5619354248046,1098.111047744751,0.3961297571659088,0.7647036910057068,0.3920163810253143,0.7625771164894104,3.015121459960937,3.123138427734375,Fixation,1007.9391479492188,1102.3350732667107,108.0,2.0,True,3,word,small,3.0
332.0,1007.8656768798828,1102.6645374298096,0.3895275294780731,0.7674453258514404,0.3936975300312042,0.7657392621040344,3.0089874267578125,3.1218414306640625,Fixation,1007.9391479492188,1102.3350732667107,108.0,2.0,True,3,word,small,3.0
336.0,1011.0643005371093,1106.8834590911865,0.3914869129657745,0.766088604927063,0.3949469923973083,0.768669068813324,2.99310302734375,3.1071319580078125,Fixation,1007.9391479492188,1102.3350732667107,108.0,2.0,True,3,word,small,3.0
340.0,1008.822021484375,1109.6717548370361,0.3918231427669525,0.7714736461639404,0.394071102142334,0.7706053853034973,2.988876342773437,3.09765625,Fixation,1007.9391479492188,1102.3350732667107,108.0,2.0,True,3,word,small,3.0
344.0,1007.9521179199219,1110.1031398773193,0.3911880254745483,0.772570788860321,0.3937312960624695,0.7709049582481384,2.982147216796875,3.107421875,Fixation,1007.9391479492188,1102.3350732667107,108.0,2.0,True,3,word,small,3.0
348.0,1002.2276306152344,1107.4495124816895,0.3948034346103668,0.7732428312301636,0.3914951682090759,0.7690621614456177,2.9749298095703125,3.085067749023437,Fixation,1007.9391479492188,1102.3350732667107,108.0,2.0,True,3,word,small,3.0
352.0,1002.7701568603514,1104.9575901031494,0.3939281105995178,0.7718667387962341,0.3917070925235748,0.7673316597938538,2.9697418212890625,3.0819854736328125,Fixation,1007.9391479492188,1102.3350732667107,108.0,2.0,True,3,word,small,3.0
356.0,1001.0434722900391,1105.49222946167,0.3890607059001922,0.7686338424682617,0.3910326063632965,0.7677029371261597,2.9464569091796875,3.064178466796875,Fixation,1007.9391479492188,1102.3350732667107,108.0,2.0,True,3,word,small,3.0
360.0,993.8689422607422,1102.4551105499268,0.3925558030605316,0.763861358165741,0.3882300555706024,0.7655938267707825,2.9327850341796875,3.038909912109375,Fixation,1007.9391479492188,1102.3350732667107,108.0,2.0,True,3,word,small,3.0
364.0,997.0992279052733,1107.9610633850098,0.391529768705368,0.7709300518035889,0.3894918859004974,0.769417405128479,2.927581787109375,3.03948974609375,Fixation,1007.9391479492188,1102.3350732667107,108.0,2.0,True,3,word,small,3.0
368.0,999.5850372314453,1107.5437545776367,0.3881990611553192,0.7728886604309082,0.3904629051685333,0.769127607345581,2.937469482421875,3.055038452148437,Fixation,1007.9391479492188,1102.3350732667107,108.0,2.0,True,3,word,small,3.0
372.0,1000.6737518310546,1104.9195671081543,0.394148588180542,0.7684556245803833,0.3908881843090057,0.7673052549362183,2.9179229736328125,3.01116943359375,Fixation,1007.9391479492188,1102.3350732667107,108.0,2.0,True,3,word,small,3.0
376.0,1001.3475799560546,1110.1747226715088,0.3970369398593902,0.7777765989303589,0.3911513984203338,0.7709546685218811,2.9051513671875,3.021469116210937,Fixation,1007.9391479492188,1102.3350732667107,108.0,2.0,True,3,word,small,3.0
380.0,1000.557632446289,1103.4634494781494,0.3951414227485657,0.7710744738578796,0.3908428251743316,0.7662940621376038,2.8979644775390625,2.9824371337890625,Fixation,1007.9391479492188,1102.3350732667107,108.0,2.0,True,3,word,small,3.0
384.0,1006.7490386962891,1108.0123901367188,0.3909490406513214,0.767371654510498,0.3932613432407379,0.7694530487060547,2.881454467773437,2.9935302734375,Fixation,1007.9391479492188,1102.3350732667107,108.0,2.0,True,3,word,small,3.0
388.0,1004.0029144287109,1119.7776317596436,0.3925765454769134,0.7682428956031799,0.3921886384487152,0.7776233553886414,2.867904663085937,2.99200439453125,Fixation,1007.9391479492188,1102.3350732667107,108.0,2.0,True,3,word,small,3.0
392.0,1001.7788696289062,1108.075819015503,0.3890555202960968,0.7767821550369263,0.3913198709487915,0.7694970965385437,2.8893585205078125,2.982452392578125,Fixation,1007.9391479492188,1102.3350732667107,108.0,2.0,True,3,word,small,3.0
396.0,1005.9880065917968,1111.35892868042,0.3902673125267029,0.7705414891242981,0.3929640650749206,0.7717770338058472,2.843017578125,2.9657745361328125,Fixation,1007.9391479492188,1102.3350732667107,108.0,2.0,True,3,word,small,3.0
400.0,1009.4552612304686,1112.1257400512695,0.3915800154209137,0.7686582207679749,0.3943184614181518,0.7723095417022705,2.838607788085937,2.962860107421875,Fixation,1007.9391479492188,1102.3350732667107,108.0,2.0,True,3,word,small,3.0
404.0,997.2538757324219,1111.9265270233154,0.3912755250930786,0.7722715735435486,0.3895522952079773,0.7721711993217468,2.8491973876953125,2.9479217529296875,Fixation,1007.9391479492188,1102.3350732667107,108.0,2.0,True,3,word,small,3.0
408.0,1008.9309692382812,1109.01291847229,0.3905943036079407,0.7723411321640015,0.3941136598587036,0.7701478600502014,2.86480712890625,2.9361724853515625,Fixation,1007.9391479492188,1102.3350732667107,108.0,2.0,True,3,word,small,3.0
412.0,1005.5538940429686,1128.1717014312744,0.3931771218776703,0.768646776676178,0.3927944898605346,0.783452570438385,2.8455810546875,2.9621734619140625,Saccade,,,,0.0,False,4,,,
416.0,1005.2987670898438,1121.9988441467285,0.3917450606822967,0.7681889533996582,0.3926948308944702,0.7791658639907837,2.8226776123046875,2.937164306640625,Saccade,,,,0.0,False,4,,,
420.0,1003.3053588867188,1127.375192642212,0.3932497799396515,0.7722830176353455,0.3919161558151245,0.7828994393348694,2.837799072265625,2.945343017578125,Saccade,,,,0.0,False,4,,,
424.0,1001.9994354248046,1112.154836654663,0.3908827304840088,0.7677996754646301,0.3914060294628143,0.7723297476768494,2.8080596923828125,2.914398193359375,Saccade,,,,0.0,False,4,,,
428.0,1013.0158996582031,1118.732385635376,0.3916656374931335,0.7658597230911255,0.3957093358039856,0.7768974900245667,2.809066772460937,2.9268341064453125,Saccade,,,,0.0,False,4,,,
432.0,1012.9969024658202,1122.8910541534424,0.3907223343849182,0.766141951084137,0.395701915025711,0.7797854542732239,2.8009033203125,2.902252197265625,Saccade,,,,0.0,False,4,,,
436.0,1003.4617614746094,1119.0909004211426,0.3899818658828735,0.7598574757575989,0.3919772505760193,0.7771464586257935,2.798919677734375,2.88848876953125,Saccade,,,,0.0,False,4,,,
440.0,1017.6667785644531,1123.3534240722656,0.391757994890213,0.763121485710144,0.3975260853767395,0.7801065444946289,2.7923583984375,2.880126953125,Saccade,,,,0.0,False,4,,,
444.0,1014.4459533691405,1130.4273319244385,0.3910605013370514,0.7589775919914246,0.3962679505348205,0.7850189805030823,2.777816772460937,2.89892578125,Saccade,,,,0.0,False,4,,,
448.0,1011.8228912353516,1129.1142082214355,0.3872889578342438,0.7692347764968872,0.3952433168888092,0.7841070890426636,2.79425048828125,2.888763427734375,Saccade,,,,0.0,False,4,,,
452.0,962.3432159423828,1127.678861618042,0.3711552619934082,0.7738663554191589,0.3759153187274933,0.7831103205680847,2.7931060791015625,2.886749267578125,Saccade,,,,0.0,False,4,,,
456.0,920.594253540039,1135.234022140503,0.3543879687786102,0.7735001444816589,0.3596071302890777,0.7883569598197937,2.7975311279296875,2.8832550048828125,Saccade,,,,0.0,False,4,,,
460.0,902.4547576904297,1137.3185920715332,0.3452436327934265,0.7723584175109863,0.3525213897228241,0.7898045778274536,2.793182373046875,2.8665008544921875,Fixation,863.935302343124,1115.983669574444,464.0,3.0,True,5,word,there,0.0
464.0,901.9777679443359,1128.3916854858398,0.3440411984920501,0.7704619765281677,0.3523350656032562,0.7836053371429443,2.77984619140625,2.8629913330078125,Fixation,863.935302343124,1115.983669574444,464.0,3.0,True,5,word,there,0.0
468.0,882.4676513671875,1123.8381099700928,0.3384297788143158,0.770933985710144,0.3447139263153076,0.7804431319236755,2.7731475830078125,2.876815795898437,Fixation,863.935302343124,1115.983669574444,464.0,3.0,True,5,word,there,0.0
472.0,878.6615753173827,1116.862392425537,0.3387548625469208,0.765372633934021,0.3432271778583526,0.7755988836288452,2.774887084960937,2.8675537109375,Fixation,863.935302343124,1115.983669574444,464.0,3.0,True,5,word,there,0.0
476.0,882.1676635742188,1115.5487537384033,0.3418293297290802,0.766066312789917,0.3445967435836792,0.7746866345405579,2.7915496826171875,2.8706207275390625,Fixation,863.935302343124,1115.983669574444,464.0,3.0,True,5,word,there,0.0
480.0,875.6871795654296,1114.02663230896,0.3428915441036224,0.7707011103630066,0.3420653045177459,0.7736296057701111,2.7855224609375,2.859970092773437,Fixation,863.935302343124,1115.983669574444,464.0,3.0,True,5,word,there,0.0
484.0,885.0883483886718,1121.034278869629,0.3424319326877594,0.7664101719856262,0.3457376360893249,0.7784960269927979,2.771697998046875,2.89691162109375,Fixation,863.935302343124,1115.983669574444,464.0,3.0,True,5,word,there,0.0
488.0,879.9691772460936,1123.1596183776855,0.343153178691864,0.7572221755981445,0.3437379598617553,0.7799719572067261,2.76123046875,2.870086669921875,Fixation,863.935302343124,1115.983669574444,464.0,3.0,True,5,word,there,0.0
492.0,875.5794525146483,1112.7452659606934,0.341438740491867,0.7654755115509033,0.3420232236385345,0.7727397680282593,2.7617340087890625,2.869491577148437,Fixation,863.935302343124,1115.983669574444,464.0,3.0,True,5,word,there,0.0
496.0,886.2786102294922,1117.7590656280518,0.3414581418037414,0.7638067603111267,0.3462025821208954,0.7762215733528137,2.7802886962890625,2.855224609375,Fixation,863.935302343124,1115.983669574444,464.0,3.0,True,5,word,there,0.0
500.0,877.218017578125,1110.6804370880127,0.341060608625412,0.7636364102363586,0.3426632881164551,0.7713058590888977,2.766510009765625,2.876007080078125,Fixation,863.935302343124,1115.983669574444,464.0,3.0,True,5,word,there,0.0
504.0,882.4333953857421,1112.425889968872,0.3423013091087341,0.7577723860740662,0.3447005450725555,0.77251797914505,2.741683959960937,2.866195678710937,Fixation,863.935302343124,1115.983669574444,464.0,3.0,True,5,word,there,0.0
508.0,885.1051330566405,1109.1093063354492,0.335819810628891,0.768271803855896,0.3457441926002502,0.7702147960662842,2.761962890625,2.85687255859375,Fixation,863.935302343124,1115.983669574444,464.0,3.0,True,5,word,there,0.0
512.0,887.2411346435546,1108.2289409637451,0.3380222022533417,0.7566611170768738,0.3465785682201385,0.769603431224823,2.7571258544921875,2.854705810546875,Fixation,863.935302343124,1115.983669574444,464.0,3.0,True,5,word,there,0.0
516.0,889.1876220703125,1101.5853881835938,0.3351194560527801,0.7724529504776001,0.3473389148712158,0.7649898529052734,2.772857666015625,2.8629150390625,Fixation,863.935302343124,1115.983669574444,464.0,3.0,True,5,word,there,0.0
520.0,885.6610107421875,1104.491786956787,0.3402204513549804,0.766694962978363,0.345961332321167,0.7670081853866577,2.763885498046875,2.839813232421875,Fixation,863.935302343124,1115.983669574444,464.0,3.0,True,5,word,there,0.0
524.0,891.7337036132812,1098.2823657989502,0.3362889587879181,0.7727925181388855,0.348333477973938,0.7626960873603821,2.760406494140625,2.832977294921875,Fixation,863.935302343124,1115.983669574444,464.0,3.0,True,5,word,there,0.0
528.0,899.6868896484375,1108.0640602111816,0.3360520005226135,0.7709919214248657,0.3514401912689209,0.7694889307022095,2.762542724609375,2.8546295166015625,Fixation,863.935302343124,1115.983669574444,464.0,3.0,True,5,word,there,0.0
532.0,889.5066833496093,1095.3357982635498,0.3375468850135803,0.7741070985794067,0.3474635481834411,0.7606498599052429,2.767120361328125,2.8421630859375,Fixation,863.935302343124,1115.983669574444,464.0,3.0,True,5,word,there,0.0
536.0,892.0158386230469,1105.0438499450684,0.3381313383579254,0.7644745707511902,0.3484436869621277,0.767391562461853,2.7402801513671875,2.8418121337890625,Fixation,863.935302343124,1115.983669574444,464.0,3.0,True,5,word,there,0.0
540.0,888.9488220214843,1102.2803592681885,0.3419561684131622,0.7782428860664368,0.3472456336021423,0.7654724717140198,2.7818603515625,2.83221435546875,Fixation,863.935302343124,1115.983669574444,464.0,3.0,True,5,word,there,0.0
544.0,888.2548522949218,1111.0350036621094,0.338396668434143,0.7699673175811768,0.3469745516777038,0.7715520858764648,2.7582244873046875,2.8490447998046875,Fixation,863.935302343124,1115.983669574444,464.0,3.0,True,5,word,there,0.0
548.0,886.8202209472655,1106.3413524627686,0.3406790494918823,0.7734172940254211,0.3464141488075256,0.7682926058769226,2.760894775390625,2.846527099609375,Fixation,863.935302343124,1115.983669574444,464.0,3.0,True,5,word,there,0.0
552.0,892.5632476806641,1109.928216934204,0.3420183360576629,0.7773796916007996,0.3486575186252594,0.7707834839820862,2.750823974609375,2.8340301513671875,Fixation,863.935302343124,1115.983669574444,464.0,3.0,True,5,word,there,0.0
556.0,886.6419982910156,1114.5938873291016,0.3414926528930664,0.773941159248352,0.346344530582428,0.7740235328674316,2.754547119140625,2.84552001953125,Fixation,863.935302343124,1115.983669574444,464.0,3.0,True,5,word,there,0.0
560.0,873.7393188476562,1100.0162315368652,0.3389039635658264,0.7760581970214844,0.3413044214248657,0.7639001607894897,2.7411346435546875,2.8264923095703125,Fixation,863.935302343124,1115.983669574444,464.0,3.0,True,5,word,there,0.0
564.0,886.8098449707031,1114.821081161499,0.3382999002933502,0.7724273204803467,0.3464100956916809,0.7741813063621521,2.738677978515625,2.846176147460937,Fixation,863.935302343124,1115.983669574444,464.0,3.0,True,5,word,there,0.0
568.0,883.6130523681641,1106.824836730957,0.3385021090507507,0.7749913334846497,0.3451613485813141,0.7686283588409424,2.7552490234375,2.8323974609375,Fixation,863.935302343124,1115.983669574444,464.0,3.0,True,5,word,there,0.0
572.0,876.8286895751952,1105.889368057251,0.3389611542224884,0.7702623605728149,0.3425112068653106,0.7679787278175354,2.7445220947265625,2.824691772460937,Fixation,863.935302343124,1115.983669574444,464.0,3.0,True,5,word,there,0.0
576.0,879.2401123046874,1106.4610862731934,0.3368573188781738,0.7594320774078369,0.3434531688690185,0.7683757543563843,2.7219696044921875,2.843414306640625,Fixation,863.935302343124,1115.983669574444,464.0,3.0,True,5,word,there,0.0
580.0,870.0724792480469,1109.2512702941895,0.3374134004116058,0.765811026096344,0.3398720622062683,0.7703133821487427,2.729248046875,2.8314208984375,Fixation,863.935302343124,1115.983669574444,464.0,3.0,True,5,word,there,0.0
584.0,878.5547637939453,1106.806640625,0.3377085328102112,0.7702634930610657,0.3431854546070099,0.76861572265625,2.7386627197265625,2.847412109375,Fixation,863.935302343124,1115.983669574444,464.0,3.0,True,5,word,there,0.0
588.0,879.8487854003906,1111.264944076538,0.3395001888275146,0.7675673365592957,0.3436909317970276,0.7717117667198181,2.7473907470703125,2.832061767578125,Fixation,863.935302343124,1115.983669574444,464.0,3.0,True,5,word,there,0.0
592.0,870.7761383056641,1114.0916919708252,0.3353370726108551,0.7812503576278687,0.34014692902565,0.7736747860908508,2.7564849853515625,2.828353881835937,Fixation,863.935302343124,1115.983669574444,464.0,3.0,True,5,word,there,0.0
596.0,862.4037170410155,1108.009386062622,0.3365461230278015,0.7689083218574524,0.3368764519691467,0.7694509625434875,2.7366180419921875,2.8335723876953125,Fixation,863.935302343124,1115.983669574444,464.0,3.0,True,5,word,there,0.0
600.0,879.2702484130859,1122.3059463500977,0.3332399725914001,0.7731068134307861,0.3434649407863617,0.77937912940979,2.7299346923828125,2.857406616210937,Fixation,863.935302343124,1115.983669574444,464.0,3.0,True,5,word,there,0.0
604.0,873.6471557617188,1113.2708072662354,0.3396583795547485,0.7700530290603638,0.3412684202194214,0.773104727268219,2.744781494140625,2.838043212890625,Fixation,863.935302343124,1115.983669574444,464.0,3.0,True,5,word,there,0.0
608.0,882.65869140625,1115.5246353149414,0.3351980447769165,0.7704510688781738,0.3447885513305664,0.774669885635376,2.7279815673828125,2.8425445556640625,Fixation,863.935302343124,1115.983669574444,464.0,3.0,True,5,word,there,0.0
612.0,870.4178619384766,1113.85085105896,0.3404600322246551,0.7750502228736877,0.3400069773197174,0.7735075354576111,2.764678955078125,2.8294677734375,Fixation,863.935302343124,1115.983669574444,464.0,3.0,True,5,word,there,0.0
616.0,880.025177001953,1103.4766674041748,0.335785299539566,0.7791917324066162,0.3437598347663879,0.7663032412528992,2.7696685791015625,2.825302124023437,Fixation,863.935302343124,1115.983669574444,464.0,3.0,True,5,word,there,0.0
620.0,880.8959197998047,1113.6101818084717,0.3336873352527618,0.7722126245498657,0.3440999686717987,0.7733404040336609,2.731185913085937,2.827545166015625,Fixation,863.935302343124,1115.983669574444,464.0,3.0,True,5,word,there,0.0
624.0,874.405517578125,1109.5783710479736,0.338183045387268,0.7682554721832275,0.3415646553039551,0.7705405354499817,2.727996826171875,2.8127593994140625,Fixation,863.935302343124,1115.983669574444,464.0,3.0,True,5,word,there,0.0
628.0,881.2593841552734,1112.261438369751,0.3395204544067383,0.7641239762306213,0.3442419469356537,0.7724037766456604,2.72259521484375,2.822860717773437,Fixation,863.935302343124,1115.983669574444,464.0,3.0,True,5,word,there,0.0
632.0,887.6607513427734,1116.8147563934326,0.3397203683853149,0.7710159420967102,0.3467424809932709,0.7755658030509949,2.7370758056640625,2.823150634765625,Fixation,863.935302343124,1115.983669574444,464.0,3.0,True,5,word,there,0.0
636.0,889.0869903564452,1119.861831665039,0.3383339345455169,0.7708128690719604,0.3472996056079864,0.777681827545166,2.7297515869140625,2.83782958984375,Fixation,863.935302343124,1115.983669574444,464.0,3.0,True,5,word,there,0.0
640.0,882.9209899902344,1127.9368686676025,0.3371053040027618,0.7728809118270874,0.3448910117149353,0.7832894921302795,2.740753173828125,2.8444366455078125,Fixation,863.935302343124,1115.983669574444,464.0,3.0,True,5,word,there,0.0
644.0,887.8467559814453,1124.1650390625,0.3415834605693817,0.7874548435211182,0.3468151390552521,0.780670166015625,2.7593231201171875,2.8453369140625,Fixation,863.935302343124,1115.983669574444,464.0,3.0,True,5,word,there,0.0
648.0,893.2645416259766,1111.937427520752,0.3405895829200744,0.7740639448165894,0.3489314615726471,0.7721787691116333,2.7505340576171875,2.8357391357421875,Fixation,863.935302343124,1115.983669574444,464.0,3.0,True,5,word,there,0.0
652.0,898.4145355224609,1112.923879623413,0.3391404747962951,0.7676900029182434,0.3509431779384613,0.7728638052940369,2.7545623779296875,2.824920654296875,Fixation,863.935302343124,1115.983669574444,464.0,3.0,True,5,word,there,0.0
656.0,873.1835937499999,1120.928020477295,0.3395663201808929,0.7665467262268066,0.3410873413085937,0.7784222364425659,2.720916748046875,2.8180084228515625,Fixation,863.935302343124,1115.983669574444,464.0,3.0,True,5,word,there,0.0
660.0,888.1690979003906,1124.0388679504395,0.339862048625946,0.7766076326370239,0.3469410538673401,0.7805825471878052,2.7672271728515625,2.8498077392578125,Fixation,863.935302343124,1115.983669574444,464.0,3.0,True,5,word,there,0.0
664.0,879.7097015380859,1131.2742233276367,0.3394805490970611,0.7773890495300293,0.3436366021633148,0.785607099533081,2.763214111328125,2.8488006591796875,Fixation,863.935302343124,1115.983669574444,464.0,3.0,True,5,word,there,0.0
668.0,878.4021759033203,1130.8624935150146,0.3401704728603363,0.7773976922035217,0.3431258499622345,0.7853211760520935,2.75628662109375,2.8502960205078125,Fixation,863.935302343124,1115.983669574444,464.0,3.0,True,5,word,there,0.0
672.0,874.8837280273436,1125.6574630737305,0.3440185189247131,0.7765672206878662,0.3417514562606811,0.7817065715789795,2.7832489013671875,2.837127685546875,Fixation,863.935302343124,1115.983669574444,464.0,3.0,True,5,word,there,0.0
676.0,872.1730804443359,1120.537919998169,0.3380053341388702,0.7723198533058167,0.3406926095485687,0.7781513333320618,2.774017333984375,2.8325347900390625,Fixation,863.935302343124,1115.983669574444,464.0,3.0,True,5,word,there,0.0
680.0,873.6785888671875,1120.422306060791,0.3427052497863769,0.7706408500671387,0.3412806987762451,0.7780710458755493,2.7650604248046875,2.83319091796875,Fixation,863.935302343124,1115.983669574444,464.0,3.0,True,5,word,there,0.0
684.0,864.3359375,1128.5073852539062,0.3384177982807159,0.7737194895744324,0.3376312255859375,0.7836856842041016,2.763412475585937,2.84033203125,Fixation,863.935302343124,1115.983669574444,464.0,3.0,True,5,word,there,0.0
688.0,873.4900665283203,1122.5809478759766,0.3418807089328766,0.7740858197212219,0.3412070572376251,0.7795701026916504,2.7511749267578125,2.835800170898437,Fixation,863.935302343124,1115.983669574444,464.0,3.0,True,5,word,there,0.0
692.0,863.5208129882811,1121.1258602142334,0.3410524129867553,0.7697024941444397,0.3373128175735473,0.7785596251487732,2.753265380859375,2.8428192138671875,Fixation,863.935302343124,1115.983669574444,464.0,3.0,True,5,word,there,0.0
696.0,860.4500579833984,1123.2982349395752,0.3407507240772247,0.774070680141449,0.336113303899765,0.7800682187080383,2.7496490478515625,2.857208251953125,Fixation,863.935302343124,1115.983669574444,464.0,3.0,True,5,word,there,0.0
700.0,871.3416290283203,1114.1661071777344,0.3371338546276092,0.7796940207481384,0.3403678238391876,0.7737264633178711,2.7503204345703125,2.8425750732421875,Fixation,863.935302343124,1115.983669574444,464.0,3.0,True,5,word,there,0.0
704.0,874.417724609375,1124.0656471252441,0.3405285179615021,0.7667462229728699,0.3415694236755371,0.7806011438369751,2.7249755859375,2.836669921875,Fixation,863.935302343124,1115.983669574444,464.0,3.0,True,5,word,there,0.0
708.0,880.9212493896484,1121.6057395935059,0.3428873717784881,0.7707955837249756,0.3441098630428314,0.7788928747177124,2.7381744384765625,2.852767944335937,Fixation,863.935302343124,1115.983669574444,464.0,3.0,True,5,word,there,0.0
712.0,873.3191680908203,1112.2386932373047,0.3431491255760193,0.7778201699256897,0.3411403000354767,0.7723879814147949,2.7794189453125,2.8144683837890625,Fixation,863.935302343124,1115.983669574444,464.0,3.0,True,5,word,there,0.0
716.0,880.8778381347656,1125.7156562805176,0.3393257260322571,0.7708119750022888,0.3440929055213928,0.7817469835281372,2.7621612548828125,2.8409881591796875,Fixation,863.935302343124,1115.983669574444,464.0,3.0,True,5,word,there,0.0
720.0,882.7834320068359,1125.0953578948975,0.3369745016098022,0.7752625346183777,0.3448372781276703,0.7813162207603455,2.7654266357421875,2.826202392578125,Fixation,863.935302343124,1115.983669574444,464.0,3.0,True,5,word,there,0.0
724.0,882.0545959472655,1118.7638854980469,0.342385470867157,0.7673200964927673,0.3445525765419006,0.7769193649291992,2.7455596923828125,2.8249969482421875,Fixation,863.935302343124,1115.983669574444,464.0,3.0,True,5,word,there,0.0
728.0,887.9649353027344,1123.399257659912,0.3399251997470855,0.7697481513023376,0.3468613028526306,0.780138373374939,2.761215209960937,2.8286895751953125,Fixation,863.935302343124,1115.983669574444,464.0,3.0,True,5,word,there,0.0
732.0,888.6769104003906,1127.1763229370117,0.3391063213348388,0.7765782475471497,0.3471394181251526,0.7827613353729248,2.777572631835937,2.8158111572265625,Fixation,863.935302343124,1115.983669574444,464.0,3.0,True,5,word,there,0.0
736.0,881.416015625,1120.5756855010986,0.338907927274704,0.7721973657608032,0.3443031311035156,0.7781775593757629,2.7794647216796875,2.829132080078125,Fixation,863.935302343124,1115.983669574444,464.0,3.0,True,5,word,there,0.0
740.0,888.9437103271483,1112.5891399383545,0.336594820022583,0.7653982043266296,0.3472436368465423,0.7726313471794128,2.7559814453125,2.833770751953125,Fixation,863.935302343124,1115.983669574444,464.0,3.0,True,5,word,there,0.0
744.0,873.2848358154297,1130.492992401123,0.3394325077533722,0.768256425857544,0.3411268889904022,0.7850645780563354,2.7607879638671875,2.8402557373046875,Fixation,863.935302343124,1115.983669574444,464.0,3.0,True,5,word,there,0.0
748.0,862.1845245361328,1135.4979515075684,0.3345220983028412,0.7702903151512146,0.3367908298969269,0.788540244102478,2.774993896484375,2.83819580078125,Fixation,863.935302343124,1115.983669574444,464.0,3.0,True,5,word,there,0.0
752.0,838.7387084960938,1118.7001132965088,0.3259507119655609,0.7763482332229614,0.3276323080062866,0.7768750786781311,2.7704010009765625,2.8348541259765625,Fixation,863.935302343124,1115.983669574444,464.0,3.0,True,5,word,there,0.0
756.0,825.5110931396483,1113.442554473877,0.3179583251476288,0.7749842405319214,0.3224652707576751,0.7732239961624146,2.78125,2.83123779296875,Fixation,863.935302343124,1115.983669574444,464.0,3.0,True,5,word,there,0.0
760.0,826.7729949951171,1111.4312839508057,0.3204198777675628,0.7739914655685425,0.3229582011699676,0.7718272805213928,2.781707763671875,2.8359375,Fixation,863.935302343124,1115.983669574444,464.0,3.0,True,5,word,there,0.0
764.0,834.5876312255859,1114.0191650390625,0.3189514577388763,0.7706458568572998,0.3260107934474945,0.7736244201660156,2.745025634765625,2.8351593017578125,Fixation,863.935302343124,1115.983669574444,464.0,3.0,True,5,word,there,0.0
768.0,835.3966522216796,1117.9075527191162,0.3214539587497711,0.7788896560668945,0.3263268172740936,0.7763246893882751,2.78948974609375,2.856231689453125,Fixation,863.935302343124,1115.983669574444,464.0,3.0,True,5,word,there,0.0
772.0,843.9611816406249,1117.4450969696045,0.3255316317081451,0.7706862688064575,0.3296723365783691,0.7760035395622253,2.765625,2.829345703125,Fixation,863.935302343124,1115.983669574444,464.0,3.0,True,5,word,there,0.0
776.0,844.0100097656249,1112.1284866333008,0.324201226234436,0.7710333466529846,0.3296914100646972,0.7723114490509033,2.77838134765625,2.8248748779296875,Fixation,863.935302343124,1115.983669574444,464.0,3.0,True,5,word,there,0.0
780.0,844.1825103759764,1113.0617237091064,0.3247849941253662,0.7786097526550293,0.3297587931156158,0.7729595303535461,2.783538818359375,2.8249053955078125,Fixation,863.935302343124,1115.983669574444,464.0,3.0,True,5,word,there,0.0
784.0,849.3247222900391,1122.2547912597656,0.3248094916343689,0.7681412100791931,0.3317674696445465,0.7793436050415039,2.769561767578125,2.83282470703125,Fixation,863.935302343124,1115.983669574444,464.0,3.0,True,5,word,there,0.0
788.0,843.1597900390625,1123.4959888458252,0.3241584300994873,0.7744429111480713,0.3293592929840088,0.7802055478096008,2.7870635986328125,2.8559722900390625,Fixation,863.935302343124,1115.983669574444,464.0,3.0,True,5,word,there,0.0
792.0,840.0948333740234,1125.648021697998,0.3235307335853576,0.7715927362442017,0.3281620442867279,0.7817000150680542,2.7889404296875,2.860565185546875,Fixation,863.935302343124,1115.983669574444,464.0,3.0,True,5,word,there,0.0
796.0,839.9721527099609,1128.838005065918,0.32785364985466,0.7721102833747864,0.3281141221523285,0.7839152812957764,2.80810546875,2.868560791015625,Fixation,863.935302343124,1115.983669574444,464.0,3.0,True,5,word,there,0.0
800.0,844.5528411865234,1120.2218055725098,0.324726939201355,0.7659393548965454,0.3299034535884857,0.777931809425354,2.7896270751953125,2.8611297607421875,Fixation,863.935302343124,1115.983669574444,464.0,3.0,True,5,word,there,0.0
804.0,837.8487396240233,1117.8247261047363,0.3238000273704529,0.7684570550918579,0.3272846639156341,0.7762671709060669,2.7921905517578125,2.872283935546875,Fixation,863.935302343124,1115.983669574444,464.0,3.0,True,5,word,there,0.0
808.0,832.5247955322266,1112.2654724121094,0.3262283504009247,0.7734794020652771,0.325204998254776,0.7724065780639648,2.794708251953125,2.843246459960937,Fixation,863.935302343124,1115.983669574444,464.0,3.0,True,5,word,there,0.0
812.0,835.7122039794921,1126.5320777893066,0.3269941210746765,0.7766894698143005,0.3264500796794891,0.7823139429092407,2.798446655273437,2.8748931884765625,Fixation,863.935302343124,1115.983669574444,464.0,3.0,True,5,word,there,0.0
816.0,842.8676605224609,1124.6027755737305,0.3270300328731537,0.7724009156227112,0.3292451798915863,0.7809741497039795,2.790512084960937,2.859466552734375,Fixation,863.935302343124,1115.983669574444,464.0,3.0,True,5,word,there,0.0
820.0,837.6480865478516,1122.8127765655518,0.3220648467540741,0.7708461284637451,0.3272062838077545,0.7797310948371887,2.7905731201171875,2.868194580078125,Fixation,863.935302343124,1115.983669574444,464.0,3.0,True,5,word,there,0.0
824.0,827.3442840576172,1109.284315109253,0.3252210915088653,0.7676657438278198,0.3231813609600067,0.7703363299369812,2.79705810546875,2.8497314453125,Fixation,863.935302343124,1115.983669574444,464.0,3.0,True,5,word,there,0.0
828.0,833.5301971435546,1114.2816352844238,0.3285587430000305,0.7737430930137634,0.325597733259201,0.7738066911697388,2.814788818359375,2.865875244140625,Fixation,863.935302343124,1115.983669574444,464.0,3.0,True,5,word,there,0.0
832.0,829.4954681396483,1116.2212371826172,0.3267697691917419,0.7710550427436829,0.3240216672420501,0.775153636932373,2.82232666015625,2.861663818359375,Fixation,863.935302343124,1115.983669574444,464.0,3.0,True,5,word,there,0.0
836.0,832.5135803222656,1116.5629291534424,0.3307364881038666,0.7720797657966614,0.325200617313385,0.7753909230232239,2.81842041015625,2.8631134033203125,Fixation,863.935302343124,1115.983669574444,464.0,3.0,True,5,word,there,0.0
840.0,831.7998504638672,1116.2498188018799,0.3256276845932007,0.7724209427833557,0.3249218165874481,0.7751734852790833,2.816070556640625,2.8741455078125,Fixation,863.935302343124,1115.983669574444,464.0,3.0,True,5,word,there,0.0
844.0,829.1447448730468,1117.2685432434082,0.3299476504325866,0.7757048606872559,0.3238846659660339,0.7758809328079224,2.825958251953125,2.89263916015625,Fixation,863.935302343124,1115.983669574444,464.0,3.0,True,5,word,there,0.0
848.0,829.044952392578,1103.8723468780518,0.330922931432724,0.7733672261238098,0.3238456845283508,0.7665780186653137,2.837646484375,2.8566436767578125,Fixation,863.935302343124,1115.983669574444,464.0,3.0,True,5,word,there,0.0
852.0,837.4793243408202,1121.8918991088867,0.3251870572566986,0.7729735374450684,0.3271403610706329,0.7790915966033936,2.817596435546875,2.8790740966796875,Fixation,863.935302343124,1115.983669574444,464.0,3.0,True,5,word,there,0.0
856.0,827.5476837158203,1113.9170265197754,0.3279098570346832,0.7716586589813232,0.3232608139514923,0.7735534906387329,2.8268280029296875,2.886093139648437,Fixation,863.935302343124,1115.983669574444,464.0,3.0,True,5,word,there,0.0
860.0,829.6047210693358,1116.022367477417,0.3302184045314789,0.7781496047973633,0.3240643441677093,0.7750155329704285,2.831390380859375,2.9002227783203125,Fixation,863.935302343124,1115.983669574444,464.0,3.0,True,5,word,there,0.0
864.0,828.0403900146483,1119.606056213379,0.3276282846927643,0.7669286131858826,0.323453277349472,0.7775042057037354,2.817291259765625,2.882110595703125,Fixation,863.935302343124,1115.983669574444,464.0,3.0,True,5,word,there,0.0
868.0,825.0326538085936,1110.4953861236572,0.3261029720306396,0.7733355760574341,0.3222783803939819,0.771177351474762,2.8389434814453125,2.8768310546875,Fixation,863.935302343124,1115.983669574444,464.0,3.0,True,5,word,there,0.0
872.0,827.9289245605469,1122.5501346588135,0.3297098875045776,0.7758868336677551,0.3234097361564636,0.779548704624176,2.852157592773437,2.9019012451171875,Fixation,863.935302343124,1115.983669574444,464.0,3.0,True,5,word,there,0.0
876.0,825.5937957763671,1106.8644905090332,0.3266819417476654,0.7712637186050415,0.3224975764751434,0.7686558961868286,2.83184814453125,2.8761749267578125,Fixation,863.935302343124,1115.983669574444,464.0,3.0,True,5,word,there,0.0
880.0,827.0224761962891,1122.9263305664062,0.3260153830051422,0.7743450999259949,0.3230556547641754,0.7798099517822266,2.839462280273437,2.909149169921875,Fixation,863.935302343124,1115.983669574444,464.0,3.0,True,5,word,there,0.0
884.0,838.4669494628905,1112.0225715637207,0.3265848457813263,0.7706758975982666,0.3275261521339416,0.7722378969192505,2.8299713134765625,2.905014038085937,Fixation,863.935302343124,1115.983669574444,464.0,3.0,True,5,word,there,0.0
888.0,824.5659637451172,1119.330711364746,0.3269031047821045,0.7705385684967041,0.3220960795879364,0.7773129940032959,2.833160400390625,2.917098999023437,Fixation,863.935302343124,1115.983669574444,464.0,3.0,True,5,word,there,0.0
892.0,830.0054931640625,1109.8265075683594,0.326923131942749,0.775874137878418,0.3242208957672119,0.7707128524780273,2.846771240234375,2.899139404296875,Fixation,863.935302343124,1115.983669574444,464.0,3.0,True,5,word,there,0.0
896.0,828.8382720947264,1110.308017730713,0.3265786170959472,0.7708379626274109,0.3237649500370025,0.7710472345352173,2.8329315185546875,2.897491455078125,Fixation,863.935302343124,1115.983669574444,464.0,3.0,True,5,word,there,0.0
900.0,830.1580047607422,1100.159912109375,0.3288881480693817,0.772952139377594,0.3242804706096649,0.7639999389648438,2.8355865478515625,2.872955322265625,Fixation,863.935302343124,1115.983669574444,464.0,3.0,True,5,word,there,0.0
904.0,832.4416351318359,1111.0739707946777,0.3273363709449768,0.7694547176361084,0.3251725137233734,0.7715791463851929,2.836090087890625,2.898544311523437,Fixation,863.935302343124,1115.983669574444,464.0,3.0,True,5,word,there,0.0
908.0,825.6637573242186,1122.8080558776855,0.3282738924026489,0.7769293785095215,0.3225249052047729,0.7797278165817261,2.8590545654296875,2.907073974609375,Fixation,863.935302343124,1115.983669574444,464.0,3.0,True,5,word,there,0.0
912.0,825.0953674316406,1108.6558628082275,0.3234884440898895,0.7744638323783875,0.3223028779029846,0.7698999047279358,2.852996826171875,2.9116973876953125,Fixation,863.935302343124,1115.983669574444,464.0,3.0,True,5,word,there,0.0
916.0,829.4491577148436,1117.5989055633545,0.3295153379440307,0.777458131313324,0.3240035772323608,0.7761103510856628,2.8604888916015625,2.9123687744140625,Fixation,863.935302343124,1115.983669574444,464.0,3.0,True,5,word,there,0.0
920.0,853.8980865478516,1105.9773445129395,0.3311235606670379,0.7711518406867981,0.3335539400577545,0.7680398225784302,2.836151123046875,2.9074859619140625,Fixation,863.935302343124,1115.983669574444,464.0,3.0,True,5,word,there,0.0
924.0,896.6624450683594,1111.9981098175049,0.3442126214504242,0.772506833076477,0.3502587676048279,0.7722209095954895,2.8329620361328125,2.8890533447265625,Fixation,863.935302343124,1115.983669574444,464.0,3.0,True,5,word,there,0.0
928.0,927.1240997314453,1113.4483051300049,0.356817364692688,0.7741949558258057,0.3621578514575958,0.7732279896736145,2.828338623046875,2.888412475585937,Saccade,,,,0.0,False,6,,,
932.0,970.0103759765625,1110.9333801269531,0.3725788593292236,0.7758005857467651,0.3789103031158447,0.7714815139770508,2.85076904296875,2.9036102294921875,Saccade,,,,0.0,False,6,,,
936.0,1000.6183624267577,1121.4870357513428,0.3791262805461883,0.770461916923523,0.3908665478229522,0.778810441493988,2.82623291015625,2.934921264648437,Saccade,,,,0.0,False,6,,,
940.0,1015.5825805664061,1128.2446575164795,0.3862441182136535,0.7648192048072815,0.3967119455337524,0.7835032343864441,2.828475952148437,2.916122436523437,Saccade,,,,0.0,False,6,,,
944.0,1017.3614501953124,1103.567476272583,0.3881616294384002,0.7625014185905457,0.3974068164825439,0.7663663029670715,2.8169708251953125,2.8834991455078125,Saccade,,,,0.0,False,6,,,
948.0,1021.3644409179686,1105.9545135498047,0.3911479115486145,0.768717885017395,0.3989704847335815,0.7680239677429199,2.857025146484375,2.8831787109375,Saccade,,,,0.0,False,6,,,
952.0,1010.7225036621094,1127.3311614990234,0.3861530721187591,0.7719019055366516,0.3948134779930115,0.7828688621520996,2.844467163085937,2.927841186523437,Saccade,,,,0.0,False,6,,,
956.0,1005.2635192871094,1117.3069095611572,0.3891340792179107,0.7651777267456055,0.3926810622215271,0.775907576084137,2.8329620361328125,2.900299072265625,Saccade,,,,0.0,False,6,,,
960.0,1001.5180206298828,1121.1838817596436,0.3879804909229278,0.7698101997375488,0.391217976808548,0.7785999178886414,2.8447418212890625,2.914413452148437,Saccade,,,,0.0,False,6,,,
964.0,1014.0723419189453,1127.1757221221924,0.3896357119083404,0.7698273658752441,0.396122008562088,0.7827609181404114,2.8423309326171875,2.900848388671875,Saccade,,,,0.0,False,6,,,
968.0,1017.8439331054686,1137.5948810577393,0.3895840942859649,0.7731654047966003,0.3975952863693237,0.7899964451789856,2.8607940673828125,2.9408416748046875,Fixation,1006.5400778280722,1127.0489223583324,292.0,4.0,True,7,word,small,3.0
972.0,1003.3966827392578,1129.1845893859863,0.3896911740303039,0.7630734443664551,0.3919518291950226,0.7841559648513794,2.839462280273437,2.90521240234375,Fixation,1006.5400778280722,1127.0489223583324,292.0,4.0,True,7,word,small,3.0
976.0,1004.3478393554688,1117.507152557373,0.391221672296524,0.7774023413658142,0.39232337474823,0.776046633720398,2.8516082763671875,2.9127349853515625,Fixation,1006.5400778280722,1127.0489223583324,292.0,4.0,True,7,word,small,3.0
980.0,1008.2251739501952,1131.5668201446533,0.3915895819664001,0.7678682804107666,0.393837958574295,0.7858102917671204,2.8386688232421875,2.9052276611328125,Fixation,1006.5400778280722,1127.0489223583324,292.0,4.0,True,7,word,small,3.0
984.0,1005.893096923828,1125.5500030517578,0.3891866207122803,0.772746205329895,0.3929269909858703,0.7816319465637207,2.8610076904296875,2.913818359375,Fixation,1006.5400778280722,1127.0489223583324,292.0,4.0,True,7,word,small,3.0
988.0,1001.8722534179686,1126.012544631958,0.390938937664032,0.7723097205162048,0.391356348991394,0.7819531559944153,2.8474578857421875,2.90997314453125,Fixation,1006.5400778280722,1127.0489223583324,292.0,4.0,True,7,word,small,3.0
992.0,1006.1691284179686,1128.7726879119873,0.3909016251564026,0.776032030582428,0.393034815788269,0.7838699221611023,2.863128662109375,2.9080810546875,Fixation,1006.5400778280722,1127.0489223583324,292.0,4.0,True,7,word,small,3.0
996.0,998.7783050537108,1141.6339015960693,0.3938993811607361,0.772458553314209,0.3901477754116058,0.7928013205528259,2.8617095947265625,2.927520751953125,Fixation,1006.5400778280722,1127.0489223583324,292.0,4.0,True,7,word,small,3.0
1000.0,1003.4619140624999,1122.498722076416,0.3899320065975189,0.7822316288948059,0.391977310180664,0.7795130014419556,2.854598999023437,2.914535522460937,Fixation,1006.5400778280722,1127.0489223583324,292.0,4.0,True,7,word,small,3.0
1004.0,994.1990661621094,1137.5475025177002,0.3958774209022522,0.773447573184967,0.388359010219574,0.7899635434150696,2.84576416015625,2.931121826171875,Fixation,1006.5400778280722,1127.0489223583324,292.0,4.0,True,7,word,small,3.0
1008.0,996.48681640625,1130.914249420166,0.3928732275962829,0.7741682529449463,0.3892526626586914,0.7853571176528931,2.8637237548828125,2.934844970703125,Fixation,1006.5400778280722,1127.0489223583324,292.0,4.0,True,7,word,small,3.0
1012.0,999.4654083251953,1129.4306659698486,0.3911761045455932,0.7749168872833252,0.3904161751270294,0.7843268513679504,2.86083984375,2.9297637939453125,Fixation,1006.5400778280722,1127.0489223583324,292.0,4.0,True,7,word,small,3.0
1016.0,986.2197875976562,1125.3952503204346,0.3935928046703338,0.7732334733009338,0.3852421045303345,0.7815244793891907,2.8730010986328125,2.9283447265625,Fixation,1006.5400778280722,1127.0489223583324,292.0,4.0,True,7,word,small,3.0
1020.0,998.3044433593749,1127.8334426879883,0.3909684121608734,0.7807890772819519,0.3899626731872558,0.7832176685333252,2.866363525390625,2.948394775390625,Fixation,1006.5400778280722,1127.0489223583324,292.0,4.0,True,7,word,small,3.0
1024.0,991.8548583984374,1122.0875930786133,0.3938651382923126,0.7736799120903015,0.3874433040618896,0.7792274951934814,2.8677520751953125,2.923492431640625,Fixation,1006.5400778280722,1127.0489223583324,292.0,4.0,True,7,word,small,3.0
1028.0,991.9230651855468,1120.1139163970947,0.3873800039291382,0.7838228344917297,0.3874699473381042,0.7778568863868713,2.877227783203125,2.9324188232421875,Fixation,1006.5400778280722,1127.0489223583324,292.0,4.0,True,7,word,small,3.0
1032.0,1002.4802398681641,1133.1251621246338,0.3914437890052795,0.7787725925445557,0.3915938436985016,0.7868924736976624,2.857696533203125,2.934478759765625,Fixation,1006.5400778280722,1127.0489223583324,292.0,4.0,True,7,word,small,3.0
1036.0,993.7541961669922,1125.696086883545,0.3883490264415741,0.7721425890922546,0.3881852328777313,0.7817333936691284,2.86724853515625,2.925750732421875,Fixation,1006.5400778280722,1127.0489223583324,292.0,4.0,True,7,word,small,3.0
1040.0,994.1408538818358,1123.179531097412,0.3907946646213531,0.7847329378128052,0.3883362710475921,0.779985785484314,2.8640594482421875,2.9293365478515625,Fixation,1006.5400778280722,1127.0489223583324,292.0,4.0,True,7,word,small,3.0
1044.0,1010.9958648681641,1122.6611995697021,0.3976800739765167,0.7837247252464294,0.3949202597141266,0.7796258330345154,2.882919311523437,2.9388427734375,Fixation,1006.5400778280722,1127.0489223583324,292.0,4.0,True,7,word,small,3.0
1048.0,1002.9166412353516,1123.240556716919,0.3927272856235504,0.7803537249565125,0.3917643129825592,0.7800281643867493,2.8840484619140625,2.93927001953125,Fixation,1006.5400778280722,1127.0489223583324,292.0,4.0,True,7,word,small,3.0
1052.0,1003.1801605224609,1118.140754699707,0.3910333812236786,0.7856981158256531,0.3918672502040863,0.7764866352081299,2.89300537109375,2.9368133544921875,Fixation,1006.5400778280722,1127.0489223583324,292.0,4.0,True,7,word,small,3.0
1056.0,1003.4014892578125,1128.819980621338,0.3935045301914215,0.7797682285308838,0.391953706741333,0.7839027643203735,2.8727264404296875,2.957672119140625,Fixation,1006.5400778280722,1127.0489223583324,292.0,4.0,True,7,word,small,3.0
1060.0,1002.5444793701172,1119.4145679473877,0.3893222212791443,0.7830163836479187,0.391618937253952,0.7773712277412415,2.887542724609375,2.9253387451171875,Fixation,1006.5400778280722,1127.0489223583324,292.0,4.0,True,7,word,small,3.0
1064.0,997.4797821044921,1117.056884765625,0.3940404951572418,0.7843371629714966,0.3896405398845672,0.7757339477539062,2.879257202148437,2.924713134765625,Fixation,1006.5400778280722,1127.0489223583324,292.0,4.0,True,7,word,small,3.0
1068.0,1002.2735595703125,1118.5745429992676,0.3920776546001434,0.7812238931655884,0.3915131092071533,0.7767878770828247,2.883056640625,2.9474334716796875,Fixation,1006.5400778280722,1127.0489223583324,292.0,4.0,True,7,word,small,3.0
1072.0,1004.2716979980468,1134.8322486877441,0.3984601199626922,0.7798465490341187,0.392293632030487,0.7880779504776001,2.88885498046875,2.9520263671875,Fixation,1006.5400778280722,1127.0489223583324,292.0,4.0,True,7,word,small,3.0
1076.0,1001.2113952636719,1126.6247749328613,0.3927735686302185,0.7857850790023804,0.3910982012748718,0.7823783159255981,2.8975067138671875,2.950180053710937,Fixation,1006.5400778280722,1127.0489223583324,292.0,4.0,True,7,word,small,3.0
1080.0,998.5280609130859,1130.9660053253174,0.3962252140045166,0.7926186323165894,0.3900500237941742,0.7853930592536926,2.91583251953125,2.948211669921875,Fixation,1006.5400778280722,1127.0489223583324,292.0,4.0,True,7,word,small,3.0
1084.0,1002.4205017089844,1128.6286640167236,0.396572083234787,0.7867400646209717,0.391570508480072,0.7837699055671692,2.905914306640625,2.9539031982421875,Fixation,1006.5400778280722,1127.0489223583324,292.0,4.0,True,7,word,small,3.0
1088.0,1000.0063323974609,1119.8885250091553,0.3958792090415954,0.7796053886413574,0.3906274735927582,0.7777003645896912,2.89520263671875,2.95062255859375,Fixation,1006.5400778280722,1127.0489223583324,292.0,4.0,True,7,word,small,3.0
1092.0,1013.8085174560546,1131.0650539398193,0.3938642740249634,0.7769953608512878,0.3960189521312713,0.7854618430137634,2.8804168701171875,2.9496307373046875,Fixation,1006.5400778280722,1127.0489223583324,292.0,4.0,True,7,word,small,3.0
1096.0,1005.3870391845703,1123.5126399993896,0.3937106430530548,0.7786551713943481,0.3927293121814728,0.7802171111106873,2.9073638916015625,2.96221923828125,Fixation,1006.5400778280722,1127.0489223583324,292.0,4.0,True,7,word,small,3.0
1100.0,1013.8709259033203,1120.9557437896729,0.388895183801651,0.784909188747406,0.3960433304309845,0.7784414887428284,2.87908935546875,2.94097900390625,Fixation,1006.5400778280722,1127.0489223583324,292.0,4.0,True,7,word,small,3.0
1104.0,1000.3681182861327,1129.163646697998,0.3968112468719482,0.7821603417396545,0.3907687962055206,0.7841414213180542,2.879302978515625,2.944793701171875,Fixation,1006.5400778280722,1127.0489223583324,292.0,4.0,True,7,word,small,3.0
1108.0,1010.0563812255859,1120.70237159729,0.3932417333126068,0.7926695942878723,0.3945532739162445,0.7782655358314514,2.9260406494140625,2.9524383544921875,Fixation,1006.5400778280722,1127.0489223583324,292.0,4.0,True,7,word,small,3.0
1112.0,1001.6593933105469,1131.7532444000244,0.3941948413848877,0.7936730980873108,0.3912732005119324,0.7859397530555725,2.89892578125,2.958969116210937,Fixation,1006.5400778280722,1127.0489223583324,292.0,4.0,True,7,word,small,3.0
1116.0,1010.5253601074218,1121.4119338989258,0.3961060643196106,0.786155641078949,0.3947364687919616,0.7787582874298096,2.886688232421875,2.9469757080078125,Fixation,1006.5400778280722,1127.0489223583324,292.0,4.0,True,7,word,small,3.0
1120.0,1018.1448364257812,1120.6804847717285,0.3983426988124847,0.7836118340492249,0.3977128267288208,0.7782503366470337,2.9050445556640625,2.9439849853515625,Fixation,1006.5400778280722,1127.0489223583324,292.0,4.0,True,7,word,small,3.0
1124.0,1011.7230224609375,1131.2660694122314,0.3929527401924133,0.7797690033912659,0.3952043056488037,0.7856014370918274,2.882232666015625,2.960174560546875,Fixation,1006.5400778280722,1127.0489223583324,292.0,4.0,True,7,word,small,3.0
1128.0,1005.4861450195312,1121.8855476379395,0.3918601870536804,0.7773151397705078,0.3927680253982544,0.7790871858596802,2.862213134765625,2.953216552734375,Fixation,1006.5400778280722,1127.0489223583324,292.0,4.0,True,7,word,small,3.0
1132.0,1001.5873718261719,1119.5482063293457,0.3923036754131317,0.7913745641708374,0.3912450671195984,0.7774640321731567,2.89166259765625,2.958953857421875,Fixation,1006.5400778280722,1127.0489223583324,292.0,4.0,True,7,word,small,3.0
1136.0,1010.4900360107421,1132.199649810791,0.392906129360199,0.791058361530304,0.3947226703166961,0.7862497568130493,2.91180419921875,2.9501495361328125,Fixation,1006.5400778280722,1127.0489223583324,292.0,4.0,True,7,word,small,3.0
1140.0,998.0402374267577,1122.7514934539795,0.3905438184738159,0.7849941253662109,0.3898594677448272,0.7796885371208191,2.886825561523437,2.9510650634765625,Fixation,1006.5400778280722,1127.0489223583324,292.0,4.0,True,7,word,small,3.0
1144.0,1001.8852233886718,1127.174949645996,0.394695371389389,0.7786783576011658,0.3913614153861999,0.7827603816986084,2.8956298828125,2.9642791748046875,Fixation,1006.5400778280722,1127.0489223583324,292.0,4.0,True,7,word,small,3.0
1148.0,1014.1278076171874,1121.1143589019775,0.3952987790107727,0.7881373763084412,0.3961436748504638,0.7785516381263733,2.9094696044921875,2.955230712890625,Fixation,1006.5400778280722,1127.0489223583324,292.0,4.0,True,7,word,small,3.0
1152.0,1011.8149566650391,1124.5025253295898,0.3933624625205993,0.7862468957901001,0.3952402174472809,0.7809045314788818,2.896270751953125,2.9622344970703125,Fixation,1006.5400778280722,1127.0489223583324,292.0,4.0,True,7,word,small,3.0
1156.0,1012.0870208740234,1121.2395858764648,0.3937578201293945,0.7850136756896973,0.3953464925289154,0.7786386013031006,2.900848388671875,2.958724975585937,Fixation,1006.5400778280722,1127.0489223583324,292.0,4.0,True,7,word,small,3.0
1160.0,1016.4261627197266,1122.9976558685303,0.3949281573295593,0.7854642868041992,0.3970414698123932,0.7798594832420349,2.9092254638671875,2.94482421875,Fixation,1006.5400778280722,1127.0489223583324,292.0,4.0,True,7,word,small,3.0
1164.0,1012.8546142578125,1130.989694595337,0.3901519477367401,0.7811176776885986,0.395646333694458,0.7854095101356506,2.8745269775390625,2.9469451904296875,Fixation,1006.5400778280722,1127.0489223583324,292.0,4.0,True,7,word,small,3.0
1168.0,1014.6871185302733,1118.8490295410156,0.3908411264419555,0.7818512916564941,0.396362155675888,0.7769784927368164,2.8835601806640625,2.945098876953125,Fixation,1006.5400778280722,1127.0489223583324,292.0,4.0,True,7,word,small,3.0
1172.0,1007.9095458984374,1125.1250553131104,0.3935123085975647,0.78656405210495,0.3937146663665771,0.7813368439674377,2.89874267578125,2.9405517578125,Fixation,1006.5400778280722,1127.0489223583324,292.0,4.0,True,7,word,small,3.0
1176.0,1012.4669647216796,1131.5967750549316,0.3934342265129089,0.7934738993644714,0.3954949080944061,0.785831093788147,2.9189605712890625,2.94842529296875,Fixation,1006.5400778280722,1127.0489223583324,292.0,4.0,True,7,word,small,3.0
1180.0,1015.6710052490234,1124.8538303375244,0.3913623392581939,0.7890350818634033,0.3967464864253998,0.7811484932899475,2.881576538085937,2.948944091796875,Fixation,1006.5400778280722,1127.0489223583324,292.0,4.0,True,7,word,small,3.0
1184.0,1019.9617004394531,1135.8208465576172,0.3924343883991241,0.7837188839912415,0.3984225392341614,0.788764476776123,2.8648681640625,2.968856811523437,Fixation,1006.5400778280722,1127.0489223583324,292.0,4.0,True,7,word,small,3.0
1188.0,1026.320343017578,1138.3632373809814,0.3906767070293426,0.7776413559913635,0.4009063839912414,0.7905300259590149,2.8639678955078125,2.9741973876953125,Fixation,1006.5400778280722,1127.0489223583324,292.0,4.0,True,7,word,small,3.0
1192.0,1014.5323181152344,1130.1694965362549,0.391743540763855,0.7837561368942261,0.3963016867637634,0.784839928150177,2.8683624267578125,2.960296630859375,Fixation,1006.5400778280722,1127.0489223583324,292.0,4.0,True,7,word,small,3.0
1196.0,1023.4960174560546,1130.2941226959229,0.3921859562397003,0.7861340045928955,0.3998031318187713,0.7849264740943909,2.886199951171875,2.956527709960937,Fixation,1006.5400778280722,1127.0489223583324,292.0,4.0,True,7,word,small,3.0
1200.0,1024.210205078125,1123.9457416534424,0.3945605456829071,0.7831867933273315,0.4000821113586426,0.7805178761482239,2.8857879638671875,2.9587860107421875,Fixation,1006.5400778280722,1127.0489223583324,292.0,4.0,True,7,word,small,3.0
1204.0,1014.4826507568358,1134.111270904541,0.3950811922550201,0.784267783164978,0.396282285451889,0.7875772714614868,2.9012908935546875,2.975814819335937,Fixation,1006.5400778280722,1127.0489223583324,292.0,4.0,True,7,word,small,3.0
1208.0,1014.0822601318359,1133.2241249084473,0.3892138302326202,0.7783588767051697,0.3961258828639984,0.7869611978530884,2.8524627685546875,2.954132080078125,Fixation,1006.5400778280722,1127.0489223583324,292.0,4.0,True,7,word,small,3.0
1212.0,1020.4473876953124,1130.5324745178223,0.391854852437973,0.7848374247550964,0.3986122608184814,0.7850919961929321,2.9050750732421875,2.962005615234375,Fixation,1006.5400778280722,1127.0489223583324,292.0,4.0,True,7,word,small,3.0
1216.0,1014.6603393554688,1126.9239807128906,0.3908911645412445,0.780369222164154,0.39635169506073,0.7825860977172852,2.886993408203125,2.934310913085937,Fixation,1006.5400778280722,1127.0489223583324,292.0,4.0,True,7,word,small,3.0
1220.0,1011.0158538818358,1126.371145248413,0.3924941718578338,0.7841906547546387,0.3949280679225921,0.7822021842002869,2.877548217773437,2.9485015869140625,Fixation,1006.5400778280722,1127.0489223583324,292.0,4.0,True,7,word,small,3.0
1224.0,1016.1749267578125,1136.1130142211914,0.3942861258983612,0.7838687896728516,0.3969433307647705,0.7889673709869385,2.871688842773437,2.98114013671875,Fixation,1006.5400778280722,1127.0489223583324,292.0,4.0,True,7,word,small,3.0
1228.0,1017.3351287841797,1128.4925365447998,0.3943803310394287,0.783362865447998,0.3973965346813202,0.7836753726005554,2.871932983398437,2.9427490234375,Fixation,1006.5400778280722,1127.0489223583324,292.0,4.0,True,7,word,small,3.0
1232.0,1022.2474670410155,1131.421766281128,0.3902617692947387,0.7889552712440491,0.3993154168128967,0.78570955991745,2.87384033203125,2.973388671875,Fixation,1006.5400778280722,1127.0489223583324,292.0,4.0,True,7,word,small,3.0
1236.0,1010.0795745849608,1129.2457866668701,0.3927090764045715,0.7852132320404053,0.3945623338222503,0.7841984629631042,2.86627197265625,2.959228515625,Fixation,1006.5400778280722,1127.0489223583324,292.0,4.0,True,7,word,small,3.0
1240.0,1019.8982238769531,1125.6162643432617,0.3923433721065521,0.7828922867774963,0.3983977437019348,0.7816779613494873,2.8596954345703125,2.9842987060546875,Fixation,1006.5400778280722,1127.0489223583324,292.0,4.0,True,7,word,small,3.0
1244.0,1006.4785003662108,1121.2984657287598,0.39450603723526,0.7838342189788818,0.3931556642055511,0.7786794900894165,2.865585327148437,2.948104858398437,Fixation,1006.5400778280722,1127.0489223583324,292.0,4.0,True,7,word,small,3.0
1248.0,1006.0118865966797,1130.03568649292,0.3969585001468658,0.7828428745269775,0.392973393201828,0.7847470045089722,2.8672027587890625,2.958892822265625,Fixation,1006.5400778280722,1127.0489223583324,292.0,4.0,True,7,word,small,3.0
1252.0,1004.5014190673828,1132.481517791748,0.3937431573867798,0.7798005938529968,0.3923833668231964,0.7864454984664917,2.873199462890625,2.9785919189453125,Fixation,1006.5400778280722,1127.0489223583324,292.0,4.0,True,7,word,small,3.0
1256.0,991.4220428466796,1119.1217136383057,0.3943134248256683,0.7874794006347656,0.3872742354869842,0.7771678566932678,2.88897705078125,2.961944580078125,Fixation,1006.5400778280722,1127.0489223583324,292.0,4.0,True,7,word,small,3.0
1260.0,957.4826812744141,1138.204107284546,0.379105657339096,0.7873989939689636,0.374016672372818,0.7904195189476013,2.900909423828125,2.966659545898437,Fixation,1006.5400778280722,1127.0489223583324,292.0,4.0,True,7,word,small,3.0
1264.0,916.1015319824218,1132.8434658050537,0.3640313744544983,0.7905906438827515,0.3578521609306335,0.7866968512535095,2.89666748046875,2.963714599609375,Fixation,924.0398057840638,1131.5718041436146,232.0,5.0,True,8,word,is,1.0
1268.0,917.5437927246093,1140.5116653442383,0.3562180697917938,0.7894530296325684,0.3584155440330505,0.7920219898223877,2.892929077148437,2.948089599609375,Fixation,924.0398057840638,1131.5718041436146,232.0,5.0,True,8,word,is,1.0
1272.0,919.6325683593749,1133.1561470031738,0.3561520278453827,0.7903349995613098,0.3592314720153808,0.7869139909744263,2.897186279296875,2.942489624023437,Fixation,924.0398057840638,1131.5718041436146,232.0,5.0,True,8,word,is,1.0
1276.0,939.126739501953,1146.874122619629,0.3597052693367004,0.7820867300033569,0.3668463826179504,0.7964403629302979,2.8864898681640625,2.98077392578125,Fixation,924.0398057840638,1131.5718041436146,232.0,5.0,True,8,word,is,1.0
1280.0,935.9971618652344,1129.3459510803223,0.3639797270298004,0.7882665991783142,0.3656238913536072,0.7842680215835571,2.88250732421875,2.9483184814453125,Fixation,924.0398057840638,1131.5718041436146,232.0,5.0,True,8,word,is,1.0
1284.0,939.3842315673828,1121.0662937164307,0.3614875674247741,0.7912790179252625,0.3669469654560089,0.7785182595252991,2.893341064453125,2.9525909423828125,Fixation,924.0398057840638,1131.5718041436146,232.0,5.0,True,8,word,is,1.0
1288.0,939.4938659667968,1129.7144222259521,0.363607794046402,0.7771100401878357,0.36698979139328,0.7845239043235779,2.876678466796875,2.9416961669921875,Fixation,924.0398057840638,1131.5718041436146,232.0,5.0,True,8,word,is,1.0
1292.0,943.4820556640625,1128.6653995513916,0.3580905795097351,0.7795012593269348,0.3685476779937744,0.7837954163551331,2.843536376953125,2.9542388916015625,Fixation,924.0398057840638,1131.5718041436146,232.0,5.0,True,8,word,is,1.0
1296.0,939.6523284912109,1133.428659439087,0.3619080781936645,0.7853093147277832,0.3670516908168793,0.7871032357215881,2.883087158203125,2.960418701171875,Fixation,924.0398057840638,1131.5718041436146,232.0,5.0,True,8,word,is,1.0
1300.0,938.1581878662108,1138.6044216156006,0.3604725003242492,0.7861883044242859,0.3664680421352386,0.7906975150108337,2.89013671875,2.951995849609375,Fixation,924.0398057840638,1131.5718041436146,232.0,5.0,True,8,word,is,1.0
1304.0,940.6649017333983,1135.9159469604492,0.3598796427249908,0.7922804355621338,0.3674472272396087,0.7888305187225342,2.887069702148437,2.947128295898437,Fixation,924.0398057840638,1131.5718041436146,232.0,5.0,True,8,word,is,1.0
1308.0,930.9175109863281,1136.6659355163574,0.3598818778991699,0.7826806902885437,0.3636396527290344,0.7893513441085815,2.8944091796875,2.9408416748046875,Fixation,924.0398057840638,1131.5718041436146,232.0,5.0,True,8,word,is,1.0
1312.0,936.0086822509766,1133.1616401672363,0.3600460588932037,0.7848093509674072,0.3656283915042877,0.7869178056716919,2.880889892578125,2.9541778564453125,Fixation,924.0398057840638,1131.5718041436146,232.0,5.0,True,8,word,is,1.0
1316.0,933.056640625,1131.3698387145996,0.3613000512123108,0.7900614738464355,0.3644752502441406,0.7856734991073608,2.8787841796875,2.9568023681640625,Fixation,924.0398057840638,1131.5718041436146,232.0,5.0,True,8,word,is,1.0
1320.0,941.6348266601561,1131.3201427459717,0.3591517210006714,0.7848943471908569,0.3678261041641235,0.7856389880180359,2.88037109375,2.948150634765625,Fixation,924.0398057840638,1131.5718041436146,232.0,5.0,True,8,word,is,1.0
1324.0,940.0552368164062,1137.4935150146484,0.3607910573482513,0.786597490310669,0.3672090768814087,0.7899260520935059,2.8802490234375,2.970733642578125,Fixation,924.0398057840638,1131.5718041436146,232.0,5.0,True,8,word,is,1.0
1328.0,942.2195434570311,1132.3175811767578,0.361221581697464,0.778005838394165,0.3680545091629028,0.7863316535949707,2.8586883544921875,2.9522705078125,Fixation,924.0398057840638,1131.5718041436146,232.0,5.0,True,8,word,is,1.0
1332.0,938.4563446044921,1133.8646793365479,0.3622356653213501,0.7873799800872803,0.3665845096111297,0.7874060273170471,2.887939453125,2.945068359375,Fixation,924.0398057840638,1131.5718041436146,232.0,5.0,True,8,word,is,1.0
1336.0,944.6221923828124,1141.673641204834,0.3613370060920715,0.7854218482971191,0.3689930438995361,0.7928289175033569,2.875244140625,2.96917724609375,Fixation,924.0398057840638,1131.5718041436146,232.0,5.0,True,8,word,is,1.0
1340.0,935.5635070800781,1127.3662662506104,0.3581357896327972,0.7845380902290344,0.3654544949531555,0.7828932404518127,2.882064819335937,2.9456939697265625,Fixation,924.0398057840638,1131.5718041436146,232.0,5.0,True,8,word,is,1.0
1344.0,946.9874572753905,1142.0684623718262,0.3618704080581665,0.787582516670227,0.3699169754981994,0.7931030988693237,2.8837127685546875,2.96990966796875,Fixation,924.0398057840638,1131.5718041436146,232.0,5.0,True,8,word,is,1.0
1348.0,929.2194366455078,1131.3462352752686,0.3575580418109894,0.7824612855911255,0.3629763424396515,0.7856571078300476,2.85986328125,2.976425170898437,Fixation,924.0398057840638,1131.5718041436146,232.0,5.0,True,8,word,is,1.0
1352.0,931.8016052246093,1144.1578388214111,0.3591219484806061,0.7815421223640442,0.363985002040863,0.7945540547370911,2.88311767578125,2.9694061279296875,Fixation,924.0398057840638,1131.5718041436146,232.0,5.0,True,8,word,is,1.0
1356.0,938.8550567626952,1133.7197971343994,0.357621431350708,0.7952147126197815,0.3667402565479278,0.7873054146766663,2.8887939453125,2.9476318359375,Fixation,924.0398057840638,1131.5718041436146,232.0,5.0,True,8,word,is,1.0
1360.0,931.5215301513672,1137.4486255645752,0.3608078956604004,0.7913106679916382,0.3638755977153778,0.7898948788642883,2.912567138671875,2.9596405029296875,Fixation,924.0398057840638,1131.5718041436146,232.0,5.0,True,8,word,is,1.0
1364.0,934.1980743408202,1129.4832801818848,0.3595744669437408,0.7862467765808105,0.3649211227893829,0.7843633890151978,2.8771209716796875,2.9610137939453125,Fixation,924.0398057840638,1131.5718041436146,232.0,5.0,True,8,word,is,1.0
1368.0,922.8679656982421,1130.9094429016113,0.3575890362262726,0.7863767743110657,0.3604952991008758,0.7853537797927856,2.890350341796875,2.949615478515625,Fixation,924.0398057840638,1131.5718041436146,232.0,5.0,True,8,word,is,1.0
1372.0,929.1417694091797,1130.1672649383545,0.3587230741977691,0.7802476286888123,0.3629460036754608,0.7848383784294128,2.88446044921875,2.9608154296875,Fixation,924.0398057840638,1131.5718041436146,232.0,5.0,True,8,word,is,1.0
1376.0,926.8115234374999,1138.9739227294922,0.3608034551143646,0.7846653461456299,0.3620357513427734,0.7909541130065918,2.901611328125,2.9691314697265625,Fixation,924.0398057840638,1131.5718041436146,232.0,5.0,True,8,word,is,1.0
1380.0,914.3546295166016,1118.4875965118408,0.3605934679508209,0.7892171144485474,0.3571697771549225,0.7767274975776672,2.8914031982421875,2.93133544921875,Fixation,924.0398057840638,1131.5718041436146,232.0,5.0,True,8,word,is,1.0
1384.0,923.5626220703125,1121.8606567382812,0.3614045679569244,0.7869930863380432,0.3607666492462158,0.7790699005126953,2.914093017578125,2.9652557373046875,Fixation,924.0398057840638,1131.5718041436146,232.0,5.0,True,8,word,is,1.0
1388.0,921.3093566894531,1136.0088157653809,0.3599516153335571,0.7850453853607178,0.3598864674568176,0.7888950109481812,2.89532470703125,2.982391357421875,Fixation,924.0398057840638,1131.5718041436146,232.0,5.0,True,8,word,is,1.0
1392.0,919.4148254394531,1135.244493484497,0.3608096837997436,0.7833225131034851,0.3591464161872864,0.7883642315864563,2.8925323486328125,2.962875366210937,Fixation,924.0398057840638,1131.5718041436146,232.0,5.0,True,8,word,is,1.0
1396.0,917.4864959716797,1137.0068550109863,0.361517459154129,0.7829324007034302,0.3583931624889374,0.7895880937576294,2.87078857421875,2.9740142822265625,Fixation,924.0398057840638,1131.5718041436146,232.0,5.0,True,8,word,is,1.0
1400.0,913.9073181152344,1139.875144958496,0.358593612909317,0.7810364961624146,0.3569950461387634,0.7915799617767334,2.891998291015625,2.97412109375,Fixation,924.0398057840638,1131.5718041436146,232.0,5.0,True,8,word,is,1.0
1404.0,919.6247100830078,1135.3974437713623,0.3606812953948974,0.7778075933456421,0.3592284023761749,0.788470447063446,2.8881072998046875,2.9546356201171875,Fixation,924.0398057840638,1131.5718041436146,232.0,5.0,True,8,word,is,1.0
1408.0,917.1864318847656,1138.5642528533936,0.3606238961219787,0.7833351492881775,0.3582759499549866,0.7906696200370789,2.9056396484375,2.967636108398437,Fixation,924.0398057840638,1131.5718041436146,232.0,5.0,True,8,word,is,1.0
1412.0,910.7063293457031,1127.7169704437256,0.3575332760810852,0.7829400897026062,0.3557446599006653,0.783136785030365,2.897735595703125,2.9801177978515625,Fixation,924.0398057840638,1131.5718041436146,232.0,5.0,True,8,word,is,1.0
1416.0,913.1906127929688,1127.5420475006104,0.3618533909320831,0.7817543745040894,0.3567150831222534,0.7830153107643127,2.8946685791015625,2.975189208984375,Fixation,924.0398057840638,1131.5718041436146,232.0,5.0,True,8,word,is,1.0
1420.0,917.2900390624999,1132.3985195159912,0.3622389137744903,0.7801011800765991,0.358316421508789,0.7863878607749939,2.8970184326171875,2.962921142578125,Fixation,924.0398057840638,1131.5718041436146,232.0,5.0,True,8,word,is,1.0
1424.0,919.0390777587891,1134.0348815917969,0.3577674031257629,0.7848984599113464,0.358999639749527,0.7875242233276367,2.8925018310546875,2.9647674560546875,Fixation,924.0398057840638,1131.5718041436146,232.0,5.0,True,8,word,is,1.0
1428.0,906.8132781982421,1122.0859622955322,0.3605211675167084,0.7821555733680725,0.3542239367961883,0.7792263627052307,2.9070587158203125,2.9496612548828125,Fixation,924.0398057840638,1131.5718041436146,232.0,5.0,True,8,word,is,1.0
1432.0,908.3716583251953,1119.7394371032715,0.3601360619068146,0.7812787294387817,0.3548326790332794,0.7775968313217163,2.8979644775390625,2.9690399169921875,Fixation,924.0398057840638,1131.5718041436146,232.0,5.0,True,8,word,is,1.0
1436.0,906.3938903808594,1120.1101398468018,0.3598538637161255,0.7825406193733215,0.3540601134300232,0.7778542637825012,2.90081787109375,2.96826171875,Fixation,924.0398057840638,1131.5718041436146,232.0,5.0,True,8,word,is,1.0
1440.0,913.3554077148436,1129.5995807647705,0.3634838759899139,0.7797689437866211,0.3567794561386108,0.7844441533088684,2.8783721923828125,2.9763946533203125,Fixation,924.0398057840638,1131.5718041436146,232.0,5.0,True,8,word,is,1.0
1444.0,905.6506347656249,1127.4310684204102,0.3597663342952728,0.7899707555770874,0.3537697792053222,0.7829382419586182,2.908676147460937,2.9470977783203125,Fixation,924.0398057840638,1131.5718041436146,232.0,5.0,True,8,word,is,1.0
1448.0,906.7658233642578,1130.538740158081,0.3631314933300018,0.7794379591941833,0.3542053997516632,0.7850963473320007,2.8830718994140625,2.96673583984375,Fixation,924.0398057840638,1131.5718041436146,232.0,5.0,True,8,word,is,1.0
1452.0,922.1932983398436,1126.8555736541748,0.3584040403366089,0.786019504070282,0.3602317571640014,0.7825385928153992,2.896331787109375,2.9733123779296875,Fixation,924.0398057840638,1131.5718041436146,232.0,5.0,True,8,word,is,1.0
1456.0,901.8629455566405,1121.3702201843262,0.3636998534202575,0.7887605428695679,0.3522902131080627,0.7787293195724487,2.894622802734375,2.952911376953125,Fixation,924.0398057840638,1131.5718041436146,232.0,5.0,True,8,word,is,1.0
1460.0,905.126953125,1129.9885654449463,0.3586909174919128,0.7871196269989014,0.3535652160644531,0.7847142815589905,2.906219482421875,2.95062255859375,Fixation,924.0398057840638,1131.5718041436146,232.0,5.0,True,8,word,is,1.0
1464.0,907.7056121826171,1127.48685836792,0.361011654138565,0.7809101343154907,0.3545725047588348,0.7829769849777222,2.907928466796875,2.9623565673828125,Fixation,924.0398057840638,1131.5718041436146,232.0,5.0,True,8,word,is,1.0
1468.0,909.8980712890624,1130.0761127471924,0.3617173731327057,0.7882453799247742,0.35542893409729,0.7847750782966614,2.8982696533203125,2.9886016845703125,Fixation,924.0398057840638,1131.5718041436146,232.0,5.0,True,8,word,is,1.0
1472.0,895.6782531738281,1128.7238502502441,0.3617123365402221,0.7856288552284241,0.3498743176460266,0.7838360071182251,2.912353515625,2.978988647460937,Fixation,924.0398057840638,1131.5718041436146,232.0,5.0,True,8,word,is,1.0
1476.0,915.3736114501952,1123.274803161621,0.3623970448970794,0.7809426784515381,0.3575678169727325,0.7800519466400146,2.898101806640625,2.9578399658203125,Fixation,924.0398057840638,1131.5718041436146,232.0,5.0,True,8,word,is,1.0
1480.0,909.2974853515625,1132.5335311889648,0.3567295670509338,0.7800717353820801,0.3551943302154541,0.7864816188812256,2.8807525634765625,2.972900390625,Fixation,924.0398057840638,1131.5718041436146,232.0,5.0,True,8,word,is,1.0
1484.0,911.5086364746094,1131.1760330200195,0.3621805906295776,0.7771278023719788,0.3560580611228943,0.785538911819458,2.90283203125,2.9864959716796875,Fixation,924.0398057840638,1131.5718041436146,232.0,5.0,True,8,word,is,1.0
1488.0,903.7603759765625,1135.947961807251,0.3621361255645752,0.7786099910736084,0.3530313968658447,0.7888527512550354,2.9022216796875,2.990570068359375,Fixation,924.0398057840638,1131.5718041436146,232.0,5.0,True,8,word,is,1.0
1492.0,915.0528717041016,1127.7800559997559,0.3595048487186432,0.778995931148529,0.3574425280094147,0.7831805944442749,2.88861083984375,2.979278564453125,Fixation,924.0398057840638,1131.5718041436146,232.0,5.0,True,8,word,is,1.0
1496.0,963.291015625,1120.2456665039062,0.3739888668060303,0.7843829393386841,0.3762855529785156,0.7779483795166016,2.9020233154296875,2.981414794921875,Fixation,924.0398057840638,1131.5718041436146,232.0,5.0,True,8,word,is,1.0
1500.0,1012.3733520507812,1135.8520030975342,0.3818293511867523,0.7809029817581177,0.3954583406448364,0.7887861132621765,2.910186767578125,2.977325439453125,Fixation,1065.8328196207683,1117.2382106781006,176.0,6.0,True,9,word,small,3.0
1504.0,1026.6879272460935,1131.8637943267822,0.4006279706954956,0.7829223275184631,0.4010499715805053,0.7860165238380432,2.9140167236328125,2.99591064453125,Fixation,1065.8328196207683,1117.2382106781006,176.0,6.0,True,9,word,small,3.0
1508.0,1051.0215759277341,1119.3468475341797,0.4085112512111664,0.7771485447883606,0.4105553030967712,0.7773241996765137,2.879547119140625,2.970565795898437,Fixation,1065.8328196207683,1117.2382106781006,176.0,6.0,True,9,word,small,3.0
1512.0,1065.0331878662107,1106.3095951080322,0.4151285290718078,0.777163028717041,0.4160285890102386,0.7682705521583557,2.8728485107421875,2.9672088623046875,Fixation,1065.8328196207683,1117.2382106781006,176.0,6.0,True,9,word,small,3.0
1516.0,1072.7448272705078,1112.162389755249,0.416798859834671,0.7821730375289917,0.4190409481525421,0.7723349928855896,2.888168334960937,2.966217041015625,Fixation,1065.8328196207683,1117.2382106781006,176.0,6.0,True,9,word,small,3.0
1520.0,1082.1983337402341,1108.7853813171387,0.4198490977287292,0.7846121788024902,0.422733724117279,0.7699898481369019,2.8956298828125,2.97418212890625,Fixation,1065.8328196207683,1117.2382106781006,176.0,6.0,True,9,word,small,3.0
1524.0,1068.8613128662107,1112.9545211791992,0.4223363697528839,0.7817997336387634,0.4175239503383636,0.7728850841522217,2.92236328125,2.972274780273437,Fixation,1065.8328196207683,1117.2382106781006,176.0,6.0,True,9,word,small,3.0
1528.0,1063.3321380615234,1125.5632209777832,0.4216010570526123,0.7870620489120483,0.4153641164302826,0.7816411256790161,2.9405975341796875,3.01190185546875,Fixation,1065.8328196207683,1117.2382106781006,176.0,6.0,True,9,word,small,3.0
1532.0,1071.8851470947263,1113.671464920044,0.4189442098140716,0.783734917640686,0.4187051355838775,0.7733829617500305,2.9114532470703125,2.9681854248046875,Fixation,1065.8328196207683,1117.2382106781006,176.0,6.0,True,9,word,small,3.0
1536.0,1064.4241333007812,1110.3785705566406,0.421367734670639,0.7847059369087219,0.4157906770706177,0.7710962295532227,2.9109039306640625,2.9575958251953125,Fixation,1065.8328196207683,1117.2382106781006,176.0,6.0,True,9,word,small,3.0
1540.0,1070.5424499511719,1115.715093612671,0.4208219349384308,0.7846875190734863,0.4181806445121765,0.7748021483421326,2.915435791015625,3.00030517578125,Fixation,1065.8328196207683,1117.2382106781006,176.0,6.0,True,9,word,small,3.0
1544.0,1066.6996765136719,1112.911777496338,0.4212217032909393,0.7881395816802979,0.4166795611381531,0.7728554010391235,2.9214630126953125,2.96490478515625,Fixation,1065.8328196207683,1117.2382106781006,176.0,6.0,True,9,word,small,3.0
1548.0,1063.3941650390625,1115.0968551635742,0.4197301566600799,0.7929211854934692,0.4153883457183838,0.7743728160858154,2.918365478515625,2.973907470703125,Fixation,1065.8328196207683,1117.2382106781006,176.0,6.0,True,9,word,small,3.0
1552.0,1082.6309204101562,1103.8377571105957,0.4210215210914612,0.7863022089004517,0.4229027032852173,0.7665539979934692,2.9016571044921875,3.0022125244140625,Fixation,1065.8328196207683,1117.2382106781006,176.0,6.0,True,9,word,small,3.0
1556.0,1075.0189208984373,1104.170265197754,0.4189730584621429,0.7841204404830933,0.4199292659759521,0.7667849063873291,2.8991851806640625,2.983306884765625,Fixation,1065.8328196207683,1117.2382106781006,176.0,6.0,True,9,word,small,3.0
1560.0,1074.0516662597654,1109.3268013000488,0.4168766140937805,0.7857239842414856,0.4195514321327209,0.770365834236145,2.901107788085937,2.9803924560546875,Fixation,1065.8328196207683,1117.2382106781006,176.0,6.0,True,9,word,small,3.0
1564.0,1073.1134033203123,1113.1435203552246,0.4230088889598846,0.782743513584137,0.419184923171997,0.7730163335800171,2.93487548828125,2.9727935791015625,Fixation,1065.8328196207683,1117.2382106781006,176.0,6.0,True,9,word,small,3.0
1568.0,1069.601821899414,1109.1974544525146,0.4186781942844391,0.7858911752700806,0.4178132116794586,0.7702760100364685,2.90740966796875,2.994491577148437,Fixation,1065.8328196207683,1117.2382106781006,176.0,6.0,True,9,word,small,3.0
1572.0,1070.68489074707,1107.006540298462,0.425557941198349,0.7874059081077576,0.4182362854480743,0.7687545418739319,2.9366455078125,2.9861297607421875,Fixation,1065.8328196207683,1117.2382106781006,176.0,6.0,True,9,word,small,3.0
1576.0,1060.2362060546875,1113.409080505371,0.4172213673591614,0.7913235425949097,0.4141547679901123,0.7732007503509521,2.9156951904296875,3.00396728515625,Fixation,1065.8328196207683,1117.2382106781006,176.0,6.0,True,9,word,small,3.0
1580.0,1067.2786712646484,1111.6117858886719,0.4226201772689819,0.7832289338111877,0.4169057309627533,0.7719526290893555,2.912094116210937,2.98785400390625,Fixation,1065.8328196207683,1117.2382106781006,176.0,6.0,True,9,word,small,3.0
1584.0,1066.7713165283203,1098.579511642456,0.4203596413135528,0.7842300534248352,0.4167075455188751,0.7629024386405945,2.917388916015625,2.9722900390625,Fixation,1065.8328196207683,1117.2382106781006,176.0,6.0,True,9,word,small,3.0
1588.0,1063.4273529052732,1111.4202117919922,0.423557698726654,0.7835034728050232,0.4154013097286224,0.7718195915222168,2.924652099609375,3.004150390625,Fixation,1065.8328196207683,1117.2382106781006,176.0,6.0,True,9,word,small,3.0
1592.0,1068.0695343017576,1119.933500289917,0.4213387072086334,0.7825105786323547,0.4172146618366241,0.7777315974235535,2.9172515869140625,2.9978179931640625,Fixation,1065.8328196207683,1117.2382106781006,176.0,6.0,True,9,word,small,3.0
1596.0,1070.9064483642578,1117.871332168579,0.4211660623550415,0.7886778712272644,0.4183228313922882,0.7762995362281799,2.942611694335937,3.0021514892578125,Fixation,1065.8328196207683,1117.2382106781006,176.0,6.0,True,9,word,small,3.0
1600.0,1062.126693725586,1112.834186553955,0.4232991337776184,0.7870181798934937,0.414893239736557,0.7728015184402466,2.917221069335937,3.0067138671875,Fixation,1065.8328196207683,1117.2382106781006,176.0,6.0,True,9,word,small,3.0
1604.0,1071.8037414550781,1122.7121829986572,0.4248313009738922,0.7853274345397949,0.4186733365058899,0.779661238193512,2.9358673095703125,3.008392333984375,Fixation,1065.8328196207683,1117.2382106781006,176.0,6.0,True,9,word,small,3.0
1608.0,1070.8625793457031,1117.9438591003418,0.4246908724308014,0.7837070822715759,0.4183056950569153,0.7763499021530151,2.9235992431640625,2.982696533203125,Fixation,1065.8328196207683,1117.2382106781006,176.0,6.0,True,9,word,small,3.0
1612.0,1071.8927764892576,1118.743200302124,0.4224185049533844,0.7833291292190552,0.4187081158161163,0.7769050002098083,2.914581298828125,2.991928100585937,Fixation,1065.8328196207683,1117.2382106781006,176.0,6.0,True,9,word,small,3.0
1616.0,1060.2400970458984,1118.39524269104,0.4223552048206329,0.7866739630699158,0.4141562879085541,0.7766633629798889,2.9146728515625,2.9917755126953125,Fixation,1065.8328196207683,1117.2382106781006,176.0,6.0,True,9,word,small,3.0
1620.0,1058.3071899414062,1114.6078777313232,0.4215264022350311,0.7821781635284424,0.4134012460708618,0.77403324842453,2.919296264648437,2.9768829345703125,Fixation,1065.8328196207683,1117.2382106781006,176.0,6.0,True,9,word,small,3.0
1624.0,1063.305206298828,1124.8844718933105,0.4263191223144531,0.7823043465614319,0.4153535962104797,0.7811697721481323,2.9320831298828125,3.0060272216796875,Fixation,1065.8328196207683,1117.2382106781006,176.0,6.0,True,9,word,small,3.0
1628.0,1067.4122619628904,1121.2214756011963,0.4248915016651153,0.7886978983879089,0.4169579148292541,0.778626024723053,2.9285888671875,2.9955596923828125,Fixation,1065.8328196207683,1117.2382106781006,176.0,6.0,True,9,word,small,3.0
1632.0,1062.8388214111326,1119.2278003692627,0.4293214678764343,0.7871773838996887,0.4151714146137237,0.7772415280342102,2.9048614501953125,2.9898681640625,Fixation,1065.8328196207683,1117.2382106781006,176.0,6.0,True,9,word,small,3.0
1636.0,1065.9435272216795,1122.740592956543,0.4226213693618774,0.7844017148017883,0.4163841903209686,0.7796809673309326,2.9058837890625,2.98626708984375,Fixation,1065.8328196207683,1117.2382106781006,176.0,6.0,True,9,word,small,3.0
1640.0,1058.0406188964844,1118.0127811431885,0.4205690324306488,0.782293438911438,0.4132971167564392,0.7763977646827698,2.9112701416015625,3.0053253173828125,Fixation,1065.8328196207683,1117.2382106781006,176.0,6.0,True,9,word,small,3.0
1644.0,1065.1683044433591,1127.3754501342773,0.4240813255310058,0.7773278951644897,0.4160813689231872,0.7828996181488037,2.914535522460937,3.006332397460937,Fixation,1065.8328196207683,1117.2382106781006,176.0,6.0,True,9,word,small,3.0
1648.0,1070.1534271240232,1130.886697769165,0.4237715005874634,0.7861749529838562,0.4180286824703216,0.7853379845619202,2.928314208984375,2.9931793212890625,Fixation,1065.8328196207683,1117.2382106781006,176.0,6.0,True,9,word,small,3.0
1652.0,1073.325500488281,1112.1067714691162,0.4206579029560089,0.784623920917511,0.4192677736282348,0.7722963690757751,2.928695678710937,2.9876251220703125,Fixation,1065.8328196207683,1117.2382106781006,176.0,6.0,True,9,word,small,3.0
1656.0,1069.123306274414,1116.3416576385498,0.424418568611145,0.7833428382873535,0.417626291513443,0.7752372622489929,2.9374542236328125,2.97564697265625,Fixation,1065.8328196207683,1117.2382106781006,176.0,6.0,True,9,word,small,3.0
1660.0,1072.785873413086,1124.7349548339844,0.4261455833911896,0.780877947807312,0.4190569818019867,0.7810659408569336,2.910736083984375,2.999237060546875,Fixation,1065.8328196207683,1117.2382106781006,176.0,6.0,True,9,word,small,3.0
1664.0,1067.9293823242185,1121.3236141204834,0.4243901371955871,0.7820487022399902,0.4171599149703979,0.7786969542503357,2.933990478515625,2.992050170898437,Fixation,1065.8328196207683,1117.2382106781006,176.0,6.0,True,9,word,small,3.0
1668.0,1076.2217712402341,1132.9349613189697,0.4220706522464752,0.7864782214164734,0.4203991293907165,0.7867603898048401,2.93304443359375,3.020126342773437,Fixation,1065.8328196207683,1117.2382106781006,176.0,6.0,True,9,word,small,3.0
1672.0,1058.54377746582,1124.2227172851562,0.4212977886199951,0.7798031568527222,0.413493663072586,0.7807102203369141,2.9340057373046875,3.001937866210937,Fixation,1065.8328196207683,1117.2382106781006,176.0,6.0,True,9,word,small,3.0
1676.0,1075.462646484375,1134.349708557129,0.4268301129341125,0.7826042771339417,0.420102596282959,0.7877428531646729,2.929550170898437,2.9997711181640625,Fixation,1065.8328196207683,1117.2382106781006,176.0,6.0,True,9,word,small,3.0
1680.0,1105.4332733154297,1119.4785118103027,0.4372903704643249,0.7838547825813293,0.4318098723888397,0.7774156332015991,2.931625366210937,2.98712158203125,Saccade,,,,0.0,False,10,,,
1684.0,1155.626220703125,1124.7859382629395,0.4424173533916473,0.7863805890083313,0.4514164924621582,0.7811013460159302,2.953338623046875,3.011505126953125,Saccade,,,,0.0,False,10,,,
1688.0,1192.3160552978513,1128.7813568115234,0.4600502252578735,0.7776797413825989,0.4657484591007232,0.7838759422302246,2.9168243408203125,3.0147247314453125,Saccade,,,,0.0,False,10,,,
1692.0,1216.578903198242,1118.913402557373,0.4703910052776336,0.7753644585609436,0.4752261340618133,0.777023196220398,2.9287872314453125,2.9765167236328125,Saccade,,,,0.0,False,10,,,
1696.0,1225.722427368164,1109.0072536468506,0.4762207865715027,0.7696431875228882,0.4787978231906891,0.7701439261436462,2.904693603515625,2.957183837890625,Fixation,1215.70188501379,1115.5859335176237,360.0,7.0,True,11,word,horse,4.0
1700.0,1218.4077453613281,1115.2561569213867,0.4753813743591308,0.7684274911880493,0.4759405255317688,0.7744834423065186,2.903182983398437,2.9720001220703125,Fixation,1215.70188501379,1115.5859335176237,360.0,7.0,True,11,word,horse,4.0
1704.0,1210.334243774414,1123.48388671875,0.4738308787345886,0.7694514989852905,0.4727868139743805,0.7801971435546875,2.89715576171875,3.004989624023437,Fixation,1215.70188501379,1115.5859335176237,360.0,7.0,True,11,word,horse,4.0
1708.0,1216.3336181640625,1108.7922477722168,0.4761679470539093,0.7678041458129883,0.4751303195953369,0.7699946165084839,2.908843994140625,2.9619598388671875,Fixation,1215.70188501379,1115.5859335176237,360.0,7.0,True,11,word,horse,4.0
1712.0,1209.0248870849607,1120.2470397949219,0.4773631691932678,0.7691500186920166,0.4722753465175628,0.777949333190918,2.9198760986328125,2.97320556640625,Fixation,1215.70188501379,1115.5859335176237,360.0,7.0,True,11,word,horse,4.0
1716.0,1199.6955108642578,1132.895393371582,0.4708372354507446,0.767934262752533,0.4686310589313507,0.7867329120635986,2.911590576171875,2.999496459960937,Fixation,1215.70188501379,1115.5859335176237,360.0,7.0,True,11,word,horse,4.0
1720.0,1215.9722137451172,1118.0142402648926,0.4748124182224273,0.774080753326416,0.4749891459941864,0.776398777961731,2.922515869140625,2.962753295898437,Fixation,1215.70188501379,1115.5859335176237,360.0,7.0,True,11,word,horse,4.0
1724.0,1218.6399841308591,1114.7305297851562,0.4704343378543854,0.7765049338340759,0.4760312438011169,0.7741184234619141,2.9078826904296875,2.9696197509765625,Fixation,1215.70188501379,1115.5859335176237,360.0,7.0,True,11,word,horse,4.0
1728.0,1213.0048370361328,1115.730972290039,0.4745247364044189,0.7668300271034241,0.4738300144672394,0.774813175201416,2.900131225585937,2.962158203125,Fixation,1215.70188501379,1115.5859335176237,360.0,7.0,True,11,word,horse,4.0
1732.0,1221.6268157958984,1112.9860210418701,0.4743173718452453,0.7732953429222107,0.4771979749202728,0.7729069590568542,2.928329467773437,2.984222412109375,Fixation,1215.70188501379,1115.5859335176237,360.0,7.0,True,11,word,horse,4.0
1736.0,1214.0365600585938,1132.0951080322266,0.4773533046245575,0.7749027013778687,0.4742330312728882,0.7861771583557129,2.9189453125,2.995346069335937,Fixation,1215.70188501379,1115.5859335176237,360.0,7.0,True,11,word,horse,4.0
1740.0,1212.2790527343748,1129.357967376709,0.4759713411331177,0.763759970664978,0.4735465049743652,0.7842763662338257,2.9051666259765625,3.0004119873046875,Fixation,1215.70188501379,1115.5859335176237,360.0,7.0,True,11,word,horse,4.0
1744.0,1222.8068542480469,1111.0332012176514,0.4772377014160156,0.7750158905982971,0.4776589274406433,0.7715508341789246,2.93023681640625,2.975204467773437,Fixation,1215.70188501379,1115.5859335176237,360.0,7.0,True,11,word,horse,4.0
1748.0,1217.1142578125,1109.7277164459229,0.4751979410648346,0.7614768147468567,0.4754352569580078,0.7706442475318909,2.9083251953125,2.973846435546875,Fixation,1215.70188501379,1115.5859335176237,360.0,7.0,True,11,word,horse,4.0
1752.0,1210.5731201171873,1108.7828922271729,0.4780868887901306,0.7679142355918884,0.4728801250457763,0.7699881196022034,2.911849975585937,2.96044921875,Fixation,1215.70188501379,1115.5859335176237,360.0,7.0,True,11,word,horse,4.0
1756.0,1209.4887542724607,1122.7157878875732,0.4752784371376037,0.7735347747802734,0.47245654463768,0.7796637415885925,2.924041748046875,2.983505249023437,Fixation,1215.70188501379,1115.5859335176237,360.0,7.0,True,11,word,horse,4.0
1760.0,1217.0420837402341,1115.2015686035156,0.4797713756561279,0.771583080291748,0.475407063961029,0.7744455337524414,2.926177978515625,2.9630126953125,Fixation,1215.70188501379,1115.5859335176237,360.0,7.0,True,11,word,horse,4.0
1764.0,1216.4237213134766,1114.7895812988281,0.4775011241436004,0.770176112651825,0.4751655161380768,0.7741594314575195,2.917465209960937,2.974151611328125,Fixation,1215.70188501379,1115.5859335176237,360.0,7.0,True,11,word,horse,4.0
1768.0,1222.4085998535154,1115.4010391235352,0.4738137722015381,0.776841938495636,0.4775033593177795,0.7745840549468994,2.905609130859375,2.991546630859375,Fixation,1215.70188501379,1115.5859335176237,360.0,7.0,True,11,word,horse,4.0
1772.0,1214.71076965332,1122.8856468200684,0.4729431569576263,0.7754919528961182,0.4744963943958282,0.779781699180603,2.94268798828125,2.997314453125,Fixation,1215.70188501379,1115.5859335176237,360.0,7.0,True,11,word,horse,4.0
1776.0,1216.9561767578125,1105.072259902954,0.4759753346443176,0.7712194919586182,0.4753735065460205,0.7674112915992737,2.9391021728515625,2.9626617431640625,Fixation,1215.70188501379,1115.5859335176237,360.0,7.0,True,11,word,horse,4.0
1780.0,1221.8048858642578,1119.0555381774902,0.4784384071826935,0.7685335278511047,0.4772675335407257,0.777121901512146,2.917022705078125,2.9825592041015625,Fixation,1215.70188501379,1115.5859335176237,360.0,7.0,True,11,word,horse,4.0
1784.0,1221.275405883789,1104.3944549560547,0.4789154529571533,0.7718091011047363,0.4770607054233551,0.7669405937194824,2.9171600341796875,2.9773712158203125,Fixation,1215.70188501379,1115.5859335176237,360.0,7.0,True,11,word,horse,4.0
1788.0,1222.0086669921873,1105.7785606384277,0.4778594374656677,0.774713397026062,0.4773471355438232,0.7679017782211304,2.9112548828125,2.9610595703125,Fixation,1215.70188501379,1115.5859335176237,360.0,7.0,True,11,word,horse,4.0
1792.0,1229.6524810791013,1112.8529834747314,0.4732303619384765,0.7724522948265076,0.480333000421524,0.7728145718574524,2.897857666015625,2.9683837890625,Fixation,1215.70188501379,1115.5859335176237,360.0,7.0,True,11,word,horse,4.0
1796.0,1226.7321777343748,1105.7437992095947,0.4741274416446686,0.781073808670044,0.4791922569274902,0.7678776383399963,2.940155029296875,2.9593963623046875,Fixation,1215.70188501379,1115.5859335176237,360.0,7.0,True,11,word,horse,4.0
1800.0,1223.0859375,1103.3653450012207,0.471412181854248,0.7776013016700745,0.4777679443359375,0.7662259340286255,2.92279052734375,2.962997436523437,Fixation,1215.70188501379,1115.5859335176237,360.0,7.0,True,11,word,horse,4.0
1804.0,1226.0188293457031,1112.5210762023926,0.4725676476955414,0.7755951285362244,0.4789136052131653,0.772584080696106,2.9265594482421875,2.977386474609375,Fixation,1215.70188501379,1115.5859335176237,360.0,7.0,True,11,word,horse,4.0
1808.0,1209.0626525878906,1101.1976051330566,0.4750862717628479,0.7800241112709045,0.4722900986671448,0.7647205591201782,2.939544677734375,2.966781616210937,Fixation,1215.70188501379,1115.5859335176237,360.0,7.0,True,11,word,horse,4.0
1812.0,1205.2060699462888,1121.162509918213,0.4775142073631286,0.7761322259902954,0.4707836210727691,0.7785850763320923,2.933563232421875,2.9866180419921875,Fixation,1215.70188501379,1115.5859335176237,360.0,7.0,True,11,word,horse,4.0
1816.0,1217.1488189697263,1129.1958332061768,0.4730653166770935,0.7730224132537842,0.4754487574100494,0.784163773059845,2.9262847900390625,3.0128173828125,Fixation,1215.70188501379,1115.5859335176237,360.0,7.0,True,11,word,horse,4.0
1820.0,1222.5042724609375,1111.6687774658203,0.4804034233093261,0.7725335359573364,0.4775407314300537,0.7719922065734863,2.92596435546875,2.989501953125,Fixation,1215.70188501379,1115.5859335176237,360.0,7.0,True,11,word,horse,4.0
1824.0,1225.6799316406248,1114.830265045166,0.4750493466854095,0.7703728079795837,0.4787812232971191,0.7741876840591431,2.916244506835937,2.9874420166015625,Fixation,1215.70188501379,1115.5859335176237,360.0,7.0,True,11,word,horse,4.0
1828.0,1210.504913330078,1122.3252582550049,0.4735715091228485,0.7757135629653931,0.4728534817695617,0.7793925404548645,2.914169311523437,3.0026092529296875,Fixation,1215.70188501379,1115.5859335176237,360.0,7.0,True,11,word,horse,4.0
1832.0,1219.80224609375,1112.2700214385986,0.4785392582416534,0.7748743295669556,0.4764852523803711,0.7724097371101379,2.92803955078125,2.9653472900390625,Fixation,1215.70188501379,1115.5859335176237,360.0,7.0,True,11,word,horse,4.0
1836.0,1215.7028198242185,1115.8742237091064,0.477992445230484,0.7737743854522705,0.4748839139938354,0.7749126553535461,2.931427001953125,2.9815826416015625,Fixation,1215.70188501379,1115.5859335176237,360.0,7.0,True,11,word,horse,4.0
1840.0,1217.1710968017576,1120.7482051849365,0.4743593037128448,0.771798312664032,0.4754574596881866,0.7782973647117615,2.906967163085937,2.980209350585937,Fixation,1215.70188501379,1115.5859335176237,360.0,7.0,True,11,word,horse,4.0
1844.0,1227.1453857421875,1116.5584659576416,0.4757595658302307,0.7771338224411011,0.479353666305542,0.7753878235816956,2.928207397460937,2.9676666259765625,Fixation,1215.70188501379,1115.5859335176237,360.0,7.0,True,11,word,horse,4.0
1848.0,1225.980224609375,1114.9817562103271,0.4776561260223388,0.7747935056686401,0.4788985252380371,0.7742928862571716,2.9193878173828125,2.9705047607421875,Fixation,1215.70188501379,1115.5859335176237,360.0,7.0,True,11,word,horse,4.0
1852.0,1212.4983978271482,1120.3267765045166,0.4777673184871673,0.7708057761192322,0.4736321866512298,0.7780047059059143,2.929168701171875,2.9974517822265625,Fixation,1215.70188501379,1115.5859335176237,360.0,7.0,True,11,word,horse,4.0
1856.0,1224.8883056640625,1111.4705085754395,0.4718095064163208,0.7770365476608276,0.4784719944000244,0.7718545198440552,2.9167633056640625,2.95330810546875,Fixation,1215.70188501379,1115.5859335176237,360.0,7.0,True,11,word,horse,4.0
1860.0,1209.566421508789,1122.358045578003,0.4784857332706451,0.7791982293128967,0.4724868834018707,0.7794153094291687,2.9276580810546875,2.976654052734375,Fixation,1215.70188501379,1115.5859335176237,360.0,7.0,True,11,word,horse,4.0
1864.0,1212.9222106933594,1120.940294265747,0.4737083315849304,0.7763891220092773,0.4737977385520935,0.7784307599067688,2.918426513671875,2.9994049072265625,Fixation,1215.70188501379,1115.5859335176237,360.0,7.0,True,11,word,horse,4.0
1868.0,1215.1310729980466,1120.3442001342773,0.4795431792736053,0.7729122638702393,0.474660575389862,0.7780168056488037,2.9324951171875,2.9735565185546875,Fixation,1215.70188501379,1115.5859335176237,360.0,7.0,True,11,word,horse,4.0
1872.0,1223.1827545166016,1126.2116718292236,0.4746915698051452,0.7725717425346375,0.4778057634830475,0.7820914387702942,2.939178466796875,2.990447998046875,Fixation,1215.70188501379,1115.5859335176237,360.0,7.0,True,11,word,horse,4.0
1876.0,1214.9895477294922,1122.185525894165,0.4753649830818176,0.7779229879379272,0.4746052920818329,0.7792955040931702,2.93231201171875,3.0018463134765625,Fixation,1215.70188501379,1115.5859335176237,360.0,7.0,True,11,word,horse,4.0
1880.0,1228.9701080322266,1117.8817176818848,0.4760657250881195,0.7675333619117737,0.4800664484500885,0.7763067483901978,2.9015045166015625,2.970245361328125,Fixation,1215.70188501379,1115.5859335176237,360.0,7.0,True,11,word,horse,4.0
1884.0,1223.881149291992,1112.44065284729,0.4774890542030334,0.7735468745231628,0.4780785739421844,0.7725282311439514,2.931381225585937,2.9560089111328125,Fixation,1215.70188501379,1115.5859335176237,360.0,7.0,True,11,word,horse,4.0
1888.0,1229.2280578613281,1109.0981483459473,0.4770558178424835,0.7741560935974121,0.4801672101020813,0.7702070474624634,2.92779541015625,2.9689178466796875,Fixation,1215.70188501379,1115.5859335176237,360.0,7.0,True,11,word,horse,4.0
1892.0,1218.6202239990232,1120.8198738098145,0.4777885675430298,0.7682496309280396,0.4760235249996185,0.7783471345901489,2.9208526611328125,2.9771881103515625,Fixation,1215.70188501379,1115.5859335176237,360.0,7.0,True,11,word,horse,4.0
1896.0,1211.069869995117,1123.745756149292,0.4734844267368316,0.7614027261734009,0.4730741679668426,0.7803789973258972,2.901611328125,2.9809722900390625,Fixation,1215.70188501379,1115.5859335176237,360.0,7.0,True,11,word,horse,4.0
1900.0,1224.5963287353516,1118.2515621185303,0.4760842323303222,0.7692375779151917,0.4783579409122467,0.7765635848045349,2.90545654296875,2.9667205810546875,Fixation,1215.70188501379,1115.5859335176237,360.0,7.0,True,11,word,horse,4.0
1904.0,1219.7882843017576,1131.2964534759521,0.4768598675727844,0.7704631686210632,0.4764797985553741,0.7856225371360779,2.9270782470703125,2.9942779541015625,Fixation,1215.70188501379,1115.5859335176237,360.0,7.0,True,11,word,horse,4.0
1908.0,1221.4924621582031,1125.4824542999268,0.4793067276477813,0.7735008597373962,0.4771454930305481,0.7815850377082825,2.9155731201171875,2.998016357421875,Fixation,1215.70188501379,1115.5859335176237,360.0,7.0,True,11,word,horse,4.0
1912.0,1212.2545623779297,1125.4621124267578,0.4744632244110107,0.7627667188644409,0.4735369384288788,0.7815709114074707,2.9014434814453125,2.983856201171875,Fixation,1215.70188501379,1115.5859335176237,360.0,7.0,True,11,word,horse,4.0
1916.0,1208.8798522949216,1129.5412158966064,0.4798349440097809,0.7723727226257324,0.4722186923027038,0.7844036221504211,2.9327850341796875,3.004730224609375,Fixation,1215.70188501379,1115.5859335176237,360.0,7.0,True,11,word,horse,4.0
1920.0,1198.4349060058594,1142.0034885406494,0.4785929918289184,0.7686670422554016,0.4681386351585388,0.7930579781532288,2.9104766845703125,3.0221405029296875,Fixation,1215.70188501379,1115.5859335176237,360.0,7.0,True,11,word,horse,4.0
1924.0,1219.0214538574219,1117.163143157959,0.4749899208545685,0.7721125483512878,0.4761802554130554,0.7758077383041382,2.910858154296875,2.9762420654296875,Fixation,1215.70188501379,1115.5859335176237,360.0,7.0,True,11,word,horse,4.0
1928.0,1218.7699127197266,1124.846363067627,0.4763398170471191,0.7737852931022644,0.4760819971561432,0.781143307685852,2.940048217773437,3.00177001953125,Fixation,1215.70188501379,1115.5859335176237,360.0,7.0,True,11,word,horse,4.0
1932.0,1213.732452392578,1132.4386024475098,0.4793599843978882,0.7710754871368408,0.4741142392158508,0.786415696144104,2.895660400390625,3.015609741210937,Fixation,1215.70188501379,1115.5859335176237,360.0,7.0,True,11,word,horse,4.0
1936.0,1218.3138275146482,1116.5025043487549,0.4744155406951904,0.7732380628585815,0.4759038388729095,0.775348961353302,2.93414306640625,2.973541259765625,Fixation,1215.70188501379,1115.5859335176237,360.0,7.0,True,11,word,horse,4.0
1940.0,1211.5819549560545,1121.1148738861084,0.4734529256820678,0.7694827914237976,0.4732742011547088,0.7785519957542419,2.9002838134765625,3.0086822509765625,Fixation,1215.70188501379,1115.5859335176237,360.0,7.0,True,11,word,horse,4.0
1944.0,1210.7813262939453,1125.703296661377,0.4787258803844452,0.7746391296386719,0.4729614555835724,0.7817384004592896,2.930892944335937,2.9904022216796875,Fixation,1215.70188501379,1115.5859335176237,360.0,7.0,True,11,word,horse,4.0
1948.0,1205.9503173828123,1124.8194980621338,0.4782579243183136,0.7702580094337463,0.4710743427276611,0.7811246514320374,2.905792236328125,3.0049285888671875,Fixation,1215.70188501379,1115.5859335176237,360.0,7.0,True,11,word,horse,4.0
1952.0,1206.6353607177732,1126.7842483520508,0.4771586954593658,0.7698430418968201,0.4713419377803802,0.7824890613555908,2.9124908447265625,2.9967498779296875,Fixation,1215.70188501379,1115.5859335176237,360.0,7.0,True,11,word,horse,4.0
1956.0,1219.7103118896484,1125.3147411346436,0.4756228029727936,0.7715072631835938,0.4764493405818939,0.7814685702323914,2.914886474609375,3.0006561279296875,Fixation,1215.70188501379,1115.5859335176237,360.0,7.0,True,11,word,horse,4.0
1960.0,1215.2816772460935,1120.3371620178223,0.4780617654323578,0.775795578956604,0.4747194051742553,0.7780119180679321,2.92816162109375,2.987762451171875,Fixation,1215.70188501379,1115.5859335176237,360.0,7.0,True,11,word,horse,4.0
1964.0,1215.415115356445,1118.2422924041748,0.4738328456878662,0.7791644930839539,0.4747715294361114,0.7765571475028992,2.9239654541015625,3.001556396484375,Fixation,1215.70188501379,1115.5859335176237,360.0,7.0,True,11,word,horse,4.0
1968.0,1204.2230224609375,1119.4332790374756,0.476005494594574,0.7820250391960144,0.4703996181488037,0.7773842215538025,2.95855712890625,2.977401733398437,Fixation,1215.70188501379,1115.5859335176237,360.0,7.0,True,11,word,horse,4.0
1972.0,1208.0140686035156,1135.7782745361328,0.4755297601222992,0.7820355892181396,0.4718804955482483,0.7887349128723145,2.924179077148437,3.03204345703125,Fixation,1215.70188501379,1115.5859335176237,360.0,7.0,True,11,word,horse,4.0
1976.0,1197.834548950195,1129.284324645996,0.4765112400054931,0.7728055715560913,0.46790412068367,0.7842252254486084,2.9283599853515625,2.9903717041015625,Fixation,1215.70188501379,1115.5859335176237,360.0,7.0,True,11,word,horse,4.0
1980.0,1213.626708984375,1109.2626857757568,0.4781535267829895,0.7761418223381042,0.4740729331970215,0.7703213095664978,2.912139892578125,2.9828033447265625,Fixation,1215.70188501379,1115.5859335176237,360.0,7.0,True,11,word,horse,4.0
1984.0,1220.5475616455078,1108.0525588989258,0.4749867916107178,0.7758955359458923,0.4767763912677765,0.7694809436798096,2.91497802734375,2.970458984375,Fixation,1215.70188501379,1115.5859335176237,360.0,7.0,True,11,word,horse,4.0
1988.0,1206.8915557861326,1112.8550434112549,0.4800436198711395,0.7804401516914368,0.4714420139789581,0.772816002368927,2.9181060791015625,2.9925079345703125,Fixation,1215.70188501379,1115.5859335176237,360.0,7.0,True,11,word,horse,4.0
1992.0,1210.847244262695,1107.1647262573242,0.4721961319446563,0.7798585295677185,0.4729872047901153,0.7688643932342529,2.909881591796875,2.9850006103515625,Fixation,1215.70188501379,1115.5859335176237,360.0,7.0,True,11,word,horse,4.0
1996.0,1208.4263610839844,1113.2265186309814,0.477171391248703,0.7799474596977234,0.4720415472984314,0.7730739712715149,2.9245758056640625,2.9929962158203125,Fixation,1215.70188501379,1115.5859335176237,360.0,7.0,True,11,word,horse,4.0
2000.0,1215.2908325195312,1094.0717697143555,0.4772643744945526,0.7770757675170898,0.4747229814529419,0.7597720623016357,2.9356231689453125,2.972686767578125,Fixation,1215.70188501379,1115.5859335176237,360.0,7.0,True,11,word,horse,4.0
2004.0,1212.2465515136719,1107.6546478271484,0.4793896973133087,0.7737950086593628,0.4735338091850281,0.7692046165466309,2.9015045166015625,3.0024566650390625,Fixation,1215.70188501379,1115.5859335176237,360.0,7.0,True,11,word,horse,4.0
2008.0,1211.8706512451172,1098.0093383789062,0.4771647155284881,0.78496915102005,0.4733869731426239,0.7625064849853516,2.9568328857421875,2.9830780029296875,Fixation,1215.70188501379,1115.5859335176237,360.0,7.0,True,11,word,horse,4.0
2012.0,1199.4400024414062,1103.4383010864258,0.4792512357234955,0.7766157984733582,0.4685312509536743,0.7662765979766846,2.9199981689453125,2.978500366210937,Fixation,1215.70188501379,1115.5859335176237,360.0,7.0,True,11,word,horse,4.0
2016.0,1206.885299682617,1094.2655754089355,0.4749574661254883,0.775812566280365,0.4714395701885223,0.7599066495895386,2.905258178710937,2.9808349609375,Fixation,1215.70188501379,1115.5859335176237,360.0,7.0,True,11,word,horse,4.0
2020.0,1212.3764038085935,1113.8753986358643,0.4753342866897583,0.7801986336708069,0.4735845327377319,0.7735245823860168,2.9333953857421875,2.9905548095703125,Fixation,1215.70188501379,1115.5859335176237,360.0,7.0,True,11,word,horse,4.0
2024.0,1210.0489807128906,1106.4450359344482,0.4782253801822662,0.7844680547714233,0.4726753830909729,0.7683646082878113,2.94305419921875,2.9968414306640625,Fixation,1215.70188501379,1115.5859335176237,360.0,7.0,True,11,word,horse,4.0
2028.0,1222.7694702148435,1111.2461471557617,0.4796711504459381,0.7771442532539368,0.4776443243026733,0.7716987133026123,2.9237823486328125,2.975555419921875,Fixation,1215.70188501379,1115.5859335176237,360.0,7.0,True,11,word,horse,4.0
2032.0,1209.8101043701172,1113.4889030456543,0.4754794239997864,0.7810627818107605,0.472582072019577,0.7732561826705933,2.9493865966796875,3.0189208984375,Fixation,1215.70188501379,1115.5859335176237,360.0,7.0,True,11,word,horse,4.0
2036.0,1201.3800811767578,1110.8201694488525,0.4787866175174713,0.780881941318512,0.469289094209671,0.771402895450592,2.94354248046875,3.0006866455078125,Fixation,1215.70188501379,1115.5859335176237,360.0,7.0,True,11,word,horse,4.0
2040.0,1209.671401977539,1102.170066833496,0.4764642119407654,0.7817954421043396,0.4725278913974762,0.7653958797454834,2.9227294921875,2.992340087890625,Fixation,1215.70188501379,1115.5859335176237,360.0,7.0,True,11,word,horse,4.0
2044.0,1222.9216766357422,1105.8128070831299,0.4751887023448944,0.784935474395752,0.4777037799358368,0.7679255604743958,2.928253173828125,2.9947662353515625,Fixation,1215.70188501379,1115.5859335176237,360.0,7.0,True,11,word,horse,4.0
2048.0,1214.9057006835938,1103.5937404632568,0.4749766886234283,0.7781738638877869,0.4745725393295288,0.7663845419883728,2.94342041015625,2.990447998046875,Fixation,1215.70188501379,1115.5859335176237,360.0,7.0,True,11,word,horse,4.0
2052.0,1225.9877014160156,1092.8394985198975,0.4789459109306335,0.7793968319892883,0.4789014458656311,0.7589163184165955,2.962982177734375,2.976898193359375,Fixation,1215.70188501379,1115.5859335176237,360.0,7.0,True,11,word,horse,4.0
2056.0,1228.1783294677734,1069.6727657318115,0.475316047668457,0.7327969670295715,0.479757159948349,0.7428283095359802,2.94598388671875,2.9739227294921875,Fixation,1215.70188501379,1115.5859335176237,360.0,7.0,True,11,word,horse,4.0
2060.0,1252.3004913330078,1010.9662914276123,0.4841457009315491,0.6949852705001831,0.4891798794269562,0.7020599246025085,2.93841552734375,2.9792022705078125,Saccade,,,,0.0,False,12,,,
2064.0,1268.9647674560545,940.8972072601318,0.4890143871307373,0.6638191938400269,0.4956893622875213,0.6534008383750916,2.922348022460937,2.9892120361328125,Saccade,,,,0.0,False,12,,,
2068.0,1284.4345092773438,910.5809497833252,0.497889369726181,0.6473504304885864,0.5017322301864624,0.6323478817939758,2.9483184814453125,3.0007476806640625,Saccade,,,,0.0,False,12,,,
2072.0,1288.3547973632812,888.1557083129883,0.4956748783588409,0.6119718551635742,0.5032635927200317,0.6167747974395752,2.9381866455078125,2.979598999023437,Saccade,,,,0.0,False,12,,,
2076.0,1287.9548645019531,893.2717323303223,0.4989223480224609,0.5961716771125793,0.5031073689460754,0.6203275918960571,2.9241485595703125,2.985504150390625,Saccade,,,,0.0,False,12,,,
2080.0,1314.9960327148438,863.7144756317139,0.5039640665054321,0.5890799760818481,0.5136703252792358,0.5998017191886902,2.9401092529296875,3.00787353515625,Saccade,,,,0.0,False,12,,,
2084.0,1310.6166076660156,816.7961597442627,0.5067753791809082,0.5693869590759277,0.5119596123695374,0.5672195553779602,2.922714233398437,2.9668426513671875,Saccade,,,,0.0,False,12,,,
2088.0,1326.448974609375,783.4947109222412,0.5115704536437988,0.5575952529907227,0.5181441307067871,0.5440935492515564,2.900375366210937,2.955917358398437,Fixation,1335.7831954956055,783.5929098129272,316.0,8.0,True,13,image,,9.0
2092.0,1334.2967224121094,786.214427947998,0.514597475528717,0.5660650134086609,0.5212096571922302,0.5459822416305542,2.9560089111328125,2.991241455078125,Fixation,1335.7831954956055,783.5929098129272,316.0,8.0,True,13,image,,9.0
2096.0,1337.0904541015625,792.0902252197266,0.5192413330078125,0.5504671335220337,0.5223009586334229,0.5500626564025879,2.9547119140625,3.023101806640625,Fixation,1335.7831954956055,783.5929098129272,316.0,8.0,True,13,image,,9.0
2100.0,1338.9067077636719,790.7131576538086,0.5222803950309753,0.5595929026603699,0.5230104327201843,0.5491063594818115,2.9891815185546875,3.025543212890625,Fixation,1335.7831954956055,783.5929098129272,316.0,8.0,True,13,image,,9.0
2104.0,1341.1759948730469,779.8201274871826,0.5205280184745789,0.5504944920539856,0.5238968729972839,0.5415417551994324,2.970428466796875,2.9983062744140625,Fixation,1335.7831954956055,783.5929098129272,316.0,8.0,True,13,image,,9.0
2108.0,1337.0756530761719,776.7200946807861,0.5260033011436462,0.5502326488494873,0.5222951769828796,0.5393889546394348,2.9915771484375,3.0157928466796875,Fixation,1335.7831954956055,783.5929098129272,316.0,8.0,True,13,image,,9.0
2112.0,1331.0008239746094,788.0614185333252,0.5218979120254517,0.548505961894989,0.5199221968650818,0.5472648739814758,2.968505859375,3.006332397460937,Fixation,1335.7831954956055,783.5929098129272,316.0,8.0,True,13,image,,9.0
2116.0,1340.8468627929688,787.5169944763184,0.5218374133110046,0.5533521175384521,0.5237683057785034,0.5468868017196655,2.992660522460937,3.0282135009765625,Fixation,1335.7831954956055,783.5929098129272,316.0,8.0,True,13,image,,9.0
2120.0,1324.3603515625,799.7840881347656,0.5237463712692261,0.5475587248802185,0.5173282623291016,0.5554056167602539,2.97052001953125,3.042022705078125,Fixation,1335.7831954956055,783.5929098129272,316.0,8.0,True,13,image,,9.0
2124.0,1330.6895446777344,782.1108627319336,0.5242483019828796,0.5525609850883484,0.51980060338974,0.5431325435638428,2.9797821044921875,3.027084350585937,Fixation,1335.7831954956055,783.5929098129272,316.0,8.0,True,13,image,,9.0
2128.0,1326.3331604003906,794.3619060516357,0.5255222916603088,0.5464011430740356,0.5180988907814026,0.5516402125358582,2.974609375,3.056747436523437,Fixation,1335.7831954956055,783.5929098129272,316.0,8.0,True,13,image,,9.0
2132.0,1347.3289489746094,737.5370979309082,0.5232550501823425,0.5481330752372742,0.5263003706932068,0.5121785402297974,2.995697021484375,2.924560546875,Fixation,1335.7831954956055,783.5929098129272,316.0,8.0,True,13,image,,9.0
2136.0,1345.1933288574219,717.8514003753661,0.5247968435287476,0.5403881669044495,0.5254661440849304,0.4985079169273376,2.9581451416015625,2.9278564453125,Fixation,1335.7831954956055,783.5929098129272,316.0,8.0,True,13,image,,9.0
2140.0,1337.3106384277344,786.26953125,0.5257070064544678,0.5521000027656555,0.5223869681358337,0.5460205078125,3.013336181640625,3.019866943359375,Fixation,1335.7831954956055,783.5929098129272,316.0,8.0,True,13,image,,9.0
2144.0,1340.523681640625,783.8320255279541,0.5225368738174438,0.5461944937705994,0.5236420631408691,0.5443277955055237,2.9826202392578125,3.009063720703125,Fixation,1335.7831954956055,783.5929098129272,316.0,8.0,True,13,image,,9.0
2148.0,1331.5174865722656,774.2826747894287,0.5237234234809875,0.54320228099823,0.5201240181922913,0.5376963019371033,2.9817352294921875,3.01031494140625,Fixation,1335.7831954956055,783.5929098129272,316.0,8.0,True,13,image,,9.0
2152.0,1329.8272705078125,786.1556339263916,0.5248435735702515,0.5409970879554749,0.5194637775421143,0.5459414124488831,2.986419677734375,3.025787353515625,Fixation,1335.7831954956055,783.5929098129272,316.0,8.0,True,13,image,,9.0
2156.0,1332.8099060058594,785.6524085998535,0.5237553715705872,0.5477662682533264,0.5206288695335388,0.5455919504165649,2.992431640625,3.01922607421875,Fixation,1335.7831954956055,783.5929098129272,316.0,8.0,True,13,image,,9.0
2160.0,1337.1734619140625,778.6510276794434,0.5248657464981079,0.5395166873931885,0.5223333835601807,0.5407298803329468,2.98419189453125,3.0016632080078125,Fixation,1335.7831954956055,783.5929098129272,316.0,8.0,True,13,image,,9.0
2164.0,1330.037841796875,790.9063625335693,0.5258145332336426,0.5400481224060059,0.5195460319519043,0.5492405295372009,2.9836578369140625,3.0460662841796875,Fixation,1335.7831954956055,783.5929098129272,316.0,8.0,True,13,image,,9.0
2168.0,1339.766845703125,771.0223960876465,0.5241026282310486,0.5468514561653137,0.5233464241027832,0.5354322195053101,2.9890594482421875,3.0110321044921875,Fixation,1335.7831954956055,783.5929098129272,316.0,8.0,True,13,image,,9.0
2172.0,1346.0826110839844,779.9073314666748,0.5238105654716492,0.5438666343688965,0.5258135199546814,0.5416023135185242,2.99432373046875,3.015243530273437,Fixation,1335.7831954956055,783.5929098129272,316.0,8.0,True,13,image,,9.0
2176.0,1331.71630859375,790.061616897583,0.5237797498703003,0.5389782190322876,0.5202016830444336,0.5486539006233215,2.9784698486328125,3.033935546875,Fixation,1335.7831954956055,783.5929098129272,316.0,8.0,True,13,image,,9.0
2180.0,1340.6437683105469,776.7329692840576,0.5236926078796387,0.5365947484970093,0.5236889719963074,0.5393978953361511,2.9965057373046875,3.0260772705078125,Fixation,1335.7831954956055,783.5929098129272,316.0,8.0,True,13,image,,9.0
2184.0,1339.7232055664062,781.9181728363037,0.5254342555999756,0.5389429926872253,0.5233293771743774,0.542998731136322,2.990707397460937,3.0080718994140625,Fixation,1335.7831954956055,783.5929098129272,316.0,8.0,True,13,image,,9.0
2188.0,1336.5702819824219,790.918378829956,0.5232012867927551,0.5351272821426392,0.5220977663993835,0.5492488741874695,2.999267578125,3.0288238525390625,Fixation,1335.7831954956055,783.5929098129272,316.0,8.0,True,13,image,,9.0
2192.0,1341.1720275878906,773.1746864318848,0.5246010422706604,0.5343106985092163,0.5238953232765198,0.5369268655776978,2.9896697998046875,2.9932861328125,Fixation,1335.7831954956055,783.5929098129272,316.0,8.0,True,13,image,,9.0
2196.0,1334.8411560058594,775.0382423400879,0.5240625739097595,0.5312996506690979,0.5214223265647888,0.538221001625061,2.98468017578125,3.008392333984375,Fixation,1335.7831954956055,783.5929098129272,316.0,8.0,True,13,image,,9.0
2200.0,1333.9579772949219,790.3081226348877,0.5232440233230591,0.5402172803878784,0.5210773348808289,0.5488250851631165,3.0000152587890625,3.0093994140625,Fixation,1335.7831954956055,783.5929098129272,316.0,8.0,True,13,image,,9.0
2204.0,1333.0931091308594,775.7364749908447,0.5236814618110657,0.5340879559516907,0.5207394957542419,0.5387058854103088,2.986541748046875,3.00653076171875,Fixation,1335.7831954956055,783.5929098129272,316.0,8.0,True,13,image,,9.0
2208.0,1326.1589050292969,777.2310447692871,0.5262498259544373,0.5268526077270508,0.5180308222770691,0.5397437810897827,2.97723388671875,3.0059967041015625,Fixation,1335.7831954956055,783.5929098129272,316.0,8.0,True,13,image,,9.0
2212.0,1336.0679626464844,770.9100437164307,0.5250174403190613,0.5339670777320862,0.521901547908783,0.5353541970252991,3.012054443359375,2.989608764648437,Fixation,1335.7831954956055,783.5929098129272,316.0,8.0,True,13,image,,9.0
2216.0,1329.1947937011719,774.3357181549072,0.52488112449646,0.5271403789520264,0.5192167162895203,0.5377331376075745,2.9882354736328125,2.998870849609375,Fixation,1335.7831954956055,783.5929098129272,316.0,8.0,True,13,image,,9.0
2220.0,1339.2478942871094,787.9563617706299,0.525812566280365,0.5372593402862549,0.5231437087059021,0.5471919178962708,3.0093994140625,3.019287109375,Fixation,1335.7831954956055,783.5929098129272,316.0,8.0,True,13,image,,9.0
2224.0,1334.5185852050781,790.1244449615479,0.524441659450531,0.5319475531578064,0.5212963223457336,0.5486975312232971,3.000701904296875,3.009384155273437,Fixation,1335.7831954956055,783.5929098129272,316.0,8.0,True,13,image,,9.0
2228.0,1338.5932922363281,773.8845920562744,0.5251521468162537,0.5281411409378052,0.5228880047798157,0.537419855594635,2.9977569580078125,3.0214385986328125,Fixation,1335.7831954956055,783.5929098129272,316.0,8.0,True,13,image,,9.0
2232.0,1335.9440612792969,784.0425682067871,0.523838222026825,0.5288395285606384,0.5218531489372253,0.5444740056991577,2.991424560546875,3.0146942138671875,Fixation,1335.7831954956055,783.5929098129272,316.0,8.0,True,13,image,,9.0
2236.0,1332.1722412109375,798.6779880523682,0.5252977013587952,0.5319601893424988,0.5203797817230225,0.5546374917030334,2.98126220703125,3.0406036376953125,Fixation,1335.7831954956055,783.5929098129272,316.0,8.0,True,13,image,,9.0
2240.0,1341.5939331054688,768.8998889923096,0.5256555676460266,0.5278556942939758,0.5240601301193237,0.5339582562446594,2.977447509765625,2.97271728515625,Fixation,1335.7831954956055,783.5929098129272,316.0,8.0,True,13,image,,9.0
2244.0,1335.32470703125,773.2701301574707,0.5215273499488831,0.5280276536941528,0.521611213684082,0.536993145942688,2.98809814453125,2.999130249023437,Fixation,1335.7831954956055,783.5929098129272,316.0,8.0,True,13,image,,9.0
2248.0,1339.9887084960938,783.7124633789062,0.5214806199073792,0.5276691913604736,0.5234330892562866,0.5442447662353516,2.980224609375,2.998992919921875,Fixation,1335.7831954956055,783.5929098129272,316.0,8.0,True,13,image,,9.0
2252.0,1337.3243713378906,773.0819892883301,0.5203911066055298,0.5245768427848816,0.5223923325538635,0.5368624925613403,2.971298217773437,2.983627319335937,Fixation,1335.7831954956055,783.5929098129272,316.0,8.0,True,13,image,,9.0
2256.0,1333.2237243652344,788.9509677886963,0.5225474834442139,0.5290024280548096,0.5207905173301697,0.547882616519928,2.9860382080078125,3.015594482421875,Fixation,1335.7831954956055,783.5929098129272,316.0,8.0,True,13,image,,9.0
2260.0,1335.2714538574219,766.2715816497803,0.524345338344574,0.5282803177833557,0.5215904116630554,0.5321330428123474,2.992095947265625,2.990570068359375,Fixation,1335.7831954956055,783.5929098129272,316.0,8.0,True,13,image,,9.0
2264.0,1335.6480407714844,778.3243560791016,0.5210840702056885,0.5208690762519836,0.5217375159263611,0.5405030250549316,2.957992553710937,2.995346069335937,Fixation,1335.7831954956055,783.5929098129272,316.0,8.0,True,13,image,,9.0
2268.0,1338.2160949707031,779.7837352752686,0.5219039916992188,0.530961275100708,0.5227406620979309,0.5415164828300476,2.9809112548828125,2.9970245361328125,Fixation,1335.7831954956055,783.5929098129272,316.0,8.0,True,13,image,,9.0
2272.0,1338.2331848144531,786.1409568786621,0.5167239308357239,0.5297890901565552,0.5227473378181458,0.5459312200546265,2.9890899658203125,3.013031005859375,Fixation,1335.7831954956055,783.5929098129272,316.0,8.0,True,13,image,,9.0
2276.0,1333.9736938476562,772.8940200805664,0.5210002660751343,0.5281344652175903,0.5210834741592407,0.5367319583892822,2.972259521484375,2.9757232666015625,Fixation,1335.7831954956055,783.5929098129272,316.0,8.0,True,13,image,,9.0
2280.0,1331.8148803710938,786.6658115386963,0.5201799869537354,0.5244562029838562,0.5202401876449585,0.546295702457428,2.9792022705078125,3.0022430419921875,Fixation,1335.7831954956055,783.5929098129272,316.0,8.0,True,13,image,,9.0
2284.0,1337.3551940917969,795.0080394744873,0.5182408094406128,0.5248586535453796,0.5224043726921082,0.5520889163017273,2.976348876953125,3.012664794921875,Fixation,1335.7831954956055,783.5929098129272,316.0,8.0,True,13,image,,9.0
2288.0,1339.945068359375,774.3000984191895,0.5202468633651733,0.5301074981689453,0.5234160423278809,0.5377084016799927,2.9821014404296875,2.980316162109375,Fixation,1335.7831954956055,783.5929098129272,316.0,8.0,True,13,image,,9.0
2292.0,1333.0274963378906,794.2321300506592,0.5207347869873047,0.5276455283164978,0.5207138657569885,0.5515500903129578,2.9810028076171875,3.0182342529296875,Fixation,1335.7831954956055,783.5929098129272,316.0,8.0,True,13,image,,9.0
2296.0,1342.5419616699219,800.176591873169,0.518008291721344,0.5303035378456116,0.5244304537773132,0.5556781888008118,2.9654083251953125,3.0171661376953125,Fixation,1335.7831954956055,783.5929098129272,316.0,8.0,True,13,image,,9.0
2300.0,1332.9093933105469,773.9200401306152,0.5183961987495422,0.527798056602478,0.5206677317619324,0.5374444723129272,2.9606170654296875,2.983505249023437,Fixation,1335.7831954956055,783.5929098129272,316.0,8.0,True,13,image,,9.0
2304.0,1329.0208435058594,784.3785953521729,0.5198420286178589,0.5247892737388611,0.5191487669944763,0.5447073578834534,2.96844482421875,2.978134155273437,Fixation,1335.7831954956055,783.5929098129272,316.0,8.0,True,13,image,,9.0
2308.0,1333.7260437011719,795.0317287445068,0.5214698910713196,0.5206783413887024,0.5209867358207703,0.5521053671836853,2.944183349609375,2.9962310791015625,Fixation,1335.7831954956055,783.5929098129272,316.0,8.0,True,13,image,,9.0
2312.0,1334.986572265625,793.3017253875732,0.5219317674636841,0.5302219390869141,0.5214791297912598,0.5509039759635925,2.95916748046875,3.00689697265625,Fixation,1335.7831954956055,783.5929098129272,316.0,8.0,True,13,image,,9.0
2316.0,1338.8661193847656,795.4466342926025,0.5206952691078186,0.527904748916626,0.5229945778846741,0.5523934960365295,2.9481201171875,2.9783172607421875,Fixation,1335.7831954956055,783.5929098129272,316.0,8.0,True,13,image,,9.0
2320.0,1337.503662109375,796.724739074707,0.518259584903717,0.5306551456451416,0.5224623680114746,0.5532810688018799,2.968658447265625,2.9874420166015625,Fixation,1335.7831954956055,783.5929098129272,316.0,8.0,True,13,image,,9.0
2324.0,1340.0611877441406,792.3575019836426,0.5206832885742188,0.5313120484352112,0.5234614014625549,0.5502482652664185,2.9482421875,2.9802398681640625,Fixation,1335.7831954956055,783.5929098129272,316.0,8.0,True,13,image,,9.0
2328.0,1335.340576171875,794.4508266448975,0.520553469657898,0.526939868927002,0.5216174125671387,0.5517019629478455,2.9532012939453125,2.994140625,Fixation,1335.7831954956055,783.5929098129272,316.0,8.0,True,13,image,,9.0
2332.0,1337.3616027832031,790.2868366241455,0.520722508430481,0.5332038998603821,0.5224068760871887,0.5488103032112122,2.962432861328125,2.988250732421875,Fixation,1335.7831954956055,783.5929098129272,316.0,8.0,True,13,image,,9.0
2336.0,1340.4904174804688,784.6865558624268,0.5209901332855225,0.5306829810142517,0.5236290693283081,0.5449212193489075,2.9617919921875,2.97186279296875,Fixation,1335.7831954956055,783.5929098129272,316.0,8.0,True,13,image,,9.0
2340.0,1338.1776428222656,787.675609588623,0.5218392014503479,0.5240829586982727,0.5227256417274475,0.5469969511032104,2.9329833984375,2.9488067626953125,Fixation,1335.7831954956055,783.5929098129272,316.0,8.0,True,13,image,,9.0
2344.0,1331.8287658691406,793.3297061920166,0.5176510214805603,0.5351659655570984,0.5202456116676331,0.5509234070777893,2.947860717773437,2.95953369140625,Fixation,1335.7831954956055,783.5929098129272,316.0,8.0,True,13,image,,9.0
2348.0,1344.5428466796875,781.5731334686279,0.5211748480796814,0.5176412463188171,0.5252120494842529,0.542759120464325,2.899810791015625,2.9310302734375,Fixation,1335.7831954956055,783.5929098129272,316.0,8.0,True,13,image,,9.0
2352.0,1343.1588745117188,787.7071952819824,0.5184317827224731,0.5244503021240234,0.5246714353561401,0.5470188856124878,2.92181396484375,2.94769287109375,Fixation,1335.7831954956055,783.5929098129272,316.0,8.0,True,13,image,,9.0
2356.0,1337.3324584960938,784.8734951019287,0.520160436630249,0.5212126970291138,0.5223954916000366,0.5450510382652283,2.9066619873046875,2.94195556640625,Fixation,1335.7831954956055,783.5929098129272,316.0,8.0,True,13,image,,9.0
2360.0,1331.8988037109375,796.1382579803467,0.5198974609375,0.5254559516906738,0.520272970199585,0.5528737902641296,2.9110260009765625,2.948638916015625,Fixation,1335.7831954956055,783.5929098129272,316.0,8.0,True,13,image,,9.0
2364.0,1336.7582702636719,793.1686019897461,0.5182783007621765,0.5315756797790527,0.5221711993217468,0.5508115291595459,2.9152069091796875,2.9500885009765625,Fixation,1335.7831954956055,783.5929098129272,316.0,8.0,True,13,image,,9.0
2368.0,1335.4255676269531,782.3905849456787,0.5180862545967102,0.524332582950592,0.5216506123542786,0.5433267951011658,2.910125732421875,2.917709350585937,Fixation,1335.7831954956055,783.5929098129272,316.0,8.0,True,13,image,,9.0
2372.0,1335.5511474609375,790.7136726379395,0.5208290219306946,0.5285507440567017,0.5216996669769287,0.5491067171096802,2.9204559326171875,2.9300537109375,Fixation,1335.7831954956055,783.5929098129272,316.0,8.0,True,13,image,,9.0
2376.0,1336.0185241699219,787.5497817993164,0.5199158191680908,0.5271080732345581,0.5218822360038757,0.5469095706939697,2.90673828125,2.930145263671875,Fixation,1335.7831954956055,783.5929098129272,316.0,8.0,True,13,image,,9.0
2380.0,1336.8783569335938,781.2460327148438,0.5228169560432434,0.5244355201721191,0.5222181081771851,0.5425319671630859,2.8755645751953125,2.9121856689453125,Fixation,1335.7831954956055,783.5929098129272,316.0,8.0,True,13,image,,9.0
2384.0,1332.3062133789062,787.509183883667,0.5194273591041565,0.5250877737998962,0.5204321146011353,0.546881377696991,2.8859100341796875,2.9152984619140625,Fixation,1335.7831954956055,783.5929098129272,316.0,8.0,True,13,image,,9.0
2388.0,1333.4727478027344,792.2007751464844,0.5185799598693848,0.5251111388206482,0.5208877921104431,0.5501394271850586,2.879745483398437,2.9147491455078125,Fixation,1335.7831954956055,783.5929098129272,316.0,8.0,True,13,image,,9.0
2392.0,1327.8680419921875,790.2385997772217,0.520912766456604,0.5258623957633972,0.5186984539031982,0.5487768054008484,2.874984741210937,2.9066619873046875,Fixation,1335.7831954956055,783.5929098129272,316.0,8.0,True,13,image,,9.0
2396.0,1333.1175231933594,779.2830848693848,0.5187100768089294,0.524711012840271,0.520749032497406,0.5411688089370728,2.8854217529296875,2.8943634033203125,Fixation,1335.7831954956055,783.5929098129272,316.0,8.0,True,13,image,,9.0
2400.0,1333.5444641113281,797.9914283752441,0.5215772986412048,0.5246157050132751,0.5209158062934875,0.5541607141494751,2.871688842773437,2.920745849609375,Fixation,1335.7831954956055,783.5929098129272,316.0,8.0,True,13,image,,9.0
2404.0,1331.6136169433594,787.538366317749,0.5237375497817993,0.5361206531524658,0.5201615691184998,0.5469016432762146,2.873443603515625,2.881378173828125,Fixation,1335.7831954956055,783.5929098129272,316.0,8.0,True,13,image,,9.0
2408.0,1331.5243530273438,833.1606388092041,0.518693745136261,0.5494316220283508,0.5201267004013062,0.5785837769508362,2.8444366455078125,2.921966552734375,Saccade,,,,0.0,False,14,,,
2412.0,1340.4977416992188,841.4271640777588,0.5244879126548767,0.583855152130127,0.5236319303512573,0.5843244194984436,2.824249267578125,2.8594512939453125,Saccade,,,,0.0,False,14,,,
2416.0,1344.4819641113281,905.1449489593506,0.5226767063140869,0.6269872784614563,0.5251882672309875,0.6285728812217712,2.8238525390625,2.8638916015625,Saccade,,,,0.0,False,14,,,
2420.0,1380.9989929199219,969.0192031860352,0.5305163860321045,0.656432032585144,0.5394527316093445,0.6729300022125244,2.833038330078125,2.8778533935546875,Saccade,,,,0.0,False,14,,,
2424.0,1375.2865600585938,995.0362014770508,0.5317788124084473,0.6693652868270874,0.5372213125228882,0.6909973621368408,2.799072265625,2.872344970703125,Saccade,,,,0.0,False,14,,,
2428.0,1379.2935180664062,1019.9109649658203,0.5354143977165222,0.7079978585243225,0.5387865304946899,0.7082715034484863,2.8362579345703125,2.8824462890625,Saccade,,,,0.0,False,14,,,
2432.0,1378.9027404785156,1070.7156085968018,0.5349884629249573,0.7300448417663574,0.5386338829994202,0.7435525059700012,2.8321685791015625,2.8689727783203125,Saccade,,,,0.0,False,14,,,
2436.0,1376.7315673828125,1090.7391357421875,0.5370466709136963,0.7399852871894836,0.5377857685089111,0.7574577331542969,2.8148651123046875,2.8800506591796875,Fixation,1373.2598545240319,1094.4867629590242,364.0,9.0,True,15,word,eating,5.0
2440.0,1375.4827880859375,1076.8790245056152,0.5401990413665771,0.7406152486801147,0.5372979640960693,0.7478326559066772,2.814727783203125,2.8587799072265625,Fixation,1373.2598545240319,1094.4867629590242,364.0,9.0,True,15,word,eating,5.0
2444.0,1370.2778625488281,1085.8618068695068,0.5351530313491821,0.7353197336196899,0.535264790058136,0.7540706992149353,2.82586669921875,2.85491943359375,Fixation,1373.2598545240319,1094.4867629590242,364.0,9.0,True,15,word,eating,5.0
2448.0,1368.5855102539062,1091.3244152069092,0.5343461632728577,0.7361238598823547,0.5346037149429321,0.7578641772270203,2.813217163085937,2.850189208984375,Fixation,1373.2598545240319,1094.4867629590242,364.0,9.0,True,15,word,eating,5.0
2452.0,1370.5470275878906,1085.5983066558838,0.5367493033409119,0.7461463809013367,0.5353699326515198,0.7538877129554749,2.830795288085937,2.856842041015625,Fixation,1373.2598545240319,1094.4867629590242,364.0,9.0,True,15,word,eating,5.0
2456.0,1365.2729797363281,1086.2010955810547,0.5425366163253784,0.735117495059967,0.5333097577095032,0.7543063163757324,2.8102569580078125,2.85028076171875,Fixation,1373.2598545240319,1094.4867629590242,364.0,9.0,True,15,word,eating,5.0
2460.0,1370.5805969238281,1097.71897315979,0.5404109358787537,0.7432906627655029,0.5353830456733704,0.7623048424720764,2.8106231689453125,2.859237670898437,Fixation,1373.2598545240319,1094.4867629590242,364.0,9.0,True,15,word,eating,5.0
2464.0,1362.5736999511719,1096.1654376983643,0.5336901545524597,0.7494734525680542,0.5322553515434265,0.7612259984016418,2.81878662109375,2.8504638671875,Fixation,1373.2598545240319,1094.4867629590242,364.0,9.0,True,15,word,eating,5.0
2468.0,1361.8984985351562,1104.4325637817383,0.535493791103363,0.7436570525169373,0.5319916009902954,0.7669670581817627,2.812606811523437,2.86376953125,Fixation,1373.2598545240319,1094.4867629590242,364.0,9.0,True,15,word,eating,5.0
2472.0,1374.4850158691406,1089.2389011383057,0.5332085490226746,0.7467623353004456,0.5369082093238831,0.7564159035682678,2.829559326171875,2.81982421875,Fixation,1373.2598545240319,1094.4867629590242,364.0,9.0,True,15,word,eating,5.0
2476.0,1373.9187622070312,1087.9201984405518,0.5366606116294861,0.7467528581619263,0.5366870164871216,0.7555001378059387,2.80145263671875,2.8437652587890625,Fixation,1373.2598545240319,1094.4867629590242,364.0,9.0,True,15,word,eating,5.0
2480.0,1375.9526062011719,1090.9997177124023,0.5381784439086914,0.7419850826263428,0.5374814867973328,0.757638692855835,2.778060913085937,2.84857177734375,Fixation,1373.2598545240319,1094.4867629590242,364.0,9.0,True,15,word,eating,5.0
2484.0,1379.1433715820312,1087.3345756530762,0.5356139540672302,0.7521544694900513,0.538727879524231,0.7550934553146362,2.8155975341796875,2.812347412109375,Fixation,1373.2598545240319,1094.4867629590242,364.0,9.0,True,15,word,eating,5.0
2488.0,1351.4888000488281,1104.237813949585,0.5392854809761047,0.7491220831871033,0.5279253125190735,0.7668318152427673,2.807357788085937,2.8582763671875,Fixation,1373.2598545240319,1094.4867629590242,364.0,9.0,True,15,word,eating,5.0
2492.0,1367.1806335449219,1110.5229377746582,0.536537230014801,0.7518582344055176,0.5340549349784851,0.7711964845657349,2.8028106689453125,2.8270721435546875,Fixation,1373.2598545240319,1094.4867629590242,364.0,9.0,True,15,word,eating,5.0
2496.0,1367.2236633300781,1108.4769916534424,0.5347328186035156,0.7432623505592346,0.5340717434883118,0.7697756886482239,2.7982177734375,2.858123779296875,Fixation,1373.2598545240319,1094.4867629590242,364.0,9.0,True,15,word,eating,5.0
2500.0,1374.2225646972656,1106.6683673858643,0.5367708802223206,0.7585656046867371,0.5368056893348694,0.7685196995735168,2.831390380859375,2.840484619140625,Fixation,1373.2598545240319,1094.4867629590242,364.0,9.0,True,15,word,eating,5.0
2504.0,1374.1056823730469,1100.4946517944336,0.5370086431503296,0.7490320801734924,0.5367600321769714,0.7642323970794678,2.78753662109375,2.8215484619140625,Fixation,1373.2598545240319,1094.4867629590242,364.0,9.0,True,15,word,eating,5.0
2508.0,1369.0565490722656,1107.0473957061768,0.5358192324638367,0.7532948851585388,0.5347877144813538,0.768782913684845,2.80322265625,2.834335327148437,Fixation,1373.2598545240319,1094.4867629590242,364.0,9.0,True,15,word,eating,5.0
2512.0,1380.8004760742188,1107.4922561645508,0.5379103422164917,0.748876690864563,0.5393751859664917,0.7690918445587158,2.7873992919921875,2.854278564453125,Fixation,1373.2598545240319,1094.4867629590242,364.0,9.0,True,15,word,eating,5.0
2516.0,1375.6050109863281,1095.2887630462646,0.5430227518081665,0.7510315179824829,0.5373457074165344,0.760617196559906,2.79180908203125,2.8214263916015625,Fixation,1373.2598545240319,1094.4867629590242,364.0,9.0,True,15,word,eating,5.0
2520.0,1381.8585205078125,1090.7818794250488,0.5371124744415283,0.7530503869056702,0.5397884845733643,0.757487416267395,2.8094940185546875,2.8247222900390625,Fixation,1373.2598545240319,1094.4867629590242,364.0,9.0,True,15,word,eating,5.0
2524.0,1370.5499267578125,1100.881404876709,0.5371739864349365,0.7482751607894897,0.5353710651397705,0.7645009756088257,2.809112548828125,2.848785400390625,Fixation,1373.2598545240319,1094.4867629590242,364.0,9.0,True,15,word,eating,5.0
2528.0,1371.7555236816406,1101.0789012908936,0.5351555347442627,0.7484866976737976,0.5358420014381409,0.7646381258964539,2.791122436523437,2.843734741210937,Fixation,1373.2598545240319,1094.4867629590242,364.0,9.0,True,15,word,eating,5.0
2532.0,1367.3117065429688,1109.265947341919,0.5320416688919067,0.7437663674354553,0.5341061353683472,0.7703235745429993,2.780502319335937,2.863067626953125,Fixation,1373.2598545240319,1094.4867629590242,364.0,9.0,True,15,word,eating,5.0
2536.0,1379.451904296875,1106.7615795135498,0.5397271513938904,0.7571147680282593,0.5388484001159668,0.7685844302177429,2.8195953369140625,2.834625244140625,Fixation,1373.2598545240319,1094.4867629590242,364.0,9.0,True,15,word,eating,5.0
2540.0,1369.5133972167969,1106.7889595031738,0.5394188761711121,0.7461342215538025,0.5349661707878113,0.7686034440994263,2.8136138916015625,2.8725738525390625,Fixation,1373.2598545240319,1094.4867629590242,364.0,9.0,True,15,word,eating,5.0
2544.0,1367.1875,1095.58762550354,0.5386315584182739,0.7407923340797424,0.5340576171875,0.7608247399330139,2.791290283203125,2.8374176025390625,Fixation,1373.2598545240319,1094.4867629590242,364.0,9.0,True,15,word,eating,5.0
2548.0,1372.5425720214844,1103.093605041504,0.5399311780929565,0.7458710074424744,0.5361494421958923,0.7660372257232666,2.802490234375,2.85064697265625,Fixation,1373.2598545240319,1094.4867629590242,364.0,9.0,True,15,word,eating,5.0
2552.0,1376.1076354980469,1097.3774528503418,0.5359055995941162,0.7424214482307434,0.5375420451164246,0.7620676755905151,2.8032379150390625,2.833282470703125,Fixation,1373.2598545240319,1094.4867629590242,364.0,9.0,True,15,word,eating,5.0
2556.0,1370.9651184082031,1088.4518337249756,0.5410776138305664,0.74652498960495,0.5355332493782043,0.7558693289756775,2.811508178710937,2.834213256835937,Fixation,1373.2598545240319,1094.4867629590242,364.0,9.0,True,15,word,eating,5.0
2560.0,1377.5555419921875,1094.5771408081055,0.5373261570930481,0.7470036745071411,0.5381076335906982,0.7601230144500732,2.7880859375,2.8415679931640625,Fixation,1373.2598545240319,1094.4867629590242,364.0,9.0,True,15,word,eating,5.0
2564.0,1373.2704162597656,1091.3867282867432,0.5394127368927002,0.7554510235786438,0.536433756351471,0.7579074501991272,2.842193603515625,2.840560913085937,Fixation,1373.2598545240319,1094.4867629590242,364.0,9.0,True,15,word,eating,5.0
2568.0,1378.5107421875,1092.0052242279053,0.5363845825195312,0.7463588118553162,0.5384807586669922,0.7583369612693787,2.8157958984375,2.839340209960937,Fixation,1373.2598545240319,1094.4867629590242,364.0,9.0,True,15,word,eating,5.0
2572.0,1375.7417297363281,1094.4226455688477,0.5379825830459595,0.7440912127494812,0.5373991131782532,0.7600157260894775,2.8042449951171875,2.8431854248046875,Fixation,1373.2598545240319,1094.4867629590242,364.0,9.0,True,15,word,eating,5.0
2576.0,1378.3949279785156,1100.9928131103516,0.5396469831466675,0.742353081703186,0.5384355187416077,0.7645783424377441,2.82025146484375,2.834136962890625,Fixation,1373.2598545240319,1094.4867629590242,364.0,9.0,True,15,word,eating,5.0
2580.0,1393.4646606445312,1100.1097011566162,0.538271427154541,0.7430692911148071,0.54432213306427,0.7639650702476501,2.7997589111328125,2.8404998779296875,Fixation,1373.2598545240319,1094.4867629590242,364.0,9.0,True,15,word,eating,5.0
2584.0,1373.6323547363281,1090.6926155090332,0.5413358211517334,0.7461700439453125,0.5365751385688782,0.7574254274368286,2.81964111328125,2.8549957275390625,Fixation,1373.2598545240319,1094.4867629590242,364.0,9.0,True,15,word,eating,5.0
2588.0,1378.6392211914062,1087.9600238800049,0.5399832129478455,0.7423027157783508,0.5385309457778931,0.7555277943611145,2.8042144775390625,2.8282470703125,Fixation,1373.2598545240319,1094.4867629590242,364.0,9.0,True,15,word,eating,5.0
2592.0,1384.1920471191406,1102.533130645752,0.5361574292182922,0.7420884370803833,0.5407000184059143,0.7656480073928833,2.8335113525390625,2.858245849609375,Fixation,1373.2598545240319,1094.4867629590242,364.0,9.0,True,15,word,eating,5.0
2596.0,1366.9114685058594,1091.0878658294678,0.5399597883224487,0.7470160722732544,0.5339497923851013,0.7576999068260193,2.8367462158203125,2.8496856689453125,Fixation,1373.2598545240319,1094.4867629590242,364.0,9.0,True,15,word,eating,5.0
2600.0,1376.4451599121094,1093.0383682250977,0.5408951044082642,0.7427828907966614,0.5376738905906677,0.75905442237854,2.813140869140625,2.8536529541015625,Fixation,1373.2598545240319,1094.4867629590242,364.0,9.0,True,15,word,eating,5.0
2604.0,1377.1208190917969,1106.7763423919678,0.5377342104911804,0.7422753572463989,0.5379378199577332,0.7685946822166443,2.810165405273437,2.877044677734375,Fixation,1373.2598545240319,1094.4867629590242,364.0,9.0,True,15,word,eating,5.0
2608.0,1383.9817810058594,1091.2203884124756,0.541163980960846,0.7504135370254517,0.5406178832054138,0.7577919363975525,2.8364410400390625,2.866546630859375,Fixation,1373.2598545240319,1094.4867629590242,364.0,9.0,True,15,word,eating,5.0
2612.0,1367.7214050292969,1098.9673805236816,0.538127064704895,0.7532646656036377,0.5342661738395691,0.7631717920303345,2.85137939453125,2.8820037841796875,Fixation,1373.2598545240319,1094.4867629590242,364.0,9.0,True,15,word,eating,5.0
2616.0,1385.3118896484375,1094.1544246673584,0.540306568145752,0.753770112991333,0.5411374568939209,0.7598294615745544,2.871734619140625,2.87506103515625,Fixation,1373.2598545240319,1094.4867629590242,364.0,9.0,True,15,word,eating,5.0
2620.0,1377.1994018554688,1105.6706714630127,0.5385296940803528,0.7490004301071167,0.5379685163497925,0.7678268551826477,2.847381591796875,2.899200439453125,Fixation,1373.2598545240319,1094.4867629590242,364.0,9.0,True,15,word,eating,5.0
2624.0,1378.3601379394531,1083.103895187378,0.5378023386001587,0.7435566782951355,0.5384219288825989,0.7521554827690125,2.8457183837890625,2.880615234375,Fixation,1373.2598545240319,1094.4867629590242,364.0,9.0,True,15,word,eating,5.0
2628.0,1361.7475891113281,1098.4208965301514,0.5356609225273132,0.7486743330955505,0.5319326519966125,0.7627922892570496,2.84320068359375,2.8855438232421875,Fixation,1373.2598545240319,1094.4867629590242,364.0,9.0,True,15,word,eating,5.0
2632.0,1373.1192016601562,1100.6004810333252,0.5417108535766602,0.74853515625,0.5363746881484985,0.7643058896064758,2.8600311279296875,2.8841094970703125,Fixation,1373.2598545240319,1094.4867629590242,364.0,9.0,True,15,word,eating,5.0
2636.0,1375.5560302734375,1103.5317707061768,0.5357484817504883,0.7522116303443909,0.5373265743255615,0.766341507434845,2.85955810546875,2.903350830078125,Fixation,1373.2598545240319,1094.4867629590242,364.0,9.0,True,15,word,eating,5.0
2640.0,1382.412109375,1101.5710544586182,0.5419497489929199,0.74954754114151,0.5400047302246094,0.764979898929596,2.8665313720703125,2.881500244140625,Fixation,1373.2598545240319,1094.4867629590242,364.0,9.0,True,15,word,eating,5.0
2644.0,1369.3106079101562,1085.6074047088623,0.5370887517929077,0.7480496168136597,0.5348869562149048,0.753894031047821,2.8585205078125,2.86474609375,Fixation,1373.2598545240319,1094.4867629590242,364.0,9.0,True,15,word,eating,5.0
2648.0,1373.10546875,1098.541145324707,0.536130964756012,0.7463237643241882,0.5363693237304688,0.7628757953643799,2.868743896484375,2.889007568359375,Fixation,1373.2598545240319,1094.4867629590242,364.0,9.0,True,15,word,eating,5.0
2652.0,1377.2525024414062,1098.1240940093994,0.5393269658088684,0.7423033714294434,0.5379892587661743,0.7625861763954163,2.8503570556640625,2.8814239501953125,Fixation,1373.2598545240319,1094.4867629590242,364.0,9.0,True,15,word,eating,5.0
2656.0,1370.4122924804688,1099.4729232788086,0.5372196435928345,0.7547611594200134,0.5353173017501831,0.7635228633880615,2.8758697509765625,2.924072265625,Fixation,1373.2598545240319,1094.4867629590242,364.0,9.0,True,15,word,eating,5.0
2660.0,1365.6808471679688,1096.1399459838867,0.538161039352417,0.7502571940422058,0.5334690809249878,0.7612082958221436,2.8843994140625,2.89715576171875,Fixation,1373.2598545240319,1094.4867629590242,364.0,9.0,True,15,word,eating,5.0
2664.0,1373.2553100585938,1094.0418148040771,0.5413532853126526,0.7498475313186646,0.5364278554916382,0.7597512602806091,2.8734588623046875,2.8952789306640625,Fixation,1373.2598545240319,1094.4867629590242,364.0,9.0,True,15,word,eating,5.0
2668.0,1374.0846252441406,1085.3525733947754,0.5367814898490906,0.7539398670196533,0.5367518067359924,0.7537170648574829,2.8723602294921875,2.9124908447265625,Fixation,1373.2598545240319,1094.4867629590242,364.0,9.0,True,15,word,eating,5.0
2672.0,1378.7892150878906,1098.9450645446777,0.5379692912101746,0.7523059844970703,0.5385895371437073,0.7631562948226929,2.883285522460937,2.8960723876953125,Fixation,1373.2598545240319,1094.4867629590242,364.0,9.0,True,15,word,eating,5.0
2676.0,1380.0651550292969,1084.2833805084229,0.5369503498077393,0.7560089826583862,0.5390879511833191,0.7529745697975159,2.9046630859375,2.8722381591796875,Fixation,1373.2598545240319,1094.4867629590242,364.0,9.0,True,15,word,eating,5.0
2680.0,1380.0007629394531,1096.856460571289,0.5339151620864868,0.7489858269691467,0.5390627980232239,0.7617058753967285,2.87213134765625,2.905181884765625,Fixation,1373.2598545240319,1094.4867629590242,364.0,9.0,True,15,word,eating,5.0
2684.0,1373.0461120605469,1087.9223442077637,0.5347411632537842,0.7526963949203491,0.5363461375236511,0.7555016279220581,2.903594970703125,2.8970184326171875,Fixation,1373.2598545240319,1094.4867629590242,364.0,9.0,True,15,word,eating,5.0
2688.0,1377.5505065917969,1096.788911819458,0.5365357398986816,0.7562481760978699,0.5381056666374207,0.7616589665412903,2.9175567626953125,2.9178466796875,Fixation,1373.2598545240319,1094.4867629590242,364.0,9.0,True,15,word,eating,5.0
2692.0,1367.7189636230469,1094.5377445220947,0.5422530174255371,0.7496646642684937,0.5342652201652527,0.7600956559181213,2.8792266845703125,2.9427032470703125,Fixation,1373.2598545240319,1094.4867629590242,364.0,9.0,True,15,word,eating,5.0
2696.0,1373.4486389160156,1094.5522499084473,0.5375308990478516,0.7503960132598877,0.5365033745765686,0.7601057291030884,2.91363525390625,2.92767333984375,Fixation,1373.2598545240319,1094.4867629590242,364.0,9.0,True,15,word,eating,5.0
2700.0,1379.642333984375,1095.287733078003,0.5364534258842468,0.7539591789245605,0.5389227867126465,0.7606164813041687,2.898193359375,2.92901611328125,Fixation,1373.2598545240319,1094.4867629590242,364.0,9.0,True,15,word,eating,5.0
2704.0,1368.8372802734375,1088.8133525848389,0.5385762453079224,0.7578549981117249,0.5347020626068115,0.7561203837394714,2.906036376953125,2.933837890625,Fixation,1373.2598545240319,1094.4867629590242,364.0,9.0,True,15,word,eating,5.0
2708.0,1368.8755798339844,1076.2749481201172,0.5393552780151367,0.7531550526618958,0.5347170233726501,0.747413158416748,2.8943328857421875,2.9097442626953125,Fixation,1373.2598545240319,1094.4867629590242,364.0,9.0,True,15,word,eating,5.0
2712.0,1385.853271484375,1091.5233707427979,0.545472264289856,0.7560182809829712,0.541348934173584,0.7580023407936096,2.9417724609375,2.90191650390625,Fixation,1373.2598545240319,1094.4867629590242,364.0,9.0,True,15,word,eating,5.0
2716.0,1385.1657104492188,1089.109811782837,0.5359874963760376,0.7554613947868347,0.5410803556442261,0.7563262581825256,2.899887084960937,2.938995361328125,Fixation,1373.2598545240319,1094.4867629590242,364.0,9.0,True,15,word,eating,5.0
2720.0,1368.9785766601562,1091.2810707092285,0.5391193628311157,0.7592204213142395,0.5347572565078735,0.7578340768814087,2.9107818603515625,2.9439239501953125,Fixation,1373.2598545240319,1094.4867629590242,364.0,9.0,True,15,word,eating,5.0
2724.0,1370.1661682128906,1096.481294631958,0.5431822538375854,0.7570303082466125,0.5352211594581604,0.7614453434944153,2.933334350585937,2.9696807861328125,Fixation,1373.2598545240319,1094.4867629590242,364.0,9.0,True,15,word,eating,5.0
2728.0,1368.6663818359375,1095.7413482666016,0.5397814512252808,0.7554327249526978,0.5346353054046631,0.7609314918518066,2.929550170898437,2.94659423828125,Fixation,1373.2598545240319,1094.4867629590242,364.0,9.0,True,15,word,eating,5.0
2732.0,1371.7117309570312,1082.0714378356934,0.5434471368789673,0.7547992467880249,0.5358248949050903,0.7514384984970093,2.9217681884765625,2.939483642578125,Fixation,1373.2598545240319,1094.4867629590242,364.0,9.0,True,15,word,eating,5.0
2736.0,1368.2841491699219,1085.240306854248,0.5392358899116516,0.7581082582473755,0.5344859957695007,0.7536391019821167,2.917831420898437,2.947418212890625,Fixation,1373.2598545240319,1094.4867629590242,364.0,9.0,True,15,word,eating,5.0
2740.0,1370.3985595703125,1092.128734588623,0.5437347292900085,0.7562270164489746,0.5353119373321533,0.7584227323532104,2.9254913330078125,2.944610595703125,Fixation,1373.2598545240319,1094.4867629590242,364.0,9.0,True,15,word,eating,5.0
2744.0,1362.2975158691406,1086.1549186706543,0.5405032634735107,0.752094030380249,0.5321474671363831,0.7542742490768433,2.91839599609375,2.9467926025390625,Fixation,1373.2598545240319,1094.4867629590242,364.0,9.0,True,15,word,eating,5.0
2748.0,1369.2001342773438,1094.046277999878,0.540154755115509,0.7555820941925049,0.5348438024520874,0.7597543597221375,2.9239654541015625,2.9606170654296875,Fixation,1373.2598545240319,1094.4867629590242,364.0,9.0,True,15,word,eating,5.0
2752.0,1368.8153076171875,1092.841215133667,0.5419589281082153,0.7534400820732117,0.5346934795379639,0.758917510509491,2.9395294189453125,2.9684600830078125,Fixation,1373.2598545240319,1094.4867629590242,364.0,9.0,True,15,word,eating,5.0
2756.0,1369.1476440429688,1094.0174388885498,0.5457810163497925,0.7575271129608154,0.5348232984542847,0.7597343325614929,2.947723388671875,2.958847045898437,Fixation,1373.2598545240319,1094.4867629590242,364.0,9.0,True,15,word,eating,5.0
2760.0,1373.1121826171875,1087.1147632598877,0.5407346487045288,0.7547873258590698,0.5363719463348389,0.7549408078193665,2.934326171875,2.9798736572265625,Fixation,1373.2598545240319,1094.4867629590242,364.0,9.0,True,15,word,eating,5.0
2764.0,1360.8517456054688,1092.6367664337158,0.5432554483413696,0.7484869360923767,0.5315827131271362,0.758775532245636,2.919525146484375,2.96661376953125,Fixation,1373.2598545240319,1094.4867629590242,364.0,9.0,True,15,word,eating,5.0
2768.0,1379.3186950683594,1095.3212928771973,0.5437402129173279,0.7523524761199951,0.5387963652610779,0.7606397867202759,2.9439849853515625,2.96893310546875,Fixation,1373.2598545240319,1094.4867629590242,364.0,9.0,True,15,word,eating,5.0
2772.0,1371.74560546875,1082.7146530151367,0.5437494516372681,0.7554949522018433,0.5358381271362305,0.751885175704956,2.94720458984375,2.9652252197265625,Fixation,1373.2598545240319,1094.4867629590242,364.0,9.0,True,15,word,eating,5.0
2776.0,1362.9423522949219,1095.2624130249023,0.5436167120933533,0.7558513879776001,0.5323993563652039,0.76059889793396,2.9357452392578125,2.973373413085937,Fixation,1373.2598545240319,1094.4867629590242,364.0,9.0,True,15,word,eating,5.0
2780.0,1357.8157043457031,1092.9008674621582,0.5432182550430298,0.757034420967102,0.5303967595100403,0.7589589357376099,2.917938232421875,2.9884490966796875,Fixation,1373.2598545240319,1094.4867629590242,364.0,9.0,True,15,word,eating,5.0
2784.0,1356.4312744140625,1085.1962757110596,0.5435999035835266,0.7513347268104553,0.5298559665679932,0.7536085247993469,2.941009521484375,2.959320068359375,Fixation,1373.2598545240319,1094.4867629590242,364.0,9.0,True,15,word,eating,5.0
2788.0,1374.84375,1090.5446434020996,0.5430337190628052,0.7529147267341614,0.53704833984375,0.7573226690292358,2.958969116210937,3.0030059814453125,Fixation,1373.2598545240319,1094.4867629590242,364.0,9.0,True,15,word,eating,5.0
2792.0,1364.517822265625,1090.4101467132568,0.5451528429985046,0.7558071613311768,0.5330147743225098,0.7572292685508728,2.96807861328125,2.9824981689453125,Fixation,1373.2598545240319,1094.4867629590242,364.0,9.0,True,15,word,eating,5.0
2796.0,1373.2423400878906,1091.1886310577393,0.5428168773651123,0.7538301348686218,0.5364227890968323,0.7577698826789856,2.9503326416015625,2.99224853515625,Fixation,1373.2598545240319,1094.4867629590242,364.0,9.0,True,15,word,eating,5.0
2800.0,1423.6576843261719,1093.7763404846191,0.5537770986557007,0.759551465511322,0.5561162829399109,0.7595669031143188,2.973876953125,2.99749755859375,Fixation,1373.2598545240319,1094.4867629590242,364.0,9.0,True,15,word,eating,5.0
2804.0,1485.6297302246094,1111.6101551055908,0.5643454194068909,0.7737165093421936,0.580324113368988,0.7719514966011047,2.97491455078125,2.9976043701171875,Fixation,1534.6615025254546,1129.0597760872763,240.0,10.0,True,16,word,from,6.0
2808.0,1513.7570190429688,1127.5663375854492,0.583146333694458,0.7698433995246887,0.5913113355636597,0.7830321788787842,2.96856689453125,3.024276733398437,Fixation,1534.6615025254546,1129.0597760872763,240.0,10.0,True,16,word,from,6.0
2812.0,1534.0628051757812,1122.681541442871,0.596912145614624,0.7723137140274048,0.5992432832717896,0.7796399593353271,2.98577880859375,3.012557983398437,Fixation,1534.6615025254546,1129.0597760872763,240.0,10.0,True,16,word,from,6.0
2816.0,1542.7642822265625,1116.5908241271973,0.5981423854827881,0.7770928144454956,0.602642297744751,0.7754102945327759,2.997711181640625,3.0274200439453125,Fixation,1534.6615025254546,1129.0597760872763,240.0,10.0,True,16,word,from,6.0
2820.0,1529.6957397460938,1106.488037109375,0.5993636846542358,0.7733054757118225,0.5975373983383179,0.7683944702148438,2.98712158203125,3.0310821533203125,Fixation,1534.6615025254546,1129.0597760872763,240.0,10.0,True,16,word,from,6.0
2824.0,1538.2244873046875,1115.8363723754883,0.6003225445747375,0.765230119228363,0.6008689403533936,0.7748863697052002,2.98004150390625,3.0088348388671875,Fixation,1534.6615025254546,1129.0597760872763,240.0,10.0,True,16,word,from,6.0
2828.0,1533.0577087402344,1115.4957103729248,0.5975550413131714,0.7642500996589661,0.598850667476654,0.7746497988700867,2.9722900390625,3.025543212890625,Fixation,1534.6615025254546,1129.0597760872763,240.0,10.0,True,16,word,from,6.0
2832.0,1520.1995849609375,1113.3963775634766,0.594083309173584,0.7709748148918152,0.5938279628753662,0.7731919288635254,3.0043487548828125,3.019271850585937,Fixation,1534.6615025254546,1129.0597760872763,240.0,10.0,True,16,word,from,6.0
2836.0,1531.6770935058594,1126.0403537750244,0.6000862121582031,0.7680724263191223,0.5983113646507263,0.7819724678993225,2.9873809814453125,3.0321807861328125,Fixation,1534.6615025254546,1129.0597760872763,240.0,10.0,True,16,word,from,6.0
2840.0,1527.6419067382812,1120.3962135314941,0.601067066192627,0.7677926421165466,0.5967351198196411,0.7780529260635376,2.990386962890625,3.036727905273437,Fixation,1534.6615025254546,1129.0597760872763,240.0,10.0,True,16,word,from,6.0
2844.0,1536.2417602539062,1127.0922088623047,0.5979609489440918,0.7723999619483948,0.6000944375991821,0.7827029228210449,2.9946441650390625,3.03924560546875,Fixation,1534.6615025254546,1129.0597760872763,240.0,10.0,True,16,word,from,6.0
2848.0,1540.6303405761719,1129.0181636810303,0.5973573327064514,0.7733330130577087,0.6018087267875671,0.7840403914451599,3.0012664794921875,3.031112670898437,Fixation,1534.6615025254546,1129.0597760872763,240.0,10.0,True,16,word,from,6.0
2852.0,1532.4937438964844,1119.4217777252197,0.6014546751976013,0.7696765065193176,0.5986303687095642,0.7773762345314026,2.975692749023437,3.032196044921875,Fixation,1534.6615025254546,1129.0597760872763,240.0,10.0,True,16,word,from,6.0
2856.0,1540.9854125976562,1130.4129123687744,0.5998340845108032,0.7681556344032288,0.6019474267959595,0.78500896692276,2.9891815185546875,3.0454559326171875,Fixation,1534.6615025254546,1129.0597760872763,240.0,10.0,True,16,word,from,6.0
2860.0,1538.4371948242188,1129.5336627960205,0.5987768173217773,0.773400604724884,0.6009520292282104,0.7843983769416809,3.017562866210937,3.0297088623046875,Fixation,1534.6615025254546,1129.0597760872763,240.0,10.0,True,16,word,from,6.0
2864.0,1538.4359741210938,1125.538501739502,0.5975286960601807,0.775225818157196,0.6009515523910522,0.7816239595413208,3.0093994140625,3.055084228515625,Fixation,1534.6615025254546,1129.0597760872763,240.0,10.0,True,16,word,from,6.0
2868.0,1539.7016906738281,1123.4819984436035,0.6013638377189636,0.7679449319839478,0.6014459729194641,0.7801958322525024,3.000732421875,3.054779052734375,Fixation,1534.6615025254546,1129.0597760872763,240.0,10.0,True,16,word,from,6.0
2872.0,1539.4961547851562,1126.543836593628,0.6003080606460571,0.7751681208610535,0.6013656854629517,0.782322108745575,3.021697998046875,3.03472900390625,Fixation,1534.6615025254546,1129.0597760872763,240.0,10.0,True,16,word,from,6.0
2876.0,1533.8613891601562,1123.0579090118408,0.6018795967102051,0.7648720741271973,0.599164605140686,0.7799013257026672,3.003997802734375,3.0565185546875,Fixation,1534.6615025254546,1129.0597760872763,240.0,10.0,True,16,word,from,6.0
2880.0,1537.3204040527344,1132.871961593628,0.6020901203155518,0.7716658115386963,0.6005157828330994,0.786716639995575,3.002792358398437,3.0470733642578125,Fixation,1534.6615025254546,1129.0597760872763,240.0,10.0,True,16,word,from,6.0
2884.0,1539.8098754882812,1123.5742664337158,0.6000357866287231,0.7696968913078308,0.6014882326126099,0.780259907245636,3.032684326171875,3.042831420898437,Fixation,1534.6615025254546,1129.0597760872763,240.0,10.0,True,16,word,from,6.0
2888.0,1525.1115417480469,1129.922046661377,0.6008472442626953,0.7723326683044434,0.5957466959953308,0.7846680879592896,3.0127410888671875,3.064926147460937,Fixation,1534.6615025254546,1129.0597760872763,240.0,10.0,True,16,word,from,6.0
2892.0,1536.4384460449219,1127.2373485565186,0.6064945459365845,0.7682304978370667,0.6001712679862976,0.7828037142753601,3.01654052734375,3.0379791259765625,Fixation,1534.6615025254546,1129.0597760872763,240.0,10.0,True,16,word,from,6.0
2896.0,1528.4489440917969,1130.0298500061035,0.6000416278839111,0.7787469029426575,0.5970503687858582,0.7847429513931274,3.038330078125,3.07080078125,Fixation,1534.6615025254546,1129.0597760872763,240.0,10.0,True,16,word,from,6.0
2900.0,1536.5940856933594,1134.226884841919,0.6016770005226135,0.7776119112968445,0.6002320647239685,0.7876575589179993,3.027938842773437,3.05255126953125,Fixation,1534.6615025254546,1129.0597760872763,240.0,10.0,True,16,word,from,6.0
2904.0,1532.8172302246094,1131.9765758514404,0.6025957465171814,0.7732308506965637,0.598756730556488,0.7860948443412781,3.0285797119140625,3.0583648681640625,Fixation,1534.6615025254546,1129.0597760872763,240.0,10.0,True,16,word,from,6.0
2908.0,1540.1554870605469,1139.987497329712,0.6003278493881226,0.7748830914497375,0.6016232371330261,0.7916579842567444,3.012191772460937,3.07379150390625,Fixation,1534.6615025254546,1129.0597760872763,240.0,10.0,True,16,word,from,6.0
2912.0,1539.6575927734375,1130.648431777954,0.6029644012451172,0.7715296745300293,0.601428747177124,0.7851725220680237,3.0172882080078125,3.068222045898437,Fixation,1534.6615025254546,1129.0597760872763,240.0,10.0,True,16,word,from,6.0
2916.0,1544.6133422851562,1126.3589572906494,0.6003433465957642,0.7776116728782654,0.6033645868301392,0.7821937203407288,3.03094482421875,3.0435791015625,Fixation,1534.6615025254546,1129.0597760872763,240.0,10.0,True,16,word,from,6.0
2920.0,1536.8980407714844,1132.66450881958,0.6009020209312439,0.772509753704071,0.6003507971763611,0.7865725755691528,3.0160064697265625,3.0679473876953125,Fixation,1534.6615025254546,1129.0597760872763,240.0,10.0,True,16,word,from,6.0
2924.0,1533.5050964355469,1128.2586479187012,0.6016770005226135,0.7776131629943848,0.5990254282951355,0.7835129499435425,3.029296875,3.0748748779296875,Fixation,1534.6615025254546,1129.0597760872763,240.0,10.0,True,16,word,from,6.0
2928.0,1537.5386047363281,1129.1908550262451,0.5988221168518066,0.7746126651763916,0.6006010174751282,0.784160315990448,3.01507568359375,3.084808349609375,Fixation,1534.6615025254546,1129.0597760872763,240.0,10.0,True,16,word,from,6.0
2932.0,1536.6181945800781,1129.7227478027344,0.601928174495697,0.7761751413345337,0.600241482257843,0.7845296859741211,3.029022216796875,3.076766967773437,Fixation,1534.6615025254546,1129.0597760872763,240.0,10.0,True,16,word,from,6.0
2936.0,1535.887451171875,1130.2463150024414,0.6034289002418518,0.7711825966835022,0.5999560356140137,0.784893274307251,3.009872436523437,3.065170288085937,Fixation,1534.6615025254546,1129.0597760872763,240.0,10.0,True,16,word,from,6.0
2940.0,1532.8807067871094,1128.4118556976318,0.6002718210220337,0.7723309397697449,0.5987815260887146,0.7836193442344666,3.027084350585937,3.0723114013671875,Fixation,1534.6615025254546,1129.0597760872763,240.0,10.0,True,16,word,from,6.0
2944.0,1539.4631958007812,1124.7897148132324,0.5993658900260925,0.7693639397621155,0.6013528108596802,0.7811039686203003,3.0083160400390625,3.0682373046875,Fixation,1534.6615025254546,1129.0597760872763,240.0,10.0,True,16,word,from,6.0
2948.0,1542.1577453613281,1132.7879333496094,0.5983227491378784,0.7732967138290405,0.6024053692817688,0.7866582870483398,3.0265655517578125,3.072357177734375,Fixation,1534.6615025254546,1129.0597760872763,240.0,10.0,True,16,word,from,6.0
2952.0,1530.5140686035156,1128.1807136535645,0.6025224328041077,0.7756309509277344,0.5978570580482483,0.7834588289260864,3.0271453857421875,3.09234619140625,Fixation,1534.6615025254546,1129.0597760872763,240.0,10.0,True,16,word,from,6.0
2956.0,1540.1382446289062,1124.6116161346436,0.6025343537330627,0.7721813321113586,0.6016165018081665,0.7809802889823914,3.0057373046875,3.061187744140625,Fixation,1534.6615025254546,1129.0597760872763,240.0,10.0,True,16,word,from,6.0
2960.0,1541.8254089355469,1124.6730709075928,0.6076199412345886,0.7759754061698914,0.602275550365448,0.7810229659080505,3.02569580078125,3.0628814697265625,Fixation,1534.6615025254546,1129.0597760872763,240.0,10.0,True,16,word,from,6.0
2964.0,1539.3208312988281,1119.2653942108154,0.6037523746490479,0.776875376701355,0.6012971997261047,0.7772676348686218,3.02679443359375,3.0551300048828125,Fixation,1534.6615025254546,1129.0597760872763,240.0,10.0,True,16,word,from,6.0
2968.0,1525.1083374023438,1129.1734313964844,0.6008858680725098,0.7774174809455872,0.5957454442977905,0.7841482162475586,3.0306396484375,3.089996337890625,Fixation,1534.6615025254546,1129.0597760872763,240.0,10.0,True,16,word,from,6.0
2972.0,1539.3824768066406,1127.0477485656738,0.6033265590667725,0.7740739583969116,0.601321280002594,0.7826720476150513,3.023162841796875,3.063385009765625,Fixation,1534.6615025254546,1129.0597760872763,240.0,10.0,True,16,word,from,6.0
2976.0,1537.7816772460938,1124.4402980804443,0.6040847301483154,0.7732741832733154,0.6006959676742554,0.7808613181114197,3.017913818359375,3.071807861328125,Fixation,1534.6615025254546,1129.0597760872763,240.0,10.0,True,16,word,from,6.0
2980.0,1526.7263793945312,1136.2156677246094,0.60247403383255,0.7718701958656311,0.5963774919509888,0.7890386581420898,3.019073486328125,3.067169189453125,Fixation,1534.6615025254546,1129.0597760872763,240.0,10.0,True,16,word,from,6.0
2984.0,1540.5513000488281,1129.5617294311523,0.6006739139556885,0.7712481021881104,0.6017778515815735,0.7844178676605225,3.0132598876953125,3.06201171875,Fixation,1534.6615025254546,1129.0597760872763,240.0,10.0,True,16,word,from,6.0
2988.0,1533.0792236328125,1133.6233234405518,0.602715253829956,0.7742288708686829,0.5988590717315674,0.7872384190559387,3.011474609375,3.06298828125,Fixation,1534.6615025254546,1129.0597760872763,240.0,10.0,True,16,word,from,6.0
2992.0,1539.5535278320312,1134.7032451629639,0.6047508120536804,0.77426677942276,0.6013880968093872,0.7879883646965027,3.022079467773437,3.0708465576171875,Fixation,1534.6615025254546,1129.0597760872763,240.0,10.0,True,16,word,from,6.0
2996.0,1534.0234375,1135.8608436584473,0.599469780921936,0.7729960083961487,0.5992279052734375,0.7887922525405884,3.017059326171875,3.0583038330078125,Fixation,1534.6615025254546,1129.0597760872763,240.0,10.0,True,16,word,from,6.0
3000.0,1527.6547241210938,1138.4151649475098,0.6032568216323853,0.7747016549110413,0.5967401266098022,0.790566086769104,3.016937255859375,3.064453125,Fixation,1534.6615025254546,1129.0597760872763,240.0,10.0,True,16,word,from,6.0
3004.0,1545.5641174316406,1137.024278640747,0.6041542291641235,0.7730429768562317,0.6037359833717346,0.7896001935005188,3.0030517578125,3.0555419921875,Fixation,1534.6615025254546,1129.0597760872763,240.0,10.0,True,16,word,from,6.0
3008.0,1534.4453430175781,1139.5240116119385,0.6022176146507263,0.7743300795555115,0.5993927121162415,0.7913361191749573,2.9992828369140625,3.06121826171875,Fixation,1534.6615025254546,1129.0597760872763,240.0,10.0,True,16,word,from,6.0
3012.0,1534.554443359375,1135.2499866485596,0.5988056063652039,0.7758755087852478,0.5994353294372559,0.7883680462837219,3.033843994140625,3.0633087158203125,Fixation,1534.6615025254546,1129.0597760872763,240.0,10.0,True,16,word,from,6.0
3016.0,1544.9012756347656,1145.2246284484863,0.6013056039810181,0.7711330056190491,0.6034770607948303,0.7952948808670044,3.0116424560546875,3.0712432861328125,Fixation,1534.6615025254546,1129.0597760872763,240.0,10.0,True,16,word,from,6.0
3020.0,1539.4429016113281,1140.3012084960938,0.5988800525665283,0.7738723754882812,0.601344883441925,0.7918758392333984,3.01507568359375,3.059799194335937,Fixation,1534.6615025254546,1129.0597760872763,240.0,10.0,True,16,word,from,6.0
3024.0,1538.6085510253906,1140.8766174316406,0.5973467826843262,0.7754459381103516,0.6010189652442932,0.7922754287719727,3.0001220703125,3.068206787109375,Fixation,1534.6615025254546,1129.0597760872763,240.0,10.0,True,16,word,from,6.0
3028.0,1536.7276000976562,1134.473648071289,0.5973540544509888,0.7723914980888367,0.600284218788147,0.7878289222717285,3.00054931640625,3.0399322509765625,Fixation,1534.6615025254546,1129.0597760872763,240.0,10.0,True,16,word,from,6.0
3032.0,1530.7461547851562,1137.914171218872,0.5976026058197021,0.7708289623260498,0.5979477167129517,0.79021817445755,2.9956207275390625,3.052703857421875,Fixation,1534.6615025254546,1129.0597760872763,240.0,10.0,True,16,word,from,6.0
3036.0,1528.7959289550781,1145.89994430542,0.5972083806991577,0.7762646079063416,0.5971859097480774,0.7957638502120972,3.0116424560546875,3.057525634765625,Fixation,1534.6615025254546,1129.0597760872763,240.0,10.0,True,16,word,from,6.0
3040.0,1528.90869140625,1136.4747905731201,0.5984681844711304,0.7716938853263855,0.5972299575805664,0.7892186045646667,3.0248260498046875,3.052490234375,Fixation,1534.6615025254546,1129.0597760872763,240.0,10.0,True,16,word,from,6.0
3044.0,1543.0870056152344,1140.8015155792236,0.6045724749565125,0.7781322598457336,0.6027683615684509,0.7922232747077942,3.005859375,3.0786590576171875,Fixation,1534.6615025254546,1129.0597760872763,240.0,10.0,True,16,word,from,6.0
3048.0,1599.5046997070312,1142.9705429077148,0.6170118451118469,0.7818094491958618,0.6248065233230591,0.7937295436859131,3.030059814453125,3.0492706298828125,Fixation,1685.904416421973,1142.5379083370756,232.0,11.0,True,17,word,grass,8.0
3052.0,1631.8370056152344,1155.8959579467773,0.630250096321106,0.7795193195343018,0.6374363303184509,0.8027055263519287,3.0177154541015625,3.074325561523437,Fixation,1685.904416421973,1142.5379083370756,232.0,11.0,True,17,word,grass,8.0
3056.0,1667.9454040527344,1138.1036853790283,0.6387348175048828,0.7753696441650391,0.6515411734580994,0.7903497815132141,3.0042266845703125,3.04559326171875,Fixation,1685.904416421973,1142.5379083370756,232.0,11.0,True,17,word,grass,8.0
3060.0,1663.7538146972656,1147.6435089111328,0.639523446559906,0.7836243510246277,0.6499038338661194,0.7969746589660645,3.03204345703125,3.04974365234375,Fixation,1685.904416421973,1142.5379083370756,232.0,11.0,True,17,word,grass,8.0
3064.0,1684.5478820800781,1148.6523628234863,0.647650957107544,0.7726948857307434,0.6580265164375305,0.7976752519607544,3.017486572265625,3.043319702148437,Fixation,1685.904416421973,1142.5379083370756,232.0,11.0,True,17,word,grass,8.0
3068.0,1687.9183959960938,1144.5967769622803,0.6548031568527222,0.7774934768676758,0.6593431234359741,0.7948588728904724,3.026473999023437,3.0699462890625,Fixation,1685.904416421973,1142.5379083370756,232.0,11.0,True,17,word,grass,8.0
3072.0,1685.8509826660156,1137.5106811523438,0.6591424345970154,0.7760146856307983,0.6585355401039124,0.7899379730224609,3.006683349609375,3.0503692626953125,Fixation,1685.904416421973,1142.5379083370756,232.0,11.0,True,17,word,grass,8.0
3076.0,1692.5004577636719,1147.106637954712,0.6601905226707458,0.7722307443618774,0.6611329913139343,0.7966018319129944,3.00872802734375,3.02899169921875,Fixation,1685.904416421973,1142.5379083370756,232.0,11.0,True,17,word,grass,8.0
3080.0,1688.6183166503906,1142.1584129333496,0.6530876159667969,0.7759741544723511,0.6596165299415588,0.7931655645370483,3.022796630859375,3.039703369140625,Fixation,1685.904416421973,1142.5379083370756,232.0,11.0,True,17,word,grass,8.0
3084.0,1683.7297058105469,1156.2930965423584,0.6551145911216736,0.7765880227088928,0.6577069163322449,0.8029813170433044,3.0120849609375,3.049789428710937,Fixation,1685.904416421973,1142.5379083370756,232.0,11.0,True,17,word,grass,8.0
3088.0,1686.5592956542969,1150.7392501831055,0.656676709651947,0.7741730213165283,0.6588122248649597,0.7991244792938232,3.026275634765625,3.0561981201171875,Fixation,1685.904416421973,1142.5379083370756,232.0,11.0,True,17,word,grass,8.0
3092.0,1687.4195861816406,1150.3699207305908,0.6536167860031128,0.7817956209182739,0.6591482758522034,0.7988680005073547,3.01055908203125,3.046615600585937,Fixation,1685.904416421973,1142.5379083370756,232.0,11.0,True,17,word,grass,8.0
3096.0,1692.1931457519531,1148.3400249481201,0.6579161882400513,0.7773253917694092,0.6610129475593567,0.7974583506584167,3.0003662109375,3.0355224609375,Fixation,1685.904416421973,1142.5379083370756,232.0,11.0,True,17,word,grass,8.0
3100.0,1694.72412109375,1150.7902336120605,0.6553727388381958,0.7759270668029785,0.6620016098022461,0.7991598844528198,2.989852905273437,3.0316925048828125,Fixation,1685.904416421973,1142.5379083370756,232.0,11.0,True,17,word,grass,8.0
3104.0,1688.7669372558594,1153.6025619506836,0.6550613045692444,0.7794846296310425,0.6596745848655701,0.8011128902435303,2.986801147460937,3.0328521728515625,Fixation,1685.904416421973,1142.5379083370756,232.0,11.0,True,17,word,grass,8.0
3108.0,1688.004150390625,1149.9502086639404,0.656429648399353,0.7823464274406433,0.6593766212463379,0.7985765337944031,3.00018310546875,3.036117553710937,Fixation,1685.904416421973,1142.5379083370756,232.0,11.0,True,17,word,grass,8.0
3112.0,1693.1222534179688,1145.4733657836914,0.6574504971504211,0.7783767580986023,0.661375880241394,0.7954676151275635,3.010772705078125,3.0276031494140625,Fixation,1685.904416421973,1142.5379083370756,232.0,11.0,True,17,word,grass,8.0
3116.0,1681.2112426757812,1138.0420589447021,0.6550560593605042,0.7752796411514282,0.656723141670227,0.7903069853782654,3.0045166015625,3.0337066650390625,Fixation,1685.904416421973,1142.5379083370756,232.0,11.0,True,17,word,grass,8.0
3120.0,1688.8310241699219,1149.391622543335,0.656441867351532,0.7799332141876221,0.6596996188163757,0.7981886267662048,2.980865478515625,3.01068115234375,Fixation,1685.904416421973,1142.5379083370756,232.0,11.0,True,17,word,grass,8.0
3124.0,1687.7485656738281,1152.9866409301758,0.6581742167472839,0.7764201164245605,0.6592767834663391,0.8006851673126221,2.9961090087890625,3.045013427734375,Fixation,1685.904416421973,1142.5379083370756,232.0,11.0,True,17,word,grass,8.0
3128.0,1699.5254516601562,1140.734567642212,0.6535695791244507,0.7812642455101013,0.6638771295547485,0.7921767830848694,2.9906768798828125,3.0057373046875,Fixation,1685.904416421973,1142.5379083370756,232.0,11.0,True,17,word,grass,8.0
3132.0,1697.5794982910156,1147.0432090759277,0.6572967767715454,0.7766566872596741,0.663116991519928,0.7965577840805054,2.9792022705078125,3.010650634765625,Fixation,1685.904416421973,1142.5379083370756,232.0,11.0,True,17,word,grass,8.0
3136.0,1689.5736694335938,1139.6552467346191,0.6570063829421997,0.7720435857772827,0.6599897146224976,0.7914272546768188,2.9704742431640625,3.0130157470703125,Fixation,1685.904416421973,1142.5379083370756,232.0,11.0,True,17,word,grass,8.0
3140.0,1693.8279724121094,1145.3459072113037,0.6567964553833008,0.7796629667282104,0.6616515517234802,0.795379102230072,3.000762939453125,3.024139404296875,Fixation,1685.904416421973,1142.5379083370756,232.0,11.0,True,17,word,grass,8.0
3144.0,1684.2021179199219,1155.7810306549072,0.6573048830032349,0.7824982404708862,0.6578914523124695,0.8026257157325745,2.9783477783203125,3.038360595703125,Fixation,1685.904416421973,1142.5379083370756,232.0,11.0,True,17,word,grass,8.0
3148.0,1694.1188049316406,1146.4645385742188,0.6569243669509888,0.7764133214950562,0.6617651581764221,0.7961559295654297,2.979248046875,3.005599975585937,Fixation,1685.904416421973,1142.5379083370756,232.0,11.0,True,17,word,grass,8.0
3152.0,1693.8661193847656,1149.880256652832,0.6543734073638916,0.7802869081497192,0.6616664528846741,0.7985279560089111,2.996932983398437,3.01995849609375,Fixation,1685.904416421973,1142.5379083370756,232.0,11.0,True,17,word,grass,8.0
3156.0,1692.72216796875,1146.7955875396729,0.6560541987419128,0.7815912961959839,0.661219596862793,0.7963858246803284,2.9953765869140625,3.015350341796875,Fixation,1685.904416421973,1142.5379083370756,232.0,11.0,True,17,word,grass,8.0
3160.0,1696.8702697753906,1143.3645915985107,0.6543327569961548,0.7758574485778809,0.662839949131012,0.7940031886100769,2.97222900390625,2.997909545898437,Fixation,1685.904416421973,1142.5379083370756,232.0,11.0,True,17,word,grass,8.0
3164.0,1685.2175903320312,1149.8459243774414,0.6592398881912231,0.7802621126174927,0.6582881212234497,0.798504114151001,2.991928100585937,3.028594970703125,Fixation,1685.904416421973,1142.5379083370756,232.0,11.0,True,17,word,grass,8.0
3168.0,1680.4927062988281,1138.8154792785645,0.6579826474189758,0.7770512104034424,0.6564424633979797,0.7908440828323364,2.96575927734375,3.0154266357421875,Fixation,1685.904416421973,1142.5379083370756,232.0,11.0,True,17,word,grass,8.0
3172.0,1690.3251647949219,1131.9355487823486,0.659614622592926,0.7754433751106262,0.6602832674980164,0.7860663533210754,2.9742889404296875,3.0244598388671875,Fixation,1685.904416421973,1142.5379083370756,232.0,11.0,True,17,word,grass,8.0
3176.0,1690.5874633789062,1135.6838607788086,0.6573653817176819,0.7778186798095703,0.6603857278823853,0.7886693477630615,2.9851531982421875,3.025665283203125,Fixation,1685.904416421973,1142.5379083370756,232.0,11.0,True,17,word,grass,8.0
3180.0,1680.2920532226562,1138.709478378296,0.6585680842399597,0.7760442495346069,0.6563640832901001,0.7907704710960388,2.9777069091796875,3.031600952148437,Fixation,1685.904416421973,1142.5379083370756,232.0,11.0,True,17,word,grass,8.0
3184.0,1689.754638671875,1142.0385074615479,0.6556124687194824,0.7782775163650513,0.6600604057312012,0.7930822968482971,2.97918701171875,3.0073699951171875,Fixation,1685.904416421973,1142.5379083370756,232.0,11.0,True,17,word,grass,8.0
3188.0,1699.8580932617188,1132.9668045043945,0.656667172908783,0.7778286933898926,0.6640070676803589,0.7867825031280518,2.9805145263671875,2.992401123046875,Fixation,1685.904416421973,1142.5379083370756,232.0,11.0,True,17,word,grass,8.0
3192.0,1694.010009765625,1143.0551719665527,0.6608415842056274,0.7744849324226379,0.6617226600646973,0.7937883138656616,2.965560913085937,3.032684326171875,Fixation,1685.904416421973,1142.5379083370756,232.0,11.0,True,17,word,grass,8.0
3196.0,1689.0730285644531,1136.8860054016113,0.6559761166572571,0.7773105502128601,0.6597941517829895,0.7895041704177856,2.977035522460937,2.997787475585937,Fixation,1685.904416421973,1142.5379083370756,232.0,11.0,True,17,word,grass,8.0
3200.0,1696.6288757324219,1129.660348892212,0.6570421457290649,0.7783727645874023,0.6627456545829773,0.7844863533973694,2.974822998046875,2.991806030273437,Fixation,1685.904416421973,1142.5379083370756,232.0,11.0,True,17,word,grass,8.0
3204.0,1693.1929016113281,1135.1136875152588,0.6558597683906555,0.7823775410652161,0.661403477191925,0.7882733941078186,3.0013427734375,3.018768310546875,Fixation,1685.904416421973,1142.5379083370756,232.0,11.0,True,17,word,grass,8.0
3208.0,1687.55859375,1135.6541633605957,0.6592583656311035,0.7735166549682617,0.6592025756835938,0.7886487245559692,2.956939697265625,3.001800537109375,Fixation,1685.904416421973,1142.5379083370756,232.0,11.0,True,17,word,grass,8.0
3212.0,1697.1345520019531,1138.9555549621582,0.6566779613494873,0.772868275642395,0.6629431843757629,0.7909413576126099,2.9674224853515625,3.0001983642578125,Fixation,1685.904416421973,1142.5379083370756,232.0,11.0,True,17,word,grass,8.0
3216.0,1685.1741027832031,1143.9063549041748,0.6592731475830078,0.7698684930801392,0.6582711338996887,0.7943794131278992,2.9440155029296875,3.00946044921875,Fixation,1685.904416421973,1142.5379083370756,232.0,11.0,True,17,word,grass,8.0
3220.0,1691.0494995117188,1140.256404876709,0.6567507982254028,0.7718605399131775,0.6605662107467651,0.7918447256088257,2.972900390625,3.009994506835937,Fixation,1685.904416421973,1142.5379083370756,232.0,11.0,True,17,word,grass,8.0
3224.0,1682.7369689941406,1136.6370105743408,0.6578336954116821,0.7698822617530823,0.6573191285133362,0.7893312573432922,2.9547576904296875,3.000030517578125,Fixation,1685.904416421973,1142.5379083370756,232.0,11.0,True,17,word,grass,8.0
3228.0,1688.4817504882812,1139.7023677825928,0.6581805944442749,0.7715277075767517,0.6595631837844849,0.7914599776268005,2.951690673828125,3.0011444091796875,Fixation,1685.904416421973,1142.5379083370756,232.0,11.0,True,17,word,grass,8.0
3232.0,1689.45556640625,1139.3538093566895,0.6583876609802246,0.7779416441917419,0.6599435806274414,0.7912179231643677,2.97711181640625,3.021728515625,Fixation,1685.904416421973,1142.5379083370756,232.0,11.0,True,17,word,grass,8.0
3236.0,1691.5377807617188,1145.449504852295,0.6586717367172241,0.7736217975616455,0.6607569456100464,0.7954510450363159,2.9599761962890625,3.0221099853515625,Fixation,1685.904416421973,1142.5379083370756,232.0,11.0,True,17,word,grass,8.0
3240.0,1686.6114807128906,1146.28249168396,0.6573514938354492,0.7751089930534363,0.6588326096534729,0.7960295081138611,2.976043701171875,3.0106201171875,Fixation,1685.904416421973,1142.5379083370756,232.0,11.0,True,17,word,grass,8.0
3244.0,1682.9681396484375,1140.8853721618652,0.6582123637199402,0.769298791885376,0.6574094295501709,0.7922815084457397,2.967498779296875,3.011871337890625,Fixation,1685.904416421973,1142.5379083370756,232.0,11.0,True,17,word,grass,8.0
3248.0,1685.5410766601562,1141.9006633758545,0.6561057567596436,0.7722203731536865,0.6584144830703735,0.7929865717887878,2.959747314453125,3.0271148681640625,Fixation,1685.904416421973,1142.5379083370756,232.0,11.0,True,17,word,grass,8.0
3252.0,1691.3002014160156,1145.1416301727295,0.6558052897453308,0.7765820622444153,0.6606641411781311,0.7952372431755066,2.980712890625,3.0130615234375,Fixation,1685.904416421973,1142.5379083370756,232.0,11.0,True,17,word,grass,8.0
3256.0,1694.7804260253906,1131.6251850128174,0.656299889087677,0.7733402252197266,0.6620236039161682,0.7858508229255676,2.9635467529296875,3.0018310546875,Fixation,1685.904416421973,1142.5379083370756,232.0,11.0,True,17,word,grass,8.0
3260.0,1702.3609924316406,1125.6175518035889,0.6559945940971375,0.7755151987075806,0.6649847626686096,0.7816788554191589,2.9870147705078125,2.9850616455078125,Fixation,1685.904416421973,1142.5379083370756,232.0,11.0,True,17,word,grass,8.0
3264.0,1694.5829772949219,1136.816053390503,0.6573585271835327,0.77189701795578,0.6619464755058289,0.7894555926322937,2.96832275390625,3.0107421875,Fixation,1685.904416421973,1142.5379083370756,232.0,11.0,True,17,word,grass,8.0
3268.0,1683.7535095214844,1141.9731044769287,0.6552689671516418,0.7774862051010132,0.6577162146568298,0.7930368781089783,2.9898223876953125,3.0206298828125,Fixation,1685.904416421973,1142.5379083370756,232.0,11.0,True,17,word,grass,8.0
3272.0,1692.6626586914062,1124.7041416168213,0.6555999517440796,0.7744114398956299,0.6611963510513306,0.7810445427894592,2.965560913085937,3.004913330078125,Fixation,1685.904416421973,1142.5379083370756,232.0,11.0,True,17,word,grass,8.0
3276.0,1686.5901184082031,1133.8750648498535,0.6452627182006836,0.7696560621261597,0.6588242650032043,0.7874132394790649,2.950592041015625,3.0121612548828125,Fixation,1685.904416421973,1142.5379083370756,232.0,11.0,True,17,word,grass,8.0
3280.0,1648.6412048339844,1138.388385772705,0.635254979133606,0.7739083766937256,0.6440004706382751,0.7905474901199341,2.946884155273437,3.006134033203125,Fixation,1685.904416421973,1142.5379083370756,232.0,11.0,True,17,word,grass,8.0
3284.0,1593.5171508789062,1130.7721996307373,0.6137188673019409,0.7687147259712219,0.6224676370620728,0.7852584719657898,2.9426727294921875,2.987533569335937,Saccade,,,,0.0,False,18,,,
3288.0,1537.70263671875,1128.9407444000244,0.579461932182312,0.7715076208114624,0.6006650924682617,0.7839866280555725,2.9656524658203125,2.988037109375,Saccade,,,,0.0,False,18,,,
3292.0,1476.7805480957031,1129.819736480713,0.5710239410400391,0.7750830054283142,0.576867401599884,0.7845970392227173,2.941925048828125,2.99298095703125,Saccade,,,,0.0,False,18,,,
3296.0,1429.8970031738281,1130.1499271392822,0.5446944236755371,0.7779616713523865,0.5585535168647766,0.7848263382911682,2.9417877197265625,2.99609375,Fixation,1366.9382281636083,1119.1636948252833,168.0,12.0,True,19,word,eating,5.0
3300.0,1421.0855102539062,1122.2014904022217,0.539484441280365,0.7726069688796997,0.5551115274429321,0.7793065905570984,2.93194580078125,2.993011474609375,Fixation,1366.9382281636083,1119.1636948252833,168.0,12.0,True,19,word,eating,5.0
3304.0,1402.7836608886719,1122.8839302062988,0.5420641303062439,0.76694256067276,0.5479623675346375,0.7797805070877075,2.9083404541015625,3.011337280273437,Fixation,1366.9382281636083,1119.1636948252833,168.0,12.0,True,19,word,eating,5.0
3308.0,1378.7545776367188,1125.7558250427246,0.5400302410125732,0.7741109728813171,0.5385760068893433,0.7817748785018921,2.916656494140625,3.001678466796875,Fixation,1366.9382281636083,1119.1636948252833,168.0,12.0,True,19,word,eating,5.0
3312.0,1377.611083984375,1124.0311431884766,0.5392478704452515,0.7781372666358948,0.5381293296813965,0.7805771827697754,2.917098999023437,2.9917144775390625,Fixation,1366.9382281636083,1119.1636948252833,168.0,12.0,True,19,word,eating,5.0
3316.0,1373.104248046875,1115.3105735778809,0.5395358204841614,0.7746164202690125,0.5363688468933105,0.7745212316513062,2.9062652587890625,2.9934234619140625,Fixation,1366.9382281636083,1119.1636948252833,168.0,12.0,True,19,word,eating,5.0
3320.0,1378.8841247558594,1122.7565574645996,0.5427122712135315,0.7717057466506958,0.5386266112327576,0.7796920537948608,2.911972045898437,3.0049591064453125,Fixation,1366.9382281636083,1119.1636948252833,168.0,12.0,True,19,word,eating,5.0
3324.0,1363.2884216308594,1123.1096649169922,0.5423613786697388,0.779541015625,0.5325345396995544,0.7799372673034668,2.9451446533203125,2.999008178710937,Fixation,1366.9382281636083,1119.1636948252833,168.0,12.0,True,19,word,eating,5.0
3328.0,1359.6060180664062,1113.491735458374,0.5361983776092529,0.776091456413269,0.5310961008071899,0.7732581496238708,2.9203643798828125,2.993515014648437,Fixation,1366.9382281636083,1119.1636948252833,168.0,12.0,True,19,word,eating,5.0
3332.0,1371.0012817382812,1120.3818798065186,0.5393911600112915,0.7747470140457153,0.5355473756790161,0.7780429720878601,2.914398193359375,2.993072509765625,Fixation,1366.9382281636083,1119.1636948252833,168.0,12.0,True,19,word,eating,5.0
3336.0,1357.5849914550781,1116.2821769714355,0.5365734100341797,0.7725344896316528,0.5303066372871399,0.7751959562301636,2.927215576171875,2.96795654296875,Fixation,1366.9382281636083,1119.1636948252833,168.0,12.0,True,19,word,eating,5.0
3340.0,1357.6167297363281,1105.59814453125,0.5397317409515381,0.7763900756835938,0.5303190350532532,0.7677764892578125,2.932342529296875,2.973907470703125,Fixation,1366.9382281636083,1119.1636948252833,168.0,12.0,True,19,word,eating,5.0
3344.0,1364.9931335449219,1117.17378616333,0.5358956456184387,0.7766804695129395,0.5332004427909851,0.7758151292800903,2.9260406494140625,2.972076416015625,Fixation,1366.9382281636083,1119.1636948252833,168.0,12.0,True,19,word,eating,5.0
3348.0,1356.7152404785156,1115.9495830535889,0.5369235277175903,0.7780616283416748,0.5299668908119202,0.7749649882316589,2.942901611328125,2.9969024658203125,Fixation,1366.9382281636083,1119.1636948252833,168.0,12.0,True,19,word,eating,5.0
3352.0,1351.9734191894531,1110.1695728302002,0.5330772399902344,0.7782223224639893,0.5281146168708801,0.7709510922431946,2.926727294921875,2.983642578125,Fixation,1366.9382281636083,1119.1636948252833,168.0,12.0,True,19,word,eating,5.0
3356.0,1367.1138000488281,1123.5161590576172,0.5334126353263855,0.7798038721084595,0.5340288281440735,0.780219554901123,2.959075927734375,2.9981231689453125,Fixation,1366.9382281636083,1119.1636948252833,168.0,12.0,True,19,word,eating,5.0
3360.0,1355.1004028320312,1118.259973526001,0.5319679379463196,0.7810654044151306,0.5293360948562622,0.7765694260597229,2.9412078857421875,2.99249267578125,Fixation,1366.9382281636083,1119.1636948252833,168.0,12.0,True,19,word,eating,5.0
3364.0,1352.750244140625,1118.4973812103271,0.5364587306976318,0.7794057130813599,0.5284180641174316,0.7767342925071716,2.93524169921875,3.007354736328125,Fixation,1366.9382281636083,1119.1636948252833,168.0,12.0,True,19,word,eating,5.0
3368.0,1358.8621520996094,1120.0098896026611,0.5367916226387024,0.7709410190582275,0.5308055281639099,0.7777846455574036,2.9320068359375,2.993637084960937,Fixation,1366.9382281636083,1119.1636948252833,168.0,12.0,True,19,word,eating,5.0
3372.0,1357.1470642089844,1129.9241924285889,0.5353869795799255,0.7742757797241211,0.5301355719566345,0.7846695780754089,2.950180053710937,3.00958251953125,Fixation,1366.9382281636083,1119.1636948252833,168.0,12.0,True,19,word,eating,5.0
3376.0,1369.0936279296875,1111.2282943725586,0.5386123657226562,0.7785796523094177,0.5348021984100342,0.771686315536499,2.9535064697265625,2.987030029296875,Fixation,1366.9382281636083,1119.1636948252833,168.0,12.0,True,19,word,eating,5.0
3380.0,1356.2420654296875,1123.3359146118164,0.534000039100647,0.7789189219474792,0.5297820568084717,0.7800943851470947,2.9501190185546875,2.9989776611328125,Fixation,1366.9382281636083,1119.1636948252833,168.0,12.0,True,19,word,eating,5.0
3384.0,1365.3654479980469,1125.2216148376465,0.5388906002044678,0.7819210290908813,0.5333458781242371,0.7814038991928101,2.9443511962890625,2.997833251953125,Fixation,1366.9382281636083,1119.1636948252833,168.0,12.0,True,19,word,eating,5.0
3388.0,1366.0060119628906,1119.9805355072021,0.539084255695343,0.7799569368362427,0.5335960984230042,0.7777642607688904,2.9532928466796875,3.002655029296875,Fixation,1366.9382281636083,1119.1636948252833,168.0,12.0,True,19,word,eating,5.0
3392.0,1357.0028686523438,1117.5432014465332,0.536704421043396,0.7793065905570984,0.5300792455673218,0.7760716676712036,2.939926147460937,3.01226806640625,Fixation,1366.9382281636083,1119.1636948252833,168.0,12.0,True,19,word,eating,5.0
3396.0,1360.5818176269531,1125.6630420684814,0.5362128615379333,0.7771692872047424,0.5314772725105286,0.7817104458808899,2.955596923828125,2.996551513671875,Fixation,1366.9382281636083,1119.1636948252833,168.0,12.0,True,19,word,eating,5.0
3400.0,1372.1731567382812,1118.1977462768555,0.5365715622901917,0.7788510322570801,0.5360051393508911,0.7765262126922607,2.93511962890625,3.0100555419921875,Fixation,1366.9382281636083,1119.1636948252833,168.0,12.0,True,19,word,eating,5.0
3404.0,1365.0991821289062,1116.9610977172852,0.5371200442314148,0.7737541794776917,0.533241868019104,0.7756674289703369,2.947982788085937,2.99456787109375,Fixation,1366.9382281636083,1119.1636948252833,168.0,12.0,True,19,word,eating,5.0
3408.0,1364.5541381835938,1132.0250701904297,0.5393792986869812,0.7808195948600769,0.5330289602279663,0.7861285209655762,2.96514892578125,3.03143310546875,Fixation,1366.9382281636083,1119.1636948252833,168.0,12.0,True,19,word,eating,5.0
3412.0,1359.9809265136719,1121.8900966644287,0.5419424772262573,0.7819972038269043,0.5312425494194031,0.7790903449058533,2.959197998046875,3.023422241210937,Fixation,1366.9382281636083,1119.1636948252833,168.0,12.0,True,19,word,eating,5.0
3416.0,1361.77978515625,1109.5547676086426,0.5379249453544617,0.7830909490585327,0.5319452285766602,0.7705241441726685,2.9716949462890625,3.006332397460937,Fixation,1366.9382281636083,1119.1636948252833,168.0,12.0,True,19,word,eating,5.0
3420.0,1354.3882751464844,1122.3745250701904,0.5364171862602234,0.7737008333206177,0.5290579199790955,0.7794267535209656,2.9342041015625,3.0166168212890625,Fixation,1366.9382281636083,1119.1636948252833,168.0,12.0,True,19,word,eating,5.0
3424.0,1363.3268737792969,1128.7375831604004,0.5372036099433899,0.7804031372070312,0.5325495600700378,0.7838455438613892,2.95916748046875,3.011138916015625,Fixation,1366.9382281636083,1119.1636948252833,168.0,12.0,True,19,word,eating,5.0
3428.0,1366.2278747558594,1118.5553169250488,0.5344107151031494,0.7744953036308289,0.5336827635765076,0.776774525642395,2.924957275390625,2.9923553466796875,Fixation,1366.9382281636083,1119.1636948252833,168.0,12.0,True,19,word,eating,5.0
3432.0,1359.0631103515625,1107.4852180480957,0.533678412437439,0.7718660235404968,0.5308840274810791,0.7690869569778442,2.955474853515625,3.006072998046875,Fixation,1366.9382281636083,1119.1636948252833,168.0,12.0,True,19,word,eating,5.0
3436.0,1375.0462341308594,1116.0085487365723,0.5386912822723389,0.7799308896064758,0.5371274352073669,0.7750059366226196,2.966888427734375,3.01275634765625,Fixation,1366.9382281636083,1119.1636948252833,168.0,12.0,True,19,word,eating,5.0
3440.0,1366.6094970703125,1125.6093978881836,0.5339316725730896,0.7759987115859985,0.5338318347930908,0.7816731929779053,2.96026611328125,3.018035888671875,Fixation,1366.9382281636083,1119.1636948252833,168.0,12.0,True,19,word,eating,5.0
3444.0,1355.3858947753906,1111.7928886413574,0.5350862741470337,0.770023763179779,0.529447615146637,0.7720783948898315,2.942779541015625,3.0027313232421875,Fixation,1366.9382281636083,1119.1636948252833,168.0,12.0,True,19,word,eating,5.0
3448.0,1365.8920288085938,1113.8792610168457,0.5373205542564392,0.7726401686668396,0.5335515737533569,0.7735272645950317,2.929779052734375,3.018310546875,Fixation,1366.9382281636083,1119.1636948252833,168.0,12.0,True,19,word,eating,5.0
3452.0,1362.6934814453125,1115.2685165405273,0.535718560218811,0.7810848951339722,0.5323021411895752,0.7744920253753662,2.9561004638671875,3.0139923095703125,Fixation,1366.9382281636083,1119.1636948252833,168.0,12.0,True,19,word,eating,5.0
3456.0,1356.0420227050781,1116.8768119812012,0.5359255075454712,0.7694360017776489,0.5297039151191711,0.7756088972091675,2.950958251953125,3.0117950439453125,Fixation,1366.9382281636083,1119.1636948252833,168.0,12.0,True,19,word,eating,5.0
3460.0,1366.7205810546875,1106.8570232391357,0.5341917276382446,0.7768295407295227,0.5338752269744873,0.7686507105827332,2.9563446044921875,3.0008697509765625,Fixation,1366.9382281636083,1119.1636948252833,168.0,12.0,True,19,word,eating,5.0
3464.0,1353.19580078125,1123.538818359375,0.5295570492744446,0.7736383676528931,0.5285921096801758,0.7802352905273438,2.9310455322265625,3.00982666015625,Fixation,1366.9382281636083,1119.1636948252833,168.0,12.0,True,19,word,eating,5.0
3468.0,1322.8717041015625,1118.727149963379,0.5136046409606934,0.7766916155815125,0.5167467594146729,0.7768938541412354,2.95654296875,2.99725341796875,Saccade,,,,0.0,False,20,,,
3472.0,1278.3188629150388,1110.2905941009521,0.492388516664505,0.7734366655349731,0.4993433058261871,0.7710351347923279,2.9506378173828125,2.9921875,Saccade,,,,0.0,False,20,,,
3476.0,1246.5474700927734,1111.1266708374023,0.4807114601135254,0.7726380825042725,0.4869326055049896,0.771615743637085,2.946533203125,2.9907379150390625,Saccade,,,,0.0,False,20,,,
3480.0,1241.2158966064453,1118.583984375,0.4795736074447632,0.7720438241958618,0.4848499596118927,0.77679443359375,2.922088623046875,3.0012359619140625,Saccade,,,,0.0,False,20,,,
3484.0,1235.3819274902344,1104.6798419952393,0.4783569872379303,0.7705416083335876,0.4825710654258728,0.7671387791633606,2.945587158203125,3.0155029296875,Saccade,,,,0.0,False,20,,,
3488.0,1219.9620056152344,1090.7457447052002,0.4848541021347046,0.767821192741394,0.4765476584434509,0.7574623227119446,2.9502410888671875,2.98626708984375,Fixation,1209.1144143809443,1110.4699750153916,456.0,13.0,True,21,word,horse,4.0
3492.0,1227.6603698730466,1092.500982284546,0.4844583570957184,0.773422360420227,0.4795548319816589,0.7586812376976013,2.951324462890625,3.0000457763671875,Fixation,1209.1144143809443,1110.4699750153916,456.0,13.0,True,21,word,horse,4.0
3496.0,1231.113357543945,1104.1232299804688,0.4845131635665893,0.7668678760528564,0.4809036552906036,0.7667522430419922,2.9230499267578125,3.00225830078125,Fixation,1209.1144143809443,1110.4699750153916,456.0,13.0,True,21,word,horse,4.0
3500.0,1233.384552001953,1101.5170669555664,0.4866942167282104,0.7601907849311829,0.4817908406257629,0.7649424076080322,2.91229248046875,3.001617431640625,Fixation,1209.1144143809443,1110.4699750153916,456.0,13.0,True,21,word,horse,4.0
3504.0,1228.1771850585938,1107.7614212036133,0.4878321886062622,0.7630658149719238,0.4797567129135132,0.7692787647247314,2.932846069335937,3.003402709960937,Fixation,1209.1144143809443,1110.4699750153916,456.0,13.0,True,21,word,horse,4.0
3508.0,1228.614273071289,1107.1548557281494,0.4873196184635162,0.7661470770835876,0.4799274504184723,0.7688575387001038,2.937774658203125,2.99676513671875,Fixation,1209.1144143809443,1110.4699750153916,456.0,13.0,True,21,word,horse,4.0
3512.0,1234.5729064941406,1111.8653297424316,0.4827906787395477,0.7649444937705994,0.4822550415992737,0.772128701210022,2.9379425048828125,2.9929962158203125,Fixation,1209.1144143809443,1110.4699750153916,456.0,13.0,True,21,word,horse,4.0
3516.0,1230.6856536865234,1105.0326919555664,0.4800576269626617,0.7689863443374634,0.4807365834712982,0.7673838138580322,2.9464263916015625,2.9819488525390625,Fixation,1209.1144143809443,1110.4699750153916,456.0,13.0,True,21,word,horse,4.0
3520.0,1234.7247314453125,1114.365234375,0.4822216928005218,0.770747184753418,0.4823143482208252,0.77386474609375,2.9536895751953125,3.01434326171875,Fixation,1209.1144143809443,1110.4699750153916,456.0,13.0,True,21,word,horse,4.0
3524.0,1227.4930572509766,1106.4281272888184,0.4801954925060272,0.7628732323646545,0.4794894754886627,0.7683528661727905,2.927093505859375,3.003768920898437,Fixation,1209.1144143809443,1110.4699750153916,456.0,13.0,True,21,word,horse,4.0
3528.0,1223.6032104492188,1104.6555519104004,0.4825734496116638,0.7689082026481628,0.4779700040817261,0.7671219110488892,2.9433746337890625,2.9829864501953125,Fixation,1209.1144143809443,1110.4699750153916,456.0,13.0,True,21,word,horse,4.0
3532.0,1226.2376403808594,1103.4825897216797,0.4834388196468353,0.7652239203453064,0.4789990782737732,0.7663073539733887,2.9279937744140625,2.9986724853515625,Fixation,1209.1144143809443,1110.4699750153916,456.0,13.0,True,21,word,horse,4.0
3536.0,1226.8114471435545,1105.8061122894287,0.4801952242851257,0.7615802884101868,0.479223221540451,0.7679209113121033,2.9168701171875,3.018798828125,Fixation,1209.1144143809443,1110.4699750153916,456.0,13.0,True,21,word,horse,4.0
3540.0,1230.3998565673828,1109.41743850708,0.4831593632698059,0.772747814655304,0.4806249439716339,0.7704287767410278,2.9475555419921875,2.9941864013671875,Fixation,1209.1144143809443,1110.4699750153916,456.0,13.0,True,21,word,horse,4.0
3544.0,1229.4696044921873,1105.2567958831787,0.4810742437839508,0.7664833068847656,0.4802615642547607,0.7675394415855408,2.9265899658203125,3.0035400390625,Fixation,1209.1144143809443,1110.4699750153916,456.0,13.0,True,21,word,horse,4.0
3548.0,1232.4600982666013,1114.6632385253906,0.480168342590332,0.7731114029884338,0.4814297258853912,0.7740716934204102,2.947235107421875,2.997406005859375,Fixation,1209.1144143809443,1110.4699750153916,456.0,13.0,True,21,word,horse,4.0
3552.0,1219.2655181884763,1113.4098529815674,0.4826830327510834,0.7666940689086914,0.4762755930423736,0.7732012867927551,2.9241485595703125,2.9947662353515625,Fixation,1209.1144143809443,1110.4699750153916,456.0,13.0,True,21,word,horse,4.0
3556.0,1226.5387725830078,1107.864589691162,0.4777155816555023,0.7644580006599426,0.4791167080402374,0.7693504095077515,2.9110107421875,2.9927978515625,Fixation,1209.1144143809443,1110.4699750153916,456.0,13.0,True,21,word,horse,4.0
3560.0,1234.0367889404295,1103.5346031188965,0.4808603227138519,0.7749141454696655,0.4820456206798553,0.7663434743881226,2.943756103515625,2.964096069335937,Fixation,1209.1144143809443,1110.4699750153916,456.0,13.0,True,21,word,horse,4.0
3564.0,1223.7798309326172,1109.1441535949707,0.4809178113937378,0.7673555016517639,0.4780389964580536,0.770238995552063,2.9212799072265625,2.98797607421875,Fixation,1209.1144143809443,1110.4699750153916,456.0,13.0,True,21,word,horse,4.0
3568.0,1230.6886291503904,1105.5792617797852,0.4788967072963714,0.767600417137146,0.4807377457618713,0.7677633762359619,2.914779663085937,2.987823486328125,Fixation,1209.1144143809443,1110.4699750153916,456.0,13.0,True,21,word,horse,4.0
3572.0,1223.5893249511719,1095.2701377868652,0.4802225828170776,0.7612982988357544,0.4779645800590515,0.7606042623519897,2.9055633544921875,2.9615478515625,Fixation,1209.1144143809443,1110.4699750153916,456.0,13.0,True,21,word,horse,4.0
3576.0,1232.1673583984373,1105.3154182434082,0.4818878471851349,0.7677805423736572,0.4813153743743896,0.7675801515579224,2.909149169921875,2.99822998046875,Fixation,1209.1144143809443,1110.4699750153916,456.0,13.0,True,21,word,horse,4.0
3580.0,1231.041030883789,1108.0449199676514,0.4824541509151459,0.766627848148346,0.4808754026889801,0.7694756388664246,2.92840576171875,2.985137939453125,Fixation,1209.1144143809443,1110.4699750153916,456.0,13.0,True,21,word,horse,4.0
3584.0,1226.6816711425781,1109.3730640411377,0.4806104600429535,0.7628366351127625,0.4791725277900696,0.770397961139679,2.8949127197265625,2.987091064453125,Fixation,1209.1144143809443,1110.4699750153916,456.0,13.0,True,21,word,horse,4.0
3588.0,1232.662353515625,1104.645767211914,0.4828664660453796,0.7641662955284119,0.481508731842041,0.7671151161193848,2.9250030517578125,2.9823455810546875,Fixation,1209.1144143809443,1110.4699750153916,456.0,13.0,True,21,word,horse,4.0
3592.0,1226.0039520263672,1115.0082778930664,0.4776538610458374,0.7650435566902161,0.4789077937602997,0.7743113040924072,2.915618896484375,2.9860076904296875,Fixation,1209.1144143809443,1110.4699750153916,456.0,13.0,True,21,word,horse,4.0
3596.0,1231.567687988281,1106.1700344085693,0.4785407483577728,0.7732088565826416,0.4810811281204223,0.7681736350059509,2.902801513671875,2.9775390625,Fixation,1209.1144143809443,1110.4699750153916,456.0,13.0,True,21,word,horse,4.0
3600.0,1229.544906616211,1104.5997619628906,0.4779955744743347,0.7674317359924316,0.4802909791469574,0.7670831680297852,2.9100799560546875,2.9708709716796875,Fixation,1209.1144143809443,1110.4699750153916,456.0,13.0,True,21,word,horse,4.0
3604.0,1225.892333984375,1090.8813571929932,0.477931410074234,0.7668799161911011,0.4788641929626465,0.7575564980506897,2.90399169921875,2.95697021484375,Fixation,1209.1144143809443,1110.4699750153916,456.0,13.0,True,21,word,horse,4.0
3608.0,1220.1203155517578,1098.40012550354,0.4799834191799164,0.7715928554534912,0.4766094982624054,0.7627778649330139,2.9274139404296875,2.969970703125,Fixation,1209.1144143809443,1110.4699750153916,456.0,13.0,True,21,word,horse,4.0
3612.0,1235.211715698242,1110.4719543457031,0.4829714894294739,0.7723045945167542,0.4825045764446258,0.7711610794067383,2.927230834960937,2.97589111328125,Fixation,1209.1144143809443,1110.4699750153916,456.0,13.0,True,21,word,horse,4.0
3616.0,1229.1886901855466,1100.7668209075928,0.4781519174575805,0.7648615837097168,0.4801518321037292,0.7644214034080505,2.9210968017578125,2.976547241210937,Fixation,1209.1144143809443,1110.4699750153916,456.0,13.0,True,21,word,horse,4.0
3620.0,1233.1343078613281,1105.3975582122803,0.4798564612865448,0.7640604972839355,0.4816930890083313,0.7676371932029724,2.9114532470703125,2.9853668212890625,Fixation,1209.1144143809443,1110.4699750153916,456.0,13.0,True,21,word,horse,4.0
3624.0,1228.0489349365232,1114.8809909820557,0.4760079085826874,0.7625617980957031,0.4797066152095794,0.7742229104042053,2.9091796875,3.0061187744140625,Fixation,1209.1144143809443,1110.4699750153916,456.0,13.0,True,21,word,horse,4.0
3628.0,1226.8188476562498,1103.7787055969238,0.4772986173629761,0.7671246528625488,0.4792261123657226,0.7665129899978638,2.918243408203125,2.962615966796875,Fixation,1209.1144143809443,1110.4699750153916,456.0,13.0,True,21,word,horse,4.0
3632.0,1220.8950042724607,1113.9804553985596,0.482427030801773,0.7620598077774048,0.47691211104393,0.7735975384712219,2.9167938232421875,3.006103515625,Fixation,1209.1144143809443,1110.4699750153916,456.0,13.0,True,21,word,horse,4.0
3636.0,1238.3577728271482,1098.3022785186768,0.4803505837917328,0.7615574598312378,0.4837335050106048,0.76270991563797,2.9176483154296875,2.967681884765625,Fixation,1209.1144143809443,1110.4699750153916,456.0,13.0,True,21,word,horse,4.0
3640.0,1215.9494018554688,1116.414270401001,0.4787417352199554,0.7613716721534729,0.4749802350997925,0.7752876877784729,2.905120849609375,2.992950439453125,Fixation,1209.1144143809443,1110.4699750153916,456.0,13.0,True,21,word,horse,4.0
3644.0,1238.0239868164062,1114.314079284668,0.4742051362991333,0.7661816477775574,0.4836031198501587,0.7738292217254639,2.896270751953125,2.96160888671875,Fixation,1209.1144143809443,1110.4699750153916,456.0,13.0,True,21,word,horse,4.0
3648.0,1235.1444244384766,1100.3047943115234,0.477969765663147,0.759505569934845,0.4824782907962799,0.7641005516052246,2.915634155273437,2.952606201171875,Fixation,1209.1144143809443,1110.4699750153916,456.0,13.0,True,21,word,horse,4.0
3652.0,1229.7106170654295,1113.981056213379,0.483917236328125,0.7657874226570129,0.4803557097911834,0.7735979557037354,2.91845703125,2.986312866210937,Fixation,1209.1144143809443,1110.4699750153916,456.0,13.0,True,21,word,horse,4.0
3656.0,1228.3604431152344,1109.1440677642822,0.4784351289272308,0.7605929374694824,0.4798282980918884,0.7702389359474182,2.88214111328125,2.9559478759765625,Fixation,1209.1144143809443,1110.4699750153916,456.0,13.0,True,21,word,horse,4.0
3660.0,1224.6368408203123,1113.5187721252441,0.4790332317352295,0.7565011382102966,0.4783737659454345,0.7732769250869751,2.8846435546875,2.977447509765625,Fixation,1209.1144143809443,1110.4699750153916,456.0,13.0,True,21,word,horse,4.0
3664.0,1227.2020721435545,1108.4218883514404,0.4803225994110107,0.7643126249313354,0.479375809431076,0.7697374224662781,2.9115142822265625,2.9571533203125,Fixation,1209.1144143809443,1110.4699750153916,456.0,13.0,True,21,word,horse,4.0
3668.0,1233.1822967529295,1113.619966506958,0.4783243238925934,0.7644049525260925,0.4817118346691131,0.7733471989631653,2.9011993408203125,2.972259521484375,Fixation,1209.1144143809443,1110.4699750153916,456.0,13.0,True,21,word,horse,4.0
3672.0,1232.6275634765625,1106.3115692138672,0.4832181632518768,0.7598615884780884,0.4814951419830322,0.7682719230651855,2.8945465087890625,2.96295166015625,Fixation,1209.1144143809443,1110.4699750153916,456.0,13.0,True,21,word,horse,4.0
3676.0,1228.3760833740234,1097.0225429534912,0.4819163680076599,0.757994532585144,0.4798344075679779,0.7618212103843689,2.8993682861328125,2.96002197265625,Fixation,1209.1144143809443,1110.4699750153916,456.0,13.0,True,21,word,horse,4.0
3680.0,1222.698059082031,1112.1344089508057,0.4787918031215668,0.7618987560272217,0.4776164293289184,0.7723155617713928,2.9050445556640625,2.9753875732421875,Fixation,1209.1144143809443,1110.4699750153916,456.0,13.0,True,21,word,horse,4.0
3684.0,1233.0361938476562,1111.8320274353027,0.4795650541782379,0.7645664215087891,0.4816547632217407,0.7721055746078491,2.8890838623046875,2.971466064453125,Fixation,1209.1144143809443,1110.4699750153916,456.0,13.0,True,21,word,horse,4.0
3688.0,1229.3580627441404,1100.9405422210693,0.4801681041717529,0.7680141925811768,0.4802179932594299,0.7645420432090759,2.908309936523437,2.9673004150390625,Fixation,1209.1144143809443,1110.4699750153916,456.0,13.0,True,21,word,horse,4.0
3692.0,1219.2684936523438,1118.6122226715088,0.4808781147003174,0.7602466344833374,0.4762767553329468,0.7768140435218811,2.900421142578125,3.0007476806640625,Fixation,1209.1144143809443,1110.4699750153916,456.0,13.0,True,21,word,horse,4.0
3696.0,1236.5827178955076,1116.5961456298828,0.4796507060527801,0.7631860971450806,0.4830401241779327,0.775413990020752,2.9058990478515625,2.9852294921875,Fixation,1209.1144143809443,1110.4699750153916,456.0,13.0,True,21,word,horse,4.0
3700.0,1232.711410522461,1113.19167137146,0.4813178181648254,0.7626039981842041,0.4815278947353363,0.7730497717857361,2.888290405273437,2.96087646484375,Fixation,1209.1144143809443,1110.4699750153916,456.0,13.0,True,21,word,horse,4.0
3704.0,1215.410385131836,1114.5657348632812,0.4814969301223755,0.7604526877403259,0.4747696816921234,0.7740039825439453,2.8940582275390625,3.0055084228515625,Fixation,1209.1144143809443,1110.4699750153916,456.0,13.0,True,21,word,horse,4.0
3708.0,1231.368408203125,1090.3774452209473,0.4813320338726043,0.7615204453468323,0.4810032844543457,0.7572065591812134,2.9018096923828125,2.93902587890625,Fixation,1209.1144143809443,1110.4699750153916,456.0,13.0,True,21,word,horse,4.0
3712.0,1221.1788177490234,1117.7543449401855,0.4830271899700165,0.7644162774085999,0.4770229756832123,0.7762182950973511,2.8994598388671875,2.975250244140625,Fixation,1209.1144143809443,1110.4699750153916,456.0,13.0,True,21,word,horse,4.0
3716.0,1232.7908325195312,1108.3151149749756,0.48094442486763,0.7720466256141663,0.4815589189529419,0.7696632742881775,2.903289794921875,2.961044311523437,Fixation,1209.1144143809443,1110.4699750153916,456.0,13.0,True,21,word,horse,4.0
3720.0,1223.9027404785154,1105.7192516326904,0.4790095090866089,0.7635151147842407,0.4780870079994201,0.7678605914115906,2.8881072998046875,2.94891357421875,Fixation,1209.1144143809443,1110.4699750153916,456.0,13.0,True,21,word,horse,4.0
3724.0,1233.6950683593748,1112.6097393035889,0.4807353615760803,0.7538949251174927,0.4819121360778808,0.7726456522941589,2.8803253173828125,2.96954345703125,Fixation,1209.1144143809443,1110.4699750153916,456.0,13.0,True,21,word,horse,4.0
3728.0,1230.160140991211,1113.4743976593018,0.4797833263874054,0.763409435749054,0.4805313050746918,0.7732461094856262,2.890655517578125,2.974212646484375,Fixation,1209.1144143809443,1110.4699750153916,456.0,13.0,True,21,word,horse,4.0
3732.0,1220.3727722167969,1118.8704013824463,0.4821344316005707,0.7619056701660156,0.4767081141471863,0.7769933342933655,2.889312744140625,2.96453857421875,Fixation,1209.1144143809443,1110.4699750153916,456.0,13.0,True,21,word,horse,4.0
3736.0,1231.8343353271482,1110.5577850341797,0.4822621345520019,0.7671478390693665,0.4811852872371673,0.7712206840515137,2.90057373046875,2.971893310546875,Fixation,1209.1144143809443,1110.4699750153916,456.0,13.0,True,21,word,horse,4.0
3740.0,1219.2736053466795,1118.362112045288,0.4806665480136871,0.7639955282211304,0.4762787520885467,0.7766403555870056,2.89373779296875,2.975921630859375,Fixation,1209.1144143809443,1110.4699750153916,456.0,13.0,True,21,word,horse,4.0
3744.0,1223.6603546142576,1123.7316799163818,0.4823797643184662,0.7630186080932617,0.4779923260211944,0.780369222164154,2.901397705078125,2.980987548828125,Fixation,1209.1144143809443,1110.4699750153916,456.0,13.0,True,21,word,horse,4.0
3748.0,1220.5854797363281,1116.8203353881836,0.4777660369873047,0.7642861008644104,0.4767912030220032,0.7755696773529053,2.8809967041015625,2.9584503173828125,Fixation,1209.1144143809443,1110.4699750153916,456.0,13.0,True,21,word,horse,4.0
3752.0,1226.1447906494138,1106.0095310211182,0.4779787957668304,0.7648675441741943,0.4789628088474273,0.768062174320221,2.895858764648437,2.94970703125,Fixation,1209.1144143809443,1110.4699750153916,456.0,13.0,True,21,word,horse,4.0
3756.0,1224.345703125,1110.875015258789,0.4828128218650818,0.7586270570755005,0.4782600402832031,0.7714409828186035,2.879302978515625,2.9626922607421875,Fixation,1209.1144143809443,1110.4699750153916,456.0,13.0,True,21,word,horse,4.0
3760.0,1221.2605285644531,1109.493055343628,0.4833509027957916,0.7627947926521301,0.4770548939704895,0.770481288433075,2.905029296875,2.955413818359375,Fixation,1209.1144143809443,1110.4699750153916,456.0,13.0,True,21,word,horse,4.0
3764.0,1220.250015258789,1101.7809963226318,0.4811915457248688,0.7586547136306763,0.4766601622104645,0.7651256918907166,2.8817596435546875,2.946014404296875,Fixation,1209.1144143809443,1110.4699750153916,456.0,13.0,True,21,word,horse,4.0
3768.0,1225.5584716796873,1117.2554111480713,0.4827359020709991,0.7588802576065063,0.4787337779998779,0.7758718132972717,2.864044189453125,2.971176147460937,Fixation,1209.1144143809443,1110.4699750153916,456.0,13.0,True,21,word,horse,4.0
3772.0,1228.3287048339841,1100.3475379943848,0.4818506836891174,0.7633724808692932,0.4798159003257751,0.7641302347183228,2.875823974609375,2.948089599609375,Fixation,1209.1144143809443,1110.4699750153916,456.0,13.0,True,21,word,horse,4.0
3776.0,1222.9557037353516,1107.226095199585,0.4835107922554016,0.76920086145401,0.4777170717716217,0.7689070105552673,2.914581298828125,2.9491424560546875,Fixation,1209.1144143809443,1110.4699750153916,456.0,13.0,True,21,word,horse,4.0
3780.0,1199.2966461181638,1123.091640472412,0.4694526791572571,0.7599106431007385,0.4684752523899078,0.779924750328064,2.8630523681640625,2.982879638671875,Fixation,1209.1144143809443,1110.4699750153916,456.0,13.0,True,21,word,horse,4.0
3784.0,1173.953857421875,1113.9140224456787,0.4565872251987457,0.7638737559318542,0.4585757255554199,0.7735514044761658,2.880584716796875,2.959991455078125,Fixation,1209.1144143809443,1110.4699750153916,456.0,13.0,True,21,word,horse,4.0
3788.0,1158.609848022461,1131.8641376495361,0.45146045088768,0.7601086497306824,0.4525819718837738,0.7860167622566223,2.871490478515625,3.017074584960937,Fixation,1209.1144143809443,1110.4699750153916,456.0,13.0,True,21,word,horse,4.0
3792.0,1168.859939575195,1119.1321849822998,0.4566881954669952,0.7635469436645508,0.4565859138965606,0.7771751284599304,2.88104248046875,2.987152099609375,Fixation,1209.1144143809443,1110.4699750153916,456.0,13.0,True,21,word,horse,4.0
3796.0,1173.0482482910156,1122.2821712493896,0.4641960263252258,0.7537563443183899,0.458221971988678,0.7793626189231873,2.859710693359375,2.9778594970703125,Fixation,1209.1144143809443,1110.4699750153916,456.0,13.0,True,21,word,horse,4.0
3800.0,1177.210464477539,1121.458797454834,0.4619809985160827,0.7566075325012207,0.4598478376865387,0.7787908315658569,2.866119384765625,2.988510131835937,Fixation,1209.1144143809443,1110.4699750153916,456.0,13.0,True,21,word,horse,4.0
3804.0,1176.062240600586,1124.9950218200684,0.4640738070011139,0.7613161206245422,0.4593993127346039,0.781246542930603,2.865509033203125,2.9994659423828125,Fixation,1209.1144143809443,1110.4699750153916,456.0,13.0,True,21,word,horse,4.0
3808.0,1192.4754333496091,1108.4367370605469,0.4632885754108429,0.7694646120071411,0.4658107161521911,0.7697477340698242,2.8835906982421875,2.9653778076171875,Fixation,1209.1144143809443,1110.4699750153916,456.0,13.0,True,21,word,horse,4.0
3812.0,1178.4886169433591,1131.7916107177734,0.4616856873035431,0.7652621865272522,0.4603471159934997,0.7859663963317871,2.890609741210937,3.0014801025390625,Fixation,1209.1144143809443,1110.4699750153916,456.0,13.0,True,21,word,horse,4.0
3816.0,1185.9611511230469,1123.2870769500732,0.4629189074039459,0.7700276374816895,0.4632660746574402,0.7800604701042175,2.9087371826171875,2.982208251953125,Fixation,1209.1144143809443,1110.4699750153916,456.0,13.0,True,21,word,horse,4.0
3820.0,1180.3343963623045,1115.8570575714111,0.4618568420410156,0.7599058151245117,0.4610681235790252,0.7749007344245911,2.8592529296875,2.980438232421875,Fixation,1209.1144143809443,1110.4699750153916,456.0,13.0,True,21,word,horse,4.0
3824.0,1183.2965850830078,1114.1258525848389,0.4630116522312164,0.767067015171051,0.4622252285480499,0.7736985087394714,2.8756256103515625,2.959381103515625,Fixation,1209.1144143809443,1110.4699750153916,456.0,13.0,True,21,word,horse,4.0
3828.0,1168.1806182861326,1123.2453632354736,0.4593567550182342,0.7765384316444397,0.4563205540180206,0.7800315022468567,2.9060516357421875,2.9990234375,Fixation,1209.1144143809443,1110.4699750153916,456.0,13.0,True,21,word,horse,4.0
3832.0,1186.9855499267576,1110.3565979003906,0.4638272523880005,0.766977071762085,0.4636662304401397,0.7710809707641602,2.8867340087890625,2.9639892578125,Fixation,1209.1144143809443,1110.4699750153916,456.0,13.0,True,21,word,horse,4.0
3836.0,1170.9673309326172,1120.669240951538,0.4618496000766754,0.7659274935722351,0.4574091136455536,0.7782425284385681,2.8790283203125,2.9857635498046875,Fixation,1209.1144143809443,1110.4699750153916,456.0,13.0,True,21,word,horse,4.0
3840.0,1172.928771972656,1115.7829856872559,0.4619071781635284,0.7649546265602112,0.4581753015518188,0.7748492956161499,2.87030029296875,2.990753173828125,Fixation,1209.1144143809443,1110.4699750153916,456.0,13.0,True,21,word,horse,4.0
3844.0,1189.7327423095703,1109.4224166870117,0.4632569551467895,0.7647594213485718,0.4647393524646759,0.7704322338104248,2.882171630859375,2.974212646484375,Fixation,1209.1144143809443,1110.4699750153916,456.0,13.0,True,21,word,horse,4.0
3848.0,1183.8453674316406,1126.9743633270264,0.4619706273078918,0.7626873850822449,0.4624395966529846,0.7826210856437683,2.87738037109375,2.99127197265625,Fixation,1209.1144143809443,1110.4699750153916,456.0,13.0,True,21,word,horse,4.0
3852.0,1175.8122253417969,1130.2803039550781,0.4609696269035339,0.7666977643966675,0.4593016505241394,0.784916877746582,2.8820343017578125,2.9959259033203125,Fixation,1209.1144143809443,1110.4699750153916,456.0,13.0,True,21,word,horse,4.0
3856.0,1174.1419982910156,1116.7896938323975,0.4642899632453918,0.7681036591529846,0.458649218082428,0.7755483984947205,2.878692626953125,2.97625732421875,Fixation,1209.1144143809443,1110.4699750153916,456.0,13.0,True,21,word,horse,4.0
3860.0,1180.3498077392578,1119.329595565796,0.4608127772808075,0.7647315263748169,0.4610741436481476,0.7773122191429138,2.8759307861328125,3.006576538085937,Fixation,1209.1144143809443,1110.4699750153916,456.0,13.0,True,21,word,horse,4.0
3864.0,1171.320571899414,1113.909044265747,0.4635442793369293,0.7740576267242432,0.4575470983982086,0.7735479474067688,2.904083251953125,2.999176025390625,Fixation,1209.1144143809443,1110.4699750153916,456.0,13.0,True,21,word,horse,4.0
3868.0,1178.4397888183591,1111.069679260254,0.4623026549816131,0.7625236511230469,0.4603280425071716,0.7715761661529541,2.8650360107421875,2.9604949951171875,Fixation,1209.1144143809443,1110.4699750153916,456.0,13.0,True,21,word,horse,4.0
3872.0,1175.709228515625,1115.7356071472168,0.4616478383541107,0.769780695438385,0.459261417388916,0.7748163938522339,2.89495849609375,2.99993896484375,Fixation,1209.1144143809443,1110.4699750153916,456.0,13.0,True,21,word,horse,4.0
3876.0,1174.148254394531,1121.9019412994385,0.4595205187797546,0.7599309682846069,0.4586516618728637,0.7790985703468323,2.861053466796875,2.9904937744140625,Fixation,1209.1144143809443,1110.4699750153916,456.0,13.0,True,21,word,horse,4.0
3880.0,1179.3651580810547,1112.4879455566406,0.4609631896018982,0.7664077281951904,0.460689514875412,0.7725610733032227,2.877655029296875,2.965667724609375,Fixation,1209.1144143809443,1110.4699750153916,456.0,13.0,True,21,word,horse,4.0
3884.0,1173.9502716064453,1127.519474029541,0.4635009467601776,0.7677643299102783,0.4585743248462677,0.7829996347427368,2.8756256103515625,3.006698608398437,Fixation,1209.1144143809443,1110.4699750153916,456.0,13.0,True,21,word,horse,4.0
3888.0,1164.4734191894531,1110.8726119995117,0.4664516746997833,0.7621901631355286,0.4548724293708801,0.7714393138885498,2.876556396484375,2.984161376953125,Fixation,1209.1144143809443,1110.4699750153916,456.0,13.0,True,21,word,horse,4.0
3892.0,1173.9978790283203,1116.0872554779053,0.4597261250019073,0.7708674073219299,0.4585929214954376,0.7750605940818787,2.9038238525390625,2.9721221923828125,Fixation,1209.1144143809443,1110.4699750153916,456.0,13.0,True,21,word,horse,4.0
3896.0,1171.8524169921873,1109.9126815795898,0.4630137681961059,0.7702701687812805,0.4577548503875732,0.7707726955413818,2.9069976806640625,2.9810333251953125,Fixation,1209.1144143809443,1110.4699750153916,456.0,13.0,True,21,word,horse,4.0
3900.0,1181.7366027832031,1109.575023651123,0.4577453434467315,0.7791764140129089,0.4616158604621887,0.7705382108688354,2.91180419921875,2.975448608398437,Fixation,1209.1144143809443,1110.4699750153916,456.0,13.0,True,21,word,horse,4.0
3904.0,1183.2344818115232,1100.7050228118896,0.4649257659912109,0.7725450396537781,0.4622009694576263,0.7643784880638123,2.880035400390625,2.9654541015625,Fixation,1209.1144143809443,1110.4699750153916,456.0,13.0,True,21,word,horse,4.0
3908.0,1175.0082397460935,1092.4956607818604,0.465493232011795,0.7708239555358887,0.4589875936508178,0.7586775422096252,2.889190673828125,2.954925537109375,Fixation,1209.1144143809443,1110.4699750153916,456.0,13.0,True,21,word,horse,4.0
3912.0,1165.0443267822263,1110.386724472046,0.4645231068134308,0.764877200126648,0.4550954401493072,0.7711018919944763,2.8554840087890625,2.976913452148437,Fixation,1209.1144143809443,1110.4699750153916,456.0,13.0,True,21,word,horse,4.0
3916.0,1169.6892547607422,1109.5507335662842,0.458131730556488,0.778984785079956,0.4569098651409149,0.770521342754364,2.896347045898437,2.99273681640625,Fixation,1209.1144143809443,1110.4699750153916,456.0,13.0,True,21,word,horse,4.0
3920.0,1183.0022430419922,1119.6823596954346,0.4581910371780395,0.7725117206573486,0.4621102511882782,0.7775571942329407,2.901123046875,3.0044403076171875,Fixation,1209.1144143809443,1110.4699750153916,456.0,13.0,True,21,word,horse,4.0
3924.0,1184.8793792724607,1097.4603652954102,0.4579662978649139,0.7828213572502136,0.462843507528305,0.7621252536773682,2.920440673828125,2.9478302001953125,Fixation,1209.1144143809443,1110.4699750153916,456.0,13.0,True,21,word,horse,4.0
3928.0,1178.7348175048826,1092.0302867889404,0.464376151561737,0.7679173946380615,0.4604432880878448,0.7583543658256531,2.878997802734375,2.9434051513671875,Fixation,1209.1144143809443,1110.4699750153916,456.0,13.0,True,21,word,horse,4.0
3932.0,1174.748077392578,1104.7375202178955,0.4620349407196045,0.7658892273902893,0.4588859677314758,0.7671788334846497,2.859848022460937,2.950912475585937,Fixation,1209.1144143809443,1110.4699750153916,456.0,13.0,True,21,word,horse,4.0
3936.0,1171.4196014404295,1112.5000476837158,0.4619906842708587,0.7743963599205017,0.4575857818126678,0.772569477558136,2.9058990478515625,2.9772186279296875,Fixation,1209.1144143809443,1110.4699750153916,456.0,13.0,True,21,word,horse,4.0
3940.0,1165.2951049804688,1117.6551246643066,0.45945805311203,0.7706118822097778,0.4551934003829956,0.7761493921279907,2.866928100585937,2.977645874023437,Fixation,1209.1144143809443,1110.4699750153916,456.0,13.0,True,21,word,horse,4.0
3944.0,1171.0154724121094,1094.582633972168,0.4610375463962555,0.7723408937454224,0.4574279189109802,0.7601268291473389,2.8812713623046875,2.9591217041015625,Fixation,1209.1144143809443,1110.4699750153916,456.0,13.0,True,21,word,horse,4.0
3948.0,1179.3104553222656,1084.7853183746338,0.4629639685153961,0.7736487984657288,0.46066814661026,0.7533231377601624,2.88720703125,2.9488677978515625,Fixation,1175.9578574044365,1102.723235811506,136.0,14.0,True,22,word,horse,4.0
3952.0,1170.7564544677734,1109.267749786377,0.4612293839454651,0.774350643157959,0.457326740026474,0.7703248262405396,2.8642578125,2.97607421875,Fixation,1175.9578574044365,1102.723235811506,136.0,14.0,True,22,word,horse,4.0
3956.0,1170.9504699707031,1108.8083839416504,0.4576399624347687,0.7774745225906372,0.4574025273323059,0.7700058221817017,2.897552490234375,2.9838104248046875,Fixation,1175.9578574044365,1102.723235811506,136.0,14.0,True,22,word,horse,4.0
3960.0,1181.4261627197266,1100.3795528411865,0.462212324142456,0.7778615951538086,0.4614945948123932,0.764152467250824,2.907379150390625,2.9742889404296875,Fixation,1175.9578574044365,1102.723235811506,136.0,14.0,True,22,word,horse,4.0
3964.0,1170.8761596679688,1102.2582149505615,0.459166556596756,0.776576817035675,0.4573734998703003,0.7654570937156677,2.8868865966796875,2.9686279296875,Fixation,1175.9578574044365,1102.723235811506,136.0,14.0,True,22,word,horse,4.0
3968.0,1175.2780151367185,1102.7834129333496,0.4636990129947662,0.7724541425704956,0.4590929746627807,0.7658218145370483,2.867401123046875,2.9495086669921875,Fixation,1175.9578574044365,1102.723235811506,136.0,14.0,True,22,word,horse,4.0
3972.0,1178.7979125976562,1107.541093826294,0.4620535373687744,0.7793334126472473,0.4604679346084595,0.769125759601593,2.8921051025390625,2.9659576416015625,Fixation,1175.9578574044365,1102.723235811506,136.0,14.0,True,22,word,horse,4.0
3976.0,1173.5353088378906,1096.0717105865479,0.460953950881958,0.7783901691436768,0.458412230014801,0.7611609101295471,2.897201538085937,2.96044921875,Fixation,1175.9578574044365,1102.723235811506,136.0,14.0,True,22,word,horse,4.0
3980.0,1174.9187469482422,1110.038251876831,0.4580124914646148,0.7745540142059326,0.4589526355266571,0.7708598971366882,2.8611602783203125,2.960723876953125,Fixation,1175.9578574044365,1102.723235811506,136.0,14.0,True,22,word,horse,4.0
3984.0,1167.8936767578125,1101.0124683380127,0.4600061774253845,0.7737597823143005,0.4562084674835205,0.7645919919013977,2.873504638671875,2.9832916259765625,Fixation,1175.9578574044365,1102.723235811506,136.0,14.0,True,22,word,horse,4.0
3988.0,1181.0407257080076,1096.006736755371,0.4597623944282532,0.7796148061752319,0.4613440334796905,0.7611157894134521,2.899154663085937,2.9479217529296875,Fixation,1175.9578574044365,1102.723235811506,136.0,14.0,True,22,word,horse,4.0
3992.0,1174.423141479492,1110.902738571167,0.4618685245513916,0.7715672254562378,0.4587590396404266,0.771460235118866,2.865936279296875,2.967926025390625,Fixation,1175.9578574044365,1102.723235811506,136.0,14.0,True,22,word,horse,4.0
3996.0,1174.9089050292969,1102.9107856750488,0.4597426056861877,0.7824994921684265,0.4589487910270691,0.765910267829895,2.8903045654296875,2.962249755859375,Fixation,1175.9578574044365,1102.723235811506,136.0,14.0,True,22,word,horse,4.0
4000.0,1173.4931182861326,1103.2929039001465,0.4648362398147583,0.77668696641922,0.4583957493305206,0.7661756277084351,2.87176513671875,2.969589233398437,Fixation,1175.9578574044365,1102.723235811506,136.0,14.0,True,22,word,horse,4.0
4004.0,1163.937530517578,1113.0523681640625,0.4606369733810425,0.7688906788825989,0.4546630978584289,0.7729530334472656,2.8574676513671875,2.98614501953125,Fixation,1175.9578574044365,1102.723235811506,136.0,14.0,True,22,word,horse,4.0
4008.0,1176.5301513671875,1100.0725364685059,0.4583568871021271,0.776095449924469,0.4595820903778076,0.7639392614364624,2.862823486328125,2.9501495361328125,Fixation,1175.9578574044365,1102.723235811506,136.0,14.0,True,22,word,horse,4.0
4012.0,1173.4116363525388,1093.2762050628662,0.4597628116607666,0.7839128971099854,0.4583639204502105,0.7592195868492126,2.8825225830078125,2.923614501953125,Fixation,1175.9578574044365,1102.723235811506,136.0,14.0,True,22,word,horse,4.0
4016.0,1182.0165252685547,1106.9645690917969,0.4627788066864013,0.7752413749694824,0.4617252051830292,0.7687253952026367,2.866806030273437,2.959091186523437,Fixation,1175.9578574044365,1102.723235811506,136.0,14.0,True,22,word,horse,4.0
4020.0,1178.2822418212888,1096.6537284851074,0.4586256146430969,0.7749302983283997,0.460266500711441,0.761565089225769,2.8675079345703125,2.9373016357421875,Fixation,1175.9578574044365,1102.723235811506,136.0,14.0,True,22,word,horse,4.0
4024.0,1167.33039855957,1094.3069458007812,0.4625312685966491,0.7766481041908264,0.4559884369373321,0.7599353790283203,2.8781890869140625,2.944061279296875,Fixation,1175.9578574044365,1102.723235811506,136.0,14.0,True,22,word,horse,4.0
4028.0,1179.5463562011716,1093.760118484497,0.4561713635921478,0.7802883982658386,0.4607602953910827,0.7595556378364563,2.8780975341796875,2.9466705322265625,Fixation,1175.9578574044365,1102.723235811506,136.0,14.0,True,22,word,horse,4.0
4032.0,1167.8732299804688,1106.9850826263428,0.457211971282959,0.7701292634010315,0.4562004804611206,0.768739640712738,2.853729248046875,2.96197509765625,Fixation,1175.9578574044365,1102.723235811506,136.0,14.0,True,22,word,horse,4.0
4036.0,1165.3823089599607,1113.9318752288818,0.4643201529979706,0.7740718126296997,0.4552274644374847,0.773563802242279,2.865570068359375,2.979888916015625,Fixation,1175.9578574044365,1102.723235811506,136.0,14.0,True,22,word,horse,4.0
4040.0,1164.705123901367,1110.1870822906494,0.4646962881088257,0.778252124786377,0.4549629390239715,0.7709632515907288,2.8831024169921875,2.9404296875,Fixation,1175.9578574044365,1102.723235811506,136.0,14.0,True,22,word,horse,4.0
4044.0,1170.001220703125,1118.0703735351562,0.4575784206390381,0.7687375545501709,0.4570317268371582,0.7764377593994141,2.8839111328125,2.9848175048828125,Fixation,1175.9578574044365,1102.723235811506,136.0,14.0,True,22,word,horse,4.0
4048.0,1183.8616943359375,1100.9308433532715,0.4591205418109894,0.7674911022186279,0.4624459743499756,0.7645353078842163,2.865753173828125,2.93988037109375,Fixation,1175.9578574044365,1102.723235811506,136.0,14.0,True,22,word,horse,4.0
4052.0,1172.209243774414,1099.7639751434326,0.4643105268478393,0.7795175909996033,0.4578942358493805,0.7637249827384949,2.871826171875,2.93212890625,Fixation,1175.9578574044365,1102.723235811506,136.0,14.0,True,22,word,horse,4.0
4056.0,1175.4967498779297,1095.1622486114502,0.4575525820255279,0.7673438191413879,0.4591784179210663,0.7605293393135071,2.8582305908203125,2.9253387451171875,Fixation,1175.9578574044365,1102.723235811506,136.0,14.0,True,22,word,horse,4.0
4060.0,1175.4725646972656,1113.7905979156494,0.4581358134746551,0.7674759030342102,0.4591689705848694,0.7734656929969788,2.8665771484375,2.9812774658203125,Fixation,1175.9578574044365,1102.723235811506,136.0,14.0,True,22,word,horse,4.0
4064.0,1174.1708374023438,1112.5316333770752,0.460589200258255,0.760683000087738,0.4586604833602905,0.7725914120674133,2.8381500244140625,2.958953857421875,Fixation,1175.9578574044365,1102.723235811506,136.0,14.0,True,22,word,horse,4.0
4068.0,1171.1605834960938,1098.73366355896,0.4582512378692627,0.7638599276542664,0.4574846029281616,0.7630094885826111,2.8684234619140625,2.9274444580078125,Fixation,1175.9578574044365,1102.723235811506,136.0,14.0,True,22,word,horse,4.0
4072.0,1155.328140258789,1116.9534587860107,0.4597732126712799,0.7679606080055237,0.4513000547885895,0.7756621241569519,2.8731689453125,2.9931640625,Fixation,1175.9578574044365,1102.723235811506,136.0,14.0,True,22,word,horse,4.0
4076.0,1181.9795989990232,1102.8683853149414,0.4588142037391662,0.7654745578765869,0.4617107808589935,0.765880823135376,2.851348876953125,2.929290771484375,Fixation,1175.9578574044365,1102.723235811506,136.0,14.0,True,22,word,horse,4.0
4080.0,1200.6559753417969,1084.596061706543,0.4638312458992004,0.7497335076332092,0.4690062403678894,0.7531917095184326,2.861602783203125,2.9250640869140625,Fixation,1175.9578574044365,1102.723235811506,136.0,14.0,True,22,word,horse,4.0
4084.0,1231.5636444091797,1086.6621780395508,0.4800456166267395,0.7361140847206116,0.4810795485973358,0.7546265125274658,2.8590087890625,2.945663452148437,Fixation,1175.9578574044365,1102.723235811506,136.0,14.0,True,22,word,horse,4.0
4088.0,1283.7413024902344,1036.7627048492432,0.490758329629898,0.7143133878707886,0.5014614462852478,0.7199741005897522,2.853973388671875,2.930908203125,Saccade,,,,0.0,False,23,,,
4092.0,1315.1071166992188,953.3041191101074,0.5096334218978882,0.6698548197746277,0.5137137174606323,0.662016749382019,2.848876953125,2.9312744140625,Saccade,,,,0.0,False,23,,,
4096.0,1351.1041259765625,897.5343418121338,0.5157984495162964,0.6233308911323547,0.5277750492095947,0.6232877373695374,2.875030517578125,2.9270172119140625,Saccade,,,,0.0,False,23,,,
4100.0,1377.7558898925781,865.823335647583,0.5241606831550598,0.6020543575286865,0.5381858944892883,0.6012662053108215,2.86871337890625,2.939453125,Saccade,,,,0.0,False,23,,,
4104.0,1389.5484924316406,806.6037654876709,0.5301753878593445,0.580260157585144,0.5427923798561096,0.5601415038108826,2.889389038085937,2.91705322265625,Fixation,1426.195701599121,748.2993006706238,76.0,15.0,True,24,image,,9.0
4108.0,1398.7519836425781,788.0985832214355,0.5376718640327454,0.5358856916427612,0.5463874936103821,0.5472906827926636,2.867950439453125,2.936004638671875,Fixation,1426.195701599121,748.2993006706238,76.0,15.0,True,24,image,,9.0
4112.0,1413.2856750488281,745.224609375,0.5381396412849426,0.5269171595573425,0.5520647168159485,0.51751708984375,2.888168334960937,2.9349822998046875,Fixation,1426.195701599121,748.2993006706238,76.0,15.0,True,24,image,,9.0
4116.0,1423.9932250976562,749.6248054504395,0.5413756966590881,0.5146037936210632,0.556247353553772,0.5205727815628052,2.87713623046875,2.9261474609375,Fixation,1426.195701599121,748.2993006706238,76.0,15.0,True,24,image,,9.0
4120.0,1438.9295959472656,742.718095779419,0.5478214025497437,0.5219136476516724,0.5620818734169006,0.5157764554023743,2.8931121826171875,2.9283599853515625,Fixation,1426.195701599121,748.2993006706238,76.0,15.0,True,24,image,,9.0
4124.0,1431.3162231445312,747.9244136810303,0.5493347644805908,0.5125951170921326,0.5591078996658325,0.5193919539451599,2.8693084716796875,2.9671783447265625,Fixation,1426.195701599121,748.2993006706238,76.0,15.0,True,24,image,,9.0
4128.0,1428.6062622070312,756.1706829071045,0.5485355854034424,0.5180864334106445,0.5580493211746216,0.5251185297966003,2.882965087890625,2.969329833984375,Fixation,1426.195701599121,748.2993006706238,76.0,15.0,True,24,image,,9.0
4132.0,1434.666748046875,745.076379776001,0.5520264506340027,0.5270878672599792,0.5604166984558105,0.5174141526222229,2.8832244873046875,2.94171142578125,Fixation,1426.195701599121,748.2993006706238,76.0,15.0,True,24,image,,9.0
4136.0,1433.0744934082031,740.529670715332,0.5528653264045715,0.5108230710029602,0.5597947239875793,0.5142567157745361,2.859130859375,2.93572998046875,Fixation,1426.195701599121,748.2993006706238,76.0,15.0,True,24,image,,9.0
4140.0,1433.0718994140625,742.1710968017578,0.5530619025230408,0.5184533596038818,0.5597937107086182,0.5153965950012207,2.872055053710937,2.9521942138671875,Fixation,1426.195701599121,748.2993006706238,76.0,15.0,True,24,image,,9.0
4144.0,1425.6703186035156,742.2792434692383,0.5572422742843628,0.4978463053703308,0.5569024682044983,0.5154716968536377,2.82952880859375,2.958236694335937,Fixation,1426.195701599121,748.2993006706238,76.0,15.0,True,24,image,,9.0
4148.0,1431.1782836914062,744.210090637207,0.5577016472816467,0.4940109848976135,0.5590540170669556,0.5168125629425049,2.8519744873046875,2.9450225830078125,Fixation,1426.195701599121,748.2993006706238,76.0,15.0,True,24,image,,9.0
4152.0,1424.6112060546875,741.6750812530518,0.557458221912384,0.5122107863426208,0.5564887523651123,0.5150521397590637,2.8899383544921875,2.9501953125,Fixation,1426.195701599121,748.2993006706238,76.0,15.0,True,24,image,,9.0
4156.0,1434.2428588867188,741.5180969238281,0.5582857728004456,0.4997872710227966,0.5602511167526245,0.5149431228637695,2.8831787109375,2.9497528076171875,Fixation,1426.195701599121,748.2993006706238,76.0,15.0,True,24,image,,9.0
4160.0,1427.4073791503906,740.9228610992432,0.558910608291626,0.495572566986084,0.5575810074806213,0.5145297646522522,2.8603973388671875,2.940673828125,Fixation,1426.195701599121,748.2993006706238,76.0,15.0,True,24,image,,9.0
4164.0,1426.7308044433594,734.3291759490967,0.557931661605835,0.5023871064186096,0.5573167204856873,0.5099508166313171,2.8671875,2.951263427734375,Fixation,1426.195701599121,748.2993006706238,76.0,15.0,True,24,image,,9.0
4168.0,1438.8406372070312,734.3253135681152,0.5576171875,0.513412594795227,0.5620471239089966,0.5099481344223022,2.9056854248046875,2.942123413085937,Fixation,1426.195701599121,748.2993006706238,76.0,15.0,True,24,image,,9.0
4172.0,1428.7066650390625,736.36061668396,0.5598780512809753,0.5075243711471558,0.5580885410308838,0.5113615393638611,2.8845977783203125,2.9438629150390625,Fixation,1426.195701599121,748.2993006706238,76.0,15.0,True,24,image,,9.0
4176.0,1428.5922241210938,743.538122177124,0.5581567287445068,0.5112899541854858,0.5580438375473022,0.5163459181785583,2.8892974853515625,2.9595947265625,Fixation,1426.195701599121,748.2993006706238,76.0,15.0,True,24,image,,9.0
4180.0,1432.6890563964844,742.6853084564209,0.5602401494979858,0.5094390511512756,0.5596441626548767,0.5157536864280701,2.897201538085937,2.954330444335937,Fixation,1426.195701599121,748.2993006706238,76.0,15.0,True,24,image,,9.0
4184.0,1428.3828735351562,730.5537414550781,0.5576165914535522,0.5077851414680481,0.5579620599746704,0.507328987121582,2.89794921875,2.9327850341796875,Fixation,1433.337086553159,717.6577484296715,456.0,16.0,True,25,image,,9.0
4188.0,1432.6573181152344,730.3029441833496,0.5567476749420166,0.5117464065551758,0.5596317648887634,0.5071548223495483,2.895004272460937,2.9441375732421875,Fixation,1433.337086553159,717.6577484296715,456.0,16.0,True,25,image,,9.0
4192.0,1437.1214294433594,722.005090713501,0.5569902658462524,0.5105895400047302,0.5613755583763123,0.5013924241065979,2.8907012939453125,2.9365997314453125,Fixation,1433.337086553159,717.6577484296715,456.0,16.0,True,25,image,,9.0
4196.0,1434.7747802734375,726.0930347442627,0.5597600936889648,0.5090692639350891,0.5604588985443115,0.5042312741279602,2.89227294921875,2.9225311279296875,Fixation,1433.337086553159,717.6577484296715,456.0,16.0,True,25,image,,9.0
4200.0,1434.1230773925781,733.8620853424072,0.5533822178840637,0.5110616683959961,0.5602043271064758,0.5096264481544495,2.8903045654296875,2.9376220703125,Fixation,1433.337086553159,717.6577484296715,456.0,16.0,True,25,image,,9.0
4204.0,1435.1376342773438,730.0965213775635,0.5569474101066589,0.5073710083961487,0.5606006383895874,0.5070114731788635,2.899398803710937,2.935150146484375,Fixation,1433.337086553159,717.6577484296715,456.0,16.0,True,25,image,,9.0
4208.0,1430.286865234375,736.4833545684814,0.5558403134346008,0.4918820559978485,0.5587058067321777,0.5114467740058899,2.85308837890625,2.947006225585937,Fixation,1433.337086553159,717.6577484296715,456.0,16.0,True,25,image,,9.0
4212.0,1431.8643188476562,730.1635551452637,0.5558606386184692,0.4910107553005218,0.5593219995498657,0.5070580244064331,2.8480987548828125,2.9394683837890625,Fixation,1433.337086553159,717.6577484296715,456.0,16.0,True,25,image,,9.0
4216.0,1421.5138244628906,742.6161289215088,0.5558010339736938,0.5071995854377747,0.5552788376808167,0.5157056450843811,2.888641357421875,2.9504547119140625,Fixation,1433.337086553159,717.6577484296715,456.0,16.0,True,25,image,,9.0
4220.0,1425.0723266601562,740.1234340667725,0.5551436543464661,0.5070734620094299,0.5566688776016235,0.5139746069908142,2.90576171875,2.9586639404296875,Fixation,1433.337086553159,717.6577484296715,456.0,16.0,True,25,image,,9.0
4224.0,1430.286865234375,727.8185749053955,0.5527706146240234,0.4981919527053833,0.5587058067321777,0.5054295659065247,2.843231201171875,2.93145751953125,Fixation,1433.337086553159,717.6577484296715,456.0,16.0,True,25,image,,9.0
4228.0,1435.308837890625,731.533842086792,0.5544174909591675,0.4969494044780731,0.5606675148010254,0.5080096125602722,2.8559722900390625,2.946563720703125,Fixation,1433.337086553159,717.6577484296715,456.0,16.0,True,25,image,,9.0
4232.0,1435.3875732421875,727.6332664489746,0.5536999702453613,0.495073914527893,0.5606982707977295,0.5053008794784546,2.858428955078125,2.9387664794921875,Fixation,1433.337086553159,717.6577484296715,456.0,16.0,True,25,image,,9.0
4236.0,1437.0274353027344,730.1156616210938,0.5546147227287292,0.4969223737716675,0.5613388419151306,0.5070247650146484,2.854476928710937,2.9314727783203125,Fixation,1433.337086553159,717.6577484296715,456.0,16.0,True,25,image,,9.0
4240.0,1426.246337890625,726.5724849700928,0.5565603971481323,0.5039717555046082,0.5571274757385254,0.5045642256736755,2.879989624023437,2.9349517822265625,Fixation,1433.337086553159,717.6577484296715,456.0,16.0,True,25,image,,9.0
4244.0,1430.2084350585938,729.2917728424072,0.5529875159263611,0.5003429055213928,0.5586751699447632,0.5064526200294495,2.8712615966796875,2.952865600585937,Fixation,1433.337086553159,717.6577484296715,456.0,16.0,True,25,image,,9.0
4248.0,1427.1684265136719,719.3065738677979,0.5539304614067078,0.495923101902008,0.5574876666069031,0.4995184540748596,2.8678131103515625,2.939422607421875,Fixation,1433.337086553159,717.6577484296715,456.0,16.0,True,25,image,,9.0
4252.0,1428.6979675292969,725.114049911499,0.5567792654037476,0.4960702955722809,0.5580851435661316,0.5035514235496521,2.85394287109375,2.954559326171875,Fixation,1433.337086553159,717.6577484296715,456.0,16.0,True,25,image,,9.0
4256.0,1429.9052429199219,725.0064182281494,0.5577124953269958,0.488651692867279,0.5585567355155945,0.5034766793251038,2.829132080078125,2.93450927734375,Fixation,1433.337086553159,717.6577484296715,456.0,16.0,True,25,image,,9.0
4260.0,1427.7536010742188,731.8406867980957,0.5556638836860657,0.4982598423957824,0.5577162504196167,0.5082226991653442,2.8700103759765625,2.958831787109375,Fixation,1433.337086553159,717.6577484296715,456.0,16.0,True,25,image,,9.0
4264.0,1421.9692993164062,728.7411689758301,0.554996132850647,0.5095177292823792,0.5554567575454712,0.5060702562332153,2.885894775390625,2.951416015625,Fixation,1433.337086553159,717.6577484296715,456.0,16.0,True,25,image,,9.0
4268.0,1427.7455139160156,712.9095697402953,0.5511693954467773,0.5099788904190063,0.5577130913734436,0.4950760900974273,2.894775390625,2.9237823486328125,Fixation,1433.337086553159,717.6577484296715,456.0,16.0,True,25,image,,9.0
4272.0,1442.9046630859375,716.3131856918335,0.5511474013328552,0.5016669631004333,0.5636346340179443,0.4974397122859955,2.88299560546875,2.9092559814453125,Fixation,1433.337086553159,717.6577484296715,456.0,16.0,True,25,image,,9.0
4276.0,1439.2570495605469,718.9136838912963,0.553544282913208,0.4948923587799072,0.5622097849845886,0.4992456138134002,2.85406494140625,2.910125732421875,Fixation,1433.337086553159,717.6577484296715,456.0,16.0,True,25,image,,9.0
4280.0,1435.1846313476562,698.9036321640014,0.5536137819290161,0.501606822013855,0.5606189966201782,0.4853497445583343,2.85693359375,2.9038238525390625,Fixation,1433.337086553159,717.6577484296715,456.0,16.0,True,25,image,,9.0
4284.0,1428.1881713867188,715.7247304916382,0.5537608861923218,0.4877705574035644,0.557886004447937,0.4970310628414154,2.834381103515625,2.9267730712890625,Fixation,1433.337086553159,717.6577484296715,456.0,16.0,True,25,image,,9.0
4288.0,1428.5397338867188,719.0330743789672,0.5535369515419006,0.4994142353534698,0.5580233335494995,0.4993285238742828,2.866180419921875,2.9071044921875,Fixation,1433.337086553159,717.6577484296715,456.0,16.0,True,25,image,,9.0
4292.0,1423.5476684570312,723.2711791992188,0.5510880947113037,0.490048885345459,0.5560733079910278,0.5022716522216797,2.83746337890625,2.945419311523437,Fixation,1433.337086553159,717.6577484296715,456.0,16.0,True,25,image,,9.0
4296.0,1445.3837585449219,687.9699182510375,0.5529195070266724,0.492459774017334,0.5646030306816101,0.4777568876743316,2.841033935546875,2.8651275634765625,Fixation,1433.337086553159,717.6577484296715,456.0,16.0,True,25,image,,9.0
4300.0,1433.95263671875,712.2145128250121,0.5537769198417664,0.4849514663219452,0.5601377487182617,0.4945934116840362,2.8374481201171875,2.912811279296875,Fixation,1433.337086553159,717.6577484296715,456.0,16.0,True,25,image,,9.0
4304.0,1429.5903015136719,717.2817850112914,0.5543895363807678,0.4933162033557892,0.5584337115287781,0.4981123507022857,2.8439483642578125,2.926986694335937,Fixation,1433.337086553159,717.6577484296715,456.0,16.0,True,25,image,,9.0
4308.0,1437.33154296875,710.7382678985596,0.5536026358604431,0.4978285133838653,0.561457633972168,0.4935682415962219,2.8419952392578125,2.898040771484375,Fixation,1433.337086553159,717.6577484296715,456.0,16.0,True,25,image,,9.0
4312.0,1429.2654418945312,712.7697944641112,0.5553139448165894,0.4802096784114837,0.5583068132400513,0.4949790239334106,2.79669189453125,2.887908935546875,Fixation,1433.337086553159,717.6577484296715,456.0,16.0,True,25,image,,9.0
4316.0,1436.7462158203125,721.5151691436768,0.555092453956604,0.4991777837276459,0.5612289905548096,0.50105220079422,2.8504791259765625,2.9104766845703125,Fixation,1433.337086553159,717.6577484296715,456.0,16.0,True,25,image,,9.0
4320.0,1430.6095886230469,715.6585550308228,0.5574215054512024,0.4891726672649383,0.5588318705558777,0.4969851076602936,2.798187255859375,2.9041748046875,Fixation,1433.337086553159,717.6577484296715,456.0,16.0,True,25,image,,9.0
4324.0,1429.3684387207031,720.0297832489014,0.5562865734100342,0.4959262907505035,0.5583470463752747,0.5000206828117371,2.824249267578125,2.9061737060546875,Fixation,1433.337086553159,717.6577484296715,456.0,16.0,True,25,image,,9.0
4328.0,1437.7377319335938,707.9732322692871,0.5521520972251892,0.5019151568412781,0.5616163015365601,0.4916480779647827,2.8369598388671875,2.868927001953125,Fixation,1433.337086553159,717.6577484296715,456.0,16.0,True,25,image,,9.0
4332.0,1430.9619140625,726.987476348877,0.5545415878295898,0.475636750459671,0.5589694976806641,0.5048524141311646,2.74127197265625,2.908447265625,Fixation,1433.337086553159,717.6577484296715,456.0,16.0,True,25,image,,9.0
4336.0,1439.0950012207031,699.3693494796753,0.5529623031616211,0.4929491877555847,0.5621464848518372,0.4856731593608856,2.79437255859375,2.856292724609375,Fixation,1433.337086553159,717.6577484296715,456.0,16.0,True,25,image,,9.0
4340.0,1433.2025146484375,727.9775333404541,0.553378164768219,0.4779489040374756,0.5598447322845459,0.5055399537086487,2.752685546875,2.8964080810546875,Fixation,1433.337086553159,717.6577484296715,456.0,16.0,True,25,image,,9.0
4344.0,1433.009033203125,713.1559467315674,0.5534641146659851,0.4974211156368255,0.5597691535949707,0.4952471852302551,2.7979736328125,2.87664794921875,Fixation,1433.337086553159,717.6577484296715,456.0,16.0,True,25,image,,9.0
4348.0,1430.7002258300781,710.687370300293,0.5557761788368225,0.4891228675842285,0.5588672757148743,0.4935328960418701,2.7708282470703125,2.84588623046875,Fixation,1433.337086553159,717.6577484296715,456.0,16.0,True,25,image,,9.0
4352.0,1442.0582580566406,715.2588415145874,0.5541735887527466,0.4862643182277679,0.5633040070533752,0.4967075288295746,2.757293701171875,2.866912841796875,Fixation,1433.337086553159,717.6577484296715,456.0,16.0,True,25,image,,9.0
4356.0,1438.7664794921875,715.328106880188,0.5585346221923828,0.4922334849834442,0.5620181560516357,0.4967556297779083,2.784332275390625,2.8550262451171875,Fixation,1433.337086553159,717.6577484296715,456.0,16.0,True,25,image,,9.0
4360.0,1432.2453308105469,728.0516052246094,0.5570942759513855,0.491484522819519,0.5594708323478699,0.5055913925170898,2.772796630859375,2.867416381835937,Fixation,1433.337086553159,717.6577484296715,456.0,16.0,True,25,image,,9.0
4364.0,1429.6847534179688,725.1148223876953,0.5545548796653748,0.4834295809268951,0.558470606803894,0.5035519599914551,2.721343994140625,2.861053466796875,Fixation,1433.337086553159,717.6577484296715,456.0,16.0,True,25,image,,9.0
4368.0,1436.19873046875,712.1310424804688,0.5581313371658325,0.4964258968830108,0.5610151290893555,0.4945354461669922,2.781219482421875,2.83648681640625,Fixation,1433.337086553159,717.6577484296715,456.0,16.0,True,25,image,,9.0
4372.0,1437.84423828125,700.6258678436278,0.5545948147773743,0.4732575714588165,0.5616579055786133,0.4865457415580749,2.706085205078125,2.8173065185546875,Fixation,1433.337086553159,717.6577484296715,456.0,16.0,True,25,image,,9.0
4376.0,1439.23828125,681.1546611785888,0.5565033555030823,0.4817473590373993,0.5622024536132812,0.4730240702629089,2.7359619140625,2.7682342529296875,Fixation,1433.337086553159,717.6577484296715,456.0,16.0,True,25,image,,9.0
4380.0,1444.6064758300781,725.0240135192871,0.5549283027648926,0.4910259544849396,0.5642994046211243,0.5034888982772827,2.7368621826171875,2.8146514892578125,Fixation,1433.337086553159,717.6577484296715,456.0,16.0,True,25,image,,9.0
4384.0,1435.9886169433594,706.2528419494629,0.5554828643798828,0.4985243082046509,0.5609330534934998,0.4904533624649048,2.766098022460937,2.805404663085937,Fixation,1433.337086553159,717.6577484296715,456.0,16.0,True,25,image,,9.0
4388.0,1439.881591796875,722.86940574646,0.5569161772727966,0.4884957373142242,0.5624537467956543,0.5019926428794861,2.733795166015625,2.8033905029296875,Fixation,1433.337086553159,717.6577484296715,456.0,16.0,True,25,image,,9.0
4392.0,1437.6687622070312,707.6425695419312,0.5513410568237305,0.4727449715137481,0.5615893602371216,0.4914184510707855,2.6954803466796875,2.7805633544921875,Fixation,1433.337086553159,717.6577484296715,456.0,16.0,True,25,image,,9.0
4396.0,1441.8159484863281,685.4637479782103,0.5567182302474976,0.467942476272583,0.5632093548774719,0.476016491651535,2.6728668212890625,2.771514892578125,Fixation,1433.337086553159,717.6577484296715,456.0,16.0,True,25,image,,9.0
4400.0,1435.5282592773438,663.5727596282959,0.5544761419296265,0.4798981845378876,0.5607532262802124,0.4608144164085388,2.686676025390625,2.7284393310546875,Fixation,1433.337086553159,717.6577484296715,456.0,16.0,True,25,image,,9.0
4404.0,1445.4841613769531,686.1398363113403,0.557190477848053,0.4799360930919647,0.5646422505378723,0.4764859974384308,2.7061309814453125,2.7342987060546875,Fixation,1433.337086553159,717.6577484296715,456.0,16.0,True,25,image,,9.0
4408.0,1436.2774658203125,721.9724750518799,0.5546756386756897,0.4976511597633362,0.5610458850860596,0.5013697743415833,2.74798583984375,2.79705810546875,Fixation,1433.337086553159,717.6577484296715,456.0,16.0,True,25,image,,9.0
4412.0,1444.7978210449219,678.0957412719727,0.554459273815155,0.4753766655921936,0.5643741488456726,0.4708998203277588,2.676788330078125,2.7068634033203125,Fixation,1433.337086553159,717.6577484296715,456.0,16.0,True,25,image,,9.0
4416.0,1440.2409362792969,712.0166730880737,0.555655300617218,0.4929323196411133,0.5625941157341003,0.494456022977829,2.7202606201171875,2.7924041748046875,Fixation,1433.337086553159,717.6577484296715,456.0,16.0,True,25,image,,9.0
4420.0,1441.8527221679688,693.9818429946899,0.5555746555328369,0.5037820935249329,0.5632237195968628,0.4819318354129791,2.73297119140625,2.7560577392578125,Fixation,1433.337086553159,717.6577484296715,456.0,16.0,True,25,image,,9.0
4424.0,1435.5632019042969,710.1382255554198,0.5550230741500854,0.4831971824169159,0.560766875743866,0.4931515455245971,2.689178466796875,2.7662811279296875,Fixation,1433.337086553159,717.6577484296715,456.0,16.0,True,25,image,,9.0
4428.0,1439.9276733398438,703.0298566818237,0.555763840675354,0.4869267344474792,0.5624717473983765,0.4882151782512665,2.698638916015625,2.745086669921875,Fixation,1433.337086553159,717.6577484296715,456.0,16.0,True,25,image,,9.0
4432.0,1442.4298095703125,702.6986360549926,0.5566535592079163,0.4877905249595642,0.5634491443634033,0.4879851639270782,2.6834259033203125,2.751693725585937,Fixation,1433.337086553159,717.6577484296715,456.0,16.0,True,25,image,,9.0
4436.0,1446.5097045898438,686.760950088501,0.5532289147377014,0.4814896285533905,0.5650428533554077,0.4769173264503479,2.683700561523437,2.720458984375,Fixation,1433.337086553159,717.6577484296715,456.0,16.0,True,25,image,,9.0
4440.0,1436.1727905273438,703.7702751159668,0.5576808452606201,0.4800494015216827,0.5610049962997437,0.4887293577194214,2.6753082275390625,2.744598388671875,Fixation,1433.337086553159,717.6577484296715,456.0,16.0,True,25,image,,9.0
4444.0,1438.1231689453125,699.951410293579,0.5557799339294434,0.4936301708221435,0.5617668628692627,0.4860773682594299,2.692855834960937,2.723785400390625,Fixation,1433.337086553159,717.6577484296715,456.0,16.0,True,25,image,,9.0
4448.0,1435.0680541992188,710.4215526580809,0.5599525570869446,0.4875622391700744,0.5605734586715698,0.4933483004570007,2.6615753173828125,2.725082397460937,Fixation,1433.337086553159,717.6577484296715,456.0,16.0,True,25,image,,9.0
4452.0,1436.7558288574219,699.1979026794434,0.5583071112632751,0.4787273406982422,0.5612327456474304,0.4855540990829468,2.6463623046875,2.690216064453125,Fixation,1433.337086553159,717.6577484296715,456.0,16.0,True,25,image,,9.0
4456.0,1427.5724792480469,704.3871402740479,0.5574147701263428,0.4844416379928589,0.5576454997062683,0.4891577363014221,2.6622467041015625,2.7002716064453125,Fixation,1433.337086553159,717.6577484296715,456.0,16.0,True,25,image,,9.0
4460.0,1426.7402648925781,725.2573013305664,0.5586469769477844,0.4743515253067016,0.5573204159736633,0.5036509037017822,2.62158203125,2.76226806640625,Fixation,1433.337086553159,717.6577484296715,456.0,16.0,True,25,image,,9.0
4464.0,1428.7135314941406,722.8500080108643,0.5597665309906006,0.4916609525680542,0.5580912232398987,0.5019791722297668,2.683090209960937,2.7555694580078125,Fixation,1433.337086553159,717.6577484296715,456.0,16.0,True,25,image,,9.0
4468.0,1430.5973815917969,723.0892181396484,0.55888432264328,0.4897002577781677,0.5588271021842957,0.5021452903747559,2.6866607666015625,2.735992431640625,Fixation,1433.337086553159,717.6577484296715,456.0,16.0,True,25,image,,9.0
4472.0,1428.8082885742188,718.2039499282836,0.5592339634895325,0.4965250194072723,0.5581282377243042,0.4987527430057525,2.6907196044921875,2.712127685546875,Fixation,1433.337086553159,717.6577484296715,456.0,16.0,True,25,image,,9.0
4476.0,1428.1668090820312,725.9103012084961,0.5608236193656921,0.478032499551773,0.5578776597976685,0.5041043758392334,2.6381072998046875,2.7420806884765625,Fixation,1433.337086553159,717.6577484296715,456.0,16.0,True,25,image,,9.0
4480.0,1421.0295104980469,730.2161693572998,0.5587082505226135,0.4744435846805572,0.5550896525382996,0.5070945620536804,2.6241912841796875,2.7458953857421875,Fixation,1433.337086553159,717.6577484296715,456.0,16.0,True,25,image,,9.0
4484.0,1430.5502319335938,716.6812705993651,0.5581792593002319,0.4717678725719452,0.5588086843490601,0.4976953268051147,2.59326171875,2.726303100585937,Fixation,1433.337086553159,717.6577484296715,456.0,16.0,True,25,image,,9.0
4488.0,1425.3184509277344,721.8049335479736,0.5602982044219971,0.477405309677124,0.5567650198936462,0.5012534260749817,2.61175537109375,2.7142486572265625,Fixation,1433.337086553159,717.6577484296715,456.0,16.0,True,25,image,,9.0
4492.0,1427.4200439453125,732.0730304718018,0.5608097314834595,0.4618067145347595,0.5575859546661377,0.5083840489387512,2.5905914306640625,2.7244110107421875,Fixation,1433.337086553159,717.6577484296715,456.0,16.0,True,25,image,,9.0
4496.0,1425.6170654296875,724.6402645111084,0.5599452257156372,0.480572909116745,0.5568816661834717,0.5032224059104919,2.6330108642578125,2.7264404296875,Fixation,1433.337086553159,717.6577484296715,456.0,16.0,True,25,image,,9.0
4500.0,1426.5480041503906,717.3955965042113,0.5574595928192139,0.4777343273162842,0.5572453141212463,0.4981913864612579,2.634002685546875,2.7034149169921875,Fixation,1433.337086553159,717.6577484296715,456.0,16.0,True,25,image,,9.0
4504.0,1433.9210510253906,716.5481042861938,0.5578514933586121,0.4781337976455688,0.5601254105567932,0.4976028501987457,2.61865234375,2.70562744140625,Fixation,1433.337086553159,717.6577484296715,456.0,16.0,True,25,image,,9.0
4508.0,1434.6890258789062,714.2629051208495,0.560093343257904,0.4694532752037048,0.5604254007339478,0.4960159063339233,2.607208251953125,2.6836700439453125,Fixation,1433.337086553159,717.6577484296715,456.0,16.0,True,25,image,,9.0
4512.0,1435.9213256835938,729.7330284118652,0.5592761039733887,0.4653677344322204,0.5609067678451538,0.5067590475082397,2.6027069091796875,2.726531982421875,Fixation,1433.337086553159,717.6577484296715,456.0,16.0,True,25,image,,9.0
4516.0,1437.5904846191406,731.7062759399414,0.5604497194290161,0.4719199240207672,0.5615587830543518,0.508129358291626,2.6102294921875,2.71014404296875,Fixation,1433.337086553159,717.6577484296715,456.0,16.0,True,25,image,,9.0
4520.0,1434.801025390625,725.9982776641846,0.5591381788253784,0.4656322598457336,0.5604691505432129,0.5041654706001282,2.585433959960937,2.713592529296875,Fixation,1433.337086553159,717.6577484296715,456.0,16.0,True,25,image,,9.0
4524.0,1432.2489929199219,715.2317619323729,0.5578744411468506,0.4638780057430267,0.5594722628593445,0.4966887235641479,2.606903076171875,2.6807098388671875,Fixation,1433.337086553159,717.6577484296715,456.0,16.0,True,25,image,,9.0
4528.0,1435.3443908691406,719.5535516738892,0.5566585063934326,0.4720238745212555,0.5606814026832581,0.4996899664402008,2.615631103515625,2.6725006103515625,Fixation,1433.337086553159,717.6577484296715,456.0,16.0,True,25,image,,9.0
4532.0,1448.5179138183594,686.219744682312,0.5568731427192688,0.4666997492313385,0.5658273100852966,0.4765414893627167,2.601470947265625,2.620941162109375,Fixation,1433.337086553159,717.6577484296715,456.0,16.0,True,25,image,,9.0
4536.0,1440.5059814453125,724.037561416626,0.5564165711402893,0.475785344839096,0.5626976490020752,0.5028038620948792,2.620513916015625,2.6846923828125,Fixation,1433.337086553159,717.6577484296715,456.0,16.0,True,25,image,,9.0
4540.0,1442.1475219726562,719.0657758712767,0.557723879814148,0.4605195820331573,0.5633388757705688,0.4993512332439422,2.5961151123046875,2.6704864501953125,Fixation,1433.337086553159,717.6577484296715,456.0,16.0,True,25,image,,9.0
4544.0,1426.9477844238281,723.905553817749,0.5580137372016907,0.4667892754077911,0.5574014782905579,0.5027121901512146,2.5941162109375,2.68798828125,Fixation,1433.337086553159,717.6577484296715,456.0,16.0,True,25,image,,9.0
4548.0,1434.5353698730469,725.9042930603027,0.5575882792472839,0.473476767539978,0.5603653788566589,0.5041002035140991,2.6125030517578125,2.7052764892578125,Fixation,1433.337086553159,717.6577484296715,456.0,16.0,True,25,image,,9.0
4552.0,1430.5615234375,718.2505130767822,0.5602567791938782,0.4603916704654693,0.5588130950927734,0.4987850785255432,2.56341552734375,2.6844482421875,Fixation,1433.337086553159,717.6577484296715,456.0,16.0,True,25,image,,9.0
4556.0,1435.7929992675781,731.2050247192383,0.5583652853965759,0.4693846702575683,0.5608566403388977,0.5077812671661377,2.6033477783203125,2.6992950439453125,Fixation,1433.337086553159,717.6577484296715,456.0,16.0,True,25,image,,9.0
4560.0,1419.8304748535156,731.2493133544922,0.5587669014930725,0.4618644118309021,0.5546212792396545,0.5078120231628418,2.58856201171875,2.701278686523437,Fixation,1433.337086553159,717.6577484296715,456.0,16.0,True,25,image,,9.0
4564.0,1428.4437561035156,737.0480346679688,0.5591824650764465,0.4626172184944153,0.5579858422279358,0.5118389129638672,2.578399658203125,2.70526123046875,Fixation,1433.337086553159,717.6577484296715,456.0,16.0,True,25,image,,9.0
4568.0,1425.56884765625,722.3126220703125,0.5587660670280457,0.4629319012165069,0.5568628311157227,0.5016059875488281,2.587890625,2.707244873046875,Fixation,1433.337086553159,717.6577484296715,456.0,16.0,True,25,image,,9.0
4572.0,1420.7740783691406,713.1222152709961,0.5573985576629639,0.4652332365512848,0.5549898743629456,0.4952237606048584,2.589385986328125,2.69488525390625,Fixation,1433.337086553159,717.6577484296715,456.0,16.0,True,25,image,,9.0
4576.0,1433.8270568847656,713.9968299865722,0.559432864189148,0.4685007333755493,0.5600886940956116,0.4958311319351196,2.5986328125,2.6682586669921875,Fixation,1433.337086553159,717.6577484296715,456.0,16.0,True,25,image,,9.0
4580.0,1429.6054077148438,738.085298538208,0.5570195317268372,0.4699535667896271,0.5584396123886108,0.5125592350959778,2.593902587890625,2.7189483642578125,Fixation,1433.337086553159,717.6577484296715,456.0,16.0,True,25,image,,9.0
4584.0,1428.8775634765625,747.5426387786865,0.5592227578163147,0.4639210700988769,0.5581552982330322,0.519126832485199,2.589569091796875,2.7213897705078125,Fixation,1433.337086553159,717.6577484296715,456.0,16.0,True,25,image,,9.0
4588.0,1427.1186828613281,731.7710781097412,0.5617185831069946,0.4652780890464782,0.5574682354927063,0.5081743597984314,2.590606689453125,2.698974609375,Fixation,1433.337086553159,717.6577484296715,456.0,16.0,True,25,image,,9.0
4592.0,1437.1562194824219,721.0068798065186,0.5579556822776794,0.4696606695652008,0.561389148235321,0.5006992220878601,2.6031951904296875,2.6848602294921875,Fixation,1433.337086553159,717.6577484296715,456.0,16.0,True,25,image,,9.0
4596.0,1430.7357788085938,733.3016967773438,0.5628880858421326,0.4589011967182159,0.5588811635971069,0.5092372894287109,2.593017578125,2.692901611328125,Fixation,1433.337086553159,717.6577484296715,456.0,16.0,True,25,image,,9.0
4600.0,1431.8206787109375,734.2760467529297,0.5597878694534302,0.4698144197463989,0.55930495262146,0.5099139213562012,2.6152496337890625,2.7151031494140625,Fixation,1433.337086553159,717.6577484296715,456.0,16.0,True,25,image,,9.0
4604.0,1432.8884887695312,710.5926132202148,0.5583261251449585,0.4816409945487976,0.5597220659255981,0.4934670925140381,2.6263885498046875,2.6613311767578125,Fixation,1433.337086553159,717.6577484296715,456.0,16.0,True,25,image,,9.0
4608.0,1438.2725524902344,707.5890970230101,0.5595810413360596,0.4676542580127716,0.5618252158164978,0.4913813173770904,2.6207275390625,2.662017822265625,Fixation,1433.337086553159,717.6577484296715,456.0,16.0,True,25,image,,9.0
4612.0,1432.3588562011719,706.5049266815186,0.5601102709770203,0.4677218198776245,0.5595151782035828,0.4906284213066101,2.599212646484375,2.65643310546875,Fixation,1433.337086553159,717.6577484296715,456.0,16.0,True,25,image,,9.0
4616.0,1434.9412536621094,707.0941114425659,0.562568724155426,0.4647292792797088,0.5605239272117615,0.4910375773906708,2.5919189453125,2.680526733398437,Fixation,1433.337086553159,717.6577484296715,456.0,16.0,True,25,image,,9.0
4620.0,1438.4043884277344,702.4900674819945,0.5595996379852295,0.4698927998542785,0.5618767142295837,0.487840324640274,2.585678100585937,2.67694091796875,Fixation,1433.337086553159,717.6577484296715,456.0,16.0,True,25,image,,9.0
4624.0,1438.6932373046875,686.1621952056885,0.560965359210968,0.471954733133316,0.5619895458221436,0.4765015244483948,2.6080780029296875,2.62335205078125,Fixation,1433.337086553159,717.6577484296715,456.0,16.0,True,25,image,,9.0
4628.0,1438.3485412597656,713.9209127426147,0.5590812563896179,0.4960940480232239,0.561854898929596,0.4957784116268158,2.645660400390625,2.68438720703125,Fixation,1433.337086553159,717.6577484296715,456.0,16.0,True,25,image,,9.0
4632.0,1432.5138854980469,720.9216499328613,0.5608392357826233,0.4836636781692505,0.5595757365226746,0.5006400346755981,2.61871337890625,2.685302734375,Fixation,1433.337086553159,717.6577484296715,456.0,16.0,True,25,image,,9.0
4636.0,1428.7309265136719,749.2244911193848,0.5609660744667053,0.4727950692176819,0.5580980181694031,0.5202947854995728,2.5935821533203125,2.7091064453125,Fixation,1433.337086553159,717.6577484296715,456.0,16.0,True,25,image,,9.0
4640.0,1420.301513671875,746.9589900970459,0.555204451084137,0.4789849519729614,0.5548052787780762,0.5187215209007263,2.5914764404296875,2.7121734619140625,Fixation,1433.337086553159,717.6577484296715,456.0,16.0,True,25,image,,9.0
4644.0,1416.2995910644531,764.3281173706055,0.546964704990387,0.5146793127059937,0.553242027759552,0.5307834148406982,2.6525421142578125,2.6702880859375,Saccade,,,,0.0,False,26,,,
4648.0,1397.711181640625,814.7803401947021,0.5381188988685608,0.5648219585418701,0.5459809303283691,0.5658196806907654,2.688140869140625,2.680694580078125,Saccade,,,,0.0,False,26,,,
4652.0,1403.9468383789062,879.6505737304688,0.535181999206543,0.6093338131904602,0.5484167337417603,0.6108684539794922,2.7013397216796875,2.689361572265625,Saccade,,,,0.0,False,26,,,
4656.0,1399.5477294921875,897.0041656494141,0.5415295958518982,0.61692214012146,0.5466983318328857,0.6229195594787598,2.6291656494140625,2.661376953125,Saccade,,,,0.0,False,26,,,
4660.0,1380.9671020507812,930.4595947265625,0.5312750339508057,0.6447340250015259,0.5394402742385864,0.6461524963378906,2.65057373046875,2.6555938720703125,Saccade,,,,0.0,False,26,,,
4664.0,1362.7828979492188,987.9262447357178,0.5265781283378601,0.6541018486022949,0.5323370695114136,0.6860598921775818,2.644805908203125,2.7162628173828125,Saccade,,,,0.0,False,26,,,
4668.0,1347.3451232910156,1015.7420825958252,0.5227069854736328,0.6925255656242371,0.526306688785553,0.7053764462471008,2.656158447265625,2.69805908203125,Saccade,,,,0.0,False,26,,,
4672.0,1378.1794738769531,1037.4145889282227,0.5268977284431458,0.7081693410873413,0.5383513569831848,0.7204267978668213,2.6192626953125,2.671539306640625,Saccade,,,,0.0,False,26,,,
4676.0,1369.6759033203125,1046.4323902130127,0.5258187651634216,0.7308861613273621,0.5350296497344971,0.7266891598701477,2.6798553466796875,2.6902313232421875,Saccade,,,,0.0,False,26,,,
4680.0,1360.1261901855469,1059.9790477752686,0.5251326560974121,0.7267940044403076,0.5312992930412292,0.7360965609550476,2.640960693359375,2.6836395263671875,Saccade,,,,0.0,False,26,,,
4684.0,1365.1104736328125,1064.7245407104492,0.5220072865486145,0.7386782765388489,0.5332462787628174,0.7393920421600342,2.630859375,2.681060791015625,Saccade,,,,0.0,False,26,,,
4688.0,1365.3701782226562,1060.9366607666016,0.5261532664299011,0.7294872999191284,0.5333477258682251,0.7367615699768066,2.6217498779296875,2.657928466796875,Saccade,,,,0.0,False,26,,,
4692.0,1347.8797912597656,1050.6343173980713,0.526354968547821,0.7461392283439636,0.526515543460846,0.7296071648597717,2.6539764404296875,2.670013427734375,Saccade,,,,0.0,False,26,,,
4696.0,1366.8698120117188,1072.715721130371,0.5289921760559082,0.7479358911514282,0.5339335203170776,0.7449414730072021,2.66912841796875,2.66705322265625,Saccade,,,,0.0,False,26,,,
4700.0,1339.0658569335938,1083.978681564331,0.5219394564628601,0.7366811037063599,0.5230726003646851,0.7527629733085632,2.648666381835937,2.727264404296875,Fixation,1355.670561356978,1080.825878490101,172.0,17.0,True,27,word,eating,5.0
4704.0,1348.4976196289062,1066.378927230835,0.5267676711082458,0.7412903308868408,0.5267568826675415,0.7405409216880798,2.666412353515625,2.7027740478515625,Fixation,1355.670561356978,1080.825878490101,172.0,17.0,True,27,word,eating,5.0
4708.0,1350.7769775390625,1075.795841217041,0.5262996554374695,0.751316249370575,0.5276472568511963,0.7470804452896118,2.6613311767578125,2.726959228515625,Fixation,1355.670561356978,1080.825878490101,172.0,17.0,True,27,word,eating,5.0
4712.0,1356.4910888671875,1071.56644821167,0.5229212641716003,0.7476548552513123,0.5298793315887451,0.7441433668136597,2.688720703125,2.7017364501953125,Fixation,1355.670561356978,1080.825878490101,172.0,17.0,True,27,word,eating,5.0
4716.0,1363.5029602050781,1070.5818843841553,0.5283209681510925,0.750682532787323,0.5326183438301086,0.7434596419334412,2.6764068603515625,2.694366455078125,Fixation,1355.670561356978,1080.825878490101,172.0,17.0,True,27,word,eating,5.0
4720.0,1359.9284362792969,1081.1375999450684,0.5304012894630432,0.7548632621765137,0.5312220454216003,0.750789999961853,2.6754913330078125,2.711456298828125,Fixation,1355.670561356978,1080.825878490101,172.0,17.0,True,27,word,eating,5.0
4724.0,1357.3814392089844,1074.7145462036133,0.5260664224624634,0.754309356212616,0.5302271246910095,0.7463295459747314,2.690948486328125,2.7022705078125,Fixation,1355.670561356978,1080.825878490101,172.0,17.0,True,27,word,eating,5.0
4728.0,1354.3099975585938,1075.414752960205,0.5261132717132568,0.7520826458930969,0.5290273427963257,0.7468158006668091,2.6630859375,2.71148681640625,Fixation,1355.670561356978,1080.825878490101,172.0,17.0,True,27,word,eating,5.0
4732.0,1352.3057556152344,1089.6421337127686,0.5251126289367676,0.7529345750808716,0.5282444357872009,0.7566959261894226,2.666366577148437,2.7093505859375,Fixation,1355.670561356978,1080.825878490101,172.0,17.0,True,27,word,eating,5.0
4736.0,1355.4621887207031,1079.8764038085938,0.5301268100738525,0.7549425363540649,0.5294774174690247,0.7499141693115234,2.681182861328125,2.72882080078125,Fixation,1355.670561356978,1080.825878490101,172.0,17.0,True,27,word,eating,5.0
4740.0,1359.3623352050781,1082.28120803833,0.5276131629943848,0.7465347647666931,0.5310009121894836,0.7515841722488403,2.6635284423828125,2.7260284423828125,Fixation,1355.670561356978,1080.825878490101,172.0,17.0,True,27,word,eating,5.0
4744.0,1361.6801452636719,1085.3460502624512,0.5258395671844482,0.7460988759994507,0.5319063067436218,0.75371253490448,2.6750946044921875,2.731048583984375,Fixation,1355.670561356978,1080.825878490101,172.0,17.0,True,27,word,eating,5.0
4748.0,1351.1692810058594,1072.4862957000732,0.5290411710739136,0.7477344870567322,0.5278005003929138,0.7447821497917175,2.6994171142578125,2.698089599609375,Fixation,1355.670561356978,1080.825878490101,172.0,17.0,True,27,word,eating,5.0
4752.0,1356.5692138671875,1078.8089275360107,0.5300370454788208,0.7515490651130676,0.5299098491668701,0.7491728663444519,2.6513671875,2.7132720947265625,Fixation,1355.670561356978,1080.825878490101,172.0,17.0,True,27,word,eating,5.0
4756.0,1349.4186401367188,1093.2521724700928,0.5280290246009827,0.7506799101829529,0.5271166563034058,0.7592028975486755,2.675537109375,2.726287841796875,Fixation,1355.670561356978,1080.825878490101,172.0,17.0,True,27,word,eating,5.0
4760.0,1346.4079284667969,1072.7130603790283,0.5291183590888977,0.7516112923622131,0.5259405970573425,0.7449396252632141,2.687728881835937,2.720001220703125,Fixation,1355.670561356978,1080.825878490101,172.0,17.0,True,27,word,eating,5.0
4764.0,1368.3563232421875,1082.5062561035156,0.5296991467475891,0.7557976841926575,0.5345141887664795,0.7517404556274414,2.6931304931640625,2.71978759765625,Fixation,1355.670561356978,1080.825878490101,172.0,17.0,True,27,word,eating,5.0
4768.0,1360.1777648925781,1084.6705627441406,0.5307599902153015,0.7544976472854614,0.5313194394111633,0.7532434463500977,2.7001953125,2.730224609375,Fixation,1355.670561356978,1080.825878490101,172.0,17.0,True,27,word,eating,5.0
4772.0,1349.70703125,1090.04150390625,0.5265770554542542,0.7530245780944824,0.5272293090820312,0.7569732666015625,2.69769287109375,2.7452545166015625,Fixation,1355.670561356978,1080.825878490101,172.0,17.0,True,27,word,eating,5.0
4776.0,1347.7906799316406,1092.1981716156006,0.5299772024154663,0.7453522682189941,0.5264807343482971,0.7584709525108337,2.661224365234375,2.727447509765625,Fixation,1355.670561356978,1080.825878490101,172.0,17.0,True,27,word,eating,5.0
4780.0,1343.3494567871094,1088.6641788482666,0.5308502912521362,0.7582852840423584,0.5247458815574646,0.7560167908668518,2.6976470947265625,2.74981689453125,Fixation,1355.670561356978,1080.825878490101,172.0,17.0,True,27,word,eating,5.0
4784.0,1352.9447937011719,1081.8086242675781,0.5331743359565735,0.7627873420715332,0.5284940600395203,0.751255989074707,2.7278289794921875,2.750732421875,Fixation,1355.670561356978,1080.825878490101,172.0,17.0,True,27,word,eating,5.0
4788.0,1345.0823974609375,1096.137113571167,0.5303999185562134,0.7586031556129456,0.5254228115081787,0.761206328868866,2.698455810546875,2.7545928955078125,Fixation,1355.670561356978,1080.825878490101,172.0,17.0,True,27,word,eating,5.0
4792.0,1344.8916625976562,1087.3151779174805,0.5297955870628357,0.7576434016227722,0.5253483057022095,0.755079984664917,2.73590087890625,2.748138427734375,Fixation,1355.670561356978,1080.825878490101,172.0,17.0,True,27,word,eating,5.0
4796.0,1349.2271423339844,1094.8359203338623,0.5273523330688477,0.7554453015327454,0.5270418524742126,0.760302722454071,2.729965209960937,2.7667694091796875,Fixation,1355.670561356978,1080.825878490101,172.0,17.0,True,27,word,eating,5.0
4800.0,1356.9261169433594,1086.4193630218506,0.5297039747238159,0.7581323385238647,0.5300492644309998,0.7544578909873962,2.719085693359375,2.745574951171875,Fixation,1355.670561356978,1080.825878490101,172.0,17.0,True,27,word,eating,5.0
4804.0,1353.2769775390625,1075.2147674560547,0.5308294892311096,0.7623663544654846,0.5286238193511963,0.7466769218444824,2.718475341796875,2.7365875244140625,Fixation,1355.670561356978,1080.825878490101,172.0,17.0,True,27,word,eating,5.0
4808.0,1353.3148193359375,1095.8325862884521,0.5323015451431274,0.7628177404403687,0.5286386013031006,0.7609948515892029,2.71783447265625,2.767578125,Fixation,1355.670561356978,1080.825878490101,172.0,17.0,True,27,word,eating,5.0
4812.0,1351.1451721191406,1082.8703498840332,0.5327024459838867,0.7613120675086975,0.5277910828590393,0.7519932985305786,2.7517242431640625,2.752304077148437,Fixation,1355.670561356978,1080.825878490101,172.0,17.0,True,27,word,eating,5.0
4816.0,1354.3228149414062,1084.332389831543,0.5306264758110046,0.7608434557914734,0.5290323495864868,0.7530086040496826,2.7098388671875,2.7752685546875,Fixation,1355.670561356978,1080.825878490101,172.0,17.0,True,27,word,eating,5.0
4820.0,1363.3915710449219,1076.9356727600098,0.5308470726013184,0.7736524343490601,0.5325748324394226,0.747871994972229,2.756210327148437,2.76373291015625,Fixation,1355.670561356978,1080.825878490101,172.0,17.0,True,27,word,eating,5.0
4824.0,1357.2251892089844,1078.769187927246,0.5317142009735107,0.767002522945404,0.5301660895347595,0.7491452693939209,2.747528076171875,2.76123046875,Fixation,1355.670561356978,1080.825878490101,172.0,17.0,True,27,word,eating,5.0
4828.0,1363.6170959472656,1082.1364116668701,0.5327398180961609,0.7659741640090942,0.5326629281044006,0.7514836192131042,2.7377166748046875,2.755767822265625,Fixation,1355.670561356978,1080.825878490101,172.0,17.0,True,27,word,eating,5.0
4832.0,1354.2626953125,1080.5592727661133,0.5308177471160889,0.758474588394165,0.5290088653564453,0.7503883838653564,2.749359130859375,2.7771453857421875,Fixation,1355.670561356978,1080.825878490101,172.0,17.0,True,27,word,eating,5.0
4836.0,1355.5136108398438,1074.17329788208,0.5301998257637024,0.7660293579101562,0.529497504234314,0.7459536790847778,2.773910522460937,2.7850341796875,Fixation,1355.670561356978,1080.825878490101,172.0,17.0,True,27,word,eating,5.0
4840.0,1346.8515014648438,1077.1411514282227,0.5315243601799011,0.7630283236503601,0.5261138677597046,0.7480146884918213,2.7444000244140625,2.765365600585937,Fixation,1355.670561356978,1080.825878490101,172.0,17.0,True,27,word,eating,5.0
4844.0,1343.8571166992188,1078.5831928253174,0.5298217535018921,0.7687685489654541,0.5249441862106323,0.7490161061286926,2.7921905517578125,2.78204345703125,Fixation,1355.670561356978,1080.825878490101,172.0,17.0,True,27,word,eating,5.0
4848.0,1370.1466369628906,1071.6133117675781,0.5276538729667664,0.7628414630889893,0.5352135300636292,0.744175910949707,2.7639312744140625,2.758819580078125,Fixation,1355.670561356978,1080.825878490101,172.0,17.0,True,27,word,eating,5.0
4852.0,1344.6253967285156,1082.3132228851318,0.5316035747528076,0.7686133980751038,0.5252442955970764,0.7516064047813416,2.7680206298828125,2.778671264648437,Fixation,1355.670561356978,1080.825878490101,172.0,17.0,True,27,word,eating,5.0
4856.0,1348.5882568359375,1080.2716541290283,0.5274655818939209,0.7611831426620483,0.5267922878265381,0.7501886487007141,2.76068115234375,2.8148956298828125,Fixation,1355.670561356978,1080.825878490101,172.0,17.0,True,27,word,eating,5.0
4860.0,1353.0764770507812,1066.0429000854492,0.5301976203918457,0.7567871809005737,0.5285454988479614,0.7403075695037842,2.7587127685546875,2.7688751220703125,Fixation,1355.670561356978,1080.825878490101,172.0,17.0,True,27,word,eating,5.0
4864.0,1360.5255126953125,1071.573657989502,0.5369122624397278,0.7642056941986084,0.5314552783966064,0.7441483736038208,2.760711669921875,2.7744140625,Fixation,1355.670561356978,1080.825878490101,172.0,17.0,True,27,word,eating,5.0
4868.0,1381.9937133789062,1075.5481338500977,0.5418311953544617,0.7665513753890991,0.5398412942886353,0.74690842628479,2.7730712890625,2.779205322265625,Fixation,1355.670561356978,1080.825878490101,172.0,17.0,True,27,word,eating,5.0
4872.0,1412.9869079589844,1083.8556861877441,0.549946665763855,0.7670150995254517,0.5519480109214783,0.7526775598526001,2.76202392578125,2.790557861328125,Fixation,1355.670561356978,1080.825878490101,172.0,17.0,True,27,word,eating,5.0
4876.0,1448.0059814453125,1092.7496337890625,0.5582475066184998,0.7748377919197083,0.5656273365020752,0.7588539123535156,2.7753448486328125,2.777328491210937,Fixation,1448.0104319254558,1093.5006065368652,116.0,18.0,True,28,word,from,6.0
4880.0,1450.333251953125,1100.917797088623,0.5643418431282043,0.7766426801681519,0.5665364265441895,0.7645262479782104,2.7889862060546875,2.807601928710937,Fixation,1448.0104319254558,1093.5006065368652,116.0,18.0,True,28,word,from,6.0
4884.0,1447.9620361328125,1078.3050155639648,0.573768138885498,0.777172327041626,0.5656101703643799,0.7488229274749756,2.78704833984375,2.794219970703125,Fixation,1448.0104319254558,1093.5006065368652,116.0,18.0,True,28,word,from,6.0
4888.0,1453.1654357910156,1090.7890892028809,0.5648723244667053,0.7709263563156128,0.5676427483558655,0.7574924230575562,2.7760772705078125,2.814117431640625,Fixation,1448.0104319254558,1093.5006065368652,116.0,18.0,True,28,word,from,6.0
4892.0,1435.6910705566406,1079.5523071289062,0.5643526911735535,0.7707756161689758,0.5608168244361877,0.7496891021728516,2.7748260498046875,2.8100128173828125,Fixation,1448.0104319254558,1093.5006065368652,116.0,18.0,True,28,word,from,6.0
4896.0,1449.7027587890625,1094.488821029663,0.5659988522529602,0.7694316506385803,0.5662901401519775,0.7600616812705994,2.776473999023437,2.8235321044921875,Fixation,1448.0104319254558,1093.5006065368652,116.0,18.0,True,28,word,from,6.0
4900.0,1450.5789184570312,1082.4999904632568,0.5680637359619141,0.7776453495025635,0.5666323900222778,0.7517361044883728,2.793426513671875,2.802886962890625,Fixation,1448.0104319254558,1093.5006065368652,116.0,18.0,True,28,word,from,6.0
4904.0,1449.1123962402344,1075.5184364318848,0.5666698217391968,0.778209924697876,0.5660595297813416,0.7468878030776978,2.8018341064453125,2.8091278076171875,Fixation,1448.0104319254558,1093.5006065368652,116.0,18.0,True,28,word,from,6.0
4908.0,1443.3238220214844,1082.2333145141602,0.5611441731452942,0.7738430500030518,0.5637983679771423,0.7515509128570557,2.78759765625,2.819366455078125,Fixation,1448.0104319254558,1093.5006065368652,116.0,18.0,True,28,word,from,6.0
4912.0,1448.1755065917969,1092.101526260376,0.5674277544021606,0.7758548855781555,0.5656935572624207,0.7584038376808167,2.7915802001953125,2.825958251953125,Fixation,1448.0104319254558,1093.5006065368652,116.0,18.0,True,28,word,from,6.0
4916.0,1445.5372619628906,1087.3605823516846,0.5680319666862488,0.7738745808601379,0.5646629929542542,0.7551115155220032,2.787582397460937,2.818023681640625,Fixation,1448.0104319254558,1093.5006065368652,116.0,18.0,True,28,word,from,6.0
4920.0,1459.1163635253906,1095.115728378296,0.5690032243728638,0.7783932089805603,0.5699673295021057,0.7604970335960388,2.811309814453125,2.798919677734375,Fixation,1448.0104319254558,1093.5006065368652,116.0,18.0,True,28,word,from,6.0
4924.0,1466.0911560058594,1086.0026550292969,0.5628688335418701,0.76872318983078,0.5726918578147888,0.7541685104370117,2.7857208251953125,2.7883453369140625,Fixation,1448.0104319254558,1093.5006065368652,116.0,18.0,True,28,word,from,6.0
4928.0,1439.4815063476562,1083.7729454040527,0.5678951740264893,0.7727007269859314,0.5622974634170532,0.7526201009750366,2.780517578125,2.8167724609375,Fixation,1448.0104319254558,1093.5006065368652,116.0,18.0,True,28,word,from,6.0
4932.0,1443.3779907226562,1099.7477531433105,0.5653378963470459,0.7794556617736816,0.5638195276260376,0.7637137174606323,2.807281494140625,2.82891845703125,Fixation,1448.0104319254558,1093.5006065368652,116.0,18.0,True,28,word,from,6.0
4936.0,1451.453857421875,1098.3782386779785,0.5668937563896179,0.7794682383537292,0.5669741630554199,0.7627626657485962,2.812347412109375,2.83721923828125,Fixation,1448.0104319254558,1093.5006065368652,116.0,18.0,True,28,word,from,6.0
4940.0,1438.5623168945312,1094.1750240325928,0.5628876686096191,0.7669244408607483,0.5619384050369263,0.7598437666893005,2.8029022216796875,2.8127899169921875,Fixation,1448.0104319254558,1093.5006065368652,116.0,18.0,True,28,word,from,6.0
4944.0,1450.9402465820312,1083.8913917541504,0.5647470951080322,0.7700046896934509,0.566773533821106,0.7527023553848267,2.7971649169921875,2.8042144775390625,Fixation,1448.0104319254558,1093.5006065368652,116.0,18.0,True,28,word,from,6.0
4948.0,1447.1665954589844,1093.1591320037842,0.5669880509376526,0.7681512236595154,0.5652994513511658,0.759138286113739,2.8150177001953125,2.8175506591796875,Fixation,1448.0104319254558,1093.5006065368652,116.0,18.0,True,28,word,from,6.0
4952.0,1436.1029052734375,1091.0831451416016,0.565600574016571,0.7684887051582336,0.5609776973724365,0.7576966285705566,2.806015014648437,2.830108642578125,Fixation,1448.0104319254558,1093.5006065368652,116.0,18.0,True,28,word,from,6.0
4956.0,1460.1828002929688,1098.6843967437744,0.5613505840301514,0.7683463096618652,0.5703839063644409,0.76297527551651,2.814422607421875,2.8286895751953125,Fixation,1448.0104319254558,1093.5006065368652,116.0,18.0,True,28,word,from,6.0
4960.0,1443.6102294921875,1102.7111434936523,0.5648236870765686,0.7685098648071289,0.5639102458953857,0.7657716274261475,2.8142547607421875,2.8343658447265625,Fixation,1448.0104319254558,1093.5006065368652,116.0,18.0,True,28,word,from,6.0
4964.0,1450.1420593261719,1098.3773803710938,0.5647382140159607,0.7710895538330078,0.5664617419242859,0.7627620697021484,2.80657958984375,2.8275604248046875,Fixation,1448.0104319254558,1093.5006065368652,116.0,18.0,True,28,word,from,6.0
4968.0,1438.0661010742188,1097.3262977600098,0.5669432282447815,0.7564347386360168,0.5617445707321167,0.762032151222229,2.791900634765625,2.83636474609375,Fixation,1448.0104319254558,1093.5006065368652,116.0,18.0,True,28,word,from,6.0
4972.0,1437.4266052246094,1094.9582290649414,0.5643167495727539,0.7629555463790894,0.561494767665863,0.760387659072876,2.7908477783203125,2.840927124023437,Fixation,1448.0104319254558,1093.5006065368652,116.0,18.0,True,28,word,from,6.0
4976.0,1429.2750549316406,1099.5424461364746,0.5697214603424072,0.7639069557189941,0.5583105683326721,0.7635711431503296,2.798095703125,2.840927124023437,Fixation,1448.0104319254558,1093.5006065368652,116.0,18.0,True,28,word,from,6.0
4980.0,1446.0214233398438,1102.987174987793,0.5651028752326965,0.7613505125045776,0.5648521184921265,0.7659633159637451,2.8095703125,2.827789306640625,Fixation,1448.0104319254558,1093.5006065368652,116.0,18.0,True,28,word,from,6.0
4984.0,1433.7922668457031,1098.2536125183105,0.5672398209571838,0.7762994170188904,0.5600751042366028,0.7626761198043823,2.8379364013671875,2.8451385498046875,Fixation,1448.0104319254558,1093.5006065368652,116.0,18.0,True,28,word,from,6.0
4988.0,1441.9439697265625,1109.7129535675049,0.5701565146446228,0.7676235437393188,0.5632593631744385,0.7706339955329895,2.830429077148437,2.869964599609375,Fixation,1448.0104319254558,1093.5006065368652,116.0,18.0,True,28,word,from,6.0
4992.0,1505.9710693359375,1120.622034072876,0.5782591700553894,0.7694602012634277,0.5882699489593506,0.7782097458839417,2.83807373046875,2.8661041259765625,Fixation,1448.0104319254558,1093.5006065368652,116.0,18.0,True,28,word,from,6.0
4996.0,1552.0953369140625,1121.0239791870117,0.5955381393432617,0.7502758502960205,0.6062872409820557,0.7784888744354248,2.78955078125,2.8980255126953125,Saccade,,,,0.0,False,29,,,
5000.0,1607.0213317871094,1122.178659439087,0.6196184754371643,0.762528121471405,0.6277427077293396,0.7792907357215881,2.8153839111328125,2.852035522460937,Saccade,,,,0.0,False,29,,,
5004.0,1622.6345825195312,1121.6512298583984,0.6274124383926392,0.7665928602218628,0.6338416337966919,0.7789244651794434,2.841659545898437,2.871429443359375,Saccade,,,,0.0,False,29,,,
5008.0,1640.8659362792969,1121.3147735595703,0.6320787072181702,0.7607664465904236,0.6409632563591003,0.7786908149719238,2.8294677734375,2.880706787109375,Saccade,,,,0.0,False,29,,,
5012.0,1654.4717407226562,1120.6428050994873,0.6397354006767273,0.7631515264511108,0.6462780237197876,0.7782241702079773,2.832748413085937,2.8712615966796875,Saccade,,,,0.0,False,29,,,
5016.0,1659.0101623535156,1132.9076671600342,0.6452223658561707,0.7644151449203491,0.648050844669342,0.7867414355278015,2.8346099853515625,2.892974853515625,Saccade,,,,0.0,False,29,,,
5020.0,1664.6064758300781,1122.888650894165,0.6506337523460388,0.765549898147583,0.6502369046211243,0.7797837853431702,2.8623199462890625,2.88580322265625,Saccade,,,,0.0,False,29,,,
5024.0,1657.880859375,1119.118881225586,0.6446056962013245,0.7537783980369568,0.6476097106933594,0.7771658897399902,2.850372314453125,2.863998413085937,Fixation,1663.157222096513,1131.364028395676,324.0,19.0,True,30,word,grass,8.0
5028.0,1651.5736389160156,1123.286476135254,0.6427127718925476,0.7636302709579468,0.6451459527015686,0.7800600528717041,2.866607666015625,2.8878936767578125,Fixation,1663.157222096513,1131.364028395676,324.0,19.0,True,30,word,grass,8.0
5032.0,1655.1510620117188,1117.7340030670166,0.6435537338256836,0.763739287853241,0.6465433835983276,0.7762041687965393,2.845611572265625,2.887298583984375,Fixation,1663.157222096513,1131.364028395676,324.0,19.0,True,30,word,grass,8.0
5036.0,1654.9378967285156,1117.9334735870361,0.6437790393829346,0.7608588933944702,0.6464601159095764,0.7763426899909973,2.8463592529296875,2.871566772460937,Fixation,1663.157222096513,1131.364028395676,324.0,19.0,True,30,word,grass,8.0
5040.0,1656.7762756347656,1128.6454010009766,0.645908534526825,0.7597876787185669,0.6471782326698303,0.7837815284729004,2.8514556884765625,2.894287109375,Fixation,1663.157222096513,1131.364028395676,324.0,19.0,True,30,word,grass,8.0
5044.0,1661.3966369628906,1128.1515312194824,0.6422399282455444,0.7773032784461975,0.6489830613136292,0.7834385633468628,2.86419677734375,2.902313232421875,Fixation,1663.157222096513,1131.364028395676,324.0,19.0,True,30,word,grass,8.0
5048.0,1652.8849792480469,1129.757423400879,0.6469757556915283,0.7654653191566467,0.6456581950187683,0.7845537662506104,2.8455810546875,2.896957397460937,Fixation,1663.157222096513,1131.364028395676,324.0,19.0,True,30,word,grass,8.0
5052.0,1654.3510437011719,1124.1000652313232,0.6470906734466553,0.7595514059066772,0.6462308764457703,0.78062504529953,2.8427734375,2.8981475830078125,Fixation,1663.157222096513,1131.364028395676,324.0,19.0,True,30,word,grass,8.0
5056.0,1659.7294616699219,1129.3229484558105,0.6459994316101074,0.7667847871780396,0.6483318209648132,0.7842520475387573,2.8643951416015625,2.9002838134765625,Fixation,1663.157222096513,1131.364028395676,324.0,19.0,True,30,word,grass,8.0
5060.0,1653.8545227050781,1120.6291580200195,0.6475957632064819,0.7619109749794006,0.6460369229316711,0.778214693069458,2.86614990234375,2.898834228515625,Fixation,1663.157222096513,1131.364028395676,324.0,19.0,True,30,word,grass,8.0
5064.0,1656.5202331542969,1128.9284706115723,0.6449976563453674,0.7655628323554993,0.6470782160758972,0.7839781045913696,2.8570709228515625,2.893829345703125,Fixation,1663.157222096513,1131.364028395676,324.0,19.0,True,30,word,grass,8.0
5068.0,1661.2272644042969,1123.365182876587,0.6441903710365295,0.7702973484992981,0.6489169001579285,0.7801147103309631,2.8618316650390625,2.9032135009765625,Fixation,1663.157222096513,1131.364028395676,324.0,19.0,True,30,word,grass,8.0
5072.0,1656.722412109375,1134.490041732788,0.6443166136741638,0.7670724391937256,0.6471571922302246,0.7878403067588806,2.878875732421875,2.9230194091796875,Fixation,1663.157222096513,1131.364028395676,324.0,19.0,True,30,word,grass,8.0
5076.0,1658.701171875,1132.2504615783691,0.6433144807815552,0.7651078701019287,0.6479301452636719,0.7862850427627563,2.862396240234375,2.9063720703125,Fixation,1663.157222096513,1131.364028395676,324.0,19.0,True,30,word,grass,8.0
5080.0,1647.25341796875,1126.5975666046143,0.6477397680282593,0.7585945129394531,0.643458366394043,0.7823594212532043,2.845199584960937,2.906707763671875,Fixation,1663.157222096513,1131.364028395676,324.0,19.0,True,30,word,grass,8.0
5084.0,1668.7979125976562,1121.244821548462,0.6454668641090393,0.768019437789917,0.6518741846084595,0.7786422371864319,2.872222900390625,2.8846435546875,Fixation,1663.157222096513,1131.364028395676,324.0,19.0,True,30,word,grass,8.0
5088.0,1655.3753662109375,1127.7058124542236,0.6459081768989563,0.7635037899017334,0.6466310024261475,0.7831290364265442,2.8654937744140625,2.914779663085937,Fixation,1663.157222096513,1131.364028395676,324.0,19.0,True,30,word,grass,8.0
5092.0,1651.8130493164062,1139.9462127685547,0.6405914425849915,0.7658531665802002,0.6452394723892212,0.7916293144226074,2.8694305419921875,2.91668701171875,Fixation,1663.157222096513,1131.364028395676,324.0,19.0,True,30,word,grass,8.0
5096.0,1659.2289733886719,1133.9870738983154,0.6440011262893677,0.7640199065208435,0.64813631772995,0.7874910235404968,2.873046875,2.9141387939453125,Fixation,1663.157222096513,1131.364028395676,324.0,19.0,True,30,word,grass,8.0
5100.0,1652.999267578125,1132.6030540466309,0.6453608274459839,0.7651926875114441,0.6457028388977051,0.7865298986434937,2.872787475585937,2.90484619140625,Fixation,1663.157222096513,1131.364028395676,324.0,19.0,True,30,word,grass,8.0
5104.0,1659.6688842773438,1127.332878112793,0.6471793055534363,0.7652528285980225,0.6483081579208374,0.7828700542449951,2.869384765625,2.905303955078125,Fixation,1663.157222096513,1131.364028395676,324.0,19.0,True,30,word,grass,8.0
5108.0,1661.619873046875,1137.9727935791016,0.6438786387443542,0.7665045261383057,0.6490702629089355,0.7902588844299316,2.860626220703125,2.931869506835937,Fixation,1663.157222096513,1131.364028395676,324.0,19.0,True,30,word,grass,8.0
5112.0,1667.1818542480469,1126.100778579712,0.6423251032829285,0.7697024941444397,0.6512429118156433,0.7820144295692444,2.8800506591796875,2.9133758544921875,Fixation,1663.157222096513,1131.364028395676,324.0,19.0,True,30,word,grass,8.0
5116.0,1665.2348327636719,1129.555721282959,0.6429638266563416,0.7653512954711914,0.6504823565483093,0.7844136953353882,2.86578369140625,2.904403686523437,Fixation,1663.157222096513,1131.364028395676,324.0,19.0,True,30,word,grass,8.0
5120.0,1662.5297546386719,1119.3844413757324,0.6459119319915771,0.7665553092956543,0.6494256854057312,0.7773503065109253,2.8636932373046875,2.9088592529296875,Fixation,1663.157222096513,1131.364028395676,324.0,19.0,True,30,word,grass,8.0
5124.0,1654.8757934570312,1129.7393989562988,0.6481740474700928,0.7672426104545593,0.6464358568191528,0.7845412492752075,2.858383178710937,2.91754150390625,Fixation,1663.157222096513,1131.364028395676,324.0,19.0,True,30,word,grass,8.0
5128.0,1658.91357421875,1135.6376838684082,0.6444535255432129,0.7653358578681946,0.6480131149291992,0.7886372804641724,2.871734619140625,2.9155426025390625,Fixation,1663.157222096513,1131.364028395676,324.0,19.0,True,30,word,grass,8.0
5132.0,1665.2668762207031,1131.7868041992188,0.6436083316802979,0.7675375938415527,0.6504948735237122,0.7859630584716797,2.864105224609375,2.9224853515625,Fixation,1663.157222096513,1131.364028395676,324.0,19.0,True,30,word,grass,8.0
5136.0,1669.9067687988281,1134.6982669830322,0.6455942392349243,0.7683217525482178,0.6523073315620422,0.7879849076271057,2.86669921875,2.884490966796875,Fixation,1663.157222096513,1131.364028395676,324.0,19.0,True,30,word,grass,8.0
5140.0,1672.2731018066406,1125.2957725524902,0.6465522646903992,0.7751910090446472,0.653231680393219,0.781455397605896,2.89239501953125,2.902938842773437,Fixation,1663.157222096513,1131.364028395676,324.0,19.0,True,30,word,grass,8.0
5144.0,1674.7529602050781,1143.072338104248,0.6394014954566956,0.7726637721061707,0.6542003750801086,0.7938002347946167,2.8844451904296875,2.9223785400390625,Fixation,1663.157222096513,1131.364028395676,324.0,19.0,True,30,word,grass,8.0
5148.0,1677.2801208496094,1132.4572277069092,0.6447211503982544,0.7756469249725342,0.6551875472068787,0.7864286303520203,2.90478515625,2.9022674560546875,Fixation,1663.157222096513,1131.364028395676,324.0,19.0,True,30,word,grass,8.0
5152.0,1666.4602661132812,1135.2383136749268,0.6466310024261475,0.7795516848564148,0.6509610414505005,0.7883599400520325,2.88922119140625,2.9198455810546875,Fixation,1663.157222096513,1131.364028395676,324.0,19.0,True,30,word,grass,8.0
5156.0,1678.6276245117188,1136.1314678192139,0.6481801867485046,0.772302508354187,0.6557139158248901,0.7889801859855652,2.876922607421875,2.9182281494140625,Fixation,1663.157222096513,1131.364028395676,324.0,19.0,True,30,word,grass,8.0
5160.0,1673.5453796386719,1145.1146793365479,0.650511622428894,0.772683322429657,0.6537286639213562,0.7952185273170471,2.865478515625,2.9353790283203125,Fixation,1663.157222096513,1131.364028395676,324.0,19.0,True,30,word,grass,8.0
5164.0,1669.5133972167969,1130.4429531097412,0.6488191485404968,0.7769870162010193,0.6521536707878113,0.7850298285484314,2.88116455078125,2.910552978515625,Fixation,1663.157222096513,1131.364028395676,324.0,19.0,True,30,word,grass,8.0
5168.0,1672.8256225585938,1122.4614715576172,0.6525489091873169,0.7672616839408875,0.6534475088119507,0.779487133026123,2.8427734375,2.904510498046875,Fixation,1663.157222096513,1131.364028395676,324.0,19.0,True,30,word,grass,8.0
5172.0,1667.1444702148438,1137.8375244140625,0.651322066783905,0.777080774307251,0.6512283086776733,0.7901649475097656,2.877777099609375,2.9384307861328125,Fixation,1663.157222096513,1131.364028395676,324.0,19.0,True,30,word,grass,8.0
5176.0,1669.2955017089844,1140.1268005371094,0.6482231020927429,0.7780766487121582,0.652068555355072,0.7917547225952148,2.8791961669921875,2.928436279296875,Fixation,1663.157222096513,1131.364028395676,324.0,19.0,True,30,word,grass,8.0
5180.0,1660.941162109375,1141.3131523132324,0.6523744463920593,0.7736470699310303,0.6488051414489746,0.7925785779953003,2.8679962158203125,2.9312744140625,Fixation,1663.157222096513,1131.364028395676,324.0,19.0,True,30,word,grass,8.0
5184.0,1672.0329284667969,1133.0746936798096,0.6520678400993347,0.7792810201644897,0.6531378626823425,0.7868574261665344,2.8814849853515625,2.8975067138671875,Fixation,1663.157222096513,1131.364028395676,324.0,19.0,True,30,word,grass,8.0
5188.0,1668.2196044921875,1143.8052463531494,0.6497669816017151,0.7750428318977356,0.6516482830047607,0.7943091988563538,2.8740692138671875,2.9359588623046875,Fixation,1663.157222096513,1131.364028395676,324.0,19.0,True,30,word,grass,8.0
5192.0,1678.4466552734375,1136.7324542999268,0.653716504573822,0.7810266613960266,0.6556432247161865,0.7893975377082825,2.8962860107421875,2.909652709960937,Fixation,1663.157222096513,1131.364028395676,324.0,19.0,True,30,word,grass,8.0
5196.0,1667.0396423339844,1141.8886470794678,0.6532952785491943,0.7776619791984558,0.6511873602867126,0.7929782271385193,2.875228881835937,2.9385528564453125,Fixation,1663.157222096513,1131.364028395676,324.0,19.0,True,30,word,grass,8.0
5200.0,1672.2087097167969,1137.4682807922363,0.6518500447273254,0.7726659774780273,0.6532065272331238,0.7899085283279419,2.8805084228515625,2.898178100585937,Fixation,1663.157222096513,1131.364028395676,324.0,19.0,True,30,word,grass,8.0
5204.0,1653.3808898925781,1136.3337707519531,0.6537179350852966,0.7812047600746155,0.6458519101142883,0.7891206741333008,2.895370483398437,2.955307006835937,Fixation,1663.157222096513,1131.364028395676,324.0,19.0,True,30,word,grass,8.0
5208.0,1664.7286987304688,1150.5369472503662,0.6520209312438965,0.7826147675514221,0.6502846479415894,0.7989839911460876,2.8668670654296875,2.9432373046875,Fixation,1663.157222096513,1131.364028395676,324.0,19.0,True,30,word,grass,8.0
5212.0,1667.7384948730469,1143.8191509246826,0.6512298583984375,0.7814233303070068,0.6514603495597839,0.7943188548088074,2.883163452148437,2.9366455078125,Fixation,1663.157222096513,1131.364028395676,324.0,19.0,True,30,word,grass,8.0
5216.0,1663.2305908203125,1141.9610023498535,0.6537127494812012,0.7792181968688965,0.6496994495391846,0.7930284738540649,2.883148193359375,2.9351348876953125,Fixation,1663.157222096513,1131.364028395676,324.0,19.0,True,30,word,grass,8.0
5220.0,1674.3559265136719,1136.9211959838867,0.6509183049201965,0.7774412035942078,0.6540452837944031,0.7895286083221436,2.856201171875,2.9208221435546875,Fixation,1663.157222096513,1131.364028395676,324.0,19.0,True,30,word,grass,8.0
5224.0,1667.2312927246094,1130.358066558838,0.6509801149368286,0.7769207954406738,0.6512622237205505,0.7849708795547485,2.856475830078125,2.914306640625,Fixation,1663.157222096513,1131.364028395676,324.0,19.0,True,30,word,grass,8.0
5228.0,1667.7056884765625,1136.4909267425537,0.6483744382858276,0.780436635017395,0.6514475345611572,0.7892298102378845,2.870086669921875,2.933074951171875,Fixation,1663.157222096513,1131.364028395676,324.0,19.0,True,30,word,grass,8.0
5232.0,1663.0392456054688,1127.5359535217285,0.6481424570083618,0.7790240049362183,0.6496247053146362,0.7830110788345337,2.882049560546875,2.912811279296875,Fixation,1663.157222096513,1131.364028395676,324.0,19.0,True,30,word,grass,8.0
5236.0,1669.9565124511719,1130.4369449615479,0.6486268639564514,0.7792373299598694,0.652326762676239,0.7850256562232971,2.876434326171875,2.921981811523437,Fixation,1663.157222096513,1131.364028395676,324.0,19.0,True,30,word,grass,8.0
5240.0,1665.8058166503906,1127.129888534546,0.6477117538452148,0.7823397517204285,0.6507053971290588,0.7827290892601013,2.878997802734375,2.9256744384765625,Fixation,1663.157222096513,1131.364028395676,324.0,19.0,True,30,word,grass,8.0
5244.0,1665.9315490722656,1132.2838497161865,0.6475080847740173,0.7792537808418274,0.6507545113563538,0.786308228969574,2.867828369140625,2.9238433837890625,Fixation,1663.157222096513,1131.364028395676,324.0,19.0,True,30,word,grass,8.0
5248.0,1665.4765319824219,1128.3264541625977,0.6488268971443176,0.7826999425888062,0.6505767703056335,0.783560037612915,2.8844146728515625,2.932846069335937,Fixation,1663.157222096513,1131.364028395676,324.0,19.0,True,30,word,grass,8.0
5252.0,1669.8602294921875,1121.244649887085,0.6489408612251282,0.7799086570739746,0.6522891521453857,0.7786421179771423,2.873291015625,2.9176788330078125,Fixation,1663.157222096513,1131.364028395676,324.0,19.0,True,30,word,grass,8.0
5256.0,1668.3847045898438,1133.404369354248,0.6445497274398804,0.7829746007919312,0.6517127752304077,0.7870863676071167,2.874664306640625,2.930938720703125,Fixation,1663.157222096513,1131.364028395676,324.0,19.0,True,30,word,grass,8.0
5260.0,1662.9020690917969,1122.6173400878906,0.6434881091117859,0.7760274410247803,0.6495711207389832,0.7795953750610352,2.87646484375,2.9161834716796875,Fixation,1663.157222096513,1131.364028395676,324.0,19.0,True,30,word,grass,8.0
5264.0,1664.0216064453125,1123.67769241333,0.6433895230293274,0.779172420501709,0.6500084400177002,0.7803317308425903,2.863128662109375,2.9320068359375,Fixation,1663.157222096513,1131.364028395676,324.0,19.0,True,30,word,grass,8.0
5268.0,1665.6024169921875,1125.8779621124268,0.6452516913414001,0.7836381793022156,0.6506259441375732,0.7818596959114075,2.88250732421875,2.939849853515625,Fixation,1663.157222096513,1131.364028395676,324.0,19.0,True,30,word,grass,8.0
5272.0,1664.3659973144531,1123.7222385406494,0.6508653163909912,0.7801638841629028,0.6501429677009583,0.7803626656532288,2.88616943359375,2.929962158203125,Fixation,1663.157222096513,1131.364028395676,324.0,19.0,True,30,word,grass,8.0
5276.0,1657.7201843261719,1124.031229019165,0.6428454518318176,0.7819676995277405,0.6475469470024109,0.7805772423744202,2.881988525390625,2.928985595703125,Fixation,1663.157222096513,1131.364028395676,324.0,19.0,True,30,word,grass,8.0
5280.0,1671.2220764160156,1121.336317062378,0.6454861760139465,0.7799786925315857,0.6528211236000061,0.7787057757377625,2.8626861572265625,2.926010131835937,Fixation,1663.157222096513,1131.364028395676,324.0,19.0,True,30,word,grass,8.0
5284.0,1660.7797241210938,1129.945821762085,0.6435506343841553,0.7805386781692505,0.6487420797348022,0.7846845984458923,2.8575897216796875,2.9389801025390625,Fixation,1663.157222096513,1131.364028395676,324.0,19.0,True,30,word,grass,8.0
5288.0,1664.5222473144531,1127.429437637329,0.6456603407859802,0.7820529937744141,0.6502040028572083,0.7829371094703674,2.8736572265625,2.944854736328125,Fixation,1663.157222096513,1131.364028395676,324.0,19.0,True,30,word,grass,8.0
5292.0,1666.2278747558594,1128.1320476531982,0.6456676125526428,0.7757920622825623,0.6508702635765076,0.7834250330924988,2.871444702148437,2.93170166015625,Fixation,1663.157222096513,1131.364028395676,324.0,19.0,True,30,word,grass,8.0
5296.0,1664.0313720703125,1133.016586303711,0.6447715759277344,0.7784464955329895,0.6500122547149658,0.7868170738220215,2.87286376953125,2.92962646484375,Fixation,1663.157222096513,1131.364028395676,324.0,19.0,True,30,word,grass,8.0
5300.0,1665.4209899902344,1123.8455772399902,0.6399837732315063,0.7816013693809509,0.6505550742149353,0.780448317527771,2.878021240234375,2.92706298828125,Fixation,1663.157222096513,1131.364028395676,324.0,19.0,True,30,word,grass,8.0
5304.0,1665.6031799316406,1137.0720863342285,0.6415994167327881,0.7787798643112183,0.6506262421607971,0.7896333932876587,2.862030029296875,2.9272918701171875,Fixation,1663.157222096513,1131.364028395676,324.0,19.0,True,30,word,grass,8.0
5308.0,1662.4006652832031,1134.2455101013184,0.6433067917823792,0.779744029045105,0.6493752598762512,0.7876704931259155,2.8785552978515625,2.9317626953125,Fixation,1663.157222096513,1131.364028395676,324.0,19.0,True,30,word,grass,8.0
5312.0,1667.996826171875,1126.2976741790771,0.6455669403076172,0.7760666608810425,0.6515612602233887,0.7821511626243591,2.8554840087890625,2.916900634765625,Fixation,1663.157222096513,1131.364028395676,324.0,19.0,True,30,word,grass,8.0
5316.0,1671.4692687988281,1134.490385055542,0.6452089548110962,0.7828689217567444,0.6529176831245422,0.7878405451774597,2.8808746337890625,2.9454498291015625,Fixation,1663.157222096513,1131.364028395676,324.0,19.0,True,30,word,grass,8.0
5320.0,1664.1065979003906,1134.1754722595215,0.644957959651947,0.7814489603042603,0.6500416398048401,0.7876218557357788,2.8798828125,2.928955078125,Fixation,1663.157222096513,1131.364028395676,324.0,19.0,True,30,word,grass,8.0
5324.0,1671.0980224609375,1139.0802669525146,0.6440348029136658,0.7712202072143555,0.6527726650238037,0.7910279631614685,2.85595703125,2.94024658203125,Fixation,1663.157222096513,1131.364028395676,324.0,19.0,True,30,word,grass,8.0
5328.0,1665.4731750488281,1143.7298011779785,0.6455559134483337,0.7755197882652283,0.6505754590034485,0.7942568063735962,2.880523681640625,2.9422760009765625,Fixation,1663.157222096513,1131.364028395676,324.0,19.0,True,30,word,grass,8.0
5332.0,1671.30859375,1135.709867477417,0.6471063494682312,0.7758408188819885,0.6528549194335938,0.7886874079704285,2.861297607421875,2.93267822265625,Fixation,1663.157222096513,1131.364028395676,324.0,19.0,True,30,word,grass,8.0
5336.0,1672.5782775878906,1138.7591743469238,0.6441647410392761,0.779809832572937,0.6533508896827698,0.7908049821853638,2.8929595947265625,2.9342193603515625,Fixation,1663.157222096513,1131.364028395676,324.0,19.0,True,30,word,grass,8.0
5340.0,1667.3886108398438,1135.4633617401123,0.6486905813217163,0.7800276875495911,0.651323676109314,0.7885162234306335,2.8741455078125,2.940170288085937,Fixation,1663.157222096513,1131.364028395676,324.0,19.0,True,30,word,grass,8.0
5344.0,1639.7917175292969,1124.7577857971191,0.6392172574996948,0.7782434225082397,0.6405436396598816,0.7810817956924438,2.8849639892578125,2.910797119140625,Fixation,1663.157222096513,1131.364028395676,324.0,19.0,True,30,word,grass,8.0
5348.0,1593.0537414550781,1133.1856727600098,0.6176913976669312,0.7767796516418457,0.6222866177558899,0.786934494972229,2.88531494140625,2.948959350585937,Fixation,1663.157222096513,1131.364028395676,324.0,19.0,True,30,word,grass,8.0
5352.0,1550.8648681640625,1132.8105926513672,0.5971625447273254,0.772391676902771,0.6058065891265869,0.7866740226745605,2.8524932861328125,2.9251251220703125,Fixation,1502.956973805147,1113.4447078143849,132.0,20.0,True,31,word,from,6.0
5356.0,1536.9830322265625,1127.3952770233154,0.5868662595748901,0.7786245942115784,0.600383996963501,0.7829133868217468,2.885467529296875,2.9071502685546875,Fixation,1502.956973805147,1113.4447078143849,132.0,20.0,True,31,word,from,6.0
5360.0,1497.2605895996094,1121.7894172668457,0.5920817255973816,0.7747957706451416,0.5848674178123474,0.7790204286575317,2.876327514648437,2.904632568359375,Fixation,1502.956973805147,1113.4447078143849,132.0,20.0,True,31,word,from,6.0
5364.0,1498.7823486328125,1126.1232662200928,0.5901905298233032,0.7658930420875549,0.5854618549346924,0.7820300459861755,2.85491943359375,2.929290771484375,Fixation,1502.956973805147,1113.4447078143849,132.0,20.0,True,31,word,from,6.0
5368.0,1499.4313049316406,1120.2929592132568,0.5807107090950012,0.7731782793998718,0.5857153534889221,0.7779812216758728,2.8835906982421875,2.9481353759765625,Fixation,1502.956973805147,1113.4447078143849,132.0,20.0,True,31,word,from,6.0
5372.0,1497.9158020019531,1113.517656326294,0.5779280066490173,0.7744551301002502,0.5851233601570129,0.773276150226593,2.858627319335937,2.9213104248046875,Fixation,1502.956973805147,1113.4447078143849,132.0,20.0,True,31,word,from,6.0
5376.0,1495.9307861328125,1111.4693069458008,0.5843271613121033,0.7782257795333862,0.5843479633331299,0.7718536853790283,2.8907623291015625,2.9276275634765625,Fixation,1502.956973805147,1113.4447078143849,132.0,20.0,True,31,word,from,6.0
5380.0,1510.2882385253906,1119.3865871429443,0.5822837352752686,0.7712862491607666,0.5899563431739807,0.7773517966270447,2.837875366210937,2.94677734375,Fixation,1502.956973805147,1113.4447078143849,132.0,20.0,True,31,word,from,6.0
5384.0,1505.9492492675781,1120.2712440490723,0.5823631286621094,0.7735061049461365,0.5882614254951477,0.7779661417007446,2.8786163330078125,2.915069580078125,Fixation,1502.956973805147,1113.4447078143849,132.0,20.0,True,31,word,from,6.0
5388.0,1495.8206176757812,1115.8856391906738,0.5818246006965637,0.7694194316864014,0.584304928779602,0.7749205827713013,2.859588623046875,2.9140777587890625,Fixation,1502.956973805147,1113.4447078143849,132.0,20.0,True,31,word,from,6.0
5392.0,1511.943359375,1107.0726299285889,0.5805819630622864,0.7752974033355713,0.5906028747558594,0.7688004374504089,2.8810272216796875,2.923492431640625,Fixation,1502.956973805147,1113.4447078143849,132.0,20.0,True,31,word,from,6.0
5396.0,1499.0574645996094,1106.6118049621582,0.5763511657714844,0.774512529373169,0.5855693221092224,0.7684804201126099,2.87310791015625,2.9356842041015625,Fixation,1502.956973805147,1113.4447078143849,132.0,20.0,True,31,word,from,6.0
5400.0,1499.0945434570312,1110.9326934814453,0.5776992440223694,0.7723506689071655,0.5855838060379028,0.7714810371398926,2.86920166015625,2.930892944335937,Fixation,1502.956973805147,1113.4447078143849,132.0,20.0,True,31,word,from,6.0
5404.0,1498.4320068359375,1106.4825439453125,0.5766572952270508,0.767982006072998,0.5853250026702881,0.7683906555175781,2.871688842773437,2.9071044921875,Fixation,1502.956973805147,1113.4447078143849,132.0,20.0,True,31,word,from,6.0
5408.0,1503.2563781738281,1102.8089046478271,0.5773432850837708,0.763240396976471,0.5872095227241516,0.7658395171165466,2.86590576171875,2.917266845703125,Fixation,1502.956973805147,1113.4447078143849,132.0,20.0,True,31,word,from,6.0
5412.0,1517.3260498046875,1111.8816375732422,0.5800876617431641,0.7676924467086792,0.592705488204956,0.7721400260925293,2.859848022460937,2.9299468994140625,Fixation,1502.956973805147,1113.4447078143849,132.0,20.0,True,31,word,from,6.0
5416.0,1500.7795715332031,1104.8255825042725,0.5753927826881409,0.7691832780838013,0.5862420201301575,0.7672399878501892,2.8800201416015625,2.9384765625,Fixation,1502.956973805147,1113.4447078143849,132.0,20.0,True,31,word,from,6.0
5420.0,1497.1501159667969,1115.7500267028809,0.5812090039253235,0.7678394913673401,0.58482426404953,0.7748264074325562,2.87286376953125,2.939559936523437,Fixation,1502.956973805147,1113.4447078143849,132.0,20.0,True,31,word,from,6.0
5424.0,1503.8909912109375,1111.217737197876,0.5761111974716187,0.7701659202575684,0.5874574184417725,0.7716789841651917,2.893417358398437,2.9378662109375,Fixation,1502.956973805147,1113.4447078143849,132.0,20.0,True,31,word,from,6.0
5428.0,1500.2609252929688,1112.4255466461182,0.582066535949707,0.7674285173416138,0.5860394239425659,0.772517740726471,2.86761474609375,2.9496002197265625,Fixation,1502.956973805147,1113.4447078143849,132.0,20.0,True,31,word,from,6.0
5432.0,1502.8375244140625,1106.8056964874268,0.5783063173294067,0.7723784446716309,0.5870459079742432,0.7686150670051575,2.8877410888671875,2.917327880859375,Fixation,1502.956973805147,1113.4447078143849,132.0,20.0,True,31,word,from,6.0
5436.0,1497.9345703125,1112.12007522583,0.5729220509529114,0.7717319130897522,0.5851306915283203,0.7723056077957153,2.8640899658203125,2.9257049560546875,Fixation,1502.956973805147,1113.4447078143849,132.0,20.0,True,31,word,from,6.0
5440.0,1508.594970703125,1108.5356998443604,0.5771231651306152,0.7720259428024292,0.5892949104309082,0.7698164582252502,2.8881072998046875,2.941192626953125,Fixation,1502.956973805147,1113.4447078143849,132.0,20.0,True,31,word,from,6.0
5444.0,1500.0630187988281,1122.5981998443604,0.5817153453826904,0.7730622887611389,0.5859621167182922,0.7795820832252502,2.8781890869140625,2.9379425048828125,Fixation,1502.956973805147,1113.4447078143849,132.0,20.0,True,31,word,from,6.0
5448.0,1499.622802734375,1107.273473739624,0.5794976353645325,0.7711853981018066,0.5857901573181152,0.7689399123191833,2.859237670898437,2.924667358398437,Fixation,1502.956973805147,1113.4447078143849,132.0,20.0,True,31,word,from,6.0
5452.0,1503.8017272949219,1115.08131980896,0.5871577858924866,0.772800862789154,0.5874225497245789,0.7743620276451111,2.881805419921875,2.9256744384765625,Fixation,1502.956973805147,1113.4447078143849,132.0,20.0,True,31,word,from,6.0
5456.0,1509.5108032226562,1116.04416847229,0.5805582404136658,0.7681017518043518,0.5896526575088501,0.7750306725502014,2.8676910400390625,2.9499969482421875,Fixation,1502.956973805147,1113.4447078143849,132.0,20.0,True,31,word,from,6.0
5460.0,1499.5558166503906,1109.6644592285156,0.5769798159599304,0.7711476683616638,0.5857639908790588,0.7706003189086914,2.880584716796875,2.9347686767578125,Fixation,1502.956973805147,1113.4447078143849,132.0,20.0,True,31,word,from,6.0
5464.0,1503.8697814941406,1115.529956817627,0.5804573893547058,0.7720575332641602,0.5874491333961487,0.774673581123352,2.8712615966796875,2.9382476806640625,Fixation,1502.956973805147,1113.4447078143849,132.0,20.0,True,31,word,from,6.0
5468.0,1502.0317077636719,1109.7025680541992,0.5769556164741516,0.7778960466384888,0.5867311358451843,0.7706267833709717,2.8690948486328125,2.924911499023437,Fixation,1502.956973805147,1113.4447078143849,132.0,20.0,True,31,word,from,6.0
5472.0,1499.4868469238281,1109.1369438171387,0.5788887739181519,0.774729311466217,0.5857370495796204,0.7702339887619019,2.885482788085937,2.937530517578125,Fixation,1502.956973805147,1113.4447078143849,132.0,20.0,True,31,word,from,6.0
5476.0,1496.4799499511719,1109.1765117645264,0.5831990838050842,0.7770246267318726,0.5845624804496765,0.7702614665031433,2.885162353515625,2.9492340087890625,Fixation,1502.956973805147,1113.4447078143849,132.0,20.0,True,31,word,from,6.0
5480.0,1493.0386352539062,1108.3491039276123,0.5819587707519531,0.7727740406990051,0.5832182168960571,0.7696868777275085,2.872467041015625,2.929901123046875,Fixation,1502.956973805147,1113.4447078143849,132.0,20.0,True,31,word,from,6.0
5484.0,1463.2907104492188,1108.1508350372314,0.5723496079444885,0.7802548408508301,0.5715979337692261,0.7695491909980774,2.870697021484375,2.92498779296875,Fixation,1502.956973805147,1113.4447078143849,132.0,20.0,True,31,word,from,6.0
5488.0,1426.3533020019531,1103.4442234039307,0.5431755781173706,0.7747616171836853,0.5571692585945129,0.7662807106971741,2.878753662109375,2.9253387451171875,Saccade,,,,0.0,False,32,,,
5492.0,1365.5821228027344,1104.6136665344238,0.5225370526313782,0.7802193760871887,0.5334305167198181,0.7670928239822388,2.8709716796875,2.911865234375,Saccade,,,,0.0,False,32,,,
5496.0,1294.53369140625,1107.2891807556152,0.4965490698814392,0.7836923003196716,0.5056772232055664,0.7689508199691772,2.8814239501953125,2.924057006835937,Saccade,,,,0.0,False,32,,,
5500.0,1258.1322479248045,1104.8392295837402,0.4812530875205993,0.7763848304748535,0.4914579093456268,0.7672494649887085,2.867950439453125,2.9168243408203125,Saccade,,,,0.0,False,32,,,
5504.0,1196.9544982910156,1114.1977787017822,0.4628465175628662,0.7718196511268616,0.467560350894928,0.7737484574317932,2.8468780517578125,2.955917358398437,Saccade,,,,0.0,False,32,,,
5508.0,1182.1848297119138,1131.8454265594482,0.4488754868507385,0.7697520852088928,0.4617909491062164,0.7860037684440613,2.8666229248046875,2.9854888916015625,Fixation,1115.4212966918944,1117.0698778152466,196.0,21.0,True,33,word,small,3.0
5512.0,1152.8340911865234,1143.9884948730469,0.442518025636673,0.7820621132850647,0.4503258168697357,0.7944364547729492,2.8881988525390625,2.992919921875,Fixation,1115.4212966918944,1117.0698778152466,196.0,21.0,True,33,word,small,3.0
5516.0,1138.1586456298828,1122.3095512390137,0.4376925528049469,0.787692129611969,0.444593220949173,0.7793816328048706,2.890594482421875,2.9747772216796875,Fixation,1115.4212966918944,1117.0698778152466,196.0,21.0,True,33,word,small,3.0
5520.0,1130.2886962890623,1114.4322681427002,0.4369159340858459,0.7766725420951843,0.441519021987915,0.7739112973213196,2.85809326171875,2.946395874023437,Fixation,1115.4212966918944,1117.0698778152466,196.0,21.0,True,33,word,small,3.0
5524.0,1129.2623138427734,1103.87526512146,0.4390046894550323,0.7796159982681274,0.4411180913448334,0.7665800452232361,2.8493194580078125,2.95892333984375,Fixation,1115.4212966918944,1117.0698778152466,196.0,21.0,True,33,word,small,3.0
5528.0,1125.2804565429685,1105.035696029663,0.4403708279132843,0.7723878026008606,0.4395626783370971,0.7673859000205994,2.860580444335937,2.9344482421875,Fixation,1115.4212966918944,1117.0698778152466,196.0,21.0,True,33,word,small,3.0
5532.0,1125.502471923828,1108.7035846710205,0.4377034604549408,0.7818974852561951,0.4396494030952453,0.7699330449104309,2.874740600585937,2.9680328369140625,Fixation,1115.4212966918944,1117.0698778152466,196.0,21.0,True,33,word,small,3.0
5536.0,1111.4194488525388,1121.848382949829,0.4376685619354248,0.783808708190918,0.434148222208023,0.7790613770484924,2.863189697265625,2.9780426025390625,Fixation,1115.4212966918944,1117.0698778152466,196.0,21.0,True,33,word,small,3.0
5540.0,1125.1679992675781,1114.260778427124,0.4385047256946563,0.7796922922134399,0.4395187497138977,0.7737922072410583,2.857513427734375,2.9665985107421875,Fixation,1115.4212966918944,1117.0698778152466,196.0,21.0,True,33,word,small,3.0
5544.0,1107.9911041259766,1119.210205078125,0.439432680606842,0.7753474712371826,0.4328090250492096,0.7772293090820312,2.85772705078125,2.965789794921875,Fixation,1115.4212966918944,1117.0698778152466,196.0,21.0,True,33,word,small,3.0
5548.0,1110.6769561767578,1121.6229915618896,0.4363584220409393,0.7806334495544434,0.433858186006546,0.7789048552513123,2.86993408203125,2.9711151123046875,Fixation,1115.4212966918944,1117.0698778152466,196.0,21.0,True,33,word,small,3.0
5552.0,1107.532501220703,1111.3806438446045,0.4308845698833465,0.7856104373931885,0.4326298832893371,0.7717921137809753,2.8907470703125,2.957550048828125,Fixation,1115.4212966918944,1117.0698778152466,196.0,21.0,True,33,word,small,3.0
5556.0,1109.652099609375,1115.9173107147217,0.4309313893318176,0.7761774659156799,0.4334578514099121,0.7749425768852234,2.8573760986328125,2.982894897460937,Fixation,1115.4212966918944,1117.0698778152466,196.0,21.0,True,33,word,small,3.0
5560.0,1117.3433685302732,1115.4469585418701,0.432399719953537,0.7778178453445435,0.436462253332138,0.7746159434318542,2.85186767578125,2.944320678710937,Fixation,1115.4212966918944,1117.0698778152466,196.0,21.0,True,33,word,small,3.0
5564.0,1105.6195831298828,1124.126672744751,0.4345358312129974,0.7797957062721252,0.4318826496601105,0.7806435227394104,2.872283935546875,2.9842681884765625,Fixation,1115.4212966918944,1117.0698778152466,196.0,21.0,True,33,word,small,3.0
5568.0,1109.1307067871094,1124.9182033538818,0.4324757754802704,0.7903383374214172,0.4332541823387146,0.781193196773529,2.8922882080078125,2.981109619140625,Fixation,1115.4212966918944,1117.0698778152466,196.0,21.0,True,33,word,small,3.0
5572.0,1108.0981445312498,1121.0508441925049,0.4338883459568023,0.7735708355903625,0.4328508377075195,0.7785075306892395,2.844589233398437,2.96502685546875,Fixation,1115.4212966918944,1117.0698778152466,196.0,21.0,True,33,word,small,3.0
5576.0,1109.3267822265625,1122.4728870391846,0.4340329468250274,0.778882622718811,0.433330774307251,0.7794950604438782,2.86578369140625,2.98931884765625,Fixation,1115.4212966918944,1117.0698778152466,196.0,21.0,True,33,word,small,3.0
5580.0,1108.1048583984373,1114.3534755706787,0.4357127249240875,0.7812919616699219,0.4328534603118896,0.7738565802574158,2.861190795898437,2.972747802734375,Fixation,1115.4212966918944,1117.0698778152466,196.0,21.0,True,33,word,small,3.0
5584.0,1106.8917846679688,1126.794033050537,0.4346681535243988,0.7791105508804321,0.4323796033859253,0.7824958562850952,2.8575439453125,2.986358642578125,Fixation,1115.4212966918944,1117.0698778152466,196.0,21.0,True,33,word,small,3.0
5588.0,1102.7593231201172,1129.0752410888672,0.4362967312335968,0.7714342474937439,0.4307653605937958,0.7840800285339355,2.8570098876953125,2.964996337890625,Fixation,1115.4212966918944,1117.0698778152466,196.0,21.0,True,33,word,small,3.0
5592.0,1110.6568908691404,1108.4648895263672,0.4346314668655395,0.7764878273010254,0.433850347995758,0.7697672843933105,2.865234375,2.96307373046875,Fixation,1115.4212966918944,1117.0698778152466,196.0,21.0,True,33,word,small,3.0
5596.0,1117.842559814453,1122.8295993804932,0.4325080811977386,0.7818904519081116,0.4366572499275207,0.7797427773475647,2.8503875732421875,2.952377319335937,Fixation,1115.4212966918944,1117.0698778152466,196.0,21.0,True,33,word,small,3.0
5600.0,1111.7987823486328,1117.3360919952393,0.4297541975975036,0.7889067530632019,0.4342963993549347,0.7759278416633606,2.898468017578125,2.9697723388671875,Fixation,1115.4212966918944,1117.0698778152466,196.0,21.0,True,33,word,small,3.0
5604.0,1116.8653869628904,1115.584545135498,0.4311069250106811,0.7822626829147339,0.4362755417823791,0.7747114896774292,2.867767333984375,2.9530029296875,Fixation,1115.4212966918944,1117.0698778152466,196.0,21.0,True,33,word,small,3.0
5608.0,1114.9547576904297,1121.226453781128,0.4302082657814026,0.7821019291877747,0.4355292022228241,0.77862948179245,2.8548583984375,2.9740753173828125,Fixation,1115.4212966918944,1117.0698778152466,196.0,21.0,True,33,word,small,3.0
5612.0,1103.4010314941406,1112.7478408813477,0.4323916137218475,0.7791494727134705,0.4310160279273987,0.7727415561676025,2.8557891845703125,2.9685821533203125,Fixation,1115.4212966918944,1117.0698778152466,196.0,21.0,True,33,word,small,3.0
5616.0,1104.8372650146482,1114.0329837799072,0.4350936114788055,0.7758187055587769,0.431577056646347,0.7736340165138245,2.8516082763671875,2.972930908203125,Fixation,1115.4212966918944,1117.0698778152466,196.0,21.0,True,33,word,small,3.0
5620.0,1103.8870239257812,1117.6228523254395,0.4323226511478424,0.7783861756324768,0.4312058687210083,0.7761269807815552,2.8658599853515625,2.977890014648437,Fixation,1115.4212966918944,1117.0698778152466,196.0,21.0,True,33,word,small,3.0
5624.0,1120.3253936767578,1118.1549167633057,0.4315211772918701,0.7827085852622986,0.4376271069049835,0.7764964699745178,2.887664794921875,2.982452392578125,Fixation,1115.4212966918944,1117.0698778152466,196.0,21.0,True,33,word,small,3.0
5628.0,1103.67431640625,1118.6102485656738,0.4326110780239105,0.7808898687362671,0.4311227798461914,0.7768126726150513,2.8609771728515625,2.9698944091796875,Fixation,1115.4212966918944,1117.0698778152466,196.0,21.0,True,33,word,small,3.0
5632.0,1109.2969512939453,1108.9351558685303,0.4341249763965606,0.7725988626480103,0.4333191215991974,0.7700938582420349,2.849838256835937,2.97564697265625,Fixation,1115.4212966918944,1117.0698778152466,196.0,21.0,True,33,word,small,3.0
5636.0,1111.7024993896484,1118.8710021972656,0.4379901587963104,0.7773087620735168,0.4342587888240814,0.7769937515258789,2.8527984619140625,2.9987030029296875,Fixation,1115.4212966918944,1117.0698778152466,196.0,21.0,True,33,word,small,3.0
5640.0,1110.3172302246091,1114.7556781768799,0.4307149052619934,0.7814584374427795,0.433717668056488,0.7741358876228333,2.853134155273437,2.9718017578125,Fixation,1115.4212966918944,1117.0698778152466,196.0,21.0,True,33,word,small,3.0
5644.0,1106.780014038086,1121.0184001922607,0.4337962567806244,0.7785889506340027,0.4323359429836273,0.7784850001335144,2.86474609375,2.974151611328125,Fixation,1115.4212966918944,1117.0698778152466,196.0,21.0,True,33,word,small,3.0
5648.0,1111.531295776367,1102.0424365997314,0.435122549533844,0.778907060623169,0.4341919124126434,0.7653072476387024,2.84539794921875,2.9674835205078125,Fixation,1115.4212966918944,1117.0698778152466,196.0,21.0,True,33,word,small,3.0
5652.0,1111.1614227294922,1107.5982570648193,0.4323751628398895,0.7774440050125122,0.4340474307537079,0.7691654562950134,2.8491668701171875,2.963226318359375,Fixation,1115.4212966918944,1117.0698778152466,196.0,21.0,True,33,word,small,3.0
5656.0,1115.8859252929688,1114.9228763580322,0.4299337565898895,0.7876877188682556,0.4358929395675659,0.7742519974708557,2.89892578125,2.977935791015625,Fixation,1115.4212966918944,1117.0698778152466,196.0,21.0,True,33,word,small,3.0
5660.0,1108.2144165039062,1117.3305988311768,0.432869017124176,0.7837140560150146,0.4328962564468384,0.775924026966095,2.8865203857421875,2.9865264892578125,Fixation,1115.4212966918944,1117.0698778152466,196.0,21.0,True,33,word,small,3.0
5664.0,1116.4290618896484,1120.7305240631104,0.4326919913291931,0.7768003344535828,0.4361051023006439,0.7782850861549377,2.869659423828125,2.995758056640625,Fixation,1115.4212966918944,1117.0698778152466,196.0,21.0,True,33,word,small,3.0
5668.0,1114.862289428711,1111.279535293579,0.4353140294551849,0.7825629711151123,0.4354930818080902,0.7717218995094299,2.8948516845703125,2.9813232421875,Fixation,1115.4212966918944,1117.0698778152466,196.0,21.0,True,33,word,small,3.0
5672.0,1116.9953155517578,1115.0515365600586,0.4332549571990967,0.7931104302406311,0.4363262951374054,0.774341344833374,2.891845703125,2.9768218994140625,Fixation,1115.4212966918944,1117.0698778152466,196.0,21.0,True,33,word,small,3.0
5676.0,1117.967529296875,1120.6755065917969,0.4305716753005981,0.788931667804718,0.4367060661315918,0.7782468795776367,2.8963775634765625,2.9774322509765625,Fixation,1115.4212966918944,1117.0698778152466,196.0,21.0,True,33,word,small,3.0
5680.0,1113.7635803222656,1113.3613586425781,0.434243232011795,0.7850883603096008,0.435063898563385,0.773167610168457,2.88604736328125,2.9699859619140625,Fixation,1115.4212966918944,1117.0698778152466,196.0,21.0,True,33,word,small,3.0
5684.0,1120.0150299072266,1114.286870956421,0.4342981278896332,0.7872272729873657,0.4375058710575104,0.7738103270530701,2.887603759765625,2.9771881103515625,Fixation,1115.4212966918944,1117.0698778152466,196.0,21.0,True,33,word,small,3.0
5688.0,1118.687973022461,1113.0446434020996,0.4323879182338714,0.7903129458427429,0.4369874894618988,0.7729476690292358,2.89569091796875,2.965194702148437,Fixation,1115.4212966918944,1117.0698778152466,196.0,21.0,True,33,word,small,3.0
5692.0,1110.434799194336,1113.7866497039795,0.4335050880908966,0.7813465595245361,0.4337635934352875,0.7734629511833191,2.884506225585937,2.993499755859375,Fixation,1115.4212966918944,1117.0698778152466,196.0,21.0,True,33,word,small,3.0
5696.0,1112.0125579833984,1117.011308670044,0.434898167848587,0.782619059085846,0.434379905462265,0.7757022976875305,2.8675689697265625,2.966064453125,Fixation,1115.4212966918944,1117.0698778152466,196.0,21.0,True,33,word,small,3.0
5700.0,1112.7628326416016,1116.1416721343994,0.4337356686592102,0.7878352403640747,0.4346729815006256,0.7750983834266663,2.8982696533203125,2.9857330322265625,Fixation,1115.4212966918944,1117.0698778152466,196.0,21.0,True,33,word,small,3.0
5704.0,1100.7745361328125,1113.3705425262451,0.4331443309783935,0.7818929553031921,0.4299900531768799,0.773173987865448,2.883636474609375,2.981185913085937,Fixation,1115.4212966918944,1117.0698778152466,196.0,21.0,True,33,word,small,3.0
5708.0,1095.3964996337888,1117.7602672576904,0.4303491115570068,0.774259090423584,0.4278892576694488,0.7762224078178406,2.87445068359375,2.99664306640625,Fixation,1076.2038715069111,1125.4168598468486,308.0,22.0,True,34,word,small,3.0
5712.0,1110.88996887207,1110.8083248138428,0.4348204731941223,0.783939778804779,0.4339413940906524,0.771394670009613,2.89923095703125,2.985992431640625,Fixation,1076.2038715069111,1125.4168598468486,308.0,22.0,True,34,word,small,3.0
5716.0,1108.6458587646484,1109.6859169006348,0.4367367029190063,0.7749908566474915,0.4330647885799408,0.7706152200698853,2.8630828857421875,3.00189208984375,Fixation,1076.2038715069111,1125.4168598468486,308.0,22.0,True,34,word,small,3.0
5720.0,1108.8517761230469,1126.8459606170654,0.4327676892280578,0.7818002104759216,0.4331452250480652,0.7825319170951843,2.8925323486328125,3.022567749023437,Fixation,1076.2038715069111,1125.4168598468486,308.0,22.0,True,34,word,small,3.0
5724.0,1116.2226867675781,1113.881492614746,0.4338091909885406,0.775355339050293,0.4360244870185852,0.7735288143157959,2.8773956298828125,2.9868316650390625,Fixation,1076.2038715069111,1125.4168598468486,308.0,22.0,True,34,word,small,3.0
5728.0,1111.674575805664,1119.252004623413,0.4389240741729736,0.7837097644805908,0.4342478811740875,0.7772583365440369,2.8763885498046875,2.99603271484375,Fixation,1076.2038715069111,1125.4168598468486,308.0,22.0,True,34,word,small,3.0
5732.0,1113.086242675781,1116.2205505371094,0.4324031174182892,0.7863076329231262,0.434799313545227,0.7751531600952148,2.9041748046875,2.9841461181640625,Fixation,1076.2038715069111,1125.4168598468486,308.0,22.0,True,34,word,small,3.0
5736.0,1116.6786193847656,1115.1189994812012,0.4341820776462555,0.7854777574539185,0.4362025856971741,0.7743881940841675,2.905502319335937,3.0040283203125,Fixation,1076.2038715069111,1125.4168598468486,308.0,22.0,True,34,word,small,3.0
5740.0,1122.641372680664,1111.4939403533936,0.4308136701583862,0.7818445563316345,0.4385317862033844,0.7718707919120789,2.903839111328125,2.999786376953125,Fixation,1076.2038715069111,1125.4168598468486,308.0,22.0,True,34,word,small,3.0
5744.0,1103.714599609375,1120.3975009918213,0.4342847764492035,0.7838848233222961,0.4311385154724121,0.7780538201332092,2.912139892578125,3.0016021728515625,Fixation,1076.2038715069111,1125.4168598468486,308.0,22.0,True,34,word,small,3.0
5748.0,1110.3441619873047,1125.6714534759521,0.4315677285194397,0.7846969366073608,0.4337281882762909,0.7817162871360779,2.9013824462890625,3.01287841796875,Fixation,1076.2038715069111,1125.4168598468486,308.0,22.0,True,34,word,small,3.0
5752.0,1112.721939086914,1121.6409301757812,0.4365898370742798,0.7703607082366943,0.4346570074558258,0.7789173126220703,2.887481689453125,2.988265991210937,Fixation,1076.2038715069111,1125.4168598468486,308.0,22.0,True,34,word,small,3.0
5756.0,1101.6613769531248,1126.7944622039795,0.4301198720932007,0.7796651124954224,0.4303364753723144,0.7824961543083191,2.8897857666015625,3.006698608398437,Fixation,1076.2038715069111,1125.4168598468486,308.0,22.0,True,34,word,small,3.0
5760.0,1125.3811645507812,1105.884132385254,0.4270210862159729,0.775942325592041,0.4396020174026489,0.7679750919342041,2.9034881591796875,2.950927734375,Fixation,1076.2038715069111,1125.4168598468486,308.0,22.0,True,34,word,small,3.0
5764.0,1107.1083068847656,1114.1252517700195,0.431894302368164,0.7809062004089355,0.4324641823768616,0.773698091506958,2.8813934326171875,2.998031616210937,Fixation,1076.2038715069111,1125.4168598468486,308.0,22.0,True,34,word,small,3.0
5768.0,1116.0246276855466,1118.5975456237793,0.4358289241790771,0.7749463319778442,0.4359471201896667,0.7768038511276245,2.890045166015625,2.981719970703125,Fixation,1076.2038715069111,1125.4168598468486,308.0,22.0,True,34,word,small,3.0
5772.0,1093.1952667236326,1112.5673389434814,0.4272942245006561,0.7831107378005981,0.427029401063919,0.7726162075996399,2.9170684814453125,2.989974975585937,Fixation,1076.2038715069111,1125.4168598468486,308.0,22.0,True,34,word,small,3.0
5776.0,1091.6506958007812,1113.7090587615967,0.4204344451427459,0.7766754031181335,0.4264260530471802,0.7734090685844421,2.9004669189453125,2.9990997314453125,Fixation,1076.2038715069111,1125.4168598468486,308.0,22.0,True,34,word,small,3.0
5780.0,1063.2781219482422,1133.9130020141602,0.4105635285377502,0.7753623723983765,0.4153430163860321,0.7874395847320557,2.9049835205078125,3.0040740966796875,Fixation,1076.2038715069111,1125.4168598468486,308.0,22.0,True,34,word,small,3.0
5784.0,1058.368453979492,1130.6636238098145,0.409449428319931,0.7796379923820496,0.4134251773357391,0.7851830720901489,2.9017486572265625,3.01141357421875,Fixation,1076.2038715069111,1125.4168598468486,308.0,22.0,True,34,word,small,3.0
5788.0,1065.3395080566404,1124.842414855957,0.4172218739986419,0.778144896030426,0.4161482453346252,0.7811405658721924,2.924789428710937,2.9993438720703125,Fixation,1076.2038715069111,1125.4168598468486,308.0,22.0,True,34,word,small,3.0
5792.0,1078.2152557373045,1127.2273921966553,0.4184449315071106,0.7782951593399048,0.4211778342723846,0.7827968001365662,2.9207305908203125,3.0186767578125,Fixation,1076.2038715069111,1125.4168598468486,308.0,22.0,True,34,word,small,3.0
5796.0,1073.3728027343748,1127.7555084228516,0.4233902394771576,0.7714365124702454,0.4192862510681152,0.7831635475158691,2.923568725585937,3.014373779296875,Fixation,1076.2038715069111,1125.4168598468486,308.0,22.0,True,34,word,small,3.0
5800.0,1074.2916107177732,1121.6888236999512,0.4150576889514923,0.7744097709655762,0.4196451604366302,0.778950572013855,2.90118408203125,3.0023345947265625,Fixation,1076.2038715069111,1125.4168598468486,308.0,22.0,True,34,word,small,3.0
5804.0,1084.6900177001953,1127.9862213134766,0.4151264727115631,0.7796445488929749,0.4237070381641388,0.7833237648010254,2.899078369140625,3.0131072998046875,Fixation,1076.2038715069111,1125.4168598468486,308.0,22.0,True,34,word,small,3.0
5808.0,1068.8373565673828,1132.2676277160645,0.420069009065628,0.773115873336792,0.4175145924091339,0.7862969636917114,2.9149627685546875,3.021331787109375,Fixation,1076.2038715069111,1125.4168598468486,308.0,22.0,True,34,word,small,3.0
5812.0,1074.817428588867,1128.5477256774902,0.4203265905380249,0.7709282040596008,0.4198505580425262,0.783713698387146,2.9063873291015625,3.023056030273437,Fixation,1076.2038715069111,1125.4168598468486,308.0,22.0,True,34,word,small,3.0
5816.0,1074.6281433105469,1137.4809837341309,0.4191214740276336,0.7786898612976074,0.4197766184806824,0.7899173498153687,2.9181671142578125,3.019271850585937,Fixation,1076.2038715069111,1125.4168598468486,308.0,22.0,True,34,word,small,3.0
5820.0,1069.7110748291016,1119.1878032684326,0.4159438610076904,0.7775656580924988,0.4178558886051178,0.7772137522697449,2.922119140625,3.01312255859375,Fixation,1076.2038715069111,1125.4168598468486,308.0,22.0,True,34,word,small,3.0
5824.0,1074.6289062499998,1128.3163261413574,0.4167334735393524,0.7789368629455566,0.4197769165039062,0.7835530042648315,2.9252471923828125,3.012847900390625,Fixation,1076.2038715069111,1125.4168598468486,308.0,22.0,True,34,word,small,3.0
5828.0,1066.9187164306638,1130.8000946044922,0.4148549139499664,0.7719388008117676,0.4167651236057281,0.7852778434753418,2.9070587158203125,3.021697998046875,Fixation,1076.2038715069111,1125.4168598468486,308.0,22.0,True,34,word,small,3.0
5832.0,1067.5328063964844,1119.2918300628662,0.4158970713615417,0.7687246799468994,0.4170050024986267,0.7772859930992126,2.913177490234375,3.01116943359375,Fixation,1076.2038715069111,1125.4168598468486,308.0,22.0,True,34,word,small,3.0
5836.0,1066.7694091796873,1134.6331214904785,0.4176548421382904,0.7784206867218018,0.4167068004608154,0.7879396677017212,2.935546875,3.011993408203125,Fixation,1076.2038715069111,1125.4168598468486,308.0,22.0,True,34,word,small,3.0
5840.0,1067.8850555419922,1123.0605697631836,0.4171155989170074,0.7807025909423828,0.4171425998210907,0.7799031734466553,2.91534423828125,3.0065155029296875,Fixation,1076.2038715069111,1125.4168598468486,308.0,22.0,True,34,word,small,3.0
5844.0,1074.1339874267576,1131.322546005249,0.4121114015579223,0.7745575904846191,0.4195835888385772,0.7856406569480896,2.9119873046875,3.00872802734375,Fixation,1076.2038715069111,1125.4168598468486,308.0,22.0,True,34,word,small,3.0
5848.0,1068.3881378173826,1128.5442066192627,0.4186715185642242,0.767576277256012,0.4173391163349151,0.7837112545967102,2.908798217773437,3.0094451904296875,Fixation,1076.2038715069111,1125.4168598468486,308.0,22.0,True,34,word,small,3.0
5852.0,1059.66438293457,1114.9495697021484,0.4154478311538696,0.7770322561264038,0.4139313995838165,0.7742705345153809,2.933334350585937,3.0167388916015625,Fixation,1076.2038715069111,1125.4168598468486,308.0,22.0,True,34,word,small,3.0
5856.0,1067.4754333496091,1122.4045658111572,0.4132243692874908,0.7770256996154785,0.4169825911521911,0.779447615146637,2.910552978515625,3.035995483398437,Fixation,1076.2038715069111,1125.4168598468486,308.0,22.0,True,34,word,small,3.0
5860.0,1066.6046905517578,1120.9331703186035,0.4176491796970367,0.7695810794830322,0.4166424572467804,0.7784258127212524,2.916900634765625,3.017669677734375,Fixation,1076.2038715069111,1125.4168598468486,308.0,22.0,True,34,word,small,3.0
5864.0,1063.1649780273435,1129.6174335479736,0.4126187860965729,0.779804527759552,0.4152988195419311,0.7844565510749817,2.915069580078125,3.0177459716796875,Fixation,1076.2038715069111,1125.4168598468486,308.0,22.0,True,34,word,small,3.0
5868.0,1084.0028381347656,1128.8474464416504,0.4187206625938415,0.7747543454170227,0.4234386086463928,0.7839218378067017,2.908935546875,3.0220947265625,Fixation,1076.2038715069111,1125.4168598468486,308.0,22.0,True,34,word,small,3.0
5872.0,1058.8616180419922,1132.9259490966797,0.4153477847576141,0.7774581909179688,0.4136178195476532,0.7867541313171387,2.921539306640625,3.0194091796875,Fixation,1076.2038715069111,1125.4168598468486,308.0,22.0,True,34,word,small,3.0
5876.0,1065.4304504394531,1133.496379852295,0.4145654439926147,0.7756481170654297,0.4161837697029114,0.7871502637863159,2.929306030273437,3.0429840087890625,Fixation,1076.2038715069111,1125.4168598468486,308.0,22.0,True,34,word,small,3.0
5880.0,1066.9951629638672,1128.1002044677734,0.4196417033672333,0.7747992277145386,0.4167949855327606,0.7834029197692871,2.918243408203125,3.0334930419921875,Fixation,1076.2038715069111,1125.4168598468486,308.0,22.0,True,34,word,small,3.0
5884.0,1072.5469970703125,1123.8825702667236,0.4186982810497284,0.7702934145927429,0.4189636707305908,0.7804740071296692,2.9052886962890625,3.0131378173828125,Fixation,1076.2038715069111,1125.4168598468486,308.0,22.0,True,34,word,small,3.0
5888.0,1073.2186889648438,1122.7649688720703,0.410005122423172,0.7750417590141296,0.4192260503768921,0.7796978950500488,2.8848114013671875,3.01422119140625,Fixation,1076.2038715069111,1125.4168598468486,308.0,22.0,True,34,word,small,3.0
5892.0,1061.0733032226562,1123.2379817962646,0.4178419113159179,0.7813729047775269,0.4144817590713501,0.780026376247406,2.9303436279296875,3.0120086669921875,Fixation,1076.2038715069111,1125.4168598468486,308.0,22.0,True,34,word,small,3.0
5896.0,1066.2052154541016,1139.7145557403564,0.4141727685928345,0.772293746471405,0.4164864122867584,0.7914684414863586,2.933380126953125,3.036285400390625,Fixation,1076.2038715069111,1125.4168598468486,308.0,22.0,True,34,word,small,3.0
5900.0,1065.3114318847656,1123.2235622406006,0.4129967093467712,0.7714910507202148,0.4161372780799866,0.7800163626670837,2.89501953125,3.0057525634765625,Fixation,1076.2038715069111,1125.4168598468486,308.0,22.0,True,34,word,small,3.0
5904.0,1062.5331115722654,1133.4180164337158,0.4157363772392273,0.7818267345428467,0.4150519967079162,0.787095844745636,2.92425537109375,3.036773681640625,Fixation,1076.2038715069111,1125.4168598468486,308.0,22.0,True,34,word,small,3.0
5908.0,1065.5797576904297,1122.25736618042,0.4163879454135895,0.7828544974327087,0.4162420928478241,0.7793453931808472,2.902572631835937,3.025985717773437,Fixation,1076.2038715069111,1125.4168598468486,308.0,22.0,True,34,word,small,3.0
5912.0,1054.4786834716797,1128.856372833252,0.4133034944534302,0.77192622423172,0.4119057357311249,0.7839280366897583,2.899749755859375,3.0200958251953125,Fixation,1076.2038715069111,1125.4168598468486,308.0,22.0,True,34,word,small,3.0
5916.0,1069.1163635253906,1123.1669998168945,0.4206875264644623,0.7802808880805969,0.4176235795021057,0.7799770832061768,2.9113006591796875,3.009429931640625,Fixation,1076.2038715069111,1125.4168598468486,308.0,22.0,True,34,word,small,3.0
5920.0,1064.2739868164062,1123.0437469482422,0.4147682785987854,0.7740791440010071,0.4157320261001587,0.7798914909362793,2.8809356689453125,3.0303497314453125,Fixation,1076.2038715069111,1125.4168598468486,308.0,22.0,True,34,word,small,3.0
5924.0,1061.9223785400388,1116.6496181488037,0.4169508814811706,0.7827926874160767,0.4148134291172027,0.775451123714447,2.919097900390625,3.007553100585937,Fixation,1076.2038715069111,1125.4168598468486,308.0,22.0,True,34,word,small,3.0
5928.0,1068.481750488281,1134.2037963867188,0.4212696254253387,0.7879286408424377,0.4173756837844848,0.7876415252685547,2.90057373046875,3.0304107666015625,Fixation,1076.2038715069111,1125.4168598468486,308.0,22.0,True,34,word,small,3.0
5932.0,1062.8365325927734,1127.707872390747,0.4170058369636535,0.780917763710022,0.4151705205440521,0.7831304669380188,2.8961181640625,3.009796142578125,Fixation,1076.2038715069111,1125.4168598468486,308.0,22.0,True,34,word,small,3.0
5936.0,1061.4779663085935,1135.3485202789307,0.41632080078125,0.7770183682441711,0.4146398305892944,0.7884364724159241,2.87384033203125,3.034423828125,Fixation,1076.2038715069111,1125.4168598468486,308.0,22.0,True,34,word,small,3.0
5940.0,1059.2937469482422,1130.7358932495117,0.4160095453262329,0.7770391702651978,0.4137866199016571,0.7852332592010498,2.8742828369140625,3.0000152587890625,Fixation,1076.2038715069111,1125.4168598468486,308.0,22.0,True,34,word,small,3.0
5944.0,1063.590850830078,1132.0770835876465,0.4171687960624695,0.7898154258728027,0.4154651761054992,0.7861646413803101,2.915771484375,3.009140014648437,Fixation,1076.2038715069111,1125.4168598468486,308.0,22.0,True,34,word,small,3.0
5948.0,1059.6723175048826,1131.1386966705322,0.4163698554039001,0.7841453552246094,0.4139344990253448,0.7855129837989807,2.8822174072265625,3.0243072509765625,Fixation,1076.2038715069111,1125.4168598468486,308.0,22.0,True,34,word,small,3.0
5952.0,1063.4725952148435,1129.7842025756836,0.4185987114906311,0.7902032136917114,0.4154189825057983,0.7845723628997803,2.89886474609375,2.9999542236328125,Fixation,1076.2038715069111,1125.4168598468486,308.0,22.0,True,34,word,small,3.0
5956.0,1052.2091674804688,1134.8351669311523,0.4207794666290283,0.7944692373275757,0.4110192060470581,0.7880799770355225,2.9137115478515625,3.031005859375,Fixation,1076.2038715069111,1125.4168598468486,308.0,22.0,True,34,word,small,3.0
5960.0,1069.2065429687498,1128.9010906219482,0.4149293303489685,0.7961513996124268,0.4176588058471679,0.7839590907096863,2.89556884765625,2.99395751953125,Fixation,1076.2038715069111,1125.4168598468486,308.0,22.0,True,34,word,small,3.0
5964.0,1061.495590209961,1122.857666015625,0.4189192056655884,0.7873950600624084,0.414646714925766,0.7797622680664062,2.8934326171875,2.989349365234375,Fixation,1076.2038715069111,1125.4168598468486,308.0,22.0,True,34,word,small,3.0
5968.0,1064.5263671875,1130.0592041015625,0.4163805246353149,0.7872921228408813,0.4158306121826172,0.7847633361816406,2.898178100585937,3.0229644775390625,Fixation,1076.2038715069111,1125.4168598468486,308.0,22.0,True,34,word,small,3.0
5972.0,1068.426055908203,1135.583095550537,0.4192161560058594,0.7958457469940186,0.4173539280891418,0.7885993719100952,2.8968658447265625,3.023178100585937,Fixation,1076.2038715069111,1125.4168598468486,308.0,22.0,True,34,word,small,3.0
5976.0,1064.277877807617,1119.9842262268066,0.4151042997837066,0.7892835736274719,0.4157335460186004,0.7777668237686157,2.885467529296875,2.989364624023437,Fixation,1076.2038715069111,1125.4168598468486,308.0,22.0,True,34,word,small,3.0
5980.0,1068.5807800292969,1128.02321434021,0.4195334613323211,0.7848790287971497,0.4174143671989441,0.7833494544029236,2.8832244873046875,3.0093231201171875,Fixation,1076.2038715069111,1125.4168598468486,308.0,22.0,True,34,word,small,3.0
5984.0,1067.6759338378906,1124.044361114502,0.4182464778423309,0.7914349436759949,0.417060911655426,0.7805863618850708,2.905426025390625,2.9949951171875,Fixation,1076.2038715069111,1125.4168598468486,308.0,22.0,True,34,word,small,3.0
5988.0,1068.6056518554688,1123.4875774383545,0.4160082638263702,0.7868337035179138,0.4174240827560425,0.7801997065544128,2.891632080078125,3.0013580322265625,Fixation,1076.2038715069111,1125.4168598468486,308.0,22.0,True,34,word,small,3.0
5992.0,1070.7826232910156,1134.023208618164,0.4174630045890808,0.7894003391265869,0.418274462223053,0.7875161170959473,2.884368896484375,3.0117645263671875,Fixation,1076.2038715069111,1125.4168598468486,308.0,22.0,True,34,word,small,3.0
5996.0,1067.8189849853513,1130.7812976837158,0.4127587080001831,0.7832089066505432,0.4171167910099029,0.785264790058136,2.870468139648437,3.00616455078125,Fixation,1076.2038715069111,1125.4168598468486,308.0,22.0,True,34,word,small,3.0
6000.0,1060.9976959228516,1131.5274238586426,0.4136789441108703,0.7810494303703308,0.4144522249698639,0.7857829332351685,2.8561248779296875,2.995697021484375,Fixation,1076.2038715069111,1125.4168598468486,308.0,22.0,True,34,word,small,3.0
6004.0,1069.790802001953,1133.432092666626,0.4178647398948669,0.782566487789154,0.4178870320320129,0.7871056199073792,2.859954833984375,3.0048980712890625,Fixation,1076.2038715069111,1125.4168598468486,308.0,22.0,True,34,word,small,3.0
6008.0,1065.6298828125,1128.8312244415283,0.4191796481609344,0.7828134894371033,0.4162616729736328,0.7839105725288391,2.888397216796875,3.0070037841796875,Fixation,1076.2038715069111,1125.4168598468486,308.0,22.0,True,34,word,small,3.0
6012.0,1064.4029998779297,1124.3255424499512,0.4098043739795685,0.7882955074310303,0.4157824218273163,0.780781626701355,2.8601837158203125,2.982574462890625,Fixation,1076.2038715069111,1125.4168598468486,308.0,22.0,True,34,word,small,3.0
6016.0,1034.4932556152344,1131.3471794128418,0.3961224853992462,0.7790465354919434,0.4040989279747009,0.7856577634811401,2.8745880126953125,2.984619140625,Fixation,1076.2038715069111,1125.4168598468486,308.0,22.0,True,34,word,small,3.0
6020.0,996.4321899414062,1131.2798881530762,0.3827602565288543,0.7883625030517578,0.3892313241958618,0.7856110334396362,2.8941192626953125,2.998077392578125,Saccade,,,,0.0,False,35,,,
6024.0,946.1603546142577,1139.577398300171,0.3708272576332092,0.7914484143257141,0.3695938885211944,0.7913731932640076,2.87408447265625,2.99462890625,Saccade,,,,0.0,False,35,,,
6028.0,917.6464080810547,1129.3147087097168,0.3632458448410034,0.7858198285102844,0.358455628156662,0.7842463254928589,2.863739013671875,2.9675750732421875,Saccade,,,,0.0,False,35,,,
6032.0,910.0925445556641,1132.439546585083,0.3524070382118225,0.7913990020751953,0.3555049002170563,0.7864163517951965,2.8826904296875,2.987579345703125,Saccade,,,,0.0,False,35,,,
6036.0,904.6526336669922,1135.8642768859863,0.3427335321903229,0.7869490385055542,0.3533799350261688,0.7887946367263794,2.879302978515625,2.9824981689453125,Saccade,,,,0.0,False,35,,,
6040.0,894.8615264892577,1143.0478763580322,0.3353924751281738,0.7825089693069458,0.3495552837848663,0.7937832474708557,2.8765106201171875,2.9770965576171875,Saccade,,,,0.0,False,35,,,
6044.0,883.4535980224609,1140.2261066436768,0.3358907699584961,0.7867304682731628,0.3450990617275238,0.79182368516922,2.871124267578125,2.983749389648437,Fixation,889.2796013571999,1133.4688184478066,172.0,23.0,True,36,word,there,0.0
6048.0,893.5317230224609,1137.4482822418213,0.3399600982666015,0.7904558777809143,0.3490358293056488,0.7898946404457092,2.873275756835937,2.9989471435546875,Fixation,889.2796013571999,1133.4688184478066,172.0,23.0,True,36,word,there,0.0
6052.0,902.6676940917968,1129.7164821624756,0.3411190509796142,0.7776150107383728,0.3526045680046081,0.7845253348350525,2.8541717529296875,2.9731597900390625,Fixation,889.2796013571999,1133.4688184478066,172.0,23.0,True,36,word,there,0.0
6056.0,902.6044464111327,1132.4776554107666,0.3412326276302337,0.7851829528808594,0.3525798618793487,0.7864428162574768,2.8846435546875,2.979965209960937,Fixation,889.2796013571999,1133.4688184478066,172.0,23.0,True,36,word,there,0.0
6060.0,904.2984008789061,1141.6268634796143,0.3412221372127533,0.7865998148918152,0.3532415628433227,0.7927964329719543,2.8670654296875,2.999237060546875,Fixation,889.2796013571999,1133.4688184478066,172.0,23.0,True,36,word,there,0.0
6064.0,898.3582305908203,1133.737564086914,0.3379330337047577,0.7844809293746948,0.3509211838245392,0.7873177528381348,2.8678436279296875,2.973861694335937,Fixation,889.2796013571999,1133.4688184478066,172.0,23.0,True,36,word,there,0.0
6068.0,891.3890075683594,1135.241403579712,0.3382299840450287,0.7933175563812256,0.3481988310813904,0.7883620858192444,2.8927154541015625,2.968292236328125,Fixation,889.2796013571999,1133.4688184478066,172.0,23.0,True,36,word,there,0.0
6072.0,893.6217498779297,1133.699541091919,0.3428454101085663,0.779030442237854,0.3490709960460663,0.7872913479804993,2.859527587890625,2.9635467529296875,Fixation,889.2796013571999,1133.4688184478066,172.0,23.0,True,36,word,there,0.0
6076.0,897.3213195800781,1135.898609161377,0.3370648622512817,0.7908230423927307,0.350516140460968,0.7888184785842896,2.856063842773437,2.966217041015625,Fixation,889.2796013571999,1133.4688184478066,172.0,23.0,True,36,word,there,0.0
6080.0,908.2701110839844,1143.171215057373,0.3398085236549377,0.7798449397087097,0.3547930121421814,0.793868899345398,2.83831787109375,2.9988250732421875,Fixation,889.2796013571999,1133.4688184478066,172.0,23.0,True,36,word,there,0.0
6084.0,889.1614532470702,1134.2956352233887,0.3370571732521057,0.783343493938446,0.3473286926746368,0.7877053022384644,2.876815795898437,2.974716186523437,Fixation,889.2796013571999,1133.4688184478066,172.0,23.0,True,36,word,there,0.0
6088.0,898.9801788330078,1140.3876399993896,0.3383142948150635,0.7893010973930359,0.3511641323566437,0.7919358611106873,2.85113525390625,2.9712677001953125,Fixation,889.2796013571999,1133.4688184478066,172.0,23.0,True,36,word,there,0.0
6092.0,893.4567260742188,1138.393964767456,0.338542491197586,0.7889634966850281,0.3490065336227417,0.7905513644218445,2.873641967773437,2.9690093994140625,Fixation,889.2796013571999,1133.4688184478066,172.0,23.0,True,36,word,there,0.0
6096.0,899.3046569824218,1138.872470855713,0.3415121138095855,0.7886631488800049,0.3512908816337585,0.7908836603164673,2.879867553710937,2.972518920898437,Fixation,889.2796013571999,1133.4688184478066,172.0,23.0,True,36,word,there,0.0
6100.0,893.9327239990233,1134.109296798706,0.342962235212326,0.7905392646789551,0.3491924703121185,0.787575900554657,2.865875244140625,2.96435546875,Fixation,889.2796013571999,1133.4688184478066,172.0,23.0,True,36,word,there,0.0
6104.0,898.0992126464843,1139.7717189788818,0.3383061587810516,0.7912527918815613,0.3508200049400329,0.791508138179779,2.8460845947265625,2.964324951171875,Fixation,889.2796013571999,1133.4688184478066,172.0,23.0,True,36,word,there,0.0
6108.0,890.707778930664,1129.9131202697754,0.3387909531593323,0.794432520866394,0.3479327261447906,0.7846618890762329,2.855575561523437,2.964630126953125,Fixation,889.2796013571999,1133.4688184478066,172.0,23.0,True,36,word,there,0.0
6112.0,900.6712341308593,1139.3158721923828,0.3404714167118072,0.7873982191085815,0.3518247008323669,0.791191577911377,2.86163330078125,2.9776611328125,Fixation,889.2796013571999,1133.4688184478066,172.0,23.0,True,36,word,there,0.0
6116.0,897.4397277832031,1132.2166442871094,0.3386369049549103,0.7940365076065063,0.3505623936653137,0.7862615585327148,2.8624725341796875,2.974838256835937,Fixation,889.2796013571999,1133.4688184478066,172.0,23.0,True,36,word,there,0.0
6120.0,893.8652801513672,1133.0813026428223,0.3407633900642395,0.7867116928100586,0.3491661250591278,0.7868620157241821,2.8539581298828125,2.975830078125,Fixation,889.2796013571999,1133.4688184478066,172.0,23.0,True,36,word,there,0.0
6124.0,885.9698486328125,1121.5015411376953,0.339903175830841,0.7926768660545349,0.3460819721221924,0.7788205146789551,2.84625244140625,2.9708404541015625,Fixation,889.2796013571999,1133.4688184478066,172.0,23.0,True,36,word,there,0.0
6128.0,881.4605712890624,1132.1979331970215,0.3412392735481262,0.7852199673652649,0.34432053565979,0.7862485647201538,2.859832763671875,2.9897918701171875,Fixation,889.2796013571999,1133.4688184478066,172.0,23.0,True,36,word,there,0.0
6132.0,889.0618133544922,1135.2386569976807,0.3427547812461853,0.7953810691833496,0.3472897708415985,0.7883601784706116,2.85528564453125,2.98150634765625,Fixation,889.2796013571999,1133.4688184478066,172.0,23.0,True,36,word,there,0.0
6136.0,891.6173553466796,1133.5744857788086,0.3404680490493774,0.7910841703414917,0.3482880294322967,0.7872045040130615,2.8554840087890625,2.9737548828125,Fixation,889.2796013571999,1133.4688184478066,172.0,23.0,True,36,word,there,0.0
6140.0,881.0262298583984,1126.859951019287,0.3434167504310608,0.7932098507881165,0.3441508710384369,0.7825416326522827,2.8646392822265625,2.96551513671875,Fixation,889.2796013571999,1133.4688184478066,172.0,23.0,True,36,word,there,0.0
6144.0,883.7765502929688,1127.5808429718018,0.3441524803638458,0.791749894618988,0.3452252149581909,0.7830422520637512,2.86566162109375,2.968734741210937,Fixation,889.2796013571999,1133.4688184478066,172.0,23.0,True,36,word,there,0.0
6148.0,888.6782836914061,1132.9884338378906,0.339198887348175,0.7934165596961975,0.3471399545669555,0.7867975234985352,2.86285400390625,2.976669311523437,Fixation,889.2796013571999,1133.4688184478066,172.0,23.0,True,36,word,there,0.0
6152.0,884.9463653564452,1122.9672718048096,0.3398750126361847,0.7932035326957703,0.3456821739673614,0.7798383831977844,2.8606719970703125,2.973373413085937,Fixation,889.2796013571999,1133.4688184478066,172.0,23.0,True,36,word,there,0.0
6156.0,885.0856018066406,1123.921880722046,0.3418653905391693,0.7938738465309143,0.345736563205719,0.7805013060569763,2.8732452392578125,2.9637451171875,Fixation,889.2796013571999,1133.4688184478066,172.0,23.0,True,36,word,there,0.0
6160.0,887.6390075683594,1133.0941772460938,0.3390440046787262,0.7971532940864563,0.3467339873313904,0.7868709564208984,2.8662261962890625,2.975616455078125,Fixation,889.2796013571999,1133.4688184478066,172.0,23.0,True,36,word,there,0.0
6164.0,887.8366088867188,1139.0656757354736,0.3450588583946228,0.7934700846672058,0.3468111753463745,0.7910178303718567,2.85931396484375,2.97479248046875,Fixation,889.2796013571999,1133.4688184478066,172.0,23.0,True,36,word,there,0.0
6168.0,878.0030822753905,1135.4908275604248,0.3396424949169159,0.7820567488670349,0.3429699540138244,0.7885352969169617,2.835205078125,2.9855194091796875,Fixation,889.2796013571999,1133.4688184478066,172.0,23.0,True,36,word,there,0.0
6172.0,879.8649597167969,1127.3078155517578,0.3424616456031799,0.7878301739692688,0.3436972498893738,0.7828526496887207,2.8516845703125,2.957000732421875,Fixation,889.2796013571999,1133.4688184478066,172.0,23.0,True,36,word,there,0.0
6176.0,885.0212860107421,1129.8954391479492,0.342189222574234,0.7843694686889648,0.3457114398479461,0.7846496105194092,2.8523101806640625,2.97607421875,Fixation,889.2796013571999,1133.4688184478066,172.0,23.0,True,36,word,there,0.0
6180.0,873.2537078857421,1132.6106071472168,0.340570330619812,0.7880340218544006,0.341114729642868,0.7865351438522339,2.8511505126953125,2.9661865234375,Fixation,889.2796013571999,1133.4688184478066,172.0,23.0,True,36,word,there,0.0
6184.0,871.4656066894531,1125.411901473999,0.3419069349765777,0.7948038578033447,0.3404162526130676,0.7815360426902771,2.85235595703125,2.93841552734375,Fixation,889.2796013571999,1133.4688184478066,172.0,23.0,True,36,word,there,0.0
6188.0,870.3227996826171,1125.258264541626,0.3405791819095611,0.7864558696746826,0.3399698436260223,0.7814293503761292,2.850326538085937,2.9477996826171875,Fixation,889.2796013571999,1133.4688184478066,172.0,23.0,True,36,word,there,0.0
6192.0,879.9017333984374,1130.1573085784912,0.3400151431560516,0.7924363017082214,0.3437116146087646,0.7848314642906189,2.8385162353515625,2.9674835205078125,Fixation,889.2796013571999,1133.4688184478066,172.0,23.0,True,36,word,there,0.0
6196.0,874.4725036621094,1131.7296409606934,0.3414265513420105,0.7870816588401794,0.3415908217430115,0.7859233617782593,2.83770751953125,2.9566802978515625,Fixation,889.2796013571999,1133.4688184478066,172.0,23.0,True,36,word,there,0.0
6200.0,876.9652557373046,1135.4510021209717,0.3386914432048797,0.7940660715103149,0.3425645530223846,0.7885076403617859,2.862701416015625,2.96490478515625,Fixation,889.2796013571999,1133.4688184478066,172.0,23.0,True,36,word,there,0.0
6204.0,882.1943664550781,1132.2617053985596,0.3444348871707916,0.7866726517677307,0.3446071743965149,0.7862928509712219,2.857528686523437,2.971405029296875,Fixation,889.2796013571999,1133.4688184478066,172.0,23.0,True,36,word,there,0.0
6208.0,882.146987915039,1137.7557277679443,0.3420783281326294,0.7859466671943665,0.3445886671543121,0.7901081442832947,2.848251342773437,2.96514892578125,Fixation,889.2796013571999,1133.4688184478066,172.0,23.0,True,36,word,there,0.0
6212.0,883.1710815429686,1134.323959350586,0.3504195809364319,0.7861438393592834,0.3449887037277221,0.7877249717712402,2.841094970703125,2.992095947265625,Fixation,889.2796013571999,1133.4688184478066,172.0,23.0,True,36,word,there,0.0
6216.0,913.2855987548828,1142.3815727233887,0.3626046776771545,0.7850891947746277,0.3567521870136261,0.7933205366134644,2.8331298828125,2.966766357421875,Fixation,889.2796013571999,1133.4688184478066,172.0,23.0,True,36,word,there,0.0
6220.0,999.5372009277343,1134.1207122802734,0.3799191415309906,0.7866049408912659,0.3904442191123962,0.7875838279724121,2.8449249267578125,2.9749298095703125,Saccade,,,,0.0,False,37,,,
6224.0,1042.7574157714844,1123.4021759033203,0.3924542963504791,0.7786766886711121,0.4073271155357361,0.7801403999328613,2.8404083251953125,2.9776611328125,Saccade,,,,0.0,False,37,,,
6228.0,1051.7281341552734,1107.4739742279053,0.4008922874927521,0.7776110768318176,0.4108313024044037,0.7690791487693787,2.84429931640625,2.955673217773437,Saccade,,,,0.0,False,37,,,
6232.0,1081.1835479736328,1125.859079360962,0.4134521782398224,0.78190678358078,0.4223373234272003,0.7818465828895569,2.8637237548828125,2.9687652587890625,Saccade,,,,0.0,False,37,,,
6236.0,1103.6042785644531,1124.856834411621,0.4247952997684479,0.787757933139801,0.4310954213142395,0.7811505794525146,2.8408660888671875,2.982574462890625,Fixation,1104.6305167156718,1121.716395875682,180.0,24.0,True,38,word,small,3.0
6240.0,1106.6477966308591,1124.7265434265137,0.4235239326953888,0.7807591557502747,0.4322842955589294,0.7810600996017456,2.8266143798828125,2.94293212890625,Fixation,1104.6305167156718,1121.716395875682,180.0,24.0,True,38,word,small,3.0
6244.0,1112.904281616211,1125.296802520752,0.4294891059398651,0.7769768834114075,0.4347282350063324,0.7814561128616333,2.833404541015625,2.94342041015625,Fixation,1104.6305167156718,1121.716395875682,180.0,24.0,True,38,word,small,3.0
6248.0,1105.2238464355469,1126.880807876587,0.4302290380001068,0.7886440753936768,0.4317280650138855,0.7825561165809631,2.8543243408203125,2.9495391845703125,Fixation,1104.6305167156718,1121.716395875682,180.0,24.0,True,38,word,small,3.0
6252.0,1102.0861053466795,1123.573923110962,0.4268626570701599,0.7832934856414795,0.4305023849010467,0.7802596688270569,2.83367919921875,2.95513916015625,Fixation,1104.6305167156718,1121.716395875682,180.0,24.0,True,38,word,small,3.0
6256.0,1107.945327758789,1122.8199005126953,0.4305139183998108,0.7777037620544434,0.432791143655777,0.7797360420227051,2.82763671875,2.9478912353515625,Fixation,1104.6305167156718,1121.716395875682,180.0,24.0,True,38,word,small,3.0
6260.0,1107.1202850341795,1126.0150337219238,0.4303855001926422,0.7735239863395691,0.4324688613414764,0.7819548845291138,2.8131866455078125,2.93975830078125,Fixation,1104.6305167156718,1121.716395875682,180.0,24.0,True,38,word,small,3.0
6264.0,1109.4557952880857,1121.9920635223389,0.4330530762672424,0.7803434133529663,0.4333811700344085,0.7791611552238464,2.8150177001953125,2.9432525634765625,Fixation,1104.6305167156718,1121.716395875682,180.0,24.0,True,38,word,small,3.0
6268.0,1118.8033294677734,1127.3388004302979,0.4288083016872406,0.7826808094978333,0.437032550573349,0.7828741669654846,2.839569091796875,2.950775146484375,Fixation,1104.6305167156718,1121.716395875682,180.0,24.0,True,38,word,small,3.0
6272.0,1103.8787841796873,1111.7134094238281,0.4309983253479004,0.7750070691108704,0.4312026500701904,0.7720232009887695,2.83660888671875,2.92242431640625,Fixation,1104.6305167156718,1121.716395875682,180.0,24.0,True,38,word,small,3.0
6276.0,1101.1895751953123,1124.6344470977783,0.4277779459953308,0.7768267393112183,0.4301521778106689,0.7809961438179016,2.8231964111328125,2.9366455078125,Fixation,1104.6305167156718,1121.716395875682,180.0,24.0,True,38,word,small,3.0
6280.0,1108.7264251708984,1118.6719608306885,0.4268126189708709,0.7778873443603516,0.4330962598323822,0.7768555283546448,2.819931030273437,2.935211181640625,Fixation,1104.6305167156718,1121.716395875682,180.0,24.0,True,38,word,small,3.0
6284.0,1101.3568115234375,1128.0334281921387,0.4242483377456665,0.786726713180542,0.4302175045013428,0.7833565473556519,2.834136962890625,2.9451446533203125,Fixation,1104.6305167156718,1121.716395875682,180.0,24.0,True,38,word,small,3.0
6288.0,1109.8042297363281,1106.3112258911133,0.4325585961341858,0.7728680968284607,0.4335172772407532,0.7682716846466064,2.8103790283203125,2.9134674072265625,Fixation,1104.6305167156718,1121.716395875682,180.0,24.0,True,38,word,small,3.0
6292.0,1103.6434173583984,1122.1187496185303,0.430008053779602,0.7783763408660889,0.4311107099056244,0.7792491316795349,2.8160400390625,2.9542236328125,Fixation,1104.6305167156718,1121.716395875682,180.0,24.0,True,38,word,small,3.0
6296.0,1115.0537872314453,1133.5211849212646,0.4284868538379669,0.7813100814819336,0.4355678856372833,0.787167489528656,2.8293914794921875,2.96435546875,Fixation,1104.6305167156718,1121.716395875682,180.0,24.0,True,38,word,small,3.0
6300.0,1116.4910888671875,1127.6276206970215,0.4260190427303314,0.7795456647872925,0.4361293315887451,0.7830747365951538,2.8172760009765625,2.9299774169921875,Fixation,1104.6305167156718,1121.716395875682,180.0,24.0,True,38,word,small,3.0
6304.0,1102.9195404052732,1126.1091899871826,0.4300735294818878,0.7801516652107239,0.4308279454708099,0.7820202708244324,2.83258056640625,2.943756103515625,Fixation,1104.6305167156718,1121.716395875682,180.0,24.0,True,38,word,small,3.0
6308.0,1110.1464080810547,1129.1912841796875,0.4284941852092743,0.7792280912399292,0.433650940656662,0.7841606140136719,2.850433349609375,2.9594879150390625,Fixation,1104.6305167156718,1121.716395875682,180.0,24.0,True,38,word,small,3.0
6312.0,1103.1620025634763,1115.8292484283447,0.4276525676250458,0.7806787490844727,0.430922657251358,0.7748814225196838,2.819122314453125,2.9270477294921875,Fixation,1104.6305167156718,1121.716395875682,180.0,24.0,True,38,word,small,3.0
6316.0,1097.81005859375,1122.1705913543701,0.4282788932323456,0.7761467099189758,0.4288320541381836,0.7792851328849792,2.825912475585937,2.910507202148437,Fixation,1104.6305167156718,1121.716395875682,180.0,24.0,True,38,word,small,3.0
6320.0,1107.0654296875,1123.0962753295898,0.4294028282165527,0.7826564908027649,0.4324474334716797,0.7799279689788818,2.817352294921875,2.944610595703125,Fixation,1104.6305167156718,1121.716395875682,180.0,24.0,True,38,word,small,3.0
6324.0,1115.0357818603513,1115.240535736084,0.4275748133659363,0.778235137462616,0.4355608522891998,0.7744725942611694,2.825790405273437,2.9061279296875,Fixation,1104.6305167156718,1121.716395875682,180.0,24.0,True,38,word,small,3.0
6328.0,1105.8752441406248,1114.1761493682861,0.4276410341262817,0.7777664065361023,0.4319825172424316,0.7737334370613098,2.8105010986328125,2.908416748046875,Fixation,1104.6305167156718,1121.716395875682,180.0,24.0,True,38,word,small,3.0
6332.0,1099.2418670654295,1118.9918518066406,0.4245838522911072,0.7770155072212219,0.4293913543224334,0.7770776748657227,2.8033599853515625,2.9301910400390625,Fixation,1104.6305167156718,1121.716395875682,180.0,24.0,True,38,word,small,3.0
6336.0,1116.0694885253906,1118.4749794006348,0.4309477806091308,0.7752973437309265,0.4359646439552307,0.7767187356948853,2.822982788085937,2.896087646484375,Fixation,1104.6305167156718,1121.716395875682,180.0,24.0,True,38,word,small,3.0
6340.0,1097.7752685546875,1117.7155494689941,0.4271388053894043,0.776267945766449,0.4288184642791748,0.7761913537979126,2.83013916015625,2.914413452148437,Fixation,1104.6305167156718,1121.716395875682,180.0,24.0,True,38,word,small,3.0
6344.0,1102.5790405273435,1123.2064819335938,0.4310021102428436,0.7773508429527283,0.4306949377059936,0.7800045013427734,2.8040771484375,2.92474365234375,Fixation,1104.6305167156718,1121.716395875682,180.0,24.0,True,38,word,small,3.0
6348.0,1097.9634857177732,1120.3028297424316,0.4260363280773163,0.7781301140785217,0.4288919866085052,0.777988076210022,2.822372436523437,2.9357147216796875,Fixation,1104.6305167156718,1121.716395875682,180.0,24.0,True,38,word,small,3.0
6352.0,1103.0080413818357,1117.6768398284912,0.4296653866767883,0.7766240239143372,0.4308625161647796,0.7761644721031189,2.816757202148437,2.907867431640625,Fixation,1104.6305167156718,1121.716395875682,180.0,24.0,True,38,word,small,3.0
6356.0,1096.3391876220703,1128.230152130127,0.4294499456882477,0.7755438685417175,0.4282574951648712,0.783493161201477,2.8223876953125,2.95721435546875,Fixation,1104.6305167156718,1121.716395875682,180.0,24.0,True,38,word,small,3.0
6360.0,1093.5401916503904,1124.5984840393066,0.4316345155239105,0.7747000455856323,0.4271641373634338,0.7809711694717407,2.8153839111328125,2.9216461181640625,Fixation,1104.6305167156718,1121.716395875682,180.0,24.0,True,38,word,small,3.0
6364.0,1111.3629150390625,1114.2090225219727,0.4257766902446747,0.7832914590835571,0.4341261386871338,0.7737562656402588,2.830047607421875,2.897308349609375,Fixation,1104.6305167156718,1121.716395875682,180.0,24.0,True,38,word,small,3.0
6368.0,1102.63313293457,1129.0684604644775,0.4327681362628937,0.778847336769104,0.4307160675525665,0.7840753197669983,2.8265380859375,2.937042236328125,Fixation,1104.6305167156718,1121.716395875682,180.0,24.0,True,38,word,small,3.0
6372.0,1111.1807250976562,1115.6026554107666,0.4261486530303955,0.7820545434951782,0.434054970741272,0.7747240662574768,2.8594512939453125,2.918426513671875,Fixation,1104.6305167156718,1121.716395875682,180.0,24.0,True,38,word,small,3.0
6376.0,1091.6016387939453,1124.1497611999512,0.4261322319507599,0.7769436836242676,0.4264068901538849,0.780659556388855,2.8120880126953125,2.9249725341796875,Fixation,1104.6305167156718,1121.716395875682,180.0,24.0,True,38,word,small,3.0
6380.0,1105.344009399414,1121.6483974456787,0.4320906102657318,0.7728354930877686,0.4317750036716461,0.7789224982261658,2.833114624023437,2.90411376953125,Fixation,1104.6305167156718,1121.716395875682,180.0,24.0,True,38,word,small,3.0
6384.0,1098.0096435546875,1111.4493942260742,0.4303465783596039,0.7763180732727051,0.4289100170135498,0.7718398571014404,2.83026123046875,2.9075164794921875,Fixation,1104.6305167156718,1121.716395875682,180.0,24.0,True,38,word,small,3.0
6388.0,1084.434585571289,1114.1347789764404,0.4298057556152344,0.7757476568222046,0.4236072599887848,0.7737047076225281,2.791473388671875,2.91168212890625,Fixation,1104.6305167156718,1121.716395875682,180.0,24.0,True,38,word,small,3.0
6392.0,1100.7373809814453,1126.2587928771973,0.4318250715732574,0.7829844355583191,0.4299755394458771,0.7821241617202759,2.84100341796875,2.91033935546875,Fixation,1104.6305167156718,1121.716395875682,180.0,24.0,True,38,word,small,3.0
6396.0,1091.5469360351562,1126.1262702941895,0.4322841763496399,0.7691143751144409,0.4263855218887329,0.7820321321487427,2.797210693359375,2.9302520751953125,Fixation,1104.6305167156718,1121.716395875682,180.0,24.0,True,38,word,small,3.0
6400.0,1096.6867065429685,1124.4197845458984,0.4263381958007812,0.776617169380188,0.4283932447433471,0.7808470726013184,2.8134918212890625,2.918243408203125,Fixation,1104.6305167156718,1121.716395875682,180.0,24.0,True,38,word,small,3.0
6404.0,1096.396560668945,1110.0738716125488,0.4304291903972626,0.7700971364974976,0.4282799065113067,0.77088463306427,2.8242340087890625,2.8878173828125,Fixation,1104.6305167156718,1121.716395875682,180.0,24.0,True,38,word,small,3.0
6408.0,1105.0331878662107,1122.8727722167969,0.4290041029453277,0.7735512256622314,0.4316535890102386,0.7797727584838867,2.817611694335937,2.9407501220703125,Fixation,1104.6305167156718,1121.716395875682,180.0,24.0,True,38,word,small,3.0
6412.0,1093.3964538574219,1120.9213256835938,0.4315485656261444,0.7775239944458008,0.4271079897880554,0.7784175872802734,2.833221435546875,2.907089233398437,Fixation,1104.6305167156718,1121.716395875682,180.0,24.0,True,38,word,small,3.0
6416.0,1142.1736907958984,1126.8757438659668,0.4457949995994568,0.7695938348770142,0.4461615979671478,0.7825525999069214,2.8185577392578125,2.92816162109375,Fixation,1104.6305167156718,1121.716395875682,180.0,24.0,True,38,word,small,3.0
6420.0,1198.1320953369138,1125.8014869689941,0.4594868421554565,0.7704318165779114,0.468020349740982,0.7818065881729126,2.8229217529296875,2.9202117919921875,Fixation,1217.0460267500443,1115.0280891765249,172.0,25.0,True,39,word,horse,4.0
6424.0,1222.9067993164062,1114.6868419647217,0.4673542976379394,0.766802191734314,0.4776979684829712,0.7740880846977234,2.8273468017578125,2.9062652587890625,Fixation,1217.0460267500443,1115.0280891765249,172.0,25.0,True,39,word,horse,4.0
6428.0,1222.6335144042966,1111.3791847229004,0.4704532325267792,0.7625426054000854,0.4775912165641784,0.7717911005020142,2.81353759765625,2.900131225585937,Fixation,1217.0460267500443,1115.0280891765249,172.0,25.0,True,39,word,horse,4.0
6432.0,1216.2625885009763,1106.5969562530518,0.4724432229995727,0.7727817296981812,0.4751025736331939,0.7684701085090637,2.8222808837890625,2.880767822265625,Fixation,1217.0460267500443,1115.0280891765249,172.0,25.0,True,39,word,horse,4.0
6436.0,1210.9953308105469,1130.3979778289795,0.474168449640274,0.7680816054344177,0.4730450510978699,0.7849985957145691,2.82269287109375,2.9305419921875,Fixation,1217.0460267500443,1115.0280891765249,172.0,25.0,True,39,word,horse,4.0
6440.0,1214.4947814941406,1127.5971508026123,0.4717637300491333,0.7661649584770203,0.4744120240211487,0.7830535769462585,2.835479736328125,2.9219970703125,Fixation,1217.0460267500443,1115.0280891765249,172.0,25.0,True,39,word,horse,4.0
6444.0,1203.8789367675781,1122.0006465911865,0.4744522869586944,0.7627615928649902,0.4702652096748352,0.779167115688324,2.800384521484375,2.913543701171875,Fixation,1217.0460267500443,1115.0280891765249,172.0,25.0,True,39,word,horse,4.0
6448.0,1202.1910858154297,1113.911533355713,0.4744194746017456,0.7622179388999939,0.4696058928966522,0.7735496759414673,2.8249664306640625,2.8986358642578125,Fixation,1217.0460267500443,1115.0280891765249,172.0,25.0,True,39,word,horse,4.0
6452.0,1211.4987182617188,1118.1867599487305,0.4730627536773681,0.7750568389892578,0.4732416868209839,0.7765185832977295,2.8334197998046875,2.901580810546875,Fixation,1217.0460267500443,1115.0280891765249,172.0,25.0,True,39,word,horse,4.0
6456.0,1203.3979797363281,1119.2169857025146,0.4728360474109649,0.7630485892295837,0.4700773358345032,0.7772340178489685,2.807586669921875,2.9119415283203125,Fixation,1217.0460267500443,1115.0280891765249,172.0,25.0,True,39,word,horse,4.0
6460.0,1215.922927856445,1106.6699123382568,0.4752706289291382,0.7689602971076965,0.4749698936939239,0.7685207724571228,2.833831787109375,2.8907928466796875,Fixation,1217.0460267500443,1115.0280891765249,172.0,25.0,True,39,word,horse,4.0
6464.0,1222.375793457031,1105.9825801849365,0.4712947010993957,0.763458788394928,0.4774905443191528,0.7680434584617615,2.8248748779296875,2.88629150390625,Fixation,1217.0460267500443,1115.0280891765249,172.0,25.0,True,39,word,horse,4.0
6468.0,1209.7465515136719,1113.269863128662,0.4751952588558197,0.7697126269340515,0.4725572466850281,0.7731040716171265,2.827178955078125,2.906707763671875,Fixation,1217.0460267500443,1115.0280891765249,172.0,25.0,True,39,word,horse,4.0
6472.0,1216.2702941894531,1096.3284301757812,0.477559357881546,0.7729911804199219,0.4751055836677551,0.7613391876220703,2.841049194335937,2.8593292236328125,Fixation,1217.0460267500443,1115.0280891765249,172.0,25.0,True,39,word,horse,4.0
6476.0,1214.2537689208982,1109.2191696166992,0.4749821722507477,0.7606358528137207,0.4743178784847259,0.7702910900115967,2.808135986328125,2.8916473388671875,Fixation,1217.0460267500443,1115.0280891765249,172.0,25.0,True,39,word,horse,4.0
6480.0,1220.9455871582031,1125.5220222473145,0.471372127532959,0.7728341221809387,0.4769318699836731,0.7816125154495239,2.8311004638671875,2.9212646484375,Fixation,1217.0460267500443,1115.0280891765249,172.0,25.0,True,39,word,horse,4.0
6484.0,1209.2350006103516,1126.2145042419434,0.4754218757152557,0.7637060284614563,0.4723574221134186,0.7820934057235718,2.8054962158203125,2.907806396484375,Fixation,1217.0460267500443,1115.0280891765249,172.0,25.0,True,39,word,horse,4.0
6488.0,1217.7108764648438,1127.3533058166504,0.474154531955719,0.7718377709388733,0.4756683111190796,0.7828842401504517,2.8166961669921875,2.908447265625,Fixation,1217.0460267500443,1115.0280891765249,172.0,25.0,True,39,word,horse,4.0
6492.0,1223.654861450195,1120.4483127593994,0.4728992581367492,0.7703945636749268,0.4779901802539825,0.7780891060829163,2.8333740234375,2.8955535888671875,Fixation,1217.0460267500443,1115.0280891765249,172.0,25.0,True,39,word,horse,4.0
6496.0,1224.753494262695,1117.382869720459,0.4734381139278412,0.7657577395439148,0.4784193336963653,0.7759603261947632,2.81011962890625,2.9042510986328125,Fixation,1217.0460267500443,1115.0280891765249,172.0,25.0,True,39,word,horse,4.0
6500.0,1223.092346191406,1114.1683387756348,0.476913183927536,0.7755486965179443,0.477770447731018,0.7737280130386353,2.838592529296875,2.906646728515625,Fixation,1217.0460267500443,1115.0280891765249,172.0,25.0,True,39,word,horse,4.0
6504.0,1217.0136260986326,1129.1406440734863,0.4745916426181793,0.7670173645019531,0.4753959476947784,0.7841254472732544,2.8243560791015625,2.9189453125,Fixation,1217.0460267500443,1115.0280891765249,172.0,25.0,True,39,word,horse,4.0
6508.0,1226.2419891357422,1109.8577499389648,0.4731455445289612,0.7782664895057678,0.4790007770061493,0.7707345485687256,2.864501953125,2.888763427734375,Fixation,1217.0460267500443,1115.0280891765249,172.0,25.0,True,39,word,horse,4.0
6512.0,1215.52375793457,1110.5576133728027,0.4735967516899109,0.7695701718330383,0.4748139679431915,0.7712205648422241,2.819000244140625,2.9075469970703125,Fixation,1217.0460267500443,1115.0280891765249,172.0,25.0,True,39,word,horse,4.0
6516.0,1208.4449768066406,1117.333517074585,0.4772461354732513,0.770827054977417,0.472048819065094,0.7759260535240173,2.83880615234375,2.9007568359375,Fixation,1217.0460267500443,1115.0280891765249,172.0,25.0,True,39,word,horse,4.0
6520.0,1220.2436065673828,1128.2274055480957,0.4731603264808655,0.7779869437217712,0.4766576588153839,0.7834912538528442,2.8404541015625,2.913192749023437,Fixation,1217.0460267500443,1115.0280891765249,172.0,25.0,True,39,word,horse,4.0
6524.0,1223.6623382568357,1110.8932971954346,0.4720453023910522,0.7766678929328918,0.4779931008815765,0.7714536786079407,2.852630615234375,2.904037475585937,Fixation,1217.0460267500443,1115.0280891765249,172.0,25.0,True,39,word,horse,4.0
6528.0,1231.673889160156,1114.7331047058105,0.4717189371585846,0.771839439868927,0.481122612953186,0.7741202116012573,2.8109130859375,2.8926239013671875,Fixation,1217.0460267500443,1115.0280891765249,172.0,25.0,True,39,word,horse,4.0
6532.0,1225.70068359375,1110.4644012451172,0.4721018671989441,0.7696759700775146,0.4787893295288086,0.771155834197998,2.846923828125,2.8846893310546875,Fixation,1217.0460267500443,1115.0280891765249,172.0,25.0,True,39,word,horse,4.0
6536.0,1214.5182800292969,1112.3704433441162,0.4746250510215759,0.7741839289665222,0.4744212031364441,0.7724794745445251,2.83447265625,2.9046630859375,Fixation,1217.0460267500443,1115.0280891765249,172.0,25.0,True,39,word,horse,4.0
6540.0,1218.2347869873047,1110.9635066986084,0.4751402139663696,0.7768533825874329,0.4758729636669159,0.7715024352073669,2.8314208984375,2.89349365234375,Fixation,1217.0460267500443,1115.0280891765249,172.0,25.0,True,39,word,horse,4.0
6544.0,1215.7228088378906,1125.0666904449463,0.4779140651226043,0.7703943848609924,0.474891722202301,0.7812963128089905,2.82952880859375,2.9237518310546875,Fixation,1217.0460267500443,1115.0280891765249,172.0,25.0,True,39,word,horse,4.0
6548.0,1221.6062927246091,1111.5466403961182,0.4770973324775696,0.7707077860832214,0.4771899580955505,0.771907389163971,2.8162994384765625,2.91351318359375,Fixation,1217.0460267500443,1115.0280891765249,172.0,25.0,True,39,word,horse,4.0
6552.0,1212.1981811523438,1121.3593196868896,0.4765552580356598,0.7787147760391235,0.4735149145126343,0.7787217497825623,2.8436279296875,2.918609619140625,Fixation,1217.0460267500443,1115.0280891765249,172.0,25.0,True,39,word,horse,4.0
6556.0,1226.9711303710938,1119.1387939453125,0.4777558445930481,0.7716144323348999,0.4792855978012085,0.7771797180175781,2.814559936523437,2.913681030273437,Fixation,1217.0460267500443,1115.0280891765249,172.0,25.0,True,39,word,horse,4.0
6560.0,1217.2806549072266,1112.4639129638672,0.4737663567066192,0.7797260284423828,0.4755002558231354,0.7725443840026855,2.851898193359375,2.8948211669921875,Fixation,1217.0460267500443,1115.0280891765249,172.0,25.0,True,39,word,horse,4.0
6564.0,1218.6270904541016,1119.7033023834229,0.4767670631408691,0.7773679494857788,0.4760262072086334,0.7775717377662659,2.85577392578125,2.9099578857421875,Fixation,1217.0460267500443,1115.0280891765249,172.0,25.0,True,39,word,horse,4.0
6568.0,1221.8151855468748,1111.1217784881592,0.4770930707454681,0.7796924710273743,0.477271556854248,0.7716123461723328,2.838226318359375,2.9114532470703125,Fixation,1217.0460267500443,1115.0280891765249,172.0,25.0,True,39,word,horse,4.0
6572.0,1208.3202362060547,1113.8021850585938,0.4720622301101684,0.7761154770851135,0.4720000922679901,0.7734737396240234,2.838287353515625,2.9009246826171875,Fixation,1217.0460267500443,1115.0280891765249,172.0,25.0,True,39,word,horse,4.0
6576.0,1216.4956665039062,1122.4028491973877,0.4766243398189544,0.7809337973594666,0.4751936197280884,0.7794464230537415,2.832000732421875,2.92498779296875,Fixation,1217.0460267500443,1115.0280891765249,172.0,25.0,True,39,word,horse,4.0
6580.0,1208.3714294433591,1120.7286357879639,0.4773662686347961,0.7886005640029907,0.4720200896263122,0.7782837748527527,2.855712890625,2.921783447265625,Fixation,1217.0460267500443,1115.0280891765249,172.0,25.0,True,39,word,horse,4.0
6584.0,1217.7285003662107,1113.4345722198486,0.4745458364486694,0.7759398221969604,0.4756751954555511,0.7732184529304504,2.8503875732421875,2.9265899658203125,Fixation,1217.0460267500443,1115.0280891765249,172.0,25.0,True,39,word,horse,4.0
6588.0,1224.7462463378906,1092.914171218872,0.4762658178806305,0.7834250330924988,0.4784165024757385,0.75896817445755,2.845809936523437,2.89361572265625,Fixation,1217.0460267500443,1115.0280891765249,172.0,25.0,True,39,word,horse,4.0
6592.0,1234.5304870605469,1070.676555633545,0.4758215248584747,0.7591850757598877,0.4822384715080261,0.7435253858566284,2.850372314453125,2.912384033203125,Fixation,1217.0460267500443,1115.0280891765249,172.0,25.0,True,39,word,horse,4.0
6596.0,1243.2052612304685,1023.9842319488525,0.4775485098361969,0.7016085386276245,0.4856270551681518,0.711100161075592,2.8550567626953125,2.92559814453125,Saccade,,,,0.0,False,40,,,
6600.0,1254.1043853759763,966.6644382476807,0.4785826206207275,0.6509951949119568,0.4898845255374908,0.6712947487831116,2.828704833984375,2.9247589111328125,Saccade,,,,0.0,False,40,,,
6604.0,1252.719802856445,856.1608600616455,0.4835703670978546,0.5910648107528687,0.4893436729907989,0.5945561528205872,2.821868896484375,2.904769897460937,Saccade,,,,0.0,False,40,,,
6608.0,1258.1907653808594,795.3543663024902,0.477529764175415,0.5370301604270935,0.4914807677268982,0.552329421043396,2.8313751220703125,2.9236297607421875,Saccade,,,,0.0,False,40,,,
6612.0,1263.1903839111326,736.7211055755615,0.482331246137619,0.5258801579475403,0.4934337437152862,0.5116118788719177,2.8714752197265625,2.9218292236328125,Fixation,1263.419197818345,655.599902464856,296.0,26.0,True,41,image,,9.0
6616.0,1259.453125,681.8673133850098,0.4860678613185882,0.4879958927631378,0.491973876953125,0.473518967628479,2.886322021484375,2.944442749023437,Fixation,1263.419197818345,655.599902464856,296.0,26.0,True,41,image,,9.0
6620.0,1253.2688903808594,657.6755905151366,0.4871934056282043,0.4528546035289764,0.4895581603050232,0.456719160079956,2.874908447265625,2.967437744140625,Fixation,1263.419197818345,655.599902464856,296.0,26.0,True,41,image,,9.0
6624.0,1252.8327941894531,649.2849540710449,0.4895680844783783,0.4465300142765045,0.4893878102302551,0.4508923292160034,2.8701629638671875,2.9402008056640625,Fixation,1263.419197818345,655.599902464856,296.0,26.0,True,41,image,,9.0
6628.0,1254.7539520263672,641.8465662002562,0.4837198853492737,0.4575321674346924,0.4901382625102997,0.4457267820835113,2.881439208984375,2.951507568359375,Fixation,1263.419197818345,655.599902464856,296.0,26.0,True,41,image,,9.0
6632.0,1258.0709075927734,658.2011318206786,0.4873691201210022,0.4568547308444977,0.4914339482784271,0.4570841193199157,2.861923217773437,2.92755126953125,Fixation,1263.419197818345,655.599902464856,296.0,26.0,True,41,image,,9.0
6636.0,1268.0863189697263,667.5313138961792,0.4893916547298431,0.4700510203838348,0.4953462183475494,0.4635634124279022,2.8803253173828125,2.944427490234375,Fixation,1263.419197818345,655.599902464856,296.0,26.0,True,41,image,,9.0
6640.0,1268.23371887207,670.9832954406737,0.4904953837394714,0.4753070771694183,0.4954037964344024,0.4659606218338012,2.87518310546875,2.96063232421875,Fixation,1263.419197818345,655.599902464856,296.0,26.0,True,41,image,,9.0
6644.0,1259.0941619873047,655.6220054626464,0.490806519985199,0.4674758613109588,0.4918336570262909,0.45529305934906,2.889556884765625,2.96087646484375,Fixation,1263.419197818345,655.599902464856,296.0,26.0,True,41,image,,9.0
6648.0,1263.9945220947263,649.0058755874633,0.4913897514343261,0.4539211392402649,0.4937478601932525,0.4506985247135162,2.889984130859375,2.9751739501953125,Fixation,1263.419197818345,655.599902464856,296.0,26.0,True,41,image,,9.0
6652.0,1263.5906219482422,658.298463821411,0.4885124564170837,0.4574125409126282,0.4935900866985321,0.457151710987091,2.8828887939453125,2.9604644775390625,Fixation,1263.419197818345,655.599902464856,296.0,26.0,True,41,image,,9.0
6656.0,1254.5973968505857,639.3597078323364,0.4906386733055115,0.4568195939064026,0.4900771081447601,0.4439997971057892,2.8888397216796875,2.946014404296875,Fixation,1263.419197818345,655.599902464856,296.0,26.0,True,41,image,,9.0
6660.0,1259.2862701416016,645.8764457702637,0.4894805252552032,0.4534809291362762,0.4919086992740631,0.4485253095626831,2.887069702148437,2.9585723876953125,Fixation,1263.419197818345,655.599902464856,296.0,26.0,True,41,image,,9.0
6664.0,1264.564514160156,657.1821069717406,0.4887595176696777,0.4558691680431366,0.493970513343811,0.4563764631748199,2.898101806640625,2.968124389648437,Fixation,1263.419197818345,655.599902464856,296.0,26.0,True,41,image,,9.0
6668.0,1265.0960540771484,660.1431369781493,0.4904141724109649,0.4327227473258972,0.4941781461238861,0.4584327340126037,2.8378448486328125,2.9784088134765625,Fixation,1263.419197818345,655.599902464856,296.0,26.0,True,41,image,,9.0
6672.0,1260.9787750244138,665.064582824707,0.4922220110893249,0.4392502605915069,0.4925698339939117,0.4618504047393799,2.854110717773437,2.985076904296875,Fixation,1263.419197818345,655.599902464856,296.0,26.0,True,41,image,,9.0
6676.0,1266.9265747070312,648.8839960098267,0.4921316802501678,0.4022365510463714,0.4948931932449341,0.4506138861179352,2.77447509765625,2.97650146484375,Fixation,1263.419197818345,655.599902464856,296.0,26.0,True,41,image,,9.0
6680.0,1265.2056884765625,616.3939905166626,0.4898684620857239,0.4255651533603668,0.4942209720611572,0.4280513823032379,2.825958251953125,2.900054931640625,Fixation,1263.419197818345,655.599902464856,296.0,26.0,True,41,image,,9.0
6684.0,1265.3681945800781,661.6266775131226,0.4902510643005371,0.4491547346115112,0.494284451007843,0.459462970495224,2.878265380859375,2.9700927734375,Fixation,1263.419197818345,655.599902464856,296.0,26.0,True,41,image,,9.0
6688.0,1262.3468780517578,642.2671365737914,0.4930127263069153,0.4447526931762695,0.4931042492389679,0.4460188448429107,2.8729400634765625,2.94140625,Fixation,1263.419197818345,655.599902464856,296.0,26.0,True,41,image,,9.0
6692.0,1263.7251281738281,663.6804342269896,0.4939272403717041,0.4398242533206939,0.4936426281929016,0.4608891904354095,2.858245849609375,2.99810791015625,Fixation,1263.419197818345,655.599902464856,296.0,26.0,True,41,image,,9.0
6696.0,1256.4745330810547,665.7769775390625,0.4935760200023651,0.4259993731975555,0.490810364484787,0.4623451232910156,2.837371826171875,3.002685546875,Fixation,1263.419197818345,655.599902464856,296.0,26.0,True,41,image,,9.0
6700.0,1260.7517242431638,673.4388256072998,0.4905124008655548,0.4476168751716614,0.4924811422824859,0.4676658511161804,2.870391845703125,2.9907379150390625,Fixation,1263.419197818345,655.599902464856,296.0,26.0,True,41,image,,9.0
6704.0,1267.593002319336,652.4730920791626,0.4936974048614502,0.433244526386261,0.4951535165309906,0.4531063139438629,2.8400115966796875,2.9673004150390625,Fixation,1263.419197818345,655.599902464856,296.0,26.0,True,41,image,,9.0
6708.0,1262.2378540039062,647.5597572326659,0.4921300709247589,0.4196690320968628,0.4930616617202759,0.449694275856018,2.790924072265625,2.9585723876953125,Fixation,1263.419197818345,655.599902464856,296.0,26.0,True,41,image,,9.0
6712.0,1263.339614868164,647.215747833252,0.4918436706066131,0.4238146245479584,0.4934920370578766,0.4494553804397583,2.8209228515625,2.9648590087890625,Fixation,1263.419197818345,655.599902464856,296.0,26.0,True,41,image,,9.0
6716.0,1265.2450561523438,663.3807563781737,0.4909878671169281,0.4601676166057586,0.4942363500595093,0.4606810808181762,2.9127349853515625,2.988739013671875,Fixation,1263.419197818345,655.599902464856,296.0,26.0,True,41,image,,9.0
6720.0,1259.1426086425781,665.6029558181763,0.4916255176067352,0.4498783946037292,0.4918525815010071,0.4622242748737335,2.8740692138671875,2.983367919921875,Fixation,1263.419197818345,655.599902464856,296.0,26.0,True,41,image,,9.0
6724.0,1266.2721252441404,656.7446279525757,0.4911532402038574,0.4572097361087799,0.4946375489234924,0.4560726583003998,2.90020751953125,2.9752197265625,Fixation,1263.419197818345,655.599902464856,296.0,26.0,True,41,image,,9.0
6728.0,1264.2133331298828,667.1018171310424,0.4920524954795837,0.442998468875885,0.4938333332538605,0.4632651507854461,2.8669586181640625,2.9797821044921875,Fixation,1263.419197818345,655.599902464856,296.0,26.0,True,41,image,,9.0
6732.0,1256.6361999511719,660.5571842193602,0.495648980140686,0.4198008179664612,0.4908735156059265,0.4587202668190002,2.8179168701171875,2.98150634765625,Fixation,1263.419197818345,655.599902464856,296.0,26.0,True,41,image,,9.0
6736.0,1265.9558105468748,654.2297029495238,0.4920754432678222,0.4423477947711944,0.494513988494873,0.454326182603836,2.8832244873046875,2.957061767578125,Fixation,1263.419197818345,655.599902464856,296.0,26.0,True,41,image,,9.0
6740.0,1258.3235931396482,654.9007701873778,0.4882568120956421,0.4489750564098358,0.4915326535701751,0.4547922015190124,2.8977508544921875,2.957550048828125,Fixation,1263.419197818345,655.599902464856,296.0,26.0,True,41,image,,9.0
6744.0,1262.0931243896484,642.8137063980101,0.4935385584831238,0.4153063595294952,0.4930051267147064,0.4463984072208404,2.8070068359375,2.9439849853515625,Fixation,1263.419197818345,655.599902464856,296.0,26.0,True,41,image,,9.0
6748.0,1267.0880126953123,661.081953048706,0.4923067390918731,0.4237328171730041,0.4949562549591064,0.459084689617157,2.8114166259765625,2.966415405273437,Fixation,1263.419197818345,655.599902464856,296.0,26.0,True,41,image,,9.0
6752.0,1265.1476287841797,652.9795789718628,0.49154132604599,0.447884052991867,0.4941982924938202,0.4534580409526825,2.8851776123046875,2.967315673828125,Fixation,1263.419197818345,655.599902464856,296.0,26.0,True,41,image,,9.0
6756.0,1260.9923553466795,659.6127033233641,0.492261677980423,0.4143721461296081,0.4925751388072967,0.4580643773078918,2.812240600585937,2.9649200439453125,Fixation,1263.419197818345,655.599902464856,296.0,26.0,True,41,image,,9.0
6760.0,1255.1280212402341,651.5848731994629,0.493500679731369,0.4460479915142059,0.4902843832969665,0.4524894952774048,2.864898681640625,2.960357666015625,Fixation,1263.419197818345,655.599902464856,296.0,26.0,True,41,image,,9.0
6764.0,1270.2908325195312,637.1508979797363,0.4926585555076599,0.4113501906394958,0.4962073564529419,0.4424659013748169,2.796295166015625,2.9392547607421875,Fixation,1263.419197818345,655.599902464856,296.0,26.0,True,41,image,,9.0
6768.0,1261.3285064697263,658.4626150131226,0.4948014914989471,0.4276235401630401,0.4927064478397369,0.457265704870224,2.844345092773437,2.9598541259765625,Fixation,1263.419197818345,655.599902464856,296.0,26.0,True,41,image,,9.0
6772.0,1263.0373382568357,650.4577016830443,0.4929171502590179,0.4132251441478729,0.4933739602565765,0.4517067372798919,2.7893218994140625,2.94970703125,Fixation,1263.419197818345,655.599902464856,296.0,26.0,True,41,image,,9.0
6776.0,1266.9288635253906,666.6916751861571,0.495436817407608,0.4263190031051636,0.4948940873146057,0.4629803299903869,2.8195953369140625,2.968658447265625,Fixation,1263.419197818345,655.599902464856,296.0,26.0,True,41,image,,9.0
6780.0,1261.0279846191406,649.899115562439,0.4930905699729919,0.4208466410636902,0.4925890564918518,0.4513188302516937,2.8226470947265625,2.9565582275390625,Fixation,1263.419197818345,655.599902464856,296.0,26.0,True,41,image,,9.0
6784.0,1261.1032104492188,650.6006526947021,0.4922908544540405,0.418645441532135,0.4926184415817261,0.4518060088157654,2.8024139404296875,2.9422149658203125,Fixation,1263.419197818345,655.599902464856,296.0,26.0,True,41,image,,9.0
6788.0,1259.253234863281,648.3994388580322,0.4958742260932922,0.4437220990657806,0.4918957948684692,0.4502773880958557,2.877655029296875,2.94317626953125,Fixation,1263.419197818345,655.599902464856,296.0,26.0,True,41,image,,9.0
6792.0,1256.9682312011716,661.5877532958983,0.4953717589378357,0.4252258241176605,0.4910032153129577,0.4594359397888183,2.812484741210937,2.961654663085937,Fixation,1263.419197818345,655.599902464856,296.0,26.0,True,41,image,,9.0
6796.0,1265.148468017578,666.0072612762451,0.4940607845783233,0.4193554818630218,0.4941986203193664,0.462505042552948,2.7917022705078125,2.9621734619140625,Fixation,1263.419197818345,655.599902464856,296.0,26.0,True,41,image,,9.0
6800.0,1260.3355407714844,663.9051818847656,0.4908894896507263,0.4413466453552246,0.4923185706138611,0.4610452651977539,2.854248046875,2.9478302001953125,Fixation,1263.419197818345,655.599902464856,296.0,26.0,True,41,image,,9.0
6804.0,1265.4744720458984,643.2239770889282,0.4921568632125854,0.4370611608028412,0.4943259656429291,0.4466833174228668,2.833770751953125,2.9227447509765625,Fixation,1263.419197818345,655.599902464856,296.0,26.0,True,41,image,,9.0
6808.0,1264.2234039306638,649.8830652236938,0.4920852482318878,0.4367065727710724,0.4938372671604156,0.4513076841831207,2.841033935546875,2.93212890625,Fixation,1263.419197818345,655.599902464856,296.0,26.0,True,41,image,,9.0
6812.0,1260.5670928955076,664.0127706527709,0.4947462677955627,0.4325729310512543,0.4924090206623077,0.4611199796199798,2.8334503173828125,2.9455108642578125,Fixation,1263.419197818345,655.599902464856,296.0,26.0,True,41,image,,9.0
6816.0,1265.5121612548828,644.2450189590453,0.4923683702945709,0.4157488048076629,0.4943406879901886,0.4473923742771148,2.800933837890625,2.91351318359375,Fixation,1263.419197818345,655.599902464856,296.0,26.0,True,41,image,,9.0
6820.0,1263.5903167724607,635.0162029266356,0.4911362826824188,0.4364240765571594,0.4935899674892425,0.4409834742546081,2.8332061767578125,2.89581298828125,Fixation,1263.419197818345,655.599902464856,296.0,26.0,True,41,image,,9.0
6824.0,1267.9579925537107,669.589147567749,0.4931774735450744,0.4428193271160126,0.4952960908412933,0.4649924635887146,2.84759521484375,2.946136474609375,Fixation,1263.419197818345,655.599902464856,296.0,26.0,True,41,image,,9.0
6828.0,1271.0024261474607,661.0886478424071,0.4932585060596466,0.4364447593688965,0.4964853227138519,0.4590893387794494,2.828643798828125,2.93487548828125,Fixation,1263.419197818345,655.599902464856,296.0,26.0,True,41,image,,9.0
6832.0,1267.815246582031,639.2472696304321,0.4909386038780212,0.4227893352508545,0.4952403306961059,0.4439217150211334,2.8077392578125,2.89678955078125,Fixation,1263.419197818345,655.599902464856,296.0,26.0,True,41,image,,9.0
6836.0,1261.011734008789,659.1785717010498,0.4912337064743042,0.4138340950012207,0.4925827085971832,0.4577628970146179,2.784423828125,2.924774169921875,Fixation,1263.419197818345,655.599902464856,296.0,26.0,True,41,image,,9.0
6840.0,1256.0770416259766,661.3614606857299,0.4900881350040436,0.4193850755691528,0.4906550943851471,0.459278792142868,2.7733612060546875,2.9428253173828125,Fixation,1263.419197818345,655.599902464856,296.0,26.0,True,41,image,,9.0
6844.0,1262.2399902343748,655.9930515289307,0.4914709329605102,0.4402238726615906,0.4930624961853027,0.4555507302284241,2.8223114013671875,2.9226226806640625,Fixation,1263.419197818345,655.599902464856,296.0,26.0,True,41,image,,9.0
6848.0,1265.9944152832031,654.9037313461304,0.4948244988918304,0.4147331714630127,0.4945290684700012,0.4547942578792572,2.78082275390625,2.906845092773437,Fixation,1263.419197818345,655.599902464856,296.0,26.0,True,41,image,,9.0
6852.0,1267.6280212402341,650.3355646133423,0.4937062859535217,0.4112470149993896,0.4951671957969665,0.4516219198703766,2.77056884765625,2.9050750732421875,Fixation,1263.419197818345,655.599902464856,296.0,26.0,True,41,image,,9.0
6856.0,1268.1879425048826,645.8301830291747,0.4906626939773559,0.4180499315261841,0.4953859150409698,0.4484931826591491,2.759368896484375,2.8905792236328125,Fixation,1263.419197818345,655.599902464856,296.0,26.0,True,41,image,,9.0
6860.0,1263.2499694824216,645.9210348129272,0.4921912252902984,0.4168354272842407,0.493457019329071,0.4485562741756439,2.750335693359375,2.879852294921875,Fixation,1263.419197818345,655.599902464856,296.0,26.0,True,41,image,,9.0
6864.0,1270.163879394531,642.5618791580199,0.494502454996109,0.4449890851974487,0.4961577653884887,0.4462235271930694,2.826934814453125,2.8931884765625,Fixation,1263.419197818345,655.599902464856,296.0,26.0,True,41,image,,9.0
6868.0,1264.7911071777344,647.1269130706786,0.4905252456665039,0.4252206683158874,0.4940590262413025,0.4493936896324157,2.7669219970703125,2.888031005859375,Fixation,1263.419197818345,655.599902464856,296.0,26.0,True,41,image,,9.0
6872.0,1261.9821166992188,638.3354043960571,0.4931274950504303,0.4163386225700378,0.4929617643356323,0.4432884752750397,2.763275146484375,2.86993408203125,Fixation,1263.419197818345,655.599902464856,296.0,26.0,True,41,image,,9.0
6876.0,1261.7679595947263,660.8510684967041,0.4894689619541168,0.4133965969085693,0.49287810921669,0.4589243531227112,2.7530059814453125,2.892059326171875,Fixation,1263.419197818345,655.599902464856,296.0,26.0,True,41,image,,9.0
6880.0,1260.462646484375,662.7886533737181,0.4915008544921875,0.4165653586387634,0.492368221282959,0.4602698981761932,2.7393341064453125,2.9232177734375,Fixation,1263.419197818345,655.599902464856,296.0,26.0,True,41,image,,9.0
6884.0,1260.657043457031,652.6872396469116,0.4904780685901642,0.4217225015163421,0.4924441576004028,0.4532550275325775,2.7707977294921875,2.8791656494140625,Fixation,1263.419197818345,655.599902464856,296.0,26.0,True,41,image,,9.0
6888.0,1257.4962615966797,636.8214368820189,0.491041749715805,0.4137727320194244,0.491209477186203,0.4422371089458465,2.742416381835937,2.8628387451171875,Fixation,1263.419197818345,655.599902464856,296.0,26.0,True,41,image,,9.0
6892.0,1260.2225494384766,667.139582633972,0.4897665083408355,0.4190179109573364,0.4922744333744049,0.4632913768291473,2.7493438720703125,2.899398803710937,Fixation,1263.419197818345,655.599902464856,296.0,26.0,True,41,image,,9.0
6896.0,1257.5627899169922,658.5090923309326,0.4893779754638672,0.411439448595047,0.4912354648113251,0.4572979807853699,2.7130584716796875,2.8894500732421875,Fixation,1263.419197818345,655.599902464856,296.0,26.0,True,41,image,,9.0
6900.0,1262.8326416015623,640.4992389678954,0.4910275340080261,0.4153421521186828,0.4932940006256103,0.4447911381721496,2.745391845703125,2.8558807373046875,Fixation,1263.419197818345,655.599902464856,296.0,26.0,True,41,image,,9.0
6904.0,1284.3795776367188,663.5524177551268,0.4955047070980072,0.4295304417610168,0.5017107725143433,0.460800290107727,2.7729949951171875,2.867889404296875,Fixation,1263.419197818345,655.599902464856,296.0,26.0,True,41,image,,9.0
6908.0,1307.0857238769531,665.7182264328002,0.5046768188476562,0.4220026731491089,0.5105803608894348,0.4623043239116668,2.7495574951171875,2.868560791015625,Fixation,1263.419197818345,655.599902464856,296.0,26.0,True,41,image,,9.0
6912.0,1349.7898864746094,680.0707054138184,0.523514986038208,0.4136744737625122,0.5272616744041443,0.4722713232040405,2.722320556640625,2.8628082275390625,Saccade,,,,0.0,False,42,,,
6916.0,1389.7099304199219,687.0295572280884,0.5354987382888794,0.4209499657154083,0.542855441570282,0.4771038591861725,2.7147369384765625,2.8814849853515625,Saccade,,,,0.0,False,42,,,
6920.0,1424.6946716308594,657.9279327392578,0.54964679479599,0.4287478625774383,0.5565213561058044,0.4568943977355957,2.731109619140625,2.824920654296875,Saccade,,,,0.0,False,42,,,
6924.0,1452.884521484375,655.8547353744506,0.5636494159698486,0.4258586764335632,0.567533016204834,0.4554546773433685,2.729110717773437,2.817474365234375,Fixation,1478.6110455802318,645.4059494211433,352.0,27.0,True,43,image,,9.0
6928.0,1475.8905029296875,664.5686531066895,0.5694071054458618,0.4135249853134155,0.5765197277069092,0.4615060091018677,2.704559326171875,2.819000244140625,Fixation,1478.6110455802318,645.4059494211433,352.0,27.0,True,43,image,,9.0
6932.0,1494.1133117675781,641.8901681900023,0.5711416006088257,0.4300316572189331,0.5836380124092102,0.4457570612430572,2.71270751953125,2.766357421875,Fixation,1478.6110455802318,645.4059494211433,352.0,27.0,True,43,image,,9.0
6936.0,1498.687744140625,637.3080539703368,0.5703819990158081,0.4339810311794281,0.5854249000549316,0.4425750374794006,2.7161865234375,2.76629638671875,Fixation,1478.6110455802318,645.4059494211433,352.0,27.0,True,43,image,,9.0
6940.0,1486.6999816894531,644.7085905075072,0.5672951340675354,0.4367004334926605,0.5807421803474426,0.4477142989635467,2.7503662109375,2.7780914306640625,Fixation,1478.6110455802318,645.4059494211433,352.0,27.0,True,43,image,,9.0
6944.0,1486.8148803710938,616.0684347152709,0.5695615410804749,0.4294748902320862,0.5807870626449585,0.4278253018856048,2.71630859375,2.7303009033203125,Fixation,1478.6110455802318,645.4059494211433,352.0,27.0,True,43,image,,9.0
6948.0,1491.0211181640625,626.419744491577,0.5716857314109802,0.4288432002067566,0.5824301242828369,0.4350137114524841,2.737289428710937,2.7387847900390625,Fixation,1478.6110455802318,645.4059494211433,352.0,27.0,True,43,image,,9.0
6952.0,1492.3127746582031,633.5224056243895,0.5695134997367859,0.4384829103946686,0.5829346776008606,0.4399461150169372,2.724395751953125,2.7552490234375,Fixation,1478.6110455802318,645.4059494211433,352.0,27.0,True,43,image,,9.0
6956.0,1487.4069213867188,648.3166551589965,0.5660893321037292,0.4428053200244903,0.581018328666687,0.4502198994159698,2.7535400390625,2.7733306884765625,Fixation,1478.6110455802318,645.4059494211433,352.0,27.0,True,43,image,,9.0
6960.0,1489.5573425292969,640.1619243621826,0.5713437795639038,0.436702698469162,0.5818583369255066,0.4445568919181824,2.7081298828125,2.7512664794921875,Fixation,1478.6110455802318,645.4059494211433,352.0,27.0,True,43,image,,9.0
6964.0,1488.1703186035156,637.9853868484496,0.5702572464942932,0.4369708299636841,0.5813165307044983,0.4430454075336456,2.7270050048828125,2.74981689453125,Fixation,1478.6110455802318,645.4059494211433,352.0,27.0,True,43,image,,9.0
6968.0,1490.8644104003906,657.5429391860962,0.5678918957710266,0.4370551109313965,0.5823689103126526,0.4566270411014557,2.733749389648437,2.783172607421875,Fixation,1478.6110455802318,645.4059494211433,352.0,27.0,True,43,image,,9.0
6972.0,1480.4539489746094,661.5008497238159,0.5717848539352417,0.4418522119522095,0.5783023238182068,0.4593755900859833,2.7174072265625,2.79827880859375,Fixation,1478.6110455802318,645.4059494211433,352.0,27.0,True,43,image,,9.0
6976.0,1490.845947265625,647.2360467910767,0.5710031390190125,0.4425923526287079,0.5823616981506348,0.4494694769382477,2.7263641357421875,2.747299194335937,Fixation,1478.6110455802318,645.4059494211433,352.0,27.0,True,43,image,,9.0
6980.0,1483.8201904296875,644.788670539856,0.574302077293396,0.442531406879425,0.5796172618865967,0.4477699100971222,2.7381591796875,2.7626190185546875,Fixation,1478.6110455802318,645.4059494211433,352.0,27.0,True,43,image,,9.0
6984.0,1482.7156066894531,660.631170272827,0.5735004544258118,0.4367839694023132,0.5791857838630676,0.4587716460227966,2.741485595703125,2.78765869140625,Fixation,1478.6110455802318,645.4059494211433,352.0,27.0,True,43,image,,9.0
6988.0,1486.3185119628906,642.5126552581786,0.5723629593849182,0.4397863745689392,0.5805931687355042,0.4461893439292907,2.731063842773437,2.7586212158203125,Fixation,1478.6110455802318,645.4059494211433,352.0,27.0,True,43,image,,9.0
6992.0,1483.6714172363281,652.6042413711548,0.570956826210022,0.4409055411815643,0.5795591473579407,0.4531973898410797,2.718231201171875,2.759735107421875,Fixation,1478.6110455802318,645.4059494211433,352.0,27.0,True,43,image,,9.0
6996.0,1484.4316101074219,647.612714767456,0.5736223459243774,0.4397371411323547,0.5798560976982117,0.4497310519218445,2.71807861328125,2.760650634765625,Fixation,1478.6110455802318,645.4059494211433,352.0,27.0,True,43,image,,9.0
7000.0,1486.0664367675781,632.9907703399658,0.5719859004020691,0.4377104640007019,0.5804947018623352,0.4395769238471985,2.7209014892578125,2.7366943359375,Fixation,1478.6110455802318,645.4059494211433,352.0,27.0,True,43,image,,9.0
7004.0,1484.1116333007812,648.7574815750121,0.5719085335731506,0.4404139518737793,0.5797311067581177,0.4505260288715362,2.724456787109375,2.778076171875,Fixation,1478.6110455802318,645.4059494211433,352.0,27.0,True,43,image,,9.0
7008.0,1480.7472229003906,651.7909955978394,0.5706384181976318,0.438610315322876,0.5784168839454651,0.4526326358318329,2.7145538330078125,2.7811737060546875,Fixation,1478.6110455802318,645.4059494211433,352.0,27.0,True,43,image,,9.0
7012.0,1478.7066650390625,644.6226739883423,0.5724543929100037,0.4445406794548034,0.5776197910308838,0.4476546347141266,2.736190795898437,2.7594451904296875,Fixation,1478.6110455802318,645.4059494211433,352.0,27.0,True,43,image,,9.0
7016.0,1489.5745849609375,652.7085256576538,0.5694127082824707,0.4429622888565063,0.5818650722503662,0.4532698094844818,2.725738525390625,2.7654266357421875,Fixation,1478.6110455802318,645.4059494211433,352.0,27.0,True,43,image,,9.0
7020.0,1480.4266357421875,620.9815120697021,0.571952223777771,0.4387529492378235,0.578291654586792,0.4312371611595154,2.7094879150390625,2.727645874023437,Fixation,1478.6110455802318,645.4059494211433,352.0,27.0,True,43,image,,9.0
7024.0,1484.8944091796875,629.504714012146,0.5725635886192322,0.439476877450943,0.5800368785858154,0.4371560513973236,2.7141876220703125,2.7190704345703125,Fixation,1478.6110455802318,645.4059494211433,352.0,27.0,True,43,image,,9.0
7028.0,1482.8578186035156,633.1330347061157,0.5687636733055115,0.4409838318824768,0.5792413353919983,0.4396757185459137,2.6988983154296875,2.738037109375,Fixation,1478.6110455802318,645.4059494211433,352.0,27.0,True,43,image,,9.0
7032.0,1484.9183654785156,634.546022415161,0.572060763835907,0.4273839592933655,0.5800462365150452,0.4406569600105285,2.699447631835937,2.7340850830078125,Fixation,1478.6110455802318,645.4059494211433,352.0,27.0,True,43,image,,9.0
7036.0,1484.0415954589844,658.8690233230591,0.5723209381103516,0.4404267966747284,0.5797037482261658,0.4575479328632355,2.7238922119140625,2.7777252197265625,Fixation,1478.6110455802318,645.4059494211433,352.0,27.0,True,43,image,,9.0
7040.0,1483.3050537109375,650.9498977661132,0.5737221240997314,0.4361456930637359,0.579416036605835,0.4520485401153564,2.711517333984375,2.7868804931640625,Fixation,1478.6110455802318,645.4059494211433,352.0,27.0,True,43,image,,9.0
7044.0,1473.3015441894531,653.7811088562012,0.5734220743179321,0.4361536204814911,0.5755084156990051,0.4540146589279175,2.7041778564453125,2.7627716064453125,Fixation,1478.6110455802318,645.4059494211433,352.0,27.0,True,43,image,,9.0
7048.0,1479.4316101074219,658.6245775222777,0.5723890662193298,0.44380784034729,0.5779029726982117,0.4573781788349151,2.717315673828125,2.7790679931640625,Fixation,1478.6110455802318,645.4059494211433,352.0,27.0,True,43,image,,9.0
7052.0,1482.96630859375,620.2852964401245,0.5729268193244934,0.4336624443531036,0.5792837142944336,0.4307536780834198,2.6899871826171875,2.7218017578125,Fixation,1478.6110455802318,645.4059494211433,352.0,27.0,True,43,image,,9.0
7056.0,1493.7179565429688,649.3339633941649,0.5721204876899719,0.4335031807422638,0.5834835767745972,0.4509263634681701,2.7008209228515625,2.7773590087890625,Fixation,1478.6110455802318,645.4059494211433,352.0,27.0,True,43,image,,9.0
7060.0,1486.5133666992188,628.3138561248778,0.5710889101028442,0.4344990849494934,0.5806692838668823,0.4363290667533874,2.693878173828125,2.726165771484375,Fixation,1478.6110455802318,645.4059494211433,352.0,27.0,True,43,image,,9.0
7064.0,1481.7686462402344,634.2938518524169,0.5723548531532288,0.4390523135662079,0.5788158774375916,0.4404818415641784,2.694580078125,2.7613983154296875,Fixation,1478.6110455802318,645.4059494211433,352.0,27.0,True,43,image,,9.0
7068.0,1487.9740905761719,651.9707250595092,0.5752794742584229,0.4395118057727813,0.5812398791313171,0.4527574479579925,2.7171173095703125,2.7831573486328125,Fixation,1478.6110455802318,645.4059494211433,352.0,27.0,True,43,image,,9.0
7072.0,1489.49951171875,642.1742248535156,0.5731921792030334,0.4397301375865936,0.5818357467651367,0.4459543228149414,2.7237548828125,2.7542266845703125,Fixation,1478.6110455802318,645.4059494211433,352.0,27.0,True,43,image,,9.0
7076.0,1484.8446655273438,642.6445770263671,0.5761705636978149,0.4400823414325714,0.5800174474716187,0.4462809562683105,2.718978881835937,2.743270874023437,Fixation,1478.6110455802318,645.4059494211433,352.0,27.0,True,43,image,,9.0
7080.0,1486.0243225097656,644.3401193618774,0.5773851871490479,0.4304598867893219,0.5804782509803772,0.447458416223526,2.68804931640625,2.7772216796875,Fixation,1478.6110455802318,645.4059494211433,352.0,27.0,True,43,image,,9.0
7084.0,1487.0050048828125,632.4128293991089,0.5747877359390259,0.4355286061763763,0.5808613300323486,0.4391755759716034,2.698715209960937,2.7310791015625,Fixation,1478.6110455802318,645.4059494211433,352.0,27.0,True,43,image,,9.0
7088.0,1484.9371337890625,643.0085849761963,0.5756121873855591,0.4396746754646301,0.5800535678863525,0.446533739566803,2.70367431640625,2.736679077148437,Fixation,1478.6110455802318,645.4059494211433,352.0,27.0,True,43,image,,9.0
7092.0,1484.6926879882812,642.2653341293335,0.5771685838699341,0.4372862577438354,0.5799580812454224,0.4460175931453705,2.71087646484375,2.7511138916015625,Fixation,1478.6110455802318,645.4059494211433,352.0,27.0,True,43,image,,9.0
7096.0,1479.7860717773438,639.9731397628784,0.5757452845573425,0.4333440661430359,0.5780414342880249,0.4444257915019989,2.704681396484375,2.7583160400390625,Fixation,1478.6110455802318,645.4059494211433,352.0,27.0,True,43,image,,9.0
7100.0,1477.8157043457031,641.4605855941772,0.5741934776306152,0.4372342824935913,0.5772717595100403,0.4454587399959564,2.70892333984375,2.7483673095703125,Fixation,1478.6110455802318,645.4059494211433,352.0,27.0,True,43,image,,9.0
7104.0,1482.7554321289062,637.070689201355,0.5740169286727905,0.4349898993968963,0.579201340675354,0.4424102008342743,2.701263427734375,2.7392578125,Fixation,1478.6110455802318,645.4059494211433,352.0,27.0,True,43,image,,9.0
7108.0,1482.7369689941406,666.5898370742797,0.5750019550323486,0.4319311380386352,0.5791941285133362,0.4629096090793609,2.6950836181640625,2.7963104248046875,Fixation,1478.6110455802318,645.4059494211433,352.0,27.0,True,43,image,,9.0
7112.0,1480.4103088378906,637.2775411605835,0.5755734443664551,0.4380148947238922,0.578285276889801,0.442553848028183,2.709869384765625,2.7465057373046875,Fixation,1478.6110455802318,645.4059494211433,352.0,27.0,True,43,image,,9.0
7116.0,1478.2754516601562,658.2900953292846,0.5726262331008911,0.4329595267772674,0.5774513483047485,0.4571458995342254,2.7152862548828125,2.768463134765625,Fixation,1478.6110455802318,645.4059494211433,352.0,27.0,True,43,image,,9.0
7120.0,1475.6048583984375,637.567434310913,0.5754275321960449,0.4356583058834076,0.5764081478118896,0.4427551627159118,2.7241668701171875,2.7547607421875,Fixation,1478.6110455802318,645.4059494211433,352.0,27.0,True,43,image,,9.0
7124.0,1483.9068603515625,631.7807292938231,0.5735956430435181,0.4288414418697357,0.5796511173248291,0.438736617565155,2.70819091796875,2.752349853515625,Fixation,1478.6110455802318,645.4059494211433,352.0,27.0,True,43,image,,9.0
7128.0,1481.6960144042969,628.6875200271606,0.5756279230117798,0.4302733242511749,0.5787875056266785,0.4365885555744171,2.706161499023437,2.7259979248046875,Fixation,1478.6110455802318,645.4059494211433,352.0,27.0,True,43,image,,9.0
7132.0,1485.7218933105469,658.7544393539429,0.5750144720077515,0.4286820590496063,0.5803601145744324,0.4574683606624603,2.709823608398437,2.776107788085937,Fixation,1478.6110455802318,645.4059494211433,352.0,27.0,True,43,image,,9.0
7136.0,1475.2676391601562,655.8874797821044,0.5764029026031494,0.4291946291923523,0.576276421546936,0.4554774165153503,2.705230712890625,2.7666168212890625,Fixation,1478.6110455802318,645.4059494211433,352.0,27.0,True,43,image,,9.0
7140.0,1481.1280822753906,638.0165863037109,0.5756824016571045,0.4368420839309692,0.5785656571388245,0.4430670738220215,2.7183837890625,2.757568359375,Fixation,1478.6110455802318,645.4059494211433,352.0,27.0,True,43,image,,9.0
7144.0,1481.3702392578125,649.6154451370238,0.5761104226112366,0.4307589828968048,0.578660249710083,0.451121836900711,2.70172119140625,2.75048828125,Fixation,1478.6110455802318,645.4059494211433,352.0,27.0,True,43,image,,9.0
7148.0,1492.4981689453125,643.1049299240111,0.5781379342079163,0.4355509281158447,0.5830070972442627,0.4466006457805633,2.731063842773437,2.748321533203125,Fixation,1478.6110455802318,645.4059494211433,352.0,27.0,True,43,image,,9.0
7152.0,1482.5726318359375,640.2239799499512,0.5759208798408508,0.4338349103927612,0.5791299343109131,0.444599986076355,2.72930908203125,2.723373413085937,Fixation,1478.6110455802318,645.4059494211433,352.0,27.0,True,43,image,,9.0
7156.0,1478.7368774414062,643.7929058074951,0.577025830745697,0.4308293461799621,0.5776315927505493,0.4470784068107605,2.724700927734375,2.745391845703125,Fixation,1478.6110455802318,645.4059494211433,352.0,27.0,True,43,image,,9.0
7160.0,1486.5005493164062,640.9407520294188,0.5764245390892029,0.4308985471725464,0.5806642770767212,0.4450977444648742,2.71136474609375,2.737518310546875,Fixation,1478.6110455802318,645.4059494211433,352.0,27.0,True,43,image,,9.0
7164.0,1473.1954956054688,644.7096633911132,0.5755712389945984,0.4301940500736236,0.5754669904708862,0.4477150440216064,2.7185821533203125,2.756683349609375,Fixation,1478.6110455802318,645.4059494211433,352.0,27.0,True,43,image,,9.0
7168.0,1476.441650390625,652.8243541717529,0.5799890756607056,0.427886039018631,0.5767350196838379,0.4533502459526062,2.7129058837890625,2.761993408203125,Fixation,1478.6110455802318,645.4059494211433,352.0,27.0,True,43,image,,9.0
7172.0,1484.4538879394531,650.0760126113892,0.5815750360488892,0.4262652993202209,0.5798647999763489,0.4514416754245758,2.707550048828125,2.753768920898437,Fixation,1478.6110455802318,645.4059494211433,352.0,27.0,True,43,image,,9.0
7176.0,1478.5179138183594,650.3003311157227,0.5810534358024597,0.4259221851825714,0.5775460600852966,0.4515974521636963,2.7067413330078125,2.748260498046875,Fixation,1478.6110455802318,645.4059494211433,352.0,27.0,True,43,image,,9.0
7180.0,1477.2442626953125,655.9832668304443,0.5755853056907654,0.427678495645523,0.5770485401153564,0.4555439352989197,2.706329345703125,2.768417358398437,Fixation,1478.6110455802318,645.4059494211433,352.0,27.0,True,43,image,,9.0
7184.0,1490.1934814453125,640.5208683013915,0.5785727500915527,0.4352501332759857,0.5821068286895752,0.444806158542633,2.739486694335937,2.74114990234375,Fixation,1478.6110455802318,645.4059494211433,352.0,27.0,True,43,image,,9.0
7188.0,1475.40771484375,657.5332403182982,0.5770867466926575,0.4382990598678589,0.5763311386108398,0.456620305776596,2.7238311767578125,2.770965576171875,Fixation,1478.6110455802318,645.4059494211433,352.0,27.0,True,43,image,,9.0
7192.0,1465.1123046875,660.0216436386108,0.5779857039451599,0.4250350296497345,0.5723094940185547,0.4583483636379242,2.704818725585937,2.795379638671875,Fixation,1478.6110455802318,645.4059494211433,352.0,27.0,True,43,image,,9.0
7196.0,1469.5045471191406,644.1155862808228,0.5701848864555359,0.4259003400802612,0.5740252137184143,0.4473024904727936,2.723114013671875,2.763336181640625,Fixation,1478.6110455802318,645.4059494211433,352.0,27.0,True,43,image,,9.0
7200.0,1455.968017578125,648.7438774108886,0.5667506456375122,0.4280670285224914,0.5687375068664551,0.4505165815353393,2.76409912109375,2.7832794189453125,Fixation,1478.6110455802318,645.4059494211433,352.0,27.0,True,43,image,,9.0
7204.0,1460.8648681640625,632.581443786621,0.5668843388557434,0.4131399989128113,0.5706503391265869,0.4392926692962646,2.72747802734375,2.7666015625,Fixation,1478.6110455802318,645.4059494211433,352.0,27.0,True,43,image,,9.0
7208.0,1471.7701721191406,635.0644826889038,0.5716020464897156,0.416097491979599,0.5749102234840393,0.4410170018672943,2.733749389648437,2.770538330078125,Fixation,1478.6110455802318,645.4059494211433,352.0,27.0,True,43,image,,9.0
7212.0,1468.4860229492188,626.2848615646362,0.5703810453414917,0.4216189682483673,0.5736273527145386,0.4349200427532196,2.72222900390625,2.7597198486328125,Fixation,1478.6110455802318,645.4059494211433,352.0,27.0,True,43,image,,9.0
7216.0,1462.0895385742188,635.3893089294434,0.5706005096435547,0.4257368743419647,0.5711287260055542,0.4412425756454468,2.7590789794921875,2.780868530273437,Fixation,1478.6110455802318,645.4059494211433,352.0,27.0,True,43,image,,9.0
7220.0,1460.8169555664062,656.9279193878174,0.5695935487747192,0.4246224164962768,0.5706316232681274,0.4561999440193176,2.727890014648437,2.7945098876953125,Fixation,1478.6110455802318,645.4059494211433,352.0,27.0,True,43,image,,9.0
7224.0,1465.8805847167969,657.3146724700927,0.5715625882148743,0.4270956814289093,0.5726096034049988,0.4564685225486755,2.736724853515625,2.79779052734375,Fixation,1478.6110455802318,645.4059494211433,352.0,27.0,True,43,image,,9.0
7228.0,1464.58984375,658.636507987976,0.571105420589447,0.4194392263889313,0.5721054077148438,0.4573864638805389,2.7325592041015625,2.818603515625,Fixation,1478.6110455802318,645.4059494211433,352.0,27.0,True,43,image,,9.0
7232.0,1457.064208984375,664.6754693984984,0.5709683299064636,0.4263689517974853,0.5691657066345215,0.4615801870822906,2.73358154296875,2.7979736328125,Fixation,1478.6110455802318,645.4059494211433,352.0,27.0,True,43,image,,9.0
7236.0,1461.6873168945312,656.032576560974,0.5691416263580322,0.4286088645458221,0.5709716081619263,0.4555781781673431,2.756195068359375,2.788558959960937,Fixation,1478.6110455802318,645.4059494211433,352.0,27.0,True,43,image,,9.0
7240.0,1467.2789001464844,652.9766607284545,0.5663099884986877,0.4280361235141754,0.5731558203697205,0.4534560143947601,2.7364654541015625,2.7837371826171875,Fixation,1478.6110455802318,645.4059494211433,352.0,27.0,True,43,image,,9.0
7244.0,1471.6168212890625,638.3757877349854,0.5693953633308411,0.4263750314712524,0.57485032081604,0.4433165192604065,2.7507781982421875,2.759307861328125,Fixation,1478.6110455802318,645.4059494211433,352.0,27.0,True,43,image,,9.0
7248.0,1469.4783020019531,644.2876768112181,0.5703029036521912,0.4260576665401459,0.5740149617195129,0.4474219977855682,2.743927001953125,2.776473999023437,Fixation,1478.6110455802318,645.4059494211433,352.0,27.0,True,43,image,,9.0
7252.0,1465.2581787109375,672.0378971099854,0.5703473687171936,0.4265339076519012,0.57236647605896,0.4666929841041565,2.7540283203125,2.816864013671875,Fixation,1478.6110455802318,645.4059494211433,352.0,27.0,True,43,image,,9.0
7256.0,1471.3015747070312,632.5317049026489,0.5694461464881897,0.4241095781326294,0.5747271776199341,0.4392581284046173,2.750152587890625,2.743988037109375,Fixation,1478.6110455802318,645.4059494211433,352.0,27.0,True,43,image,,9.0
7260.0,1469.627685546875,633.1352233886718,0.5692659020423889,0.4185099601745605,0.574073314666748,0.4396772384643554,2.7270050048828125,2.735946655273437,Fixation,1478.6110455802318,645.4059494211433,352.0,27.0,True,43,image,,9.0
7264.0,1457.5202941894531,658.2815551757812,0.5693962574005127,0.4179974496364593,0.5693438649177551,0.4571399688720703,2.7172393798828125,2.8030548095703125,Fixation,1478.6110455802318,645.4059494211433,352.0,27.0,True,43,image,,9.0
7268.0,1458.7629699707031,664.2263603210449,0.5659904479980469,0.4147622883319855,0.5698292851448059,0.4612683057785034,2.7180328369140625,2.8000030517578125,Fixation,1478.6110455802318,645.4059494211433,352.0,27.0,True,43,image,,9.0
7272.0,1459.3336486816406,646.5437364578247,0.5662841200828552,0.4175350666046142,0.5700522065162659,0.4489887058734894,2.7290191650390625,2.768661499023437,Fixation,1478.6110455802318,645.4059494211433,352.0,27.0,True,43,image,,9.0
7276.0,1451.1238098144531,658.4249782562256,0.5651915669441223,0.4158921837806701,0.5668452382087708,0.45723956823349,2.720611572265625,2.798309326171875,Fixation,1478.6110455802318,645.4059494211433,352.0,27.0,True,43,image,,9.0
7280.0,1403.8420104980469,655.8154249191284,0.5484024882316589,0.4170560836791992,0.5483757853507996,0.4554273784160614,2.720932006835937,2.7961883544921875,Saccade,,,,0.0,False,44,,,
7284.0,1355.6706237792969,653.7459611892699,0.5211231708526611,0.4199362993240356,0.5295588374137878,0.4539902508258819,2.7344207763671875,2.8031158447265625,Saccade,,,,0.0,False,44,,,
7288.0,1292.5517272949219,651.5435886383057,0.4942313730716705,0.4081383943557739,0.5049030184745789,0.4524608254432678,2.7312469482421875,2.81805419921875,Saccade,,,,0.0,False,44,,,
7292.0,1238.6591339111326,676.1229228973388,0.4753710627555847,0.4130445718765259,0.4838512241840362,0.4695298075675964,2.7533111572265625,2.855621337890625,Saccade,,,,0.0,False,44,,,
7296.0,1207.046127319336,659.6599960327148,0.4574670791625976,0.4051489531993866,0.4715023934841156,0.4580972194671631,2.730438232421875,2.837982177734375,Saccade,,,,0.0,False,44,,,
7300.0,1164.409484863281,627.317533493042,0.4413737654685974,0.4059608280658722,0.4548474550247192,0.4356371760368347,2.731536865234375,2.790771484375,Saccade,,,,0.0,False,44,,,
7304.0,1120.5661010742188,600.0435018539429,0.428820252418518,0.4046420753002167,0.4377211332321167,0.4166968762874603,2.71624755859375,2.750961303710937,Fixation,1095.8270384773375,616.8094696317401,248.0,28.0,True,45,image,,9.0
7308.0,1102.5105285644531,618.198366165161,0.4270484149456024,0.4025203585624695,0.4306681752204895,0.4293044209480285,2.7239990234375,2.79266357421875,Fixation,1095.8270384773375,616.8094696317401,248.0,28.0,True,45,image,,9.0
7312.0,1107.5424957275388,647.6591491699218,0.4279097020626068,0.3916433751583099,0.4326337873935699,0.4497632980346679,2.693695068359375,2.84136962890625,Fixation,1095.8270384773375,616.8094696317401,248.0,28.0,True,45,image,,9.0
7316.0,1113.4818267822263,617.5747632980346,0.4279675185680389,0.3878045082092285,0.4349538385868072,0.4288713634014129,2.6942138671875,2.7880859375,Fixation,1095.8270384773375,616.8094696317401,248.0,28.0,True,45,image,,9.0
7320.0,1117.517318725586,628.7717199325562,0.430573433637619,0.3873801231384277,0.436530202627182,0.4366470277309418,2.6996612548828125,2.81304931640625,Fixation,1095.8270384773375,616.8094696317401,248.0,28.0,True,45,image,,9.0
7324.0,1101.8016052246091,632.3485422134399,0.4278341829776764,0.3943178951740265,0.430391252040863,0.4391309320926666,2.717620849609375,2.838729858398437,Fixation,1095.8270384773375,616.8094696317401,248.0,28.0,True,45,image,,9.0
7328.0,1102.5323486328125,623.2197618484496,0.4266022741794586,0.3917666971683502,0.4306766986846924,0.4327915012836456,2.69049072265625,2.8185272216796875,Fixation,1095.8270384773375,616.8094696317401,248.0,28.0,True,45,image,,9.0
7332.0,1102.780075073242,608.2187032699584,0.428253561258316,0.3985953032970428,0.4307734668254852,0.4223740994930267,2.7257232666015625,2.78924560546875,Fixation,1095.8270384773375,616.8094696317401,248.0,28.0,True,45,image,,9.0
7336.0,1097.4076843261719,620.596261024475,0.427472859621048,0.3895686566829681,0.4286748766899109,0.430969625711441,2.7010040283203125,2.783172607421875,Fixation,1095.8270384773375,616.8094696317401,248.0,28.0,True,45,image,,9.0
7340.0,1098.7120056152344,624.4190740585326,0.4270094931125641,0.3989072144031524,0.4291843771934509,0.4336243569850921,2.729476928710937,2.81243896484375,Fixation,1095.8270384773375,616.8094696317401,248.0,28.0,True,45,image,,9.0
7344.0,1101.7241668701172,615.9278869628905,0.4245264530181885,0.3953143060207367,0.4303610026836395,0.4277276992797851,2.7013397216796875,2.79962158203125,Fixation,1095.8270384773375,616.8094696317401,248.0,28.0,True,45,image,,9.0
7348.0,1100.7544708251953,660.9855651855469,0.4242868721485138,0.3954861164093017,0.4299822151660919,0.4590177536010742,2.700714111328125,2.876617431640625,Fixation,1095.8270384773375,616.8094696317401,248.0,28.0,True,45,image,,9.0
7352.0,1092.1300506591795,628.321967124939,0.4250491857528686,0.3968849182128906,0.426613301038742,0.4363346993923187,2.709259033203125,2.82037353515625,Fixation,1095.8270384773375,616.8094696317401,248.0,28.0,True,45,image,,9.0
7356.0,1095.7860565185547,622.5317859649658,0.4247924983501434,0.3956054449081421,0.4280414283275604,0.4323137402534485,2.7109375,2.8201141357421875,Fixation,1095.8270384773375,616.8094696317401,248.0,28.0,True,45,image,,9.0
7360.0,1096.6480255126953,618.1881093978882,0.4287903606891632,0.4040597677230835,0.4283781349658966,0.4292972981929779,2.7370758056640625,2.805526733398437,Fixation,1095.8270384773375,616.8094696317401,248.0,28.0,True,45,image,,9.0
7364.0,1096.3341522216795,625.1876449584961,0.4267060458660126,0.3914978206157684,0.4282555282115936,0.4341580867767334,2.7061920166015625,2.816390991210937,Fixation,1095.8270384773375,616.8094696317401,248.0,28.0,True,45,image,,9.0
7368.0,1098.519515991211,622.9199123382568,0.4252386391162872,0.4017767012119293,0.4291091859340668,0.4325832724571228,2.744415283203125,2.824447631835937,Fixation,1095.8270384773375,616.8094696317401,248.0,28.0,True,45,image,,9.0
7372.0,1097.6322174072266,588.6921787261963,0.4248091280460357,0.3948399722576141,0.4287625849246979,0.408814013004303,2.701141357421875,2.76715087890625,Fixation,1095.8270384773375,616.8094696317401,248.0,28.0,True,45,image,,9.0
7376.0,1094.6267700195312,611.4126777648925,0.425516277551651,0.4046999216079712,0.4275885820388794,0.4245921373367309,2.72869873046875,2.802719116210937,Fixation,1095.8270384773375,616.8094696317401,248.0,28.0,True,45,image,,9.0
7380.0,1094.7134399414062,605.6574726104736,0.4276004135608673,0.3950766026973724,0.4276224374771118,0.4205954670906067,2.7288818359375,2.77764892578125,Fixation,1095.8270384773375,616.8094696317401,248.0,28.0,True,45,image,,9.0
7384.0,1096.8375396728513,624.6144247055053,0.4257367551326751,0.3956169188022613,0.4284521639347076,0.4337600171566009,2.7226104736328125,2.8277740478515625,Fixation,1095.8270384773375,616.8094696317401,248.0,28.0,True,45,image,,9.0
7388.0,1097.5836944580078,602.2645425796509,0.4266964495182037,0.3975664377212524,0.4287436306476593,0.4182392656803131,2.7108612060546875,2.7730255126953125,Fixation,1095.8270384773375,616.8094696317401,248.0,28.0,True,45,image,,9.0
7392.0,1100.3533935546875,604.6997308731079,0.4265000224113464,0.3959285616874695,0.4298255443572998,0.4199303686618805,2.703521728515625,2.770111083984375,Fixation,1095.8270384773375,616.8094696317401,248.0,28.0,True,45,image,,9.0
7396.0,1092.4320220947263,606.4962100982666,0.4277635216712951,0.3966060876846313,0.4267312586307525,0.4211779236793518,2.717864990234375,2.8017730712890625,Fixation,1095.8270384773375,616.8094696317401,248.0,28.0,True,45,image,,9.0
7400.0,1100.984115600586,633.1463384628296,0.4258937239646911,0.4004594087600708,0.4300719201564789,0.4396849572658539,2.713119506835937,2.823028564453125,Fixation,1095.8270384773375,616.8094696317401,248.0,28.0,True,45,image,,9.0
7404.0,1090.7505798339841,637.8783988952637,0.4256189167499542,0.3946330547332763,0.4260744452476501,0.4429711103439331,2.7186737060546875,2.8288116455078125,Fixation,1095.8270384773375,616.8094696317401,248.0,28.0,True,45,image,,9.0
7408.0,1090.40657043457,598.623776435852,0.424882173538208,0.4047672152519226,0.425940066576004,0.4157109558582306,2.732208251953125,2.772430419921875,Fixation,1095.8270384773375,616.8094696317401,248.0,28.0,True,45,image,,9.0
7412.0,1092.1454620361328,607.6781845092773,0.4263472557067871,0.3956249058246612,0.4266193211078644,0.4219987392425537,2.7191162109375,2.792510986328125,Fixation,1095.8270384773375,616.8094696317401,248.0,28.0,True,45,image,,9.0
7416.0,1097.758560180664,621.4614343643188,0.4259992241859436,0.3973295390605926,0.4288119375705719,0.431570440530777,2.72076416015625,2.81536865234375,Fixation,1095.8270384773375,616.8094696317401,248.0,28.0,True,45,image,,9.0
7420.0,1098.364562988281,614.7441959381102,0.4253993630409241,0.400967001914978,0.4290486574172973,0.4269056916236877,2.70526123046875,2.8057861328125,Fixation,1095.8270384773375,616.8094696317401,248.0,28.0,True,45,image,,9.0
7424.0,1089.4898223876953,624.8653078079224,0.425045371055603,0.3989039957523346,0.4255819618701935,0.4339342415332794,2.7059478759765625,2.8201446533203125,Fixation,1095.8270384773375,616.8094696317401,248.0,28.0,True,45,image,,9.0
7428.0,1086.6278076171873,603.7655067443847,0.4251256287097931,0.4019775986671448,0.4244639873504638,0.4192816019058227,2.713592529296875,2.785186767578125,Fixation,1095.8270384773375,616.8094696317401,248.0,28.0,True,45,image,,9.0
7432.0,1089.0653991699216,600.7254695892334,0.4277454018592834,0.4014837145805359,0.4254161715507507,0.4171704649925232,2.7345123291015625,2.7707977294921875,Fixation,1095.8270384773375,616.8094696317401,248.0,28.0,True,45,image,,9.0
7436.0,1089.3212890624998,604.6785306930541,0.424006700515747,0.4024996757507324,0.425516128540039,0.4199156463146209,2.702606201171875,2.7790985107421875,Fixation,1095.8270384773375,616.8094696317401,248.0,28.0,True,45,image,,9.0
7440.0,1091.9489288330078,610.3133153915404,0.4257500171661377,0.3937011063098907,0.4265425503253937,0.4238286912441253,2.7096405029296875,2.7960968017578125,Fixation,1095.8270384773375,616.8094696317401,248.0,28.0,True,45,image,,9.0
7444.0,1093.6144256591795,608.0361413955688,0.431058406829834,0.3983698785305023,0.427193135023117,0.4222473204135895,2.710189819335937,2.777328491210937,Fixation,1095.8270384773375,616.8094696317401,248.0,28.0,True,45,image,,9.0
7448.0,1087.3185729980466,605.5000162124633,0.4263283312320709,0.3981302082538605,0.424733817577362,0.4204861223697662,2.708648681640625,2.783065795898437,Fixation,1095.8270384773375,616.8094696317401,248.0,28.0,True,45,image,,9.0
7452.0,1094.3395233154297,604.9502277374266,0.4247193932533264,0.394509881734848,0.4274763762950897,0.4201043248176574,2.7146453857421875,2.7849273681640625,Fixation,1095.8270384773375,616.8094696317401,248.0,28.0,True,45,image,,9.0
7456.0,1093.2977294921873,602.751202583313,0.426996499300003,0.3942746222019195,0.4270694255828857,0.4185772240161896,2.694442749023437,2.796493530273437,Fixation,1095.8270384773375,616.8094696317401,248.0,28.0,True,45,image,,9.0
7460.0,1094.5066833496091,609.8297452926636,0.4294071495532989,0.3971639275550842,0.4275416731834411,0.4234928786754608,2.719085693359375,2.7873992919921875,Fixation,1095.8270384773375,616.8094696317401,248.0,28.0,True,45,image,,9.0
7464.0,1090.015640258789,627.6933860778807,0.4277154505252838,0.4009679853916168,0.4257873594760895,0.4358981847763061,2.7109527587890625,2.819122314453125,Fixation,1095.8270384773375,616.8094696317401,248.0,28.0,True,45,image,,9.0
7468.0,1090.4949951171873,614.7079753875731,0.4256691932678222,0.3897934854030609,0.4259746074676513,0.4268805384635925,2.6916961669921875,2.78106689453125,Fixation,1095.8270384773375,616.8094696317401,248.0,28.0,True,45,image,,9.0
7472.0,1087.2471618652344,611.3663291931151,0.4251728951931,0.399364173412323,0.4247059226036072,0.4245599508285522,2.696884155273437,2.806640625,Fixation,1095.8270384773375,616.8094696317401,248.0,28.0,True,45,image,,9.0
7476.0,1097.8019714355469,613.7568426132201,0.4255295395851135,0.3982020318508148,0.4288288950920105,0.426220029592514,2.69305419921875,2.8036346435546875,Fixation,1095.8270384773375,616.8094696317401,248.0,28.0,True,45,image,,9.0
7480.0,1083.9398193359375,626.1711359024048,0.42693692445755,0.4029833972454071,0.4234139919281006,0.4348410665988922,2.6991119384765625,2.8247528076171875,Fixation,1095.8270384773375,616.8094696317401,248.0,28.0,True,45,image,,9.0
7484.0,1082.5398254394531,636.3514709472656,0.4283685386180877,0.4001497328281402,0.4228671193122864,0.4419107437133789,2.727386474609375,2.8266754150390625,Fixation,1095.8270384773375,616.8094696317401,248.0,28.0,True,45,image,,9.0
7488.0,1093.8177490234375,604.114408493042,0.4273305833339691,0.4028066396713257,0.4272725582122803,0.4195238947868347,2.71942138671875,2.7846832275390625,Fixation,1095.8270384773375,616.8094696317401,248.0,28.0,True,45,image,,9.0
7492.0,1094.7970581054685,615.7129240036011,0.4266793131828308,0.3960487246513366,0.4276551008224487,0.4275784194469452,2.70556640625,2.79742431640625,Fixation,1095.8270384773375,616.8094696317401,248.0,28.0,True,45,image,,9.0
7496.0,1098.5218811035156,635.1155090332031,0.425993412733078,0.4029849767684936,0.4291101098060608,0.4410524368286133,2.717803955078125,2.81109619140625,Fixation,1095.8270384773375,616.8094696317401,248.0,28.0,True,45,image,,9.0
7500.0,1099.4355010986326,609.5245313644409,0.4264328479766845,0.4017498791217804,0.4294669926166534,0.4232809245586395,2.7060089111328125,2.7806854248046875,Fixation,1095.8270384773375,616.8094696317401,248.0,28.0,True,45,image,,9.0
7504.0,1094.0895843505857,600.397810935974,0.425184816122055,0.3970376849174499,0.4273787438869476,0.4169429242610931,2.7136993408203125,2.7708740234375,Fixation,1095.8270384773375,616.8094696317401,248.0,28.0,True,45,image,,9.0
7508.0,1090.331802368164,642.3461437225342,0.4267812371253967,0.4140467643737793,0.4259108603000641,0.4460737109184265,2.720306396484375,2.857574462890625,Fixation,1095.8270384773375,616.8094696317401,248.0,28.0,True,45,image,,9.0
7512.0,1094.2829132080076,616.540846824646,0.4269677102565765,0.4057544469833374,0.427454262971878,0.4281533658504486,2.70831298828125,2.79058837890625,Fixation,1095.8270384773375,616.8094696317401,248.0,28.0,True,45,image,,9.0
7516.0,1091.9267272949216,619.4534254074097,0.4273222088813782,0.4091722071170807,0.4265338778495788,0.4301759898662567,2.7205810546875,2.7948150634765625,Fixation,1095.8270384773375,616.8094696317401,248.0,28.0,True,45,image,,9.0
7520.0,1093.7230682373045,617.8731966018677,0.4262412190437317,0.4093578457832336,0.4272355735301971,0.429078608751297,2.727035522460937,2.7882080078125,Fixation,1095.8270384773375,616.8094696317401,248.0,28.0,True,45,image,,9.0
7524.0,1091.5672302246091,617.9028081893921,0.4256697595119476,0.4044919610023498,0.426393449306488,0.4290991723537445,2.736114501953125,2.813339233398437,Fixation,1095.8270384773375,616.8094696317401,248.0,28.0,True,45,image,,9.0
7528.0,1088.6763763427734,605.7703828811646,0.4283070564270019,0.4109881520271301,0.4252642095088959,0.4206738770008087,2.740097045898437,2.802108764648437,Fixation,1095.8270384773375,616.8094696317401,248.0,28.0,True,45,image,,9.0
7532.0,1098.1551361083982,626.9430112838745,0.4285996258258819,0.4033301174640655,0.4289668500423431,0.4353770911693573,2.7110137939453125,2.812469482421875,Fixation,1095.8270384773375,616.8094696317401,248.0,28.0,True,45,image,,9.0
7536.0,1088.6502838134766,610.7605361938475,0.4292604923248291,0.4115344285964966,0.4252540171146393,0.4241392612457275,2.7257232666015625,2.794525146484375,Fixation,1095.8270384773375,616.8094696317401,248.0,28.0,True,45,image,,9.0
7540.0,1099.499816894531,606.3214159011841,0.427275151014328,0.4112418889999389,0.4294921159744262,0.4210565388202667,2.730987548828125,2.78448486328125,Fixation,1095.8270384773375,616.8094696317401,248.0,28.0,True,45,image,,9.0
7544.0,1093.133544921875,619.0242719650267,0.4296841025352478,0.4021009504795074,0.4270052909851074,0.4298779666423797,2.725738525390625,2.8031005859375,Fixation,1095.8270384773375,616.8094696317401,248.0,28.0,True,45,image,,9.0
7548.0,1098.4404754638672,603.2590198516846,0.430717796087265,0.413774698972702,0.4290783107280731,0.4189298748970032,2.7319488525390625,2.7874908447265625,Fixation,1095.8270384773375,616.8094696317401,248.0,28.0,True,45,image,,9.0
7552.0,1095.1473236083982,629.9914598464965,0.4260080456733703,0.4095695316791534,0.4277919232845306,0.4374940693378448,2.7347564697265625,2.83270263671875,Fixation,1095.8270384773375,616.8094696317401,248.0,28.0,True,45,image,,9.0
