timestamp,x,y,l_x,l_y,r_x,r_y,pupil_l,pupil_r,event_type,fixation_x,fixation_y,event_duration,fixation_id,merged,event_id,aoi_type,aoi,aoi_id
0.0,1099.7797393798828,685.0405168533325,0.4145450294017792,0.4786785244941711,0.4296014606952667,0.4757225811481476,2.5751953125,2.6251220703125,Saccade,,,,0.0,False,1,,,
4.0,1103.731460571289,688.5039997100829,0.4155729115009308,0.453277587890625,0.4311451017856598,0.4781277775764465,2.55987548828125,2.608673095703125,Saccade,,,,0.0,False,1,,,
8.0,1085.940246582031,669.4374418258667,0.4250350892543793,0.468345046043396,0.4241954088211059,0.4648871123790741,2.5782928466796875,2.6135406494140625,Saccade,,,,0.0,False,1,,,
12.0,1106.0804748535154,672.3030281066895,0.4237821698188782,0.4634717106819153,0.4320626854896545,0.4668771028518677,2.588348388671875,2.616561889648437,Saccade,,,,0.0,False,1,,,
16.0,1103.3647155761716,668.875765800476,0.4215898215770721,0.4687743484973907,0.4310018420219421,0.4644970595836639,2.5739288330078125,2.60394287109375,Saccade,,,,0.0,False,1,,,
20.0,1096.103515625,666.3915252685547,,,0.4281654357910156,0.4627718925476074,,2.607177734375,Saccade,,,,0.0,False,1,,,
24.0,1107.7721405029297,684.8383855819701,0.4216846525669098,0.4669550359249115,0.4327234923839569,0.4755822122097015,2.592987060546875,2.6231689453125,Saccade,,,,0.0,False,1,,,
28.0,1103.544998168945,649.6580171585082,0.4204646050930023,0.4549084603786468,0.4310722649097442,0.4511514008045196,2.573455810546875,2.605987548828125,Saccade,,,,0.0,False,1,,,
32.0,1104.072799682617,669.4788122177123,0.4222738742828369,0.4638810753822326,0.4312784373760223,0.4649158418178558,2.591644287109375,2.5985870361328125,Saccade,,,,0.0,False,1,,,
36.0,1114.0602874755857,718.3265590667725,0.4292038083076477,0.4761544466018677,0.4351797997951507,0.4988378882408142,2.5675201416015625,2.64849853515625,Saccade,,,,0.0,False,1,,,
40.0,1152.3250579833984,679.9304151535033,0.4460272192955017,0.4863118827342987,0.450126975774765,0.4721738994121551,2.590805053710937,2.604217529296875,Fixation,1164.5195089541724,683.8674541963113,224.0,1.0,True,2,image,,9.0
44.0,1189.935836791992,708.8317537307738,0.4537375569343567,0.4987168312072754,0.4648186862468719,0.4922442734241485,2.6326141357421875,2.6385955810546875,Fixation,1164.5195089541724,683.8674541963113,224.0,1.0,True,2,image,,9.0
48.0,1176.6806030273435,702.0953750610352,0.45877605676651,0.5019620656967163,0.4596408605575561,0.4875662326812744,2.64154052734375,2.6341705322265625,Fixation,1164.5195089541724,683.8674541963113,224.0,1.0,True,2,image,,9.0
52.0,1164.7704315185547,678.4430551528931,,,0.4549884498119354,0.4711410105228424,,2.593475341796875,Fixation,1164.5195089541724,683.8674541963113,224.0,1.0,True,2,image,,9.0
56.0,1159.8118591308591,695.1382827758788,0.453544408082962,0.505422830581665,0.4530515074729919,0.4827349185943603,2.6178741455078125,2.608612060546875,Fixation,1164.5195089541724,683.8674541963113,224.0,1.0,True,2,image,,9.0
60.0,1167.6068878173826,706.6394662857055,0.4524113833904266,0.4993340373039245,0.4560964405536651,0.4907218515872955,2.6296539306640625,2.618896484375,Fixation,1164.5195089541724,683.8674541963113,224.0,1.0,True,2,image,,9.0
64.0,1174.9977874755857,698.5208702087402,0.4532217383384704,0.5065271258354187,0.4589835107326507,0.4850839376449585,2.63525390625,2.647079467773437,Fixation,1164.5195089541724,683.8674541963113,224.0,1.0,True,2,image,,9.0
68.0,1166.0386657714844,695.9119176864623,0.4569503366947174,0.4937102794647217,0.4554838538169861,0.4832721650600433,2.64031982421875,2.6047821044921875,Fixation,1164.5195089541724,683.8674541963113,224.0,1.0,True,2,image,,9.0
72.0,1161.1318206787107,684.0705871582031,0.457949161529541,0.4765324294567108,0.4535671174526214,0.4750490188598633,2.578475952148437,2.6200408935546875,Fixation,1164.5195089541724,683.8674541963113,224.0,1.0,True,2,image,,9.0
76.0,1163.2617187499998,685.268096923828,0.4595192670822143,0.5029194951057434,0.4543991088867187,0.4758806228637695,2.636260986328125,2.56658935546875,Fixation,1164.5195089541724,683.8674541963113,224.0,1.0,True,2,image,,9.0
80.0,1178.0857849121094,680.8705615997314,0.4534676373004913,0.4923253357410431,0.4601897597312927,0.4728267788887024,2.639373779296875,2.5915985107421875,Fixation,1164.5195089541724,683.8674541963113,224.0,1.0,True,2,image,,9.0
84.0,1178.6735534667966,671.1098098754883,0.4572827219963074,0.4933273494243622,0.4604193568229675,0.4660484790802002,2.6082763671875,2.5854949951171875,Fixation,1164.5195089541724,683.8674541963113,224.0,1.0,True,2,image,,9.0
88.0,1174.7991943359375,623.7631130218505,0.4538589119911194,0.4958996772766113,0.4589059352874756,0.4331688284873962,2.632171630859375,2.5503082275390625,Fixation,1164.5195089541724,683.8674541963113,224.0,1.0,True,2,image,,9.0
92.0,1188.4291076660154,707.64235496521,0.4628123939037323,0.5000491142272949,0.4642301201820373,0.4914183020591736,2.6053924560546875,2.6324005126953125,Fixation,1164.5195089541724,683.8674541963113,224.0,1.0,True,2,image,,9.0
96.0,1177.0877838134766,666.8563842773436,0.4531142115592956,0.4927345514297485,0.4597999155521393,0.4630947113037109,2.619125366210937,2.58416748046875,Fixation,1164.5195089541724,683.8674541963113,224.0,1.0,True,2,image,,9.0
100.0,1181.3207244873047,665.1435041427611,0.4595992565155029,0.4962114691734314,0.4614534080028534,0.4619052112102508,2.6129150390625,2.5779571533203125,Fixation,1164.5195089541724,683.8674541963113,224.0,1.0,True,2,image,,9.0
104.0,1176.4334869384766,687.8873920440674,0.4631480276584625,0.486490249633789,0.4595443308353424,0.4776995778083801,2.5996856689453125,2.597900390625,Fixation,1164.5195089541724,683.8674541963113,224.0,1.0,True,2,image,,9.0
108.0,1163.536148071289,699.8482418060303,0.4616028368473053,0.5012890100479126,0.4545063078403473,0.4860057234764099,2.6166229248046875,2.625885009765625,Fixation,1164.5195089541724,683.8674541963113,224.0,1.0,True,2,image,,9.0
112.0,1168.4368896484375,687.5287055969237,0.461008220911026,0.499338299036026,0.4564206600189209,0.4774504899978637,2.641326904296875,2.610137939453125,Fixation,1164.5195089541724,683.8674541963113,224.0,1.0,True,2,image,,9.0
116.0,1170.7081604003906,693.2038307189941,0.4514402449131012,0.4912716448307037,0.4573078751564026,0.4813915491104126,2.6021881103515625,2.6085357666015625,Fixation,1164.5195089541724,683.8674541963113,224.0,1.0,True,2,image,,9.0
120.0,1175.8079528808594,714.6018505096434,0.4606217443943023,0.5004433393478394,0.4592999815940857,0.4962512850761413,2.64642333984375,2.6334686279296875,Fixation,1164.5195089541724,683.8674541963113,224.0,1.0,True,2,image,,9.0
124.0,1176.4733123779297,660.2258777618407,0.452784925699234,0.4811433851718902,0.4595598876476288,0.4584901928901672,2.579452514648437,2.558441162109375,Fixation,1164.5195089541724,683.8674541963113,224.0,1.0,True,2,image,,9.0
128.0,1166.6855621337888,697.9438304901122,0.4652338624000549,0.4877663254737854,0.4557365477085113,0.4846832156181335,2.586044311523437,2.6120147705078125,Fixation,1164.5195089541724,683.8674541963113,224.0,1.0,True,2,image,,9.0
132.0,1179.4584655761716,712.1101856231688,0.4587141275405884,0.493195116519928,0.4607259631156921,0.4945209622383117,2.6280517578125,2.6394195556640625,Fixation,1164.5195089541724,683.8674541963113,224.0,1.0,True,2,image,,9.0
136.0,1173.145065307617,651.9423151016235,0.461934745311737,0.5128807425498962,0.4582597911357879,0.4527377188205719,2.656036376953125,2.5630645751953125,Fixation,1164.5195089541724,683.8674541963113,224.0,1.0,True,2,image,,9.0
140.0,1163.5791015624998,685.7098674774169,0.4535053670406341,0.4861359298229217,0.4545230865478515,0.4761874079704284,2.589080810546875,2.598388671875,Fixation,1164.5195089541724,683.8674541963113,224.0,1.0,True,2,image,,9.0
144.0,1161.6281127929688,686.2442064285277,0.4511703550815582,0.4948752522468567,0.4537609815597534,0.4765584766864776,2.612167358398437,2.59039306640625,Fixation,1164.5195089541724,683.8674541963113,224.0,1.0,True,2,image,,9.0
148.0,1160.7782745361328,677.9272985458374,0.4457686245441437,0.4767695665359497,0.4534290134906769,0.4707828462123871,2.6244659423828125,2.627044677734375,Fixation,1164.5195089541724,683.8674541963113,224.0,1.0,True,2,image,,9.0
152.0,1159.052276611328,686.8653631210326,0.4590435326099396,0.4998969137668609,0.4527547955513,0.4769898355007171,2.6453857421875,2.6065826416015625,Fixation,1164.5195089541724,683.8674541963113,224.0,1.0,True,2,image,,9.0
156.0,1171.0787200927734,681.0822629928589,0.4586277902126312,0.4949516355991363,0.4574526250362396,0.4729737937450409,2.628265380859375,2.594390869140625,Fixation,1164.5195089541724,683.8674541963113,224.0,1.0,True,2,image,,9.0
160.0,1179.304504394531,683.8339948654175,0.45897376537323,0.4626555740833282,0.4606658220291137,0.4748847186565399,2.5364990234375,2.6186065673828125,Fixation,1164.5195089541724,683.8674541963113,224.0,1.0,True,2,image,,9.0
164.0,1169.107666015625,681.1586952209473,0.4528847336769104,0.4962952733039856,0.4566826820373535,0.4730268716812134,2.6175537109375,2.592437744140625,Fixation,1164.5195089541724,683.8674541963113,224.0,1.0,True,2,image,,9.0
168.0,1172.5944519042966,688.825306892395,0.4575708210468292,0.5002716779708862,0.4580447077751159,0.4783509075641632,2.61126708984375,2.601547241210937,Fixation,1164.5195089541724,683.8674541963113,224.0,1.0,True,2,image,,9.0
172.0,1171.1185455322266,688.3515214920043,0.471994012594223,0.4521997272968292,0.457468181848526,0.478021889925003,2.502288818359375,2.5865936279296875,Fixation,1164.5195089541724,683.8674541963113,224.0,1.0,True,2,image,,9.0
176.0,1153.9957427978513,672.043046951294,0.4523312151432037,0.5065298676490784,0.4507795870304107,0.466696560382843,2.6502838134765625,2.5573272705078125,Fixation,1164.5195089541724,683.8674541963113,224.0,1.0,True,2,image,,9.0
180.0,1166.1462402343748,694.489231109619,0.4587421715259552,0.4722884893417358,0.4555258750915527,0.4822841882705688,2.600860595703125,2.6162567138671875,Fixation,1164.5195089541724,683.8674541963113,224.0,1.0,True,2,image,,9.0
184.0,1166.6024780273435,672.7387905120848,0.4583478569984436,0.4893437027931213,0.4557040929794311,0.4671797156333923,2.61468505859375,2.5774078369140625,Fixation,1164.5195089541724,683.8674541963113,224.0,1.0,True,2,image,,9.0
188.0,1156.8407440185547,682.8214502334594,0.4539007842540741,0.4877218306064605,0.4518909156322479,0.4741815626621246,2.621337890625,2.583953857421875,Fixation,1164.5195089541724,683.8674541963113,224.0,1.0,True,2,image,,9.0
192.0,1164.8082733154297,632.0269346237181,0.4587073922157287,0.49078568816185,0.4550032317638397,0.4389075934886932,2.637908935546875,2.5280914306640625,Fixation,1164.5195089541724,683.8674541963113,224.0,1.0,True,2,image,,9.0
196.0,1146.703643798828,713.605442047119,0.4588029086589813,0.4877081513404846,0.4479311108589172,0.4955593347549438,2.6006317138671875,2.6212158203125,Fixation,1164.5195089541724,683.8674541963113,224.0,1.0,True,2,image,,9.0
200.0,1149.751739501953,657.4005460739136,0.4591105580329895,0.4753919541835785,0.4491217732429504,0.4565281569957733,2.5986480712890625,2.55267333984375,Fixation,1164.5195089541724,683.8674541963113,224.0,1.0,True,2,image,,9.0
204.0,1148.1115722656248,639.666166305542,0.4518631994724273,0.4875085949897766,0.4484810829162597,0.4442126154899597,2.62640380859375,2.515228271484375,Fixation,1164.5195089541724,683.8674541963113,224.0,1.0,True,2,image,,9.0
208.0,1152.1957397460935,691.0385370254515,0.4431812763214111,0.4878798127174377,0.4500764608383178,0.4798878729343414,2.6626434326171875,2.572250366210937,Fixation,1164.5195089541724,683.8674541963113,224.0,1.0,True,2,image,,9.0
212.0,1156.9715881347656,697.0160436630248,0.4571432173252105,0.4850837290287018,0.4519420266151428,0.4840389192104339,2.5974884033203125,2.5826873779296875,Fixation,1164.5195089541724,683.8674541963113,224.0,1.0,True,2,image,,9.0
216.0,1166.8784332275388,701.7287921905518,0.4512051939964294,0.4827337265014648,0.4558118879795074,0.4873116612434387,2.5975341796875,2.592620849609375,Fixation,1164.5195089541724,683.8674541963113,224.0,1.0,True,2,image,,9.0
220.0,1167.621078491211,679.1200876235962,0.4556164145469665,0.4765022695064544,0.4561019837856293,0.4716111719608307,2.5807647705078125,2.585433959960937,Fixation,1164.5195089541724,683.8674541963113,224.0,1.0,True,2,image,,9.0
224.0,1157.367172241211,714.0503025054932,0.4558585286140442,0.4986427426338196,0.452096551656723,0.4958682656288147,2.644287109375,2.6161041259765625,Fixation,1164.5195089541724,683.8674541963113,224.0,1.0,True,2,image,,9.0
228.0,1156.35871887207,708.7407302856444,0.4532448947429657,0.4837581515312195,0.4517026245594024,0.4921810626983642,2.59906005859375,2.617706298828125,Fixation,1164.5195089541724,683.8674541963113,224.0,1.0,True,2,image,,9.0
232.0,1159.615478515625,675.7114505767822,0.4528223574161529,0.4898306727409363,0.452974796295166,0.4692440629005432,2.585189819335937,2.5747222900390625,Fixation,1164.5195089541724,683.8674541963113,224.0,1.0,True,2,image,,9.0
236.0,1142.4662780761716,693.0987310409545,0.4591091573238373,0.4652885198593139,0.4462758898735046,0.4813185632228851,2.5616912841796875,2.597137451171875,Fixation,1164.5195089541724,683.8674541963113,224.0,1.0,True,2,image,,9.0
240.0,1150.2381896972656,681.0776710510254,0.464098572731018,0.5085083842277527,0.4493117928504944,0.4729706048965454,2.6142578125,2.578231811523437,Fixation,1164.5195089541724,683.8674541963113,224.0,1.0,True,2,image,,9.0
244.0,1153.1206512451172,688.2041072845459,0.4598354697227478,0.4751006662845611,0.4504377543926239,0.4779195189476013,2.5783233642578125,2.579833984375,Fixation,1164.5195089541724,683.8674541963113,224.0,1.0,True,2,image,,9.0
248.0,1148.92951965332,707.9743909835815,0.4611075818538666,0.4932660460472107,0.4488005936145782,0.4916488826274872,2.6033172607421875,2.603485107421875,Fixation,1164.5195089541724,683.8674541963113,224.0,1.0,True,2,image,,9.0
252.0,1153.6218261718748,674.352707862854,0.4553609788417816,0.4882846176624298,0.4506335258483886,0.4683004915714264,2.619857788085937,2.573760986328125,Fixation,1164.5195089541724,683.8674541963113,224.0,1.0,True,2,image,,9.0
256.0,1149.071578979492,666.7972040176392,0.4614735841751098,0.5028049945831299,0.4488560855388641,0.4630536139011383,2.6251983642578125,2.588485717773437,Fixation,1164.5195089541724,683.8674541963113,224.0,1.0,True,2,image,,9.0
260.0,1156.2616729736328,645.1592874526976,0.4551684856414795,0.4834179878234863,0.4516647160053253,0.4480272829532623,2.572860717773437,2.519393920898437,Fixation,1164.5195089541724,683.8674541963113,224.0,1.0,True,2,image,,9.0
264.0,1143.442611694336,677.033371925354,0.4650523364543915,0.4888244867324829,0.4466572701931,0.4701620638370514,2.585113525390625,2.5695037841796875,Fixation,1164.5195089541724,683.8674541963113,224.0,1.0,True,2,image,,9.0
268.0,1156.5579986572266,620.823712348938,0.4506021738052368,0.5057376623153687,0.4517804682254791,0.4311275780200958,2.6347808837890625,2.4754791259765625,Saccade,,,,0.0,False,3,,,
272.0,1146.4977264404295,672.8289556503296,0.4489586651325226,0.4937664568424225,0.4478506743907928,0.4672423303127289,2.590789794921875,2.5424041748046875,Saccade,,,,0.0,False,3,,,
276.0,1135.746154785156,616.8543863296509,0.4508931040763855,0.4939021468162536,0.4436508417129516,0.4283711016178131,2.600677490234375,2.4704132080078125,Saccade,,,,0.0,False,3,,,
280.0,1147.966613769531,601.9352960586548,0.4626031517982483,0.4845207631587982,0.4484244585037231,0.4180106222629547,2.6050567626953125,2.4704132080078125,Saccade,,,,0.0,False,3,,,
284.0,1146.907043457031,638.2648515701294,0.4648153185844421,0.5050551891326904,0.4480105638504028,0.4432394802570343,2.6051177978515625,2.5284576416015625,Saccade,,,,0.0,False,3,,,
288.0,1145.4376220703125,672.5832653045654,0.4557299017906189,0.4948775768280029,0.4474365711212158,0.4670717120170593,2.599700927734375,2.5680084228515625,Saccade,,,,0.0,False,3,,,
292.0,1143.6656188964844,634.5158958435059,0.4588265717029571,0.5003663897514343,0.4467443823814392,0.4406360387802124,2.6007232666015625,2.520355224609375,Saccade,,,,0.0,False,3,,,
296.0,1153.3507537841797,686.406512260437,0.4597543179988861,0.4785435497760772,0.4505276381969452,0.4766711890697479,2.570892333984375,2.581329345703125,Saccade,,,,0.0,False,3,,,
300.0,1135.5953979492188,675.7668542861938,0.456094741821289,0.5003766417503357,0.4435919523239136,0.4692825376987457,2.615966796875,2.5638885498046875,Saccade,,,,0.0,False,3,,,
304.0,1146.688232421875,664.2846822738647,0.45500048995018,0.5091261267662048,0.4479250907897949,0.4613088071346283,2.618377685546875,2.5403594970703125,Saccade,,,,0.0,False,3,,,
308.0,1141.3613128662107,677.6286506652832,0.4541034996509552,0.4750008881092071,0.4458442628383636,0.4705754518508911,2.5702056884765625,2.5628204345703125,Saccade,,,,0.0,False,3,,,
312.0,1156.173400878906,659.0042066574097,0.4543845653533935,0.4912252724170685,0.4516302347183227,0.4576418101787567,2.6031036376953125,2.54998779296875,Saccade,,,,0.0,False,3,,,
316.0,1137.1575927734375,718.2456207275391,0.4617440402507782,0.4885437786579132,0.444202184677124,0.498781681060791,2.56878662109375,2.605377197265625,Saccade,,,,0.0,False,3,,,
320.0,1150.8615875244138,668.3717679977416,0.4597371518611908,0.4974087178707123,0.4495553076267242,0.4641470611095428,2.5824127197265625,2.5481414794921875,Saccade,,,,0.0,False,3,,,
324.0,1162.6912689208982,684.3532276153563,,,0.4541762769222259,0.4752452969551086,,2.52789306640625,Saccade,,,,0.0,False,3,,,
328.0,1151.3459014892576,713.7310123443602,0.4571752846240997,0.4814555644989013,0.4497444927692413,0.4956465363502502,2.544830322265625,2.591278076171875,Saccade,,,,0.0,False,3,,,
332.0,1154.1526794433591,653.0912876129149,0.4539297819137573,0.4817022681236267,0.4508408904075622,0.4535356163978576,2.5499267578125,2.509613037109375,Saccade,,,,0.0,False,3,,,
336.0,1130.2886962890623,725.5602836608887,0.4355960190296173,0.5083351135253906,0.441519021987915,0.5038613080978394,2.5828094482421875,2.556854248046875,Saccade,,,,0.0,False,3,,,
340.0,1079.760513305664,783.752031326294,0.4203233420848846,0.5487343072891235,0.421781450510025,0.544272243976593,2.593856811523437,2.5628814697265625,Saccade,,,,0.0,False,3,,,
344.0,1037.5070190429685,853.282356262207,0.3929632902145386,0.5927729606628418,0.4052761793136596,0.5925571918487549,2.56304931640625,2.5522918701171875,Saccade,,,,0.0,False,3,,,
348.0,947.3138427734375,908.5095977783203,0.3412021100521087,0.6673466563224792,0.370044469833374,0.6309094429016113,2.4580230712890625,2.5407257080078125,Saccade,,,,0.0,False,3,,,
352.0,885.4300689697264,973.9198780059814,,,0.3458711206912994,0.6763332486152649,,2.5261383056640625,Saccade,,,,0.0,False,3,,,
356.0,839.3153381347656,1085.6604480743408,0.3184100389480591,0.7109091877937317,0.3278575539588928,0.7539308667182922,2.4515838623046875,2.5708160400390625,Fixation,838.8873278505856,1126.005198816267,228.0,2.0,True,4,word,there,0.0
360.0,809.3830108642578,1131.219720840454,0.3181195855140686,0.769430935382843,0.3161652386188507,0.7855692505836487,2.4595947265625,2.554595947265625,Fixation,838.8873278505856,1126.005198816267,228.0,2.0,True,4,word,there,0.0
364.0,826.6462707519531,1156.5093898773193,0.3372792601585388,0.7974351048469543,0.3229086995124817,0.8031315207481384,2.4803009033203125,2.5493927001953125,Fixation,838.8873278505856,1126.005198816267,228.0,2.0,True,4,word,there,0.0
368.0,858.1496429443359,1159.6628093719482,0.3287477791309356,0.8166464567184448,0.3352147042751312,0.8053213953971863,2.52630615234375,2.520721435546875,Fixation,838.8873278505856,1126.005198816267,228.0,2.0,True,4,word,there,0.0
372.0,855.8343505859374,1138.1787014007568,0.3425119817256927,0.7789381146430969,0.3343102931976318,0.7904018759727478,2.438201904296875,2.538436889648437,Fixation,838.8873278505856,1126.005198816267,228.0,2.0,True,4,word,there,0.0
376.0,828.489761352539,1099.3583393096924,0.3226854503154754,0.7710970044136047,0.3236288130283355,0.7634432911872864,2.4473876953125,2.489501953125,Fixation,838.8873278505856,1126.005198816267,228.0,2.0,True,4,word,there,0.0
380.0,849.3053436279296,1111.234302520752,0.3165446519851684,0.7906392216682434,0.33175989985466,0.7716904878616333,2.4844512939453125,2.5347137451171875,Fixation,838.8873278505856,1126.005198816267,228.0,2.0,True,4,word,there,0.0
384.0,824.8328399658202,1138.9516067504883,0.323278397321701,0.7799180150032043,0.3222003281116485,0.7909386157989502,2.454437255859375,2.4820709228515625,Fixation,838.8873278505856,1126.005198816267,228.0,2.0,True,4,word,there,0.0
388.0,852.2445678710938,1134.0680980682373,0.3353653252124786,0.804124653339386,0.332908034324646,0.7875472903251648,2.501205444335937,2.50885009765625,Fixation,838.8873278505856,1126.005198816267,228.0,2.0,True,4,word,there,0.0
392.0,846.3161468505858,1131.4576435089111,0.3232253789901733,0.7832368612289429,0.3305922448635101,0.7857344746589661,2.4145660400390625,2.503204345703125,Fixation,838.8873278505856,1126.005198816267,228.0,2.0,True,4,word,there,0.0
396.0,823.2660675048827,1130.106840133667,0.3295545876026153,0.771144449710846,0.3215883076190948,0.784796416759491,2.4115142822265625,2.4691619873046875,Fixation,838.8873278505856,1126.005198816267,228.0,2.0,True,4,word,there,0.0
400.0,841.7596435546875,1097.1133518218994,0.3088656067848205,0.7698368430137634,0.3288123607635498,0.7618842720985413,2.3760986328125,2.4605255126953125,Fixation,838.8873278505856,1126.005198816267,228.0,2.0,True,4,word,there,0.0
404.0,836.4368438720702,1150.246753692627,0.3231649100780487,0.7515288591384888,0.3267331421375274,0.798782467842102,2.394256591796875,2.48468017578125,Fixation,838.8873278505856,1126.005198816267,228.0,2.0,True,4,word,there,0.0
408.0,854.7304534912109,1160.5961322784424,0.3310228586196899,0.8002861142158508,0.3338790833950043,0.8059695363044739,2.450897216796875,2.531402587890625,Fixation,838.8873278505856,1126.005198816267,228.0,2.0,True,4,word,there,0.0
412.0,837.2805023193359,1111.6221714019775,0.3147830665111542,0.7607601881027222,0.3270626962184906,0.7719598412513733,2.414031982421875,2.448959350585937,Fixation,838.8873278505856,1126.005198816267,228.0,2.0,True,4,word,there,0.0
416.0,856.3816070556641,1124.8661041259766,0.3334788680076599,0.7768867015838623,0.3345240652561188,0.7811570167541504,2.369842529296875,2.4447174072265625,Fixation,838.8873278505856,1126.005198816267,228.0,2.0,True,4,word,there,0.0
420.0,835.113067626953,1111.6074085235596,0.3195813298225403,0.7208136320114136,0.3262160420417785,0.7719495892524719,2.299224853515625,2.42169189453125,Fixation,838.8873278505856,1126.005198816267,228.0,2.0,True,4,word,there,0.0
424.0,862.6258850097656,1124.4813251495361,0.3300406038761139,0.8232056498527527,0.3369632363319397,0.7808898091316223,2.467742919921875,2.4565887451171875,Fixation,838.8873278505856,1126.005198816267,228.0,2.0,True,4,word,there,0.0
428.0,829.3927764892577,1121.9167041778564,0.3388402163982391,0.7735347151756287,0.3239815533161163,0.7791088223457336,2.3660125732421875,2.4290313720703125,Fixation,838.8873278505856,1126.005198816267,228.0,2.0,True,4,word,there,0.0
432.0,840.4171752929688,1133.9980602264404,0.3235834538936615,0.7499253153800964,0.3282879590988159,0.7874986529350281,2.336700439453125,2.447357177734375,Fixation,838.8873278505856,1126.005198816267,228.0,2.0,True,4,word,there,0.0
436.0,842.6880645751952,1135.9931087493896,0.336404800415039,0.7959781885147095,0.3291750252246856,0.7888841032981873,2.4129180908203125,2.4490966796875,Fixation,838.8873278505856,1126.005198816267,228.0,2.0,True,4,word,there,0.0
440.0,828.5720825195312,1114.0095520019531,0.3443193137645721,0.8049607276916504,0.3236609697341919,0.7736177444458008,2.4193572998046875,2.4160614013671875,Fixation,838.8873278505856,1126.005198816267,228.0,2.0,True,4,word,there,0.0
444.0,858.4853363037109,1144.7420024871826,0.3226433396339416,0.7675715088844299,0.3353458344936371,0.7949597239494324,2.3507537841796875,2.471435546875,Fixation,838.8873278505856,1126.005198816267,228.0,2.0,True,4,word,there,0.0
448.0,835.6363677978514,1104.0842628479004,0.3302415013313293,0.7732005715370178,0.3264204561710357,0.7667251825332642,2.3595428466796875,2.386932373046875,Fixation,838.8873278505856,1126.005198816267,228.0,2.0,True,4,word,there,0.0
452.0,818.8121795654296,1128.1034660339355,0.324636846780777,0.7779305577278137,0.3198485076427459,0.7834051847457886,2.37420654296875,2.419677734375,Fixation,838.8873278505856,1126.005198816267,228.0,2.0,True,4,word,there,0.0
456.0,834.0435791015624,1118.6987400054932,0.3400737941265106,0.787689208984375,0.3257982730865478,0.7768741250038147,2.3887176513671875,2.397430419921875,Fixation,838.8873278505856,1126.005198816267,228.0,2.0,True,4,word,there,0.0
460.0,823.7012481689452,1146.8421936035156,0.3091426193714142,0.7662545442581177,0.3217583000659942,0.7964181900024414,2.320159912109375,2.418975830078125,Fixation,838.8873278505856,1126.005198816267,228.0,2.0,True,4,word,there,0.0
464.0,846.221694946289,1123.7053298950195,0.321597546339035,0.7647407650947571,0.3305553495883941,0.780350923538208,2.357528686523437,2.4322967529296875,Fixation,838.8873278505856,1126.005198816267,228.0,2.0,True,4,word,there,0.0
468.0,845.6129455566405,1119.2317485809326,0.3094889223575592,0.7470699548721313,0.3303175568580627,0.7772442698478699,2.2237701416015625,2.41607666015625,Fixation,838.8873278505856,1126.005198816267,228.0,2.0,True,4,word,there,0.0
472.0,835.2800750732421,1137.381420135498,0.3184421360492706,0.765180766582489,0.3262812793254852,0.7898482084274292,2.2877960205078125,2.407943725585937,Fixation,838.8873278505856,1126.005198816267,228.0,2.0,True,4,word,there,0.0
476.0,846.9787597656249,1129.8820495605469,0.3108192980289459,0.7665980458259583,0.3308510780334472,0.7846403121948242,2.3199462890625,2.39739990234375,Fixation,838.8873278505856,1126.005198816267,228.0,2.0,True,4,word,there,0.0
480.0,843.4547424316406,1141.5472984313965,0.2977714836597442,0.7405273914337158,0.3294745087623596,0.7927411794662476,2.2484130859375,2.4082183837890625,Fixation,838.8873278505856,1126.005198816267,228.0,2.0,True,4,word,there,0.0
484.0,835.8800506591796,1140.8638286590576,0.3219986259937286,0.777286171913147,0.326515644788742,0.7922665476799011,2.3244781494140625,2.406097412109375,Fixation,838.8873278505856,1126.005198816267,228.0,2.0,True,4,word,there,0.0
488.0,845.5680084228516,1127.9215049743652,0.3141277134418487,0.7619320750236511,0.3303000032901764,0.7832788228988647,2.3162384033203125,2.401763916015625,Fixation,838.8873278505856,1126.005198816267,228.0,2.0,True,4,word,there,0.0
492.0,821.4958190917968,1112.2970581054688,0.3057513236999511,0.7723305225372314,0.3208968043327331,0.7724285125732422,2.315673828125,2.348861694335937,Fixation,838.8873278505856,1126.005198816267,228.0,2.0,True,4,word,there,0.0
496.0,841.5322875976562,1130.260820388794,0.3059208691120147,0.7482768893241882,0.3287235498428345,0.784903347492218,2.3055877685546875,2.387786865234375,Fixation,838.8873278505856,1126.005198816267,228.0,2.0,True,4,word,there,0.0
500.0,805.6525421142577,1112.8925514221191,0.310526967048645,0.7772849202156067,0.3147080242633819,0.7728420495986938,2.35040283203125,2.3533935546875,Fixation,838.8873278505856,1126.005198816267,228.0,2.0,True,4,word,there,0.0
504.0,819.7996520996094,1103.9059925079346,0.3163054883480072,0.7698028683662415,0.3202342391014099,0.7666013836860657,2.3756561279296875,2.344482421875,Fixation,838.8873278505856,1126.005198816267,228.0,2.0,True,4,word,there,0.0
508.0,838.7102508544922,1138.4224605560303,0.3245730996131897,0.8007054328918457,0.327621191740036,0.7905711531639099,2.403350830078125,2.380828857421875,Fixation,838.8873278505856,1126.005198816267,228.0,2.0,True,4,word,there,0.0
512.0,836.6773986816405,1110.9162139892578,0.3146206736564636,0.784103274345398,0.3268271088600158,0.7714695930480957,2.3628387451171875,2.3754119873046875,Fixation,838.8873278505856,1126.005198816267,228.0,2.0,True,4,word,there,0.0
516.0,829.1270446777344,1127.9809856414795,0.3241438269615173,0.7588280439376831,0.32387775182724,0.7833201289176941,2.297149658203125,2.3912811279296875,Fixation,838.8873278505856,1126.005198816267,228.0,2.0,True,4,word,there,0.0
520.0,828.47900390625,1123.1711196899414,0.3096337616443634,0.7618913650512695,0.3236246109008789,0.779979944229126,2.2749176025390625,2.3868865966796875,Fixation,838.8873278505856,1126.005198816267,228.0,2.0,True,4,word,there,0.0
524.0,845.1274871826171,1126.7372131347656,0.3195008039474487,0.7460198998451233,0.3301279246807098,0.7824563980102539,2.269393920898437,2.366790771484375,Fixation,838.8873278505856,1126.005198816267,228.0,2.0,True,4,word,there,0.0
528.0,838.786163330078,1120.6507873535156,0.3209085166454315,0.7573242783546448,0.3276508450508117,0.7782297134399414,2.2623291015625,2.377792358398437,Fixation,838.8873278505856,1126.005198816267,228.0,2.0,True,4,word,there,0.0
532.0,837.0735931396483,1137.1851253509521,0.3049517869949341,0.7568032741546631,0.3269818723201751,0.7897118926048279,2.2732086181640625,2.386566162109375,Fixation,838.8873278505856,1126.005198816267,228.0,2.0,True,4,word,there,0.0
536.0,833.2268524169922,1119.2784404754639,0.3263672590255737,0.7574915289878845,0.3254792392253876,0.7772766947746277,2.311264038085937,2.38299560546875,Fixation,838.8873278505856,1126.005198816267,228.0,2.0,True,4,word,there,0.0
540.0,855.7237243652344,1122.663688659668,0.3115389347076416,0.7612909078598022,0.3342670798301697,0.7796275615692139,2.3083953857421875,2.383331298828125,Fixation,838.8873278505856,1126.005198816267,228.0,2.0,True,4,word,there,0.0
544.0,845.4159545898438,1116.1550617218018,0.3281562030315399,0.706541895866394,0.3302406072616577,0.7751076817512512,2.159042358398437,2.36651611328125,Fixation,838.8873278505856,1126.005198816267,228.0,2.0,True,4,word,there,0.0
548.0,836.9264984130859,1110.6230163574219,0.3254131376743316,0.7417461276054382,0.3269244134426117,0.771265983581543,2.2700653076171875,2.3267974853515625,Fixation,838.8873278505856,1126.005198816267,228.0,2.0,True,4,word,there,0.0
552.0,846.707305908203,1131.2050437927246,0.3263851702213287,0.7569712400436401,0.3307450413703918,0.7855590581893921,2.289520263671875,2.352447509765625,Fixation,838.8873278505856,1126.005198816267,228.0,2.0,True,4,word,there,0.0
556.0,829.229507446289,1140.8112144470215,0.3245527744293213,0.7609670162200928,0.3239177763462066,0.7922300100326538,2.2928924560546875,2.3667144775390625,Fixation,838.8873278505856,1126.005198816267,228.0,2.0,True,4,word,there,0.0
560.0,838.717041015625,1113.4308815002441,0.3320251107215881,0.7663246393203735,0.3276238441467285,0.7732158899307251,2.31475830078125,2.336776733398437,Fixation,838.8873278505856,1126.005198816267,228.0,2.0,True,4,word,there,0.0
564.0,844.6236419677734,1129.4336700439453,0.3241836428642273,0.7322471141815186,0.3299311101436615,0.7843289375305176,2.256744384765625,2.34661865234375,Fixation,838.8873278505856,1126.005198816267,228.0,2.0,True,4,word,there,0.0
568.0,843.4668731689452,1119.20823097229,0.3247142732143402,0.7567564249038696,0.3294792473316192,0.7772279381752014,2.235321044921875,2.37774658203125,Fixation,838.8873278505856,1126.005198816267,228.0,2.0,True,4,word,there,0.0
572.0,856.3867187499999,1127.9212474822998,0.3268807232379913,0.7526854276657104,0.3345260620117187,0.7832786440849304,2.2915496826171875,2.348495483398437,Fixation,838.8873278505856,1126.005198816267,228.0,2.0,True,4,word,there,0.0
576.0,838.0047607421875,1146.2661838531494,0.3259296715259552,0.7751195430755615,0.327345609664917,0.7960181832313538,2.33172607421875,2.3549041748046875,Fixation,838.8873278505856,1126.005198816267,228.0,2.0,True,4,word,there,0.0
580.0,827.0089721679688,1109.5466995239258,0.3226772248744964,0.7035146355628967,0.3230503797531128,0.7705185413360596,2.192291259765625,2.3225860595703125,Fixation,838.8873278505856,1126.005198816267,228.0,2.0,True,4,word,there,0.0
584.0,869.2177581787108,1112.5473403930664,0.3436651229858398,0.7167619466781616,0.3395381867885589,0.7726023197174072,2.1990203857421875,2.363388061523437,Fixation,838.8873278505856,1126.005198816267,228.0,2.0,True,4,word,there,0.0
588.0,919.5495605468749,1118.0686569213867,0.3440346419811249,0.7756547927856445,0.359199047088623,0.7764365673065186,2.300994873046875,2.37213134765625,Saccade,,,,0.0,False,5,,,
592.0,958.0961608886718,1099.885082244873,0.3744959533214569,0.8239814639091492,0.3742563128471374,0.763809084892273,2.320175170898437,2.3586883544921875,Saccade,,,,0.0,False,5,,,
596.0,1019.6158599853514,1107.125415802002,0.3847201466560364,0.8209234476089478,0.3982874453067779,0.7688370943069458,2.4192657470703125,2.4214630126953125,Saccade,,,,0.0,False,5,,,
600.0,968.5273742675781,1118.3967876434326,0.3748334348201751,0.7710287570953369,0.3783310055732727,0.7766644358634949,2.334808349609375,2.3833465576171875,Saccade,,,,0.0,False,5,,,
604.0,989.0763854980468,1124.9042987823486,0.3806890249252319,0.7729479670524597,0.3863579630851745,0.7811835408210754,2.3262939453125,2.4281768798828125,Fixation,992.0861292403678,1115.3892444009366,188.0,3.0,True,6,word,a,2.0
608.0,995.1990509033203,1105.0636768341064,,,0.3887496292591095,0.7674053311347961,,2.37109375,Fixation,992.0861292403678,1115.3892444009366,188.0,3.0,True,6,word,a,2.0
612.0,984.5402526855468,1126.5519046783447,0.3884020149707794,0.7941915392875671,0.3845860362052917,0.7823277115821838,2.341156005859375,2.3865509033203125,Fixation,992.0861292403678,1115.3892444009366,188.0,3.0,True,6,word,a,2.0
616.0,1001.9688415527343,1098.409309387207,,,0.3913940787315368,0.7627842426300049,,2.371688842773437,Fixation,992.0861292403678,1115.3892444009366,188.0,3.0,True,6,word,a,2.0
620.0,980.2792358398436,1143.7693691253662,0.389507383108139,0.8420809507369995,0.3829215764999389,0.7942842841148376,2.4166259765625,2.42864990234375,Fixation,992.0861292403678,1115.3892444009366,188.0,3.0,True,6,word,a,2.0
624.0,978.98681640625,1111.3394451141357,0.3917145133018493,0.8098375201225281,0.3824167251586914,0.7717635035514832,2.380722045898437,2.3587188720703125,Fixation,992.0861292403678,1115.3892444009366,188.0,3.0,True,6,word,a,2.0
628.0,986.6027069091797,1103.0294036865234,0.3802859187126159,0.7309943437576294,0.3853916823863983,0.7659926414489746,2.247314453125,2.377227783203125,Fixation,992.0861292403678,1115.3892444009366,188.0,3.0,True,6,word,a,2.0
632.0,1023.1792449951171,1117.430076599121,0.3620302975177765,0.7755087018013,0.3996793925762176,0.7759931087493896,2.2557525634765625,2.414764404296875,Fixation,992.0861292403678,1115.3892444009366,188.0,3.0,True,6,word,a,2.0
636.0,989.0572357177733,1129.571943283081,0.3894280195236206,0.7952232956886292,0.3863504827022552,0.7844249606132507,2.3296051025390625,2.3800811767578125,Fixation,992.0861292403678,1115.3892444009366,188.0,3.0,True,6,word,a,2.0
640.0,996.3491821289062,1096.5058422088623,0.3492042422294616,0.6869631409645081,0.389198899269104,0.761462390422821,2.0809783935546875,2.376205444335937,Fixation,992.0861292403678,1115.3892444009366,188.0,3.0,True,6,word,a,2.0
644.0,1001.9297790527343,1107.5965404510498,0.3792228996753692,0.7049115896224976,0.3913788199424743,0.7691642642021179,2.195709228515625,2.40673828125,Fixation,992.0861292403678,1115.3892444009366,188.0,3.0,True,6,word,a,2.0
648.0,978.4265136718749,1119.1400814056396,0.3916333615779876,0.8816989064216614,0.3821978569030761,0.7771806120872498,2.479339599609375,2.3804473876953125,Fixation,992.0861292403678,1115.3892444009366,188.0,3.0,True,6,word,a,2.0
652.0,982.0111846923827,1119.1690921783447,0.3874950110912323,0.8038373589515686,0.383598119020462,0.7772007584571838,2.327728271484375,2.3940582275390625,Fixation,992.0861292403678,1115.3892444009366,188.0,3.0,True,6,word,a,2.0
656.0,995.5695343017577,1138.5545539855957,0.3919270038604736,0.7974864840507507,0.3888943493366241,0.7906628847122192,2.346832275390625,2.3460845947265625,Fixation,992.0861292403678,1115.3892444009366,188.0,3.0,True,6,word,a,2.0
660.0,986.0691070556641,1116.443452835083,0.3624299466609955,0.7456272840499878,0.3851832449436188,0.7753079533576965,2.216644287109375,2.363265991210937,Fixation,992.0861292403678,1115.3892444009366,188.0,3.0,True,6,word,a,2.0
664.0,1002.2898101806641,1128.7165546417236,0.3727869093418121,0.7718897461891174,0.3915194571018219,0.7838309407234192,2.309783935546875,2.409759521484375,Fixation,992.0861292403678,1115.3892444009366,188.0,3.0,True,6,word,a,2.0
668.0,985.9592437744141,1120.892744064331,0.3672285079956054,0.7297449707984924,0.3851403295993805,0.7783977389335632,2.174224853515625,2.38177490234375,Fixation,992.0861292403678,1115.3892444009366,188.0,3.0,True,6,word,a,2.0
672.0,998.2653808593749,1122.6424026489258,0.3881114721298218,0.8053601980209351,0.3899474143981933,0.7796127796173096,2.3703765869140625,2.392440795898437,Fixation,992.0861292403678,1115.3892444009366,188.0,3.0,True,6,word,a,2.0
676.0,1011.6513061523438,1120.208501815796,0.384309709072113,0.7730045318603516,0.3951762914657593,0.7779225707054138,2.347885131835937,2.401351928710937,Fixation,992.0861292403678,1115.3892444009366,188.0,3.0,True,6,word,a,2.0
680.0,973.6542510986327,1109.1522216796875,0.3799941539764404,0.7539519667625427,0.3803336918354034,0.7702445983886719,2.2388916015625,2.3943634033203125,Fixation,992.0861292403678,1115.3892444009366,188.0,3.0,True,6,word,a,2.0
684.0,996.0144805908203,1113.7270832061768,0.393285870552063,0.8067424297332764,0.3890681564807892,0.773421585559845,2.34991455078125,2.36419677734375,Fixation,992.0861292403678,1115.3892444009366,188.0,3.0,True,6,word,a,2.0
688.0,973.8938903808594,1098.1542205810547,0.3938578963279724,0.8106089234352112,0.3804273009300232,0.7626070976257324,2.332138061523437,2.35003662109375,Fixation,992.0861292403678,1115.3892444009366,188.0,3.0,True,6,word,a,2.0
692.0,988.5264587402343,1102.2857666015625,0.3792678415775299,0.7518994808197021,0.386143147945404,0.7654762268066406,2.254547119140625,2.366943359375,Fixation,992.0861292403678,1115.3892444009366,188.0,3.0,True,6,word,a,2.0
696.0,987.3785400390625,1113.3794689178467,0.3878614008426666,0.7997642159461975,0.3856947422027588,0.7731801867485046,2.341583251953125,2.4072418212890625,Fixation,992.0861292403678,1115.3892444009366,188.0,3.0,True,6,word,a,2.0
700.0,988.1254577636719,1117.3676776885986,0.3756240010261535,0.8105196356773376,0.3859865069389343,0.7759497761726379,2.3617401123046875,2.3600006103515625,Fixation,992.0861292403678,1115.3892444009366,188.0,3.0,True,6,word,a,2.0
704.0,982.4343872070312,1130.2687168121338,0.3900713622570038,0.7171028852462769,0.3837634325027466,0.7849088311195374,2.2157745361328125,2.3974151611328125,Fixation,992.0861292403678,1115.3892444009366,188.0,3.0,True,6,word,a,2.0
708.0,982.1450805664061,1104.7984600067139,,,0.3836504220962524,0.7672211527824402,,2.3766632080078125,Fixation,992.0861292403678,1115.3892444009366,188.0,3.0,True,6,word,a,2.0
712.0,992.9583740234375,1125.1519203186035,0.3682225942611694,0.736474335193634,0.3878743648529053,0.7813555002212524,2.263763427734375,2.374618530273437,Fixation,992.0861292403678,1115.3892444009366,188.0,3.0,True,6,word,a,2.0
716.0,990.35888671875,1102.7866744995117,0.3702200651168823,0.8105325102806091,0.3868589401245117,0.7658240795135498,2.2850494384765625,2.3699188232421875,Fixation,992.0861292403678,1115.3892444009366,188.0,3.0,True,6,word,a,2.0
720.0,984.3215179443359,1123.454532623291,0.3893154859542846,0.7361027002334595,0.3845005929470062,0.7801767587661743,2.23248291015625,2.3641815185546875,Fixation,992.0861292403678,1115.3892444009366,188.0,3.0,True,6,word,a,2.0
724.0,1002.7561950683594,1100.4829788208008,0.3786932229995727,0.7577877044677734,0.3917016386985779,0.7642242908477783,2.29876708984375,2.388275146484375,Fixation,992.0861292403678,1115.3892444009366,188.0,3.0,True,6,word,a,2.0
728.0,986.6550445556641,1158.3248805999756,0.3720985352993011,0.7111718058586121,0.3854121267795563,0.8043922781944275,2.188705444335937,2.443832397460937,Fixation,992.0861292403678,1115.3892444009366,188.0,3.0,True,6,word,a,2.0
732.0,988.8785552978514,1081.9560813903809,0.3748285174369812,0.7783882021903992,0.3862806856632232,0.7513583898544312,2.2404022216796875,2.3436431884765625,Fixation,992.0861292403678,1115.3892444009366,188.0,3.0,True,6,word,a,2.0
736.0,996.556396484375,1124.688777923584,0.3737424314022064,0.7294146418571472,0.389279842376709,0.7810338735580444,2.1886138916015625,2.363525390625,Fixation,992.0861292403678,1115.3892444009366,188.0,3.0,True,6,word,a,2.0
740.0,992.9091644287109,1099.6997737884521,,,0.3878551423549652,0.7636803984642029,,2.382476806640625,Fixation,992.0861292403678,1115.3892444009366,188.0,3.0,True,6,word,a,2.0
744.0,1008.4091186523438,1106.3952541351318,0.3922140896320343,0.8157797455787659,0.3939098119735718,0.7683300375938416,2.389999389648437,2.379135131835937,Fixation,992.0861292403678,1115.3892444009366,188.0,3.0,True,6,word,a,2.0
748.0,979.1834259033203,1159.25142288208,,,0.3824935257434845,0.8050357103347778,,2.3983917236328125,Fixation,992.0861292403678,1115.3892444009366,188.0,3.0,True,6,word,a,2.0
752.0,985.1293182373046,1140.9484577178955,0.3826647698879242,0.785019040107727,0.3848161399364471,0.7923253178596497,2.3547515869140625,2.4039459228515625,Fixation,992.0861292403678,1115.3892444009366,188.0,3.0,True,6,word,a,2.0
756.0,987.5531768798828,1126.2487506866455,0.4001354873180389,0.8048223257064819,0.3857629597187042,0.7821171879768372,2.37744140625,2.37109375,Fixation,992.0861292403678,1115.3892444009366,188.0,3.0,True,6,word,a,2.0
760.0,1008.2005310058594,1098.2505226135254,0.3816496729850769,0.7228528261184692,0.3938283324241638,0.7626739740371704,2.22198486328125,2.349716186523437,Fixation,992.0861292403678,1115.3892444009366,188.0,3.0,True,6,word,a,2.0
764.0,978.4380340576172,1104.567060470581,0.392807275056839,0.7806306481361389,0.3822023570537567,0.7670604586601257,2.3270416259765625,2.38348388671875,Fixation,992.0861292403678,1115.3892444009366,188.0,3.0,True,6,word,a,2.0
768.0,983.3111572265625,1121.64719581604,0.3915123343467712,0.7233417630195618,0.384105920791626,0.7789216637611389,2.2533111572265625,2.3726043701171875,Fixation,992.0861292403678,1115.3892444009366,188.0,3.0,True,6,word,a,2.0
772.0,999.0678405761718,1110.5668830871582,0.3855995833873749,0.7418915629386902,0.3902608752250671,0.7712270021438599,2.238525390625,2.3687286376953125,Fixation,992.0861292403678,1115.3892444009366,188.0,3.0,True,6,word,a,2.0
776.0,1005.0318145751952,1085.1717281341553,0.3841961920261383,0.7563468217849731,0.3925905525684356,0.7535914778709412,2.2944488525390625,2.3469390869140625,Fixation,992.0861292403678,1115.3892444009366,188.0,3.0,True,6,word,a,2.0
780.0,989.2929840087891,1097.8464317321777,0.3850376605987549,0.7668429017066956,0.3864425718784332,0.7623933553695679,2.2743377685546875,2.37139892578125,Fixation,992.0861292403678,1115.3892444009366,188.0,3.0,True,6,word,a,2.0
784.0,1008.0771636962891,1120.4402446746826,0.3909168541431427,0.8038884401321411,0.3937801420688629,0.7780835032463074,2.353790283203125,2.3888092041015625,Fixation,992.0861292403678,1115.3892444009366,188.0,3.0,True,6,word,a,2.0
788.0,996.4427185058594,1125.688705444336,0.3992406725883484,0.7381205558776855,0.3892354369163513,0.7817282676696777,2.287826538085937,2.3643341064453125,Fixation,992.0861292403678,1115.3892444009366,188.0,3.0,True,6,word,a,2.0
792.0,1018.6901855468749,1084.1487121582031,0.4088249206542969,0.8144561052322388,0.397925853729248,0.7528810501098633,2.404083251953125,2.3583984375,Fixation,992.0861292403678,1115.3892444009366,188.0,3.0,True,6,word,a,2.0
796.0,1089.4106292724607,1107.3081493377686,0.4245752692222595,0.8139507174491882,0.425551027059555,0.7689639925956726,2.380889892578125,2.4013671875,Fixation,,,184.0,4.0,True,7,,,
800.0,1101.7461395263672,1077.1092224121094,0.4315838813781738,0.821598470211029,0.4303695857524872,0.7479925155639648,2.4437713623046875,2.355499267578125,Fixation,,,184.0,4.0,True,7,,,
804.0,1107.0374298095703,1120.6954193115234,,,0.4324364960193634,0.7782607078552246,,2.375518798828125,Fixation,,,184.0,4.0,True,7,,,
808.0,1103.5871124267576,1085.0539684295654,,,0.4310887157917022,0.7535097002983093,,2.378631591796875,Fixation,,,184.0,4.0,True,7,,,
812.0,1092.8260040283203,1097.2544574737549,0.427716314792633,0.7458749413490295,0.4268851578235626,0.761982262134552,2.3408355712890625,2.368194580078125,Fixation,,,184.0,4.0,True,7,,,
816.0,1093.204345703125,1100.8965110778809,,,0.4270329475402832,0.7645114660263062,,2.364486694335937,Fixation,,,184.0,4.0,True,7,,,
820.0,1097.797927856445,1091.2138652801514,0.4580908715724945,0.7510435581207275,0.4288273155689239,0.7577874064445496,2.271240234375,2.374786376953125,Fixation,,,184.0,4.0,True,7,,,
824.0,1110.05500793457,1095.8850288391113,,,0.4336152374744415,0.7610312700271606,,2.346099853515625,Fixation,,,184.0,4.0,True,7,,,
828.0,1066.9483184814453,1076.742639541626,,,0.4167766869068146,0.7477379441261292,,2.3734130859375,Fixation,,,184.0,4.0,True,7,,,
832.0,1099.7882080078123,1087.7695655822754,0.4399398565292358,0.8029928803443909,0.4296047687530517,0.7553955316543579,2.409637451171875,2.365936279296875,Fixation,,,184.0,4.0,True,7,,,
836.0,1110.240707397461,1086.8218231201172,,,0.4336877763271332,0.754737377166748,,2.3433074951171875,Fixation,,,184.0,4.0,True,7,,,
840.0,1092.3297882080076,1102.1553897857666,0.4289724230766296,0.7762380838394165,0.426691323518753,0.7653856873512268,2.3605499267578125,2.3607635498046875,Fixation,,,184.0,4.0,True,7,,,
844.0,1101.2040710449219,1080.0774192810059,,,0.4301578402519226,0.7500537633895874,,2.360702514648437,Fixation,,,184.0,4.0,True,7,,,
848.0,1110.225372314453,1087.3366355895996,,,0.4336817860603332,0.7550948858261108,,2.34906005859375,Fixation,,,184.0,4.0,True,7,,,
852.0,1094.130630493164,1089.5203399658203,,,0.4273947775363922,0.7566113471984863,,2.3503570556640625,Fixation,,,184.0,4.0,True,7,,,
856.0,1094.0715026855466,1100.9430313110352,,,0.4273716807365417,0.7645437717437744,,2.4130401611328125,Fixation,,,184.0,4.0,True,7,,,
860.0,1110.222930908203,1078.2231330871582,,,0.4336808323860168,0.7487660646438599,,2.3533477783203125,Fixation,,,184.0,4.0,True,7,,,
864.0,1085.328140258789,1082.968282699585,,,0.4239563047885895,0.7520613074302673,,2.365875244140625,Fixation,,,184.0,4.0,True,7,,,
868.0,1095.4901123046873,1076.1684322357178,,,0.4279258251190185,0.7473391890525818,,2.339263916015625,Fixation,,,184.0,4.0,True,7,,,
872.0,1097.014236450195,1075.625638961792,,,0.4285211861133575,0.7469622492790222,,2.3409576416015625,Fixation,,,184.0,4.0,True,7,,,
876.0,1084.3197631835938,1115.286283493042,,,0.4235624074935913,0.7745043635368347,,2.405426025390625,Fixation,,,184.0,4.0,True,7,,,
880.0,1095.4724884033203,1089.1850852966309,,,0.427918940782547,0.7563785314559937,,2.3538360595703125,Fixation,,,184.0,4.0,True,7,,,
884.0,,,,,,,,,Fixation,,,184.0,4.0,True,7,,,
888.0,1096.1845397949216,1088.5512256622314,,,0.4281970858573913,0.7559383511543274,,2.336166381835937,Fixation,,,184.0,4.0,True,7,,,
892.0,1099.8138427734375,1104.86008644104,,,0.429614782333374,0.7672639489173889,,2.379638671875,Fixation,,,184.0,4.0,True,7,,,
896.0,1095.4269409179685,1103.1738567352295,,,0.4279011487960815,0.7660929560661316,,2.358612060546875,Fixation,,,184.0,4.0,True,7,,,
900.0,1110.2470397949216,1081.7317199707031,,,0.4336902499198913,0.7512025833129883,,2.3363189697265625,Fixation,,,184.0,4.0,True,7,,,
904.0,1111.4205932617188,1074.0630054473877,0.4034377038478851,0.8461070656776428,0.4341486692428589,0.7458770871162415,2.2908935546875,2.350982666015625,Fixation,,,184.0,4.0,True,7,,,
908.0,1099.3615722656248,1107.3279762268066,0.4277071058750152,0.7769850492477417,0.4294381141662597,0.7689777612686157,2.4043121337890625,2.366928100585937,Fixation,,,184.0,4.0,True,7,,,
912.0,1092.4496459960938,1084.9893379211426,0.4327348172664642,0.733601987361908,0.4267381429672241,0.7534648180007935,2.362945556640625,2.3733367919921875,Fixation,,,184.0,4.0,True,7,,,
916.0,1096.7489624023438,1079.59547996521,,,0.4284175634384155,0.7497190833091736,,2.364486694335937,Fixation,,,184.0,4.0,True,7,,,
920.0,1106.828384399414,1087.8405475616455,,,0.4323548376560211,0.7554448246955872,,2.35479736328125,Fixation,,,184.0,4.0,True,7,,,
924.0,1099.5790100097656,1073.325891494751,,,0.4295230507850647,0.7453652024269104,,2.335693359375,Fixation,,,184.0,4.0,True,7,,,
928.0,1102.331085205078,1084.502763748169,0.4339881837368011,0.78732830286026,0.4305980801582336,0.7531269192695618,2.41448974609375,2.3399810791015625,Fixation,,,184.0,4.0,True,7,,,
932.0,1096.9670104980466,1088.6383438110352,0.4588723182678222,0.7682809829711914,0.4285027384757995,0.7559988498687744,2.3521270751953125,2.355010986328125,Fixation,,,184.0,4.0,True,7,,,
936.0,1077.6153564453125,1091.636667251587,0.437720239162445,0.7762419581413269,0.4209434986114502,0.7580810189247131,2.357528686523437,2.368881225585937,Fixation,,,184.0,4.0,True,7,,,
940.0,1093.4716796875,1091.1058902740479,,,0.4271373748779297,0.7577124238014221,,2.37060546875,Fixation,,,184.0,4.0,True,7,,,
944.0,1106.764221191406,1092.3821926116943,,,0.432329773902893,0.7585987448692322,,2.389404296875,Fixation,,,184.0,4.0,True,7,,,
948.0,1097.6506805419922,1061.8278408050537,,,0.4287697970867157,0.7373804450035095,,2.335113525390625,Fixation,,,184.0,4.0,True,7,,,
952.0,1089.3249511718748,1098.6745262145996,,,0.4255175590515136,0.7629684209823608,,2.404876708984375,Fixation,,,184.0,4.0,True,7,,,
956.0,1106.6688537597654,1086.9380378723145,,,0.4322925209999084,0.7548180818557739,,2.365707397460937,Fixation,,,184.0,4.0,True,7,,,
960.0,1084.5655822753904,1108.8895797729492,,,0.4236584305763244,0.7700622081756592,,2.3735504150390625,Fixation,,,184.0,4.0,True,7,,,
964.0,1095.5467224121094,1085.6437969207764,,,0.4279479384422302,0.7539193034172058,,2.35626220703125,Fixation,,,184.0,4.0,True,7,,,
968.0,1088.8943481445312,1101.996774673462,,,0.4253493547439575,0.7652755379676819,,2.4156951904296875,Fixation,,,184.0,4.0,True,7,,,
972.0,1088.0986022949216,1085.4269886016846,,,0.4250385165214538,0.7537687420845032,,2.36541748046875,Fixation,,,184.0,4.0,True,7,,,
976.0,1093.532485961914,1114.244041442871,0.4426908493041992,0.7564977407455444,0.4271611273288727,0.7737805843353271,2.364654541015625,2.413299560546875,Fixation,,,184.0,4.0,True,7,,,
980.0,1102.8449249267576,1101.5741443634033,,,0.4307987987995147,0.7649820446968079,,2.3823699951171875,Fixation,,,184.0,4.0,True,7,,,
984.0,1135.6308746337888,1087.7556610107422,0.4686751365661621,0.7660732269287109,0.4436058104038238,0.7553858757019043,2.4022979736328125,2.396713256835937,Saccade,,,,0.0,False,8,,,
988.0,1197.0567321777344,1095.3594017028809,,,0.4676002860069275,0.7606662511825562,,2.3674468994140625,Saccade,,,,0.0,False,8,,,
992.0,1256.5101623535154,1088.4584426879883,0.4934988021850586,0.7389377951622009,0.490824282169342,0.7558739185333252,2.3142242431640625,2.36871337890625,Fixation,1226.5807560511998,1111.3665982655116,52.0,5.0,True,9,word,horse,4.0
996.0,1215.0054168701172,1126.5004062652588,0.4772591590881347,0.7933822870254517,0.4746114909648895,0.7822919487953186,2.405303955078125,2.3807373046875,Fixation,1226.5807560511998,1111.3665982655116,52.0,5.0,True,9,word,horse,4.0
1000.0,1228.2100677490234,1115.4823207855225,0.465368241071701,0.7927537560462952,0.4797695577144623,0.7746405005455017,2.437484741210937,2.3694305419921875,Fixation,1226.5807560511998,1111.3665982655116,52.0,5.0,True,9,word,horse,4.0
1004.0,1217.4868011474607,1103.9647006988525,0.4807895421981811,0.7725541591644287,0.4755807816982269,0.766642153263092,2.420150756835937,2.36566162109375,Fixation,1226.5807560511998,1111.3665982655116,52.0,5.0,True,9,word,horse,4.0
1008.0,1221.8656158447266,1092.6958179473877,0.4822620451450348,0.7424960136413574,0.4772912561893463,0.7588165402412415,2.3602294921875,2.3516998291015625,Fixation,1226.5807560511998,1111.3665982655116,52.0,5.0,True,9,word,horse,4.0
1012.0,1232.0916748046873,1125.1868534088135,0.4833312630653381,0.7775385975837708,0.481285810470581,0.781379759311676,2.435089111328125,2.365020751953125,Fixation,1226.5807560511998,1111.3665982655116,52.0,5.0,True,9,word,horse,4.0
1016.0,1233.844223022461,1115.092306137085,0.4816687107086181,0.7746447324752808,0.4819703996181488,0.7743696570396423,2.418441772460937,2.362060546875,Fixation,1226.5807560511998,1111.3665982655116,52.0,5.0,True,9,word,horse,4.0
1020.0,1231.9919586181638,1132.3145771026611,0.4680202305316925,0.7821339964866638,0.4812468588352203,0.7863295674324036,2.4289703369140625,2.401336669921875,Fixation,1226.5807560511998,1111.3665982655116,52.0,5.0,True,9,word,horse,4.0
1024.0,1221.355743408203,1111.8718528747559,0.4864201247692108,0.8231489658355713,0.4770920872688293,0.7721332311630249,2.451171875,2.385848999023437,Fixation,1226.5807560511998,1111.3665982655116,52.0,5.0,True,9,word,horse,4.0
1028.0,1230.7109069824216,1134.4495296478271,0.4855448305606842,0.7991281747817993,0.4807464480400085,0.7878121733665466,2.4680328369140625,2.395858764648437,Fixation,1226.5807560511998,1111.3665982655116,52.0,5.0,True,9,word,horse,4.0
1032.0,1230.553512573242,1115.8910465240479,,,0.4806849658489227,0.7749243378639221,,2.403778076171875,Fixation,1226.5807560511998,1111.3665982655116,52.0,5.0,True,9,word,horse,4.0
1036.0,1216.1666107177732,1105.872459411621,0.4988505840301513,0.735882043838501,0.4750650823116302,0.7679669857025146,2.363510131835937,2.3553619384765625,Fixation,1226.5807560511998,1111.3665982655116,52.0,5.0,True,9,word,horse,4.0
1040.0,1218.6893463134766,1102.3339176177979,0.4714702665805816,0.7867041826248169,0.4760505259037018,0.7655096650123596,2.428466796875,2.395370483398437,Fixation,1226.5807560511998,1111.3665982655116,52.0,5.0,True,9,word,horse,4.0
1044.0,1217.6485443115232,1089.018144607544,0.4797061085700989,0.7941880822181702,0.4756439626216888,0.7562626004219055,2.463775634765625,2.37359619140625,Fixation,1226.5807560511998,1111.3665982655116,52.0,5.0,True,9,word,horse,4.0
1048.0,1210.1049804687498,1044.6519184112549,0.4819335043430328,0.7492994070053101,0.4726972579956054,0.725452721118927,2.4020538330078125,2.318710327148437,Saccade,,,,0.0,False,10,,,
1052.0,1233.4737396240232,1101.9579792022705,0.4942846596240997,0.74252849817276,0.4818256795406341,0.7652485966682434,2.3852996826171875,2.384140014648437,Saccade,,,,0.0,False,10,,,
1056.0,1254.7398376464841,1115.5142498016357,0.488496333360672,0.7304786443710327,0.4901327490806579,0.7746626734733582,2.3268280029296875,2.3873291015625,Saccade,,,,0.0,False,10,,,
1060.0,1221.6173553466795,1085.4303359985352,0.4681729674339294,0.765316903591156,0.4771942794322967,0.7537710666656494,2.42791748046875,2.330718994140625,Saccade,,,,0.0,False,10,,,
1064.0,1237.4909210205076,1120.6085586547852,0.4833948910236358,0.7782003879547119,,,2.44427490234375,,Saccade,,,,0.0,False,10,,,
1068.0,1227.4054718017576,1098.5327339172363,0.4734860062599182,0.7939724326133728,0.4794552624225616,0.7628699541091919,2.47332763671875,2.360214233398437,Saccade,,,,0.0,False,10,,,
1072.0,1252.3747253417969,1074.9769306182861,0.4797701835632324,0.7483091950416565,0.4892088770866394,0.7465117573738098,2.39471435546875,2.3277130126953125,Saccade,,,,0.0,False,10,,,
1076.0,1233.679733276367,1092.1920776367188,,,0.4819061458110809,0.7584667205810547,,2.363311767578125,Saccade,,,,0.0,False,10,,,
1080.0,1222.8075408935547,1124.1770553588867,0.4829080104827881,0.8036573529243469,0.4776591956615448,0.7806785106658936,2.4725494384765625,2.401275634765625,Saccade,,,,0.0,False,10,,,
1084.0,1218.4489440917966,1102.6387023925781,0.4817090630531311,0.7502164244651794,0.4759566187858581,0.765721321105957,2.406097412109375,2.366455078125,Saccade,,,,0.0,False,10,,,
1088.0,1227.1223449707031,1104.0404891967773,0.4793446660041809,0.7666947841644287,,,2.4317779541015625,,Saccade,,,,0.0,False,10,,,
1092.0,1237.5594329833984,1115.509271621704,0.4928085803985595,0.7715169191360474,0.48342165350914,0.7746592164039612,2.4206695556640625,2.3977203369140625,Saccade,,,,0.0,False,10,,,
1096.0,1222.61116027832,1102.162857055664,0.4803668260574341,0.7662040591239929,0.4775824844837188,0.7653908729553223,2.40374755859375,2.3578643798828125,Saccade,,,,0.0,False,10,,,
1100.0,1207.7933502197266,1089.3871307373047,0.4717942774295807,0.7565188407897949,,,2.4053955078125,,Saccade,,,,0.0,False,10,,,
1104.0,1246.2406921386719,1047.3676013946533,0.4809918999671936,0.7786522507667542,0.4868127703666687,0.7273386120796204,2.416854858398437,2.3443603515625,Saccade,,,,0.0,False,10,,,
1108.0,1232.7513122558591,1062.165756225586,0.4747334122657776,0.7754094004631042,0.481543481349945,0.7376151084899902,2.44940185546875,2.353378295898437,Saccade,,,,0.0,False,10,,,
1112.0,,,,,,,,,Saccade,,,,0.0,False,10,,,
1116.0,1227.691192626953,1091.1120700836182,0.4871144592761993,0.7830689549446106,0.4795668721199035,0.757716715335846,2.4524383544921875,2.3660888671875,Saccade,,,,0.0,False,10,,,
1120.0,1243.4366607666013,1124.8915100097656,0.4845612049102783,0.7671442627906799,0.4857174456119537,0.7811746597290039,2.409515380859375,2.405746459960937,Saccade,,,,0.0,False,10,,,
1124.0,1240.5171203613281,1082.453212738037,0.4814298748970032,0.7748745083808899,0.4845770001411438,0.7517036199569702,2.4490966796875,2.372543334960937,Saccade,,,,0.0,False,10,,,
1128.0,1227.9230499267576,1130.3036499023438,0.4796574413776397,0.7849330902099609,,,2.45721435546875,,Saccade,,,,0.0,False,10,,,
1132.0,1235.227355957031,1068.3178424835205,0.4736447632312774,0.7914057374000549,0.4825106859207153,0.7418873906135559,2.4678497314453125,2.3521270751953125,Saccade,,,,0.0,False,10,,,
1136.0,1212.3444366455078,1124.3621921539307,0.4735720455646515,0.7808070778846741,,,2.451629638671875,,Saccade,,,,0.0,False,10,,,
1140.0,1246.1481475830078,1133.3125305175781,0.4867766201496124,0.787022590637207,,,2.436996459960937,,Saccade,,,,0.0,False,10,,,
1144.0,1220.3614807128906,1063.1342697143555,0.4883653521537781,0.7784303426742554,0.4767037034034729,0.7382876873016357,2.4203033447265625,2.3418121337890625,Saccade,,,,0.0,False,10,,,
1148.0,1259.9979400634763,1177.2822189331055,0.4921866953372955,0.8175570964813232,,,2.51654052734375,,Saccade,,,,0.0,False,10,,,
1152.0,1215.4235076904297,1100.5529308319092,0.4747748076915741,0.7642728686332703,,,2.4323883056640625,,Saccade,,,,0.0,False,10,,,
1156.0,1213.0467987060547,1093.0914115905762,0.4716323912143707,0.7922797799110413,0.4738464057445526,0.7590912580490112,2.5076141357421875,2.375717163085937,Saccade,,,,0.0,False,10,,,
1160.0,1205.3721618652344,1109.8768901824951,0.4708485007286072,0.7707478404045105,,,2.460556030273437,,Saccade,,,,0.0,False,10,,,
1164.0,1260.2912139892576,1043.6234092712402,0.4920096695423126,0.7715338468551636,0.4923012554645538,0.7247384786605835,2.427108764648437,2.295440673828125,Saccade,,,,0.0,False,10,,,
1168.0,,,,,,,,,Saccade,,,,0.0,False,10,,,
1172.0,1233.0035400390625,1088.2824897766113,0.4729505181312561,0.7847952246665955,0.4816420078277588,0.7557517290115356,2.4741363525390625,2.3534698486328125,Saccade,,,,0.0,False,10,,,
1176.0,1237.0963287353516,1114.7596263885498,0.4734202921390533,0.7968577742576599,0.4832407534122467,0.7741386294364929,2.50347900390625,2.401351928710937,Saccade,,,,0.0,False,10,,,
1180.0,1221.1676025390625,1121.8309593200684,0.4770185947418213,0.779049277305603,,,2.4219512939453125,,Saccade,,,,0.0,False,10,,,
1184.0,1241.9450378417969,1081.807336807251,0.4811041951179504,0.7826645970344543,0.4851347804069519,0.7512550950050354,2.4630889892578125,2.3544464111328125,Saccade,,,,0.0,False,10,,,
1188.0,1188.9151000976562,1127.5928592681885,0.464419960975647,0.7830505967140198,,,2.4846343994140625,,Saccade,,,,0.0,False,10,,,
1192.0,1198.5662841796873,1104.278326034546,0.4681899547576904,0.7668599486351013,,,2.477752685546875,,Saccade,,,,0.0,False,10,,,
1196.0,1223.291549682617,1068.7203884124756,0.4843746423721313,0.7507514953613281,0.4778482615947723,0.7421669363975525,2.418807983398437,2.3535919189453125,Saccade,,,,0.0,False,10,,,
1200.0,1226.3771057128906,1090.7875442504883,0.4744136929512024,0.7706696391105652,0.4790535569190979,0.7574913501739502,2.469970703125,2.31561279296875,Saccade,,,,0.0,False,10,,,
1204.0,1241.685791015625,1117.0265865325928,0.4693091213703155,0.794506311416626,0.4850335121154785,0.7757129073143005,2.501449584960937,2.3660125732421875,Saccade,,,,0.0,False,10,,,
1208.0,1234.321517944336,1072.3361778259277,,,0.4821568429470062,0.7446779012680054,,2.367431640625,Saccade,,,,0.0,False,10,,,
1212.0,1267.3332977294922,1146.5820407867432,0.4950520694255829,0.7962375283241272,,,2.4609527587890625,,Saccade,,,,0.0,False,10,,,
1216.0,1246.6529846191406,1127.316312789917,0.4869738221168518,0.7828585505485535,,,2.467514038085937,,Saccade,,,,0.0,False,10,,,
1220.0,1238.0564117431638,1094.483242034912,0.4836157858371734,0.760057806968689,,,2.43035888671875,,Saccade,,,,0.0,False,10,,,
1224.0,1238.3067321777344,1106.5663146972656,0.4802004694938659,0.7554494738578796,0.4837135672569275,0.7684488296508789,2.427825927734375,2.373748779296875,Saccade,,,,0.0,False,10,,,
1228.0,1222.0340728759763,1058.1723976135254,0.4765364527702331,0.7623549103736877,0.4773570597171783,0.7348419427871704,2.43865966796875,2.333831787109375,Saccade,,,,0.0,False,10,,,
1232.0,1211.2637329101562,1121.3184642791748,0.4858638048171997,0.8005132079124451,0.4731498956680298,0.7786933779716492,2.4723052978515625,2.4252471923828125,Saccade,,,,0.0,False,10,,,
1236.0,1213.4686279296875,1067.4916362762451,,,0.4740111827850342,0.741313636302948,,2.335189819335937,Saccade,,,,0.0,False,10,,,
1240.0,1210.9417724609375,1063.8186836242676,,,0.4730241298675537,0.7387629747390747,,2.357040405273437,Saccade,,,,0.0,False,10,,,
1244.0,1206.9556427001953,1138.427438735962,0.4714670479297638,0.7905746102333069,,,2.4585113525390625,,Saccade,,,,0.0,False,10,,,
1248.0,1211.063766479492,1101.2153720855713,0.4908015727996826,0.72380530834198,0.4730717837810516,0.7647328972816467,2.3419342041015625,2.3738555908203125,Saccade,,,,0.0,False,10,,,
1252.0,,,,,,,,,Saccade,,,,0.0,False,10,,,
1256.0,1273.8151550292969,1101.7190265655518,,,0.4975840449333191,0.7650826573371887,,2.412017822265625,Saccade,,,,0.0,False,10,,,
1260.0,1372.2708129882812,1061.4052963256836,0.5356054902076721,0.7443393468856812,0.5360432863235474,0.7370870113372803,2.411956787109375,2.40484619140625,Saccade,,,,0.0,False,10,,,
1264.0,,,,,,,,,Saccade,,,,0.0,False,10,,,
1268.0,1379.176025390625,1091.4263820648193,0.5387406349182129,0.7579349875450134,,,2.4434967041015625,,Saccade,,,,0.0,False,10,,,
1272.0,,,,,,,,,Saccade,,,,0.0,False,10,,,
1276.0,1573.5980224609375,1411.1852645874023,0.6146867275238037,0.979989767074585,,,1.93975830078125,,Saccade,,,,0.0,False,10,,,
1280.0,1371.8962097167969,1088.4856510162354,0.5358969569206238,0.755892813205719,,,2.43499755859375,,Fixation,1379.976316179548,1081.520950453622,52.0,6.0,True,11,word,eating,5.0
1284.0,1355.3219604492188,1078.8363075256348,0.5368834733963013,0.7287542223930359,0.5294226408004761,0.7491918802261353,2.369476318359375,2.4005279541015625,Fixation,1379.976316179548,1081.520950453622,52.0,6.0,True,11,word,eating,5.0
1288.0,1367.7125549316406,1067.488718032837,0.5410794019699097,0.7490534782409668,0.5342627167701721,0.7413116097450256,2.4173736572265625,2.37774658203125,Fixation,1379.976316179548,1081.520950453622,52.0,6.0,True,11,word,eating,5.0
1292.0,1377.2352600097656,1085.6439685821533,0.5307002663612366,0.7542065978050232,0.5379825234413147,0.7539194226264954,2.453125,2.3687896728515625,Fixation,1379.976316179548,1081.520950453622,52.0,6.0,True,11,word,eating,5.0
1296.0,1390.1756286621094,1078.9118385314941,0.5430373549461365,0.7492443323135376,,,2.4286041259765625,,Fixation,1379.976316179548,1081.520950453622,52.0,6.0,True,11,word,eating,5.0
1300.0,1390.189208984375,1093.2827281951904,0.5430426597595215,0.7592241168022156,,,2.4339599609375,,Fixation,1379.976316179548,1081.520950453622,52.0,6.0,True,11,word,eating,5.0
1304.0,1378.2728576660156,1102.4622344970703,0.5302101969718933,0.7452689409255981,0.5383878350257874,0.7655987739562988,2.426742553710937,2.3979034423828125,Fixation,1379.976316179548,1081.520950453622,52.0,6.0,True,11,word,eating,5.0
1308.0,1364.4233703613281,1078.9299488067627,0.5329778790473938,0.7492569088935852,,,2.42950439453125,,Fixation,1379.976316179548,1081.520950453622,52.0,6.0,True,11,word,eating,5.0
1312.0,1396.6392517089844,1105.1683902740479,0.5373754501342773,0.7549350261688232,0.545562207698822,0.7674780488014221,2.43017578125,2.3995361328125,Fixation,1379.976316179548,1081.520950453622,52.0,6.0,True,11,word,eating,5.0
1316.0,1368.1263732910156,1081.0829257965088,0.534424364566803,0.7507520318031311,,,2.430282592773437,,Fixation,1379.976316179548,1081.520950453622,52.0,6.0,True,11,word,eating,5.0
1320.0,1388.5816955566406,1036.8261337280273,0.5424147248268127,0.7200181484222412,,,2.379623413085937,,Fixation,1379.976316179548,1081.520950453622,52.0,6.0,True,11,word,eating,5.0
1324.0,1410.99609375,1087.5888061523438,0.5511703491210938,0.7552700042724609,,,2.3437042236328125,,Fixation,1379.976316179548,1081.520950453622,52.0,6.0,True,11,word,eating,5.0
1328.0,1357.4685668945312,1090.8918285369873,0.5302611589431763,0.7575637698173523,,,2.461212158203125,,Fixation,1379.976316179548,1081.520950453622,52.0,6.0,True,11,word,eating,5.0
1332.0,1402.62939453125,1065.693826675415,0.53888338804245,0.7738308310508728,0.5479021072387695,0.7400651574134827,2.4694366455078125,2.3555450439453125,Fixation,1379.976316179548,1081.520950453622,52.0,6.0,True,11,word,eating,5.0
1336.0,1398.3599853515625,1031.9019412994385,0.5462343692779541,0.7165985703468323,,,2.352264404296875,,Saccade,,,,0.0,False,12,,,
1340.0,1395.58837890625,1047.0629024505615,0.5451517105102539,0.7271270155906677,,,2.398529052734375,,Saccade,,,,0.0,False,12,,,
1344.0,1375.5033874511719,1100.5064964294434,0.5480913519859314,0.7188425064086914,0.537306010723114,0.7642406225204468,2.3751373291015625,2.4098052978515625,Saccade,,,,0.0,False,12,,,
1348.0,,,,,,,,,Saccade,,,,0.0,False,12,,,
1352.0,1389.7903442382812,1069.0531539916992,0.5428868532180786,0.7423980236053467,,,2.43560791015625,,Saccade,,,,0.0,False,12,,,
1356.0,,,,,,,,,Saccade,,,,0.0,False,12,,,
1360.0,1352.1559143066406,1251.1887073516846,0.5281859040260315,0.8688810467720032,,,2.652008056640625,,Saccade,,,,0.0,False,12,,,
1364.0,1414.3263244628906,1022.347354888916,0.5524712204933167,0.7099634408950806,,,2.3720245361328125,,Saccade,,,,0.0,False,12,,,
1368.0,1364.9864196777344,1113.7597846984863,0.533197820186615,0.7734442949295044,,,2.4778594970703125,,Saccade,,,,0.0,False,12,,,
1372.0,1388.3631896972656,1093.7135124206543,0.5423293709754944,0.7595232725143433,,,2.464706420898437,,Saccade,,,,0.0,False,12,,,
1376.0,1406.1831665039062,1065.0593662261963,0.5492902994155884,0.739624559879303,,,2.398666381835937,,Saccade,,,,0.0,False,12,,,
1380.0,1353.5102844238281,1105.4876804351807,0.5501512885093689,0.7359942197799683,0.5287149548530579,0.7676997780799866,2.390899658203125,2.4309539794921875,Saccade,,,,0.0,False,12,,,
1384.0,1396.1213684082031,1083.7460803985596,0.5275835394859314,0.7433897852897644,0.5453599095344543,0.7526014447212219,2.443634033203125,2.3864288330078125,Saccade,,,,0.0,False,12,,,
1388.0,1384.9533081054688,1065.437707901001,0.5409973859786987,0.7398872971534729,,,2.4307861328125,,Saccade,,,,0.0,False,12,,,
1392.0,1383.4138488769531,1107.6449489593506,0.5472045540809631,0.7206401824951172,0.5403960347175598,0.7691978812217712,2.388168334960937,2.4427032470703125,Saccade,,,,0.0,False,12,,,
1396.0,1378.8259887695312,1051.5137386322021,0.5386039018630981,0.7302178740501404,,,2.39605712890625,,Saccade,,,,0.0,False,12,,,
1400.0,1388.5652160644531,1081.8046760559082,0.542408287525177,0.7512532472610474,,,2.4612274169921875,,Saccade,,,,0.0,False,12,,,
1404.0,1396.3687133789062,1065.8301258087158,0.5454565286636353,0.740159809589386,,,2.43359375,,Saccade,,,,0.0,False,12,,,
1408.0,1402.7952575683594,1080.0848007202148,0.5479668974876404,0.7500588893890381,,,2.45733642578125,,Saccade,,,,0.0,False,12,,,
1412.0,1383.5719299316406,1091.4527320861816,0.5512617230415344,0.7278244495391846,0.5404577851295471,0.7579532861709595,2.3825225830078125,2.394775390625,Saccade,,,,0.0,False,12,,,
1416.0,1391.9050598144531,1024.8595333099365,0.5437129139900208,0.7117080092430115,,,2.3784942626953125,,Saccade,,,,0.0,False,12,,,
1420.0,1387.7751159667969,1069.528226852417,0.54209965467453,0.7427279353141785,,,2.441757202148437,,Saccade,,,,0.0,False,12,,,
1424.0,1365.3671264648438,1078.2166957855225,0.5333465337753296,0.7487615942955017,,,2.4441070556640625,,Saccade,,,,0.0,False,12,,,
1428.0,1413.9054870605469,1084.6369171142578,0.5523068308830261,0.7532200813293457,,,2.45904541015625,,Saccade,,,,0.0,False,12,,,
1432.0,,,,,,,,,Saccade,,,,0.0,False,12,,,
1436.0,1370.2223205566406,1101.9242477416992,0.5443385243415833,0.7497527599334717,0.5352430939674377,0.7652251720428467,2.4447784423828125,2.468963623046875,Fixation,,,60.0,7.0,True,13,,,
1440.0,1389.1860961914062,1080.3359413146973,0.5426508188247681,0.7502332925796509,,,2.43646240234375,,Fixation,,,60.0,7.0,True,13,,,
1444.0,1412.72216796875,1049.000358581543,0.551844596862793,0.7284724712371826,,,2.396957397460937,,Fixation,,,60.0,7.0,True,13,,,
1448.0,1391.6886901855469,1083.7290859222412,,,0.5436283946037292,0.7525896430015564,,2.402938842773437,Fixation,,,60.0,7.0,True,13,,,
1452.0,1400.606689453125,1099.2489051818848,0.5389797687530518,0.7631378173828125,0.547111988067627,0.7633672952651978,2.45709228515625,2.40673828125,Fixation,,,60.0,7.0,True,13,,,
1456.0,1393.2606506347656,1104.0875244140625,0.5442424416542053,0.7667274475097656,,,2.4456787109375,,Fixation,,,60.0,7.0,True,13,,,
1460.0,1355.8230590820312,1106.0045528411865,0.542743980884552,0.7283260226249695,0.5296183824539185,0.768058717250824,2.3976593017578125,2.39532470703125,Fixation,,,60.0,7.0,True,13,,,
1464.0,1389.7207641601562,1099.0879726409912,0.5327913165092468,0.7531513571739197,0.542859673500061,0.7632555365562439,2.4374542236328125,2.4222564697265625,Fixation,,,60.0,7.0,True,13,,,
1468.0,1412.8506469726562,1076.5454864501953,0.5518947839736938,0.7476010322570801,,,2.470443725585937,,Fixation,,,60.0,7.0,True,13,,,
1472.0,1388.9918518066406,1076.5861701965332,0.5393311977386475,0.7543639540672302,0.542574942111969,0.7476292848587036,2.4562225341796875,2.378662109375,Fixation,,,60.0,7.0,True,13,,,
1476.0,1368.8960266113281,1071.8230819702148,0.53472501039505,0.7443215847015381,,,2.43896484375,,Fixation,,,60.0,7.0,True,13,,,
1480.0,1385.8079528808594,1064.6966457366943,0.5413312315940857,0.7393726706504822,,,2.3721160888671875,,Fixation,,,60.0,7.0,True,13,,,
1484.0,1403.2632446289062,1058.3298969268799,0.5481497049331665,0.7349513173103333,,,2.4213409423828125,,Fixation,,,60.0,7.0,True,13,,,
1488.0,,,,,,,,,Fixation,,,60.0,7.0,True,13,,,
1492.0,1377.7210998535156,1064.4703960418701,0.5381723046302795,0.7392155528068542,,,2.407821655273437,,Fixation,,,60.0,7.0,True,13,,,
1496.0,1393.2315063476562,1115.3019905090332,0.5442310571670532,0.7745152711868286,,,2.4652099609375,,Fixation,,,60.0,7.0,True,13,,,
1500.0,1403.336181640625,1045.7063484191895,0.5481781959533691,0.7261849641799927,,,2.41357421875,,Saccade,,,,0.0,False,14,,,
1504.0,1378.6601257324219,1061.6556644439697,0.5385391116142273,0.7372608780860901,,,2.40020751953125,,Saccade,,,,0.0,False,14,,,
1508.0,1399.2869567871094,1072.9787063598633,0.5450164675712585,0.740121603012085,0.5465964674949646,0.745124101638794,2.427520751953125,2.3634796142578125,Saccade,,,,0.0,False,14,,,
1512.0,1386.1235046386719,1071.0084629058838,0.5428880453109741,0.7442760467529297,0.5414544939994812,0.7437558770179749,2.423797607421875,2.389129638671875,Saccade,,,,0.0,False,14,,,
1516.0,1386.5206909179688,1061.088581085205,0.5416096448898315,0.7368670701980591,,,2.4156951904296875,,Saccade,,,,0.0,False,14,,,
1520.0,1365.3045654296875,1078.0964469909668,0.5333220958709717,0.7486780881881714,,,2.443588256835937,,Saccade,,,,0.0,False,14,,,
1524.0,1424.4737243652344,1072.2926616668701,0.5564350485801697,0.7446476817131042,,,2.43048095703125,,Saccade,,,,0.0,False,14,,,
1528.0,1478.1266784667969,1086.8953800201416,0.5773932337760925,0.7547884583473206,,,2.458770751953125,,Saccade,,,,0.0,False,14,,,
1532.0,1551.0836791992188,1096.0032176971436,0.6058920621871948,0.7611133456230164,,,2.460678100585937,,Saccade,,,,0.0,False,14,,,
1536.0,1580.2615356445312,1146.426944732666,0.617289662361145,0.7961298227310181,,,2.5064849853515625,,Fixation,1567.2344764821337,1104.7149368560622,204.0,8.0,True,15,word,the,7.0
1540.0,1580.5586242675781,1115.8707904815674,0.6174057126045227,0.7749102711677551,,,2.4770965576171875,,Fixation,1567.2344764821337,1104.7149368560622,204.0,8.0,True,15,word,the,7.0
1544.0,1578.4243774414062,1108.6162948608398,0.6165720224380493,0.7698724269866943,,,2.474456787109375,,Fixation,1567.2344764821337,1104.7149368560622,204.0,8.0,True,15,word,the,7.0
1548.0,1551.3360595703125,1074.7216701507568,0.6059906482696533,0.7463344931602478,,,2.4593505859375,,Fixation,1567.2344764821337,1104.7149368560622,204.0,8.0,True,15,word,the,7.0
1552.0,1568.2109069824219,1079.4025325775146,0.6096640825271606,0.7618970274925232,0.6125823855400085,0.7495850920677185,2.5077056884765625,2.3777313232421875,Fixation,1567.2344764821337,1104.7149368560622,204.0,8.0,True,15,word,the,7.0
1556.0,1578.8624572753906,1121.196928024292,0.6167431473731995,0.7786089777946472,,,2.494613647460937,,Fixation,1567.2344764821337,1104.7149368560622,204.0,8.0,True,15,word,the,7.0
1560.0,1545.2485656738281,1119.9989891052246,0.6036127209663391,0.7777770757675171,,,2.49847412109375,,Fixation,1567.2344764821337,1104.7149368560622,204.0,8.0,True,15,word,the,7.0
1564.0,1571.0740661621094,1117.9949283599854,0.613700807094574,0.7763853669166565,,,2.486541748046875,,Fixation,1567.2344764821337,1104.7149368560622,204.0,8.0,True,15,word,the,7.0
1568.0,1533.5673522949219,1100.1200008392334,0.6141259670257568,0.7828503847122192,0.5990497469902039,0.7639722228050232,2.5111846923828125,2.4380340576171875,Fixation,1567.2344764821337,1104.7149368560622,204.0,8.0,True,15,word,the,7.0
1572.0,1560.4804992675781,1113.6632251739502,0.6095626950263977,0.7733772397041321,,,2.504013061523437,,Fixation,1567.2344764821337,1104.7149368560622,204.0,8.0,True,15,word,the,7.0
1576.0,1585.1744079589844,1113.1812858581543,0.6192087531089783,0.7730425596237183,,,2.48309326171875,,Fixation,1567.2344764821337,1104.7149368560622,204.0,8.0,True,15,word,the,7.0
1580.0,1568.9604187011719,1115.7324314117432,0.6128751635551453,0.7748141884803772,,,2.4965057373046875,,Fixation,1567.2344764821337,1104.7149368560622,204.0,8.0,True,15,word,the,7.0
1584.0,1568.963623046875,1138.150978088379,0.6128764152526855,0.7903826236724854,,,2.5147705078125,,Fixation,1567.2344764821337,1104.7149368560622,204.0,8.0,True,15,word,the,7.0
1588.0,1577.0429992675781,1110.360631942749,0.6160324215888977,0.7710837721824646,,,2.4983673095703125,,Fixation,1567.2344764821337,1104.7149368560622,204.0,8.0,True,15,word,the,7.0
1592.0,1587.3851013183594,1109.6346759796143,0.6200723052024841,0.7705796360969543,,,2.4771270751953125,,Fixation,1567.2344764821337,1104.7149368560622,204.0,8.0,True,15,word,the,7.0
1596.0,1527.0304870605469,1114.0396785736084,0.606032133102417,0.7741120457649231,0.5964962840080261,0.7736386656761169,2.4904937744140625,2.4097442626953125,Fixation,1567.2344764821337,1104.7149368560622,204.0,8.0,True,15,word,the,7.0
1600.0,1557.3446655273438,1095.056676864624,0.6210412979125977,0.7395006418228149,0.6083377599716187,0.7604560256004333,2.46185302734375,2.4426422119140625,Fixation,1567.2344764821337,1104.7149368560622,204.0,8.0,True,15,word,the,7.0
1604.0,1588.9553833007812,1088.6065864562988,0.6206856966018677,0.7559767961502075,,,2.480560302734375,,Fixation,1567.2344764821337,1104.7149368560622,204.0,8.0,True,15,word,the,7.0
1608.0,1583.9064025878906,1121.8308734893799,0.6187134385108948,0.7790492177009583,,,2.486801147460937,,Fixation,1567.2344764821337,1104.7149368560622,204.0,8.0,True,15,word,the,7.0
1612.0,1579.3524169921875,1112.4030590057373,0.6169345378875732,0.7725021243095398,,,2.505722045898437,,Fixation,1567.2344764821337,1104.7149368560622,204.0,8.0,True,15,word,the,7.0
1616.0,1544.0924072265625,1068.8755702972412,0.6195040941238403,0.7608557343482971,0.603161096572876,0.7422747015953064,2.46600341796875,2.3729400634765625,Fixation,1567.2344764821337,1104.7149368560622,204.0,8.0,True,15,word,the,7.0
1620.0,1573.5548400878906,1106.2292575836182,0.6146698594093323,0.768214762210846,,,2.480133056640625,,Fixation,1567.2344764821337,1104.7149368560622,204.0,8.0,True,15,word,the,7.0
1624.0,1590.1130676269531,1098.7837886810303,0.6211379170417786,0.7630442976951599,,,2.4651031494140625,,Fixation,1567.2344764821337,1104.7149368560622,204.0,8.0,True,15,word,the,7.0
1628.0,1563.4852600097656,1114.6695041656494,0.6107364296913147,0.7740760445594788,,,2.4951629638671875,,Fixation,1567.2344764821337,1104.7149368560622,204.0,8.0,True,15,word,the,7.0
1632.0,1576.2556457519531,1104.4493007659912,0.6157248616218567,0.7669786810874939,,,2.488388061523437,,Fixation,1567.2344764821337,1104.7149368560622,204.0,8.0,True,15,word,the,7.0
1636.0,1590.1333618164062,1096.9260692596436,0.6211458444595337,0.7617542147636414,,,2.465118408203125,,Fixation,1567.2344764821337,1104.7149368560622,204.0,8.0,True,15,word,the,7.0
1640.0,1569.793701171875,1069.8499202728271,0.6132006645202637,0.7429513335227966,,,2.457626342773437,,Fixation,1567.2344764821337,1104.7149368560622,204.0,8.0,True,15,word,the,7.0
1644.0,1585.408935546875,1103.1894779205322,0.619300365447998,0.7661038041114807,,,2.456390380859375,,Fixation,1567.2344764821337,1104.7149368560622,204.0,8.0,True,15,word,the,7.0
1648.0,1575.245361328125,1100.4167175292969,0.6153302192687988,0.7641782760620117,,,2.4644927978515625,,Fixation,1567.2344764821337,1104.7149368560622,204.0,8.0,True,15,word,the,7.0
1652.0,1594.8040771484375,1154.560260772705,0.6070114374160767,0.7792797684669495,0.6229703426361084,0.8017779588699341,2.5074615478515625,2.282562255859375,Saccade,,,,0.0,False,16,,,
1656.0,1572.347412109375,1123.2265663146973,0.6141982078552246,0.7800184488296509,,,2.496551513671875,,Saccade,,,,0.0,False,16,,,
1660.0,1593.9054870605469,1116.412296295166,0.6226193308830261,0.7752863168716431,,,2.48150634765625,,Saccade,,,,0.0,False,16,,,
1664.0,1570.4191589355469,1097.7060985565186,0.613444983959198,0.7622959017753601,,,2.4892730712890625,,Saccade,,,,0.0,False,16,,,
1668.0,1541.1369323730469,1055.4986000061035,0.6104176640510559,0.7818008065223694,0.6020066142082214,0.7329851388931274,2.5063018798828125,2.358993530273437,Fixation,1567.2344764821337,1104.7149368560622,204.0,8.0,True,17,word,the,7.0
1672.0,1580.263671875,1082.8608226776123,0.6172904968261719,0.7519866824150085,,,2.45831298828125,,Fixation,1567.2344764821337,1104.7149368560622,204.0,8.0,True,17,word,the,7.0
1676.0,1572.5358581542969,1099.7359943389893,0.6142718195915222,0.7637055516242981,,,2.483261108398437,,Fixation,1567.2344764821337,1104.7149368560622,204.0,8.0,True,17,word,the,7.0
1680.0,1593.0001831054688,1098.1906127929688,0.6222656965255737,0.7626323699951172,,,2.463241577148437,,Fixation,1567.2344764821337,1104.7149368560622,204.0,8.0,True,17,word,the,7.0
1684.0,1554.0367126464844,1104.697608947754,0.6174555420875549,0.754564642906189,0.607045590877533,0.7671511173248291,2.47216796875,2.4768829345703125,Fixation,1567.2344764821337,1104.7149368560622,204.0,8.0,True,17,word,the,7.0
1688.0,1560.3309631347656,1113.250036239624,0.6095042824745178,0.7730903029441833,,,2.505111694335937,,Fixation,1567.2344764821337,1104.7149368560622,204.0,8.0,True,17,word,the,7.0
1692.0,1584.6493530273438,1102.6753520965576,0.6190036535263062,0.7657467722892761,,,2.470611572265625,,Fixation,1567.2344764821337,1104.7149368560622,204.0,8.0,True,17,word,the,7.0
1696.0,1589.5649719238281,1099.9453353881836,0.6209238171577454,0.7638509273529053,,,2.4758758544921875,,Fixation,1567.2344764821337,1104.7149368560622,204.0,8.0,True,17,word,the,7.0
1700.0,1548.2164001464844,1106.8073272705078,0.6047720313072205,0.7686161994934082,,,2.490814208984375,,Fixation,1567.2344764821337,1104.7149368560622,204.0,8.0,True,17,word,the,7.0
1704.0,1568.4590148925781,1121.596040725708,0.6126793026924133,0.7788861393928528,,,2.50469970703125,,Fixation,1567.2344764821337,1104.7149368560622,204.0,8.0,True,17,word,the,7.0
1708.0,1548.9517211914062,1108.6909675598145,0.6050592660903931,0.7699242830276489,,,2.49530029296875,,Fixation,1567.2344764821337,1104.7149368560622,204.0,8.0,True,17,word,the,7.0
1712.0,1552.2677612304688,1121.5703773498535,0.6063545942306519,0.7788683176040649,,,2.517669677734375,,Fixation,1567.2344764821337,1104.7149368560622,204.0,8.0,True,17,word,the,7.0
1716.0,1557.5271606445312,1105.0700283050537,0.60840904712677,0.7674097418785095,,,2.492706298828125,,Fixation,1567.2344764821337,1104.7149368560622,204.0,8.0,True,17,word,the,7.0
1720.0,1556.1703491210938,1086.4049434661865,0.6078790426254272,0.754447877407074,,,2.4848785400390625,,Fixation,1567.2344764821337,1104.7149368560622,204.0,8.0,True,17,word,the,7.0
1724.0,1550.9759521484375,1106.7784023284912,0.6058499813079834,0.7685961127281189,,,2.48358154296875,,Fixation,1567.2344764821337,1104.7149368560622,204.0,8.0,True,17,word,the,7.0
1728.0,1570.8860778808594,1100.9938430786133,0.6136273741722107,0.7645790576934814,,,2.4881744384765625,,Fixation,1567.2344764821337,1104.7149368560622,204.0,8.0,True,17,word,the,7.0
1732.0,1543.7176513671875,1108.2013893127441,0.6030147075653076,0.7695842981338501,,,2.484649658203125,,Fixation,1567.2344764821337,1104.7149368560622,204.0,8.0,True,17,word,the,7.0
1736.0,1565.1303100585938,1121.5569877624512,0.6113790273666382,0.77885901927948,,,2.5204620361328125,,Fixation,1567.2344764821337,1104.7149368560622,204.0,8.0,True,17,word,the,7.0
1740.0,1547.2869873046875,1101.0175323486328,0.6044089794158936,0.7645955085754395,,,2.49310302734375,,Fixation,1567.2344764821337,1104.7149368560622,204.0,8.0,True,17,word,the,7.0
1744.0,1517.9052734375,1129.2366886138916,0.5929317474365234,0.7841921448707581,,,2.4971923828125,,Saccade,,,,0.0,False,18,,,
1748.0,1556.7161560058594,1089.1594219207764,0.6080922484397888,0.7563607096672058,,,2.4795379638671875,,Saccade,,,,0.0,False,18,,,
1752.0,1503.2337951660156,1153.3828353881836,0.6081018447875977,0.7559202313423157,0.5872007012367249,0.8009603023529053,2.490325927734375,2.402816772460937,Saccade,,,,0.0,False,18,,,
1756.0,1553.2720947265625,1065.558385848999,0.6111785173416138,0.7551792860031128,0.6067469120025635,0.7399711012840271,2.471160888671875,2.378692626953125,Saccade,,,,0.0,False,18,,,
1760.0,1556.3166809082031,1089.5181941986084,0.6122547388076782,0.7721747756004333,0.6079362034797668,0.7566098570823669,2.5037078857421875,2.374176025390625,Saccade,,,,0.0,False,18,,,
1764.0,1547.9574584960938,1120.2580261230469,0.6046708822250366,0.7779569625854492,,,2.4964752197265625,,Saccade,,,,0.0,False,18,,,
1768.0,1563.3619689941406,1084.4261169433594,0.6078416109085083,0.762639045715332,0.6106882691383362,0.7530736923217773,2.50616455078125,2.47564697265625,Saccade,,,,0.0,False,18,,,
1772.0,1526.1863708496094,1107.1917629241943,0.6054062843322754,0.7727482318878174,0.5961665511131287,0.7688831686973572,2.4899444580078125,2.419906616210937,Saccade,,,,0.0,False,18,,,
1776.0,1576.1874389648438,1079.6217441558838,0.6156982183456421,0.7497373223304749,,,2.4635772705078125,,Saccade,,,,0.0,False,18,,,
1780.0,1558.2640075683594,1114.599380493164,0.6086968779563904,0.7740273475646973,,,2.5062713623046875,,Saccade,,,,0.0,False,18,,,
1784.0,1542.161865234375,1059.420976638794,0.6069391965866089,0.7648659348487854,0.6024069786071777,0.735709011554718,2.4707794189453125,2.3834686279296875,Saccade,,,,0.0,False,18,,,
1788.0,1540.1924133300781,1113.4033298492432,0.6172749996185303,0.7602142095565796,0.6016376614570618,0.7731967568397522,2.4733428955078125,2.376495361328125,Saccade,,,,0.0,False,18,,,
1792.0,1563.8223266601562,1105.464506149292,0.6108680963516235,0.7676836848258972,,,2.5079803466796875,,Saccade,,,,0.0,False,18,,,
1796.0,1564.2552185058594,1102.8952503204346,0.6110371947288513,0.7658994793891907,,,2.4771728515625,,Saccade,,,,0.0,False,18,,,
1800.0,1555.8067321777344,1111.7512607574463,0.6077370047569275,0.7720494866371155,,,2.50177001953125,,Saccade,,,,0.0,False,18,,,
1804.0,1544.2704772949219,1106.676950454712,0.6032306551933289,0.7685256600379944,,,2.51007080078125,,Saccade,,,,0.0,False,18,,,
1808.0,1557.6441955566406,1135.8751773834229,0.6318110227584839,0.7581650614738464,0.6084547638893127,0.7888022065162659,2.492156982421875,2.4463653564453125,Saccade,,,,0.0,False,18,,,
1812.0,1643.1060791015625,1069.9287128448486,0.6423743367195129,0.7708483934402466,0.6418383121490479,0.7430060505867004,2.5019683837890625,2.3448638916015625,Saccade,,,,0.0,False,18,,,
1816.0,1653.3616638183594,1055.2916622161865,0.6536203026771545,0.7522220015525818,0.6458443999290466,0.732841432094574,2.487777709960937,2.3456268310546875,Saccade,,,,0.0,False,18,,,
1820.0,1683.2084655761719,1096.9527626037598,0.6575033068656921,0.7617727518081665,,,2.496673583984375,,Saccade,,,,0.0,False,18,,,
1824.0,1700.5738830566406,1092.1786880493164,0.6642866730690002,0.7584574222564697,,,2.460433959960937,,Saccade,,,,0.0,False,18,,,
1828.0,1705.240478515625,1110.868320465088,0.666109561920166,0.771436333656311,,,2.4921112060546875,,Saccade,,,,0.0,False,18,,,
1832.0,1874.2091369628906,1431.7637729644778,0.6610029935836792,0.7666643261909485,0.7321129441261292,0.9942803978919984,2.4901123046875,1.905029296875,Saccade,,,,0.0,False,18,,,
1836.0,1700.1754760742188,1111.1842632293701,0.6598590016365051,0.7617580890655518,0.6641310453414917,0.7716557383537292,2.4995574951171875,2.3539276123046875,Saccade,,,,0.0,False,18,,,
1840.0,1701.0208129882812,1152.0698833465576,0.6539709568023682,0.7535991072654724,0.6644612550735474,0.8000485301017761,2.50347900390625,2.338134765625,Saccade,,,,0.0,False,18,,,
1844.0,1696.2373352050781,1101.0657691955566,0.6663349270820618,0.7672931551933289,0.6625927090644836,0.7646290063858032,2.4818878173828125,2.4427947998046875,Saccade,,,,0.0,False,18,,,
1848.0,1673.6610412597656,1086.7280101776123,0.6588728427886963,0.753662109375,0.653773844242096,0.7546722292900085,2.490341186523437,2.403182983398437,Saccade,,,,0.0,False,18,,,
1852.0,1649.6092224121094,1132.046184539795,0.6622531414031982,0.7571492195129395,0.6443786025047302,0.7861431837081909,2.476303100585937,2.4040985107421875,Saccade,,,,0.0,False,18,,,
1856.0,1689.4395446777344,1090.1350593566895,0.65993732213974,0.7570382356643677,,,2.481903076171875,,Saccade,,,,0.0,False,18,,,
1860.0,1699.3672180175781,1082.0516967773438,0.6638153195381165,0.7514247894287109,,,2.509994506835937,,Saccade,,,,0.0,False,18,,,
1864.0,1694.7956848144531,1097.2451877593994,0.6561853289604187,0.7681055665016174,0.6620295643806458,0.7619758248329163,2.517059326171875,2.428085327148437,Saccade,,,,0.0,False,18,,,
1868.0,1705.5909729003906,1090.4158115386963,0.6662464737892151,0.757233202457428,,,2.4742431640625,,Saccade,,,,0.0,False,18,,,
1872.0,1708.5101318359375,1095.4027462005615,0.6673867702484131,0.7606963515281677,,,2.4734344482421875,,Saccade,,,,0.0,False,18,,,
1876.0,1696.7179870605469,1090.05952835083,0.6627804636955261,0.7569857835769653,,,2.4923248291015625,,Saccade,,,,0.0,False,18,,,
1880.0,1706.8080139160156,1160.4268741607666,0.6623845100402832,0.7619144320487976,0.6667218804359436,0.8058519959449768,2.49420166015625,2.381011962890625,Saccade,,,,0.0,False,18,,,
1884.0,1698.9208984375,1093.2858180999756,0.6636409759521484,0.7592262625694275,,,2.4942779541015625,,Saccade,,,,0.0,False,18,,,
1888.0,1703.6898803710938,1101.3929557800293,0.6612680554389954,0.7652104496955872,0.6655038595199585,0.764856219291687,2.4992828369140625,2.39739990234375,Saccade,,,,0.0,False,18,,,
1892.0,1652.86865234375,1124.8264503479004,0.6507800221443176,0.7611666917800903,0.6456518173217773,0.7811294794082642,2.5059967041015625,2.44903564453125,Saccade,,,,0.0,False,18,,,
1896.0,1692.642822265625,1093.2083988189697,0.6611886024475098,0.7591724991798401,,,2.505126953125,,Saccade,,,,0.0,False,18,,,
1900.0,1696.0072326660156,1099.2012691497803,0.6625028252601624,0.7633342146873474,,,2.485946655273437,,Saccade,,,,0.0,False,18,,,
1904.0,1714.6965026855469,1104.5828533172607,0.6635001301765442,0.7616949081420898,0.6698033213615417,0.7670714259147644,2.47296142578125,2.4235076904296875,Saccade,,,,0.0,False,18,,,
1908.0,1668.924560546875,1139.7197914123535,0.6576545834541321,0.7669674158096313,0.651923656463623,0.7914720773696899,2.51837158203125,2.4815673828125,Saccade,,,,0.0,False,18,,,
1912.0,1694.1299438476562,1116.0374736785889,0.665287971496582,0.7615852952003479,0.6617695093154907,0.7750260233879089,2.48748779296875,2.419189453125,Saccade,,,,0.0,False,18,,,
1916.0,1680.1104736328125,1100.2152729034424,0.6562931537628174,0.7640383839607239,,,2.4818878173828125,,Saccade,,,,0.0,False,18,,,
1920.0,1675.2030944824219,1131.6839790344238,0.6663990020751953,0.7606052756309509,0.654376208782196,0.7858916521072388,2.473236083984375,2.4499664306640625,Saccade,,,,0.0,False,18,,,
1924.0,1698.63037109375,1111.3997840881348,0.6635274887084961,0.7718054056167603,,,2.4950103759765625,,Saccade,,,,0.0,False,18,,,
1928.0,1676.0269165039062,1171.071252822876,0.6629910469055176,0.7570148706436157,0.6546980142593384,0.8132439255714417,2.48919677734375,2.4692535400390625,Saccade,,,,0.0,False,18,,,
1932.0,1679.2088317871094,1109.1250133514404,0.6561002731323242,0.7688817977905273,0.6559409499168396,0.7702257037162781,2.497421264648437,2.4346923828125,Saccade,,,,0.0,False,18,,,
1936.0,1727.4267578125,1109.958086013794,0.6598851084709167,0.7660060524940491,0.6747760772705078,0.770804226398468,2.48870849609375,2.3636016845703125,Saccade,,,,0.0,False,18,,,
1940.0,1717.4571228027344,1101.8220233917236,0.6566112041473389,0.7575485706329346,0.6708816885948181,0.7651541829109192,2.5113525390625,2.3822174072265625,Saccade,,,,0.0,False,18,,,
1944.0,1711.2783813476562,1083.4739112854004,0.6691692471504211,0.7658934593200684,0.6684681177139282,0.7524124383926392,2.49639892578125,2.388900756835937,Saccade,,,,0.0,False,18,,,
1948.0,1719.1697692871094,1144.7288703918457,0.6578025817871094,0.7606992721557617,0.6715506911277771,0.7949506044387817,2.487167358398437,2.35546875,Saccade,,,,0.0,False,18,,,
1952.0,1708.4805297851562,1101.020450592041,0.6650056838989258,0.7753049731254578,0.6673752069473267,0.7645975351333618,2.498321533203125,2.4083709716796875,Saccade,,,,0.0,False,18,,,
1956.0,1685.2156066894531,1110.0129318237305,0.6637482643127441,0.760658323764801,0.6582873463630676,0.7708423137664795,2.490631103515625,2.4525146484375,Saccade,,,,0.0,False,18,,,
1960.0,1701.6268920898438,1111.0317420959473,0.6607028245925903,0.765476644039154,0.6646980047225952,0.7715498208999634,2.514373779296875,2.4793243408203125,Saccade,,,,0.0,False,18,,,
1964.0,1678.0598449707031,1121.4945030212402,0.6595565676689148,0.7769839763641357,0.6554921269416809,0.7788156270980835,2.488494873046875,2.472396850585937,Saccade,,,,0.0,False,18,,,
1968.0,1697.26806640625,1127.1404457092285,0.6595577001571655,0.7641051411628723,0.6629953384399414,0.7827364206314087,2.4912872314453125,2.483139038085937,Saccade,,,,0.0,False,18,,,
1972.0,1710.0633239746094,1084.0253734588623,0.6652452349662781,0.7660408616065979,0.6679934859275818,0.752795398235321,2.493896484375,2.4028778076171875,Saccade,,,,0.0,False,18,,,
1976.0,1718.2569885253906,1089.0449237823486,0.6592217087745667,0.7652462720870972,0.6711941361427307,0.7562811970710754,2.469512939453125,2.3979034423828125,Saccade,,,,0.0,False,18,,,
1980.0,1690.6874084472656,1079.1186046600342,0.6626604199409485,0.7691836357116699,0.6604247689247131,0.7493879199028015,2.499298095703125,2.422027587890625,Saccade,,,,0.0,False,18,,,
1984.0,1692.3786926269531,1117.648515701294,0.6656818389892578,0.7598927617073059,0.6610854268074036,0.776144802570343,2.4740447998046875,2.4311676025390625,Saccade,,,,0.0,False,18,,,
1988.0,1741.0646057128906,1102.9482078552246,0.6686610579490662,0.7674797177314758,0.6801033616065979,0.7659362554550171,2.503509521484375,2.380859375,Fixation,1712.9027871524586,1105.1004931505988,64.0,9.0,True,19,word,grass,8.0
1992.0,1680.0164794921875,1110.1433086395264,0.6569271087646484,0.7633752822875977,0.6562564373016357,0.7709328532218933,2.5003204345703125,2.4614715576171875,Fixation,1712.9027871524586,1105.1004931505988,64.0,9.0,True,19,word,grass,8.0
1996.0,1706.2445068359375,1100.7299137115479,0.6617584228515625,0.7759753465652466,0.6665017604827881,0.7643957734107971,2.495956420898437,2.422592163085937,Fixation,1712.9027871524586,1105.1004931505988,64.0,9.0,True,19,word,grass,8.0
2000.0,1696.7105102539062,1126.3935470581055,0.6603037714958191,0.7726513743400574,0.6627775430679321,0.7822177410125732,2.5045166015625,2.4515533447265625,Fixation,1712.9027871524586,1105.1004931505988,64.0,9.0,True,19,word,grass,8.0
2004.0,1706.6424560546875,1097.3167705535889,0.6614124178886414,0.7664809823036194,0.6666572093963623,0.7620255351066589,2.485504150390625,2.429061889648437,Fixation,1712.9027871524586,1105.1004931505988,64.0,9.0,True,19,word,grass,8.0
2008.0,1715.5636596679688,1126.545639038086,0.6568901538848877,0.772919774055481,0.6701420545578003,0.7823233604431152,2.486053466796875,2.437530517578125,Fixation,1712.9027871524586,1105.1004931505988,64.0,9.0,True,19,word,grass,8.0
2012.0,1695.5255126953125,1104.5715236663818,0.6637268662452698,0.7680227756500244,0.6623146533966064,0.767063558101654,2.4751129150390625,2.4268798828125,Fixation,1712.9027871524586,1105.1004931505988,64.0,9.0,True,19,word,grass,8.0
2016.0,1731.0960388183594,1108.9254570007324,0.6626735329627991,0.7650468349456787,0.6762093901634216,0.7700871229171753,2.4753875732421875,2.4173736572265625,Fixation,1712.9027871524586,1105.1004931505988,64.0,9.0,True,19,word,grass,8.0
2020.0,1686.0552978515625,1102.0850086212158,0.6601253151893616,0.7633106708526611,0.6586153507232666,0.765336811542511,2.48321533203125,2.451904296875,Fixation,1712.9027871524586,1105.1004931505988,64.0,9.0,True,19,word,grass,8.0
2024.0,1725.3054809570312,1096.3736629486084,0.6614795923233032,0.7684035301208496,0.6739474534988403,0.7613705992698669,2.496322631835937,2.395233154296875,Fixation,1712.9027871524586,1105.1004931505988,64.0,9.0,True,19,word,grass,8.0
2028.0,1696.6763305664062,1096.3409614562988,0.6548490524291992,0.7760686278343201,0.6627641916275024,0.7613478899002075,2.495208740234375,2.447860717773437,Fixation,1712.9027871524586,1105.1004931505988,64.0,9.0,True,19,word,grass,8.0
2032.0,1686.6766357421875,1115.1064682006836,0.6566286087036133,0.7664968967437744,0.658858060836792,0.7743794918060303,2.4912261962890625,2.45550537109375,Fixation,1712.9027871524586,1105.1004931505988,64.0,9.0,True,19,word,grass,8.0
2036.0,1711.6778564453125,1110.6847286224365,0.6733755469322205,0.7697995901107788,0.6686241626739502,0.7713088393211365,2.494873046875,2.4727783203125,Fixation,1712.9027871524586,1105.1004931505988,64.0,9.0,True,19,word,grass,8.0
2040.0,1714.35791015625,1102.3945140838623,0.6742879152297974,0.7751964926719666,0.6696710586547852,0.765551745891571,2.514755249023437,2.45989990234375,Fixation,1712.9027871524586,1105.1004931505988,64.0,9.0,True,19,word,grass,8.0
2044.0,1760.2595520019531,1093.0013751983643,0.6687875390052795,0.773811936378479,0.6876013875007629,0.7590287327766418,2.52508544921875,2.426986694335937,Fixation,1712.9027871524586,1105.1004931505988,64.0,9.0,True,19,word,grass,8.0
2048.0,1733.0975341796875,1107.2863483428955,0.6690294742584229,0.7781702876091003,0.6769912242889404,0.7689488530158997,2.51971435546875,2.4232177734375,Fixation,1712.9027871524586,1105.1004931505988,64.0,9.0,True,19,word,grass,8.0
2052.0,1732.3770141601562,1085.860948562622,0.670134425163269,0.7752125859260559,0.676709771156311,0.7540701031684875,2.492767333984375,2.42889404296875,Fixation,1712.9027871524586,1105.1004931505988,64.0,9.0,True,19,word,grass,8.0
2056.0,1726.0845947265625,1068.0123710632324,0.6782373189926147,0.7604726552963257,0.6742517948150635,0.7416752576828003,2.493927001953125,2.41583251953125,Saccade,,,,0.0,False,20,,,
2060.0,1759.4570922851562,1093.0212020874023,0.6714653372764587,0.7634320855140686,0.6872879266738892,0.759042501449585,2.5017242431640625,2.3740234375,Saccade,,,,0.0,False,20,,,
2064.0,1741.0960388183594,1097.0949840545654,0.6756806373596191,0.7765988707542419,0.6801156401634216,0.7618715167045593,2.4728546142578125,2.42578125,Saccade,,,,0.0,False,20,,,
2068.0,1742.5334167480469,1081.228322982788,0.6700413823127747,0.7722048759460449,0.6806771159172058,0.7508530020713806,2.486724853515625,2.4261932373046875,Saccade,,,,0.0,False,20,,,
2072.0,1808.0937194824219,1111.4012432098389,0.6707160472869873,0.7613129615783691,0.706286609172821,0.7718064188957214,2.4970245361328125,2.3458251953125,Saccade,,,,0.0,False,20,,,
2076.0,1729.869384765625,1085.0037574768066,0.6686283349990845,0.78144371509552,0.6757302284240723,0.7534748315811157,2.5228424072265625,2.4398651123046875,Saccade,,,,0.0,False,20,,,
2080.0,1771.5333557128906,1118.809461593628,0.668859601020813,0.7736349105834961,0.6920052170753479,0.776951014995575,2.5063018798828125,2.4397125244140625,Saccade,,,,0.0,False,20,,,
2084.0,1765.8865356445312,1115.2829360961914,0.6808695793151855,0.7564200162887573,0.689799427986145,0.7745020389556885,2.4877166748046875,2.410629272460937,Saccade,,,,0.0,False,20,,,
2088.0,1754.69482421875,1126.1875534057617,0.6737419962882996,0.7604372501373291,0.6854276657104492,0.7820746898651123,2.48699951171875,2.416610717773437,Saccade,,,,0.0,False,20,,,
2092.0,1746.2374877929688,1104.8605155944824,0.6751413941383362,0.760447084903717,0.6821240186691284,0.7672642469406128,2.4801788330078125,2.440582275390625,Saccade,,,,0.0,False,20,,,
2096.0,1794.3733215332031,1070.536994934082,0.6678792834281921,0.7648945450782776,0.7009270787239075,0.7434284687042236,2.4926300048828125,2.353363037109375,Saccade,,,,0.0,False,20,,,
2100.0,1744.6380615234375,1089.581880569458,0.6655214428901672,0.7716818451881409,0.6814992427825928,0.7566540837287903,2.4972076416015625,2.43804931640625,Saccade,,,,0.0,False,20,,,
2104.0,1744.8683166503906,1088.0351257324219,0.6648910641670227,0.764130711555481,0.6815891861915588,0.755579948425293,2.51324462890625,2.415924072265625,Saccade,,,,0.0,False,20,,,
2108.0,1751.9888305664062,1115.4482460021973,0.666655421257019,0.762001097202301,0.6843706369400024,0.7746168375015259,2.5264129638671875,2.442047119140625,Saccade,,,,0.0,False,20,,,
2112.0,1745.1004028320312,1101.4073753356934,0.6714422106742859,0.7768955826759338,0.6816798448562622,0.7648662328720093,2.5018310546875,2.45538330078125,Saccade,,,,0.0,False,20,,,
2116.0,1748.3938598632812,1116.4471435546875,0.6678171157836914,0.7780659198760986,0.6829663515090942,0.7753105163574219,2.5166778564453125,2.419158935546875,Saccade,,,,0.0,False,20,,,
2120.0,1713.9007568359375,1112.6449298858643,0.668312668800354,0.7619526386260986,0.6694924831390381,0.7726700901985168,2.48480224609375,2.489410400390625,Saccade,,,,0.0,False,20,,,
2124.0,1692.7732849121094,1054.4301795959473,0.6457123756408691,0.7362020015716553,0.6612395644187927,0.7322431802749634,2.499237060546875,2.471893310546875,Saccade,,,,0.0,False,20,,,
2128.0,1626.4627075195312,984.1284942626953,0.6257361769676208,0.6908729076385498,0.6353369951248169,0.6834225654602051,2.5103302001953125,2.463348388671875,Saccade,,,,0.0,False,20,,,
2132.0,1619.4479370117188,919.6923065185547,0.602342426776886,0.6351429224014282,0.6325968503952026,0.6386752128601074,2.5018768310546875,2.4274139404296875,Saccade,,,,0.0,False,20,,,
2136.0,1530.0149536132812,785.3437614440918,0.5857735872268677,0.5701649785041809,0.597662091255188,0.5453776121139526,2.4801483154296875,2.43743896484375,Saccade,,,,0.0,False,20,,,
2140.0,1491.7845153808594,732.1652126312256,0.5709239840507507,0.5116687417030334,0.5827283263206482,0.50844806432724,2.46087646484375,2.4656219482421875,Saccade,,,,0.0,False,20,,,
2144.0,1500.6192016601562,680.8845949172972,0.564892590045929,0.4577965438365936,0.5861793756484985,0.4728365242481231,2.449188232421875,2.4112091064453125,Fixation,1454.3998173506304,665.9216797179861,340.0,10.0,True,21,image,,9.0
2148.0,1454.3191528320312,666.003828048706,0.5644809603691101,0.432646244764328,0.5680934190750122,0.462502658367157,2.415740966796875,2.4804229736328125,Fixation,1454.3998173506304,665.9216797179861,340.0,10.0,True,21,image,,9.0
2152.0,1448.7605285644531,638.1800937652588,0.5611658692359924,0.4471080601215362,0.5659220814704895,0.4431806206703186,2.4349517822265625,2.4336090087890625,Fixation,1454.3998173506304,665.9216797179861,340.0,10.0,True,21,image,,9.0
2156.0,1451.4549255371094,675.6311988830566,0.5581037402153015,0.4542232453823089,0.5669745802879333,0.4691883325576782,2.4528961181640625,2.4639434814453125,Fixation,1454.3998173506304,665.9216797179861,340.0,10.0,True,21,image,,9.0
2160.0,1463.4080505371094,673.3804178237914,0.5600844025611877,0.4627927541732788,0.5716437697410583,0.4676252901554107,2.459442138671875,2.44586181640625,Fixation,1454.3998173506304,665.9216797179861,340.0,10.0,True,21,image,,9.0
2164.0,1454.2071533203125,660.116229057312,0.557217538356781,0.4389500916004181,0.5680496692657471,0.4584140479564667,2.4348602294921875,2.427459716796875,Fixation,1454.3998173506304,665.9216797179861,340.0,10.0,True,21,image,,9.0
2168.0,1446.8505859375,644.1588020324707,0.5662938952445984,0.4352877140045166,0.5651760101318359,0.447332501411438,2.410064697265625,2.426361083984375,Fixation,1454.3998173506304,665.9216797179861,340.0,10.0,True,21,image,,9.0
2172.0,1444.8660278320312,645.2396249771118,0.5671783089637756,0.4459345638751983,0.5644007921218872,0.4480830729007721,2.4084014892578125,2.39715576171875,Fixation,1454.3998173506304,665.9216797179861,340.0,10.0,True,21,image,,9.0
2176.0,1444.9502563476562,654.5846557617188,0.5631923079490662,0.4440999627113342,0.5644336938858032,0.4545726776123047,2.435897827148437,2.4510650634765625,Fixation,1454.3998173506304,665.9216797179861,340.0,10.0,True,21,image,,9.0
2180.0,1442.8816223144531,670.8456659317015,0.565631091594696,0.4493613839149475,0.5636256337165833,0.4658650457859039,2.4285125732421875,2.469955444335937,Fixation,1454.3998173506304,665.9216797179861,340.0,10.0,True,21,image,,9.0
2184.0,1446.4164733886719,640.5624103546141,0.565274715423584,0.4296158850193023,0.56500643491745,0.4448350071907043,2.4315185546875,2.42724609375,Fixation,1454.3998173506304,665.9216797179861,340.0,10.0,True,21,image,,9.0
2188.0,1451.676025390625,643.7749671936034,0.5638878345489502,0.4477304220199585,0.5670609474182129,0.4470659494400024,2.439300537109375,2.4380035400390625,Fixation,1454.3998173506304,665.9216797179861,340.0,10.0,True,21,image,,9.0
2192.0,1452.8793334960938,664.793872833252,0.5671586990356445,0.4498745799064636,0.5675309896469116,0.4616624116897583,2.422332763671875,2.4759674072265625,Fixation,1454.3998173506304,665.9216797179861,340.0,10.0,True,21,image,,9.0
2196.0,1450.17822265625,663.7469959259032,0.5715692639350891,0.4474818706512451,0.5664758682250977,0.4609354138374328,2.4384765625,2.459014892578125,Fixation,1454.3998173506304,665.9216797179861,340.0,10.0,True,21,image,,9.0
2200.0,1442.4237060546875,669.9998474121093,0.5720299482345581,0.4592331945896148,0.5634467601776123,0.4652776718139648,2.454208374023437,2.4619140625,Fixation,1454.3998173506304,665.9216797179861,340.0,10.0,True,21,image,,9.0
2204.0,1450.9957885742188,688.385338783264,0.5653342008590698,0.4432892501354217,0.5667952299118042,0.4780453741550445,2.427032470703125,2.5030975341796875,Fixation,1454.3998173506304,665.9216797179861,340.0,10.0,True,21,image,,9.0
2208.0,1459.7412109375,654.0545225143433,0.5625174045562744,0.4593341648578644,0.5702114105224609,0.4542045295238495,2.4380645751953125,2.444442749023437,Fixation,1454.3998173506304,665.9216797179861,340.0,10.0,True,21,image,,9.0
2212.0,1431.6012573242188,668.6404180526733,0.5677286386489868,0.4397893249988556,0.559219241142273,0.4643336236476898,2.416244506835937,2.4423065185546875,Fixation,1454.3998173506304,665.9216797179861,340.0,10.0,True,21,image,,9.0
2216.0,1453.7245178222656,681.4986276626587,0.5722333788871765,0.4621843993663788,0.5678611397743225,0.4732629358768463,2.459213256835937,2.474212646484375,Fixation,1454.3998173506304,665.9216797179861,340.0,10.0,True,21,image,,9.0
2220.0,1440.9407043457031,658.2101440429688,0.5711336135864258,0.4553698301315307,0.5628674626350403,0.4570903778076172,2.4685516357421875,2.45819091796875,Fixation,1454.3998173506304,665.9216797179861,340.0,10.0,True,21,image,,9.0
2224.0,1448.0372619628906,647.0355892181395,0.5660377740859985,0.4444753229618072,0.5656395554542542,0.4493302702903747,2.4409637451171875,2.4492950439453125,Fixation,1454.3998173506304,665.9216797179861,340.0,10.0,True,21,image,,9.0
2228.0,1449.9411010742188,681.8795013427734,0.5609270334243774,0.4574898481369018,0.5663832426071167,0.4735274314880371,2.445709228515625,2.456390380859375,Fixation,1454.3998173506304,665.9216797179861,340.0,10.0,True,21,image,,9.0
2232.0,1470.4910278320312,668.7712669372559,0.5670551657676697,0.4473220109939575,0.5744105577468872,0.4644244909286499,2.41839599609375,2.4434356689453125,Fixation,1454.3998173506304,665.9216797179861,340.0,10.0,True,21,image,,9.0
2236.0,1433.4822082519531,665.8463287353514,0.565893292427063,0.4526364505290985,0.5599539875984192,0.4623932838439941,2.418441772460937,2.4802703857421875,Fixation,1454.3998173506304,665.9216797179861,340.0,10.0,True,21,image,,9.0
2240.0,1440.00732421875,666.2367296218872,0.5687703490257263,0.4491623640060425,0.5625028610229492,0.462664395570755,2.435409545898437,2.4572296142578125,Fixation,1454.3998173506304,665.9216797179861,340.0,10.0,True,21,image,,9.0
2244.0,1452.3393249511719,673.070182800293,0.5700551271438599,0.457922488451004,0.5673200488090515,0.4674098491668701,2.4343414306640625,2.4511871337890625,Fixation,1454.3998173506304,665.9216797179861,340.0,10.0,True,21,image,,9.0
2248.0,1451.5896606445312,673.126015663147,0.5718957185745239,0.4602815508842468,0.56702721118927,0.4674486219882965,2.41815185546875,2.4627838134765625,Fixation,1454.3998173506304,665.9216797179861,340.0,10.0,True,21,image,,9.0
2252.0,1457.8266906738281,690.0642728805541,0.5685569643974304,0.4579686224460602,0.5694635510444641,0.4792113006114959,2.4474029541015625,2.485382080078125,Fixation,1454.3998173506304,665.9216797179861,340.0,10.0,True,21,image,,9.0
2256.0,1471.9451904296875,696.2500047683716,0.5676905512809753,0.4422570466995239,0.5749785900115967,0.4835069477558136,2.4462127685546875,2.452117919921875,Fixation,1454.3998173506304,665.9216797179861,340.0,10.0,True,21,image,,9.0
2260.0,1476.5605163574219,656.4929723739623,0.5630171298980713,0.4404321908950805,0.5767814517021179,0.4558978974819183,2.4208526611328125,2.407318115234375,Fixation,1454.3998173506304,665.9216797179861,340.0,10.0,True,21,image,,9.0
2264.0,1466.9660949707031,660.5238819122314,0.5607468485832214,0.4339492321014404,0.5730336308479309,0.4586971402168274,2.4064178466796875,2.444915771484375,Fixation,1454.3998173506304,665.9216797179861,340.0,10.0,True,21,image,,9.0
2268.0,1472.83203125,651.2933921813964,0.5706614255905151,0.4442500472068786,0.5753250122070312,0.4522870779037475,2.4239654541015625,2.4091796875,Fixation,1454.3998173506304,665.9216797179861,340.0,10.0,True,21,image,,9.0
2272.0,1456.6943359375,657.7526235580443,0.5657674670219421,0.4250394403934479,0.5690212249755859,0.4567726552486419,2.4073944091796875,2.434173583984375,Fixation,1454.3998173506304,665.9216797179861,340.0,10.0,True,21,image,,9.0
2276.0,1457.0790100097656,668.226842880249,0.5666630864143372,0.4530931711196899,0.5691714882850647,0.4640464186668396,2.4411163330078125,2.449859619140625,Fixation,1454.3998173506304,665.9216797179861,340.0,10.0,True,21,image,,9.0
2280.0,1482.4882507324219,668.6827754974365,0.5720003247261047,0.4520104229450226,0.5790969729423523,0.4643630385398865,2.4323272705078125,2.427764892578125,Fixation,1454.3998173506304,665.9216797179861,340.0,10.0,True,21,image,,9.0
2284.0,1441.9741821289062,656.6908979415894,0.5687844157218933,0.4558318555355072,0.563271164894104,0.4560353457927704,2.4287261962890625,2.442413330078125,Fixation,1454.3998173506304,665.9216797179861,340.0,10.0,True,21,image,,9.0
2288.0,1456.7588806152344,667.0788574218749,0.5686863660812378,0.4632704257965088,0.5690464377403259,0.4632492065429687,2.45556640625,2.4441375732421875,Fixation,1454.3998173506304,665.9216797179861,340.0,10.0,True,21,image,,9.0
2292.0,1447.5825500488281,657.585253715515,0.5735632181167603,0.4504697620868683,0.5654619336128235,0.4566564261913299,2.4320526123046875,2.4447479248046875,Fixation,1454.3998173506304,665.9216797179861,340.0,10.0,True,21,image,,9.0
2296.0,1444.5401000976562,657.8790092468261,0.5738571286201477,0.4572766125202179,0.564273476600647,0.4568604230880737,2.4418182373046875,2.439193725585937,Fixation,1454.3998173506304,665.9216797179861,340.0,10.0,True,21,image,,9.0
2300.0,1445.9254455566406,664.7931003570557,0.5691723227500916,0.4504458904266357,0.5648146271705627,0.4616618752479553,2.4260711669921875,2.4615478515625,Fixation,1454.3998173506304,665.9216797179861,340.0,10.0,True,21,image,,9.0
2304.0,1473.0867004394531,662.6095676422119,0.5684705972671509,0.4498981535434723,0.5754244923591614,0.4601455330848694,2.4262237548828125,2.4306182861328125,Fixation,1454.3998173506304,665.9216797179861,340.0,10.0,True,21,image,,9.0
2308.0,1450.3654479980469,670.6627178192139,0.5688314437866211,0.4572319984436035,0.5665490031242371,0.4657379984855652,2.4548797607421875,2.45477294921875,Fixation,1454.3998173506304,665.9216797179861,340.0,10.0,True,21,image,,9.0
2312.0,1457.3561096191406,673.2402563095092,0.5661252737045288,0.4554799795150757,0.5692797303199768,0.4675279557704925,2.4394989013671875,2.4607086181640625,Fixation,1454.3998173506304,665.9216797179861,340.0,10.0,True,21,image,,9.0
2316.0,1465.6663513183594,646.3795852661132,0.5755693912506104,0.4417001605033874,0.5725259184837341,0.4488747119903564,2.420806884765625,2.412109375,Fixation,1454.3998173506304,665.9216797179861,340.0,10.0,True,21,image,,9.0
2320.0,1458.5125732421875,669.8050546646118,0.5691505670547485,0.4423906505107879,0.5697314739227295,0.4651423990726471,2.425323486328125,2.4398956298828125,Fixation,1454.3998173506304,665.9216797179861,340.0,10.0,True,21,image,,9.0
2324.0,1455.0788879394531,678.1962490081786,0.5730608701705933,0.4544790089130401,0.5683901906013489,0.4709696173667907,2.439208984375,2.4579315185546875,Fixation,1454.3998173506304,665.9216797179861,340.0,10.0,True,21,image,,9.0
2328.0,1463.0824279785156,677.1145248413086,0.5714715719223022,0.4511630237102508,0.5715165734291077,0.4702184200286865,2.436874389648437,2.445953369140625,Fixation,1454.3998173506304,665.9216797179861,340.0,10.0,True,21,image,,9.0
2332.0,1435.4954528808594,658.1177473068237,0.5669054985046387,0.4464324712753296,0.5607404112815857,0.4570262134075165,2.4305419921875,2.4370880126953125,Fixation,1454.3998173506304,665.9216797179861,340.0,10.0,True,21,image,,9.0
2336.0,1427.8521728515625,658.0895090103149,0.5683364272117615,0.4434272348880768,0.5577547550201416,0.4570066034793854,2.4322052001953125,2.440582275390625,Fixation,1454.3998173506304,665.9216797179861,340.0,10.0,True,21,image,,9.0
2340.0,1432.6934814453125,668.4421920776366,0.568902850151062,0.4496569633483886,0.5596458911895752,0.464195966720581,2.426620483398437,2.4483642578125,Fixation,1454.3998173506304,665.9216797179861,340.0,10.0,True,21,image,,9.0
2344.0,1448.8902282714844,665.3559350967406,0.5656130909919739,0.4526598453521728,0.5659727454185486,0.4620527327060699,2.4512176513671875,2.4337158203125,Fixation,1454.3998173506304,665.9216797179861,340.0,10.0,True,21,image,,9.0
2348.0,1461.5594482421875,680.8051586151122,0.5658637881278992,0.4440917670726776,0.5709216594696045,0.4727813601493835,2.42388916015625,2.4419708251953125,Fixation,1454.3998173506304,665.9216797179861,340.0,10.0,True,21,image,,9.0
2352.0,1445.8454895019531,663.5935735702514,0.5629994869232178,0.4719266295433044,0.5647833943367004,0.4608288705348968,2.472900390625,2.429656982421875,Fixation,1454.3998173506304,665.9216797179861,340.0,10.0,True,21,image,,9.0
2356.0,1451.5284729003906,686.0425043106079,0.5695115923881531,0.4460991322994232,0.5670033097267151,0.4764184057712555,2.420150756835937,2.467041015625,Fixation,1454.3998173506304,665.9216797179861,340.0,10.0,True,21,image,,9.0
2360.0,1458.3293151855469,689.0228462219237,0.567495584487915,0.4577405452728271,0.5696598887443542,0.4784880876541137,2.444931030273437,2.496612548828125,Fixation,1454.3998173506304,665.9216797179861,340.0,10.0,True,21,image,,9.0
2364.0,1452.2457885742188,642.06298828125,0.56682288646698,0.461730808019638,0.5672835111618042,0.4458770751953125,2.4492645263671875,2.4182281494140625,Fixation,1454.3998173506304,665.9216797179861,340.0,10.0,True,21,image,,9.0
2368.0,1448.0342102050781,687.1996307373047,0.5694513916969299,0.4468658864498138,0.5656383633613586,0.4772219657897949,2.43548583984375,2.491119384765625,Fixation,1454.3998173506304,665.9216797179861,340.0,10.0,True,21,image,,9.0
2372.0,1448.9346313476562,681.1654758453368,0.5692873597145081,0.4646217823028564,0.5659900903701782,0.4730315804481506,2.450302124023437,2.465927124023437,Fixation,1454.3998173506304,665.9216797179861,340.0,10.0,True,21,image,,9.0
2376.0,1451.9981384277344,694.6347570419312,0.5731233358383179,0.4554822444915771,0.5671867728233337,0.4823852479457855,2.41217041015625,2.4881591796875,Fixation,1454.3998173506304,665.9216797179861,340.0,10.0,True,21,image,,9.0
2380.0,1462.2975158691406,653.8987398147582,0.5694581866264343,0.4406635165214538,0.5712099671363831,0.4540963470935821,2.4099273681640625,2.454071044921875,Fixation,1454.3998173506304,665.9216797179861,340.0,10.0,True,21,image,,9.0
2384.0,1447.6808166503906,664.6924209594727,0.5720078945159912,0.4515235126018524,0.5655003190040588,0.4615919589996338,2.4218292236328125,2.4451446533203125,Fixation,1454.3998173506304,665.9216797179861,340.0,10.0,True,21,image,,9.0
2388.0,1455.4591369628906,650.0151586532592,0.5784940123558044,0.4564906358718872,0.5685387253761292,0.45139941573143,2.431427001953125,2.458221435546875,Fixation,1454.3998173506304,665.9216797179861,340.0,10.0,True,21,image,,9.0
2392.0,1446.4129638671875,678.0415391921996,0.5750819444656372,0.4676382839679718,0.5650050640106201,0.4708621799945831,2.432601928710937,2.454086303710937,Fixation,1454.3998173506304,665.9216797179861,340.0,10.0,True,21,image,,9.0
2396.0,1455.2084350585938,669.9956417083739,0.5769819617271423,0.4478379189968109,0.5684407949447632,0.4652747511863708,2.425277709960937,2.4521026611328125,Fixation,1454.3998173506304,665.9216797179861,340.0,10.0,True,21,image,,9.0
2400.0,1447.9977416992188,686.4795541763306,0.5803136825561523,0.4531817138195038,0.5656241178512573,0.4767219126224518,2.4048614501953125,2.4941558837890625,Fixation,1454.3998173506304,665.9216797179861,340.0,10.0,True,21,image,,9.0
2404.0,1463.4944152832031,677.50093460083,0.5655872225761414,0.4416990578174591,0.5716775059700012,0.4704867601394653,2.405548095703125,2.4524688720703125,Fixation,1454.3998173506304,665.9216797179861,340.0,10.0,True,21,image,,9.0
2408.0,1479.9971008300781,648.3535623550414,0.5747016072273254,0.4467912018299103,0.5781238675117493,0.4502455294132232,2.4002838134765625,2.457183837890625,Fixation,1454.3998173506304,665.9216797179861,340.0,10.0,True,21,image,,9.0
2412.0,1455.9092712402344,688.483099937439,0.5724745392799377,0.4509444534778595,0.5687145590782166,0.4781132638454437,2.427703857421875,2.467514038085937,Fixation,1454.3998173506304,665.9216797179861,340.0,10.0,True,21,image,,9.0
2416.0,1456.8118286132812,655.8556365966796,0.5672194361686707,0.4468186199665069,0.569067120552063,0.4554553031921386,2.40185546875,2.4591064453125,Fixation,1454.3998173506304,665.9216797179861,340.0,10.0,True,21,image,,9.0
2420.0,1461.4866638183594,652.0959091186522,0.5725147724151611,0.441550076007843,0.5708932280540466,0.4528443813323974,2.398666381835937,2.3988800048828125,Fixation,1454.3998173506304,665.9216797179861,340.0,10.0,True,21,image,,9.0
2424.0,1450.9919738769531,627.576913833618,0.5712285041809082,0.4444877505302429,0.5667937397956848,0.4358173012733459,2.434478759765625,2.42864990234375,Fixation,1454.3998173506304,665.9216797179861,340.0,10.0,True,21,image,,9.0
2428.0,1454.4085693359375,664.4166898727416,0.570679247379303,0.4527900516986847,0.5681283473968506,0.4614004790782928,2.4175262451171875,2.443634033203125,Fixation,1454.3998173506304,665.9216797179861,340.0,10.0,True,21,image,,9.0
2432.0,1458.3712768554688,642.421417236328,0.566698431968689,0.4233371019363403,0.5696762800216675,0.4461259841918945,2.384063720703125,2.4307403564453125,Fixation,1454.3998173506304,665.9216797179861,340.0,10.0,True,21,image,,9.0
2436.0,1467.8959655761719,643.274359703064,0.5637715458869934,0.4349382519721985,0.5733968615531921,0.44671830534935,2.4286041259765625,2.43511962890625,Fixation,1454.3998173506304,665.9216797179861,340.0,10.0,True,21,image,,9.0
2440.0,1449.9392700195312,645.4766464233397,0.566747784614563,0.4520708620548248,0.5663825273513794,0.4482476711273193,2.434539794921875,2.4246063232421875,Fixation,1454.3998173506304,665.9216797179861,340.0,10.0,True,21,image,,9.0
2444.0,1461.4512634277344,661.5995979309081,0.5770494937896729,0.4399490058422088,0.5708793997764587,0.4594441652297973,2.3903350830078125,2.425018310546875,Fixation,1454.3998173506304,665.9216797179861,340.0,10.0,True,21,image,,9.0
2448.0,1453.1520080566406,677.5524759292601,0.5701675415039062,0.4486159682273865,0.5676375031471252,0.4705225527286529,2.40533447265625,2.467987060546875,Fixation,1454.3998173506304,665.9216797179861,340.0,10.0,True,21,image,,9.0
2452.0,1466.4772033691406,693.0725097656249,0.5667333006858826,0.4692671000957489,0.5728426575660706,0.4813003540039062,2.443115234375,2.4521026611328125,Fixation,1454.3998173506304,665.9216797179861,340.0,10.0,True,21,image,,9.0
2456.0,1453.9572143554688,673.8588380813599,0.5690962672233582,0.4628908336162567,0.567952036857605,0.4679575264453888,2.4391632080078125,2.453277587890625,Fixation,1454.3998173506304,665.9216797179861,340.0,10.0,True,21,image,,9.0
2460.0,1450.7371520996094,654.4688272476196,0.5755041241645813,0.4495987892150879,0.5666942000389099,0.4544922411441803,2.4111785888671875,2.4381561279296875,Fixation,1454.3998173506304,665.9216797179861,340.0,10.0,True,21,image,,9.0
2464.0,1460.4347229003906,663.4411811828612,0.5690908432006836,0.4534508883953094,0.5704823136329651,0.4607230424880981,2.409530639648437,2.460052490234375,Fixation,1454.3998173506304,665.9216797179861,340.0,10.0,True,21,image,,9.0
2468.0,1445.2255249023438,676.2016296386718,0.5687660574913025,0.4461886584758758,0.564541220664978,0.4695844650268554,2.406524658203125,2.480194091796875,Fixation,1454.3998173506304,665.9216797179861,340.0,10.0,True,21,image,,9.0
2472.0,1456.7362976074219,655.6440210342406,0.567497730255127,0.4630200266838074,0.5690376162528992,0.4553083479404449,2.427093505859375,2.4267578125,Fixation,1454.3998173506304,665.9216797179861,340.0,10.0,True,21,image,,9.0
2476.0,1461.85791015625,673.8297843933105,0.5761061310768127,0.4399819076061249,0.5710382461547852,0.4679373502731323,2.3952789306640625,2.4654998779296875,Fixation,1454.3998173506304,665.9216797179861,340.0,10.0,True,21,image,,9.0
2480.0,1442.7169799804688,679.4395065307617,0.5672351717948914,0.4413840770721435,0.5635613203048706,0.4718329906463623,2.379486083984375,2.473785400390625,Fixation,1454.3998173506304,665.9216797179861,340.0,10.0,True,21,image,,9.0
2484.0,1465.1362609863281,686.3687467575072,0.575334906578064,0.4538437128067016,0.5723188519477844,0.4766449630260467,2.4060821533203125,2.46038818359375,Fixation,1454.3998173506304,665.9216797179861,340.0,10.0,True,21,image,,9.0
2488.0,1482.1696472167969,705.3093481063843,0.5784141421318054,0.4529083967208862,0.5789725184440613,0.4897981584072113,2.38238525390625,2.4752349853515625,Fixation,1494.432962590998,708.6335550655018,172.0,11.0,True,22,image,,9.0
2492.0,1492.7717590332031,720.8745288848877,0.5925731658935547,0.4786916375160217,0.583113968372345,0.5006073117256165,2.4189910888671875,2.476058959960937,Fixation,1494.432962590998,708.6335550655018,172.0,11.0,True,22,image,,9.0
2496.0,1511.8841552734375,733.5971260070801,0.5923023819923401,0.4933006763458252,0.5905797481536865,0.5094424486160278,2.41632080078125,2.4499664306640625,Fixation,1494.432962590998,708.6335550655018,172.0,11.0,True,22,image,,9.0
2500.0,1488.2633972167969,743.2383155822754,0.5838438868522644,0.4975638389587402,0.5813528895378113,0.5161377191543579,2.4277801513671875,2.4832763671875,Fixation,1494.432962590998,708.6335550655018,172.0,11.0,True,22,image,,9.0
2504.0,1487.183837890625,722.6677894592285,0.5809403657913208,0.4848798811435699,0.5809311866760254,0.5018526315689087,2.4197540283203125,2.4787139892578125,Fixation,1494.432962590998,708.6335550655018,172.0,11.0,True,22,image,,9.0
2508.0,1498.4664916992188,709.9671649932861,0.584676206111908,0.4736747145652771,0.5853384733200073,0.4930327534675598,2.42034912109375,2.4701690673828125,Fixation,1494.432962590998,708.6335550655018,172.0,11.0,True,22,image,,9.0
2512.0,1492.3304748535156,726.516523361206,0.5784661173820496,0.4576125741004944,0.5829415917396545,0.504525363445282,2.3880157470703125,2.473358154296875,Fixation,1494.432962590998,708.6335550655018,172.0,11.0,True,22,image,,9.0
2516.0,1497.2439575195312,721.2795639038086,0.5799922943115234,0.4917815923690796,0.5848609209060669,0.5008885860443115,2.41766357421875,2.4656219482421875,Fixation,1494.432962590998,708.6335550655018,172.0,11.0,True,22,image,,9.0
2520.0,1504.376220703125,710.9999227523804,0.5923321843147278,0.4790728688240051,0.5876469612121582,0.4937499463558197,2.40240478515625,2.449432373046875,Fixation,1494.432962590998,708.6335550655018,172.0,11.0,True,22,image,,9.0
2524.0,1495.3199768066406,720.6212425231934,0.5867509841918945,0.4943054616451263,0.584109365940094,0.5004314184188843,2.43804931640625,2.4447174072265625,Fixation,1494.432962590998,708.6335550655018,172.0,11.0,True,22,image,,9.0
2528.0,1502.7345275878906,689.8404264450072,0.5862845778465271,0.4914451837539673,0.5870056748390198,0.4790558516979217,2.419586181640625,2.4385223388671875,Fixation,1494.432962590998,708.6335550655018,172.0,11.0,True,22,image,,9.0
2532.0,1487.5064086914062,713.3661031723021,0.5901826620101929,0.4876274466514587,0.5810571908950806,0.4953931272029876,2.427337646484375,2.4464263916015625,Fixation,1494.432962590998,708.6335550655018,172.0,11.0,True,22,image,,9.0
2536.0,1500.3388977050781,714.9924230575562,0.5837807059288025,0.4994965493679046,0.5860698819160461,0.4965225160121918,2.4258575439453125,2.4641876220703125,Fixation,1494.432962590998,708.6335550655018,172.0,11.0,True,22,image,,9.0
2540.0,1481.2434387207031,732.6312732696533,0.5852088928222656,0.4762293398380279,0.5786107182502747,0.5087717175483704,2.39752197265625,2.4542388916015625,Fixation,1494.432962590998,708.6335550655018,172.0,11.0,True,22,image,,9.0
2544.0,1496.1235046386719,697.8853797912598,0.5844967365264893,0.4852701425552368,0.5844232439994812,0.4846426248550415,2.422027587890625,2.448471069335937,Fixation,1494.432962590998,708.6335550655018,172.0,11.0,True,22,image,,9.0
2548.0,1496.0917663574219,703.6945724487305,0.5897244811058044,0.4958167374134063,0.5844108462333679,0.4886767864227295,2.421173095703125,2.423187255859375,Fixation,1494.432962590998,708.6335550655018,172.0,11.0,True,22,image,,9.0
2552.0,1494.6076965332031,694.5158386230469,0.588265061378479,0.4779580533504486,0.5838311314582825,0.4823026657104492,2.388763427734375,2.4243621826171875,Fixation,1494.432962590998,708.6335550655018,172.0,11.0,True,22,image,,9.0
2556.0,1496.441650390625,696.0601043701171,0.5852437615394592,0.4627952575683594,0.5845475196838379,0.483375072479248,2.3853759765625,2.4261474609375,Fixation,1494.432962590998,708.6335550655018,172.0,11.0,True,22,image,,9.0
2560.0,1484.6714782714844,720.1791286468506,0.5803647637367249,0.4871318638324737,0.5799497961997986,0.5001243948936462,2.424545288085937,2.43798828125,Fixation,1494.432962590998,708.6335550655018,172.0,11.0,True,22,image,,9.0
2564.0,1486.9950866699219,748.2544326782227,0.5866103172302246,0.4790311753749847,0.5808574557304382,0.5196211338043213,2.421615600585937,2.4955596923828125,Fixation,1494.432962590998,708.6335550655018,172.0,11.0,True,22,image,,9.0
2568.0,1495.0675964355469,702.5754261016846,0.5816572904586792,0.4668552577495575,0.5840107798576355,0.4878996014595032,2.383773803710937,2.4438934326171875,Fixation,1494.432962590998,708.6335550655018,172.0,11.0,True,22,image,,9.0
2572.0,1486.4936828613281,705.3781414031982,0.5894986987113953,0.4837246239185333,0.5806615948677063,0.4898459315299988,2.3916778564453125,2.43218994140625,Fixation,1494.432962590998,708.6335550655018,172.0,11.0,True,22,image,,9.0
2576.0,1507.4372863769531,695.0927066802979,0.5896684527397156,0.491535872220993,0.5888426899909973,0.4827032685279846,2.4063873291015625,2.4233856201171875,Fixation,1494.432962590998,708.6335550655018,172.0,11.0,True,22,image,,9.0
2580.0,1486.7124938964844,730.0401306152344,0.5834950804710388,0.4858925640583038,0.5807470679283142,0.5069723129272461,2.411529541015625,2.458236694335937,Fixation,1494.432962590998,708.6335550655018,172.0,11.0,True,22,image,,9.0
2584.0,1501.175537109375,673.7182903289795,0.587245762348175,0.4996211230754852,0.5863966941833496,0.4678599238395691,2.4375,2.380584716796875,Fixation,1494.432962590998,708.6335550655018,172.0,11.0,True,22,image,,9.0
2588.0,1506.671142578125,688.0475950241089,0.5906482934951782,0.4819549322128296,0.5885434150695801,0.4778108298778534,2.4209442138671875,2.402084350585937,Fixation,1494.432962590998,708.6335550655018,172.0,11.0,True,22,image,,9.0
2592.0,1505.5345153808594,691.5125370025635,0.5902981758117676,0.4889114797115326,0.5880994200706482,0.4802170395851135,2.413192749023437,2.427230834960937,Fixation,1494.432962590998,708.6335550655018,172.0,11.0,True,22,image,,9.0
2596.0,1486.8940734863281,698.9056491851807,0.5854972004890442,0.4882507622241974,0.5808179974555969,0.4853511452674866,2.4043731689453125,2.430755615234375,Fixation,1494.432962590998,708.6335550655018,172.0,11.0,True,22,image,,9.0
2600.0,1494.2697143554688,677.8630971908569,0.5817136764526367,0.4981482923030853,0.583699107170105,0.4707382619380951,2.4191436767578125,2.424896240234375,Fixation,1494.432962590998,708.6335550655018,172.0,11.0,True,22,image,,9.0
2604.0,1494.4711303710938,703.652901649475,0.5906912088394165,0.4832871556282043,0.5837777853012085,0.488647848367691,2.4049530029296875,2.459701538085937,Fixation,1494.432962590998,708.6335550655018,172.0,11.0,True,22,image,,9.0
2608.0,1508.1098937988281,688.7486600875854,0.5799028277397156,0.4968945384025574,0.5891054272651672,0.4782976806163788,2.4253387451171875,2.3881988525390625,Fixation,1494.432962590998,708.6335550655018,172.0,11.0,True,22,image,,9.0
2612.0,1501.0345458984375,710.019907951355,0.5818110704421997,0.4964310824871063,0.5863416194915771,0.4930693805217743,2.4183502197265625,2.4051513671875,Fixation,1494.432962590998,708.6335550655018,172.0,11.0,True,22,image,,9.0
2616.0,1484.2527770996094,693.1192445755004,0.588292121887207,0.4770539999008178,0.5797862410545349,0.4813328087329864,2.393051147460937,2.39794921875,Fixation,1494.432962590998,708.6335550655018,172.0,11.0,True,22,image,,9.0
2620.0,1499.5011901855469,685.2248811721802,0.5880551338195801,0.503352701663971,0.5857426524162292,0.4758506119251251,2.42962646484375,2.382965087890625,Fixation,1494.432962590998,708.6335550655018,172.0,11.0,True,22,image,,9.0
2624.0,1481.5567016601562,712.6652526855469,0.5792516469955444,0.4827118813991546,0.5787330865859985,0.4949064254760742,2.4051513671875,2.443710327148437,Fixation,1494.432962590998,708.6335550655018,172.0,11.0,True,22,image,,9.0
2628.0,1486.1332702636719,709.4057893753051,0.5821044445037842,0.4862863719463348,0.5805208086967468,0.4926429092884063,2.411483764648437,2.424423217773437,Fixation,1494.432962590998,708.6335550655018,172.0,11.0,True,22,image,,9.0
2632.0,1495.2479553222656,694.3464946746826,0.5760937333106995,0.4952301681041717,0.58408123254776,0.4821850657463074,2.406219482421875,2.431488037109375,Fixation,1494.432962590998,708.6335550655018,172.0,11.0,True,22,image,,9.0
2636.0,1495.1528930664062,694.1984796524048,0.5903838872909546,0.4844067394733429,0.5840440988540649,0.4820822775363922,2.389617919921875,2.396209716796875,Fixation,1494.432962590998,708.6335550655018,172.0,11.0,True,22,image,,9.0
2640.0,1487.0484924316406,735.5624771118164,0.5746691823005676,0.4862457811832428,0.5808783173561096,0.5108072757720947,2.381866455078125,2.450836181640625,Fixation,1494.432962590998,708.6335550655018,172.0,11.0,True,22,image,,9.0
2644.0,1487.5950622558594,734.8138618469238,0.5781556963920593,0.483144611120224,0.5810918211936951,0.5102874040603638,2.3973388671875,2.4532623291015625,Fixation,1494.432962590998,708.6335550655018,172.0,11.0,True,22,image,,9.0
2648.0,1510.1051330566406,689.3999004364013,0.5850627422332764,0.4924114644527435,0.5898848176002502,0.478749930858612,2.3791961669921875,2.383285522460937,Fixation,1494.432962590998,708.6335550655018,172.0,11.0,True,22,image,,9.0
2652.0,1485.5253601074219,723.008451461792,0.5806477069854736,0.4869933724403381,0.5802833437919617,0.5020892024040222,2.400787353515625,2.4432830810546875,Fixation,1494.432962590998,708.6335550655018,172.0,11.0,True,22,image,,9.0
2656.0,1493.5617065429688,714.6920585632324,0.5747142434120178,0.4989881813526153,0.5834225416183472,0.4963139295578003,2.396575927734375,2.430160522460937,Fixation,1494.432962590998,708.6335550655018,172.0,11.0,True,22,image,,9.0
2660.0,1498.7338256835938,701.3932800292969,0.5808694362640381,0.4784442186355591,0.5854429006576538,0.4870786666870117,2.3822479248046875,2.42999267578125,Fixation,1494.432962590998,708.6335550655018,172.0,11.0,True,22,image,,9.0
