timestamp,x,y,l_x,l_y,r_x,r_y,pupil_l,pupil_r,event_type,fixation_x,fixation_y,event_duration,fixation_id,merged,event_id,aoi_type,aoi,aoi_id
0.0,1280.4600524902344,637.2680997848511,0.4999738335609436,0.460426777601242,0.5001797080039978,0.4425472915172577,3.635040283203125,3.270294189453125,Fixation,1277.6218005589076,660.2638003655842,220.0,1.0,True,1,image,,9.0
4.0,1280.8985900878906,639.1903209686278,0.4946831464767456,0.4562419354915619,0.5003510117530823,0.4438821673393249,3.6058502197265625,3.280181884765625,Fixation,1277.6218005589076,660.2638003655842,220.0,1.0,True,1,image,,9.0
8.0,1290.6832885742188,640.1403808593749,0.4966821372509002,0.4549472630023956,0.5041731595993042,0.4445419311523437,3.62725830078125,3.280502319335937,Fixation,1277.6218005589076,660.2638003655842,220.0,1.0,True,1,image,,9.0
12.0,1287.4247741699219,623.1762456893921,0.4919953346252441,0.4596946537494659,0.5029003024101257,0.4327612817287445,3.6251220703125,3.2572479248046875,Fixation,1277.6218005589076,660.2638003655842,220.0,1.0,True,1,image,,9.0
16.0,1273.92219543457,658.6644458770751,0.4938935041427612,0.4582468569278717,0.497625857591629,0.4574058651924133,3.628997802734375,3.308578491210937,Fixation,1277.6218005589076,660.2638003655842,220.0,1.0,True,1,image,,9.0
20.0,1270.7788848876953,654.9761724472045,0.4883549809455871,0.455973207950592,0.496398001909256,0.4548445641994476,3.60125732421875,3.295013427734375,Fixation,1277.6218005589076,660.2638003655842,220.0,1.0,True,1,image,,9.0
24.0,1260.647735595703,652.3641729354857,0.4932500720024109,0.4656347334384918,0.4924405217170715,0.4530306756496429,3.629226684570313,3.280990600585937,Fixation,1277.6218005589076,660.2638003655842,220.0,1.0,True,1,image,,9.0
28.0,1265.0886535644531,667.4317932128905,0.4972801208496094,0.4666682183742523,0.4941752552986145,0.4634943008422851,3.636871337890625,3.3028106689453125,Fixation,1277.6218005589076,660.2638003655842,220.0,1.0,True,1,image,,9.0
32.0,1266.9702148437498,669.8952627182006,0.4979728758335113,0.4553817212581634,0.4949102401733398,0.465205043554306,3.6055908203125,3.3029327392578125,Fixation,1277.6218005589076,660.2638003655842,220.0,1.0,True,1,image,,9.0
36.0,1255.823059082031,697.3500967025757,0.5000594258308411,0.4606442749500274,0.4905558824539184,0.4842709004878998,3.63970947265625,3.3470001220703125,Fixation,1277.6218005589076,660.2638003655842,220.0,1.0,True,1,image,,9.0
40.0,1279.7242736816404,675.619740486145,0.4981499016284942,0.4572519659996032,0.4998922944068908,0.4691803753376007,3.5971221923828125,3.288070678710937,Fixation,1277.6218005589076,660.2638003655842,220.0,1.0,True,1,image,,9.0
44.0,1270.946044921875,653.2317495346069,0.4981312155723572,0.4560877084732055,0.4964632987976074,0.4536331593990326,3.59326171875,3.29656982421875,Fixation,1277.6218005589076,660.2638003655842,220.0,1.0,True,1,image,,9.0
48.0,1276.8944549560545,672.3103666305541,0.4947220087051391,0.4582275450229645,0.4987868964672088,0.4668821990489959,3.5998992919921875,3.3078765869140625,Fixation,1277.6218005589076,660.2638003655842,220.0,1.0,True,1,image,,9.0
52.0,1266.647262573242,672.2048377990722,0.4932807981967926,0.460507333278656,0.4947840869426727,0.4668089151382446,3.602157592773437,3.3142547607421875,Fixation,1277.6218005589076,660.2638003655842,220.0,1.0,True,1,image,,9.0
56.0,1269.7022247314453,646.3947772979736,0.4896184802055359,0.4568809568881988,0.4959774315357208,0.4488852620124817,3.591888427734375,3.2811431884765625,Fixation,1277.6218005589076,660.2638003655842,220.0,1.0,True,1,image,,9.0
60.0,1271.2519836425781,644.6241760253905,0.4950515329837799,0.4622318744659424,0.4965828061103821,0.4476556777954101,3.626678466796875,3.2776336669921875,Fixation,1277.6218005589076,660.2638003655842,220.0,1.0,True,1,image,,9.0
64.0,1268.431396484375,674.9203062057494,0.4948016405105591,0.4690351188182831,0.495481014251709,0.468694657087326,3.629302978515625,3.316268920898437,Fixation,1277.6218005589076,660.2638003655842,220.0,1.0,True,1,image,,9.0
68.0,1279.99153137207,641.8905973434447,0.4948741793632507,0.4574085474014282,0.4999966919422149,0.4457573592662811,3.589141845703125,3.253570556640625,Fixation,1277.6218005589076,660.2638003655842,220.0,1.0,True,1,image,,9.0
72.0,1276.1736297607422,655.7798051834106,0.49849933385849,0.4643619954586029,0.4985053241252899,0.4554026424884796,3.617767333984375,3.2714385986328125,Fixation,1277.6218005589076,660.2638003655842,220.0,1.0,True,1,image,,9.0
76.0,1280.2427673339844,671.4671230316161,0.4989279806613922,0.4641667604446411,0.5000948309898376,0.4662966132164001,3.6014556884765625,3.296173095703125,Fixation,1277.6218005589076,660.2638003655842,220.0,1.0,True,1,image,,9.0
80.0,1286.2403869628906,655.6384849548339,0.4988084435462951,0.4642534554004669,0.5024376511573792,0.4553045034408569,3.5941619873046875,3.281463623046875,Fixation,1277.6218005589076,660.2638003655842,220.0,1.0,True,1,image,,9.0
84.0,1284.4718933105469,648.4990453720092,0.4981765151023865,0.4580402076244354,0.5017468333244324,0.4503465592861175,3.6015777587890625,3.2665252685546875,Fixation,1277.6218005589076,660.2638003655842,220.0,1.0,True,1,image,,9.0
88.0,1274.0208435058594,679.8593902587891,0.4917342662811279,0.4628708958625793,0.4976643919944763,0.4721245765686035,3.602020263671875,3.30169677734375,Fixation,1277.6218005589076,660.2638003655842,220.0,1.0,True,1,image,,9.0
92.0,1287.3101806640625,649.5483684539795,0.4934819340705871,0.4575175642967224,0.5028555393218994,0.4510752558708191,3.5976715087890625,3.27532958984375,Fixation,1277.6218005589076,660.2638003655842,220.0,1.0,True,1,image,,9.0
96.0,1274.2891693115232,668.1008005142211,0.4946148693561554,0.4686142802238464,0.4977692067623138,0.4639588892459869,3.624069213867187,3.316650390625,Fixation,1277.6218005589076,660.2638003655842,220.0,1.0,True,1,image,,9.0
100.0,1271.93977355957,661.6193389892578,0.4917841255664825,0.4616821408271789,0.4968514740467071,0.4594578742980957,3.586288452148437,3.305633544921875,Fixation,1277.6218005589076,660.2638003655842,220.0,1.0,True,1,image,,9.0
104.0,1262.405548095703,676.1413764953612,0.4951953887939453,0.4579652547836303,0.493127167224884,0.4695426225662231,3.5948944091796875,3.32330322265625,Fixation,1277.6218005589076,660.2638003655842,220.0,1.0,True,1,image,,9.0
108.0,1269.3653869628904,658.8231897354126,0.4989395439624786,0.4604564011096954,0.4958458542823791,0.4575161039829254,3.595199584960937,3.2698211669921875,Fixation,1277.6218005589076,660.2638003655842,220.0,1.0,True,1,image,,9.0
112.0,1269.503707885742,644.0004014968872,0.4981418550014496,0.4624938070774078,0.495899885892868,0.447222501039505,3.605026245117187,3.26171875,Fixation,1277.6218005589076,660.2638003655842,220.0,1.0,True,1,image,,9.0
116.0,1280.2174377441406,649.920916557312,0.4975777566432953,0.469321608543396,0.5000849366188049,0.4513339698314667,3.637054443359375,3.2805328369140625,Fixation,1277.6218005589076,660.2638003655842,220.0,1.0,True,1,image,,9.0
120.0,1284.5802307128906,662.834529876709,0.4959766864776611,0.4684193730354309,0.5017891526222229,0.4603017568588257,3.625640869140625,3.3020477294921875,Fixation,1277.6218005589076,660.2638003655842,220.0,1.0,True,1,image,,9.0
124.0,1284.9331665039062,654.5174503326415,0.4900102019309997,0.4609423875808716,0.5019270181655884,0.4545260071754455,3.61016845703125,3.276947021484375,Fixation,1277.6218005589076,660.2638003655842,220.0,1.0,True,1,image,,9.0
128.0,1290.2627563476562,652.1780490875244,0.4914569556713104,0.4658904671669006,0.5040088891983032,0.4529014229774475,3.5993804931640625,3.2610015869140625,Fixation,1277.6218005589076,660.2638003655842,220.0,1.0,True,1,image,,9.0
132.0,1285.9483337402344,661.1422920227051,0.492239385843277,0.4641013145446777,0.502323567867279,0.4591265916824341,3.62445068359375,3.2716064453125,Fixation,1277.6218005589076,660.2638003655842,220.0,1.0,True,1,image,,9.0
136.0,1281.54296875,654.5951271057129,0.4917055070400238,0.4532946944236755,0.5006027221679688,0.4545799493789673,3.57171630859375,3.26690673828125,Fixation,1277.6218005589076,660.2638003655842,220.0,1.0,True,1,image,,9.0
140.0,1275.392150878906,645.4672479629515,0.4944317042827606,0.4655114114284515,0.4982000589370727,0.4482411444187164,3.60443115234375,3.2896270751953125,Fixation,1277.6218005589076,660.2638003655842,220.0,1.0,True,1,image,,9.0
144.0,1287.3233032226562,652.646985054016,0.4952673316001892,0.4655742347240448,0.5028606653213501,0.4532270729541778,3.6087799072265625,3.285858154296875,Fixation,1277.6218005589076,660.2638003655842,220.0,1.0,True,1,image,,9.0
148.0,1283.7892150878906,661.1743068695068,0.4920117259025574,0.4629158675670624,0.5014801621437073,0.4591488242149353,3.6077728271484375,3.2964630126953125,Fixation,1277.6218005589076,660.2638003655842,220.0,1.0,True,1,image,,9.0
152.0,1286.2892150878906,653.3674478530884,0.4925612509250641,0.467943012714386,0.5024567246437073,0.4537273943424225,3.615234375,3.2802886962890625,Fixation,1277.6218005589076,660.2638003655842,220.0,1.0,True,1,image,,9.0
156.0,1284.4253540039062,668.8371419906616,0.4951416254043579,0.4569962322711944,0.5017286539077759,0.464470237493515,3.58856201171875,3.295867919921875,Fixation,1277.6218005589076,660.2638003655842,220.0,1.0,True,1,image,,9.0
160.0,1286.3815307617188,671.1634540557861,0.4905203878879547,0.4636241793632507,0.5024927854537964,0.4660857319831848,3.59527587890625,3.2985992431640625,Fixation,1277.6218005589076,660.2638003655842,220.0,1.0,True,1,image,,9.0
164.0,1286.0751342773438,662.284140586853,0.4918873012065887,0.456557959318161,0.5023730993270874,0.4599195420742035,3.5929412841796875,3.28765869140625,Fixation,1277.6218005589076,660.2638003655842,220.0,1.0,True,1,image,,9.0
168.0,1282.0652770996094,646.1438941955566,0.4914605021476745,0.4605752825736999,0.5008067488670349,0.4487110376358032,3.590667724609375,3.286346435546875,Fixation,1277.6218005589076,660.2638003655842,220.0,1.0,True,1,image,,9.0
172.0,1279.2713165283203,648.9367389678954,0.4907355010509491,0.4657234847545624,0.4997153580188751,0.4506505131721496,3.5853729248046875,3.288360595703125,Fixation,1277.6218005589076,660.2638003655842,220.0,1.0,True,1,image,,9.0
176.0,1280.4043579101562,661.6036319732666,0.4922506511211395,0.4669854342937469,0.5001579523086548,0.4594469666481018,3.5898895263671875,3.286041259765625,Fixation,1277.6218005589076,660.2638003655842,220.0,1.0,True,1,image,,9.0
180.0,1277.2856140136719,671.7386054992676,0.4948499500751495,0.4661300182342529,0.4989396929740906,0.4664851427078247,3.5913848876953125,3.2856597900390625,Fixation,1277.6218005589076,660.2638003655842,220.0,1.0,True,1,image,,9.0
184.0,1272.6289367675781,669.0606021881102,0.4963177740573883,0.4673900902271271,0.4971206784248352,0.4646254181861877,3.59075927734375,3.2913818359375,Fixation,1277.6218005589076,660.2638003655842,220.0,1.0,True,1,image,,9.0
188.0,1282.6028442382812,678.7290859222412,0.4962702095508575,0.4716464579105377,0.5010167360305786,0.4713396430015564,3.6123046875,3.3119354248046875,Fixation,1277.6218005589076,660.2638003655842,220.0,1.0,True,1,image,,9.0
192.0,1284.1082763671875,667.8754091262816,0.4919224381446838,0.4763979315757751,0.5016047954559326,0.4638023674488067,3.595611572265625,3.281585693359375,Fixation,1277.6218005589076,660.2638003655842,220.0,1.0,True,1,image,,9.0
196.0,1277.2442626953123,666.1995220184326,0.4942800998687744,0.4715568423271179,0.4989235401153564,0.4626385569572449,3.6042633056640634,3.2889862060546875,Fixation,1277.6218005589076,660.2638003655842,220.0,1.0,True,1,image,,9.0
200.0,1270.921859741211,665.5812835693358,0.4930003881454468,0.469799667596817,0.4964538514614105,0.4622092247009277,3.6016387939453125,3.29705810546875,Fixation,1277.6218005589076,660.2638003655842,220.0,1.0,True,1,image,,9.0
204.0,1274.199752807617,669.5504379272461,0.4916443824768066,0.4675047993659973,0.4977342784404754,0.4649655818939209,3.599822998046875,3.3147430419921875,Fixation,1277.6218005589076,660.2638003655842,220.0,1.0,True,1,image,,9.0
208.0,1282.8846740722656,667.414927482605,0.4924713969230652,0.4676876962184906,0.5011268258094788,0.4634825885295868,3.604461669921875,3.2974395751953125,Fixation,1277.6218005589076,660.2638003655842,220.0,1.0,True,1,image,,9.0
212.0,1289.7709655761719,663.3859491348267,0.4933979213237762,0.4716813862323761,0.5038167834281921,0.4606846868991852,3.626739501953125,3.29425048828125,Fixation,1277.6218005589076,660.2638003655842,220.0,1.0,True,1,image,,9.0
216.0,1281.7799377441406,681.7859458923339,0.4896267354488373,0.46577849984169,0.5006952881813049,0.4734624624252319,3.5996551513671875,3.298187255859375,Fixation,1277.6218005589076,660.2638003655842,220.0,1.0,True,1,image,,9.0
220.0,1262.2420501708984,675.5068302154541,0.4875454008579254,0.4739238619804382,0.4930633008480072,0.4691019654273987,3.606109619140625,3.31805419921875,Fixation,1277.6218005589076,660.2638003655842,220.0,1.0,True,1,image,,9.0
224.0,1229.5536804199219,676.5684700012207,0.4793367683887481,0.4841747283935547,0.480294406414032,0.4698392152786255,3.594451904296875,3.298004150390625,Saccade,,,,0.0,False,2,,,
228.0,1195.2890014648438,670.1709508895874,0.461915910243988,0.501888632774353,0.4669097661972046,0.4653964936733246,3.6114501953125,3.2970733642578125,Saccade,,,,0.0,False,2,,,
232.0,1177.294692993164,680.6166315078735,0.4530218839645386,0.5120958685874939,0.4598807394504547,0.4726504385471344,3.6107330322265625,3.2772216796875,Saccade,,,,0.0,False,2,,,
236.0,1151.5665435791013,724.5350360870361,0.443448930978775,0.5323490500450134,0.4498306810855865,0.5031493306159973,3.6033782958984375,3.3092041015625,Saccade,,,,0.0,False,2,,,
240.0,1127.876052856445,759.5685482025146,0.4369939267635345,0.551944375038147,0.4405765831470489,0.5274781584739685,3.607467651367187,3.2965240478515625,Saccade,,,,0.0,False,2,,,
244.0,1112.13996887207,824.3462562561035,0.4380820095539093,0.5691658854484558,0.4344296753406524,0.5724626779556274,3.608184814453125,3.37005615234375,Fixation,1107.479453086853,870.6823799014091,124.0,2.0,True,3,image,,9.0
248.0,1106.5180206298828,845.104923248291,0.4391257166862488,0.5862215757369995,0.432233601808548,0.5868784189224243,3.621871948242187,3.3614044189453125,Fixation,1107.479453086853,870.6823799014091,124.0,2.0,True,3,image,,9.0
252.0,1108.4814453125,855.9770107269287,0.4332213103771209,0.6103554964065552,0.4330005645751953,0.5944284796714783,3.63360595703125,3.357528686523437,Fixation,1107.479453086853,870.6823799014091,124.0,2.0,True,3,image,,9.0
256.0,1101.8698120117185,890.2674007415771,0.4488976895809173,0.6167309880256653,0.4304178953170776,0.6182412505149841,3.649993896484375,3.358993530273437,Fixation,1107.479453086853,870.6823799014091,124.0,2.0,True,3,image,,9.0
260.0,1116.5525817871094,887.1962928771973,0.4398275315761566,0.6155451536178589,0.4361533522605896,0.6161085367202759,3.633758544921875,3.3696441650390625,Fixation,1107.479453086853,870.6823799014091,124.0,2.0,True,3,image,,9.0
264.0,1097.1515655517578,870.4845428466797,0.4401930570602417,0.6120973825454712,0.4285748302936554,0.6045031547546387,3.6408538818359375,3.362884521484375,Fixation,1107.479453086853,870.6823799014091,124.0,2.0,True,3,image,,9.0
268.0,1096.2476348876953,883.2700538635254,0.442177951335907,0.612013578414917,0.428221732378006,0.6133819818496704,3.645599365234375,3.3728790283203125,Fixation,1107.479453086853,870.6823799014091,124.0,2.0,True,3,image,,9.0
272.0,1097.5460815429685,873.6222553253174,0.4444936513900757,0.6076343059539795,0.4287289381027221,0.6066821217536926,3.6130523681640634,3.3535614013671875,Fixation,1107.479453086853,870.6823799014091,124.0,2.0,True,3,image,,9.0
276.0,1117.3541259765625,846.3144493103027,0.4472251534461975,0.6075988411903381,0.4364664554595947,0.5877183675765991,3.63623046875,3.3452911376953125,Fixation,1107.479453086853,870.6823799014091,124.0,2.0,True,3,image,,9.0
280.0,1110.7861328125,860.0119972229004,0.4377181828022003,0.6113178133964539,0.4339008331298828,0.5972305536270142,3.669754028320313,3.3714752197265625,Fixation,1107.479453086853,870.6823799014091,124.0,2.0,True,3,image,,9.0
284.0,1116.6439819335935,880.6227779388428,0.4325129687786102,0.6109001636505127,0.43618905544281,0.611543595790863,3.625579833984375,3.390350341796875,Fixation,1107.479453086853,870.6823799014091,124.0,2.0,True,3,image,,9.0
288.0,1121.1128234863281,846.3149642944336,0.4418928623199463,0.6065407991409302,0.4379346966743469,0.5877187252044678,3.61962890625,3.3307647705078125,Fixation,1107.479453086853,870.6823799014091,124.0,2.0,True,3,image,,9.0
292.0,1119.2745208740234,853.9568138122559,0.4442881345748901,0.6048656105995178,0.4372166097164154,0.5930255651473999,3.612457275390625,3.3470611572265625,Fixation,1107.479453086853,870.6823799014091,124.0,2.0,True,3,image,,9.0
296.0,1108.0535888671875,865.1336002349854,0.4428322315216064,0.6049697995185852,0.4328334331512451,0.6007872223854065,3.6195068359375,3.346832275390625,Fixation,1107.479453086853,870.6823799014091,124.0,2.0,True,3,image,,9.0
300.0,1106.6207122802734,891.7738151550293,0.4394108653068542,0.6022725701332092,0.4322737157344818,0.619287371635437,3.624755859375,3.34649658203125,Fixation,1107.479453086853,870.6823799014091,124.0,2.0,True,3,image,,9.0
304.0,1098.8031768798828,889.7228908538818,0.4361413419246673,0.6069530248641968,0.4292199909687042,0.617863118648529,3.645919799804687,3.355926513671875,Fixation,1107.479453086853,870.6823799014091,124.0,2.0,True,3,image,,9.0
308.0,1101.0028076171873,893.8825035095215,0.4372451603412628,0.6100624799728394,0.4300792217254638,0.6207517385482788,3.618209838867187,3.3634796142578125,Fixation,1107.479453086853,870.6823799014091,124.0,2.0,True,3,image,,9.0
312.0,1101.154556274414,880.6022644042969,0.4410648047924042,0.6024088859558105,0.430138498544693,0.6115293502807617,3.607955932617187,3.359222412109375,Fixation,1107.479453086853,870.6823799014091,124.0,2.0,True,3,image,,9.0
316.0,1102.2714996337888,868.1316661834717,0.4360654354095459,0.5995727777481079,0.4305748045444488,0.6028692126274109,3.60882568359375,3.336898803710937,Fixation,1107.479453086853,870.6823799014091,124.0,2.0,True,3,image,,9.0
320.0,1104.3284606933594,858.0387496948242,0.4418192505836487,0.6125633120536804,0.4313783049583435,0.5958602428436279,3.608978271484375,3.323089599609375,Fixation,1107.479453086853,870.6823799014091,124.0,2.0,True,3,image,,9.0
324.0,1125.0922393798828,864.1191673278809,0.4384829998016357,0.6179707050323486,0.4394891560077667,0.6000827550888062,3.6091461181640634,3.315658569335937,Fixation,1107.479453086853,870.6823799014091,124.0,2.0,True,3,image,,9.0
328.0,1119.4423675537107,887.4197101593018,0.4367332458496094,0.6142669320106506,0.4372821748256683,0.6162636876106262,3.606719970703125,3.34716796875,Fixation,1107.479453086853,870.6823799014091,124.0,2.0,True,3,image,,9.0
332.0,1114.1338348388672,865.4361534118652,0.4328192472457886,0.6206409335136414,0.4352085292339325,0.6009973287582397,3.5709991455078125,3.3171539306640625,Fixation,1107.479453086853,870.6823799014091,124.0,2.0,True,3,image,,9.0
336.0,1105.5123901367185,891.1471652984619,0.4369963109493255,0.6231116652488708,0.4318407773971557,0.6188521981239319,3.578475952148437,3.35491943359375,Fixation,1107.479453086853,870.6823799014091,124.0,2.0,True,3,image,,9.0
340.0,1100.8445739746094,892.8830909729004,0.4352575838565826,0.617678165435791,0.4300174117088318,0.6200577020645142,3.5934600830078125,3.326995849609375,Fixation,1107.479453086853,870.6823799014091,124.0,2.0,True,3,image,,9.0
344.0,1103.2468414306638,877.6010227203369,0.443420797586441,0.6145654320716858,0.4309557974338531,0.6094451546669006,3.6089935302734375,3.35247802734375,Fixation,1107.479453086853,870.6823799014091,124.0,2.0,True,3,image,,9.0
348.0,1106.181869506836,879.7099685668945,0.4397669732570648,0.6150554418563843,0.4321022927761078,0.6109097003936768,3.5800018310546875,3.3198699951171875,Fixation,1107.479453086853,870.6823799014091,124.0,2.0,True,3,image,,9.0
352.0,1101.9760131835938,863.8783264160156,0.4321785271167755,0.6158101558685303,0.4304593801498413,0.5999155044555664,3.5650787353515625,3.300643920898437,Fixation,1107.479453086853,870.6823799014091,124.0,2.0,True,3,image,,9.0
356.0,1113.4127044677734,845.6484889984131,0.4331440031528473,0.6155971884727478,0.434926837682724,0.5872558951377869,3.553680419921875,3.25982666015625,Fixation,1107.479453086853,870.6823799014091,124.0,2.0,True,3,image,,9.0
360.0,1103.93684387207,856.7369556427002,0.4423538148403168,0.6152180433273315,0.4312253296375274,0.5949562191963196,3.5911407470703125,3.2529754638671875,Fixation,1107.479453086853,870.6823799014091,124.0,2.0,True,3,image,,9.0
364.0,1113.3609771728513,873.502950668335,0.4308355152606964,0.606682538986206,0.4349066317081451,0.6065992712974548,3.5391998291015625,3.2900543212890625,Fixation,1107.479453086853,870.6823799014091,124.0,2.0,True,3,image,,9.0
368.0,1088.2883453369138,898.9779281616211,0.4277293682098388,0.6237355470657349,0.425112634897232,0.6242902278900146,3.545028686523437,3.3052215576171875,Fixation,1107.479453086853,870.6823799014091,124.0,2.0,True,3,image,,9.0
372.0,1051.2502288818357,923.7950992584229,0.4083135724067688,0.6386135816574097,0.4106446206569671,0.6415243744850159,3.55047607421875,3.283050537109375,Saccade,,,,0.0,False,4,,,
376.0,1003.2439422607422,977.4246025085449,0.3982761204242706,0.6560389995574951,0.3918921649456024,0.6787670850753784,3.5589599609375,3.293243408203125,Saccade,,,,0.0,False,4,,,
380.0,960.3124237060547,1010.2650547027588,0.3776786923408508,0.7037512063980103,0.3751220405101776,0.7015729546546936,3.541351318359375,3.249496459960937,Saccade,,,,0.0,False,4,,,
384.0,941.1759948730468,1030.7858848571777,0.3739247322082519,0.7294296622276306,0.3676468729972839,0.7158235311508179,3.554595947265625,3.2490997314453125,Saccade,,,,0.0,False,4,,,
388.0,914.1989135742188,1053.233871459961,0.3548749089241028,0.7586706876754761,0.3571089506149292,0.731412410736084,3.5269012451171875,3.225692749023437,Saccade,,,,0.0,False,4,,,
392.0,866.2083435058594,1078.5120391845703,0.3452179133892059,0.7709729671478271,0.3383626341819763,0.7489666938781738,3.54010009765625,3.2225341796875,Fixation,866.2715561325485,1073.3162923761315,144.0,3.0,True,5,word,microwave,1.0
396.0,843.2007598876953,1083.491506576538,0.3377487063407898,0.7903938889503479,0.329375296831131,0.7524246573448181,3.5203094482421875,3.2132568359375,Fixation,866.2715561325485,1073.3162923761315,144.0,3.0,True,5,word,microwave,1.0
400.0,861.0695648193359,1084.2737674713135,0.3377322852611542,0.7800152897834778,0.3363552987575531,0.752967894077301,3.4886016845703125,3.1937255859375,Fixation,866.2715561325485,1073.3162923761315,144.0,3.0,True,5,word,microwave,1.0
404.0,890.4250335693358,1073.5426139831543,0.3401921987533569,0.769751787185669,0.3478222787380218,0.7455157041549683,3.498046875,3.2084197998046875,Fixation,866.2715561325485,1073.3162923761315,144.0,3.0,True,5,word,microwave,1.0
408.0,891.0562133789061,1060.070457458496,0.3449487388134002,0.7569783329963684,0.3480688333511352,0.7361600399017334,3.484359741210937,3.1977081298828125,Fixation,866.2715561325485,1073.3162923761315,144.0,3.0,True,5,word,microwave,1.0
412.0,881.4095306396483,1058.602066040039,0.3489380776882171,0.7579140067100525,0.3443005979061126,0.735140323638916,3.52203369140625,3.2010650634765625,Fixation,866.2715561325485,1073.3162923761315,144.0,3.0,True,5,word,microwave,1.0
416.0,873.9687347412109,1058.4033679962158,0.3491728901863098,0.7520947456359863,0.3413940370082855,0.735002338886261,3.48651123046875,3.188232421875,Fixation,866.2715561325485,1073.3162923761315,144.0,3.0,True,5,word,microwave,1.0
420.0,888.976593017578,1063.3199214935303,0.3452236652374267,0.7595878839492798,0.3472564816474914,0.7384166121482849,3.4764404296875,3.163421630859375,Fixation,866.2715561325485,1073.3162923761315,144.0,3.0,True,5,word,microwave,1.0
424.0,878.1851959228516,1061.889295578003,0.3485355973243713,0.7564558386802673,0.3430410921573639,0.7374231219291687,3.4865264892578125,3.1508026123046875,Fixation,866.2715561325485,1073.3162923761315,144.0,3.0,True,5,word,microwave,1.0
428.0,885.2376556396483,1067.585620880127,0.3475949764251709,0.7556055784225464,0.3457959592342376,0.741378903388977,3.47100830078125,3.17303466796875,Fixation,866.2715561325485,1073.3162923761315,144.0,3.0,True,5,word,microwave,1.0
432.0,880.9133148193359,1056.140956878662,0.3423160910606384,0.7561481595039368,0.3441067636013031,0.7334312200546265,3.4574127197265625,3.1634063720703125,Fixation,866.2715561325485,1073.3162923761315,144.0,3.0,True,5,word,microwave,1.0
436.0,877.2265625,1054.1483116149902,0.3480905294418335,0.7592751979827881,0.3426666259765625,0.732047438621521,3.451889038085937,3.149749755859375,Fixation,866.2715561325485,1073.3162923761315,144.0,3.0,True,5,word,microwave,1.0
440.0,885.0332641601561,1062.9230403900146,0.3454583287239074,0.7578407526016235,0.345716118812561,0.7381410002708435,3.4369354248046875,3.1473541259765625,Fixation,866.2715561325485,1073.3162923761315,144.0,3.0,True,5,word,microwave,1.0
444.0,873.6577606201172,1060.950050354004,0.3404684066772461,0.7522292733192444,0.3412725627422333,0.7367708683013916,3.41937255859375,3.13983154296875,Fixation,866.2715561325485,1073.3162923761315,144.0,3.0,True,5,word,microwave,1.0
448.0,869.5977020263672,1056.447286605835,0.3432939648628235,0.7627041339874268,0.3396866023540497,0.7336439490318298,3.4173126220703125,3.128387451171875,Fixation,866.2715561325485,1073.3162923761315,144.0,3.0,True,5,word,microwave,1.0
452.0,873.9806365966797,1065.492296218872,0.341422975063324,0.7608150839805603,0.341398686170578,0.73992520570755,3.4061279296875,3.12371826171875,Fixation,866.2715561325485,1073.3162923761315,144.0,3.0,True,5,word,microwave,1.0
456.0,873.7320709228516,1073.0079746246338,0.3400586545467376,0.7576600909233093,0.3413015902042389,0.7451444268226624,3.40960693359375,3.131439208984375,Fixation,866.2715561325485,1073.3162923761315,144.0,3.0,True,5,word,microwave,1.0
460.0,878.1139373779297,1083.0807209014893,0.3423361480236053,0.7605671882629395,0.3430132567882538,0.7521393895149231,3.4105682373046875,3.113876342773437,Fixation,866.2715561325485,1073.3162923761315,144.0,3.0,True,5,word,microwave,1.0
464.0,871.872329711914,1073.8142681121826,0.346764326095581,0.7557332515716553,0.3405751287937164,0.7457043528556824,3.418563842773437,3.1180572509765625,Fixation,866.2715561325485,1073.3162923761315,144.0,3.0,True,5,word,microwave,1.0
468.0,863.438720703125,1071.2590026855469,0.3447833359241485,0.7554200291633606,0.3372807502746582,0.7439298629760742,3.410186767578125,3.12451171875,Fixation,866.2715561325485,1073.3162923761315,144.0,3.0,True,5,word,microwave,1.0
472.0,864.972915649414,1079.4532585144043,0.3461810648441314,0.7554076313972473,0.3378800451755523,0.7496203184127808,3.4015350341796875,3.1043243408203125,Fixation,866.2715561325485,1073.3162923761315,144.0,3.0,True,5,word,microwave,1.0
476.0,863.5722351074218,1072.2221088409424,0.3417648077011108,0.749818742275238,0.3373329043388366,0.7445986866950989,3.383148193359375,3.1048126220703125,Fixation,866.2715561325485,1073.3162923761315,144.0,3.0,True,5,word,microwave,1.0
480.0,859.167022705078,1069.966220855713,0.3440485298633575,0.7523521184921265,0.3356121182441711,0.7430320978164673,3.3973846435546875,3.0959930419921875,Fixation,866.2715561325485,1073.3162923761315,144.0,3.0,True,5,word,microwave,1.0
484.0,855.3847503662108,1073.4808158874512,0.3420341908931732,0.7529938220977783,0.3341346681118011,0.74547278881073,3.3740386962890625,3.0881805419921875,Fixation,866.2715561325485,1073.3162923761315,144.0,3.0,True,5,word,microwave,1.0
488.0,859.3956756591796,1072.8321933746338,0.3420350849628448,0.7544338703155518,0.335701435804367,0.7450223565101624,3.3865966796875,3.091415405273437,Fixation,866.2715561325485,1073.3162923761315,144.0,3.0,True,5,word,microwave,1.0
492.0,862.1305847167969,1081.4126873016357,0.3445324897766113,0.7540711760520935,0.3367697596549988,0.7509810328483582,3.379379272460937,3.08050537109375,Fixation,866.2715561325485,1073.3162923761315,144.0,3.0,True,5,word,microwave,1.0
496.0,847.7056121826171,1084.564905166626,0.3414253294467926,0.7559028267860413,0.3311350047588348,0.7531700730323792,3.37335205078125,3.09423828125,Fixation,866.2715561325485,1073.3162923761315,144.0,3.0,True,5,word,microwave,1.0
500.0,848.2410430908203,1081.2462615966797,0.3439815640449524,0.7601528167724609,0.3313441574573517,0.7508654594421387,3.3883514404296875,3.0940704345703125,Fixation,866.2715561325485,1073.3162923761315,144.0,3.0,True,5,word,microwave,1.0
504.0,853.2365417480469,1084.5165824890137,0.3361958563327789,0.7622349262237549,0.3332955241203308,0.7531365156173706,3.355865478515625,3.0712432861328125,Fixation,866.2715561325485,1073.3162923761315,144.0,3.0,True,5,word,microwave,1.0
508.0,854.919204711914,1076.6787815093994,0.3386525511741638,0.7648820281028748,0.3339528143405914,0.7476935982704163,3.36370849609375,3.0670928955078125,Fixation,866.2715561325485,1073.3162923761315,144.0,3.0,True,5,word,microwave,1.0
512.0,856.322021484375,1074.1670322418213,0.3399107754230499,0.7657082080841064,0.334500789642334,0.7459493279457092,3.363922119140625,3.072479248046875,Fixation,866.2715561325485,1073.3162923761315,144.0,3.0,True,5,word,microwave,1.0
516.0,862.0990753173827,1088.197946548462,0.3379553258419037,0.7632864117622375,0.3367574512958526,0.7556930184364319,3.3388214111328125,3.0655670166015625,Fixation,866.2715561325485,1073.3162923761315,144.0,3.0,True,5,word,microwave,1.0
520.0,861.5734100341796,1082.5841045379639,0.3387967050075531,0.7629482746124268,0.3365521132946014,0.7517945170402527,3.3394927978515625,3.0768585205078125,Fixation,866.2715561325485,1073.3162923761315,144.0,3.0,True,5,word,microwave,1.0
524.0,861.9601440429686,1079.441499710083,0.3456557095050812,0.7723501920700073,0.3367031812667846,0.7496121525764465,3.3625640869140625,3.090423583984375,Fixation,866.2715561325485,1073.3162923761315,144.0,3.0,True,5,word,microwave,1.0
528.0,866.3214111328125,1080.8613967895508,0.3451715409755707,0.7665262818336487,0.3384068012237549,0.7505981922149658,3.347412109375,3.0686187744140625,Fixation,866.2715561325485,1073.3162923761315,144.0,3.0,True,5,word,microwave,1.0
532.0,849.2018890380859,1086.959753036499,0.3388608992099762,0.7729870080947876,0.3317194879055023,0.7548331618309021,3.351104736328125,3.056640625,Fixation,866.2715561325485,1073.3162923761315,144.0,3.0,True,5,word,microwave,1.0
536.0,818.5401153564452,1097.1627044677734,0.3234928250312805,0.7727551460266113,0.3197422325611114,0.7619185447692871,3.3428955078125,3.062835693359375,Fixation,866.2715561325485,1073.3162923761315,144.0,3.0,True,5,word,microwave,1.0
540.0,783.9041900634764,1086.2300205230713,0.319984883069992,0.7723498344421387,0.3062125742435455,0.7543264031410217,3.351318359375,3.0603179931640625,Fixation,777.2774124145508,1088.607169714841,172.0,4.0,True,6,word,microwave,1.0
544.0,775.1555633544922,1093.4973049163818,0.318011075258255,0.7738670110702515,0.3027951419353485,0.759373128414154,3.356597900390625,3.03424072265625,Fixation,777.2774124145508,1088.607169714841,172.0,4.0,True,6,word,microwave,1.0
548.0,787.8031921386719,1085.8064460754395,0.3116089105606079,0.7650570273399353,0.3077356219291687,0.7540322542190552,3.334320068359375,3.0523834228515625,Fixation,777.2774124145508,1088.607169714841,172.0,4.0,True,6,word,microwave,1.0
552.0,763.1159210205077,1083.1977939605713,0.3096475899219513,0.766101598739624,0.2980921566486358,0.7522206902503967,3.340545654296875,3.049072265625,Fixation,777.2774124145508,1088.607169714841,172.0,4.0,True,6,word,microwave,1.0
556.0,769.3762969970703,1078.2099151611328,0.3093560338020324,0.7658258080482483,0.3005376160144806,0.7487568855285645,3.3488922119140625,3.0328521728515625,Fixation,777.2774124145508,1088.607169714841,172.0,4.0,True,6,word,microwave,1.0
560.0,785.9542846679688,1079.480037689209,0.3145394623279571,0.7653155326843262,0.3070133924484253,0.7496389150619507,3.34600830078125,3.0484771728515625,Fixation,777.2774124145508,1088.607169714841,172.0,4.0,True,6,word,microwave,1.0
564.0,775.9783935546875,1088.9703369140625,0.3151355385780334,0.7671501040458679,0.3031165599822998,0.7562294006347656,3.345199584960937,3.0495758056640625,Fixation,777.2774124145508,1088.607169714841,172.0,4.0,True,6,word,microwave,1.0
568.0,779.7331237792968,1092.249412536621,0.3096514046192169,0.7616812586784363,0.3045832514762878,0.7585065364837646,3.325927734375,3.064483642578125,Fixation,777.2774124145508,1088.607169714841,172.0,4.0,True,6,word,microwave,1.0
572.0,778.7741088867188,1074.9595928192139,0.3127437829971313,0.7692973017692566,0.3042086362838745,0.7464997172355652,3.339019775390625,3.0285186767578125,Fixation,777.2774124145508,1088.607169714841,172.0,4.0,True,6,word,microwave,1.0
576.0,774.7384643554688,1085.978708267212,0.3134866654872894,0.7693479657173157,0.302632212638855,0.7541518807411194,3.346038818359375,3.031646728515625,Fixation,777.2774124145508,1088.607169714841,172.0,4.0,True,6,word,microwave,1.0
580.0,771.1031341552734,1079.2434883117676,0.3109479546546936,0.7741382122039795,0.3012121617794037,0.7494746446609497,3.34112548828125,3.0434112548828125,Fixation,777.2774124145508,1088.607169714841,172.0,4.0,True,6,word,microwave,1.0
584.0,775.4439544677734,1085.5624294281006,0.3163798749446869,0.7682479023933411,0.302907794713974,0.7538627982139587,3.345001220703125,3.042953491210937,Fixation,777.2774124145508,1088.607169714841,172.0,4.0,True,6,word,microwave,1.0
588.0,774.6072387695311,1077.2565078735352,0.3163110613822937,0.7788436412811279,0.3025809526443481,0.7480947971343994,3.3419189453125,3.0456085205078125,Fixation,777.2774124145508,1088.607169714841,172.0,4.0,True,6,word,microwave,1.0
592.0,769.0782928466796,1089.2158126831055,0.3141953945159912,0.7756286859512329,0.3004212081432342,0.7563998699188232,3.33782958984375,3.028671264648437,Fixation,777.2774124145508,1088.607169714841,172.0,4.0,True,6,word,microwave,1.0
596.0,772.6419067382812,1080.0957870483398,0.3188622593879699,0.7725327610969543,0.3018132448196411,0.7500665187835693,3.3556671142578125,3.021453857421875,Fixation,777.2774124145508,1088.607169714841,172.0,4.0,True,6,word,microwave,1.0
600.0,771.0468292236327,1077.9834938049316,0.3163892328739166,0.7721110582351685,0.3011901676654815,0.748599648475647,3.33648681640625,3.0068359375,Fixation,777.2774124145508,1088.607169714841,172.0,4.0,True,6,word,microwave,1.0
604.0,774.3856811523438,1085.0786018371582,0.3150725662708282,0.7752655148506165,0.3024944067001343,0.7535268068313599,3.342269897460937,3.0369110107421875,Fixation,777.2774124145508,1088.607169714841,172.0,4.0,True,6,word,microwave,1.0
608.0,775.6824493408202,1072.8854084014893,0.3159721195697784,0.7727958559989929,0.3030009567737579,0.7450593113899231,3.323226928710937,3.0229644775390625,Fixation,777.2774124145508,1088.607169714841,172.0,4.0,True,6,word,microwave,1.0
612.0,788.2117462158203,1079.1497611999512,0.3189945518970489,0.7697165012359619,0.3078952133655548,0.749409556388855,3.3409881591796875,3.008575439453125,Fixation,777.2774124145508,1088.607169714841,172.0,4.0,True,6,word,microwave,1.0
616.0,777.0252227783202,1075.4841041564941,0.3176142275333404,0.7746059894561768,0.3035254776477813,0.7468639612197876,3.317367553710937,3.022247314453125,Fixation,777.2774124145508,1088.607169714841,172.0,4.0,True,6,word,microwave,1.0
620.0,766.7652130126953,1082.6409244537354,0.319793164730072,0.7734136581420898,0.2995176613330841,0.751833975315094,3.3381805419921875,3.024993896484375,Fixation,777.2774124145508,1088.607169714841,172.0,4.0,True,6,word,microwave,1.0
624.0,792.9981231689452,1089.9034023284912,0.3147470355033874,0.7738029360771179,0.3097648918628692,0.7568773627281189,3.3330841064453125,3.032073974609375,Fixation,777.2774124145508,1088.607169714841,172.0,4.0,True,6,word,microwave,1.0
628.0,785.2838897705078,1085.630750656128,0.3184079527854919,0.7707023024559021,0.3067515194416046,0.7539102435112,3.33251953125,3.0279083251953125,Fixation,777.2774124145508,1088.607169714841,172.0,4.0,True,6,word,microwave,1.0
632.0,783.9964294433593,1086.0181903839111,0.3153450787067413,0.770691990852356,0.3062486052513122,0.7541792988777161,3.331649780273437,3.0321807861328125,Fixation,777.2774124145508,1088.607169714841,172.0,4.0,True,6,word,microwave,1.0
636.0,768.585968017578,1088.653450012207,0.3144531846046448,0.7775006294250488,0.3002288937568664,0.7560093402862549,3.337005615234375,3.032470703125,Fixation,777.2774124145508,1088.607169714841,172.0,4.0,True,6,word,microwave,1.0
640.0,775.2220153808594,1081.2377643585205,0.3191745281219482,0.7709017992019653,0.3028210997581482,0.7508595585823059,3.3327178955078125,3.0233154296875,Fixation,777.2774124145508,1088.607169714841,172.0,4.0,True,6,word,microwave,1.0
644.0,787.4244689941406,1097.4455165863037,0.3136882483959198,0.7758903503417969,0.3075876832008362,0.762114942073822,3.33514404296875,3.01715087890625,Fixation,777.2774124145508,1088.607169714841,172.0,4.0,True,6,word,microwave,1.0
648.0,783.3876037597655,1097.2664737701416,0.3149306774139404,0.7702608704566956,0.3060107827186584,0.7619906067848206,3.3497772216796875,3.0265045166015625,Fixation,777.2774124145508,1088.607169714841,172.0,4.0,True,6,word,microwave,1.0
652.0,771.9659423828124,1103.338565826416,0.3131523430347442,0.77345871925354,0.3015491962432861,0.7662073373794556,3.340576171875,3.020477294921875,Fixation,777.2774124145508,1088.607169714841,172.0,4.0,True,6,word,microwave,1.0
656.0,786.3571929931641,1097.6539134979248,0.3126592338085174,0.7752275466918945,0.3071707785129547,0.7622596621513367,3.3170623779296875,3.0375213623046875,Fixation,777.2774124145508,1088.607169714841,172.0,4.0,True,6,word,microwave,1.0
660.0,782.7699279785155,1100.2842807769775,0.3094115853309631,0.7735741138458252,0.3057695031166076,0.7640863060951233,3.317413330078125,3.0270538330078125,Fixation,777.2774124145508,1088.607169714841,172.0,4.0,True,6,word,microwave,1.0
664.0,779.9433135986327,1097.338399887085,0.3112792670726776,0.7761287093162537,0.3046653568744659,0.7620405554771423,3.3360595703125,3.0299072265625,Fixation,777.2774124145508,1088.607169714841,172.0,4.0,True,6,word,microwave,1.0
668.0,781.4028167724608,1108.262071609497,0.3126968145370483,0.7718077301979065,0.3052354753017425,0.7696264386177063,3.3216552734375,3.02239990234375,Fixation,777.2774124145508,1088.607169714841,172.0,4.0,True,6,word,microwave,1.0
672.0,771.912841796875,1102.6717472076416,0.3146056830883026,0.7700363397598267,0.3015284538269043,0.7657442688941956,3.338226318359375,3.0188140869140625,Fixation,777.2774124145508,1088.607169714841,172.0,4.0,True,6,word,microwave,1.0
676.0,789.1637420654296,1102.3536586761475,0.3163861334323883,0.7689432501792908,0.3082670867443084,0.765523374080658,3.3526153564453125,3.017822265625,Fixation,777.2774124145508,1088.607169714841,172.0,4.0,True,6,word,microwave,1.0
680.0,770.7159423828124,1098.1193733215332,0.313307374715805,0.7671822309494019,0.3010609149932861,0.7625828981399536,3.324249267578125,3.0110321044921875,Fixation,777.2774124145508,1088.607169714841,172.0,4.0,True,6,word,microwave,1.0
684.0,766.1132812499999,1101.5277099609375,0.3143921196460724,0.7641074061393738,0.2992630004882812,0.7649497985839844,3.332855224609375,3.0388336181640625,Fixation,777.2774124145508,1088.607169714841,172.0,4.0,True,6,word,microwave,1.0
688.0,773.9402008056641,1091.5058612823486,0.3144591152667999,0.7663898468017578,0.3023203909397125,0.7579901814460754,3.33221435546875,3.027313232421875,Fixation,777.2774124145508,1088.607169714841,172.0,4.0,True,6,word,microwave,1.0
692.0,760.4956054687499,1091.8492698669434,0.3191312551498413,0.7641535997390747,0.2970685958862304,0.7582286596298218,3.32855224609375,3.0276336669921875,Fixation,777.2774124145508,1088.607169714841,172.0,4.0,True,6,word,microwave,1.0
696.0,772.9241180419922,1084.7630023956299,0.3142338991165161,0.7782270312309265,0.3019234836101532,0.7533076405525208,3.3411865234375,3.017333984375,Fixation,777.2774124145508,1088.607169714841,172.0,4.0,True,6,word,microwave,1.0
700.0,752.4134063720702,1088.4419631958008,0.3139548599720001,0.7744198441505432,0.2939114868640899,0.7558624744415283,3.327728271484375,3.0317840576171875,Fixation,777.2774124145508,1088.607169714841,172.0,4.0,True,6,word,microwave,1.0
704.0,774.845962524414,1089.5991325378418,0.320409893989563,0.7767422795295715,0.3026742041110992,0.7566660642623901,3.367889404296875,3.012313842773437,Fixation,777.2774124145508,1088.607169714841,172.0,4.0,True,6,word,microwave,1.0
708.0,770.3002929687499,1087.1541595458984,0.320405513048172,0.7764242887496948,0.3008985519409179,0.7549681663513184,3.338623046875,3.023910522460937,Fixation,777.2774124145508,1088.607169714841,172.0,4.0,True,6,word,microwave,1.0
712.0,827.5178527832031,1094.5209217071533,0.329475998878479,0.7773709893226624,0.3232491612434387,0.7600839734077454,3.32421875,3.04461669921875,Fixation,777.2774124145508,1088.607169714841,172.0,4.0,True,6,word,microwave,1.0
716.0,873.6723327636719,1084.7447204589844,0.346798688173294,0.7775700688362122,0.3412782549858093,0.7532949447631836,3.322250366210937,3.029388427734375,Saccade,,,,0.0,False,7,,,
720.0,923.9285278320312,1086.9846439361572,0.3605387508869171,0.7835342884063721,0.3609095811843872,0.754850447177887,3.3350830078125,3.054901123046875,Saccade,,,,0.0,False,7,,,
724.0,996.4272308349609,1097.7896976470947,0.3820099830627441,0.7793758511543274,0.3892293870449066,0.7623539566993713,3.327911376953125,3.058578491210937,Fixation,1037.4786173502605,1107.7399005889893,176.0,5.0,True,8,word,with,2.0
728.0,1010.9465789794921,1101.7464923858643,0.4005306661128998,0.7732613682746887,0.3949010074138641,0.7651017308235168,3.326385498046875,3.05804443359375,Fixation,1037.4786173502605,1107.7399005889893,176.0,5.0,True,8,word,with,2.0
732.0,1029.9369812011716,1103.495979309082,0.4152345359325409,0.7712383270263672,0.4023191332817077,0.7663166522979736,3.36248779296875,3.0450897216796875,Fixation,1037.4786173502605,1107.7399005889893,176.0,5.0,True,8,word,with,2.0
736.0,1050.533218383789,1090.3684329986572,0.4205532670021057,0.7760983109474182,0.4103645384311676,0.757200300693512,3.34246826171875,3.0514678955078125,Fixation,1037.4786173502605,1107.7399005889893,176.0,5.0,True,8,word,with,2.0
740.0,1066.3031768798828,1089.9853706359863,0.4228216111660003,0.7725509405136108,0.4165246784687042,0.7569342851638794,3.324371337890625,3.037384033203125,Fixation,1037.4786173502605,1107.7399005889893,176.0,5.0,True,8,word,with,2.0
744.0,1055.2825927734375,1116.053524017334,0.4183840751647949,0.7738856077194214,0.412219762802124,0.7750371694564819,3.3175811767578125,3.041717529296875,Fixation,1037.4786173502605,1107.7399005889893,176.0,5.0,True,8,word,with,2.0
748.0,1041.571273803711,1102.5160503387451,0.4211885929107666,0.7677568197250366,0.4068637788295746,0.765636146068573,3.30426025390625,3.041732788085937,Fixation,1037.4786173502605,1107.7399005889893,176.0,5.0,True,8,word,with,2.0
752.0,1029.4022369384766,1099.5621013641357,0.4283457696437835,0.7832372784614563,0.4021102488040924,0.7635847926139832,3.32244873046875,3.0443267822265625,Fixation,1037.4786173502605,1107.7399005889893,176.0,5.0,True,8,word,with,2.0
756.0,1045.7352447509766,1093.9165019989014,0.4220557808876037,0.7751562595367432,0.4084903299808502,0.7596642374992371,3.299057006835937,3.0513916015625,Fixation,1037.4786173502605,1107.7399005889893,176.0,5.0,True,8,word,with,2.0
760.0,1033.4512329101562,1114.222240447998,0.4222577810287475,0.7761728763580322,0.4036918878555298,0.7737654447555542,3.3214111328125,3.0712432861328125,Fixation,1037.4786173502605,1107.7399005889893,176.0,5.0,True,8,word,with,2.0
764.0,1031.8354034423828,1109.4158935546875,0.4197098314762115,0.7743142247200012,0.4030607044696808,0.7704277038574219,3.3100738525390625,3.067123413085937,Fixation,1037.4786173502605,1107.7399005889893,176.0,5.0,True,8,word,with,2.0
768.0,1017.2766113281249,1109.1001224517822,0.4186405837535858,0.782173752784729,0.3973736763000488,0.7702084183692932,3.3063201904296875,3.05731201171875,Fixation,1037.4786173502605,1107.7399005889893,176.0,5.0,True,8,word,with,2.0
772.0,1014.9748229980468,1113.3772373199463,0.4269045889377594,0.7713378667831421,0.396474540233612,0.7731786370277405,3.335205078125,3.038238525390625,Fixation,1037.4786173502605,1107.7399005889893,176.0,5.0,True,8,word,with,2.0
776.0,1028.810577392578,1097.4713516235352,0.4212678074836731,0.7737976312637329,0.4018791317939758,0.7621328830718994,3.332366943359375,3.051498413085937,Fixation,1037.4786173502605,1107.7399005889893,176.0,5.0,True,8,word,with,2.0
780.0,1038.4684753417969,1117.1320724487305,0.4232983887195587,0.7699867486953735,0.4056517481803894,0.7757861614227295,3.332489013671875,3.064483642578125,Fixation,1037.4786173502605,1107.7399005889893,176.0,5.0,True,8,word,with,2.0
784.0,1039.4553375244138,1116.0660552978516,0.4259930849075317,0.7706722021102905,0.4060372412204742,0.7750458717346191,3.33367919921875,3.0644073486328125,Fixation,1037.4786173502605,1107.7399005889893,176.0,5.0,True,8,word,with,2.0
788.0,1031.1215209960938,1116.5761470794678,0.4285825490951538,0.7761644721031189,0.4027818441390991,0.7754001021385193,3.354766845703125,3.052154541015625,Fixation,1037.4786173502605,1107.7399005889893,176.0,5.0,True,8,word,with,2.0
792.0,1034.1671752929688,1115.2056884765625,0.4277080595493316,0.7768493890762329,0.4039715528488159,0.7744483947753906,3.33038330078125,3.0654449462890625,Fixation,1037.4786173502605,1107.7399005889893,176.0,5.0,True,8,word,with,2.0
796.0,1046.794738769531,1106.1099529266357,0.4169793128967285,0.7755704522132874,0.4089041948318481,0.7681319117546082,3.305023193359375,3.0479278564453125,Fixation,1037.4786173502605,1107.7399005889893,176.0,5.0,True,8,word,with,2.0
800.0,1035.5912017822263,1119.0386295318604,0.4264821112155914,0.7809306979179382,0.4045278131961822,0.7771101593971252,3.314483642578125,3.0686187744140625,Fixation,1037.4786173502605,1107.7399005889893,176.0,5.0,True,8,word,with,2.0
804.0,1045.2881622314453,1104.6231937408447,0.4229477345943451,0.7831999063491821,0.4083156883716583,0.7670994400978088,3.3163299560546875,3.0652618408203125,Fixation,1037.4786173502605,1107.7399005889893,176.0,5.0,True,8,word,with,2.0
808.0,1037.6725769042966,1108.1614780426025,0.426898181438446,0.7829011082649231,0.4053408503532409,0.7695565819740295,3.3337554931640625,3.066497802734375,Fixation,1037.4786173502605,1107.7399005889893,176.0,5.0,True,8,word,with,2.0
812.0,1041.2654113769531,1119.5897483825684,0.4270620346069336,0.7793712019920349,0.4067443013191223,0.777492880821228,3.3173065185546875,3.059722900390625,Fixation,1037.4786173502605,1107.7399005889893,176.0,5.0,True,8,word,with,2.0
816.0,1038.6639404296875,1110.16845703125,0.4331188201904297,0.7863197922706604,0.4057281017303467,0.7709503173828125,3.350738525390625,3.053192138671875,Fixation,1037.4786173502605,1107.7399005889893,176.0,5.0,True,8,word,with,2.0
820.0,1046.6122436523438,1107.8724002838135,0.4317543804645538,0.7800208330154419,0.4088329076766968,0.769355833530426,3.3670654296875,3.0681304931640625,Fixation,1037.4786173502605,1107.7399005889893,176.0,5.0,True,8,word,with,2.0
824.0,1028.0313873291016,1108.5532093048096,0.4257463812828064,0.7794342637062073,0.4015747606754303,0.7698286175727844,3.332916259765625,3.05499267578125,Fixation,1037.4786173502605,1107.7399005889893,176.0,5.0,True,8,word,with,2.0
828.0,1036.7430877685547,1109.9531936645508,0.4213023781776428,0.7734281420707703,0.4049777686595917,0.7708008289337158,3.329208374023437,3.0813446044921875,Fixation,1037.4786173502605,1107.7399005889893,176.0,5.0,True,8,word,with,2.0
832.0,1040.1373291015623,1105.6128215789795,0.4208907783031463,0.7766588926315308,0.4063036441802978,0.7677866816520691,3.341827392578125,3.0647735595703125,Fixation,1037.4786173502605,1107.7399005889893,176.0,5.0,True,8,word,with,2.0
836.0,1034.0213775634763,1107.6624584197998,0.423106849193573,0.7802695631980896,0.403914600610733,0.7692100405693054,3.33306884765625,3.0729522705078125,Fixation,1037.4786173502605,1107.7399005889893,176.0,5.0,True,8,word,with,2.0
840.0,1027.6136016845703,1116.5491962432861,0.4272379279136657,0.7739500403404236,0.4014115631580353,0.7753813862800598,3.359237670898437,3.075469970703125,Fixation,1037.4786173502605,1107.7399005889893,176.0,5.0,True,8,word,with,2.0
844.0,1036.0800170898438,1108.6234188079834,0.4248596131801605,0.7755682468414307,0.4047187566757202,0.7698773741722107,3.357147216796875,3.0682830810546875,Fixation,1037.4786173502605,1107.7399005889893,176.0,5.0,True,8,word,with,2.0
848.0,1022.4491119384766,1098.1424617767334,0.4215152561664581,0.7741730213165283,0.3993941843509674,0.7625989317893982,3.36029052734375,3.049667358398437,Fixation,1037.4786173502605,1107.7399005889893,176.0,5.0,True,8,word,with,2.0
852.0,1034.5235443115232,1118.1505393981934,0.4244096875190735,0.775919497013092,0.4041107594966888,0.7764934301376343,3.361434936523437,3.0711822509765625,Fixation,1037.4786173502605,1107.7399005889893,176.0,5.0,True,8,word,with,2.0
856.0,1037.0418548583984,1101.99857711792,0.4218418300151825,0.773028552532196,0.4050944745540619,0.7652767896652222,3.356597900390625,3.08203125,Fixation,1037.4786173502605,1107.7399005889893,176.0,5.0,True,8,word,with,2.0
860.0,1037.8824615478516,1106.3204097747803,0.4384233355522156,0.7836827635765076,0.4054228365421295,0.7682780623435974,3.4141845703125,3.0674591064453125,Fixation,1037.4786173502605,1107.7399005889893,176.0,5.0,True,8,word,with,2.0
864.0,1035.9268951416016,1110.8931255340576,0.4247688055038452,0.7803106307983398,0.4046589434146881,0.7714535593986511,3.38836669921875,3.072509765625,Fixation,1037.4786173502605,1107.7399005889893,176.0,5.0,True,8,word,with,2.0
868.0,1030.3763580322266,1099.848690032959,0.4232237339019775,0.7745905518531799,0.4024907648563385,0.7637838125228882,3.3561553955078125,3.07049560546875,Fixation,1037.4786173502605,1107.7399005889893,176.0,5.0,True,8,word,with,2.0
872.0,1032.8451538085935,1113.2146739959717,0.4209961891174316,0.7715727686882019,0.4034551382064819,0.7730657458305359,3.3535614013671875,3.105621337890625,Fixation,1037.4786173502605,1107.7399005889893,176.0,5.0,True,8,word,with,2.0
876.0,1045.5466461181638,1108.4597396850586,0.4229198098182678,0.7768729329109192,0.4084166586399078,0.769763708114624,3.3583984375,3.0858306884765625,Fixation,1037.4786173502605,1107.7399005889893,176.0,5.0,True,8,word,with,2.0
880.0,1040.5735778808594,1105.1115703582764,0.4244381189346313,0.7765498757362366,0.4064740538597107,0.7674385905265808,3.363998413085937,3.083465576171875,Fixation,1037.4786173502605,1107.7399005889893,176.0,5.0,True,8,word,with,2.0
884.0,1040.0577545166016,1108.254690170288,0.4273653924465179,0.7791754007339478,0.4062725603580475,0.7696213126182556,3.386871337890625,3.0831298828125,Fixation,1037.4786173502605,1107.7399005889893,176.0,5.0,True,8,word,with,2.0
888.0,1051.0843658447266,1119.5849418640137,0.4223562180995941,0.7786417007446289,0.4105798304080963,0.7774895429611206,3.3663787841796875,3.09027099609375,Fixation,1037.4786173502605,1107.7399005889893,176.0,5.0,True,8,word,with,2.0
892.0,1055.2612304687498,1113.5535335540771,0.4257445037364959,0.7746294140815735,0.4122114181518554,0.7733010649681091,3.369598388671875,3.0807037353515625,Fixation,1037.4786173502605,1107.7399005889893,176.0,5.0,True,8,word,with,2.0
896.0,1056.3607788085935,1105.8238792419434,0.4228709042072296,0.7720337510108948,0.4126409292221069,0.7679332494735718,3.3662261962890625,3.0787353515625,Fixation,1037.4786173502605,1107.7399005889893,176.0,5.0,True,8,word,with,2.0
900.0,1076.3932800292969,1102.4195766448975,0.4345496296882629,0.768430769443512,0.4204661250114441,0.7655691504478455,3.388275146484375,3.084457397460937,Fixation,1037.4786173502605,1107.7399005889893,176.0,5.0,True,8,word,with,2.0
904.0,1131.7703247070312,1095.8725833892822,0.4565176367759704,0.7954033017158508,0.4420977830886841,0.7610226273536682,3.415283203125,3.1142578125,Saccade,,,,0.0,False,9,,,
908.0,1168.331527709961,1106.06351852417,0.4690223634243011,0.7915130257606506,0.4563795030117035,0.7680996656417847,3.4080047607421875,3.105499267578125,Saccade,,,,0.0,False,9,,,
912.0,1214.3899536132812,1104.7289371490479,0.4854423105716705,0.8107571601867676,0.474371075630188,0.7671728730201721,3.4636383056640625,3.1025848388671875,Saccade,,,,0.0,False,9,,,
916.0,1235.7353973388672,1106.894187927246,0.4826948046684265,0.7912366390228271,0.482709139585495,0.7686765193939209,3.42987060546875,3.1115875244140625,Saccade,,,,0.0,False,9,,,
920.0,1216.5331268310545,1100.152702331543,0.4818134605884552,0.7887921333312988,0.4752082526683807,0.7639949321746826,3.438873291015625,3.0931396484375,Saccade,,,,0.0,False,9,,,
924.0,1198.8149261474607,1113.4319972991943,0.4830662906169891,0.792454719543457,0.4682870805263519,0.7732166647911072,3.426177978515625,3.0810546875,Saccade,,,,0.0,False,9,,,
928.0,1196.2546539306638,1116.558723449707,0.4776194989681244,0.7881699800491333,0.4672869741916656,0.7753880023956299,3.413314819335937,3.0894317626953125,Saccade,,,,0.0,False,9,,,
932.0,1189.0966033935547,1110.351276397705,0.4769154489040375,0.7869312763214111,0.4644908607006073,0.7710772752761841,3.4185943603515625,3.099212646484375,Saccade,,,,0.0,False,9,,,
936.0,1187.8650665283203,1101.2661838531494,0.4754666090011596,0.7891103029251099,0.4640097916126251,0.7647681832313538,3.398788452148437,3.0917510986328125,Saccade,,,,0.0,False,9,,,
940.0,1178.767166137695,1116.8513202667236,0.4773027598857879,0.7889830470085144,0.4604559242725372,0.7755911946296692,3.435028076171875,3.1189117431640625,Saccade,,,,0.0,False,9,,,
944.0,1185.6390380859373,1105.9708213806152,0.4799773395061493,0.7899002432823181,0.4631402492523193,0.7680352926254272,3.4253082275390625,3.1194610595703125,Saccade,,,,0.0,False,9,,,
948.0,1173.2987213134766,1108.8764476776123,0.477613091468811,0.7843654155731201,0.4583198130130768,0.7700530886650085,3.417098999023437,3.115386962890625,Saccade,,,,0.0,False,9,,,
952.0,1189.3550872802734,1113.6888027191162,0.4770339727401733,0.7927638292312622,0.4645918309688568,0.7733950018882751,3.430419921875,3.12518310546875,Saccade,,,,0.0,False,9,,,
956.0,1177.9970550537107,1091.5528106689453,0.477627158164978,0.7917467355728149,0.4601550996303558,0.7580227851867676,3.424041748046875,3.115341186523437,Fixation,1201.2136287315218,1115.609171811272,200.0,6.0,True,10,word,radioactive,4.0
960.0,1190.7899475097656,1108.463945388794,0.475605696439743,0.7929044365882874,0.4651523232460022,0.769766628742218,3.4523162841796875,3.112518310546875,Fixation,1201.2136287315218,1115.609171811272,200.0,6.0,True,10,word,radioactive,4.0
964.0,1187.4756622314453,1104.4744491577148,0.4790411293506622,0.7851661443710327,0.4638576805591583,0.7669961452484131,3.426361083984375,3.12567138671875,Fixation,1201.2136287315218,1115.609171811272,200.0,6.0,True,10,word,radioactive,4.0
968.0,1187.1212005615234,1120.2055835723877,0.4845845997333526,0.7882906794548035,0.4637192189693451,0.7779205441474915,3.4680938720703125,3.12420654296875,Fixation,1201.2136287315218,1115.609171811272,200.0,6.0,True,10,word,radioactive,4.0
972.0,1192.0610809326172,1105.391550064087,0.4745545983314514,0.7822088599205017,0.4656488597393036,0.7676330208778381,3.421859741210937,3.126205444335937,Fixation,1201.2136287315218,1115.609171811272,200.0,6.0,True,10,word,radioactive,4.0
976.0,1195.2889251708984,1099.557638168335,0.4769763946533203,0.7891418933868408,0.4669097363948822,0.7635816931724548,3.452972412109375,3.101425170898437,Fixation,1201.2136287315218,1115.609171811272,200.0,6.0,True,10,word,radioactive,4.0
980.0,1189.2749023437498,1114.2172622680664,0.4741166234016418,0.7787073850631714,0.4645605087280273,0.7737619876861572,3.401519775390625,3.140289306640625,Fixation,1201.2136287315218,1115.609171811272,200.0,6.0,True,10,word,radioactive,4.0
984.0,1203.8957977294922,1108.9441680908203,0.474841296672821,0.7817577123641968,0.4702717959880829,0.7701001167297363,3.409759521484375,3.124114990234375,Fixation,1201.2136287315218,1115.609171811272,200.0,6.0,True,10,word,radioactive,4.0
988.0,1208.5458374023438,1115.9786796569824,0.4821676909923553,0.7880871295928955,0.4720882177352905,0.7749851942062378,3.4650115966796875,3.1316375732421875,Fixation,1201.2136287315218,1115.609171811272,200.0,6.0,True,10,word,radioactive,4.0
992.0,1175.9977722167969,1105.3475189208984,0.4781640470027923,0.7848450541496277,0.4593741297721863,0.7676024436950684,3.4328155517578125,3.1364898681640625,Fixation,1201.2136287315218,1115.609171811272,200.0,6.0,True,10,word,radioactive,4.0
996.0,1190.282211303711,1115.3237056732178,0.4799350202083587,0.7833836674690247,0.4649539887905121,0.7745303511619568,3.457626342773437,3.142196655273437,Fixation,1201.2136287315218,1115.609171811272,200.0,6.0,True,10,word,radioactive,4.0
1000.0,1206.711730957031,1107.5206661224365,0.4801627099514007,0.7876588702201843,0.4713717699050903,0.7691115736961365,3.4546661376953125,3.125732421875,Fixation,1201.2136287315218,1115.609171811272,200.0,6.0,True,10,word,radioactive,4.0
1004.0,1195.4347229003906,1121.9342994689941,0.4831486344337463,0.7846410870552063,0.4669666886329651,0.7791210412979126,3.433868408203125,3.16357421875,Fixation,1201.2136287315218,1115.609171811272,200.0,6.0,True,10,word,radioactive,4.0
1008.0,1203.335189819336,1112.622356414795,0.4807972013950348,0.7838384509086609,0.4700528085231781,0.7726544141769409,3.4493865966796875,3.131088256835937,Fixation,1201.2136287315218,1115.609171811272,200.0,6.0,True,10,word,radioactive,4.0
1012.0,1203.4010314941406,1118.153715133667,0.4807128608226776,0.782341480255127,0.4700785279273987,0.776495635509491,3.44073486328125,3.1356201171875,Fixation,1201.2136287315218,1115.609171811272,200.0,6.0,True,10,word,radioactive,4.0
1016.0,1194.3772888183591,1111.514024734497,0.4800356924533844,0.7881708145141602,0.4665536284446716,0.7718847393989563,3.4419708251953125,3.1267242431640625,Fixation,1201.2136287315218,1115.609171811272,200.0,6.0,True,10,word,radioactive,4.0
1020.0,1194.4250488281248,1109.3647384643555,0.4782146513462066,0.7819369435310364,0.4665722846984863,0.7703921794891357,3.4420318603515625,3.1389923095703125,Fixation,1201.2136287315218,1115.609171811272,200.0,6.0,True,10,word,radioactive,4.0
1024.0,1201.0986328125,1119.454050064087,0.484644204378128,0.7849386930465698,0.4691791534423828,0.7773986458778381,3.4679718017578125,3.1344451904296875,Fixation,1201.2136287315218,1115.609171811272,200.0,6.0,True,10,word,radioactive,4.0
1028.0,1195.6333923339841,1127.1850776672363,0.4856119751930237,0.7806488871574402,0.4670442938804626,0.7827674150466919,3.49560546875,3.148300170898437,Fixation,1201.2136287315218,1115.609171811272,200.0,6.0,True,10,word,radioactive,4.0
1032.0,1204.8595428466795,1113.4235858917236,0.4853412210941314,0.7765406370162964,0.4706482589244842,0.7732108235359192,3.4504852294921875,3.1467437744140625,Fixation,1201.2136287315218,1115.609171811272,200.0,6.0,True,10,word,radioactive,4.0
1036.0,1196.0170745849607,1109.0216732025146,0.4789415597915649,0.7872867584228516,0.4671941697597503,0.7701539397239685,3.47222900390625,3.135528564453125,Fixation,1201.2136287315218,1115.609171811272,200.0,6.0,True,10,word,radioactive,4.0
1040.0,1194.0478515624998,1111.5316200256348,0.4812329411506653,0.7821477055549622,0.4664249420166015,0.7718969583511353,3.450042724609375,3.1337127685546875,Fixation,1201.2136287315218,1115.609171811272,200.0,6.0,True,10,word,radioactive,4.0
1044.0,1200.592346191406,1120.6678676605225,0.4812463223934173,0.7826619744300842,0.468981385231018,0.7782415747642517,3.451416015625,3.14593505859375,Fixation,1201.2136287315218,1115.609171811272,200.0,6.0,True,10,word,radioactive,4.0
1048.0,1193.1518554687498,1115.9077835083008,0.4833771586418152,0.7848015427589417,0.4660749435424804,0.7749359607696533,3.457763671875,3.1536407470703125,Fixation,1201.2136287315218,1115.609171811272,200.0,6.0,True,10,word,radioactive,4.0
1052.0,1199.1954040527341,1108.8677787780762,0.4793413579463959,0.7808476090431213,0.4684357047080993,0.7700470685958862,3.4673004150390625,3.1504364013671875,Fixation,1201.2136287315218,1115.609171811272,200.0,6.0,True,10,word,radioactive,4.0
1056.0,1203.055953979492,1115.4702186584473,0.4834934771060943,0.7875374555587769,0.4699437320232391,0.7746320962905884,3.4562225341796875,3.150131225585937,Fixation,1201.2136287315218,1115.609171811272,200.0,6.0,True,10,word,radioactive,4.0
1060.0,1201.978530883789,1112.445888519287,0.4758814871311188,0.7898471355438232,0.4695228636264801,0.7725318670272827,3.476593017578125,3.138092041015625,Fixation,1201.2136287315218,1115.609171811272,200.0,6.0,True,10,word,radioactive,4.0
1064.0,1205.7817840576172,1110.9721755981445,0.4792567789554596,0.7860482931137085,0.4710085093975067,0.7715084552764893,3.464508056640625,3.1470489501953125,Fixation,1201.2136287315218,1115.609171811272,200.0,6.0,True,10,word,radioactive,4.0
1068.0,1208.2144927978513,1104.5955562591553,0.4854145050048828,0.7848663330078125,0.4719587862491607,0.7670802474021912,3.471649169921875,3.133407592773437,Fixation,1201.2136287315218,1115.609171811272,200.0,6.0,True,10,word,radioactive,4.0
1072.0,1205.8688354492188,1109.7038555145264,0.4776759743690491,0.780846893787384,0.4710425138473511,0.7706276774406433,3.449737548828125,3.150177001953125,Fixation,1201.2136287315218,1115.609171811272,200.0,6.0,True,10,word,radioactive,4.0
1076.0,1203.965835571289,1117.7623271942139,0.4791916012763977,0.7920291423797607,0.4702991545200348,0.7762238383293152,3.4845733642578125,3.12811279296875,Fixation,1201.2136287315218,1115.609171811272,200.0,6.0,True,10,word,radioactive,4.0
1080.0,1192.0465850830078,1124.9248123168945,0.478238970041275,0.7889823317527771,0.4656431972980499,0.7811977863311768,3.492416381835937,3.1517333984375,Fixation,1201.2136287315218,1115.609171811272,200.0,6.0,True,10,word,radioactive,4.0
1084.0,1213.4882354736328,1114.6992015838623,0.4793244302272796,0.7903209924697876,0.4740188419818878,0.774096667766571,3.46331787109375,3.1412811279296875,Fixation,1201.2136287315218,1115.609171811272,200.0,6.0,True,10,word,radioactive,4.0
1088.0,1226.634063720703,1120.6595420837402,0.4772434830665588,0.7893718481063843,0.4791539311408996,0.7782357931137085,3.4492950439453125,3.1160125732421875,Fixation,1201.2136287315218,1115.609171811272,200.0,6.0,True,10,word,radioactive,4.0
1092.0,1205.4709625244138,1114.883222579956,0.4760239720344543,0.7887058854103088,0.4708870947360992,0.7742244601249695,3.4857177734375,3.149398803710937,Fixation,1201.2136287315218,1115.609171811272,200.0,6.0,True,10,word,radioactive,4.0
1096.0,1213.822784423828,1121.1714363098145,0.4780429303646087,0.7926090955734253,0.4741495251655578,0.7785912752151489,3.4776611328125,3.1502685546875,Fixation,1201.2136287315218,1115.609171811272,200.0,6.0,True,10,word,radioactive,4.0
1100.0,1206.1323547363281,1131.2280464172363,0.4815284311771393,0.7854333519935608,0.4711454510688782,0.7855750322341919,3.4566802978515625,3.1385040283203125,Fixation,1201.2136287315218,1115.609171811272,200.0,6.0,True,10,word,radioactive,4.0
1104.0,1220.8495330810547,1111.2075233459473,0.4800143539905548,0.7758882641792297,0.476894348859787,0.7716718912124634,3.45208740234375,3.130340576171875,Fixation,1201.2136287315218,1115.609171811272,200.0,6.0,True,10,word,radioactive,4.0
1108.0,1210.8385467529295,1125.1353549957275,0.4794689416885376,0.7888397574424744,0.4729838073253631,0.7813439965248108,3.464462280273437,3.161529541015625,Fixation,1201.2136287315218,1115.609171811272,200.0,6.0,True,10,word,radioactive,4.0
1112.0,1220.7186889648438,1113.8608074188232,0.4871885776519775,0.7833026051521301,0.4768432378768921,0.773514449596405,3.463241577148437,3.154296875,Fixation,1201.2136287315218,1115.609171811272,200.0,6.0,True,10,word,radioactive,4.0
1116.0,1214.406280517578,1109.1955661773682,0.4848383665084839,0.7802509665489197,0.4743774533271789,0.7702746987342834,3.4683074951171875,3.13763427734375,Fixation,1201.2136287315218,1115.609171811272,200.0,6.0,True,10,word,radioactive,4.0
1120.0,1224.754180908203,1124.6216583251953,0.4834136962890625,0.7834369540214539,0.4784196019172668,0.7809872627258301,3.449676513671875,3.1606597900390625,Fixation,1201.2136287315218,1115.609171811272,200.0,6.0,True,10,word,radioactive,4.0
1124.0,1206.5212249755857,1123.2322311401367,0.4875093400478363,0.7806957960128784,0.4712973535060882,0.780022382736206,3.486297607421875,3.15740966796875,Fixation,1201.2136287315218,1115.609171811272,200.0,6.0,True,10,word,radioactive,4.0
1128.0,1209.1513061523438,1120.2588844299316,0.485204130411148,0.7786678075790405,0.4723247289657593,0.777957558631897,3.4569549560546875,3.163314819335937,Fixation,1201.2136287315218,1115.609171811272,200.0,6.0,True,10,word,radioactive,4.0
1132.0,1201.9787597656248,1118.007287979126,0.4879423081874847,0.7889217734336853,0.4695229530334472,0.7763939499855042,3.4510498046875,3.1447296142578125,Fixation,1201.2136287315218,1115.609171811272,200.0,6.0,True,10,word,radioactive,4.0
1136.0,1202.4527740478516,1118.6339378356934,0.4770799577236175,0.777723491191864,0.469708114862442,0.7768291234970093,3.461654663085937,3.1509552001953125,Fixation,1201.2136287315218,1115.609171811272,200.0,6.0,True,10,word,radioactive,4.0
1140.0,1214.9436950683594,1123.3347988128662,0.4869550466537475,0.7883411049842834,0.4745873808860779,0.7800936102867126,3.5023193359375,3.150909423828125,Fixation,1201.2136287315218,1115.609171811272,200.0,6.0,True,10,word,radioactive,4.0
1144.0,1190.1837921142576,1119.3195533752441,0.4801493287086487,0.7868064045906067,0.4649155437946319,0.7773052453994751,3.4766082763671875,3.1613006591796875,Fixation,1201.2136287315218,1115.609171811272,200.0,6.0,True,10,word,radioactive,4.0
1148.0,1192.0746612548828,1126.616621017456,0.4814456105232239,0.7840908169746399,0.4656541645526886,0.7823726534843445,3.4824371337890625,3.1929931640625,Fixation,1201.2136287315218,1115.609171811272,200.0,6.0,True,10,word,radioactive,4.0
1152.0,1169.048843383789,1145.962257385254,0.476828008890152,0.7811089158058167,0.4566597044467926,0.7958071231842041,3.4452362060546875,3.186874389648437,Fixation,1201.2136287315218,1115.609171811272,200.0,6.0,True,10,word,radioactive,4.0
1156.0,1216.5008544921873,1121.5384483337402,0.4830274283885956,0.7967761158943176,0.4751956462860107,0.7788461446762085,3.4990997314453125,3.173980712890625,Fixation,1201.2136287315218,1115.609171811272,200.0,6.0,True,10,word,radioactive,4.0
1160.0,1283.5359191894531,1113.4307098388672,0.5000893473625183,0.801459550857544,0.5013812184333801,0.7732157707214355,3.4789276123046875,3.156768798828125,Saccade,,,,0.0,False,11,,,
1164.0,1327.9298400878906,1104.3671607971191,0.515688955783844,0.7956942915916443,0.5187225937843323,0.7669216394424438,3.4707489013671875,3.1729278564453125,Saccade,,,,0.0,False,11,,,
1168.0,1396.8756103515625,1080.9177875518799,0.5283481478691101,0.8027467131614685,0.5456545352935791,0.7506373524665833,3.48358154296875,3.1562652587890625,Fixation,1441.0257955697866,1095.657037771665,204.0,7.0,True,12,word,sticker,5.0
1172.0,1443.8883972167969,1087.9318714141846,0.5469889044761658,0.8110960721969604,0.5640189051628113,0.7555082440376282,3.4963531494140625,3.126937866210937,Fixation,1441.0257955697866,1095.657037771665,204.0,7.0,True,12,word,sticker,5.0
1176.0,1462.4603271484375,1100.4380893707275,0.5573596954345703,0.8119167685508728,0.5712735652923584,0.7641931176185608,3.4824676513671875,3.168121337890625,Fixation,1441.0257955697866,1095.657037771665,204.0,7.0,True,12,word,sticker,5.0
1180.0,1480.1446533203125,1082.437334060669,0.5681186318397522,0.8079425692558289,0.5781815052032471,0.7516925930976868,3.48712158203125,3.13482666015625,Fixation,1441.0257955697866,1095.657037771665,204.0,7.0,True,12,word,sticker,5.0
1184.0,1448.9169311523438,1101.3932132720947,0.568063497543335,0.7911882996559143,0.5659831762313843,0.7648563981056213,3.5045623779296875,3.169418334960937,Fixation,1441.0257955697866,1095.657037771665,204.0,7.0,True,12,word,sticker,5.0
1188.0,1453.1990051269531,1105.1418685913086,0.5664257407188416,0.798443615436554,0.5676558613777161,0.7674596309661865,3.505889892578125,3.145248413085937,Fixation,1441.0257955697866,1095.657037771665,204.0,7.0,True,12,word,sticker,5.0
1192.0,1436.5487670898438,1083.779125213623,0.5560070872306824,0.8058978915214539,0.5611518621444702,0.7526243925094604,3.4931640625,3.1445465087890625,Fixation,1441.0257955697866,1095.657037771665,204.0,7.0,True,12,word,sticker,5.0
1196.0,1441.8179321289062,1089.8858070373535,0.5577015280723572,0.809352457523346,0.563210129737854,0.7568651437759399,3.4823760986328125,3.142684936523437,Fixation,1441.0257955697866,1095.657037771665,204.0,7.0,True,12,word,sticker,5.0
1200.0,1444.1975402832031,1093.5550689697266,0.5575443506240845,0.7997402548789978,0.5641396641731262,0.7594132423400879,3.500595092773437,3.142791748046875,Fixation,1441.0257955697866,1095.657037771665,204.0,7.0,True,12,word,sticker,5.0
1204.0,1439.2172241210938,1095.0131607055664,0.5540227293968201,0.8040323257446289,0.5621942281723022,0.7604258060455322,3.5070037841796875,3.1566314697265625,Fixation,1441.0257955697866,1095.657037771665,204.0,7.0,True,12,word,sticker,5.0
1208.0,1439.6391296386719,1089.137191772461,0.5514116287231445,0.8033720850944519,0.5623590350151062,0.756345272064209,3.4902801513671875,3.1531524658203125,Fixation,1441.0257955697866,1095.657037771665,204.0,7.0,True,12,word,sticker,5.0
1212.0,1435.9562683105469,1086.8725490570068,0.557584285736084,0.8050522208213806,0.5609204173088074,0.7547726035118103,3.4890594482421875,3.164520263671875,Fixation,1441.0257955697866,1095.657037771665,204.0,7.0,True,12,word,sticker,5.0
1216.0,1433.1059265136719,1094.5610904693604,0.5527624487876892,0.8114697933197021,0.5598070025444031,0.7601118683815002,3.507843017578125,3.1554107666015625,Fixation,1441.0257955697866,1095.657037771665,204.0,7.0,True,12,word,sticker,5.0
1220.0,1445.1728820800781,1094.8141193389893,0.551878809928894,0.8065434098243713,0.5645206570625305,0.7602875828742981,3.512939453125,3.134506225585937,Fixation,1441.0257955697866,1095.657037771665,204.0,7.0,True,12,word,sticker,5.0
1224.0,1450.5958557128906,1087.3773193359375,0.5492265820503235,0.8051319718360901,0.5666390061378479,0.7551231384277344,3.4899139404296875,3.140975952148437,Fixation,1441.0257955697866,1095.657037771665,204.0,7.0,True,12,word,sticker,5.0
1228.0,1440.1777648925781,1099.0600776672363,0.5538750886917114,0.8059296607971191,0.5625694394111633,0.7632361650466919,3.4897613525390625,3.17279052734375,Fixation,1441.0257955697866,1095.657037771665,204.0,7.0,True,12,word,sticker,5.0
1232.0,1452.7359008789062,1095.1861953735352,0.5515919923782349,0.8065932393074036,0.5674749612808228,0.7605459690093994,3.5064697265625,3.1423492431640625,Fixation,1441.0257955697866,1095.657037771665,204.0,7.0,True,12,word,sticker,5.0
1236.0,1425.1220703125,1102.1670627593994,0.5556372404098511,0.807906985282898,0.5566883087158203,0.7653937935829163,3.5167388916015625,3.1641082763671875,Fixation,1441.0257955697866,1095.657037771665,204.0,7.0,True,12,word,sticker,5.0
1240.0,1406.9577026367188,1118.006944656372,0.5610821843147278,0.800314724445343,0.5495928525924683,0.776393711566925,3.486083984375,3.173934936523437,Fixation,1441.0257955697866,1095.657037771665,204.0,7.0,True,12,word,sticker,5.0
1244.0,1448.4344482421875,1098.7303161621094,0.5632277727127075,0.8085724115371704,0.5657947063446045,0.7630071640014648,3.5006561279296875,3.15679931640625,Fixation,1441.0257955697866,1095.657037771665,204.0,7.0,True,12,word,sticker,5.0
1248.0,1435.7896423339844,1110.5251693725586,0.5561166405677795,0.8064038157463074,0.5608553290367126,0.771198034286499,3.5126495361328125,3.1610870361328125,Fixation,1441.0257955697866,1095.657037771665,204.0,7.0,True,12,word,sticker,5.0
1252.0,1446.6972351074219,1090.5635261535645,0.5597547888755798,0.8030950427055359,0.5651161074638367,0.7573357820510864,3.4994354248046875,3.1488189697265625,Fixation,1441.0257955697866,1095.657037771665,204.0,7.0,True,12,word,sticker,5.0
1256.0,1416.2881469726562,1113.6919784545898,0.5618952512741089,0.8035361170768738,0.5532375574111938,0.7733972072601318,3.4909820556640625,3.1797027587890625,Fixation,1441.0257955697866,1095.657037771665,204.0,7.0,True,12,word,sticker,5.0
1260.0,1439.1035461425781,1093.3544826507568,0.5616551637649536,0.8102020025253296,0.5621498227119446,0.7592739462852478,3.5196990966796875,3.154876708984375,Fixation,1441.0257955697866,1095.657037771665,204.0,7.0,True,12,word,sticker,5.0
1264.0,1453.4725952148438,1089.2080879211426,0.5555030107498169,0.8017995953559875,0.5677627325057983,0.7563945055007935,3.51556396484375,3.13970947265625,Fixation,1441.0257955697866,1095.657037771665,204.0,7.0,True,12,word,sticker,5.0
1268.0,1417.9779052734375,1110.1931762695312,0.5547409057617188,0.8014785647392273,0.5538976192474365,0.7709674835205078,3.499176025390625,3.200653076171875,Fixation,1441.0257955697866,1095.657037771665,204.0,7.0,True,12,word,sticker,5.0
1272.0,1453.0488586425781,1086.130714416504,0.5585575103759766,0.7958934903144836,0.5675972104072571,0.7542574405670166,3.5068359375,3.138778686523437,Fixation,1441.0257955697866,1095.657037771665,204.0,7.0,True,12,word,sticker,5.0
1276.0,1432.9666137695312,1113.5895824432373,0.5599514245986938,0.7943552136421204,0.5597525835037231,0.7733260989189148,3.508514404296875,3.179168701171875,Fixation,1441.0257955697866,1095.657037771665,204.0,7.0,True,12,word,sticker,5.0
1280.0,1445.6736755371094,1091.4596843719482,0.5598917603492737,0.7981547713279724,0.5647162795066833,0.7579581141471863,3.5132598876953125,3.1644439697265625,Fixation,1441.0257955697866,1095.657037771665,204.0,7.0,True,12,word,sticker,5.0
1284.0,1461.749267578125,1079.0539741516113,0.5670487880706787,0.7910064458847046,0.5709958076477051,0.7493430376052856,3.500396728515625,3.133026123046875,Fixation,1441.0257955697866,1095.657037771665,204.0,7.0,True,12,word,sticker,5.0
1288.0,1454.0890502929688,1094.1697883605957,0.565218985080719,0.786763608455658,0.5680035352706909,0.7598401308059692,3.53173828125,3.129852294921875,Fixation,1441.0257955697866,1095.657037771665,204.0,7.0,True,12,word,sticker,5.0
1292.0,1445.4380798339844,1092.4275970458984,0.5633740425109863,0.7819850444793701,0.5646242499351501,0.7586302757263184,3.499130249023437,3.1483154296875,Fixation,1441.0257955697866,1095.657037771665,204.0,7.0,True,12,word,sticker,5.0
1296.0,1464.0284729003906,1092.5486183166504,0.5622283220291138,0.7932860255241394,0.5718861222267151,0.7587143182754517,3.5201416015625,3.14129638671875,Fixation,1441.0257955697866,1095.657037771665,204.0,7.0,True,12,word,sticker,5.0
1300.0,1448.6567687988281,1097.9443645477295,0.5670567154884338,0.7896633148193359,0.5658815503120422,0.7624613642692566,3.504013061523437,3.151580810546875,Fixation,1441.0257955697866,1095.657037771665,204.0,7.0,True,12,word,sticker,5.0
1304.0,1427.4693298339844,1089.9221992492676,0.5649095773696899,0.783829391002655,0.5576052069664001,0.7568904161453247,3.50311279296875,3.177581787109375,Fixation,1441.0257955697866,1095.657037771665,204.0,7.0,True,12,word,sticker,5.0
1308.0,1448.5850524902344,1107.8402137756348,0.5623967051506042,0.7879447340965271,0.5658535361289978,0.7693334817886353,3.5083770751953125,3.160018920898437,Fixation,1441.0257955697866,1095.657037771665,204.0,7.0,True,12,word,sticker,5.0
1312.0,1446.3609313964844,1094.3369007110596,0.5700222253799438,0.7852340936660767,0.5649847388267517,0.7599561810493469,3.524276733398437,3.1590118408203125,Fixation,1441.0257955697866,1095.657037771665,204.0,7.0,True,12,word,sticker,5.0
1316.0,1438.4124755859375,1094.406509399414,0.5640886425971985,0.7831334471702576,0.5618798732757568,0.7600045204162598,3.521102905273437,3.1652069091796875,Fixation,1441.0257955697866,1095.657037771665,204.0,7.0,True,12,word,sticker,5.0
1320.0,1445.4803466796875,1090.8884811401367,0.5651516914367676,0.7885494232177734,0.5646407604217529,0.757561445236206,3.509002685546875,3.162017822265625,Fixation,1441.0257955697866,1095.657037771665,204.0,7.0,True,12,word,sticker,5.0
1324.0,1440.4049682617188,1092.2550773620605,0.5661511421203613,0.7923740744590759,0.5626581907272339,0.7585104703903198,3.537322998046875,3.173919677734375,Fixation,1441.0257955697866,1095.657037771665,204.0,7.0,True,12,word,sticker,5.0
1328.0,1421.6920471191406,1110.8963871002197,0.5692461133003235,0.7853507995605469,0.5553484559059143,0.7714558243751526,3.5170135498046875,3.2068328857421875,Fixation,1441.0257955697866,1095.657037771665,204.0,7.0,True,12,word,sticker,5.0
1332.0,1442.54150390625,1110.103998184204,0.5676538348197937,0.7866876721382141,0.5634927749633789,0.7709055542945862,3.5086822509765625,3.179061889648437,Fixation,1441.0257955697866,1095.657037771665,204.0,7.0,True,12,word,sticker,5.0
1336.0,1454.3696594238281,1084.9413585662842,0.5665802955627441,0.7932814359664917,0.5681131482124329,0.753431499004364,3.5250244140625,3.151611328125,Fixation,1441.0257955697866,1095.657037771665,204.0,7.0,True,12,word,sticker,5.0
1340.0,1427.4736022949219,1092.8027629852295,0.5652505159378052,0.790327250957489,0.5576068758964539,0.7588908076286316,3.504501342773437,3.198226928710937,Fixation,1441.0257955697866,1095.657037771665,204.0,7.0,True,12,word,sticker,5.0
1344.0,1445.7835388183594,1083.2892036437988,0.5651600360870361,0.794335663318634,0.5647591948509216,0.7522841691970825,3.5221710205078125,3.1479644775390625,Fixation,1441.0257955697866,1095.657037771665,204.0,7.0,True,12,word,sticker,5.0
1348.0,1431.5434265136719,1103.2491302490234,0.5691130757331848,0.794087827205658,0.5591966509819031,0.7661452293395996,3.5298004150390625,3.185791015625,Fixation,1441.0257955697866,1095.657037771665,204.0,7.0,True,12,word,sticker,5.0
1352.0,1423.6083984375,1115.6884002685547,0.5694247484207153,0.7955272197723389,0.5560970306396484,0.7747836112976074,3.53277587890625,3.191879272460937,Fixation,1441.0257955697866,1095.657037771665,204.0,7.0,True,12,word,sticker,5.0
1356.0,1438.9697265625,1100.2880573272705,0.5636829137802124,0.7845968008041382,0.5620975494384766,0.7640889286994934,3.510833740234375,3.1756744384765625,Fixation,1441.0257955697866,1095.657037771665,204.0,7.0,True,12,word,sticker,5.0
1360.0,1443.6439514160156,1095.6378364562988,0.5651713609695435,0.7954040765762329,0.5639234185218811,0.7608596086502075,3.523056030273437,3.1838836669921875,Fixation,1441.0257955697866,1095.657037771665,204.0,7.0,True,12,word,sticker,5.0
1364.0,1451.1921691894531,1088.0552101135254,0.5667818188667297,0.7930087447166443,0.5668719410896301,0.7555938959121704,3.521942138671875,3.13818359375,Fixation,1441.0257955697866,1095.657037771665,204.0,7.0,True,12,word,sticker,5.0
1368.0,1432.3214721679688,1086.7963314056396,0.5639349818229675,0.7907813787460327,0.5595005750656128,0.7547196745872498,3.5365753173828125,3.171905517578125,Fixation,1441.0257955697866,1095.657037771665,204.0,7.0,True,12,word,sticker,5.0
1372.0,1433.3445739746094,1091.5009689331055,0.5656780004501343,0.7906347513198853,0.5599002242088318,0.7579867839813232,3.513946533203125,3.174911499023437,Fixation,1441.0257955697866,1095.657037771665,204.0,7.0,True,12,word,sticker,5.0
1376.0,1434.9685668945312,1071.034984588623,0.5671975612640381,0.7894383072853088,0.5605345964431763,0.7437742948532104,3.5255889892578125,3.166107177734375,Saccade,,,,0.0,False,13,,,
1380.0,1438.0686950683594,1084.9550914764404,0.5650445222854614,0.7935811877250671,0.5617455840110779,0.7534410357475281,3.518951416015625,3.172454833984375,Saccade,,,,0.0,False,13,,,
1384.0,1445.76171875,1080.8588218688965,0.5618303418159485,0.7881888151168823,0.5647506713867188,0.7505964040756226,3.5350494384765625,3.16204833984375,Saccade,,,,0.0,False,13,,,
1388.0,1426.4472961425781,1092.2116470336914,0.5678243637084961,0.7912511825561523,0.5572059750556946,0.7584803104400635,3.5178375244140625,3.1922607421875,Saccade,,,,0.0,False,13,,,
1392.0,1417.4818420410156,1098.3836460113525,0.5615190267562866,0.79566490650177,0.5537038445472717,0.762766420841217,3.5039520263671875,3.1849822998046875,Saccade,,,,0.0,False,13,,,
1396.0,1443.411865234375,1093.311653137207,0.5654056668281555,0.7898628115653992,0.5638327598571777,0.7592442035675049,3.53466796875,3.1572418212890625,Saccade,,,,0.0,False,13,,,
1400.0,1449.5564270019531,1079.1065883636475,0.5607251524925232,0.7926761507987976,0.5662329792976379,0.749379575252533,3.5246734619140625,3.142242431640625,Saccade,,,,0.0,False,13,,,
1404.0,1435.1457214355469,1090.2674102783203,0.5587841272354126,0.7977426052093506,0.5606037974357605,0.7571301460266113,3.5330047607421875,3.175537109375,Saccade,,,,0.0,False,13,,,
1408.0,1427.9331970214844,1085.306568145752,0.5576189160346985,0.7888182997703552,0.5577864050865173,0.7536851167678833,3.519882202148437,3.1804962158203125,Saccade,,,,0.0,False,13,,,
1412.0,1452.4739074707031,1083.6374187469482,0.5611812472343445,0.7973340749740601,0.5673726201057434,0.7525259852409363,3.5244903564453125,3.160003662109375,Saccade,,,,0.0,False,13,,,
1416.0,1449.1960144042969,1083.6417961120605,0.5556052923202515,0.8000801801681519,0.5660921931266785,0.7525290250778198,3.5349578857421875,3.179916381835937,Saccade,,,,0.0,False,13,,,
1420.0,1454.703369140625,1070.7780933380127,0.5603300333023071,0.7989218235015869,0.5682435035705566,0.7435958981513977,3.5310211181640625,3.172027587890625,Saccade,,,,0.0,False,13,,,
1424.0,1521.0560607910156,1066.5320491790771,0.5733826756477356,0.8070558905601501,0.5941625237464905,0.7406472563743591,3.519073486328125,3.15374755859375,Saccade,,,,0.0,False,13,,,
1428.0,1559.4432067871094,1075.3271198272705,0.5950758457183838,0.80733323097229,0.6091575026512146,0.7467549443244934,3.522201538085937,3.1569061279296875,Saccade,,,,0.0,False,13,,,
1432.0,1572.7348327636719,1083.894567489624,0.6154154539108276,0.8162509202957153,0.6143495440483093,0.7527045607566833,3.5457763671875,3.188140869140625,Saccade,,,,0.0,False,13,,,
1436.0,1644.6176147460938,1075.0104904174805,0.6282444000244141,0.8060551285743713,0.6424287557601929,0.746535062789917,3.5160369873046875,3.15692138671875,Fixation,1679.0684647993608,1080.1276750998063,172.0,8.0,True,14,word,the,7.0
1440.0,1656.8955993652344,1091.5708351135254,0.6359698176383972,0.8195530772209167,0.6472248435020447,0.7580353021621704,3.545684814453125,3.190902709960937,Fixation,1679.0684647993608,1080.1276750998063,172.0,8.0,True,14,word,the,7.0
1444.0,1699.5793151855469,1082.6743984222412,0.6460047960281372,0.8135862946510315,0.6638981699943542,0.7518572211265564,3.51995849609375,3.180648803710937,Fixation,1679.0684647993608,1080.1276750998063,172.0,8.0,True,14,word,the,7.0
1448.0,1709.8171997070312,1076.239242553711,0.6528346538543701,0.8146097660064697,0.6678973436355591,0.7473883628845215,3.5211639404296875,3.1681365966796875,Fixation,1679.0684647993608,1080.1276750998063,172.0,8.0,True,14,word,the,7.0
1452.0,1716.0861206054688,1074.9555587768555,0.6519954800605774,0.8127732872962952,0.6703461408615112,0.7464969158172607,3.5198974609375,3.158660888671875,Fixation,1679.0684647993608,1080.1276750998063,172.0,8.0,True,14,word,the,7.0
1456.0,1709.5170593261719,1072.5034618377686,0.6546226739883423,0.8112749457359314,0.6677801012992859,0.7447940707206726,3.5276641845703125,3.1577606201171875,Fixation,1679.0684647993608,1080.1276750998063,172.0,8.0,True,14,word,the,7.0
1460.0,1693.2862854003906,1079.83323097229,0.6493566036224365,0.8092827200889587,0.6614399552345276,0.7498841881752014,3.523406982421875,3.155364990234375,Fixation,1679.0684647993608,1080.1276750998063,172.0,8.0,True,14,word,the,7.0
1464.0,1684.6769714355469,1070.7653045654297,0.6507896780967712,0.8131338953971863,0.6580769419670105,0.7435870170593262,3.5202178955078125,3.1616363525390625,Fixation,1679.0684647993608,1080.1276750998063,172.0,8.0,True,14,word,the,7.0
1468.0,1681.7239379882812,1070.1292991638184,0.65114825963974,0.8135464191436768,0.6569234132766724,0.7431453466415405,3.53167724609375,3.1688232421875,Fixation,1679.0684647993608,1080.1276750998063,172.0,8.0,True,14,word,the,7.0
1472.0,1699.1514587402344,1068.0817222595215,0.6549254059791565,0.8121651411056519,0.663731038570404,0.7417234182357788,3.521240234375,3.161834716796875,Fixation,1679.0684647993608,1080.1276750998063,172.0,8.0,True,14,word,the,7.0
1476.0,1697.0329284667969,1078.1186771392822,0.650673508644104,0.8139058947563171,0.6629034876823425,0.7486935257911682,3.517364501953125,3.1551513671875,Fixation,1679.0684647993608,1080.1276750998063,172.0,8.0,True,14,word,the,7.0
1480.0,1686.5579223632812,1073.0558681488037,0.6487969756126404,0.8112385869026184,0.6588116884231567,0.745177686214447,3.52423095703125,3.1475982666015625,Fixation,1679.0684647993608,1080.1276750998063,172.0,8.0,True,14,word,the,7.0
1484.0,1696.6719055175781,1074.3765449523926,0.6463610529899597,0.8118330240249634,0.662762463092804,0.746094822883606,3.5229949951171875,3.15185546875,Fixation,1679.0684647993608,1080.1276750998063,172.0,8.0,True,14,word,the,7.0
1488.0,1696.5573120117188,1073.7177085876465,0.6477819681167603,0.8146436214447021,0.6627177000045776,0.7456372976303101,3.5313262939453125,3.167724609375,Fixation,1679.0684647993608,1080.1276750998063,172.0,8.0,True,14,word,the,7.0
1492.0,1691.1415100097656,1074.0536499023438,0.6541889905929565,0.8037838935852051,0.6606021523475647,0.7458705902099609,3.5299530029296875,3.1718292236328125,Fixation,1679.0684647993608,1080.1276750998063,172.0,8.0,True,14,word,the,7.0
1496.0,1681.0194396972656,1084.426031112671,0.6477488279342651,0.8089859485626221,0.6566482186317444,0.7530736327171326,3.5416259765625,3.1758270263671875,Fixation,1679.0684647993608,1080.1276750998063,172.0,8.0,True,14,word,the,7.0
1500.0,1689.034423828125,1077.980318069458,0.6522763967514038,0.8059064149856567,0.6597790718078613,0.7485974431037903,3.5190582275390625,3.173583984375,Fixation,1679.0684647993608,1080.1276750998063,172.0,8.0,True,14,word,the,7.0
1504.0,1681.5159606933594,1089.0162563323975,0.6515980362892151,0.8086655139923096,0.6568421721458435,0.7562612891197205,3.54302978515625,3.1795806884765625,Fixation,1679.0684647993608,1080.1276750998063,172.0,8.0,True,14,word,the,7.0
1508.0,1678.1083679199219,1078.6574363708496,0.6538090705871582,0.8118759989738464,0.6555110812187195,0.7490676641464233,3.5381622314453125,3.1798553466796875,Fixation,1679.0684647993608,1080.1276750998063,172.0,8.0,True,14,word,the,7.0
1512.0,1682.4183654785156,1074.9251747131348,0.6548561453819275,0.8077868223190308,0.6571946740150452,0.7464758157730103,3.5297088623046875,3.167144775390625,Fixation,1679.0684647993608,1080.1276750998063,172.0,8.0,True,14,word,the,7.0
1516.0,1659.43115234375,1081.7440795898438,0.6554762721061707,0.8070634603500366,0.6482152938842773,0.7512111663818359,3.519256591796875,3.190765380859375,Fixation,1679.0684647993608,1080.1276750998063,172.0,8.0,True,14,word,the,7.0
1520.0,1670.582275390625,1069.574317932129,0.656137228012085,0.8040183186531067,0.6525712013244629,0.7427599430084229,3.5441436767578125,3.172515869140625,Fixation,1679.0684647993608,1080.1276750998063,172.0,8.0,True,14,word,the,7.0
1524.0,1652.7769470214844,1084.1629600524902,0.6572655439376831,0.8107638955116272,0.6456159949302673,0.752890944480896,3.5282745361328125,3.1953277587890625,Fixation,1679.0684647993608,1080.1276750998063,172.0,8.0,True,14,word,the,7.0
1528.0,1674.1058349609375,1080.6255340576172,0.6550858020782471,0.8055600523948669,0.6539475917816162,0.750434398651123,3.536102294921875,3.176483154296875,Fixation,1679.0684647993608,1080.1276750998063,172.0,8.0,True,14,word,the,7.0
1532.0,1659.2489624023438,1076.0880947113037,0.6562251448631287,0.8013895153999329,0.6481441259384155,0.747283399105072,3.5195770263671875,3.1669921875,Fixation,1679.0684647993608,1080.1276750998063,172.0,8.0,True,14,word,the,7.0
1536.0,1664.664306640625,1080.3024673461914,0.6543170213699341,0.8152573704719543,0.6502594947814941,0.7502100467681885,3.532806396484375,3.1781005859375,Fixation,1679.0684647993608,1080.1276750998063,172.0,8.0,True,14,word,the,7.0
1540.0,1666.6256713867188,1090.1523113250732,0.6535183787345886,0.8138983249664307,0.651025652885437,0.7570502161979675,3.53533935546875,3.178070068359375,Fixation,1679.0684647993608,1080.1276750998063,172.0,8.0,True,14,word,the,7.0
1544.0,1677.7426147460938,1074.641933441162,0.6620603799819946,0.807678759098053,0.6553682088851929,0.7462791204452515,3.520599365234375,3.160369873046875,Fixation,1679.0684647993608,1080.1276750998063,172.0,8.0,True,14,word,the,7.0
1548.0,1674.100341796875,1076.5174198150635,0.6555287837982178,0.8176741003990173,0.6539454460144043,0.7475815415382385,3.5404052734375,3.142669677734375,Fixation,1679.0684647993608,1080.1276750998063,172.0,8.0,True,14,word,the,7.0
1552.0,1645.1394653320312,1096.8097686767578,0.6629496216773987,0.8053678870201111,0.6426326036453247,0.7616734504699707,3.521957397460937,3.1945037841796875,Fixation,1679.0684647993608,1080.1276750998063,172.0,8.0,True,14,word,the,7.0
1556.0,1677.1244812011719,1083.5317611694336,0.657825767993927,0.8061451315879822,0.6551267504692078,0.7524526119232178,3.5301971435546875,3.1572418212890625,Fixation,1679.0684647993608,1080.1276750998063,172.0,8.0,True,14,word,the,7.0
1560.0,1673.8665771484375,1079.228811264038,0.6588565707206726,0.8064658045768738,0.6538541316986084,0.7494644522666931,3.5299530029296875,3.166168212890625,Fixation,1679.0684647993608,1080.1276750998063,172.0,8.0,True,14,word,the,7.0
1564.0,1661.7462158203125,1077.7170753479004,0.6585725545883179,0.809922456741333,0.6491196155548096,0.7484146356582642,3.534210205078125,3.168670654296875,Fixation,1679.0684647993608,1080.1276750998063,172.0,8.0,True,14,word,the,7.0
1568.0,1676.2384033203125,1080.6637287139893,0.6581604480743408,0.8129250407218933,0.6547806262969971,0.7504609227180481,3.5352020263671875,3.1640777587890625,Fixation,1679.0684647993608,1080.1276750998063,172.0,8.0,True,14,word,the,7.0
1572.0,1670.85693359375,1088.408489227295,0.6574456095695496,0.8078267574310303,0.6526784896850586,0.7558392286300659,3.541000366210937,3.152587890625,Fixation,1679.0684647993608,1080.1276750998063,172.0,8.0,True,14,word,the,7.0
1576.0,1670.2705383300781,1089.1415691375732,0.6590390801429749,0.8113223314285278,0.6524494290351868,0.7563483119010925,3.534698486328125,3.1538543701171875,Fixation,1679.0684647993608,1080.1276750998063,172.0,8.0,True,14,word,the,7.0
1580.0,1666.3676452636719,1086.6145420074463,0.660788893699646,0.8131860494613647,0.6509248614311218,0.7545934319496155,3.5380401611328125,3.18170166015625,Fixation,1679.0684647993608,1080.1276750998063,172.0,8.0,True,14,word,the,7.0
1584.0,1674.5259094238281,1084.7294425964355,0.6600496768951416,0.8115296363830566,0.6541116833686829,0.7532843351364136,3.5123748779296875,3.1649322509765625,Fixation,1679.0684647993608,1080.1276750998063,172.0,8.0,True,14,word,the,7.0
1588.0,1666.4996337890625,1091.7055892944336,0.6545006036758423,0.8109821081161499,0.6509764194488525,0.7581288814544678,3.5528106689453125,3.194549560546875,Fixation,1679.0684647993608,1080.1276750998063,172.0,8.0,True,14,word,the,7.0
1592.0,1672.764892578125,1090.052661895752,0.6588580012321472,0.8095982670783997,0.6534237861633301,0.7569810152053833,3.535186767578125,3.1734619140625,Fixation,1679.0684647993608,1080.1276750998063,172.0,8.0,True,14,word,the,7.0
1596.0,1671.0298156738281,1079.917516708374,0.6575397253036499,0.8070301413536072,0.6527460217475891,0.7499427199363708,3.544464111328125,3.1661529541015625,Fixation,1679.0684647993608,1080.1276750998063,172.0,8.0,True,14,word,the,7.0
1600.0,1673.0517578125,1082.3965644836426,0.6607197523117065,0.8064243197441101,0.6535358428955078,0.7516642808914185,3.52777099609375,3.181396484375,Fixation,1679.0684647993608,1080.1276750998063,172.0,8.0,True,14,word,the,7.0
1604.0,1689.9642944335938,1076.9100093841553,0.6517300009727478,0.8045438528060913,0.6601423025131226,0.7478541731834412,3.540130615234375,3.1724090576171875,Fixation,1679.0684647993608,1080.1276750998063,172.0,8.0,True,14,word,the,7.0
1608.0,1714.8780822753906,1083.8898468017578,0.659291684627533,0.8101112842559814,0.6698742508888245,0.7527012825012207,3.529388427734375,3.171630859375,Fixation,1679.0684647993608,1080.1276750998063,172.0,8.0,True,14,word,the,7.0
1612.0,1742.5288391113281,1076.886920928955,0.6736503839492798,0.81576007604599,0.6806753277778625,0.7478381395339966,3.566925048828125,3.1737518310546875,Fixation,1793.4042167663574,1087.6219868659973,92.0,9.0,True,15,word,door,8.0
1616.0,1786.5737915039062,1079.7295475006104,0.7044276595115662,0.8023588061332703,0.6978803873062134,0.7498121857643127,3.5469970703125,3.1796417236328125,Fixation,1793.4042167663574,1087.6219868659973,92.0,9.0,True,15,word,door,8.0
1620.0,1802.0736694335938,1089.9360179901123,0.7111057043075562,0.8004761934280396,0.7039350271224976,0.7569000124931335,3.56341552734375,3.168548583984375,Fixation,1793.4042167663574,1087.6219868659973,92.0,9.0,True,15,word,door,8.0
1624.0,1816.7384338378906,1095.8992767333984,0.7087243795394897,0.8070107102394104,0.709663450717926,0.7610411643981934,3.5625762939453125,3.1726837158203125,Fixation,1793.4042167663574,1087.6219868659973,92.0,9.0,True,15,word,door,8.0
1628.0,1828.3903503417969,1081.6520690917969,0.7073320746421814,0.8006394505500793,0.7142149806022644,0.7511472702026367,3.56158447265625,3.16064453125,Fixation,1793.4042167663574,1087.6219868659973,92.0,9.0,True,15,word,door,8.0
1632.0,1802.7761840820312,1081.1072158813477,0.7027133703231812,0.793712854385376,0.7042094469070435,0.7507688999176025,3.559173583984375,3.2136993408203125,Fixation,1793.4042167663574,1087.6219868659973,92.0,9.0,True,15,word,door,8.0
1636.0,1805.1158142089844,1080.0357055664062,0.6979884505271912,0.7918283343315125,0.7051233649253845,0.7500247955322266,3.558944702148437,3.1915435791015625,Fixation,1793.4042167663574,1087.6219868659973,92.0,9.0,True,15,word,door,8.0
1640.0,1799.9307250976562,1088.5879611968994,0.6961387395858765,0.7985861897468567,0.703097939491272,0.7559638619422913,3.57891845703125,3.1737213134765625,Fixation,1793.4042167663574,1087.6219868659973,92.0,9.0,True,15,word,door,8.0
1644.0,1798.7396240234375,1098.6123847961426,0.6984972357749939,0.7976160049438477,0.7026326656341553,0.7629252672195435,3.55517578125,3.189483642578125,Fixation,1793.4042167663574,1087.6219868659973,92.0,9.0,True,15,word,door,8.0
1648.0,1796.2771606445312,1081.8499088287354,0.7062984704971313,0.7964087128639221,0.70167076587677,0.751284658908844,3.557769775390625,3.2020416259765625,Fixation,1793.4042167663574,1087.6219868659973,92.0,9.0,True,15,word,door,8.0
1652.0,1783.5026550292969,1085.2110385894775,0.7024728059768677,0.8017117977142334,0.6966807246208191,0.7536187767982483,3.5724639892578125,3.1827850341796875,Fixation,1793.4042167663574,1087.6219868659973,92.0,9.0,True,15,word,door,8.0
1656.0,1774.8211669921875,1090.14235496521,0.7069511413574219,0.80598384141922,0.6932895183563232,0.7570433020591736,3.5653076171875,3.1968231201171875,Fixation,1793.4042167663574,1087.6219868659973,92.0,9.0,True,15,word,door,8.0
1660.0,1788.5910034179688,1077.185354232788,0.7058232426643372,0.8042675256729126,0.698668360710144,0.7480453848838806,3.5660858154296875,3.173858642578125,Fixation,1793.4042167663574,1087.6219868659973,92.0,9.0,True,15,word,door,8.0
1664.0,1780.2815246582031,1082.7659797668457,0.7088720202445984,0.8013993501663208,0.6954224705696106,0.7519208192825317,3.574615478515625,3.19464111328125,Fixation,1793.4042167663574,1087.6219868659973,92.0,9.0,True,15,word,door,8.0
1668.0,1782.5889587402344,1080.6317138671875,0.7106032371520996,0.8020816445350647,0.696323812007904,0.7504386901855469,3.569091796875,3.179779052734375,Fixation,1793.4042167663574,1087.6219868659973,92.0,9.0,True,15,word,door,8.0
1672.0,1782.4612426757812,1076.401720046997,0.7101248502731323,0.8046475648880005,0.696273922920227,0.7475011944770813,3.561676025390625,3.185546875,Fixation,1793.4042167663574,1087.6219868659973,92.0,9.0,True,15,word,door,8.0
1676.0,1795.6675720214844,1097.4885177612305,0.7164543867111206,0.7984855771064758,0.7014326453208923,0.7621448040008545,3.5665435791015625,3.182861328125,Fixation,1793.4042167663574,1087.6219868659973,92.0,9.0,True,15,word,door,8.0
1680.0,1786.356201171875,1095.3319358825684,0.7127664685249329,0.8008532524108887,0.6977953910827637,0.760647177696228,3.577987670898437,3.1995849609375,Fixation,1793.4042167663574,1087.6219868659973,92.0,9.0,True,15,word,door,8.0
1684.0,1794.483642578125,1100.235013961792,0.7136685252189636,0.8012457489967346,0.7009701728820801,0.7640520930290222,3.56951904296875,3.168685913085937,Fixation,1793.4042167663574,1087.6219868659973,92.0,9.0,True,15,word,door,8.0
1688.0,1794.1963195800781,1089.704532623291,0.7056151628494263,0.7971323728561401,0.700857937335968,0.7567392587661743,3.595687866210937,3.1949615478515625,Fixation,1793.4042167663574,1087.6219868659973,92.0,9.0,True,15,word,door,8.0
1692.0,1794.6533203125,1097.510061264038,0.7150043845176697,0.797738790512085,0.7010364532470703,0.7621597647666931,3.5844268798828125,3.1998291015625,Fixation,1793.4042167663574,1087.6219868659973,92.0,9.0,True,15,word,door,8.0
1696.0,1804.8052978515625,1089.4639492034912,0.7080148458480835,0.8007818460464478,0.7050020694732666,0.7565721869468689,3.5816802978515625,3.184844970703125,Fixation,1793.4042167663574,1087.6219868659973,92.0,9.0,True,15,word,door,8.0
1700.0,1791.2504577636719,1102.0834636688232,0.7094622254371643,0.8015422224998474,0.6997072100639343,0.765335738658905,3.58538818359375,3.199920654296875,Fixation,1793.4042167663574,1087.6219868659973,92.0,9.0,True,15,word,door,8.0
1704.0,1808.8972473144531,1084.475040435791,0.7083035111427307,0.7917256355285645,0.7066004872322083,0.7531076669692993,3.5800018310546875,3.18438720703125,Fixation,1793.4042167663574,1087.6219868659973,92.0,9.0,True,15,word,door,8.0
1708.0,1782.2367858886719,1060.9110832214355,0.7006345391273499,0.7806841135025024,0.6961862444877625,0.7367438077926636,3.598617553710937,3.1676788330078125,Saccade,,,,0.0,False,16,,,
1712.0,1730.7185363769531,1028.121099472046,0.6739742159843445,0.7388783097267151,0.6760619282722473,0.7139729857444763,3.5902099609375,3.195770263671875,Saccade,,,,0.0,False,16,,,
1716.0,1648.0534362792969,967.7077102661133,0.6317760944366455,0.7036523222923279,0.6437708735466003,0.6720192432403564,3.644577026367187,3.2404937744140625,Saccade,,,,0.0,False,16,,,
1720.0,1563.7060546875,903.2799339294434,0.5947116017341614,0.6516483426094055,0.6108226776123047,0.6272777318954468,3.6514739990234375,3.2761688232421875,Saccade,,,,0.0,False,16,,,
1724.0,1505.6683349609375,844.2924499511719,0.5726497769355774,0.6232484579086304,0.5881516933441162,0.5863142013549805,3.663528442382813,3.2794189453125,Saccade,,,,0.0,False,16,,,
1728.0,1465.1190185546875,771.8766689300537,0.5502482652664185,0.6002324223518372,0.5723121166229248,0.5360254645347595,3.65716552734375,3.2549591064453125,Saccade,,,,0.0,False,16,,,
1732.0,1382.0310974121094,727.855224609375,0.5175496935844421,0.5288336277008057,0.5398558974266052,0.5054550170898438,3.573089599609375,3.257781982421875,Saccade,,,,0.0,False,16,,,
1736.0,1317.9991149902344,643.5775566101073,0.4980253577232361,0.4866353869438171,0.5148434042930603,0.446928858757019,3.583236694335937,3.21551513671875,Saccade,,,,0.0,False,16,,,
1740.0,1246.2020874023438,621.481990814209,0.4737949967384338,0.4461872577667236,0.4867976903915405,0.4315847158432007,3.560287475585937,3.2545623779296875,Saccade,,,,0.0,False,16,,,
1744.0,1216.4332580566404,602.0145606994629,0.4537070393562317,0.4294072687625885,0.4751692414283752,0.4180656671524048,3.53912353515625,3.267486572265625,Saccade,,,,0.0,False,16,,,
1748.0,1165.8316040039062,622.5101566314697,0.4421064555644989,0.4237744212150574,0.4554029703140259,0.4322987198829651,3.541412353515625,3.2579498291015625,Saccade,,,,0.0,False,16,,,
1752.0,1109.316177368164,623.4942054748534,0.4229416847229004,0.4262967407703399,0.4333266317844391,0.4329820871353149,3.540557861328125,3.262908935546875,Fixation,1099.1245883118872,640.7392703785616,200.0,10.0,True,17,image,,9.0
1756.0,1098.9279174804688,661.5234661102295,0.413206934928894,0.4358985126018524,0.4292687177658081,0.4593912959098816,3.569793701171875,3.26708984375,Fixation,1099.1245883118872,640.7392703785616,200.0,10.0,True,17,image,,9.0
1760.0,1087.0014953613281,683.7504816055297,0.4091087579727173,0.4362790286540985,0.4246099591255188,0.4748267233371734,3.5310211181640625,3.300201416015625,Fixation,1099.1245883118872,640.7392703785616,200.0,10.0,True,17,image,,9.0
1764.0,1116.19026184082,653.5927534103394,0.41395965218544,0.4400417804718017,0.4360118210315704,0.4538838565349579,3.567138671875,3.269515991210937,Fixation,1099.1245883118872,640.7392703785616,200.0,10.0,True,17,image,,9.0
1768.0,1131.3939666748047,639.3433570861816,0.4144025444984436,0.4312947988510132,0.4419507682323456,0.4439884424209595,3.576995849609375,3.2705230712890625,Fixation,1099.1245883118872,640.7392703785616,200.0,10.0,True,17,image,,9.0
1772.0,1126.7179107666013,634.5732307434081,0.4109757840633392,0.4269115626811981,0.4401241838932037,0.4406758546829223,3.55853271484375,3.266326904296875,Fixation,1099.1245883118872,640.7392703785616,200.0,10.0,True,17,image,,9.0
1776.0,1117.6060485839844,645.4083681106567,0.4173794090747833,0.4266919195652008,0.4365648627281189,0.4482002556324005,3.567230224609375,3.292266845703125,Fixation,1099.1245883118872,640.7392703785616,200.0,10.0,True,17,image,,9.0
1780.0,1115.9037780761716,642.6722145080566,0.4166472852230072,0.4254415929317474,0.4358999133110046,0.4463001489639282,3.565826416015625,3.2882080078125,Fixation,1099.1245883118872,640.7392703785616,200.0,10.0,True,17,image,,9.0
1784.0,1108.2522583007812,651.9366073608397,0.4152558445930481,0.428677886724472,0.4329110383987427,0.4527337551116943,3.5525360107421875,3.313949584960937,Fixation,1099.1245883118872,640.7392703785616,200.0,10.0,True,17,image,,9.0
1788.0,1097.4276733398435,644.8948001861571,0.4161956012248993,0.4202769696712494,0.4286826848983764,0.4478436112403869,3.541473388671875,3.2978668212890625,Fixation,1099.1245883118872,640.7392703785616,200.0,10.0,True,17,image,,9.0
1792.0,1104.446563720703,631.5100622177123,0.4183645248413086,0.4300264120101928,0.4314244389533996,0.4385486543178558,3.597564697265625,3.2730712890625,Fixation,1099.1245883118872,640.7392703785616,200.0,10.0,True,17,image,,9.0
1796.0,1102.162094116211,644.4974040985107,0.4181872606277466,0.4314468801021576,0.4305320680141449,0.4475676417350769,3.564193725585937,3.289154052734375,Fixation,1099.1245883118872,640.7392703785616,200.0,10.0,True,17,image,,9.0
1800.0,1092.638702392578,662.1860361099243,0.4187487959861755,0.4319919049739837,0.4268119931221008,0.4598514139652252,3.5845489501953125,3.31640625,Fixation,1099.1245883118872,640.7392703785616,200.0,10.0,True,17,image,,9.0
1804.0,1096.036605834961,627.3402786254883,0.4179401099681854,0.4164530336856842,0.4281392991542816,0.4356529712677002,3.5349273681640625,3.270477294921875,Fixation,1099.1245883118872,640.7392703785616,200.0,10.0,True,17,image,,9.0
1808.0,1085.1849365234375,634.9932432174681,0.4167954921722412,0.4318990707397461,0.4239003658294678,0.4409675300121307,3.5641326904296875,3.2635650634765625,Fixation,1099.1245883118872,640.7392703785616,200.0,10.0,True,17,image,,9.0
1812.0,1087.7936553955076,635.728769302368,0.4175150990486145,0.4342454373836517,0.4249193966388702,0.4414783120155334,3.581893920898437,3.292510986328125,Fixation,1099.1245883118872,640.7392703785616,200.0,10.0,True,17,image,,9.0
1816.0,1096.515884399414,625.6232786178589,0.4151831865310669,0.426092118024826,0.4283265173435211,0.4344606101512909,3.5535430908203125,3.2675018310546875,Fixation,1099.1245883118872,640.7392703785616,200.0,10.0,True,17,image,,9.0
1820.0,1089.474639892578,641.0559368133544,0.4159599840641022,0.4341500997543335,0.4255760312080383,0.4451777338981628,3.5781707763671875,3.2861785888671875,Fixation,1099.1245883118872,640.7392703785616,200.0,10.0,True,17,image,,9.0
1824.0,1093.9471435546875,645.8174800872803,0.415901631116867,0.4254745543003082,0.4273231029510498,0.4484843611717224,3.5402374267578125,3.29681396484375,Fixation,1099.1245883118872,640.7392703785616,200.0,10.0,True,17,image,,9.0
1828.0,1096.1222076416016,648.9036941528319,0.4139014184474945,0.4298535883426666,0.4281727373600006,0.4506275653839111,3.5550994873046875,3.2866668701171875,Fixation,1099.1245883118872,640.7392703785616,200.0,10.0,True,17,image,,9.0
1832.0,1096.6314697265625,637.1996068954467,0.4148251712322235,0.4239327907562256,0.4283716678619385,0.4424997270107269,3.553863525390625,3.284332275390625,Fixation,1099.1245883118872,640.7392703785616,200.0,10.0,True,17,image,,9.0
1836.0,1107.8726959228516,630.5947637557982,0.4156482517719269,0.4314188361167907,0.4327627718448639,0.437913030385971,3.589935302734375,3.26007080078125,Fixation,1099.1245883118872,640.7392703785616,200.0,10.0,True,17,image,,9.0
1840.0,1103.2929992675781,625.1537847518921,0.4145171344280243,0.4326769411563873,0.4309738278388977,0.4341345727443695,3.576904296875,3.260009765625,Fixation,1099.1245883118872,640.7392703785616,200.0,10.0,True,17,image,,9.0
1844.0,1103.9913177490234,628.5110521316528,0.4168391525745392,0.4254026710987091,0.4312466084957123,0.4364660084247589,3.554901123046875,3.2679595947265625,Fixation,1099.1245883118872,640.7392703785616,200.0,10.0,True,17,image,,9.0
1848.0,1102.4755096435545,623.088183403015,0.4168366193771362,0.4359054863452911,0.4306544959545135,0.4327001273632049,3.577423095703125,3.2746734619140625,Fixation,1099.1245883118872,640.7392703785616,200.0,10.0,True,17,image,,9.0
1852.0,1107.36701965332,625.1097536087035,0.4138992428779602,0.4327069520950317,0.4325652420520782,0.4341039955615997,3.568572998046875,3.2753448486328125,Fixation,1099.1245883118872,640.7392703785616,200.0,10.0,True,17,image,,9.0
1856.0,1123.457260131836,630.3340530395508,0.4167425334453583,0.4241650700569153,0.4388504922389984,0.4377319812774658,3.56439208984375,3.2662811279296875,Fixation,1099.1245883118872,640.7392703785616,200.0,10.0,True,17,image,,9.0
1860.0,1117.8006744384766,634.6881151199341,0.4152553677558899,0.4224059879779815,0.4366408884525299,0.4407556354999542,3.5376739501953125,3.267913818359375,Fixation,1099.1245883118872,640.7392703785616,200.0,10.0,True,17,image,,9.0
1864.0,1110.5492401123047,662.577166557312,0.417464405298233,0.4278914630413055,0.433808296918869,0.4601230323314667,3.568145751953125,3.324920654296875,Fixation,1099.1245883118872,640.7392703785616,200.0,10.0,True,17,image,,9.0
1868.0,1093.929214477539,661.5195608139038,0.4170577526092529,0.4271341562271118,0.4273160994052887,0.4593885838985443,3.589218139648437,3.31494140625,Fixation,1099.1245883118872,640.7392703785616,200.0,10.0,True,17,image,,9.0
1872.0,1110.0445556640625,645.9907293319701,0.4148509502410888,0.4299096465110779,0.4336111545562744,0.4486046731472015,3.5880584716796875,3.307373046875,Fixation,1099.1245883118872,640.7392703785616,200.0,10.0,True,17,image,,9.0
1876.0,1107.6386260986326,632.1192884445189,0.414700984954834,0.4262093305587768,0.4326713383197784,0.4389717280864715,3.554412841796875,3.2736358642578125,Fixation,1099.1245883118872,640.7392703785616,200.0,10.0,True,17,image,,9.0
1880.0,1093.8306427001953,652.8399324417113,0.416551411151886,0.4386040866374969,0.4272775948047638,0.4533610641956329,3.621383666992187,3.3154296875,Fixation,1099.1245883118872,640.7392703785616,200.0,10.0,True,17,image,,9.0
1884.0,1091.3824462890623,631.9556093215942,0.4173003733158111,0.4267663359642029,0.426321268081665,0.4388580620288849,3.573471069335937,3.273666381835937,Fixation,1099.1245883118872,640.7392703785616,200.0,10.0,True,17,image,,9.0
1888.0,1084.243392944336,639.39640045166,0.4163429737091064,0.4317885339260101,0.4235325753688812,0.4440252780914306,3.58563232421875,3.295028686523437,Fixation,1099.1245883118872,640.7392703785616,200.0,10.0,True,17,image,,9.0
1892.0,1084.9510955810547,643.3037567138671,0.416590929031372,0.4199701845645904,0.4238090217113495,0.4467387199401855,3.563995361328125,3.2992401123046875,Fixation,1099.1245883118872,640.7392703785616,200.0,10.0,True,17,image,,9.0
1896.0,1079.5204162597654,629.2515134811401,0.4156821370124817,0.4281424283981323,0.4216876626014709,0.4369802176952362,3.5869903564453125,3.285858154296875,Fixation,1099.1245883118872,640.7392703785616,200.0,10.0,True,17,image,,9.0
1900.0,1079.9708557128906,641.1427974700927,0.4155876338481903,0.4337246716022491,0.4218636155128479,0.4452380537986755,3.580352783203125,3.2976226806640625,Fixation,1099.1245883118872,640.7392703785616,200.0,10.0,True,17,image,,9.0
1904.0,1081.1329650878906,626.3384628295897,0.4164689481258392,0.4227064847946167,0.4223175644874573,0.4349572658538818,3.5576934814453125,3.2866973876953125,Fixation,1099.1245883118872,640.7392703785616,200.0,10.0,True,17,image,,9.0
1908.0,1079.4656372070312,636.8415641784668,0.4172759056091308,0.4296247661113739,0.4216662645339966,0.4422510862350464,3.599151611328125,3.300567626953125,Fixation,1099.1245883118872,640.7392703785616,200.0,10.0,True,17,image,,9.0
1912.0,1086.618881225586,645.5969381332396,0.4161309897899627,0.4206189513206482,0.4244605004787445,0.448331207036972,3.594024658203125,3.3057098388671875,Fixation,1099.1245883118872,640.7392703785616,200.0,10.0,True,17,image,,9.0
1916.0,1078.4919738769531,659.3773126602172,0.415638655424118,0.4259807467460632,0.4212859272956848,0.4579009115695953,3.579696655273437,3.3119659423828125,Fixation,1099.1245883118872,640.7392703785616,200.0,10.0,True,17,image,,9.0
1920.0,1095.842361450195,621.2701606750488,0.4091558754444122,0.4362480938434601,0.4280634224414825,0.431437611579895,3.6092376708984375,3.2666015625,Fixation,1099.1245883118872,640.7392703785616,200.0,10.0,True,17,image,,9.0
1924.0,1090.6387329101562,636.3257646560669,0.4167494773864746,0.4357644319534302,0.4260307550430298,0.4418928921222687,3.61676025390625,3.2782745361328125,Fixation,1099.1245883118872,640.7392703785616,200.0,10.0,True,17,image,,9.0
1928.0,1098.5932922363281,630.8699798583983,0.4097896516323089,0.4305625557899475,0.4291380047798157,0.4381041526794433,3.588958740234375,3.262191772460937,Fixation,1099.1245883118872,640.7392703785616,200.0,10.0,True,17,image,,9.0
1932.0,1104.7676086425781,625.2067852020264,0.4121164381504059,0.4289581179618835,0.4315498471260071,0.4341713786125183,3.593353271484375,3.266952514648437,Fixation,1099.1245883118872,640.7392703785616,200.0,10.0,True,17,image,,9.0
1936.0,1094.7980499267576,660.283899307251,0.4127870500087738,0.4230619370937347,0.4276554882526397,0.4585304856300354,3.574127197265625,3.3040924072265625,Fixation,1099.1245883118872,640.7392703785616,200.0,10.0,True,17,image,,9.0
1940.0,1105.384826660156,638.5238885879515,0.4110713601112366,0.4227195978164673,0.4317909479141235,0.4434193670749664,3.576400756835937,3.268157958984375,Fixation,1099.1245883118872,640.7392703785616,200.0,10.0,True,17,image,,9.0
1944.0,1109.614562988281,638.963599205017,0.4109136760234833,0.4218860864639282,0.4334431886672973,0.4437247216701507,3.5681915283203125,3.255859375,Fixation,1099.1245883118872,640.7392703785616,200.0,10.0,True,17,image,,9.0
1948.0,1095.7843780517578,668.301215171814,0.4105740487575531,0.418934166431427,0.4280407726764679,0.4640980660915375,3.583099365234375,3.304183959960937,Fixation,1099.1245883118872,640.7392703785616,200.0,10.0,True,17,image,,9.0
1952.0,1082.2113800048826,636.1814832687377,0.4022524058818817,0.4155833721160888,0.4227388203144073,0.4417926967144012,3.55621337890625,3.268798828125,Fixation,1099.1245883118872,640.7392703785616,200.0,10.0,True,17,image,,9.0
1956.0,1034.3651580810547,674.0108442306519,0.393527626991272,0.424662321805954,0.404048889875412,0.468063086271286,3.5897979736328125,3.29388427734375,Fixation,1037.7318187309072,672.182918402008,256.0,11.0,True,18,image,,9.0
1960.0,1020.8984375,663.9097738265991,0.3858886957168579,0.4363724887371063,0.3987884521484375,0.4610484540462494,3.58636474609375,3.276229858398437,Fixation,1037.7318187309072,672.182918402008,256.0,11.0,True,18,image,,9.0
1964.0,1012.2726440429686,702.5291204452514,0.3828209638595581,0.4388677775859833,0.3954190015792846,0.4878674447536468,3.568634033203125,3.3097686767578125,Fixation,1037.7318187309072,672.182918402008,256.0,11.0,True,18,image,,9.0
1968.0,1019.1697692871094,696.8686294555664,0.3869509100914001,0.4430601894855499,0.3981131911277771,0.4839365482330322,3.568832397460937,3.3101959228515625,Fixation,1037.7318187309072,672.182918402008,256.0,11.0,True,18,image,,9.0
1972.0,1036.3322448730466,652.7251768112181,0.3907773792743683,0.4474009275436401,0.4048172831535339,0.4532813727855682,3.5995635986328125,3.2609100341796875,Fixation,1037.7318187309072,672.182918402008,256.0,11.0,True,18,image,,9.0
1976.0,1028.2954406738281,686.9307231903076,0.3853763043880462,0.4395725429058075,0.4016779065132141,0.4770352244377136,3.58319091796875,3.3197784423828125,Fixation,1037.7318187309072,672.182918402008,256.0,11.0,True,18,image,,9.0
1980.0,1028.5617828369138,680.8651542663573,0.3883823454380035,0.4350367784500122,0.4017819464206695,0.4728230237960815,3.5580596923828125,3.3028106689453125,Fixation,1037.7318187309072,672.182918402008,256.0,11.0,True,18,image,,9.0
1984.0,1048.572006225586,672.5339555740355,0.3934728503227234,0.4346412122249603,0.4095984399318695,0.4670374691486358,3.568954467773437,3.267074584960937,Fixation,1037.7318187309072,672.182918402008,256.0,11.0,True,18,image,,9.0
1988.0,1033.2806396484375,704.5605182647705,0.3884657621383667,0.4364233613014221,0.4036252498626709,0.4892781376838684,3.557601928710937,3.31585693359375,Fixation,1037.7318187309072,672.182918402008,256.0,11.0,True,18,image,,9.0
1992.0,1039.262924194336,679.052538871765,0.3888481557369232,0.4421229958534241,0.4059620797634125,0.4715642631053924,3.569610595703125,3.3033447265625,Fixation,1037.7318187309072,672.182918402008,256.0,11.0,True,18,image,,9.0
1996.0,1043.6160278320312,660.0879907608031,0.3907761871814728,0.4380424618721008,0.4076625108718872,0.4583944380283355,3.573104858398437,3.2350006103515625,Fixation,1037.7318187309072,672.182918402008,256.0,11.0,True,18,image,,9.0
2000.0,1027.035140991211,685.3135013580322,0.3886878192424774,0.433411955833435,0.4011856019496918,0.4759121537208557,3.5565948486328125,3.286163330078125,Fixation,1037.7318187309072,672.182918402008,256.0,11.0,True,18,image,,9.0
2004.0,1036.1126708984373,655.3765296936034,0.3894482851028442,0.4512259662151336,0.4047315120697021,0.4551225900650024,3.60198974609375,3.272445678710937,Fixation,1037.7318187309072,672.182918402008,256.0,11.0,True,18,image,,9.0
2008.0,1039.8517608642578,661.52286529541,0.3844550848007202,0.439883291721344,0.4061920940876007,0.4593908786773681,3.5415496826171875,3.2617645263671875,Fixation,1037.7318187309072,672.182918402008,256.0,11.0,True,18,image,,9.0
2012.0,1031.5429687499998,677.0774888992308,0.3917156457901001,0.4343985617160797,0.4029464721679687,0.4701927006244659,3.5347137451171875,3.2733612060546875,Fixation,1037.7318187309072,672.182918402008,256.0,11.0,True,18,image,,9.0
2016.0,1030.2030944824216,678.1131649017334,0.390838474035263,0.4413221180438995,0.402423083782196,0.4709119200706482,3.5518951416015625,3.26702880859375,Fixation,1037.7318187309072,672.182918402008,256.0,11.0,True,18,image,,9.0
2020.0,1031.079864501953,660.6128883361816,0.3878452181816101,0.4456484317779541,0.4027655720710754,0.4587589502334595,3.555877685546875,3.26568603515625,Fixation,1037.7318187309072,672.182918402008,256.0,11.0,True,18,image,,9.0
2024.0,1035.1995086669922,658.1003665924071,0.3917350172996521,0.4423134326934814,0.4043748080730438,0.4570141434669494,3.562347412109375,3.2587890625,Fixation,1037.7318187309072,672.182918402008,256.0,11.0,True,18,image,,9.0
2028.0,1034.9225616455078,670.2945470809935,0.3910175561904907,0.4459337890148163,0.4042666256427765,0.4654823243618011,3.556427001953125,3.258331298828125,Fixation,1037.7318187309072,672.182918402008,256.0,11.0,True,18,image,,9.0
2032.0,1041.3188934326172,687.923698425293,0.3918476104736328,0.4380423426628113,0.4067651927471161,0.4777247905731201,3.544647216796875,3.281768798828125,Fixation,1037.7318187309072,672.182918402008,256.0,11.0,True,18,image,,9.0
2036.0,1035.3705596923826,677.062726020813,0.388029396533966,0.4515130221843719,0.404441624879837,0.4701824486255646,3.57379150390625,3.2783203125,Fixation,1037.7318187309072,672.182918402008,256.0,11.0,True,18,image,,9.0
2040.0,1028.4889221191406,696.6581296920776,0.390312522649765,0.451611191034317,0.4017534852027893,0.4837903678417206,3.568878173828125,3.2935791015625,Fixation,1037.7318187309072,672.182918402008,256.0,11.0,True,18,image,,9.0
2044.0,1030.830307006836,706.0292100906372,0.3880948424339294,0.4404313862323761,0.4026680886745453,0.4902980625629425,3.5288543701171875,3.295196533203125,Fixation,1037.7318187309072,672.182918402008,256.0,11.0,True,18,image,,9.0
2048.0,1045.6678009033203,676.3744068145751,0.3864811956882477,0.4567713439464569,0.4084639847278595,0.4697044491767883,3.57647705078125,3.2492828369140625,Fixation,1037.7318187309072,672.182918402008,256.0,11.0,True,18,image,,9.0
2052.0,1036.5677642822263,688.0925703048706,0.390232503414154,0.4447503983974457,0.4049092829227447,0.4778420627117157,3.5641021728515625,3.280120849609375,Fixation,1037.7318187309072,672.182918402008,256.0,11.0,True,18,image,,9.0
2056.0,1047.3600006103516,662.5616312026976,0.3917669355869293,0.4392057657241821,0.4091250002384186,0.4601122438907623,3.55126953125,3.2528228759765625,Fixation,1037.7318187309072,672.182918402008,256.0,11.0,True,18,image,,9.0
2060.0,1024.3148040771484,749.7980976104736,0.3937124907970428,0.4426924884319305,0.4001229703426361,0.5206931233406067,3.5513916015625,3.360198974609375,Saccade,,,,0.0,False,19,,,
2064.0,1024.6198272705078,725.6244850158691,0.3917952477931976,0.4560224115848541,0.4002421200275421,0.5039058923721313,3.5687255859375,3.323486328125,Saccade,,,,0.0,False,19,,,
2068.0,1048.5198974609375,699.9719238281249,0.3878741264343261,0.4421399533748626,0.4095780849456787,0.4860916137695312,3.527252197265625,3.28057861328125,Saccade,,,,0.0,False,19,,,
2072.0,1045.9912872314453,665.4837369918823,0.3850652873516083,0.4484982788562774,0.4085903465747833,0.4621414840221405,3.55389404296875,3.252044677734375,Saccade,,,,0.0,False,19,,,
2076.0,1032.2024536132812,690.7824611663817,0.3910257816314697,0.4396748840808868,0.403204083442688,0.479710042476654,3.523162841796875,3.2894287109375,Saccade,,,,0.0,False,19,,,
2080.0,1043.3438873291016,652.7562046051024,0.3888631761074066,0.4448682963848114,0.4075562059879303,0.4533029198646545,3.5120849609375,3.235626220703125,Saccade,,,,0.0,False,19,,,
2084.0,1041.7787170410154,680.049204826355,0.3893343806266784,0.4581681191921234,0.4069448113441467,0.4722563922405243,3.5746002197265625,3.2573699951171875,Saccade,,,,0.0,False,19,,,
2088.0,1029.1864013671875,703.3408212661743,0.388006716966629,0.4486037790775299,0.4020259380340576,0.4884311258792877,3.539215087890625,3.2821197509765625,Saccade,,,,0.0,False,19,,,
2092.0,1040.0547790527341,668.3363199234009,0.391766607761383,0.4509540498256683,0.4062713980674743,0.4641224443912506,3.5298614501953125,3.227142333984375,Saccade,,,,0.0,False,19,,,
2096.0,1047.2127532958984,665.1309299468993,0.3880402445793152,0.4548766016960144,0.4090674817562103,0.4618964791297912,3.5487823486328125,3.232208251953125,Saccade,,,,0.0,False,19,,,
2100.0,1053.899002075195,648.5502433776855,0.3924797475337982,0.4492287039756775,0.4116792976856231,0.4503821134567261,3.5227813720703125,3.204940795898437,Fixation,1037.7318187309072,672.182918402008,256.0,11.0,True,20,image,,9.0
2104.0,1055.1456451416016,648.8189363479613,0.3906696140766144,0.4495416581630707,0.4121662676334381,0.4505687057971954,3.523162841796875,3.1974639892578125,Fixation,1037.7318187309072,672.182918402008,256.0,11.0,True,20,image,,9.0
2108.0,1050.4625701904297,664.1374397277832,0.3900694251060486,0.447858452796936,0.4103369414806366,0.4612065553665161,3.5361785888671875,3.235107421875,Fixation,1037.7318187309072,672.182918402008,256.0,11.0,True,20,image,,9.0
2112.0,1028.3048248291016,680.4599046707152,0.391826331615448,0.4492159485816955,0.4016815721988678,0.4725416004657745,3.5376739501953125,3.2489166259765625,Fixation,1037.7318187309072,672.182918402008,256.0,11.0,True,20,image,,9.0
2116.0,1041.4836120605469,658.2037496566772,0.3902848958969116,0.4470393359661102,0.4068295359611511,0.4570859372615814,3.5391387939453125,3.216903686523437,Fixation,1037.7318187309072,672.182918402008,256.0,11.0,True,20,image,,9.0
2120.0,1028.5174560546875,668.3724975585936,0.3877557814121246,0.4492781162261963,0.4017646312713623,0.4641475677490234,3.5179595947265625,3.233306884765625,Fixation,1037.7318187309072,672.182918402008,256.0,11.0,True,20,image,,9.0
2124.0,1023.2166290283203,699.2431354522705,0.3887503445148468,0.4421634674072265,0.3996939957141876,0.4855855107307434,3.50836181640625,3.289215087890625,Fixation,1037.7318187309072,672.182918402008,256.0,11.0,True,20,image,,9.0
2128.0,1036.5650177001953,666.2976694107055,0.3896439373493194,0.4477599561214447,0.4049082100391388,0.4627067148685455,3.545562744140625,3.2224884033203125,Fixation,1037.7318187309072,672.182918402008,256.0,11.0,True,20,image,,9.0
2132.0,1031.9936370849607,689.1192340850829,0.3918322026729584,0.4516120553016662,0.4031225144863128,0.4785550236701965,3.5240936279296875,3.275238037109375,Fixation,1037.7318187309072,672.182918402008,256.0,11.0,True,20,image,,9.0
2136.0,1044.9131774902344,636.3048219680786,0.3884814381599426,0.4561945796012878,0.4081692099571228,0.4418783485889435,3.531478881835937,3.19775390625,Fixation,1037.7318187309072,672.182918402008,256.0,11.0,True,20,image,,9.0
2140.0,1039.3355560302732,672.0312023162842,0.3898143172264099,0.4358978569507599,0.4059904515743255,0.466688334941864,3.5050506591796875,3.239410400390625,Fixation,1037.7318187309072,672.182918402008,256.0,11.0,True,20,image,,9.0
2144.0,1040.409469604492,665.5254507064818,0.3890978395938873,0.4438427686691284,0.4064099490642547,0.4621704518795013,3.5125274658203125,3.233734130859375,Fixation,1037.7318187309072,672.182918402008,256.0,11.0,True,20,image,,9.0
2148.0,1049.6875,643.2632875442504,0.3869009613990783,0.4486454427242279,0.4100341796875,0.4467106163501739,3.526107788085937,3.1896514892578125,Fixation,1037.7318187309072,672.182918402008,256.0,11.0,True,20,image,,9.0
2152.0,1055.84114074707,653.0107355117797,0.3892901837825775,0.4436642825603485,0.4124379456043243,0.4534796774387359,3.5132293701171875,3.20086669921875,Fixation,1037.7318187309072,672.182918402008,256.0,11.0,True,20,image,,9.0
2156.0,1040.4068756103516,678.4648990631102,0.3938391208648681,0.4506525695323944,0.4064089357852936,0.4711561799049377,3.5319976806640625,3.234649658203125,Fixation,1037.7318187309072,672.182918402008,256.0,11.0,True,20,image,,9.0
2160.0,1045.8658599853513,666.8830347061157,0.3926585912704468,0.4439414441585541,0.4085413515567779,0.4631132185459137,3.517425537109375,3.2347412109375,Fixation,1037.7318187309072,672.182918402008,256.0,11.0,True,20,image,,9.0
2164.0,1040.2884674072266,681.1831998825072,0.3830062747001648,0.4535866677761078,0.4063626825809479,0.4730438888072967,3.531600952148437,3.25762939453125,Fixation,1037.7318187309072,672.182918402008,256.0,11.0,True,20,image,,9.0
2168.0,1048.7107849121094,669.4098472595215,0.390781044960022,0.4429314732551574,0.4096526503562927,0.4648679494857788,3.5158233642578125,3.217269897460937,Fixation,1037.7318187309072,672.182918402008,256.0,11.0,True,20,image,,9.0
2172.0,1048.466796875,681.9221591949463,0.385971188545227,0.4402003288269043,0.4095573425292969,0.4735570549964905,3.507659912109375,3.2489471435546875,Fixation,1037.7318187309072,672.182918402008,256.0,11.0,True,20,image,,9.0
2176.0,1043.5577392578125,676.5252113342285,0.3852708041667938,0.4458290040493011,0.407639741897583,0.4698091745376587,3.513885498046875,3.2367095947265625,Fixation,1037.7318187309072,672.182918402008,256.0,11.0,True,20,image,,9.0
2180.0,1042.1140289306638,673.9171600341796,0.3869577646255493,0.4363681674003601,0.4070757925510406,0.4679980278015136,3.51104736328125,3.2239227294921875,Fixation,1037.7318187309072,672.182918402008,256.0,11.0,True,20,image,,9.0
2184.0,1043.0580139160156,658.3220672607422,0.388924777507782,0.4374123513698578,0.4074445366859436,0.4571681022644043,3.512680053710937,3.19818115234375,Fixation,1037.7318187309072,672.182918402008,256.0,11.0,True,20,image,,9.0
2188.0,1039.2338562011716,655.8464097976685,0.3856709599494934,0.4424095749855041,0.4059507250785827,0.4554488956928253,3.511703491210937,3.195831298828125,Fixation,1037.7318187309072,672.182918402008,256.0,11.0,True,20,image,,9.0
2192.0,1045.543212890625,672.6696109771727,0.3888312578201294,0.4450337886810303,0.4084153175354004,0.4671316742897033,3.5179901123046875,3.198760986328125,Fixation,1037.7318187309072,672.182918402008,256.0,11.0,True,20,image,,9.0
2196.0,1030.397033691406,680.7943439483641,0.3898713290691376,0.4347693622112274,0.4024988412857055,0.4727738499641418,3.501083374023437,3.2376708984375,Fixation,1037.7318187309072,672.182918402008,256.0,11.0,True,20,image,,9.0
2200.0,1038.9186096191406,655.4863071441649,0.389705628156662,0.4467054903507232,0.4058275818824768,0.4551988244056701,3.523101806640625,3.203887939453125,Fixation,1037.7318187309072,672.182918402008,256.0,11.0,True,20,image,,9.0
2204.0,1022.6373291015624,672.5872564315796,0.3896651864051819,0.4406168460845947,0.3994677066802978,0.4670744836330414,3.4936981201171875,3.22698974609375,Fixation,1037.7318187309072,672.182918402008,256.0,11.0,True,20,image,,9.0
2208.0,1037.705307006836,677.5812292098999,0.3908052444458008,0.4473053216934204,0.4053536355495453,0.4705425202846527,3.51080322265625,3.220550537109375,Fixation,1037.7318187309072,672.182918402008,256.0,11.0,True,20,image,,9.0
2212.0,1051.9599151611328,660.5117797851561,0.3998819589614868,0.4355712532997131,0.4109218418598175,0.458688735961914,3.516754150390625,3.2139434814453125,Fixation,1037.7318187309072,672.182918402008,256.0,11.0,True,20,image,,9.0
2216.0,1108.5328674316406,653.719868659973,0.408137172460556,0.4398131370544433,0.4330206513404846,0.4539721310138702,3.5015106201171875,3.2423553466796875,Fixation,1120.177734375,652.3832759857178,176.0,12.0,True,21,image,,9.0
2220.0,1139.3833923339841,659.5486736297607,0.418034553527832,0.4178656935691833,0.4450716376304626,0.4580199122428894,3.45159912109375,3.2233428955078125,Fixation,1120.177734375,652.3832759857178,176.0,12.0,True,21,image,,9.0
2224.0,1141.2370300292969,660.8194398880004,0.4212386608123779,0.4369441568851471,0.4457957148551941,0.4589023888111114,3.491912841796875,3.209442138671875,Fixation,1120.177734375,652.3832759857178,176.0,12.0,True,21,image,,9.0
2228.0,1130.5826568603513,642.4859189987181,0.4164113104343414,0.4487466514110565,0.4416338503360748,0.4461707770824432,3.533432006835937,3.181869506835937,Fixation,1120.177734375,652.3832759857178,176.0,12.0,True,21,image,,9.0
2232.0,1113.8514709472654,662.9940032958983,0.416113942861557,0.4416731595993042,0.4350982308387756,0.4604125022888183,3.514190673828125,3.2197265625,Fixation,1120.177734375,652.3832759857178,176.0,12.0,True,21,image,,9.0
2236.0,1110.9596252441404,643.945083618164,0.4168906807899475,0.4460406303405761,0.4339686036109924,0.4471840858459472,3.5200958251953125,3.2147979736328125,Fixation,1120.177734375,652.3832759857178,176.0,12.0,True,21,image,,9.0
2240.0,1120.5142974853513,647.1266984939574,0.4163086712360382,0.445642739534378,0.4377008974552154,0.4493935406208038,3.51873779296875,3.205535888671875,Fixation,1120.177734375,652.3832759857178,176.0,12.0,True,21,image,,9.0
2244.0,1125.3195953369138,634.1352796554564,0.4108994603157043,0.4518153369426727,0.439577966928482,0.4403717219829559,3.514495849609375,3.1845703125,Fixation,1120.177734375,652.3832759857178,176.0,12.0,True,21,image,,9.0
2248.0,1112.5434875488281,645.1425504684447,0.4131856560707092,0.4485329985618591,0.434587299823761,0.4480156600475311,3.518295288085937,3.20599365234375,Fixation,1120.177734375,652.3832759857178,176.0,12.0,True,21,image,,9.0
2252.0,1130.4495239257812,639.817271232605,0.417519599199295,0.4526973068714142,0.4415818452835083,0.4443175494670868,3.5382843017578125,3.1970672607421875,Fixation,1120.177734375,652.3832759857178,176.0,12.0,True,21,image,,9.0
2256.0,1129.9686431884763,638.7677335739136,0.4158076047897339,0.4386766254901886,0.4413940012454986,0.4435887038707733,3.5046539306640625,3.1888580322265625,Fixation,1120.177734375,652.3832759857178,176.0,12.0,True,21,image,,9.0
2260.0,1121.985855102539,633.9589405059814,0.4167703688144684,0.4445443153381347,0.4382757246494293,0.4402492642402649,3.491485595703125,3.181427001953125,Fixation,1120.177734375,652.3832759857178,176.0,12.0,True,21,image,,9.0
2264.0,1133.8043975830078,642.6434183120728,0.4154224991798401,0.4342005848884582,0.4428923428058624,0.4462801516056061,3.502426147460937,3.1870574951171875,Fixation,1120.177734375,652.3832759857178,176.0,12.0,True,21,image,,9.0
2268.0,1120.375518798828,641.4279699325562,0.412289410829544,0.4361989200115204,0.4376466870307922,0.4454360902309418,3.47393798828125,3.1943511962890625,Fixation,1120.177734375,652.3832759857178,176.0,12.0,True,21,image,,9.0
2272.0,1118.358154296875,647.0106554031372,0.4139682650566101,0.4506489932537079,0.4368586540222168,0.4493129551410675,3.516098022460937,3.1824951171875,Fixation,1120.177734375,652.3832759857178,176.0,12.0,True,21,image,,9.0
2276.0,1131.090393066406,639.6873664855956,0.4158191084861755,0.4364276826381683,0.4418321847915649,0.4442273378372192,3.48883056640625,3.188201904296875,Fixation,1120.177734375,652.3832759857178,176.0,12.0,True,21,image,,9.0
2280.0,1125.8566284179685,654.0758943557738,0.4166655242443084,0.4343861043453216,0.439787745475769,0.4542193710803985,3.491195678710937,3.224761962890625,Fixation,1120.177734375,652.3832759857178,176.0,12.0,True,21,image,,9.0
2284.0,1116.8377685546875,654.4114065170287,0.4161912798881531,0.4483795464038849,0.4362647533416748,0.4544523656368255,3.52215576171875,3.2204742431640625,Fixation,1120.177734375,652.3832759857178,176.0,12.0,True,21,image,,9.0
2288.0,1133.8045501708984,645.3640794754028,0.4140913188457489,0.4424112439155578,0.4428924024105072,0.4481694996356964,3.481185913085937,3.193099975585937,Fixation,1120.177734375,652.3832759857178,176.0,12.0,True,21,image,,9.0
2292.0,1119.5656585693357,633.7283563613892,0.4158019423484802,0.441379189491272,0.4373303353786468,0.4400891363620758,3.4928436279296875,3.1923980712890625,Fixation,1120.177734375,652.3832759857178,176.0,12.0,True,21,image,,9.0
2296.0,1120.7645416259766,651.7706537246704,0.4170210659503937,0.4345027208328247,0.4377986490726471,0.4526185095310211,3.51104736328125,3.21533203125,Fixation,1120.177734375,652.3832759857178,176.0,12.0,True,21,image,,9.0
2300.0,1129.3489837646484,671.3323259353638,0.415333092212677,0.4436341822147369,0.4411519467830658,0.4662030041217804,3.507919311523437,3.2177886962890625,Fixation,1120.177734375,652.3832759857178,176.0,12.0,True,21,image,,9.0
2304.0,1120.5123138427734,642.6008462905884,0.4148196280002594,0.4408419728279114,0.4377001225948334,0.4462505877017975,3.500244140625,3.1793212890625,Fixation,1120.177734375,652.3832759857178,176.0,12.0,True,21,image,,9.0
2308.0,1126.373596191406,655.2801847457885,0.4164681136608124,0.4570445418357849,0.439989686012268,0.455055683851242,3.540771484375,3.196868896484375,Fixation,1120.177734375,652.3832759857178,176.0,12.0,True,21,image,,9.0
2312.0,1117.4071502685547,644.1104793548583,0.4125295877456665,0.434276133775711,0.4364871680736542,0.4472989439964294,3.4853668212890625,3.2001953125,Fixation,1120.177734375,652.3832759857178,176.0,12.0,True,21,image,,9.0
2316.0,1110.8946990966797,645.2070093154906,0.4154099225997925,0.43728768825531,0.4339432418346405,0.4480604231357574,3.498931884765625,3.2096099853515625,Fixation,1120.177734375,652.3832759857178,176.0,12.0,True,21,image,,9.0
2320.0,1120.901184082031,676.0363197326659,0.4166094064712524,0.4434252381324768,0.4378520250320434,0.469469666481018,3.516326904296875,3.2412872314453125,Fixation,1120.177734375,652.3832759857178,176.0,12.0,True,21,image,,9.0
2324.0,1112.09846496582,676.4662027359009,0.4156076312065124,0.4401423037052154,0.4344134628772735,0.4697681963443756,3.516693115234375,3.222152709960937,Fixation,1120.177734375,652.3832759857178,176.0,12.0,True,21,image,,9.0
2328.0,1105.3694152832031,651.8474292755127,0.4168080687522888,0.4406823217868805,0.4317849278450012,0.4526718258857727,3.5142059326171875,3.19268798828125,Fixation,1120.177734375,652.3832759857178,176.0,12.0,True,21,image,,9.0
2332.0,1115.3385162353516,650.1656627655029,0.4134441316127777,0.4369180500507355,0.4356791079044342,0.4515039324760437,3.4829864501953125,3.187896728515625,Fixation,1120.177734375,652.3832759857178,176.0,12.0,True,21,image,,9.0
2336.0,1123.3876800537107,655.8176136016846,0.41671884059906,0.4423860609531402,0.4388233125209808,0.4554288983345032,3.524658203125,3.1907196044921875,Fixation,1120.177734375,652.3832759857178,176.0,12.0,True,21,image,,9.0
2340.0,1114.7033691406248,651.8136548995972,0.4153592586517334,0.4416650533676147,0.4354310035705566,0.4526483714580536,3.4981842041015625,3.17657470703125,Fixation,1120.177734375,652.3832759857178,176.0,12.0,True,21,image,,9.0
2344.0,1113.1805419921873,651.939525604248,0.4164791107177734,0.4513516724109649,0.4348361492156982,0.4527357816696167,3.526763916015625,3.177642822265625,Fixation,1120.177734375,652.3832759857178,176.0,12.0,True,21,image,,9.0
2348.0,1116.5674591064453,667.0390319824218,0.4168694317340851,0.4354479014873504,0.4361591637134552,0.4632215499877929,3.4839324951171875,3.208831787109375,Fixation,1120.177734375,652.3832759857178,176.0,12.0,True,21,image,,9.0
2352.0,1115.4584503173826,646.4388942718505,0.4134410321712494,0.4397359788417816,0.4357259571552276,0.4489158987998962,3.4956817626953125,3.177841186523437,Fixation,1120.177734375,652.3832759857178,176.0,12.0,True,21,image,,9.0
2356.0,1127.1058654785154,653.1262207031249,0.4148813188076019,0.4437830746173858,0.4402757287025451,0.4535598754882812,3.512069702148437,3.1840057373046875,Fixation,1120.177734375,652.3832759857178,176.0,12.0,True,21,image,,9.0
2360.0,1117.2445678710938,659.2307138442992,0.4146714806556701,0.4374983608722687,0.436423659324646,0.4577991068363189,3.4895172119140625,3.207275390625,Fixation,1120.177734375,652.3832759857178,176.0,12.0,True,21,image,,9.0
2364.0,1111.3791656494138,654.0212631225586,0.4179698526859283,0.432454913854599,0.4341324865818023,0.454181432723999,3.48150634765625,3.187240600585937,Fixation,1120.177734375,652.3832759857178,176.0,12.0,True,21,image,,9.0
2368.0,1114.675064086914,657.5273180007933,0.4167367219924927,0.4394440352916717,0.4354199469089508,0.4566161930561065,3.4996490478515625,3.2015838623046875,Fixation,1120.177734375,652.3832759857178,176.0,12.0,True,21,image,,9.0
2372.0,1105.356750488281,661.4554023742676,0.4155219793319702,0.4431352317333221,0.4317799806594848,0.4593440294265747,3.497421264648437,3.1941680908203125,Fixation,1120.177734375,652.3832759857178,176.0,12.0,True,21,image,,9.0
2376.0,1095.9613037109373,659.2302846908569,0.4174149334430694,0.4449589848518371,0.4281098842620849,0.4577988088130951,3.519805908203125,3.190902709960937,Fixation,1120.177734375,652.3832759857178,176.0,12.0,True,21,image,,9.0
2380.0,1112.9154205322266,664.5073699951171,0.4195726811885834,0.4493652880191803,0.434732586145401,0.461463451385498,3.5354461669921875,3.211883544921875,Fixation,1120.177734375,652.3832759857178,176.0,12.0,True,21,image,,9.0
2384.0,1114.7941589355469,671.6348791122435,0.4180039763450622,0.4384845197200775,0.435466468334198,0.4664131104946136,3.4955596923828125,3.19085693359375,Fixation,1120.177734375,652.3832759857178,176.0,12.0,True,21,image,,9.0
2388.0,1119.7298431396482,669.661202430725,0.4148015677928924,0.4423598945140838,0.4373944699764251,0.4650425016880035,3.50341796875,3.2111968994140625,Fixation,1120.177734375,652.3832759857178,176.0,12.0,True,21,image,,9.0
2392.0,1141.5080261230469,648.1763219833374,0.4210566878318786,0.4525983035564422,0.4459015727043152,0.4501224458217621,3.5317535400390625,3.17596435546875,Fixation,1120.177734375,652.3832759857178,176.0,12.0,True,21,image,,9.0
2396.0,1189.3107604980466,657.8221893310547,0.4389735162258148,0.4476848840713501,0.4645745158195495,0.4568209648132324,3.48797607421875,3.20440673828125,Saccade,,,,0.0,False,22,,,
2400.0,1262.8253936767578,673.0103158950806,0.470842182636261,0.4666644334793091,0.4932911694049835,0.4673682749271393,3.501373291015625,3.18914794921875,Saccade,,,,0.0,False,22,,,
2404.0,1324.2672729492188,711.7256212234496,0.48713219165802,0.4899260103702545,0.5172919034957886,0.4942539036273956,3.519561767578125,3.2017822265625,Saccade,,,,0.0,False,22,,,
2408.0,1394.4354248046875,722.9946327209473,0.5081996917724609,0.5046407580375671,0.544701337814331,0.5020796060562134,3.54168701171875,3.1876983642578125,Saccade,,,,0.0,False,22,,,
2412.0,1425.2088928222656,703.15598487854,0.5259022116661072,0.4933478832244873,0.5567222237586975,0.4883027672767639,3.5023193359375,3.17010498046875,Saccade,,,,0.0,False,22,,,
2416.0,1464.8295593261719,726.370439529419,0.5478097796440125,0.5110030770301819,0.5721990466117859,0.5044239163398743,3.592269897460937,3.20941162109375,Fixation,1442.8915753280908,724.5987559619703,452.0,13.0,True,23,image,,9.0
2420.0,1469.5808410644531,721.5905284881592,0.555107593536377,0.5131362676620483,0.574055016040802,0.5011045336723328,3.5448760986328125,3.1875762939453125,Fixation,1442.8915753280908,724.5987559619703,452.0,13.0,True,23,image,,9.0
2424.0,1449.285888671875,726.7236328125,0.5535584688186646,0.5133509039878845,0.5661273002624512,0.504669189453125,3.5445709228515625,3.16424560546875,Fixation,1442.8915753280908,724.5987559619703,452.0,13.0,True,23,image,,9.0
2428.0,1437.3269653320312,716.0442352294922,0.5485454201698303,0.5076822638511658,0.5614558458328247,0.4972529411315918,3.5159149169921875,3.1563720703125,Fixation,1442.8915753280908,724.5987559619703,452.0,13.0,True,23,image,,9.0
2432.0,1432.4832153320312,748.0941867828369,0.5462655425071716,0.5111958384513855,0.5595637559890747,0.5195098519325256,3.5347900390625,3.210601806640625,Fixation,1442.8915753280908,724.5987559619703,452.0,13.0,True,23,image,,9.0
2436.0,1432.2401428222656,727.5179958343506,0.544008195400238,0.5072808265686035,0.5594688057899475,0.5052208304405212,3.519149780273437,3.163314819335937,Fixation,1442.8915753280908,724.5987559619703,452.0,13.0,True,23,image,,9.0
2440.0,1430.9228515625,731.8551921844482,0.5485914945602417,0.5074100494384766,0.5589542388916016,0.5082327723503113,3.53466796875,3.1699676513671875,Fixation,1442.8915753280908,724.5987559619703,452.0,13.0,True,23,image,,9.0
2444.0,1446.4041137695312,728.1954574584961,0.5500974059104919,0.5174593329429626,0.5650016069412231,0.5056912899017334,3.532333374023437,3.16943359375,Fixation,1442.8915753280908,724.5987559619703,452.0,13.0,True,23,image,,9.0
2448.0,1427.7023315429688,722.6772308349609,0.5450505614280701,0.5101977586746216,0.5576962232589722,0.501859188079834,3.5320281982421875,3.1781463623046875,Fixation,1442.8915753280908,724.5987559619703,452.0,13.0,True,23,image,,9.0
2452.0,1440.3041076660156,735.9410762786865,0.5484731793403625,0.522442638874054,0.5626187920570374,0.511070191860199,3.56634521484375,3.18072509765625,Fixation,1442.8915753280908,724.5987559619703,452.0,13.0,True,23,image,,9.0
2456.0,1435.0018310546875,710.2826356887816,0.5466967225074768,0.5105767250061035,0.5605475902557373,0.4932518303394317,3.5128936767578125,3.163116455078125,Fixation,1442.8915753280908,724.5987559619703,452.0,13.0,True,23,image,,9.0
2460.0,1433.3473205566406,727.2055721282959,0.5433222651481628,0.5096347332000732,0.5599012970924377,0.5050038695335388,3.5251922607421875,3.1809234619140625,Fixation,1442.8915753280908,724.5987559619703,452.0,13.0,True,23,image,,9.0
2464.0,1450.4705810546875,711.7159223556519,0.5485118627548218,0.5190509557723999,0.5665900707244873,0.494247168302536,3.5399932861328125,3.169525146484375,Fixation,1442.8915753280908,724.5987559619703,452.0,13.0,True,23,image,,9.0
2468.0,1437.52197265625,712.3380231857299,0.5446366667747498,0.5171195268630981,0.5615320205688477,0.494679182767868,3.525177001953125,3.163238525390625,Fixation,1442.8915753280908,724.5987559619703,452.0,13.0,True,23,image,,9.0
2472.0,1432.1961975097656,731.614179611206,0.5470570921897888,0.514444887638092,0.5594516396522522,0.508065402507782,3.529022216796875,3.1754608154296875,Fixation,1442.8915753280908,724.5987559619703,452.0,13.0,True,23,image,,9.0
2476.0,1431.3185119628906,715.4971075057982,0.5450726747512817,0.5148382782936096,0.5591087937355042,0.496872991323471,3.532821655273437,3.154510498046875,Fixation,1442.8915753280908,724.5987559619703,452.0,13.0,True,23,image,,9.0
2480.0,1439.9198913574219,737.287073135376,0.5540558695793152,0.5237662196159363,0.5624687075614929,0.5120049118995667,3.5487823486328125,3.166976928710937,Fixation,1442.8915753280908,724.5987559619703,452.0,13.0,True,23,image,,9.0
2484.0,1435.4328918457031,719.8970890045166,0.5546174645423889,0.5184467434883118,0.5607159733772278,0.4999285340309143,3.5452880859375,3.16009521484375,Fixation,1442.8915753280908,724.5987559619703,452.0,13.0,True,23,image,,9.0
2488.0,1446.29638671875,732.969446182251,0.5459136366844177,0.5157073736190796,0.5649595260620117,0.5090065598487854,3.529571533203125,3.1621551513671875,Fixation,1442.8915753280908,724.5987559619703,452.0,13.0,True,23,image,,9.0
2492.0,1437.9779052734375,712.5620412826538,0.5509204864501953,0.5229544639587402,0.5617101192474365,0.4948347508907318,3.55194091796875,3.153915405273437,Fixation,1442.8915753280908,724.5987559619703,452.0,13.0,True,23,image,,9.0
2496.0,1437.6994323730469,718.1520652770995,0.5468308329582214,0.5198248624801636,0.5616013407707214,0.4987167119979858,3.5167694091796875,3.1455078125,Fixation,1442.8915753280908,724.5987559619703,452.0,13.0,True,23,image,,9.0
2500.0,1443.0592346191406,723.0263042449951,0.5493026971817017,0.5279351472854614,0.5636950135231018,0.5021016001701355,3.531478881835937,3.156219482421875,Fixation,1442.8915753280908,724.5987559619703,452.0,13.0,True,23,image,,9.0
2504.0,1446.2628173828125,718.4526014328002,0.5472555160522461,0.5105553865432739,0.5649464130401611,0.4989254176616668,3.492767333984375,3.156463623046875,Fixation,1442.8915753280908,724.5987559619703,452.0,13.0,True,23,image,,9.0
2508.0,1455.2911376953125,736.9216918945312,0.5542017817497253,0.5265647172927856,0.5684731006622314,0.5117511749267578,3.5377655029296875,3.152862548828125,Fixation,1442.8915753280908,724.5987559619703,452.0,13.0,True,23,image,,9.0
2512.0,1446.3948059082031,740.7137775421143,0.55306476354599,0.5120508670806885,0.5649979710578918,0.5143845677375793,3.505523681640625,3.162689208984375,Fixation,1442.8915753280908,724.5987559619703,452.0,13.0,True,23,image,,9.0
2516.0,1454.5370483398438,726.875467300415,0.5581056475639343,0.5320093631744385,0.5681785345077515,0.5047746300697327,3.5695343017578125,3.131134033203125,Fixation,1442.8915753280908,724.5987559619703,452.0,13.0,True,23,image,,9.0
2520.0,1448.1430053710938,754.108772277832,0.5540301203727722,0.5142627358436584,0.5656808614730835,0.5236866474151611,3.5299224853515625,3.180892944335937,Fixation,1442.8915753280908,724.5987559619703,452.0,13.0,True,23,image,,9.0
2524.0,1452.2666931152344,710.5724430084227,0.5558831691741943,0.5025408864021301,0.5672916769981384,0.4934530854225158,3.483551025390625,3.1398162841796875,Fixation,1442.8915753280908,724.5987559619703,452.0,13.0,True,23,image,,9.0
2528.0,1444.1781616210938,728.3235168457031,0.557899534702301,0.500760018825531,0.5641320943832397,0.5057802200317383,3.503753662109375,3.1598663330078125,Fixation,1442.8915753280908,724.5987559619703,452.0,13.0,True,23,image,,9.0
2532.0,1448.8113403320312,729.792594909668,0.5576432347297668,0.5200088024139404,0.5659419298171997,0.5068004131317139,3.531845092773437,3.160263061523437,Fixation,1442.8915753280908,724.5987559619703,452.0,13.0,True,23,image,,9.0
2536.0,1435.1274108886719,725.652379989624,0.5538321733474731,0.5215075016021729,0.5605966448783875,0.5039252638816833,3.5454864501953125,3.14410400390625,Fixation,1442.8915753280908,724.5987559619703,452.0,13.0,True,23,image,,9.0
2540.0,1442.0301818847656,725.6017398834229,0.5548501014709473,0.5147491097450256,0.5632930397987366,0.5038900971412659,3.53662109375,3.148101806640625,Fixation,1442.8915753280908,724.5987559619703,452.0,13.0,True,23,image,,9.0
2544.0,1440.5918884277344,719.8046064376831,0.5501513481140137,0.5175567269325256,0.5627312064170837,0.4998643100261688,3.541244506835937,3.152008056640625,Fixation,1442.8915753280908,724.5987559619703,452.0,13.0,True,23,image,,9.0
2548.0,1438.2322692871094,704.8768901824951,0.5469311475753784,0.494252473115921,0.5618094801902771,0.4894978404045105,3.47467041015625,3.138275146484375,Fixation,1442.8915753280908,724.5987559619703,452.0,13.0,True,23,image,,9.0
2552.0,1448.4107971191406,726.8411350250244,0.5539060831069946,0.524003803730011,0.5657854676246643,0.5047507882118225,3.5726776123046875,3.1511383056640625,Fixation,1442.8915753280908,724.5987559619703,452.0,13.0,True,23,image,,9.0
2556.0,1435.3158569335938,709.3108177185059,0.547414243221283,0.4937487840652466,0.5606702566146851,0.4925769567489624,3.4710845947265625,3.131942749023437,Fixation,1442.8915753280908,724.5987559619703,452.0,13.0,True,23,image,,9.0
2560.0,1440.8357238769531,729.5916652679443,0.5539138317108154,0.5205042362213135,0.5628264546394348,0.5066608786582947,3.547470092773437,3.1596832275390625,Fixation,1442.8915753280908,724.5987559619703,452.0,13.0,True,23,image,,9.0
2564.0,1443.8723754882812,712.5232887268066,0.5494877696037292,0.5163908004760742,0.5640126466751099,0.4948078393936157,3.533111572265625,3.1483154296875,Fixation,1442.8915753280908,724.5987559619703,452.0,13.0,True,23,image,,9.0
2568.0,1451.5084838867188,729.0885257720947,0.5468944311141968,0.5015672445297241,0.5669955015182495,0.5063114762306213,3.486190795898437,3.1400299072265625,Fixation,1442.8915753280908,724.5987559619703,452.0,13.0,True,23,image,,9.0
2572.0,1439.6243286132812,718.7217235565186,0.5487757921218872,0.5036481022834778,0.562353253364563,0.4991123080253601,3.5095672607421875,3.142120361328125,Fixation,1442.8915753280908,724.5987559619703,452.0,13.0,True,23,image,,9.0
2576.0,1437.9179382324219,725.2554988861084,0.5489822626113892,0.4965055286884308,0.5616866946220398,0.5036496520042419,3.4987335205078125,3.167205810546875,Fixation,1442.8915753280908,724.5987559619703,452.0,13.0,True,23,image,,9.0
2580.0,1438.2026672363281,721.7582416534424,0.5551357865333557,0.5082796216011047,0.5617979168891907,0.5012210011482239,3.5164031982421875,3.142364501953125,Fixation,1442.8915753280908,724.5987559619703,452.0,13.0,True,23,image,,9.0
2584.0,1445.5000305175781,728.4609317779541,0.5505849719047546,0.5068450570106506,0.564648449420929,0.5058756470680237,3.5133056640625,3.136749267578125,Fixation,1442.8915753280908,724.5987559619703,452.0,13.0,True,23,image,,9.0
2588.0,1445.6561279296875,723.6156177520752,0.5528574585914612,0.5140843391418457,0.5647094249725342,0.5025108456611633,3.5276031494140625,3.1388092041015625,Fixation,1442.8915753280908,724.5987559619703,452.0,13.0,True,23,image,,9.0
2592.0,1446.3151550292969,707.9919004440306,0.5518368482589722,0.5042331218719482,0.5649668574333191,0.4916610419750213,3.504150390625,3.115219116210937,Fixation,1442.8915753280908,724.5987559619703,452.0,13.0,True,23,image,,9.0
2596.0,1452.2988891601562,715.6185150146483,0.54645836353302,0.4942585825920105,0.567304253578186,0.4969573020935058,3.465087890625,3.1229400634765625,Fixation,1442.8915753280908,724.5987559619703,452.0,13.0,True,23,image,,9.0
2600.0,1442.5076293945312,723.6599922180176,0.5541159510612488,0.5066378116607666,0.5634795427322388,0.5025416612625122,3.50848388671875,3.1294403076171875,Fixation,1442.8915753280908,724.5987559619703,452.0,13.0,True,23,image,,9.0
2604.0,1440.4917907714844,726.2131977081299,0.5541803240776062,0.5165992379188538,0.5626921057701111,0.5043147206306458,3.5079803466796875,3.128936767578125,Fixation,1442.8915753280908,724.5987559619703,452.0,13.0,True,23,image,,9.0
2608.0,1448.5884094238281,743.7653160095215,0.5524815320968628,0.5087370872497559,0.5658548474311829,0.5165036916732788,3.4945526123046875,3.154815673828125,Fixation,1442.8915753280908,724.5987559619703,452.0,13.0,True,23,image,,9.0
2612.0,1446.8063354492188,737.9089164733887,0.5495126247406006,0.5232506394386292,0.5651587247848511,0.5124367475509644,3.51092529296875,3.1556549072265625,Fixation,1442.8915753280908,724.5987559619703,452.0,13.0,True,23,image,,9.0
2616.0,1450.7485961914062,718.0926275253296,0.5499953031539917,0.520270824432373,0.5666986703872681,0.4986754357814789,3.4916534423828125,3.1394195556640625,Fixation,1442.8915753280908,724.5987559619703,452.0,13.0,True,23,image,,9.0
2620.0,1451.7457580566406,721.259822845459,0.5509255528450012,0.5156489610671997,0.5670881867408752,0.5008748769760132,3.5100555419921875,3.1214599609375,Fixation,1442.8915753280908,724.5987559619703,452.0,13.0,True,23,image,,9.0
2624.0,1453.497314453125,728.847770690918,0.5527373552322388,0.5139216184616089,0.567772388458252,0.5061442852020264,3.4947662353515625,3.1377105712890625,Fixation,1442.8915753280908,724.5987559619703,452.0,13.0,True,23,image,,9.0
2628.0,1454.5390319824219,715.052375793457,0.5512129068374634,0.5228080153465271,0.5681793093681335,0.4965641498565674,3.5140533447265625,3.1228485107421875,Fixation,1442.8915753280908,724.5987559619703,452.0,13.0,True,23,image,,9.0
2632.0,1447.0417785644531,716.7765426635741,0.5571642518043518,0.5273181796073914,0.5652506947517395,0.4977614879608154,3.514862060546875,3.1128692626953125,Fixation,1442.8915753280908,724.5987559619703,452.0,13.0,True,23,image,,9.0
2636.0,1451.4370727539062,741.2248134613037,0.5557159185409546,0.5260884165763855,0.5669676065444946,0.514739453792572,3.5262603759765625,3.16705322265625,Fixation,1442.8915753280908,724.5987559619703,452.0,13.0,True,23,image,,9.0
2640.0,1442.5680541992188,731.2359237670898,0.5545461773872375,0.5107661485671997,0.5635031461715698,0.5078027248382568,3.493560791015625,3.1500396728515625,Fixation,1442.8915753280908,724.5987559619703,452.0,13.0,True,23,image,,9.0
2644.0,1445.6938171386719,736.0127449035645,0.5554144382476807,0.5353562235832214,0.5647241473197937,0.5111199617385864,3.5577545166015625,3.157318115234375,Fixation,1442.8915753280908,724.5987559619703,452.0,13.0,True,23,image,,9.0
2648.0,1440.8454895019531,729.1706657409668,0.5528661012649536,0.5034534335136414,0.5628302693367004,0.5063685178756714,3.4861602783203125,3.1170806884765625,Fixation,1442.8915753280908,724.5987559619703,452.0,13.0,True,23,image,,9.0
2652.0,1447.4913024902344,726.8182182312012,0.5493717193603516,0.515199601650238,0.5654262900352478,0.5047348737716675,3.494491577148437,3.126708984375,Fixation,1442.8915753280908,724.5987559619703,452.0,13.0,True,23,image,,9.0
2656.0,1450.3871154785156,714.2711019515991,0.5446392297744751,0.4967271685600281,0.5665574669837952,0.4960215985774994,3.4468231201171875,3.1049346923828125,Fixation,1442.8915753280908,724.5987559619703,452.0,13.0,True,23,image,,9.0
2660.0,1441.0267639160156,737.6464462280273,0.5487210750579834,0.5236896276473999,0.5629010796546936,0.5122544765472412,3.5160675048828125,3.150482177734375,Fixation,1442.8915753280908,724.5987559619703,452.0,13.0,True,23,image,,9.0
2664.0,1429.4052124023438,724.6744251251221,0.5506494045257568,0.5058481097221375,0.5583614110946655,0.5032461285591125,3.4622039794921875,3.1482086181640625,Fixation,1442.8915753280908,724.5987559619703,452.0,13.0,True,23,image,,9.0
2668.0,1444.1773986816406,726.6853523254395,0.5465540885925293,0.495754212141037,0.5641317963600159,0.5046426057815552,3.428085327148437,3.13922119140625,Fixation,1442.8915753280908,724.5987559619703,452.0,13.0,True,23,image,,9.0
2672.0,1448.7232971191406,716.7653846740722,0.5521836280822754,0.5037972331047058,0.5659075379371643,0.4977537393569946,3.468994140625,3.138916015625,Fixation,1442.8915753280908,724.5987559619703,452.0,13.0,True,23,image,,9.0
2676.0,1446.8344116210938,712.6047420501708,0.5504356622695923,0.5161353945732117,0.5651696920394897,0.4948644042015075,3.4892730712890625,3.1007537841796875,Fixation,1442.8915753280908,724.5987559619703,452.0,13.0,True,23,image,,9.0
2680.0,1427.8947448730469,735.0656890869141,0.546637237071991,0.5082460641860962,0.5577713847160339,0.5104622840881348,3.4635467529296875,3.139251708984375,Fixation,1442.8915753280908,724.5987559619703,452.0,13.0,True,23,image,,9.0
2684.0,1443.0447387695312,737.5425052642822,0.5572366714477539,0.5231821537017822,0.5636893510818481,0.5121822953224182,3.5162353515625,3.133148193359375,Fixation,1442.8915753280908,724.5987559619703,452.0,13.0,True,23,image,,9.0
2688.0,1442.4444580078125,743.5981178283691,0.5473074913024902,0.5132670998573303,0.5634548664093018,0.5163875818252563,3.48175048828125,3.13092041015625,Fixation,1442.8915753280908,724.5987559619703,452.0,13.0,True,23,image,,9.0
2692.0,1443.9579772949219,727.0374298095703,0.5488146543502808,0.5096187591552734,0.5640460848808289,0.5048871040344238,3.461181640625,3.1122283935546875,Fixation,1442.8915753280908,724.5987559619703,452.0,13.0,True,23,image,,9.0
2696.0,1448.3926391601562,718.2823991775512,0.5509155988693237,0.5164689421653748,0.565778374671936,0.4988072216510772,3.48211669921875,3.1099090576171875,Fixation,1442.8915753280908,724.5987559619703,452.0,13.0,True,23,image,,9.0
2700.0,1444.7654724121094,726.3048648834229,0.5505870580673218,0.5200469493865967,0.5643615126609802,0.5043783783912659,3.5103759765625,3.116485595703125,Fixation,1442.8915753280908,724.5987559619703,452.0,13.0,True,23,image,,9.0
2704.0,1436.5476989746094,729.7029876708984,0.5519179701805115,0.5270203948020935,0.5611514449119568,0.5067381858825684,3.524444580078125,3.1167449951171875,Fixation,1442.8915753280908,724.5987559619703,452.0,13.0,True,23,image,,9.0
2708.0,1448.7933349609375,729.9176502227783,0.5498473048210144,0.513232946395874,0.5659348964691162,0.5068872570991516,3.500213623046875,3.1279296875,Fixation,1442.8915753280908,724.5987559619703,452.0,13.0,True,23,image,,9.0
2712.0,1429.3838500976562,736.1832904815674,0.5477577447891235,0.5185140371322632,0.558353066444397,0.5112383961677551,3.49700927734375,3.137451171875,Fixation,1442.8915753280908,724.5987559619703,452.0,13.0,True,23,image,,9.0
2716.0,1447.8138732910156,710.1259517669678,0.5485138297080994,0.4999833405017853,0.565552294254303,0.4931430220603943,3.4617919921875,3.097076416015625,Fixation,1442.8915753280908,724.5987559619703,452.0,13.0,True,23,image,,9.0
2720.0,1443.7344360351562,719.7710466384887,0.5519173741340637,0.5113296508789062,0.5639587640762329,0.4998410046100616,3.488998413085937,3.109710693359375,Fixation,1442.8915753280908,724.5987559619703,452.0,13.0,True,23,image,,9.0
2724.0,1451.2759399414062,718.9726495742797,0.5522557497024536,0.5145142674446106,0.5669046640396118,0.4992865622043609,3.4957733154296875,3.09814453125,Fixation,1442.8915753280908,724.5987559619703,452.0,13.0,True,23,image,,9.0
2728.0,1429.5921325683594,716.7517375946044,0.5479264855384827,0.5249663591384888,0.5584344267845154,0.4977442622184753,3.4805145263671875,3.11138916015625,Fixation,1442.8915753280908,724.5987559619703,452.0,13.0,True,23,image,,9.0
2732.0,1439.47265625,714.1796064376831,0.5546733736991882,0.5306308269500732,0.5622940063476562,0.4959580600261688,3.5090789794921875,3.104248046875,Fixation,1442.8915753280908,724.5987559619703,452.0,13.0,True,23,image,,9.0
2736.0,1444.2817687988281,727.8535079956055,0.5509612560272217,0.5236473679542542,0.5641725659370422,0.5054538249969482,3.4628448486328125,3.1173095703125,Fixation,1442.8915753280908,724.5987559619703,452.0,13.0,True,23,image,,9.0
2740.0,1443.8951110839844,729.1216564178467,0.5501126050949097,0.5189384818077087,0.5640215277671814,0.5063344836235046,3.4708709716796875,3.118438720703125,Fixation,1442.8915753280908,724.5987559619703,452.0,13.0,True,23,image,,9.0
2744.0,1437.9901123046875,730.9396362304688,0.5542522668838501,0.5157552361488342,0.5617148876190186,0.5075969696044922,3.4591064453125,3.124481201171875,Fixation,1442.8915753280908,724.5987559619703,452.0,13.0,True,23,image,,9.0
2748.0,1441.0194396972656,727.5875186920166,0.5541836023330688,0.5400065183639526,0.5628982186317444,0.5052691102027893,3.53240966796875,3.114837646484375,Fixation,1442.8915753280908,724.5987559619703,452.0,13.0,True,23,image,,9.0
2752.0,1436.9877624511719,729.7729396820068,0.5571302771568298,0.5223386287689209,0.561323344707489,0.5067867636680603,3.497528076171875,3.1217498779296875,Fixation,1442.8915753280908,724.5987559619703,452.0,13.0,True,23,image,,9.0
2756.0,1440.9420776367188,721.7475986480713,0.553930401802063,0.5257556438446045,0.5628679990768433,0.5012136101722717,3.50836181640625,3.1269683837890625,Fixation,1442.8915753280908,724.5987559619703,452.0,13.0,True,23,image,,9.0
2760.0,1457.6950073242188,718.5228538513184,0.5592937469482422,0.5362878441810608,0.569412112236023,0.4989742040634155,3.532562255859375,3.0942535400390625,Fixation,1442.8915753280908,724.5987559619703,452.0,13.0,True,23,image,,9.0
2764.0,1439.8910522460938,725.3094863891602,0.5493021607398987,0.5176842212677002,0.5624574422836304,0.5036871433258057,3.47760009765625,3.087860107421875,Fixation,1442.8915753280908,724.5987559619703,452.0,13.0,True,23,image,,9.0
2768.0,1446.678466796875,718.0639600753784,0.5452061891555786,0.5083126425743103,0.5651087760925293,0.4986555278301239,3.4719390869140625,3.096664428710937,Fixation,1442.8915753280908,724.5987559619703,452.0,13.0,True,23,image,,9.0
2772.0,1443.7467956542969,708.6108255386353,0.5473698973655701,0.5141361951828003,0.5639635920524597,0.4920908510684967,3.486968994140625,3.103759765625,Fixation,1442.8915753280908,724.5987559619703,452.0,13.0,True,23,image,,9.0
2776.0,1447.550048828125,727.2605037689209,0.5488007664680481,0.5145988464355469,0.5654492378234863,0.5050420165061951,3.491928100585937,3.1222381591796875,Fixation,1442.8915753280908,724.5987559619703,452.0,13.0,True,23,image,,9.0
2780.0,1436.6098022460938,718.7617635726929,0.5488537549972534,0.5239347219467163,0.5611757040023804,0.4991401135921478,3.514007568359375,3.121337890625,Fixation,1442.8915753280908,724.5987559619703,452.0,13.0,True,23,image,,9.0
2784.0,1441.2571716308594,702.3475456237793,0.5534881353378296,0.5096021294593811,0.5629910826683044,0.4877413511276245,3.5083465576171875,3.094024658203125,Fixation,1442.8915753280908,724.5987559619703,452.0,13.0,True,23,image,,9.0
2788.0,1435.9249877929688,737.4562454223633,0.5456569194793701,0.5020202398300171,0.5609081983566284,0.512122392654419,3.4767303466796875,3.11083984375,Fixation,1442.8915753280908,724.5987559619703,452.0,13.0,True,23,image,,9.0
2792.0,1434.0025329589844,721.8765163421631,0.5476076602935791,0.5042569041252136,0.5601572394371033,0.5013031363487244,3.4677886962890625,3.11199951171875,Fixation,1442.8915753280908,724.5987559619703,452.0,13.0,True,23,image,,9.0
2796.0,1444.6298217773438,726.646900177002,0.5480616092681885,0.5026349425315857,0.5643085241317749,0.5046159029006958,3.4703521728515625,3.08892822265625,Fixation,1442.8915753280908,724.5987559619703,452.0,13.0,True,23,image,,9.0
2800.0,1441.8637084960938,734.4223880767822,0.5501159429550171,0.4989444315433502,0.5632280111312866,0.5100155472755432,3.4579010009765625,3.10986328125,Fixation,1442.8915753280908,724.5987559619703,452.0,13.0,True,23,image,,9.0
2804.0,1444.5182800292969,723.7511444091797,0.5514452457427979,0.5181981325149536,0.5642649531364441,0.5026049613952637,3.506454467773437,3.096786499023437,Fixation,1442.8915753280908,724.5987559619703,452.0,13.0,True,23,image,,9.0
2808.0,1431.8797302246094,721.5478706359863,0.5472857356071472,0.5018266439437866,0.559328019618988,0.5010749101638794,3.466888427734375,3.104766845703125,Fixation,1442.8915753280908,724.5987559619703,452.0,13.0,True,23,image,,9.0
2812.0,1440.5149841308594,717.2141075134276,0.5531064867973328,0.510037362575531,0.5627011656761169,0.4980653524398803,3.4945831298828125,3.07830810546875,Fixation,1442.8915753280908,724.5987559619703,452.0,13.0,True,23,image,,9.0
2816.0,1432.2377014160156,730.9368896484375,0.5514665246009827,0.5202261805534363,0.5594678521156311,0.5075950622558594,3.50732421875,3.1003875732421875,Fixation,1442.8915753280908,724.5987559619703,452.0,13.0,True,23,image,,9.0
2820.0,1448.4895324707031,722.7806568145752,0.5536985397338867,0.5173489451408386,0.5658162236213684,0.5019310116767883,3.474334716796875,3.1102752685546875,Fixation,1442.8915753280908,724.5987559619703,452.0,13.0,True,23,image,,9.0
2824.0,1445.1606750488281,713.3421993255615,0.554619550704956,0.5272158980369568,0.5645158886909485,0.4953765273094177,3.4953765869140625,3.069793701171875,Fixation,1442.8915753280908,724.5987559619703,452.0,13.0,True,23,image,,9.0
2828.0,1439.86083984375,715.1611661911011,0.5489857196807861,0.5190240144729614,0.5624456405639648,0.4966396987438202,3.46307373046875,3.085693359375,Fixation,1442.8915753280908,724.5987559619703,452.0,13.0,True,23,image,,9.0
2832.0,1451.0169982910156,714.7948408126831,0.5532442927360535,0.516279935836792,0.566803514957428,0.4963853061199188,3.499725341796875,3.0765380859375,Fixation,1442.8915753280908,724.5987559619703,452.0,13.0,True,23,image,,9.0
2836.0,1439.2686462402344,730.9281349182129,0.5512009263038635,0.5255542993545532,0.5622143149375916,0.5075889825820923,3.4887237548828125,3.0792388916015625,Fixation,1442.8915753280908,724.5987559619703,452.0,13.0,True,23,image,,9.0
2840.0,1444.9107360839844,743.4926319122314,0.550443708896637,0.5227059721946716,0.5644182562828064,0.5163143277168274,3.50482177734375,3.124359130859375,Fixation,1442.8915753280908,724.5987559619703,452.0,13.0,True,23,image,,9.0
2844.0,1442.4891662597656,727.9713535308838,0.548974871635437,0.5147122740745544,0.563472330570221,0.5055356621742249,3.4790802001953125,3.10498046875,Fixation,1442.8915753280908,724.5987559619703,452.0,13.0,True,23,image,,9.0
2848.0,1438.9830017089844,722.3643779754639,0.541826069355011,0.5099557638168335,0.562102735042572,0.5016419291496277,3.43768310546875,3.087799072265625,Fixation,1442.8915753280908,724.5987559619703,452.0,13.0,True,23,image,,9.0
2852.0,1437.137451171875,738.5874080657959,0.547547459602356,0.5188038349151611,0.5613818168640137,0.5129079222679138,3.498382568359375,3.106109619140625,Fixation,1442.8915753280908,724.5987559619703,452.0,13.0,True,23,image,,9.0
2856.0,1448.0697631835938,711.7908525466919,0.5449120998382568,0.5164303183555603,0.5656522512435913,0.4942992031574249,3.485824584960937,3.0442352294921875,Fixation,1442.8915753280908,724.5987559619703,452.0,13.0,True,23,image,,9.0
2860.0,1437.9315185546875,729.5308113098145,0.5475619435310364,0.5132127404212952,0.5616919994354248,0.5066186189651489,3.4645233154296875,3.0851593017578125,Fixation,1442.8915753280908,724.5987559619703,452.0,13.0,True,23,image,,9.0
2864.0,1445.3469848632812,711.7839002609253,0.5446335077285767,0.5226162075996399,0.5645886659622192,0.4942943751811981,3.495086669921875,3.0790252685546875,Fixation,1442.8915753280908,724.5987559619703,452.0,13.0,True,23,image,,9.0
2868.0,1436.5400695800781,721.823902130127,0.5437256097793579,0.5378601551055908,0.561148464679718,0.501266598701477,3.510650634765625,3.0734100341796875,Fixation,1442.8915753280908,724.5987559619703,452.0,13.0,True,23,image,,9.0
2872.0,1380.1539611816406,732.0392990112305,0.5339900851249695,0.5268634557723999,0.5391226410865784,0.5083606243133545,3.4737701416015625,3.1119537353515625,Saccade,,,,0.0,False,24,,,
2876.0,1355.338134765625,730.21728515625,0.5192030072212219,0.535345196723938,0.5294289588928223,0.5070953369140625,3.4974517822265625,3.0776824951171875,Saccade,,,,0.0,False,24,,,
2880.0,1320.7481384277344,736.5787124633789,0.5052409172058105,0.5376187562942505,0.5159172415733337,0.5115129947662354,3.4803009033203125,3.096923828125,Saccade,,,,0.0,False,24,,,
2884.0,1313.6927795410156,765.0296115875244,0.5024805665016174,0.5278961062431335,0.5131612420082092,0.5312705636024475,3.42962646484375,3.101409912109375,Saccade,,,,0.0,False,24,,,
2888.0,1316.571044921875,769.215145111084,0.5030830502510071,0.5490818023681641,0.5142855644226074,0.5341771841049194,3.4657440185546875,3.1143035888671875,Saccade,,,,0.0,False,24,,,
2892.0,1367.2868347167969,751.2016868591309,0.5151029229164124,0.5488275289535522,0.5340964198112488,0.5216678380966187,3.446197509765625,3.05401611328125,Saccade,,,,0.0,False,24,,,
2896.0,1396.8684387207031,794.600944519043,0.5250319242477417,0.5538578629493713,0.5456517338752747,0.5518062114715576,3.462387084960937,3.097930908203125,Saccade,,,,0.0,False,24,,,
2900.0,1399.637451171875,802.9543304443359,0.5305264592170715,0.5628697872161865,0.5467333793640137,0.5576071739196777,3.440643310546875,3.096542358398437,Saccade,,,,0.0,False,24,,,
2904.0,1412.7467346191406,821.6664505004883,0.5369375348091125,0.5923859477043152,0.5518541932106018,0.5706017017364502,3.503875732421875,3.1264190673828125,Saccade,,,,0.0,False,24,,,
2908.0,1453.0624389648438,825.1837062835693,0.5485647320747375,0.5950859189033508,0.5676025152206421,0.5730442404747009,3.4615936279296875,3.115707397460937,Saccade,,,,0.0,False,24,,,
2912.0,1512.2706604003906,856.9411468505859,0.5669985413551331,0.6353061199188232,0.5907307267189026,0.5950980186462402,3.527816772460937,3.10650634765625,Saccade,,,,0.0,False,24,,,
2916.0,1537.9801940917969,891.9312286376953,0.5825349688529968,0.6627009510993958,0.6007735133171082,0.6193966865539551,3.5400848388671875,3.105194091796875,Saccade,,,,0.0,False,24,,,
2920.0,1591.8043518066406,932.3859786987305,0.5974916815757751,0.685613214969635,0.621798574924469,0.6474902629852295,3.5275115966796875,3.103363037109375,Saccade,,,,0.0,False,24,,,
2924.0,1625.4173278808594,940.929651260376,0.6235821843147278,0.7018269896507263,0.6349286437034607,0.6534233689308167,3.508407592773437,3.097518920898437,Saccade,,,,0.0,False,24,,,
2928.0,1653.3851623535156,982.703447341919,0.6328125,0.7231960892677307,0.645853579044342,0.6824329495429993,3.517074584960937,3.08843994140625,Saccade,,,,0.0,False,24,,,
2932.0,1704.1033935546875,1020.2500820159912,0.6449241042137146,0.7405425310134888,0.6656653881072998,0.7085070013999939,3.5098876953125,3.08795166015625,Fixation,1726.7867438737737,1056.2949950196023,168.0,14.0,True,25,image,,9.0
2936.0,1731.9021606445312,1045.834665298462,0.6523510813713074,0.7621700763702393,0.67652428150177,0.7262740731239319,3.511566162109375,3.0727691650390625,Fixation,1726.7867438737737,1056.2949950196023,168.0,14.0,True,25,image,,9.0
2940.0,1732.3838806152344,1054.1078853607178,0.6685986518859863,0.7643002867698669,0.6767124533653259,0.7320193648338318,3.515487670898437,3.069549560546875,Fixation,1726.7867438737737,1056.2949950196023,168.0,14.0,True,25,image,,9.0
2944.0,1749.8757934570312,1059.7424983978271,0.670650064945221,0.7631210088729858,0.6835452318191528,0.7359322905540466,3.510772705078125,3.0570526123046875,Fixation,1726.7867438737737,1056.2949950196023,168.0,14.0,True,25,image,,9.0
2948.0,1738.8157653808594,1062.1233558654785,0.6742141246795654,0.7707168459892273,0.6792249083518982,0.7375856637954712,3.499862670898437,3.0599365234375,Fixation,1726.7867438737737,1056.2949950196023,168.0,14.0,True,25,image,,9.0
2952.0,1724.3045043945312,1063.0861186981201,0.6655377745628357,0.7722509503364563,0.6735564470291138,0.7382542490959167,3.5142059326171875,3.0662078857421875,Fixation,1726.7867438737737,1056.2949950196023,168.0,14.0,True,25,image,,9.0
2956.0,1707.1841430664062,1056.5683937072754,0.6645252704620361,0.7706258296966553,0.6668688058853149,0.7337280511856079,3.499969482421875,3.096923828125,Fixation,1726.7867438737737,1056.2949950196023,168.0,14.0,True,25,image,,9.0
2960.0,1716.53564453125,1057.1514415740967,0.6644687652587891,0.7646333575248718,0.6705217361450195,0.7341329455375671,3.4990386962890625,3.086639404296875,Fixation,1726.7867438737737,1056.2949950196023,168.0,14.0,True,25,image,,9.0
2964.0,1706.5438842773438,1046.0984230041504,0.6650063991546631,0.7641967535018921,0.6666187047958374,0.7264572381973267,3.5199432373046875,3.077499389648437,Fixation,1726.7867438737737,1056.2949950196023,168.0,14.0,True,25,image,,9.0
2968.0,1724.9208068847656,1043.6240100860596,0.6587467789649963,0.7649489045143127,0.6737971901893616,0.7247388958930969,3.516815185546875,3.081756591796875,Fixation,1726.7867438737737,1056.2949950196023,168.0,14.0,True,25,image,,9.0
2972.0,1724.6281433105469,1043.2061862945557,0.6630604267120361,0.7716372609138489,0.6736828684806824,0.7244487404823303,3.4857330322265625,3.073486328125,Fixation,1726.7867438737737,1056.2949950196023,168.0,14.0,True,25,image,,9.0
2976.0,1732.9893493652344,1046.3718795776367,0.6651044487953186,0.7741122245788574,0.6769489645957947,0.726647138595581,3.49267578125,3.06298828125,Fixation,1726.7867438737737,1056.2949950196023,168.0,14.0,True,25,image,,9.0
2980.0,1725.3578186035156,1036.3769817352295,0.6651712656021118,0.7722870707511902,0.6739678978919983,0.7197062373161316,3.478057861328125,3.07244873046875,Fixation,1726.7867438737737,1056.2949950196023,168.0,14.0,True,25,image,,9.0
2984.0,1730.067138671875,1040.8176898956299,0.6617664694786072,0.7768004536628723,0.6758074760437012,0.7227900624275208,3.4944305419921875,3.065338134765625,Fixation,1726.7867438737737,1056.2949950196023,168.0,14.0,True,25,image,,9.0
2988.0,1719.7108459472656,1048.1256580352783,0.664408802986145,0.7780256271362305,0.6717620491981506,0.7278650403022766,3.49676513671875,3.0781707763671875,Fixation,1726.7867438737737,1056.2949950196023,168.0,14.0,True,25,image,,9.0
2992.0,1734.3165588378906,1043.4362125396729,0.6675605177879333,0.7764174938201904,0.677467405796051,0.7246084809303284,3.48614501953125,3.0650787353515625,Fixation,1726.7867438737737,1056.2949950196023,168.0,14.0,True,25,image,,9.0
2996.0,1740.6866455078125,1046.7243003845215,0.6673191785812378,0.779281735420227,0.6799557209014893,0.7268918752670288,3.489364624023437,3.067291259765625,Fixation,1726.7867438737737,1056.2949950196023,168.0,14.0,True,25,image,,9.0
3000.0,1741.3998413085938,1046.1429691314697,0.6697686314582825,0.7746539115905762,0.6802343130111694,0.7264881730079651,3.498748779296875,3.0479888916015625,Fixation,1726.7867438737737,1056.2949950196023,168.0,14.0,True,25,image,,9.0
3004.0,1736.9818115234375,1050.424633026123,0.6652367115020752,0.7759540677070618,0.6785085201263428,0.7294615507125854,3.50860595703125,3.0629119873046875,Fixation,1726.7867438737737,1056.2949950196023,168.0,14.0,True,25,image,,9.0
3008.0,1722.3431396484375,1053.431797027588,0.6699252724647522,0.7783324718475342,0.6727902889251709,0.731549859046936,3.493499755859375,3.0582733154296875,Fixation,1726.7867438737737,1056.2949950196023,168.0,14.0,True,25,image,,9.0
3012.0,1728.7982177734375,1044.1587352752686,0.666297972202301,0.7796774506568909,0.675311803817749,0.7251102328300476,3.5030670166015625,3.0610809326171875,Fixation,1726.7867438737737,1056.2949950196023,168.0,14.0,True,25,image,,9.0
3016.0,1727.8913879394531,1051.930274963379,0.6686897873878479,0.776414155960083,0.6749575734138489,0.7305071353912354,3.5009002685546875,3.0625152587890625,Fixation,1726.7867438737737,1056.2949950196023,168.0,14.0,True,25,image,,9.0
3020.0,1740.6587219238281,1054.9572658538818,0.6652770638465881,0.7795394062995911,0.6799448132514954,0.732609212398529,3.4940948486328125,3.039764404296875,Fixation,1726.7867438737737,1056.2949950196023,168.0,14.0,True,25,image,,9.0
3024.0,1727.6341247558594,1054.2311382293701,0.6718871593475342,0.7824252247810364,0.6748570799827576,0.7321049571037292,3.491943359375,3.069244384765625,Fixation,1726.7867438737737,1056.2949950196023,168.0,14.0,True,25,image,,9.0
3028.0,1729.6046447753906,1064.4286823272705,0.6743339896202087,0.7851097583770752,0.675626814365387,0.7391865849494934,3.5112762451171875,3.074737548828125,Fixation,1726.7867438737737,1056.2949950196023,168.0,14.0,True,25,image,,9.0
3032.0,1725.3273010253906,1064.921522140503,0.6754361987113953,0.7872454524040222,0.6739559769630432,0.7395288348197937,3.479476928710937,3.0638427734375,Fixation,1726.7867438737737,1056.2949950196023,168.0,14.0,True,25,image,,9.0
3036.0,1724.4667053222656,1061.3067626953125,0.6722370982170105,0.7864164710044861,0.67361980676651,0.7370185852050781,3.48602294921875,3.0564117431640625,Fixation,1726.7867438737737,1056.2949950196023,168.0,14.0,True,25,image,,9.0
3040.0,1723.87451171875,1061.5494918823242,0.6720429062843323,0.7881232500076294,0.6733884811401367,0.7371871471405029,3.521224975585937,3.06964111328125,Fixation,1726.7867438737737,1056.2949950196023,168.0,14.0,True,25,image,,9.0
3044.0,1709.8196411132812,1065.7059288024902,0.6719474196434021,0.7902190089225769,0.6678982973098755,0.740073561668396,3.5086669921875,3.0843048095703125,Fixation,1726.7867438737737,1056.2949950196023,168.0,14.0,True,25,image,,9.0
3048.0,1737.3959350585938,1072.7043056488037,0.6728301644325256,0.7878721952438354,0.6786702871322632,0.744933545589447,3.498153686523437,3.053253173828125,Fixation,1726.7867438737737,1056.2949950196023,168.0,14.0,True,25,image,,9.0
3052.0,1702.0610046386719,1074.3589496612549,0.6752526164054871,0.7885395288467407,0.6648675799369812,0.746082603931427,3.493621826171875,3.0967559814453125,Fixation,1726.7867438737737,1056.2949950196023,168.0,14.0,True,25,image,,9.0
3056.0,1736.7311096191406,1061.6241645812988,0.6715115308761597,0.7849955558776855,0.6784105896949768,0.7372390031814575,3.5037841796875,3.0337677001953125,Fixation,1726.7867438737737,1056.2949950196023,168.0,14.0,True,25,image,,9.0
3060.0,1722.8793334960938,1061.6186714172363,0.674325704574585,0.7881274819374084,0.6729997396469116,0.7372351884841919,3.4777374267578125,3.06707763671875,Fixation,1726.7867438737737,1056.2949950196023,168.0,14.0,True,25,image,,9.0
3064.0,1724.4732666015625,1078.8686656951904,0.6770250201225281,0.7919444441795349,0.6736223697662354,0.7492143511772156,3.478622436523437,3.08367919921875,Fixation,1726.7867438737737,1056.2949950196023,168.0,14.0,True,25,image,,9.0
3068.0,1721.4476013183594,1051.6266918182373,0.6767863631248474,0.7860428690910339,0.6724404692649841,0.7302963137626648,3.498016357421875,3.076141357421875,Fixation,1726.7867438737737,1056.2949950196023,168.0,14.0,True,25,image,,9.0
3072.0,1732.6329040527344,1069.33931350708,0.6726963520050049,0.7843846678733826,0.6768097281455994,0.7425967454910278,3.5200958251953125,3.050933837890625,Fixation,1726.7867438737737,1056.2949950196023,168.0,14.0,True,25,image,,9.0
3076.0,1733.0525207519531,1072.8393173217773,0.6748126149177551,0.7832037210464478,0.6769736409187317,0.7450273036956787,3.50469970703125,3.06512451171875,Fixation,1726.7867438737737,1056.2949950196023,168.0,14.0,True,25,image,,9.0
3080.0,1719.9539184570312,1077.5344276428223,0.6773056983947754,0.7831950783729553,0.6718569993972778,0.7482877969741821,3.4940185546875,3.0816192626953125,Fixation,1726.7867438737737,1056.2949950196023,168.0,14.0,True,25,image,,9.0
3084.0,1730.1393127441406,1065.4473209381104,0.6691576242446899,0.7812720537185669,0.6758356690406799,0.7398939728736877,3.5030670166015625,3.075286865234375,Fixation,1726.7867438737737,1056.2949950196023,168.0,14.0,True,25,image,,9.0
3088.0,1722.8407287597656,1062.1165752410889,0.6753613948822021,0.7838456630706787,0.6729846596717834,0.7375809550285339,3.4963836669921875,3.079498291015625,Fixation,1726.7867438737737,1056.2949950196023,168.0,14.0,True,25,image,,9.0
3092.0,1731.1006164550781,1061.6094875335693,0.674590528011322,0.7818644046783447,0.6762111783027649,0.7372288107872009,3.4956817626953125,3.071029663085937,Fixation,1726.7867438737737,1056.2949950196023,168.0,14.0,True,25,image,,9.0
3096.0,1715.6832885742188,1069.8115539550781,0.6708419919013977,0.7830596566200256,0.6701887845993042,0.742924690246582,3.5025634765625,3.07830810546875,Fixation,1726.7867438737737,1056.2949950196023,168.0,14.0,True,25,image,,9.0
3100.0,1738.3119201660156,1054.350357055664,0.6760765910148621,0.784742534160614,0.6790280938148499,0.7321877479553223,3.49871826171875,3.0692596435546875,Fixation,1726.7867438737737,1056.2949950196023,168.0,14.0,True,25,image,,9.0
3104.0,1772.8541564941406,1064.5898723602295,0.6937381625175476,0.787006139755249,0.6925211548805237,0.7392985224723816,3.516357421875,3.078033447265625,Fixation,1803.7842963723576,1076.1663756651037,200.0,15.0,True,26,word,door,8.0
3108.0,1818.121337890625,1072.8519344329834,0.7094253301620483,0.7890068292617798,0.7102036476135254,0.7450360655784607,3.501205444335937,3.07879638671875,Fixation,1803.7842963723576,1076.1663756651037,200.0,15.0,True,26,word,door,8.0
3112.0,1835.5990600585938,1076.434850692749,0.7166216373443604,0.7807713150978088,0.7170308828353882,0.7475242018699646,3.5081329345703125,3.083160400390625,Fixation,1803.7842963723576,1076.1663756651037,200.0,15.0,True,26,word,door,8.0
3116.0,1812.291259765625,1086.3378238677979,0.7159762978553772,0.7868993878364563,0.7079262733459473,0.7544012665748596,3.516693115234375,3.0688629150390625,Fixation,1803.7842963723576,1076.1663756651037,200.0,15.0,True,26,word,door,8.0
3120.0,1808.6163330078125,1084.57932472229,0.7131038904190063,0.7840899229049683,0.7064907550811768,0.7531800866127014,3.4984283447265625,3.072250366210937,Fixation,1803.7842963723576,1076.1663756651037,200.0,15.0,True,26,word,door,8.0
3124.0,1794.5852661132812,1075.9261322021484,0.7097964286804199,0.7960019707679749,0.7010098695755005,0.7471709251403809,3.502410888671875,3.073104858398437,Fixation,1803.7842963723576,1076.1663756651037,200.0,15.0,True,26,word,door,8.0
3128.0,1801.7012023925781,1069.6635818481445,0.7112253904342651,0.789341151714325,0.7037895321846008,0.7428219318389893,3.5222625732421875,3.0623779296875,Fixation,1803.7842963723576,1076.1663756651037,200.0,15.0,True,26,word,door,8.0
3132.0,1785.2984619140625,1080.0550174713135,0.7107517123222351,0.7897623181343079,0.6973822116851807,0.750038206577301,3.51348876953125,3.0882568359375,Fixation,1803.7842963723576,1076.1663756651037,200.0,15.0,True,26,word,door,8.0
3136.0,1791.2879943847656,1068.8642406463623,0.7075104117393494,0.7929250597953796,0.6997218728065491,0.742266833782196,3.5113677978515625,3.076416015625,Fixation,1803.7842963723576,1076.1663756651037,200.0,15.0,True,26,word,door,8.0
3140.0,1793.2200622558594,1069.0049171447754,0.710379958152771,0.7914562225341797,0.7004765868186951,0.7423645257949829,3.5012359619140625,3.069076538085937,Fixation,1803.7842963723576,1076.1663756651037,200.0,15.0,True,26,word,door,8.0
3144.0,1787.5880432128906,1078.6773490905762,0.7110753655433655,0.7962769865989685,0.6982765793800354,0.7490814924240112,3.5116119384765625,3.0735321044921875,Fixation,1803.7842963723576,1076.1663756651037,200.0,15.0,True,26,word,door,8.0
3148.0,1785.6748962402344,1083.0462169647217,0.7116967439651489,0.7977476716041565,0.6975292563438416,0.7521154284477234,3.505111694335937,3.0912017822265625,Fixation,1803.7842963723576,1076.1663756651037,200.0,15.0,True,26,word,door,8.0
3152.0,1781.3163757324219,1082.3470401763916,0.7077944278717041,0.7989088296890259,0.6958267092704773,0.7516298890113831,3.5130615234375,3.09637451171875,Fixation,1803.7842963723576,1076.1663756651037,200.0,15.0,True,26,word,door,8.0
3156.0,1794.2100524902344,1077.793893814087,0.7091491222381592,0.7997013330459595,0.7008633017539978,0.7484679818153381,3.5097198486328125,3.08819580078125,Fixation,1803.7842963723576,1076.1663756651037,200.0,15.0,True,26,word,door,8.0
3160.0,1808.8717651367188,1062.8985786437988,0.7093056440353394,0.8015369176864624,0.7065905332565308,0.7381240129470825,3.5218505859375,3.0643310546875,Fixation,1803.7842963723576,1076.1663756651037,200.0,15.0,True,26,word,door,8.0
3164.0,1806.2498474121094,1073.8475704193115,0.7087599635124207,0.8071268796920776,0.7055663466453552,0.7457274794578552,3.497039794921875,3.077377319335937,Fixation,1803.7842963723576,1076.1663756651037,200.0,15.0,True,26,word,door,8.0
3168.0,1796.9087219238281,1076.9642543792725,0.7087068557739258,0.8070719242095947,0.7019174695014954,0.7478918433189392,3.52117919921875,3.07464599609375,Fixation,1803.7842963723576,1076.1663756651037,200.0,15.0,True,26,word,door,8.0
3172.0,1795.8584594726562,1076.3939094543457,0.714362621307373,0.7977522015571594,0.7015072107315063,0.7474957704544067,3.502960205078125,3.083038330078125,Fixation,1803.7842963723576,1076.1663756651037,200.0,15.0,True,26,word,door,8.0
3176.0,1778.8092041015625,1076.887092590332,0.7145845890045166,0.7959460020065308,0.6948473453521729,0.7478382587432861,3.5306549072265625,3.1100311279296875,Fixation,1803.7842963723576,1076.1663756651037,200.0,15.0,True,26,word,door,8.0
3180.0,1810.7205200195312,1066.5119647979736,0.7155226469039917,0.8005550503730774,0.7073127031326294,0.7406333088874817,3.517242431640625,3.065414428710937,Fixation,1803.7842963723576,1076.1663756651037,200.0,15.0,True,26,word,door,8.0
3184.0,1809.0864562988281,1071.6127109527588,0.7114320397377014,0.7962093949317932,0.7066743969917297,0.7441754937171936,3.499298095703125,3.0797271728515625,Fixation,1803.7842963723576,1076.1663756651037,200.0,15.0,True,26,word,door,8.0
3188.0,1805.6072998046875,1089.2515182495117,0.7139805555343628,0.7988196611404419,0.705315351486206,0.7564246654510498,3.5210723876953125,3.082275390625,Fixation,1803.7842963723576,1076.1663756651037,200.0,15.0,True,26,word,door,8.0
3192.0,1810.0933837890625,1082.9975509643555,0.7170893549919128,0.7940674424171448,0.7070677280426025,0.7520816326141357,3.5200347900390625,3.085174560546875,Fixation,1803.7842963723576,1076.1663756651037,200.0,15.0,True,26,word,door,8.0
3196.0,1809.2410278320312,1073.345718383789,0.7145492434501648,0.7974928617477417,0.7067347764968872,0.7453789710998535,3.5156707763671875,3.0727691650390625,Fixation,1803.7842963723576,1076.1663756651037,200.0,15.0,True,26,word,door,8.0
3200.0,1812.3895263671875,1072.342700958252,0.7134706377983093,0.792310357093811,0.7079646587371826,0.7446824312210083,3.5260467529296875,3.0746002197265625,Fixation,1803.7842963723576,1076.1663756651037,200.0,15.0,True,26,word,door,8.0
3204.0,1814.7146606445312,1088.2624053955078,0.7156995534896851,0.7893686294555664,0.70887291431427,0.7557377815246582,3.5235595703125,3.08953857421875,Fixation,1803.7842963723576,1076.1663756651037,200.0,15.0,True,26,word,door,8.0
3208.0,1811.3619995117188,1081.299991607666,0.7147743105888367,0.7906762957572937,0.7075632810592651,0.7509027719497681,3.522430419921875,3.095062255859375,Fixation,1803.7842963723576,1076.1663756651037,200.0,15.0,True,26,word,door,8.0
3212.0,1812.996826171875,1073.973741531372,0.7120457291603088,0.796695351600647,0.7082018852233887,0.745815098285675,3.515167236328125,3.1033172607421875,Fixation,1803.7842963723576,1076.1663756651037,200.0,15.0,True,26,word,door,8.0
3216.0,1819.0309143066406,1067.931261062622,0.7161465287208557,0.7886512279510498,0.7105589509010315,0.7416189312934875,3.5254669189453125,3.0968170166015625,Fixation,1803.7842963723576,1076.1663756651037,200.0,15.0,True,26,word,door,8.0
3220.0,1803.7901306152344,1086.8020820617676,0.7148681282997131,0.7983251810073853,0.7046055197715759,0.7547236680984497,3.5188140869140625,3.105072021484375,Fixation,1803.7842963723576,1076.1663756651037,200.0,15.0,True,26,word,door,8.0
3224.0,1811.7317199707031,1078.3200359344482,0.7181270122528076,0.7899636626243591,0.7077077031135559,0.7488333582878113,3.53277587890625,3.096786499023437,Fixation,1803.7842963723576,1076.1663756651037,200.0,15.0,True,26,word,door,8.0
3228.0,1816.3478088378906,1084.5804405212402,0.7146777510643005,0.788459300994873,0.709510862827301,0.7531808614730835,3.5227813720703125,3.085113525390625,Fixation,1803.7842963723576,1076.1663756651037,200.0,15.0,True,26,word,door,8.0
3232.0,1808.5968017578125,1076.0678386688232,0.7165687680244446,0.7958848476409912,0.7064831256866455,0.747269332408905,3.5164947509765625,3.0968475341796875,Fixation,1803.7842963723576,1076.1663756651037,200.0,15.0,True,26,word,door,8.0
3236.0,1813.9869689941406,1077.7549266815186,0.7154446840286255,0.7898553609848022,0.7085886597633362,0.7484409213066101,3.5376434326171875,3.0984039306640625,Fixation,1803.7842963723576,1076.1663756651037,200.0,15.0,True,26,word,door,8.0
3240.0,1808.2649230957031,1074.783639907837,0.7160925269126892,0.7964117527008057,0.706353485584259,0.7463775277137756,3.547576904296875,3.1000518798828125,Fixation,1803.7842963723576,1076.1663756651037,200.0,15.0,True,26,word,door,8.0
3244.0,1809.5555114746094,1075.1467895507812,0.7150604128837585,0.7913534045219421,0.7068576216697693,0.7466297149658203,3.531600952148437,3.0818328857421875,Fixation,1803.7842963723576,1076.1663756651037,200.0,15.0,True,26,word,door,8.0
3248.0,1809.5346069335938,1082.7425479888916,0.7199969291687012,0.7848547101020813,0.7068494558334351,0.7519045472145081,3.5235748291015625,3.103302001953125,Fixation,1803.7842963723576,1076.1663756651037,200.0,15.0,True,26,word,door,8.0
3252.0,1802.0794677734375,1068.1407737731934,0.7130459547042847,0.7881706357002258,0.703937292098999,0.7417644262313843,3.5147247314453125,3.1045074462890625,Fixation,1803.7842963723576,1076.1663756651037,200.0,15.0,True,26,word,door,8.0
3256.0,1805.6587219238281,1074.1199111938477,0.7168839573860168,0.7935309410095215,0.7053354382514954,0.7459166049957275,3.5357666015625,3.1015777587890625,Fixation,1803.7842963723576,1076.1663756651037,200.0,15.0,True,26,word,door,8.0
3260.0,1796.7156982421875,1080.053472518921,0.7158042788505554,0.7991753816604614,0.7018420696258545,0.7500371336936951,3.55133056640625,3.1150054931640625,Fixation,1803.7842963723576,1076.1663756651037,200.0,15.0,True,26,word,door,8.0
3264.0,1822.9228210449219,1073.4095764160156,0.7178672552108765,0.7995928525924683,0.7120792269706726,0.7454233169555664,3.53228759765625,3.0904083251953125,Fixation,1803.7842963723576,1076.1663756651037,200.0,15.0,True,26,word,door,8.0
3268.0,1809.8081970214844,1070.1801109313965,0.7177020311355591,0.7955020666122437,0.7069563269615173,0.7431806325912476,3.5477294921875,3.091049194335937,Fixation,1803.7842963723576,1076.1663756651037,200.0,15.0,True,26,word,door,8.0
3272.0,1806.6267395019531,1072.9378509521484,0.7135496735572815,0.7932568192481995,0.7057135701179504,0.7450957298278809,3.5269775390625,3.113983154296875,Fixation,1803.7842963723576,1076.1663756651037,200.0,15.0,True,26,word,door,8.0
3276.0,1796.7002868652344,1075.8042526245117,0.7142419219017029,0.7970556020736694,0.7018360495567322,0.7470862865447998,3.52960205078125,3.119781494140625,Fixation,1803.7842963723576,1076.1663756651037,200.0,15.0,True,26,word,door,8.0
3280.0,1798.6639404296875,1078.943338394165,0.7166438102722168,0.7964772582054138,0.7026031017303467,0.7492662072181702,3.5322418212890625,3.101669311523437,Fixation,1803.7842963723576,1076.1663756651037,200.0,15.0,True,26,word,door,8.0
3284.0,1800.0210571289062,1079.6890354156494,0.7182943224906921,0.8029394745826721,0.703133225440979,0.7497840523719788,3.554931640625,3.1181182861328125,Fixation,1803.7842963723576,1076.1663756651037,200.0,15.0,True,26,word,door,8.0
3288.0,1807.4111938476562,1071.3014888763428,0.7190436720848083,0.7959738969802856,0.7060199975967407,0.743959367275238,3.529571533203125,3.1129913330078125,Fixation,1803.7842963723576,1076.1663756651037,200.0,15.0,True,26,word,door,8.0
3292.0,1804.4743347167969,1078.7782859802246,0.7183663249015808,0.7999926209449768,0.7048727869987488,0.7491515874862671,3.5437774658203125,3.099594116210937,Fixation,1803.7842963723576,1076.1663756651037,200.0,15.0,True,26,word,door,8.0
3296.0,1816.4665222167969,1068.2022285461426,0.7134256362915039,0.7979251146316528,0.7095572352409363,0.7418071031570435,3.5419158935546875,3.11065673828125,Fixation,1803.7842963723576,1076.1663756651037,200.0,15.0,True,26,word,door,8.0
3300.0,1799.24072265625,1086.3971328735352,0.710956871509552,0.7976191639900208,0.7028284072875977,0.7544424533843994,3.53564453125,3.114501953125,Fixation,1803.7842963723576,1076.1663756651037,200.0,15.0,True,26,word,door,8.0
3304.0,1780.0958251953125,1065.6362342834473,0.6879494190216064,0.7696728110313416,0.695349931716919,0.7400251626968384,3.5400543212890625,3.1265869140625,Fixation,1803.7842963723576,1076.1663756651037,200.0,15.0,True,26,word,door,8.0
3308.0,1729.4403076171875,1015.0887393951416,0.6613200306892395,0.7334835529327393,0.6755626201629639,0.7049227356910706,3.5787811279296875,3.115142822265625,Saccade,,,,0.0,False,27,,,
3312.0,1668.6468505859375,957.5258731842041,0.6408692598342896,0.6884532570838928,0.6518151760101318,0.6649485230445862,3.573028564453125,3.146026611328125,Saccade,,,,0.0,False,27,,,
3316.0,1636.5533447265625,913.4009170532227,0.6324066519737244,0.6652553677558899,0.6392786502838135,0.6343061923980713,3.590072631835937,3.1568145751953125,Saccade,,,,0.0,False,27,,,
3320.0,1636.0366821289062,890.0487041473389,0.6152071356773376,0.6426994204521179,0.639076828956604,0.6180893778800964,3.584991455078125,3.139923095703125,Saccade,,,,0.0,False,27,,,
3324.0,1580.0247192382812,835.7345294952393,0.6072711944580078,0.6317604780197144,0.6171971559524536,0.5803712010383606,3.5916748046875,3.159164428710937,Saccade,,,,0.0,False,27,,,
3328.0,1523.2797241210938,785.8611488342285,0.5765016078948975,0.6077159643173218,0.5950311422348022,0.5457369089126587,3.591522216796875,3.154876708984375,Saccade,,,,0.0,False,27,,,
3332.0,1502.9292297363281,744.1058921813965,0.5636619925498962,0.5514646172523499,0.5870817303657532,0.5167402029037476,3.54400634765625,3.163436889648437,Fixation,1451.7827956017331,719.4925725168385,400.0,16.0,True,28,image,,9.0
3336.0,1479.6575927734375,718.008599281311,0.5660997033119202,0.5334974527359009,0.577991247177124,0.4986170828342438,3.546737670898437,3.1291961669921875,Fixation,1451.7827956017331,719.4925725168385,400.0,16.0,True,28,image,,9.0
3340.0,1479.7016906738281,704.0233469009399,0.5672289133071899,0.5329843163490295,0.5780084729194641,0.4889051020145416,3.5606231689453125,3.14031982421875,Fixation,1451.7827956017331,719.4925725168385,400.0,16.0,True,28,image,,9.0
3344.0,1466.9187927246094,712.5669765472412,0.5687099099159241,0.5219891667366028,0.5730151534080505,0.4948381781578064,3.5737457275390625,3.1601715087890625,Fixation,1451.7827956017331,719.4925725168385,400.0,16.0,True,28,image,,9.0
3348.0,1451.4431762695312,737.385950088501,0.5592045187950134,0.5270251035690308,0.5669699907302856,0.5120735764503479,3.5577545166015625,3.15740966796875,Fixation,1451.7827956017331,719.4925725168385,400.0,16.0,True,28,image,,9.0
3352.0,1446.3589477539062,740.2308940887451,0.557174026966095,0.5313745737075806,0.5649839639663696,0.514049232006073,3.5303497314453125,3.1343231201171875,Fixation,1451.7827956017331,719.4925725168385,400.0,16.0,True,28,image,,9.0
3356.0,1461.0357666015625,719.9071311950684,0.5516194105148315,0.54408860206604,0.5707170963287354,0.499935507774353,3.541244506835937,3.1294097900390625,Fixation,1451.7827956017331,719.4925725168385,400.0,16.0,True,28,image,,9.0
3360.0,1459.2523193359375,722.8630542755127,0.5498413443565369,0.5163658857345581,0.5700204372406006,0.5019882321357727,3.5024871826171875,3.148895263671875,Fixation,1451.7827956017331,719.4925725168385,400.0,16.0,True,28,image,,9.0
3364.0,1454.8683166503906,735.7043552398682,0.5574787259101868,0.5433841943740845,0.5683079361915588,0.5109058022499084,3.5858154296875,3.160873413085937,Fixation,1451.7827956017331,719.4925725168385,400.0,16.0,True,28,image,,9.0
3368.0,1444.3052673339844,740.4080486297607,0.5562765598297119,0.5352981090545654,0.5641817450523376,0.5141722559928894,3.554550170898437,3.165283203125,Fixation,1451.7827956017331,719.4925725168385,400.0,16.0,True,28,image,,9.0
3372.0,1461.5489196777344,729.5601654052734,0.5513243675231934,0.5280017852783203,0.570917546749115,0.5066390037536621,3.547576904296875,3.161605834960937,Fixation,1451.7827956017331,719.4925725168385,400.0,16.0,True,28,image,,9.0
3376.0,1464.1856384277344,735.2179527282715,0.555357813835144,0.5232122540473938,0.5719475150108337,0.5105680227279663,3.532958984375,3.1582794189453125,Fixation,1451.7827956017331,719.4925725168385,400.0,16.0,True,28,image,,9.0
3380.0,1458.6930847167969,738.7334060668945,0.5552095174789429,0.5188503265380859,0.5698019862174988,0.5130093097686768,3.55596923828125,3.17303466796875,Fixation,1451.7827956017331,719.4925725168385,400.0,16.0,True,28,image,,9.0
3384.0,1457.7659606933594,732.6212310791016,0.5524358153343201,0.5161163210868835,0.5694398283958435,0.5087647438049316,3.511627197265625,3.146820068359375,Fixation,1451.7827956017331,719.4925725168385,400.0,16.0,True,28,image,,9.0
3388.0,1461.0408020019531,727.1680641174316,0.5534066557884216,0.5295829772949219,0.5707190632820129,0.504977822303772,3.566986083984375,3.122421264648437,Fixation,1451.7827956017331,719.4925725168385,400.0,16.0,True,28,image,,9.0
3392.0,1459.9336242675781,734.1168308258057,0.5526970624923706,0.5247271656990051,0.5702865719795227,0.5098033547401428,3.5596466064453125,3.15777587890625,Fixation,1451.7827956017331,719.4925725168385,400.0,16.0,True,28,image,,9.0
3396.0,1459.5372009277344,727.8577136993408,0.5534297227859497,0.5234248042106628,0.5701317191123962,0.5054567456245422,3.5743865966796875,3.146484375,Fixation,1451.7827956017331,719.4925725168385,400.0,16.0,True,28,image,,9.0
3400.0,1449.9636840820312,731.3291358947754,0.5490469336509705,0.5074830055236816,0.5663920640945435,0.5078674554824829,3.5081329345703125,3.1479644775390625,Fixation,1451.7827956017331,719.4925725168385,400.0,16.0,True,28,image,,9.0
3404.0,1461.1570739746094,732.6464653015137,0.547601580619812,0.5079981088638306,0.5707644820213318,0.5087822675704956,3.4986724853515625,3.1583709716796875,Fixation,1451.7827956017331,719.4925725168385,400.0,16.0,True,28,image,,9.0
3408.0,1451.1611938476562,720.8450031280518,0.5496899485588074,0.5026612281799316,0.5668598413467407,0.5005868077278137,3.4906158447265625,3.141387939453125,Fixation,1451.7827956017331,719.4925725168385,400.0,16.0,True,28,image,,9.0
3412.0,1436.7947387695312,756.8492603302002,0.5516029596328735,0.5254826545715332,0.5612479448318481,0.5255897641181946,3.5734100341796875,3.1924285888671875,Fixation,1451.7827956017331,719.4925725168385,400.0,16.0,True,28,image,,9.0
3416.0,1468.9263916015625,738.0860710144043,0.5511025190353394,0.515706479549408,0.5737993717193604,0.5125597715377808,3.5489501953125,3.149871826171875,Fixation,1451.7827956017331,719.4925725168385,400.0,16.0,True,28,image,,9.0
3420.0,1453.2131958007812,723.2756423950195,0.5494602918624878,0.5113654732704163,0.5676614046096802,0.502274751663208,3.5054931640625,3.1343231201171875,Fixation,1451.7827956017331,719.4925725168385,400.0,16.0,True,28,image,,9.0
3424.0,1450.5769348144531,723.8052177429199,0.5513401627540588,0.5164331793785095,0.5666316151618958,0.5026425123214722,3.5338592529296875,3.1258697509765625,Fixation,1451.7827956017331,719.4925725168385,400.0,16.0,True,28,image,,9.0
3428.0,1457.264404296875,707.6522684097289,0.5494062304496765,0.5090997815132141,0.5692439079284668,0.4914251863956451,3.5318756103515625,3.119842529296875,Fixation,1451.7827956017331,719.4925725168385,400.0,16.0,True,28,image,,9.0
3432.0,1445.7981872558594,732.6568508148193,0.5532125234603882,0.5207242369651794,0.5647649168968201,0.5087894797325134,3.5531158447265625,3.151824951171875,Fixation,1451.7827956017331,719.4925725168385,400.0,16.0,True,28,image,,9.0
3436.0,1456.7422485351562,713.5814094543456,0.5493851900100708,0.5230143666267395,0.5690399408340454,0.4955426454544067,3.5615997314453125,3.1202392578125,Fixation,1451.7827956017331,719.4925725168385,400.0,16.0,True,28,image,,9.0
3440.0,1458.6976623535156,709.3938159942627,0.5535443425178528,0.523815393447876,0.569803774356842,0.4926345944404602,3.571044921875,3.115341186523437,Fixation,1451.7827956017331,719.4925725168385,400.0,16.0,True,28,image,,9.0
3444.0,1462.5752258300781,713.5709381103514,0.54739910364151,0.5071077346801758,0.5713184475898743,0.4955353736877441,3.5058135986328125,3.117782592773437,Fixation,1451.7827956017331,719.4925725168385,400.0,16.0,True,28,image,,9.0
3448.0,1456.1952209472656,735.4055786132812,0.5479651093482971,0.5028262138366699,0.5688262581825256,0.5106983184814453,3.504501342773437,3.1606597900390625,Fixation,1451.7827956017331,719.4925725168385,400.0,16.0,True,28,image,,9.0
3452.0,1447.3020935058594,711.3748741149902,0.5580910444259644,0.5233056545257568,0.5653523802757263,0.494010329246521,3.587265014648437,3.1339111328125,Fixation,1451.7827956017331,719.4925725168385,400.0,16.0,True,28,image,,9.0
3456.0,1444.4094848632812,738.8328838348389,0.5549421310424805,0.5085906386375427,0.5642224550247192,0.5130783915519714,3.543914794921875,3.153076171875,Fixation,1451.7827956017331,719.4925725168385,400.0,16.0,True,28,image,,9.0
3460.0,1459.7169494628906,731.4046669006348,0.5467117428779602,0.5016075968742371,0.5702019333839417,0.5079199075698853,3.5041961669921875,3.1385498046875,Fixation,1451.7827956017331,719.4925725168385,400.0,16.0,True,28,image,,9.0
3464.0,1458.7724304199219,707.0551872253417,0.5528469085693359,0.5078215003013611,0.569832980632782,0.4910105466842651,3.54278564453125,3.11260986328125,Fixation,1451.7827956017331,719.4925725168385,400.0,16.0,True,28,image,,9.0
3468.0,1446.8511962890625,722.0292949676514,0.5469408631324768,0.505073070526123,0.565176248550415,0.5014092326164246,3.5261383056640625,3.1338348388671875,Fixation,1451.7827956017331,719.4925725168385,400.0,16.0,True,28,image,,9.0
3472.0,1456.9293212890625,720.5435657501221,0.5475462675094604,0.5054207444190979,0.56911301612854,0.5003774762153625,3.512680053710937,3.140365600585937,Fixation,1451.7827956017331,719.4925725168385,400.0,16.0,True,28,image,,9.0
3476.0,1457.0901489257812,723.0377197265625,0.5479742884635925,0.5066918134689331,0.5691758394241333,0.5021095275878906,3.53009033203125,3.1532135009765625,Fixation,1451.7827956017331,719.4925725168385,400.0,16.0,True,28,image,,9.0
3480.0,1452.6484680175781,718.7137842178345,0.5473119020462036,0.5038769841194153,0.5674408078193665,0.4991067945957184,3.521469116210937,3.117950439453125,Fixation,1451.7827956017331,719.4925725168385,400.0,16.0,True,28,image,,9.0
3484.0,1439.2840576171875,735.6478786468506,0.5521408915519714,0.5176297426223755,0.5622203350067139,0.5108665823936462,3.549774169921875,3.1544342041015625,Fixation,1451.7827956017331,719.4925725168385,400.0,16.0,True,28,image,,9.0
3488.0,1450.8670043945312,711.3199853897094,0.5451041460037231,0.5010927319526672,0.5667449235916138,0.4939722120761871,3.4886016845703125,3.11676025390625,Fixation,1451.7827956017331,719.4925725168385,400.0,16.0,True,28,image,,9.0
3492.0,1456.3175964355469,713.0211067199707,0.5485764741897583,0.4977964460849762,0.5688740611076355,0.495153546333313,3.4983062744140625,3.1286163330078125,Fixation,1451.7827956017331,719.4925725168385,400.0,16.0,True,28,image,,9.0
3496.0,1456.0697937011719,727.0394039154053,0.5488609671592712,0.5089253783226013,0.5687772631645203,0.5048884749412537,3.52178955078125,3.1369781494140625,Fixation,1451.7827956017331,719.4925725168385,400.0,16.0,True,28,image,,9.0
3500.0,1452.1714782714844,720.0502109527588,0.5503108501434326,0.5169571042060852,0.5672544836997986,0.5000348687171936,3.552734375,3.1328887939453125,Fixation,1451.7827956017331,719.4925725168385,400.0,16.0,True,28,image,,9.0
3504.0,1453.9524841308594,723.1125640869141,0.5552800893783569,0.5242159366607666,0.5679501891136169,0.5021615028381348,3.546600341796875,3.133407592773437,Fixation,1451.7827956017331,719.4925725168385,400.0,16.0,True,28,image,,9.0
3508.0,1453.9727783203125,715.0473117828368,0.5492300987243652,0.5065721273422241,0.5679581165313721,0.4965606331825256,3.5264434814453125,3.1400604248046875,Fixation,1451.7827956017331,719.4925725168385,400.0,16.0,True,28,image,,9.0
3512.0,1447.9193115234375,715.2931737899779,0.5472638607025146,0.5159972310066223,0.5655934810638428,0.4967313706874847,3.526123046875,3.1239471435546875,Fixation,1451.7827956017331,719.4925725168385,400.0,16.0,True,28,image,,9.0
3516.0,1446.0812377929688,712.9394388198853,0.5436491370201111,0.5139509439468384,0.5648754835128784,0.4950968325138092,3.518096923828125,3.122283935546875,Fixation,1451.7827956017331,719.4925725168385,400.0,16.0,True,28,image,,9.0
3520.0,1455.3231811523438,720.1033401489258,0.546370804309845,0.5126592516899109,0.5684856176376343,0.5000717639923096,3.520782470703125,3.118560791015625,Fixation,1451.7827956017331,719.4925725168385,400.0,16.0,True,28,image,,9.0
3524.0,1446.8995666503906,732.2547340393066,0.5497786998748779,0.5254536867141724,0.5651951432228088,0.5085102319717407,3.542633056640625,3.1494598388671875,Fixation,1451.7827956017331,719.4925725168385,400.0,16.0,True,28,image,,9.0
3528.0,1449.7735595703125,709.2512941360472,0.5531518459320068,0.5147702693939209,0.5663177967071533,0.4925356209278106,3.5149383544921875,3.11614990234375,Fixation,1451.7827956017331,719.4925725168385,400.0,16.0,True,28,image,,9.0
3532.0,1452.4630737304688,709.467716217041,0.5491965413093567,0.5121538043022156,0.5673683881759644,0.4926859140396118,3.505599975585937,3.107696533203125,Fixation,1451.7827956017331,719.4925725168385,400.0,16.0,True,28,image,,9.0
3536.0,1445.9536743164062,717.569146156311,0.5494771003723145,0.514263927936554,0.5648256540298462,0.4983119070529938,3.5068359375,3.1460113525390625,Fixation,1451.7827956017331,719.4925725168385,400.0,16.0,True,28,image,,9.0
3540.0,1448.6837768554688,717.7397346496581,0.5521944165229797,0.5217944979667664,0.5658921003341675,0.4984303712844848,3.539459228515625,3.1388092041015625,Fixation,1451.7827956017331,719.4925725168385,400.0,16.0,True,28,image,,9.0
3544.0,1457.4697875976562,708.7909841537474,0.5470139980316162,0.5241244435310364,0.5693241357803345,0.4922159612178802,3.525848388671875,3.121307373046875,Fixation,1451.7827956017331,719.4925725168385,400.0,16.0,True,28,image,,9.0
3548.0,1444.9739074707031,717.1194791793823,0.550453782081604,0.5018178820610046,0.5644429326057434,0.4979996383190155,3.486190795898437,3.136322021484375,Fixation,1451.7827956017331,719.4925725168385,400.0,16.0,True,28,image,,9.0
3552.0,1449.3780517578125,721.9565963745117,0.5514711141586304,0.5103651285171509,0.5661633014678955,0.5013587474822998,3.4953765869140625,3.126251220703125,Fixation,1451.7827956017331,719.4925725168385,400.0,16.0,True,28,image,,9.0
3556.0,1455.9443664550781,724.6640396118164,0.5522481799125671,0.5164921879768372,0.5687282681465149,0.5032389163970947,3.5298004150390625,3.13226318359375,Fixation,1451.7827956017331,719.4925725168385,400.0,16.0,True,28,image,,9.0
3560.0,1450.3567504882812,719.7640085220336,0.5515023469924927,0.5156505703926086,0.5665456056594849,0.49983611702919,3.5146484375,3.120208740234375,Fixation,1451.7827956017331,719.4925725168385,400.0,16.0,True,28,image,,9.0
3564.0,1440.0550842285156,705.4302406311034,0.5538824200630188,0.5183424949645996,0.5625215172767639,0.4898821115493774,3.4993133544921875,3.111083984375,Fixation,1451.7827956017331,719.4925725168385,400.0,16.0,True,28,image,,9.0
3568.0,1455.9426879882812,710.5143785476685,0.553595781326294,0.5077353119850159,0.5687276124954224,0.4934127628803253,3.507308959960937,3.11029052734375,Fixation,1451.7827956017331,719.4925725168385,400.0,16.0,True,28,image,,9.0
3572.0,1456.4073181152344,716.1771869659424,0.5523526072502136,0.5105197429656982,0.5689091086387634,0.4973452687263489,3.49383544921875,3.1330718994140625,Fixation,1451.7827956017331,719.4925725168385,400.0,16.0,True,28,image,,9.0
3576.0,1454.3997192382812,721.8061351776123,0.5550256967544556,0.5132737755775452,0.5681248903274536,0.5012542605400085,3.5050201416015625,3.111602783203125,Fixation,1451.7827956017331,719.4925725168385,400.0,16.0,True,28,image,,9.0
3580.0,1450.0862121582031,704.2692518234253,0.5522199869155884,0.5169292688369751,0.5664399266242981,0.4890758693218231,3.495941162109375,3.11700439453125,Fixation,1451.7827956017331,719.4925725168385,400.0,16.0,True,28,image,,9.0
3584.0,1453.9718627929688,707.7027368545531,0.5536220073699951,0.5195875763893127,0.5679577589035034,0.491460233926773,3.512680053710937,3.1171875,Fixation,1451.7827956017331,719.4925725168385,400.0,16.0,True,28,image,,9.0
3588.0,1451.976318359375,718.9220523834227,0.5599537491798401,0.533473014831543,0.5671782493591309,0.4992514252662658,3.558502197265625,3.1381988525390625,Fixation,1451.7827956017331,719.4925725168385,400.0,16.0,True,28,image,,9.0
3592.0,1450.1144409179688,717.8368949890137,0.5522853136062622,0.5209912657737732,0.5664509534835815,0.4984978437423706,3.490753173828125,3.127304077148437,Fixation,1451.7827956017331,719.4925725168385,400.0,16.0,True,28,image,,9.0
3596.0,1453.92578125,712.9481935501099,0.5548523664474487,0.5317791700363159,0.5679397583007812,0.4951029121875763,3.5380401611328125,3.1184539794921875,Fixation,1451.7827956017331,719.4925725168385,400.0,16.0,True,28,image,,9.0
3600.0,1452.4388122558594,711.7826986312865,0.5553117394447327,0.5307965278625488,0.5673589110374451,0.4942935407161712,3.51458740234375,3.104888916015625,Fixation,1451.7827956017331,719.4925725168385,400.0,16.0,True,28,image,,9.0
3604.0,1449.8478698730469,716.1776161193847,0.5552489161491394,0.5338782668113708,0.5663468241691589,0.4973455667495727,3.539825439453125,3.1211395263671875,Fixation,1451.7827956017331,719.4925725168385,400.0,16.0,True,28,image,,9.0
3608.0,1452.0689392089844,707.3828887939453,0.5540192723274231,0.5218604803085327,0.5672144293785095,0.4912381172180176,3.48577880859375,3.115585327148437,Fixation,1451.7827956017331,719.4925725168385,400.0,16.0,True,28,image,,9.0
3612.0,1450.4714965820312,710.0223541259766,0.5542005300521851,0.5174592137336731,0.566590428352356,0.4930710792541504,3.482513427734375,3.1165313720703125,Fixation,1451.7827956017331,719.4925725168385,400.0,16.0,True,28,image,,9.0
3616.0,1449.2878723144531,722.5809288024902,0.5566278100013733,0.5444173812866211,0.5661280751228333,0.501792311668396,3.53204345703125,3.1263427734375,Fixation,1451.7827956017331,719.4925725168385,400.0,16.0,True,28,image,,9.0
3620.0,1443.4649658203125,716.1091661453247,0.5547383427619934,0.5347422957420349,0.5638535022735596,0.4972980320453644,3.5231170654296875,3.1159210205078125,Fixation,1451.7827956017331,719.4925725168385,400.0,16.0,True,28,image,,9.0
3624.0,1441.5965270996094,705.2787923812865,0.5513638854026794,0.523706316947937,0.5631236433982849,0.4897769391536712,3.4703369140625,3.113494873046875,Fixation,1451.7827956017331,719.4925725168385,400.0,16.0,True,28,image,,9.0
3628.0,1448.7638854980469,708.3822154998778,0.5531010031700134,0.5305984020233154,0.5659233927726746,0.4919320940971374,3.5066070556640625,3.1014862060546875,Fixation,1451.7827956017331,719.4925725168385,400.0,16.0,True,28,image,,9.0
3632.0,1432.4411010742188,704.9602317810059,0.5509006977081299,0.511248767375946,0.5595473051071167,0.4895557165145874,3.449127197265625,3.1044464111328125,Fixation,1451.7827956017331,719.4925725168385,400.0,16.0,True,28,image,,9.0
3636.0,1451.3446044921875,705.240511894226,0.548148512840271,0.523370087146759,0.5669314861297607,0.4897503554821014,3.4925537109375,3.0986480712890625,Fixation,1451.7827956017331,719.4925725168385,400.0,16.0,True,28,image,,9.0
3640.0,1456.4007568359375,712.4827766418456,0.5513734221458435,0.5155884027481079,0.5689065456390381,0.4947797060012817,3.488739013671875,3.1052398681640625,Fixation,1451.7827956017331,719.4925725168385,400.0,16.0,True,28,image,,9.0
3644.0,1447.67333984375,722.6737117767334,0.5543990731239319,0.5032358765602112,0.5654973983764648,0.5018567442893982,3.437591552734375,3.114501953125,Fixation,1451.7827956017331,719.4925725168385,400.0,16.0,True,28,image,,9.0
3648.0,1446.9154357910156,717.6212453842162,0.5511496663093567,0.5056681632995605,0.5652013421058655,0.4983480870723724,3.4655914306640625,3.112701416015625,Fixation,1451.7827956017331,719.4925725168385,400.0,16.0,True,28,image,,9.0
3652.0,1453.5366821289062,712.069673538208,0.552879810333252,0.5139273405075073,0.567787766456604,0.4944928288459778,3.4663543701171875,3.100250244140625,Fixation,1451.7827956017331,719.4925725168385,400.0,16.0,True,28,image,,9.0
3656.0,1439.2454528808594,700.3409528732299,0.5519751906394958,0.5083188414573669,0.5622052550315857,0.486347883939743,3.461395263671875,3.080841064453125,Fixation,1451.7827956017331,719.4925725168385,400.0,16.0,True,28,image,,9.0
3660.0,1443.8291931152344,726.6410636901855,0.5542640089988708,0.5289710760116577,0.5639957785606384,0.5046118497848511,3.5374755859375,3.124298095703125,Fixation,1451.7827956017331,719.4925725168385,400.0,16.0,True,28,image,,9.0
3664.0,1437.9580688476562,713.4169578552246,0.5550059080123901,0.5070843696594238,0.5617023706436157,0.4954284429550171,3.46710205078125,3.1116485595703125,Fixation,1451.7827956017331,719.4925725168385,400.0,16.0,True,28,image,,9.0
3668.0,1436.5388488769531,726.4702606201172,0.5529732704162598,0.5160378813743591,0.5611479878425598,0.504493236541748,3.4969940185546875,3.106689453125,Fixation,1451.7827956017331,719.4925725168385,400.0,16.0,True,28,image,,9.0
3672.0,1454.664306640625,712.3680210113524,0.5545098185539246,0.5109594464302063,0.5682282447814941,0.494700014591217,3.476043701171875,3.0941925048828125,Fixation,1451.7827956017331,719.4925725168385,400.0,16.0,True,28,image,,9.0
3676.0,1440.1705932617188,729.0972805023193,0.5526125431060791,0.5233854055404663,0.5625666379928589,0.5063175559043884,3.494140625,3.1243438720703125,Fixation,1451.7827956017331,719.4925725168385,400.0,16.0,True,28,image,,9.0
3680.0,1441.3609313964844,718.0463218688964,0.5499038696289062,0.5082926750183105,0.5630316138267517,0.4986432790756225,3.446395874023437,3.113677978515625,Fixation,1451.7827956017331,719.4925725168385,400.0,16.0,True,28,image,,9.0
3684.0,1437.4723815917969,733.2763767242432,0.550254225730896,0.5098444223403931,0.5615126490592957,0.5092197060585022,3.43829345703125,3.1478424072265625,Fixation,1451.7827956017331,719.4925725168385,400.0,16.0,True,28,image,,9.0
3688.0,1442.593994140625,713.0340242385864,0.557374119758606,0.5208494663238525,0.5635132789611816,0.4951625168323517,3.481063842773437,3.101715087890625,Fixation,1451.7827956017331,719.4925725168385,400.0,16.0,True,28,image,,9.0
3692.0,1442.3173522949219,714.1454458236694,0.550129771232605,0.5167196989059448,0.5634052157402039,0.4959343373775482,3.4619140625,3.10687255859375,Fixation,1451.7827956017331,719.4925725168385,400.0,16.0,True,28,image,,9.0
3696.0,1454.6733093261719,698.966417312622,0.5537856221199036,0.515120267868042,0.5682317614555359,0.4853933453559875,3.467437744140625,3.080413818359375,Fixation,1451.7827956017331,719.4925725168385,400.0,16.0,True,28,image,,9.0
3700.0,1446.6719055175781,728.6941337585449,0.5520554184913635,0.5331615805625916,0.565106213092804,0.5060375928878784,3.5070037841796875,3.1182403564453125,Fixation,1451.7827956017331,719.4925725168385,400.0,16.0,True,28,image,,9.0
3704.0,1450.679931640625,713.3368778228759,0.5541486144065857,0.5211498141288757,0.5666718482971191,0.4953728318214416,3.482086181640625,3.1181640625,Fixation,1451.7827956017331,719.4925725168385,400.0,16.0,True,28,image,,9.0
3708.0,1444.3226623535156,706.6747426986694,0.5533608794212341,0.5152116417884827,0.564188539981842,0.4907463490962982,3.455551147460937,3.0802764892578125,Fixation,1451.7827956017331,719.4925725168385,400.0,16.0,True,28,image,,9.0
3712.0,1451.1428833007812,707.1327352523804,0.553903341293335,0.5314774513244629,0.5668526887893677,0.4910643994808197,3.4854736328125,3.091827392578125,Fixation,1451.7827956017331,719.4925725168385,400.0,16.0,True,28,image,,9.0
3716.0,1444.3154907226562,697.5209426879883,0.5529659390449524,0.5114989280700684,0.5641857385635376,0.4843895435333252,3.42303466796875,3.0897674560546875,Fixation,1451.7827956017331,719.4925725168385,400.0,16.0,True,28,image,,9.0
3720.0,1436.6525268554688,716.585955619812,0.5600431561470032,0.5383996367454529,0.5611923933029175,0.4976291358470917,3.529052734375,3.1051483154296875,Fixation,1451.7827956017331,719.4925725168385,400.0,16.0,True,28,image,,9.0
3724.0,1452.6087951660156,713.0574989318847,0.5580996870994568,0.5302754640579224,0.5674253106117249,0.4951788187026977,3.506744384765625,3.1019439697265625,Fixation,1451.7827956017331,719.4925725168385,400.0,16.0,True,28,image,,9.0
3728.0,1446.4939880371094,711.4235401153563,0.5535301566123962,0.5196982622146606,0.5650367140769958,0.4940441250801086,3.473846435546875,3.0664825439453125,Fixation,1451.7827956017331,719.4925725168385,400.0,16.0,True,28,image,,9.0
3732.0,1420.8781433105469,711.6934776306151,0.5408182740211487,0.5209929347038269,0.5550305247306824,0.4942315816879272,3.463134765625,3.0977020263671875,Fixation,1451.7827956017331,719.4925725168385,400.0,16.0,True,28,image,,9.0
3736.0,1356.4976501464844,689.8382806777953,0.5202011466026306,0.5018945932388306,0.5298818945884705,0.4790543615818023,3.448104858398437,3.0929107666015625,Saccade,,,,0.0,False,29,,,
3740.0,1310.2658081054688,689.9672842025757,0.4889305531978607,0.4993194043636322,0.5118225812911987,0.4791439473628998,3.443572998046875,3.0868377685546875,Saccade,,,,0.0,False,29,,,
3744.0,1258.458480834961,709.7034502029419,0.4726190567016601,0.4902162849903106,0.4915853440761566,0.4928496181964874,3.4014434814453125,3.1108551025390625,Saccade,,,,0.0,False,29,,,
3748.0,1229.4647216796873,715.6594562530518,0.462882250547409,0.5089257955551147,0.4802596569061279,0.4969857335090637,3.431503295898437,3.08050537109375,Fixation,1176.0894194893215,707.5555838709292,180.0,17.0,True,30,image,,9.0
3752.0,1185.8026123046873,724.4686031341553,0.4523722231388092,0.5038315057754517,0.4632041454315185,0.5031031966209412,3.397857666015625,3.1019439697265625,Fixation,1176.0894194893215,707.5555838709292,180.0,17.0,True,30,image,,9.0
3756.0,1161.1160278320312,703.2165384292601,0.4508303701877594,0.5121029019355774,0.4535609483718872,0.4883448183536529,3.42327880859375,3.093490600585937,Fixation,1176.0894194893215,707.5555838709292,180.0,17.0,True,30,image,,9.0
3760.0,1172.9383087158203,707.7846622467041,0.4562785029411316,0.5043129324913025,0.4581790268421173,0.4915171265602112,3.42803955078125,3.09698486328125,Fixation,1176.0894194893215,707.5555838709292,180.0,17.0,True,30,image,,9.0
3764.0,1189.7630310058594,705.3276729583739,0.4497119188308716,0.512936532497406,0.4647511839866638,0.4898108839988708,3.424041748046875,3.097640991210937,Fixation,1176.0894194893215,707.5555838709292,180.0,17.0,True,30,image,,9.0
3768.0,1185.9785461425781,712.1908664703368,0.4469949305057525,0.5247702598571777,0.4632728695869446,0.4945769906044006,3.449981689453125,3.1012115478515625,Fixation,1176.0894194893215,707.5555838709292,180.0,17.0,True,30,image,,9.0
3772.0,1187.87727355957,697.1957302093505,0.4502563774585724,0.514167308807373,0.4640145599842071,0.4841637015342712,3.440155029296875,3.0782928466796875,Fixation,1176.0894194893215,707.5555838709292,180.0,17.0,True,30,image,,9.0
3776.0,1193.989486694336,683.9566898345946,0.445875883102417,0.5132850408554077,0.466402143239975,0.4749699234962463,3.441146850585937,3.0735626220703125,Fixation,1176.0894194893215,707.5555838709292,180.0,17.0,True,30,image,,9.0
3780.0,1183.2633209228516,722.0461177825928,0.4532478749752044,0.5005889534950256,0.4622122347354889,0.5014209151268005,3.416412353515625,3.1085205078125,Fixation,1176.0894194893215,707.5555838709292,180.0,17.0,True,30,image,,9.0
3784.0,1181.322326660156,713.5372495651245,0.4477036297321319,0.5171538591384888,0.4614540338516235,0.4955119788646698,3.4229736328125,3.103012084960937,Fixation,1176.0894194893215,707.5555838709292,180.0,17.0,True,30,image,,9.0
3788.0,1176.5267181396482,700.9401369094847,0.4479484856128692,0.5211940407752991,0.4595807492733001,0.48676398396492,3.42449951171875,3.089019775390625,Fixation,1176.0894194893215,707.5555838709292,180.0,17.0,True,30,image,,9.0
3792.0,1172.4858093261719,714.2432069778442,0.4497575461864471,0.500508189201355,0.4580022692680359,0.4960022270679474,3.3948974609375,3.096405029296875,Fixation,1176.0894194893215,707.5555838709292,180.0,17.0,True,30,image,,9.0
3796.0,1170.4779815673828,704.0775060653687,0.4504887163639068,0.5169214606285095,0.4572179615497589,0.4889427125453949,3.450302124023437,3.090850830078125,Fixation,1176.0894194893215,707.5555838709292,180.0,17.0,True,30,image,,9.0
3800.0,1183.8093566894531,705.5390310287474,0.4478146433830261,0.5043357610702515,0.4624255299568176,0.4899576604366302,3.3969879150390625,3.0763397216796875,Fixation,1176.0894194893215,707.5555838709292,180.0,17.0,True,30,image,,9.0
3804.0,1177.2941589355469,701.7640256881714,0.4527318477630615,0.5132833123207092,0.459880530834198,0.487336128950119,3.4217987060546875,3.09979248046875,Fixation,1176.0894194893215,707.5555838709292,180.0,17.0,True,30,image,,9.0
3808.0,1182.530288696289,711.5476942062377,0.4517454206943512,0.5071131587028503,0.4619258940219879,0.4941303431987762,3.416854858398437,3.092391967773437,Fixation,1176.0894194893215,707.5555838709292,180.0,17.0,True,30,image,,9.0
3812.0,1175.3393554687498,698.9834976196288,0.4464086294174194,0.5147385001182556,0.4591169357299804,0.4854052066802978,3.398422241210937,3.08697509765625,Fixation,1176.0894194893215,707.5555838709292,180.0,17.0,True,30,image,,9.0
3816.0,1171.5312194824216,706.7718601226807,0.4468310475349426,0.5222827196121216,0.457629382610321,0.4908137917518616,3.4358367919921875,3.0959930419921875,Fixation,1176.0894194893215,707.5555838709292,180.0,17.0,True,30,image,,9.0
3820.0,1178.638916015625,712.6896715164185,0.4456862211227417,0.5238231420516968,0.4604058265686035,0.4949233829975128,3.4344635009765625,3.082977294921875,Fixation,1176.0894194893215,707.5555838709292,180.0,17.0,True,30,image,,9.0
3824.0,1171.7027282714844,731.7123699188232,0.4434113800525665,0.5138943195343018,0.4576963782310486,0.508133590221405,3.4034881591796875,3.1162109375,Fixation,1176.0894194893215,707.5555838709292,180.0,17.0,True,30,image,,9.0
3828.0,1177.4869537353516,711.9570207595825,0.4459085166454315,0.5088655352592468,0.4599558413028717,0.4944145977497101,3.4049530029296875,3.0882568359375,Fixation,1176.0894194893215,707.5555838709292,180.0,17.0,True,30,image,,9.0
3832.0,1170.3549957275388,696.9845867156982,0.4482449293136596,0.5152267217636108,0.4571699202060699,0.4840170741081238,3.41375732421875,3.070587158203125,Fixation,1176.0894194893215,707.5555838709292,180.0,17.0,True,30,image,,9.0
3836.0,1170.0691986083982,718.384666442871,0.4464914798736572,0.5194219946861267,0.4570582807064056,0.4988782405853271,3.4240264892578125,3.088836669921875,Fixation,1176.0894194893215,707.5555838709292,180.0,17.0,True,30,image,,9.0
3840.0,1175.2131652832031,708.6280345916747,0.4416589736938476,0.5047388076782227,0.4590676426887512,0.4921028017997741,3.39105224609375,3.06988525390625,Fixation,1176.0894194893215,707.5555838709292,180.0,17.0,True,30,image,,9.0
3844.0,1178.6933135986326,686.8893527984619,0.4458606839179992,0.5098670125007629,0.4604270756244659,0.4770064949989319,3.430389404296875,3.05511474609375,Fixation,1176.0894194893215,707.5555838709292,180.0,17.0,True,30,image,,9.0
3848.0,1177.253494262695,709.050064086914,0.4432393908500671,0.5093914270401001,0.4598646461963653,0.4923958778381347,3.39337158203125,3.070419311523437,Fixation,1176.0894194893215,707.5555838709292,180.0,17.0,True,30,image,,9.0
3852.0,1168.2960510253906,698.0536079406737,0.4465376734733581,0.5107191801071167,0.4563656449317932,0.4847594499588012,3.4280242919921875,3.06219482421875,Fixation,1176.0894194893215,707.5555838709292,180.0,17.0,True,30,image,,9.0
3856.0,1165.4779052734375,704.3188619613647,0.4430318474769592,0.5055081844329834,0.4552648067474365,0.4891103208065033,3.406768798828125,3.083648681640625,Fixation,1176.0894194893215,707.5555838709292,180.0,17.0,True,30,image,,9.0
3860.0,1176.0384368896484,698.8180160522461,0.4403386116027832,0.5128369331359863,0.4593900144100189,0.4852902889251709,3.426483154296875,3.0561065673828125,Fixation,1176.0894194893215,707.5555838709292,180.0,17.0,True,30,image,,9.0
3864.0,1175.1399993896484,708.6178636550903,0.4405511021614074,0.5116873383522034,0.4590390622615814,0.4920957386493683,3.4151611328125,3.0632781982421875,Fixation,1176.0894194893215,707.5555838709292,180.0,17.0,True,30,image,,9.0
3868.0,1169.1462707519531,716.1034154891967,0.4379409849643707,0.5154787302017212,0.4566977620124817,0.4972940385341644,3.439682006835937,3.10302734375,Fixation,1176.0894194893215,707.5555838709292,180.0,17.0,True,30,image,,9.0
3872.0,1170.378189086914,701.590905189514,0.4391075372695923,0.5218096971511841,0.4571789801120758,0.487215906381607,3.4231719970703125,3.059967041015625,Fixation,1176.0894194893215,707.5555838709292,180.0,17.0,True,30,image,,9.0
3876.0,1168.2054901123047,692.6943397521973,0.4365414679050445,0.5057129859924316,0.456330269575119,0.4810377359390259,3.3980255126953125,3.065826416015625,Fixation,1176.0894194893215,707.5555838709292,180.0,17.0,True,30,image,,9.0
3880.0,1163.9080810546875,709.586033821106,0.4355203807353973,0.5028397440910339,0.4546515941619873,0.4927680790424347,3.3699951171875,3.086517333984375,Fixation,1176.0894194893215,707.5555838709292,180.0,17.0,True,30,image,,9.0
3884.0,1176.2886810302732,704.4279527664185,0.4308514893054962,0.5060650706291199,0.4594877660274505,0.4891860783100128,3.38031005859375,3.0721893310546875,Fixation,1176.0894194893215,707.5555838709292,180.0,17.0,True,30,image,,9.0
3888.0,1167.9596710205076,706.7932748794555,0.4344890713691711,0.5147132277488708,0.4562342464923858,0.490828663110733,3.4239501953125,3.069686889648437,Fixation,1176.0894194893215,707.5555838709292,180.0,17.0,True,30,image,,9.0
3892.0,1172.9084777832031,713.8422489166259,0.4358060657978058,0.5138843655586243,0.4581673741340637,0.4957237839698791,3.4419403076171875,3.09375,Fixation,1176.0894194893215,707.5555838709292,180.0,17.0,True,30,image,,9.0
3896.0,1171.645736694336,712.7937412261963,0.4352104067802429,0.501880407333374,0.457674115896225,0.494995653629303,3.402099609375,3.087188720703125,Fixation,1176.0894194893215,707.5555838709292,180.0,17.0,True,30,image,,9.0
3900.0,1182.663879394531,703.3882856369019,0.434025764465332,0.5160630941390991,0.4619780778884887,0.4884640872478485,3.4339599609375,3.0660858154296875,Fixation,1176.0894194893215,707.5555838709292,180.0,17.0,True,30,image,,9.0
3904.0,1176.9235229492188,710.5574655532836,0.4339924454689026,0.5069815516471863,0.4597357511520386,0.4934426844120025,3.4173126220703125,3.0740509033203125,Fixation,1176.0894194893215,707.5555838709292,180.0,17.0,True,30,image,,9.0
3908.0,1170.1029968261719,723.3772659301758,0.4355743825435638,0.5029555559158325,0.4570714831352234,0.5023453235626221,3.4232940673828125,3.09478759765625,Fixation,1176.0894194893215,707.5555838709292,180.0,17.0,True,30,image,,9.0
3912.0,1170.7662200927734,710.17822265625,0.4371137917041778,0.5137106776237488,0.4573305547237396,0.4931793212890625,3.428741455078125,3.0760955810546875,Fixation,1176.0894194893215,707.5555838709292,180.0,17.0,True,30,image,,9.0
3916.0,1173.4939575195312,718.0806112289429,0.4353445470333099,0.5073630213737488,0.4583960771560669,0.4986670911312103,3.4041748046875,3.08648681640625,Fixation,1176.0894194893215,707.5555838709292,180.0,17.0,True,30,image,,9.0
3920.0,1178.2047271728513,692.889733314514,0.4369109570980072,0.5023791193962097,0.4602362215518951,0.481173425912857,3.4064483642578125,3.045989990234375,Fixation,1176.0894194893215,707.5555838709292,180.0,17.0,True,30,image,,9.0
3924.0,1164.1791534423828,717.873158454895,0.4335767924785614,0.5106750726699829,0.4547574818134308,0.4985230267047882,3.4158172607421875,3.089324951171875,Fixation,1176.0894194893215,707.5555838709292,180.0,17.0,True,30,image,,9.0
3928.0,1157.4625396728513,698.025541305542,0.4298097789287567,0.5137107372283936,0.4521338045597076,0.4847399592399597,3.429412841796875,3.0465240478515625,Fixation,1176.0894194893215,707.5555838709292,180.0,17.0,True,30,image,,9.0
3932.0,1120.919952392578,705.0338745117188,0.4163897335529327,0.5030530095100403,0.4378593564033508,0.4896068572998047,3.380828857421875,3.0522918701171875,Fixation,1078.6045031480387,725.9944491319253,280.0,18.0,True,31,image,,9.0
3936.0,1070.9773254394531,742.4567413330078,0.4000700712203979,0.5190635323524475,0.4183505177497864,0.5155949592590332,3.42913818359375,3.129791259765625,Fixation,1078.6045031480387,725.9944491319253,280.0,18.0,True,31,image,,9.0
3940.0,1064.3465423583984,742.2962379455566,0.4004279375076294,0.5094146132469177,0.4157603681087494,0.5154834985733032,3.4118804931640625,3.0985870361328125,Fixation,1078.6045031480387,725.9944491319253,280.0,18.0,True,31,image,,9.0
3944.0,1063.6647033691404,726.2903594970703,0.3987960517406463,0.5235611796379089,0.4154940247535705,0.5043683052062988,3.4259033203125,3.097991943359375,Fixation,1078.6045031480387,725.9944491319253,280.0,18.0,True,31,image,,9.0
3948.0,1077.8167724609375,732.3822784423828,0.3992545902729034,0.5145170092582703,0.4210221767425537,0.508598804473877,3.42431640625,3.097503662109375,Fixation,1078.6045031480387,725.9944491319253,280.0,18.0,True,31,image,,9.0
3952.0,1080.6429290771484,710.791139602661,0.4010791480541229,0.5129838585853577,0.4221261441707611,0.4936049580574035,3.4078521728515625,3.07720947265625,Fixation,1078.6045031480387,725.9944491319253,280.0,18.0,True,31,image,,9.0
3956.0,1086.9615936279295,695.2354001998901,0.4049037098884582,0.5189147591590881,0.42459437251091,0.4828023612499237,3.4209747314453125,3.049057006835937,Fixation,1078.6045031480387,725.9944491319253,280.0,18.0,True,31,image,,9.0
3960.0,1074.560623168945,734.1207790374756,0.4055928885936737,0.5253371596336365,0.4197502434253692,0.5098060965538025,3.4250946044921875,3.099349975585937,Fixation,1078.6045031480387,725.9944491319253,280.0,18.0,True,31,image,,9.0
3964.0,1087.579650878906,749.7321796417236,0.4041719734668731,0.5262311697006226,0.4248358011245727,0.5206473469734192,3.450668334960937,3.09808349609375,Fixation,1078.6045031480387,725.9944491319253,280.0,18.0,True,31,image,,9.0
3968.0,1066.9926452636719,744.7115993499756,0.4057364165782928,0.5118655562400818,0.4167940020561218,0.5171608328819275,3.4056396484375,3.126373291015625,Fixation,1078.6045031480387,725.9944491319253,280.0,18.0,True,31,image,,9.0
3972.0,1077.3515319824216,734.7924900054932,0.4003439843654632,0.5096977949142456,0.4208404421806335,0.5102725625038147,3.3993377685546875,3.106353759765625,Fixation,1078.6045031480387,725.9944491319253,280.0,18.0,True,31,image,,9.0
3976.0,1091.9411468505857,714.6253681182861,0.4068731963634491,0.5141348838806152,0.4265395104885101,0.4962676167488098,3.397735595703125,3.06597900390625,Fixation,1078.6045031480387,725.9944491319253,280.0,18.0,True,31,image,,9.0
3980.0,1055.8615112304685,751.0453033447266,0.4042496979236603,0.5240658521652222,0.4124459028244018,0.5215592384338379,3.434600830078125,3.13116455078125,Fixation,1078.6045031480387,725.9944491319253,280.0,18.0,True,31,image,,9.0
3984.0,1083.3636474609375,728.1184673309326,0.4055318534374237,0.5135095715522766,0.4231889247894287,0.5056378245353699,3.408721923828125,3.0751953125,Fixation,1078.6045031480387,725.9944491319253,280.0,18.0,True,31,image,,9.0
3988.0,1081.1875915527341,719.8023319244385,0.4028808176517486,0.5210402011871338,0.4223389029502868,0.4998627305030823,3.41766357421875,3.076522827148437,Fixation,1078.6045031480387,725.9944491319253,280.0,18.0,True,31,image,,9.0
3992.0,1086.0820007324219,710.2009677886963,0.3996692895889282,0.5133266448974609,0.4242507815361023,0.493195116519928,3.402984619140625,3.0640411376953125,Fixation,1078.6045031480387,725.9944491319253,280.0,18.0,True,31,image,,9.0
3996.0,1077.5095367431638,719.8449039459227,0.4025779962539673,0.5162075757980347,0.4209021627902984,0.4998922944068908,3.39013671875,3.072235107421875,Fixation,1078.6045031480387,725.9944491319253,280.0,18.0,True,31,image,,9.0
4000.0,1078.4512329101562,725.0513935089111,0.4053690433502197,0.5126031637191772,0.4212700128555298,0.5035079121589661,3.39404296875,3.095565795898437,Fixation,1078.6045031480387,725.9944491319253,280.0,18.0,True,31,image,,9.0
4004.0,1069.633865356445,742.0153141021729,0.4127537906169891,0.5122062563896179,0.4178257286548614,0.5152884125709534,3.4180450439453125,3.1286773681640625,Fixation,1078.6045031480387,725.9944491319253,280.0,18.0,True,31,image,,9.0
4008.0,1094.9265289306638,722.6876163482666,0.4062905609607696,0.5150569081306458,0.4277056753635406,0.5018664002418518,3.3958892822265625,3.072494506835937,Fixation,1078.6045031480387,725.9944491319253,280.0,18.0,True,31,image,,9.0
4012.0,1074.5890808105469,718.680396080017,0.406569629907608,0.5115452408790588,0.4197613596916199,0.4990836083889007,3.39892578125,3.07012939453125,Fixation,1078.6045031480387,725.9944491319253,280.0,18.0,True,31,image,,9.0
4016.0,1076.6983795166016,725.1428031921387,0.4053061008453369,0.517135739326477,0.4205853044986725,0.5035713911056519,3.408203125,3.08349609375,Fixation,1078.6045031480387,725.9944491319253,280.0,18.0,True,31,image,,9.0
4020.0,1082.6786041259766,721.9302463531494,0.4045710563659668,0.5116132497787476,0.4229213297367096,0.5013404488563538,3.40753173828125,3.0852203369140625,Fixation,1078.6045031480387,725.9944491319253,280.0,18.0,True,31,image,,9.0
4024.0,1075.0885009765625,721.3498592376709,0.4065779447555542,0.522545337677002,0.4199564456939697,0.5009374022483826,3.422210693359375,3.081329345703125,Fixation,1078.6045031480387,725.9944491319253,280.0,18.0,True,31,image,,9.0
4028.0,1064.5462799072266,744.9870300292969,0.4018776416778564,0.5148234367370605,0.4158383905887604,0.5173521041870117,3.395233154296875,3.1137847900390625,Fixation,1078.6045031480387,725.9944491319253,280.0,18.0,True,31,image,,9.0
4032.0,1091.9723510742188,696.9845867156982,0.4054502844810486,0.5178080797195435,0.4265516996383667,0.4840170741081238,3.435028076171875,3.0546875,Fixation,1078.6045031480387,725.9944491319253,280.0,18.0,True,31,image,,9.0
4036.0,1078.225631713867,731.3134288787842,0.4039444923400879,0.517166018486023,0.4211818873882293,0.507856547832489,3.4058990478515625,3.08343505859375,Fixation,1078.6045031480387,725.9944491319253,280.0,18.0,True,31,image,,9.0
4040.0,1084.018325805664,711.449761390686,0.4031328856945038,0.5069565773010254,0.4234446585178375,0.4940623342990875,3.37567138671875,3.060211181640625,Fixation,1078.6045031480387,725.9944491319253,280.0,18.0,True,31,image,,9.0
4044.0,1073.7276458740234,750.7109069824219,0.4017105400562286,0.5085857510566711,0.4194248616695404,0.521327018737793,3.3880615234375,3.114349365234375,Fixation,1078.6045031480387,725.9944491319253,280.0,18.0,True,31,image,,9.0
4048.0,1082.7481842041016,743.1021881103516,0.4001646041870117,0.5113115310668945,0.4229485094547272,0.5160431861877441,3.3783416748046875,3.0962371826171875,Fixation,1078.6045031480387,725.9944491319253,280.0,18.0,True,31,image,,9.0
4052.0,1088.323974609375,712.2657537460326,0.4040394723415375,0.5125551819801331,0.4251265525817871,0.4946289956569671,3.4110107421875,3.055404663085937,Fixation,1078.6045031480387,725.9944491319253,280.0,18.0,True,31,image,,9.0
4056.0,1086.2177276611328,736.7826461791992,0.4063172340393066,0.5173804759979248,0.42430379986763,0.5116546154022217,3.4209136962890625,3.096710205078125,Fixation,1078.6045031480387,725.9944491319253,280.0,18.0,True,31,image,,9.0
4060.0,1075.3817749023438,728.6013507843018,0.4058641195297241,0.5125955939292908,0.420071005821228,0.5059731602668762,3.383331298828125,3.0946044921875,Fixation,1078.6045031480387,725.9944491319253,280.0,18.0,True,31,image,,9.0
4064.0,1067.4876403808594,716.3517236709594,0.4024501144886017,0.5120388865470886,0.4169873595237732,0.4974664747714996,3.398178100585937,3.084091186523437,Fixation,1078.6045031480387,725.9944491319253,280.0,18.0,True,31,image,,9.0
4068.0,1074.5421600341795,735.0722980499268,0.4046454727649688,0.5173061490058899,0.4197430312633514,0.5104668736457825,3.405258178710937,3.0915069580078125,Fixation,1078.6045031480387,725.9944491319253,280.0,18.0,True,31,image,,9.0
4072.0,1065.343017578125,699.4181442260741,0.4046607315540313,0.5075976848602295,0.4161496162414551,0.4857070446014404,3.3781890869140625,3.0510711669921875,Fixation,1078.6045031480387,725.9944491319253,280.0,18.0,True,31,image,,9.0
4076.0,1081.9229125976562,703.6590385437012,0.4058829247951507,0.5145999193191528,0.4226261377334595,0.4886521100997925,3.4010772705078125,3.05963134765625,Fixation,1078.6045031480387,725.9944491319253,280.0,18.0,True,31,image,,9.0
4080.0,1074.1866302490234,731.3474178314209,0.4031513035297394,0.5193349123001099,0.4196041524410248,0.5078801512718201,3.423202514648437,3.088470458984375,Fixation,1078.6045031480387,725.9944491319253,280.0,18.0,True,31,image,,9.0
4084.0,1081.8389892578125,728.0430221557617,0.4006637334823608,0.5107070207595825,0.422593355178833,0.5055854320526123,3.3874053955078125,3.0572509765625,Fixation,1078.6045031480387,725.9944491319253,280.0,18.0,True,31,image,,9.0
4088.0,1087.7909851074216,717.5798320770264,0.4039196074008941,0.5204592943191528,0.4249183535575866,0.4983193278312683,3.4242095947265625,3.0612335205078125,Fixation,1078.6045031480387,725.9944491319253,280.0,18.0,True,31,image,,9.0
4092.0,1067.0252990722654,741.8845081329346,0.3999692499637604,0.509916365146637,0.4168067574501037,0.5151975750923157,3.387054443359375,3.10791015625,Fixation,1078.6045031480387,725.9944491319253,280.0,18.0,True,31,image,,9.0
4096.0,1080.1373291015623,718.9470720291138,0.3998956978321075,0.5166781544685364,0.4219286441802978,0.4992688000202179,3.3948516845703125,3.060516357421875,Fixation,1078.6045031480387,725.9944491319253,280.0,18.0,True,31,image,,9.0
4100.0,1087.955093383789,704.026436805725,0.4050042033195495,0.5162501931190491,0.4249824583530426,0.4889072477817535,3.4259490966796875,3.054779052734375,Fixation,1078.6045031480387,725.9944491319253,280.0,18.0,True,31,image,,9.0
4104.0,1068.43505859375,744.3011569976807,0.4047306478023529,0.5057440996170044,0.4173574447631836,0.5168758034706116,3.367950439453125,3.0959930419921875,Fixation,1078.6045031480387,725.9944491319253,280.0,18.0,True,31,image,,9.0
4108.0,1071.284484863281,728.1724548339844,0.4005462825298309,0.5208359360694885,0.4184705018997192,0.5056753158569336,3.4097137451171875,3.0924224853515625,Fixation,1078.6045031480387,725.9944491319253,280.0,18.0,True,31,image,,9.0
4112.0,1077.6139831542969,712.0065879821776,0.4039991199970245,0.5118471384048462,0.4209429621696472,0.4944490194320678,3.398178100585937,3.036849975585937,Fixation,1078.6045031480387,725.9944491319253,280.0,18.0,True,31,image,,9.0
4116.0,1080.8619689941406,715.6825017929077,0.400621086359024,0.5077847838401794,0.4222117066383362,0.4970017373561859,3.3890838623046875,3.0559539794921875,Fixation,1078.6045031480387,725.9944491319253,280.0,18.0,True,31,image,,9.0
4120.0,1088.8856506347656,713.8005352020264,0.4061711430549621,0.5277233123779297,0.4253459572792053,0.4956948161125183,3.4297637939453125,3.0730438232421875,Fixation,1078.6045031480387,725.9944491319253,280.0,18.0,True,31,image,,9.0
4124.0,1088.3363342285156,749.1543674468994,0.403014600276947,0.5109777450561523,0.4251313805580139,0.5202460885047913,3.37847900390625,3.11505126953125,Fixation,1078.6045031480387,725.9944491319253,280.0,18.0,True,31,image,,9.0
4128.0,1080.0934600830078,723.5622310638428,0.4020286500453949,0.5219525098800659,0.4219115078449249,0.502473771572113,3.4199676513671875,3.05474853515625,Fixation,1078.6045031480387,725.9944491319253,280.0,18.0,True,31,image,,9.0
4132.0,1079.4963836669922,738.5571956634521,0.4021293818950653,0.5144804120063782,0.4216782748699188,0.5128869414329529,3.398468017578125,3.083114624023437,Fixation,1078.6045031480387,725.9944491319253,280.0,18.0,True,31,image,,9.0
4136.0,1075.279769897461,713.3991050720215,0.4005619585514068,0.51060950756073,0.4200311601161957,0.4954160451889038,3.380722045898437,3.071640014648437,Fixation,1078.6045031480387,725.9944491319253,280.0,18.0,True,31,image,,9.0
4140.0,1080.3206634521484,748.1235408782959,0.4022206664085388,0.5130009651184082,0.4220002591609955,0.5195302367210388,3.39990234375,3.10107421875,Fixation,1078.6045031480387,725.9944491319253,280.0,18.0,True,31,image,,9.0
4144.0,1079.814682006836,731.4532470703125,0.4004509150981903,0.512671947479248,0.4218026101589203,0.5079536437988281,3.3751373291015625,3.0807037353515625,Fixation,1078.6045031480387,725.9944491319253,280.0,18.0,True,31,image,,9.0
4148.0,1083.0139923095703,732.0101165771484,0.3994613587856293,0.512426495552063,0.4230523407459259,0.5083403587341309,3.3961334228515625,3.0812225341796875,Fixation,1078.6045031480387,725.9944491319253,280.0,18.0,True,31,image,,9.0
4152.0,1073.2629394531248,737.7382850646973,0.3927715718746185,0.5154106020927429,0.4192433357238769,0.5123182535171509,3.4006500244140625,3.092437744140625,Fixation,1078.6045031480387,725.9944491319253,280.0,18.0,True,31,image,,9.0
4156.0,1078.7628173828123,726.1937999725342,0.3959819674491882,0.5153409838676453,0.4213917255401611,0.5043012499809265,3.394073486328125,3.083648681640625,Fixation,1078.6045031480387,725.9944491319253,280.0,18.0,True,31,image,,9.0
4160.0,1073.9551544189453,730.7809352874756,0.3939959108829498,0.5205787420272827,0.4195137321949005,0.5074867606163025,3.3957672119140625,3.08905029296875,Fixation,1078.6045031480387,725.9944491319253,280.0,18.0,True,31,image,,9.0
4164.0,1092.8375244140623,709.3099164962767,0.3991641998291015,0.5180006623268127,0.4268896579742431,0.4925763309001922,3.4137420654296875,3.0498199462890625,Fixation,1078.6045031480387,725.9944491319253,280.0,18.0,True,31,image,,9.0
4168.0,1081.2853240966797,736.4969158172607,0.3970212340354919,0.5186020135879517,0.4223770797252655,0.5114561915397644,3.3966522216796875,3.111190795898437,Fixation,1078.6045031480387,725.9944491319253,280.0,18.0,True,31,image,,9.0
4172.0,1068.0118560791013,722.4531269073486,0.3958480358123779,0.5262269377708435,0.417192131280899,0.5017035603523254,3.4108428955078125,3.0832061767578125,Fixation,1078.6045031480387,725.9944491319253,280.0,18.0,True,31,image,,9.0
4176.0,1089.3936157226562,715.9861707687377,0.3939194977283478,0.5291142463684082,0.4255443811416626,0.4972126185894012,3.4132232666015625,3.0540771484375,Fixation,1078.6045031480387,725.9944491319253,280.0,18.0,True,31,image,,9.0
4180.0,1070.2412414550781,724.2271614074707,0.3930083811283111,0.5256789922714233,0.4180629849433899,0.502935528755188,3.3880615234375,3.084091186523437,Fixation,1078.6045031480387,725.9944491319253,280.0,18.0,True,31,image,,9.0
4184.0,1078.2679748535154,728.0105781555176,0.3985755145549774,0.5153929591178894,0.4211984276771545,0.5055629014968872,3.4105682373046875,3.075347900390625,Fixation,1078.6045031480387,725.9944491319253,280.0,18.0,True,31,image,,9.0
4188.0,1070.7975769042966,743.862476348877,0.3936501741409302,0.5101222991943359,0.4182803034782409,0.5165711641311646,3.363677978515625,3.116439819335937,Fixation,1078.6045031480387,725.9944491319253,280.0,18.0,True,31,image,,9.0
4192.0,1076.5931701660154,719.8818969726561,0.3964103460311889,0.5211114883422852,0.4205442070960998,0.499917984008789,3.3966064453125,3.0649566650390625,Fixation,1078.6045031480387,725.9944491319253,280.0,18.0,True,31,image,,9.0
4196.0,1072.824935913086,715.2158832550049,0.3971930742263794,0.5184133648872375,0.4190722405910492,0.4966776967048645,3.410125732421875,3.0808258056640625,Fixation,1078.6045031480387,725.9944491319253,280.0,18.0,True,31,image,,9.0
4200.0,1078.4791564941406,706.7250823974609,0.3973710238933563,0.514488697052002,0.4212809205055237,0.490781307220459,3.3960723876953125,3.060165405273437,Fixation,1078.6045031480387,725.9944491319253,280.0,18.0,True,31,image,,9.0
4204.0,1075.0347137451172,724.5179557800293,0.4008459448814392,0.5226824283599854,0.4199354350566864,0.503137469291687,3.4242706298828125,3.0617828369140625,Fixation,1078.6045031480387,725.9944491319253,280.0,18.0,True,31,image,,9.0
4208.0,1081.6971588134766,733.9988136291504,0.4024015665054321,0.5185225009918213,0.4225379526615143,0.5097213983535767,3.398040771484375,3.0933837890625,Fixation,1078.6045031480387,725.9944491319253,280.0,18.0,True,31,image,,9.0
4212.0,1072.8202819824216,729.11865234375,0.3998063206672668,0.5243257880210876,0.4190704226493835,0.5063323974609375,3.4369354248046875,3.09234619140625,Fixation,1078.6045031480387,725.9944491319253,280.0,18.0,True,31,image,,9.0
4216.0,1059.8515319824216,763.1933498382568,0.4017132222652435,0.5135362148284912,0.4140045046806335,0.5299953818321228,3.4143524169921875,3.109359741210937,Fixation,1052.1393805408559,730.8127439218437,484.0,19.0,True,32,image,,9.0
4220.0,1064.1645050048826,737.8496074676514,0.3988952338695526,0.5279699563980103,0.4156892597675323,0.5123955607414246,3.40484619140625,3.1077880859375,Fixation,1052.1393805408559,730.8127439218437,484.0,19.0,True,32,image,,9.0
4224.0,1076.0477447509766,724.5051670074463,0.3991444706916809,0.5230541825294495,0.4203311502933502,0.5031285881996155,3.4098052978515625,3.088714599609375,Fixation,1052.1393805408559,730.8127439218437,484.0,19.0,True,32,image,,9.0
4228.0,1062.626266479492,738.0324268341064,0.3979687094688415,0.5154186487197876,0.4150883853435516,0.5125225186347961,3.4037628173828125,3.09637451171875,Fixation,1052.1393805408559,730.8127439218437,484.0,19.0,True,32,image,,9.0
4232.0,1078.4879302978513,716.1059045791626,0.3996337056159973,0.5222212076187134,0.4212843477725982,0.4972957670688629,3.4140777587890625,3.06317138671875,Fixation,1052.1393805408559,730.8127439218437,484.0,19.0,True,32,image,,9.0
4236.0,1057.69775390625,732.7098941802979,0.3971267342567444,0.5215767025947571,0.4131631851196289,0.5088263154029846,3.4049224853515625,3.090850830078125,Fixation,1052.1393805408559,730.8127439218437,484.0,19.0,True,32,image,,9.0
4240.0,1070.1104736328125,742.8483867645264,0.3998061418533325,0.5234619975090027,0.4180119037628174,0.5158669352531433,3.42108154296875,3.1054229736328125,Fixation,1052.1393805408559,730.8127439218437,484.0,19.0,True,32,image,,9.0
4244.0,1070.604476928711,750.412130355835,0.4017608165740967,0.5143471956253052,0.4182048738002777,0.5211195349693298,3.3955078125,3.0999298095703125,Fixation,1052.1393805408559,730.8127439218437,484.0,19.0,True,32,image,,9.0
4248.0,1052.5716400146482,743.8161277770996,0.3980334103107452,0.5196181535720825,0.411160796880722,0.5165389776229858,3.42156982421875,3.106796264648437,Fixation,1052.1393805408559,730.8127439218437,484.0,19.0,True,32,image,,9.0
4252.0,1080.510559082031,745.2072715759277,0.4015026688575744,0.5160612463951111,0.4220744371414184,0.5175050497055054,3.3986968994140625,3.109527587890625,Fixation,1052.1393805408559,730.8127439218437,484.0,19.0,True,32,image,,9.0
4256.0,1053.611373901367,734.0517711639404,0.40135657787323,0.5169182419776917,0.4115669429302215,0.5097581744194031,3.4090118408203125,3.085723876953125,Fixation,1052.1393805408559,730.8127439218437,484.0,19.0,True,32,image,,9.0
4260.0,1068.7604522705078,728.7293243408203,0.4036013484001159,0.5172538757324219,0.4174845516681671,0.5060620307922363,3.4036865234375,3.094223022460937,Fixation,1052.1393805408559,730.8127439218437,484.0,19.0,True,32,image,,9.0
4264.0,1074.0824890136719,716.7685174942015,0.4037487208843231,0.5179423093795776,0.4195634722709656,0.4977559149265289,3.40771484375,3.071929931640625,Fixation,1052.1393805408559,730.8127439218437,484.0,19.0,True,32,image,,9.0
4268.0,1064.7223663330078,741.8016815185547,0.4030536115169525,0.5164393186569214,0.4159071743488312,0.5151400566101074,3.404876708984375,3.1125946044921875,Fixation,1052.1393805408559,730.8127439218437,484.0,19.0,True,32,image,,9.0
4272.0,1054.3228912353516,731.03928565979,0.402321845293045,0.5188897848129272,0.4118448793888092,0.5076661705970764,3.407623291015625,3.102020263671875,Fixation,1052.1393805408559,730.8127439218437,484.0,19.0,True,32,image,,9.0
4276.0,1039.3706512451172,753.7402153015137,0.3986673057079315,0.5112792253494263,0.4060041606426239,0.5234307050704956,3.423614501953125,3.15789794921875,Fixation,1052.1393805408559,730.8127439218437,484.0,19.0,True,32,image,,9.0
4280.0,1033.2991027832031,730.8639335632324,0.3940199017524719,0.5101863741874695,0.4036324620246887,0.5075443983078003,3.420761108398437,3.109466552734375,Fixation,1052.1393805408559,730.8127439218437,484.0,19.0,True,32,image,,9.0
4284.0,1023.5327148437499,744.8693561553955,0.3950192332267761,0.5072188973426819,0.3998174667358398,0.5172703862190247,3.405014038085937,3.1277618408203125,Fixation,1052.1393805408559,730.8127439218437,484.0,19.0,True,32,image,,9.0
4288.0,1044.6617889404295,760.1244735717773,0.4019413292407989,0.5118008255958557,0.4080710113048553,0.5278642177581787,3.4189910888671875,3.14569091796875,Fixation,1052.1393805408559,730.8127439218437,484.0,19.0,True,32,image,,9.0
4292.0,1044.0816497802734,737.255916595459,0.4015873670578003,0.5197513103485107,0.4078443944454193,0.5119832754135132,3.421875,3.1303863525390625,Fixation,1052.1393805408559,730.8127439218437,484.0,19.0,True,32,image,,9.0
4296.0,1067.767639160156,704.016351699829,0.4008606970310211,0.5091131925582886,0.417096734046936,0.4889002442359924,3.412994384765625,3.0697479248046875,Fixation,1052.1393805408559,730.8127439218437,484.0,19.0,True,32,image,,9.0
4300.0,1043.464431762695,733.8296413421631,0.4008709788322449,0.5101533532142639,0.4076032936573028,0.5096039175987244,3.408447265625,3.11846923828125,Fixation,1052.1393805408559,730.8127439218437,484.0,19.0,True,32,image,,9.0
4304.0,1057.9143524169922,701.9546556472777,0.4000446796417236,0.5193321108818054,0.4132477939128876,0.4874685108661651,3.4319610595703125,3.065521240234375,Fixation,1052.1393805408559,730.8127439218437,484.0,19.0,True,32,image,,9.0
4308.0,1044.3377685546875,746.1555290222168,0.4007386863231659,0.5230385661125183,0.4079444408416748,0.5181635618209839,3.441741943359375,3.1474609375,Fixation,1052.1393805408559,730.8127439218437,484.0,19.0,True,32,image,,9.0
4312.0,1058.2686614990232,721.2392234802246,0.3964481949806213,0.5212487578392029,0.413386195898056,0.5008605718612671,3.4214019775390625,3.080902099609375,Fixation,1052.1393805408559,730.8127439218437,484.0,19.0,True,32,image,,9.0
4316.0,1042.8607940673828,754.4433403015137,0.3979507088661194,0.5129555463790894,0.4073674976825714,0.5239189863204956,3.403717041015625,3.12445068359375,Fixation,1052.1393805408559,730.8127439218437,484.0,19.0,True,32,image,,9.0
4320.0,1069.8773956298828,746.3597202301025,0.3886125981807709,0.5214454531669617,0.417920857667923,0.5183053612709045,3.4313201904296875,3.1270904541015625,Fixation,1052.1393805408559,730.8127439218437,484.0,19.0,True,32,image,,9.0
4324.0,1054.0966033935547,721.9435501098633,0.3948574364185333,0.5215833187103271,0.4117564857006073,0.501349687576294,3.419708251953125,3.1241455078125,Fixation,1052.1393805408559,730.8127439218437,484.0,19.0,True,32,image,,9.0
4328.0,1055.0437927246091,741.6225528717041,0.3913549482822418,0.5231390595436096,0.4121264815330505,0.5150156617164612,3.439544677734375,3.128890991210937,Fixation,1052.1393805408559,730.8127439218437,484.0,19.0,True,32,image,,9.0
4332.0,1045.5816650390625,736.600513458252,0.3912708461284637,0.5082247257232666,0.4084303379058838,0.5115281343460083,3.3957977294921875,3.118621826171875,Fixation,1052.1393805408559,730.8127439218437,484.0,19.0,True,32,image,,9.0
4336.0,1061.8538665771484,747.5677013397217,0.3912794888019562,0.5206570625305176,0.4147866666316986,0.5191442370414734,3.426300048828125,3.1399078369140625,Fixation,1052.1393805408559,730.8127439218437,484.0,19.0,True,32,image,,9.0
4340.0,1067.925567626953,722.7955055236816,0.3887268304824829,0.522480309009552,0.4171584248542785,0.5019413232803345,3.433990478515625,3.08251953125,Fixation,1052.1393805408559,730.8127439218437,484.0,19.0,True,32,image,,9.0
4344.0,1050.6964111328125,737.4642276763916,0.3938322961330414,0.5099490284919739,0.4104282855987549,0.5121279358863831,3.4260406494140625,3.120346069335937,Fixation,1052.1393805408559,730.8127439218437,484.0,19.0,True,32,image,,9.0
4348.0,1064.0167236328125,704.3439674377441,0.3871901035308838,0.5182155966758728,0.4156315326690674,0.4891277551651001,3.43548583984375,3.07147216796875,Fixation,1052.1393805408559,730.8127439218437,484.0,19.0,True,32,image,,9.0
4352.0,1050.7304382324219,743.5655879974365,0.3934353590011596,0.5020084977149963,0.4104415774345398,0.5163649916648865,3.407073974609375,3.124862670898437,Fixation,1052.1393805408559,730.8127439218437,484.0,19.0,True,32,image,,9.0
4356.0,1053.418960571289,730.3755569458008,0.3920912146568298,0.5082550048828125,0.4114917814731598,0.5072052478790283,3.4095458984375,3.092315673828125,Fixation,1052.1393805408559,730.8127439218437,484.0,19.0,True,32,image,,9.0
4360.0,1034.1322326660154,771.3579082489014,0.3948026299476623,0.5106094479560852,0.4039579033851623,0.5356652140617371,3.425994873046875,3.15838623046875,Fixation,1052.1393805408559,730.8127439218437,484.0,19.0,True,32,image,,9.0
4364.0,1050.5352783203123,730.7696056365967,0.397538810968399,0.5144122838973999,0.410365343093872,0.5074788928031921,3.4438629150390625,3.0963592529296875,Fixation,1052.1393805408559,730.8127439218437,484.0,19.0,True,32,image,,9.0
4368.0,1052.2689819335935,744.4405460357666,0.3957760035991668,0.5207106471061707,0.41104257106781,0.5169726014137268,3.433074951171875,3.114959716796875,Fixation,1052.1393805408559,730.8127439218437,484.0,19.0,True,32,image,,9.0
4372.0,1035.9622192382812,733.0736446380615,0.3980760276317596,0.5167542099952698,0.4046727418899536,0.5090789198875427,3.431243896484375,3.119659423828125,Fixation,1052.1393805408559,730.8127439218437,484.0,19.0,True,32,image,,9.0
4376.0,1044.978103637695,747.8379821777344,0.3938982188701629,0.5137720704078674,0.4081945717334747,0.5193319320678711,3.406982421875,3.1234893798828125,Fixation,1052.1393805408559,730.8127439218437,484.0,19.0,True,32,image,,9.0
4380.0,1034.8106384277341,746.5722370147705,0.3966642618179321,0.5154253244400024,0.4042229056358337,0.5184529423713684,3.425567626953125,3.127548217773437,Fixation,1052.1393805408559,730.8127439218437,484.0,19.0,True,32,image,,9.0
4384.0,1036.008377075195,730.1396942138672,0.3949736952781677,0.5182786583900452,0.4046907722949981,0.5070414543151855,3.4472198486328125,3.1073150634765625,Fixation,1052.1393805408559,730.8127439218437,484.0,19.0,True,32,image,,9.0
4388.0,1056.6622924804688,706.9823598861694,0.3968227207660675,0.5218691825866699,0.4127587080001831,0.4909599721431732,3.4222869873046875,3.06964111328125,Fixation,1052.1393805408559,730.8127439218437,484.0,19.0,True,32,image,,9.0
4392.0,1046.5874481201172,738.8807773590088,0.4032552540302276,0.5193023681640625,0.4088232219219208,0.5131116509437561,3.415634155273437,3.112548828125,Fixation,1052.1393805408559,730.8127439218437,484.0,19.0,True,32,image,,9.0
4396.0,1056.242980957031,717.4659347534179,0.4015011787414551,0.5125077962875366,0.4125949144363403,0.4982402324676513,3.399017333984375,3.0859832763671875,Fixation,1052.1393805408559,730.8127439218437,484.0,19.0,True,32,image,,9.0
4400.0,1044.3911743164062,717.6823997497559,0.3986853957176208,0.5226577520370483,0.4079653024673462,0.4983905553817749,3.4429168701171875,3.0838623046875,Fixation,1052.1393805408559,730.8127439218437,484.0,19.0,True,32,image,,9.0
4404.0,1037.1615600585938,741.2996578216553,0.400154709815979,0.5209833979606628,0.4051412343978882,0.5147914290428162,3.433944702148437,3.11737060546875,Fixation,1052.1393805408559,730.8127439218437,484.0,19.0,True,32,image,,9.0
4408.0,1056.292953491211,720.3041839599609,0.396194577217102,0.5215240120887756,0.4126144349575043,0.500211238861084,3.4215240478515625,3.0692901611328125,Fixation,1052.1393805408559,730.8127439218437,484.0,19.0,True,32,image,,9.0
4412.0,1050.1028442382812,713.3845138549805,0.3956883549690246,0.5142491459846497,0.4101964235305786,0.495405912399292,3.4378814697265625,3.0706329345703125,Fixation,1052.1393805408559,730.8127439218437,484.0,19.0,True,32,image,,9.0
4416.0,1051.8203735351562,733.4885501861572,0.3993025720119476,0.5026443600654602,0.4108673334121704,0.509367048740387,3.4137725830078125,3.1201324462890625,Fixation,1052.1393805408559,730.8127439218437,484.0,19.0,True,32,image,,9.0
4420.0,1045.9599304199219,727.6393604278564,0.3968332409858703,0.5178250670433044,0.408578097820282,0.5053051114082336,3.4320831298828125,3.0981597900390625,Fixation,1052.1393805408559,730.8127439218437,484.0,19.0,True,32,image,,9.0
4424.0,1048.2280731201172,723.0766868591309,0.4014860093593597,0.5145886540412903,0.4094640910625458,0.5021365880966187,3.423446655273437,3.0933074951171875,Fixation,1052.1393805408559,730.8127439218437,484.0,19.0,True,32,image,,9.0
4428.0,1034.4808959960938,752.1167278289795,0.3967449069023132,0.5112215876579285,0.4040940999984741,0.5223032832145691,3.41290283203125,3.1273956298828125,Fixation,1052.1393805408559,730.8127439218437,484.0,19.0,True,32,image,,9.0
4432.0,1043.6082458496091,724.06494140625,0.4009570777416229,0.5086883902549744,0.4076594710350036,0.5028228759765625,3.411773681640625,3.0932159423828125,Fixation,1052.1393805408559,730.8127439218437,484.0,19.0,True,32,image,,9.0
4436.0,1045.428009033203,749.003734588623,0.3966303467750549,0.515674352645874,0.4083703160285949,0.5201414823532104,3.450790405273437,3.1282501220703125,Fixation,1052.1393805408559,730.8127439218437,484.0,19.0,True,32,image,,9.0
4440.0,1039.0610504150388,723.3639621734619,0.3988286256790161,0.5091111063957214,0.4058832228183746,0.5023360848426819,3.40606689453125,3.093780517578125,Fixation,1052.1393805408559,730.8127439218437,484.0,19.0,True,32,image,,9.0
4444.0,1041.9462585449219,737.171802520752,0.3980117440223694,0.5184136629104614,0.4070102572441101,0.5119248628616333,3.4448699951171875,3.11199951171875,Fixation,1052.1393805408559,730.8127439218437,484.0,19.0,True,32,image,,9.0
4448.0,1038.6698913574219,732.387170791626,0.3948716223239898,0.5057682394981384,0.4057304263114929,0.5086022019386292,3.421600341796875,3.1082305908203125,Fixation,1052.1393805408559,730.8127439218437,484.0,19.0,True,32,image,,9.0
4452.0,1051.1319732666013,704.520435333252,0.3965713083744049,0.5154610276222229,0.4105984270572662,0.4892503023147583,3.412322998046875,3.055511474609375,Fixation,1052.1393805408559,730.8127439218437,484.0,19.0,True,32,image,,9.0
4456.0,1038.4770965576172,751.4034748077393,0.3974107503890991,0.5166503190994263,0.4056551158428192,0.5218079686164856,3.406356811523437,3.1389312744140625,Fixation,1052.1393805408559,730.8127439218437,484.0,19.0,True,32,image,,9.0
4460.0,1052.4968719482422,702.6599264144896,0.3941863179206848,0.5105134844779968,0.4111315906047821,0.4879582822322845,3.4132843017578125,3.074676513671875,Fixation,1052.1393805408559,730.8127439218437,484.0,19.0,True,32,image,,9.0
4464.0,1050.0725555419922,728.4975814819336,0.3988211154937744,0.5101409554481506,0.4101845920085907,0.5059010982513428,3.41827392578125,3.0846710205078125,Fixation,1052.1393805408559,730.8127439218437,484.0,19.0,True,32,image,,9.0
4468.0,1047.5067138671875,720.6489658355713,0.398062914609909,0.5108092427253723,0.4091823101043701,0.5004506707191467,3.4061431884765625,3.075302124023437,Fixation,1052.1393805408559,730.8127439218437,484.0,19.0,True,32,image,,9.0
4472.0,1051.0412597656248,712.9920530319214,0.3958276808261871,0.5117721557617188,0.4105629920959472,0.4951333701610565,3.426055908203125,3.0723419189453125,Fixation,1052.1393805408559,730.8127439218437,484.0,19.0,True,32,image,,9.0
4476.0,1056.6532897949216,719.5164728164672,0.4013389348983764,0.5153256058692932,0.4127551913261413,0.4996642172336578,3.41583251953125,3.0588836669921875,Fixation,1052.1393805408559,730.8127439218437,484.0,19.0,True,32,image,,9.0
4480.0,1044.8107147216795,706.08229637146,0.397278219461441,0.511288583278656,0.4081291854381561,0.4903349280357361,3.41143798828125,3.0625762939453125,Fixation,1052.1393805408559,730.8127439218437,484.0,19.0,True,32,image,,9.0
4484.0,1056.4305877685547,706.396608352661,0.3994457125663757,0.5189260244369507,0.4126681983470917,0.4905532002449035,3.4273223876953125,3.041168212890625,Fixation,1052.1393805408559,730.8127439218437,484.0,19.0,True,32,image,,9.0
4488.0,1057.2677612304685,731.8000888824463,0.3965327739715576,0.4977064430713653,0.4129952192306518,0.5081945061683655,3.371551513671875,3.0869903564453125,Fixation,1052.1393805408559,730.8127439218437,484.0,19.0,True,32,image,,9.0
4492.0,1053.4794616699216,716.8425035476685,0.398150086402893,0.5040360689163208,0.4115154147148132,0.4978072941303253,3.3891754150390625,3.0941619873046875,Fixation,1052.1393805408559,730.8127439218437,484.0,19.0,True,32,image,,9.0
4496.0,1046.9653320312498,731.9261741638184,0.3985252380371094,0.512416422367096,0.408970832824707,0.5082820653915405,3.415985107421875,3.108505249023437,Fixation,1052.1393805408559,730.8127439218437,484.0,19.0,True,32,image,,9.0
4500.0,1057.9713439941406,716.6002464294434,0.3980078101158142,0.5126550197601318,0.4132700562477112,0.4976390600204468,3.420013427734375,3.069061279296875,Fixation,1052.1393805408559,730.8127439218437,484.0,19.0,True,32,image,,9.0
4504.0,1050.9495544433591,736.5171718597412,0.3988811373710632,0.505995512008667,0.4105271697044372,0.5114702582359314,3.4022674560546875,3.08447265625,Fixation,1052.1393805408559,730.8127439218437,484.0,19.0,True,32,image,,9.0
4508.0,1049.2277526855466,725.5501556396484,0.3950549364089966,0.5046911239624023,0.4098545908927917,0.5038542747497559,3.414291381835937,3.110504150390625,Fixation,1052.1393805408559,730.8127439218437,484.0,19.0,True,32,image,,9.0
4512.0,1056.4874267578125,732.2923278808594,0.3944416046142578,0.5169855356216431,0.4126904010772705,0.5085363388061523,3.422271728515625,3.0885772705078125,Fixation,1052.1393805408559,730.8127439218437,484.0,19.0,True,32,image,,9.0
4516.0,1057.511215209961,720.448808670044,0.3979320228099823,0.5116366147994995,0.413090318441391,0.5003116726875305,3.42840576171875,3.08734130859375,Fixation,1052.1393805408559,730.8127439218437,484.0,19.0,True,32,image,,9.0
4520.0,1073.1240081787107,708.3177137374877,0.3927938044071197,0.5130258202552795,0.4191890656948089,0.4918873012065887,3.417388916015625,3.065658569335937,Fixation,1052.1393805408559,730.8127439218437,484.0,19.0,True,32,image,,9.0
4524.0,1060.0495910644531,723.3175277709961,0.3966586589813232,0.5084118843078613,0.414081871509552,0.5023038387298584,3.4121856689453125,3.0647125244140625,Fixation,1052.1393805408559,730.8127439218437,484.0,19.0,True,32,image,,9.0
4528.0,1070.3125762939453,742.0079326629639,0.3956169784069061,0.5110961198806763,0.4180908501148224,0.5152832865715027,3.4300079345703125,3.1084442138671875,Fixation,1052.1393805408559,730.8127439218437,484.0,19.0,True,32,image,,9.0
4532.0,1054.5604705810547,741.9239044189453,0.3932307362556457,0.509687602519989,0.4119376838207245,0.5152249336242676,3.4274444580078125,3.1110992431640625,Fixation,1052.1393805408559,730.8127439218437,484.0,19.0,True,32,image,,9.0
4536.0,1053.1597137451172,715.399432182312,0.3916736543178558,0.5082420110702515,0.4113905131816864,0.4968051612377167,3.4167633056640625,3.0775299072265625,Fixation,1052.1393805408559,730.8127439218437,484.0,19.0,True,32,image,,9.0
4540.0,1067.9389190673828,721.0259342193604,0.3941759765148163,0.4988395273685455,0.4171636402606964,0.5007124543190002,3.4084930419921875,3.058944702148437,Fixation,1052.1393805408559,730.8127439218437,484.0,19.0,True,32,image,,9.0
4544.0,1049.3051147460935,748.7766265869141,0.3914266228675842,0.5037697553634644,0.4098848104476928,0.5199837684631348,3.4004669189453125,3.107574462890625,Fixation,1052.1393805408559,730.8127439218437,484.0,19.0,True,32,image,,9.0
4548.0,1052.8398132324219,736.1452674865723,0.3914957642555237,0.5185993909835815,0.4112655520439148,0.5112119913101196,3.4324188232421875,3.1029510498046875,Fixation,1052.1393805408559,730.8127439218437,484.0,19.0,True,32,image,,9.0
4552.0,1058.1415557861326,716.3090229034424,0.3904975354671478,0.5128703117370605,0.4133365452289581,0.4974368214607239,3.414764404296875,3.065704345703125,Fixation,1052.1393805408559,730.8127439218437,484.0,19.0,True,32,image,,9.0
4556.0,1062.7368927001953,740.7253646850586,0.3878288269042969,0.5202304720878601,0.4151315987110138,0.514392614364624,3.4227294921875,3.1016387939453125,Fixation,1052.1393805408559,730.8127439218437,484.0,19.0,True,32,image,,9.0
4560.0,1044.366226196289,731.7874717712402,0.3938519954681396,0.5218615531921387,0.4079555571079254,0.5081857442855835,3.4318084716796875,3.101806640625,Fixation,1052.1393805408559,730.8127439218437,484.0,19.0,True,32,image,,9.0
4564.0,1055.6434631347656,733.8506698608398,0.3912751078605652,0.5213437676429749,0.4123607277870178,0.5096185207366943,3.4331817626953125,3.0969696044921875,Fixation,1052.1393805408559,730.8127439218437,484.0,19.0,True,32,image,,9.0
4568.0,1043.6293792724607,741.6665840148926,0.3892421424388885,0.5140287280082703,0.407667726278305,0.515046238899231,3.411712646484375,3.106964111328125,Fixation,1052.1393805408559,730.8127439218437,484.0,19.0,True,32,image,,9.0
4572.0,1045.759353637695,739.3695831298828,0.3838351666927337,0.5163151621818542,0.4084997475147247,0.513451099395752,3.4055328369140625,3.0986480712890625,Fixation,1052.1393805408559,730.8127439218437,484.0,19.0,True,32,image,,9.0
4576.0,1050.772247314453,737.4185657501221,0.3922418057918548,0.5208113789558411,0.4104579091072082,0.5120962262153625,3.4323883056640625,3.0986328125,Fixation,1052.1393805408559,730.8127439218437,484.0,19.0,True,32,image,,9.0
4580.0,1037.3636627197266,731.7302227020264,0.395349383354187,0.5162791609764099,0.4052201807498932,0.5081459879875183,3.414306640625,3.0938720703125,Fixation,1052.1393805408559,730.8127439218437,484.0,19.0,True,32,image,,9.0
4584.0,1046.5983581542969,714.1809797286986,0.3959085941314697,0.5188952684402466,0.4088274836540222,0.4959590137004852,3.409942626953125,3.0840301513671875,Fixation,1052.1393805408559,730.8127439218437,484.0,19.0,True,32,image,,9.0
4588.0,1038.7345123291016,713.505449295044,0.39777871966362,0.5173702239990234,0.4057556688785553,0.4954898953437805,3.41094970703125,3.0827789306640625,Fixation,1052.1393805408559,730.8127439218437,484.0,19.0,True,32,image,,9.0
4592.0,1046.0774993896484,714.811577796936,0.4001968204975128,0.5202138423919678,0.4086240231990814,0.49639692902565,3.4279937744140625,3.050201416015625,Fixation,1052.1393805408559,730.8127439218437,484.0,19.0,True,32,image,,9.0
4596.0,1041.0292053222656,728.0947780609131,0.4007849991321563,0.5128886699676514,0.40665203332901,0.5056213736534119,3.4137725830078125,3.08746337890625,Fixation,1052.1393805408559,730.8127439218437,484.0,19.0,True,32,image,,9.0
4600.0,1037.009506225586,732.3631381988525,0.4010021686553955,0.5130376815795898,0.4050818383693695,0.508585512638092,3.4207305908203125,3.0807647705078125,Fixation,1052.1393805408559,730.8127439218437,484.0,19.0,True,32,image,,9.0
4604.0,1045.3383636474607,731.5928936004639,0.3982116281986236,0.5186665654182434,0.4083352982997894,0.5080506205558777,3.4271240234375,3.117645263671875,Fixation,1052.1393805408559,730.8127439218437,484.0,19.0,True,32,image,,9.0
4608.0,1041.0540771484375,725.4250144958496,0.3999647796154022,0.5129203200340271,0.4066617488861084,0.5037673711776733,3.4002227783203125,3.084442138671875,Fixation,1052.1393805408559,730.8127439218437,484.0,19.0,True,32,image,,9.0
4612.0,1028.0037689208982,742.5964736938477,0.4020542502403259,0.503630518913269,0.4015639722347259,0.5156919956207275,3.38873291015625,3.1230010986328125,Fixation,1052.1393805408559,730.8127439218437,484.0,19.0,True,32,image,,9.0
4616.0,1053.399963378906,727.8051853179932,0.3981093764305115,0.5149809122085571,0.4114843606948852,0.5054202675819397,3.39752197265625,3.1001739501953125,Fixation,1052.1393805408559,730.8127439218437,484.0,19.0,True,32,image,,9.0
4620.0,1049.8222351074216,715.3872013092041,0.4003339409828186,0.5137273669242859,0.4100868105888366,0.4967966675758362,3.4016571044921875,3.0706329345703125,Fixation,1052.1393805408559,730.8127439218437,484.0,19.0,True,32,image,,9.0
4624.0,1037.5273132324219,740.7183265686035,0.4000380039215088,0.509759247303009,0.4052841067314148,0.5143877267837524,3.3908843994140625,3.116195678710937,Fixation,1052.1393805408559,730.8127439218437,484.0,19.0,True,32,image,,9.0
4628.0,1045.3517150878906,734.9035549163818,0.3976730108261108,0.5067000389099121,0.4083405137062073,0.510349690914154,3.390243530273437,3.102386474609375,Fixation,1052.1393805408559,730.8127439218437,484.0,19.0,True,32,image,,9.0
4632.0,1062.5419616699216,719.7609615325927,0.3992966413497925,0.5091427564620972,0.4150554537773132,0.4998340010643005,3.3837432861328125,3.06622314453125,Fixation,1052.1393805408559,730.8127439218437,484.0,19.0,True,32,image,,9.0
4636.0,1061.0890960693357,724.8109817504883,0.4052878618240356,0.5107055306434631,0.4144879281520843,0.5033409595489502,3.431396484375,3.072967529296875,Fixation,1052.1393805408559,730.8127439218437,484.0,19.0,True,32,image,,9.0
4640.0,1053.2650756835938,707.9225921630858,0.3990256190299988,0.5176070332527161,0.4114316701889038,0.4916129112243652,3.4127197265625,3.038848876953125,Fixation,1052.1393805408559,730.8127439218437,484.0,19.0,True,32,image,,9.0
4644.0,1054.096221923828,744.6020793914795,0.3978388905525207,0.5276725888252258,0.4117563366889953,0.5170847773551941,3.419769287109375,3.1160888671875,Fixation,1052.1393805408559,730.8127439218437,484.0,19.0,True,32,image,,9.0
4648.0,1063.2946777343748,721.4552593231201,0.3986290991306305,0.5097616910934448,0.4153494834899902,0.5010105967521667,3.3902130126953125,3.0586090087890625,Fixation,1052.1393805408559,730.8127439218437,484.0,19.0,True,32,image,,9.0
4652.0,1082.5483703613281,714.7014570236206,0.4005106687545776,0.513381838798523,0.4228704571723938,0.4963204562664032,3.40655517578125,3.0548248291015625,Fixation,1052.1393805408559,730.8127439218437,484.0,19.0,True,32,image,,9.0
4656.0,1056.4523315429685,721.1121940612793,0.4003411531448364,0.5105449557304382,0.4126766920089721,0.5007723569869995,3.4118194580078125,3.066635131835937,Fixation,1052.1393805408559,730.8127439218437,484.0,19.0,True,32,image,,9.0
4660.0,1054.3265533447266,728.9257907867432,0.4001577198505401,0.519408106803894,0.4118463099002838,0.5061984658241272,3.41375732421875,3.0799713134765625,Fixation,1052.1393805408559,730.8127439218437,484.0,19.0,True,32,image,,9.0
4664.0,1046.9482421875,730.2275848388672,0.4006071090698242,0.5157920718193054,0.4089641571044922,0.5071024894714355,3.409423828125,3.0733795166015625,Fixation,1052.1393805408559,730.8127439218437,484.0,19.0,True,32,image,,9.0
4668.0,1044.1116333007812,732.0730304718018,0.3991416096687317,0.5226700305938721,0.4078561067581177,0.5083840489387512,3.4404296875,3.0819549560546875,Fixation,1052.1393805408559,730.8127439218437,484.0,19.0,True,32,image,,9.0
4672.0,1048.727035522461,746.5679454803467,0.4005759358406067,0.519757091999054,0.4096589982509613,0.5184499621391296,3.412017822265625,3.0890350341796875,Fixation,1052.1393805408559,730.8127439218437,484.0,19.0,True,32,image,,9.0
4676.0,1053.608627319336,738.0891609191895,0.4015200138092041,0.5193902254104614,0.4115658700466156,0.5125619173049927,3.436614990234375,3.092987060546875,Fixation,1052.1393805408559,730.8127439218437,484.0,19.0,True,32,image,,9.0
4680.0,1052.751541137695,743.4147834777832,0.4034603834152221,0.5148018598556519,0.4112310707569122,0.5162602663040161,3.4188995361328125,3.0983428955078125,Fixation,1052.1393805408559,730.8127439218437,484.0,19.0,True,32,image,,9.0
4684.0,1056.57844543457,724.7557926177979,0.3997839987277984,0.5143797993659973,0.412725955247879,0.5033026337623596,3.411376953125,3.0672607421875,Fixation,1052.1393805408559,730.8127439218437,484.0,19.0,True,32,image,,9.0
4688.0,1056.1738586425781,725.2849388122559,0.3996207416057586,0.5144266486167908,0.4125679135322571,0.5036700963973999,3.399444580078125,3.052764892578125,Fixation,1052.1393805408559,730.8127439218437,484.0,19.0,True,32,image,,9.0
4692.0,1054.4508361816404,734.974536895752,0.399472177028656,0.5170694589614868,0.4118948578834533,0.5103989839553833,3.407989501953125,3.069000244140625,Fixation,1052.1393805408559,730.8127439218437,484.0,19.0,True,32,image,,9.0
4696.0,1034.8496246337888,743.169994354248,0.4034622609615326,0.5161849856376648,0.4042381346225738,0.5160902738571167,3.4104156494140625,3.102294921875,Fixation,1052.1393805408559,730.8127439218437,484.0,19.0,True,32,image,,9.0
4700.0,1073.75244140625,733.3443546295166,0.4053237736225128,0.5161117315292358,0.4194345474243164,0.5092669129371643,3.4145965576171875,3.088592529296875,Fixation,1052.1393805408559,730.8127439218437,484.0,19.0,True,32,image,,9.0
4704.0,1116.3402557373045,710.5965185165404,0.4132613241672516,0.5055733323097229,0.4360704123973846,0.4934698045253753,3.40338134765625,3.0603179931640625,Fixation,1096.8548946892545,716.4807609558105,228.0,20.0,True,33,image,,9.0
4708.0,1115.1522064208982,724.9302005767822,0.4185110628604889,0.513943076133728,0.4356063306331634,0.5034237504005432,3.3973846435546875,3.078338623046875,Fixation,1096.8548946892545,716.4807609558105,228.0,20.0,True,33,image,,9.0
4712.0,1117.2348785400388,703.199028968811,0.4200566709041595,0.523787796497345,0.4364198744297027,0.4883326590061188,3.422149658203125,3.0384979248046875,Fixation,1096.8548946892545,716.4807609558105,228.0,20.0,True,33,image,,9.0
4716.0,1112.3834991455078,699.2487144470215,0.4171770215034485,0.5120580196380615,0.434524804353714,0.4855893850326538,3.394027709960937,3.018157958984375,Fixation,1096.8548946892545,716.4807609558105,228.0,20.0,True,33,image,,9.0
4720.0,1115.3876495361328,699.3087100982666,0.4222131967544555,0.5085588693618774,0.4356983006000519,0.4856310486793518,3.3882293701171875,3.0369415283203125,Fixation,1096.8548946892545,716.4807609558105,228.0,20.0,True,33,image,,9.0
4724.0,1124.786148071289,728.8530921936035,0.4221700727939605,0.50163733959198,0.4393695890903473,0.5061479806900024,3.3822021484375,3.0734405517578125,Fixation,1096.8548946892545,716.4807609558105,228.0,20.0,True,33,image,,9.0
4728.0,1102.8167724609375,708.4591197967529,0.4211316108703613,0.5125994086265564,0.4307878017425537,0.4919854998588562,3.412948608398437,3.0556182861328125,Fixation,1096.8548946892545,716.4807609558105,228.0,20.0,True,33,image,,9.0
4732.0,1115.4476165771484,722.4139881134033,0.4168846309185028,0.5289735198020935,0.4357217252254486,0.5016763806343079,3.4368133544921875,3.0447998046875,Fixation,1096.8548946892545,716.4807609558105,228.0,20.0,True,33,image,,9.0
4736.0,1111.1607360839844,685.5886745452881,0.4177868068218231,0.5218095183372498,0.4340471625328064,0.4761032462120056,3.4061431884765625,3.0135955810546875,Fixation,1096.8548946892545,716.4807609558105,228.0,20.0,True,33,image,,9.0
4740.0,1106.4572906494138,712.0098924636841,0.4152770042419433,0.519677996635437,0.4322098791599273,0.4944513142108917,3.42218017578125,3.05181884765625,Fixation,1096.8548946892545,716.4807609558105,228.0,20.0,True,33,image,,9.0
4744.0,1098.6012268066406,700.3541707992553,0.416768342256546,0.5219807028770447,0.429141104221344,0.4863570630550384,3.4117431640625,3.032989501953125,Fixation,1096.8548946892545,716.4807609558105,228.0,20.0,True,33,image,,9.0
4748.0,1111.618881225586,715.3602933883667,0.4172575175762176,0.5174301862716675,0.4342261254787445,0.4967779815196991,3.4083709716796875,3.0436248779296875,Fixation,1096.8548946892545,716.4807609558105,228.0,20.0,True,33,image,,9.0
4752.0,1104.810791015625,730.1197814941406,0.4072831571102142,0.5292834639549255,0.4315667152404785,0.5070276260375977,3.424774169921875,3.057235717773437,Fixation,1096.8548946892545,716.4807609558105,228.0,20.0,True,33,image,,9.0
4756.0,1100.0829315185547,722.9016780853271,0.4157116711139679,0.5202508568763733,0.4297198951244354,0.5020150542259216,3.3979644775390625,3.0479888916015625,Fixation,1096.8548946892545,716.4807609558105,228.0,20.0,True,33,image,,9.0
4760.0,1086.1688232421875,761.6080570220947,0.4147270321846008,0.5196149349212646,0.4242846965789795,0.5288944840431213,3.394500732421875,3.1081085205078125,Fixation,1096.8548946892545,716.4807609558105,228.0,20.0,True,33,image,,9.0
4764.0,1092.7579498291016,733.0618858337402,0.4144311547279358,0.5254600644111633,0.4268585741519928,0.5090707540512085,3.41717529296875,3.06903076171875,Fixation,1096.8548946892545,716.4807609558105,228.0,20.0,True,33,image,,9.0
4768.0,1091.6984558105469,714.1956138610839,0.4098685681819916,0.527104914188385,0.4264447093009949,0.4959691762924194,3.41510009765625,3.037750244140625,Fixation,1096.8548946892545,716.4807609558105,228.0,20.0,True,33,image,,9.0
4772.0,1083.7747955322266,714.6282434463501,0.4094715118408203,0.5329039692878723,0.423349529504776,0.4962696135044098,3.41619873046875,3.050262451171875,Fixation,1096.8548946892545,716.4807609558105,228.0,20.0,True,33,image,,9.0
4776.0,1089.642639160156,727.1543312072754,0.4086956679821014,0.535304605960846,0.425641655921936,0.5049682855606079,3.4189910888671875,3.0580291748046875,Fixation,1096.8548946892545,716.4807609558105,228.0,20.0,True,33,image,,9.0
4780.0,1080.8061981201172,726.8157291412354,0.4125308990478515,0.5205183625221252,0.4221899211406708,0.504733145236969,3.425537109375,3.06011962890625,Fixation,1096.8548946892545,716.4807609558105,228.0,20.0,True,33,image,,9.0
4784.0,1096.6911315917966,704.7531652450562,0.408687025308609,0.5302278995513916,0.4283949732780456,0.4894119203090668,3.416732788085937,3.04144287109375,Fixation,1096.8548946892545,716.4807609558105,228.0,20.0,True,33,image,,9.0
4788.0,1081.4975738525388,706.4637279510498,0.4114659428596496,0.5193163156509399,0.422459989786148,0.4905998110771179,3.415878295898437,3.0505523681640625,Fixation,1096.8548946892545,716.4807609558105,228.0,20.0,True,33,image,,9.0
4792.0,1080.5148315429685,713.4616327285767,0.411685049533844,0.513039231300354,0.4220761060714721,0.4954594671726227,3.3855743408203125,3.048126220703125,Fixation,1096.8548946892545,716.4807609558105,228.0,20.0,True,33,image,,9.0
4796.0,1079.530334472656,705.1107788085936,0.408243179321289,0.5271388292312622,0.4216915369033813,0.4896602630615234,3.421783447265625,3.040008544921875,Fixation,1096.8548946892545,716.4807609558105,228.0,20.0,True,33,image,,9.0
4800.0,1077.3467254638672,731.3041591644287,0.4056960344314575,0.5185281038284302,0.4208385646343231,0.5078501105308533,3.4229888916015625,3.06744384765625,Fixation,1096.8548946892545,716.4807609558105,228.0,20.0,True,33,image,,9.0
4804.0,1074.8285675048826,724.0954971313477,0.4064204096794128,0.5307464003562927,0.4198549091815948,0.5028440952301025,3.42083740234375,3.072128295898437,Fixation,1096.8548946892545,716.4807609558105,228.0,20.0,True,33,image,,9.0
4808.0,1078.28125,713.0180168151855,0.4032366275787353,0.5293952822685242,0.42120361328125,0.4951514005661011,3.4044647216796875,3.061874389648437,Fixation,1096.8548946892545,716.4807609558105,228.0,20.0,True,33,image,,9.0
4812.0,1091.4760589599607,713.1916952133179,0.4098703563213348,0.5280564427375793,0.4263578355312347,0.4952720105648041,3.427886962890625,3.020721435546875,Fixation,1096.8548946892545,716.4807609558105,228.0,20.0,True,33,image,,9.0
4816.0,1081.8621063232422,733.5895729064941,0.4033506512641907,0.5161250829696655,0.4226023852825165,0.5094372034072876,3.411972045898437,3.053680419921875,Fixation,1096.8548946892545,716.4807609558105,228.0,20.0,True,33,image,,9.0
4820.0,1082.597885131836,727.4698448181152,0.4023137092590332,0.526042103767395,0.4228897988796234,0.5051873922348022,3.421051025390625,3.057830810546875,Fixation,1096.8548946892545,716.4807609558105,228.0,20.0,True,33,image,,9.0
4824.0,1086.550064086914,718.268151283264,0.4072425365447998,0.514498770236969,0.4244336187839508,0.4987973272800445,3.386749267578125,3.043548583984375,Fixation,1096.8548946892545,716.4807609558105,228.0,20.0,True,33,image,,9.0
4828.0,1081.6930389404295,720.0444602966309,0.4058425724506378,0.5111799836158752,0.4225363433361053,0.5000308752059937,3.3925018310546875,3.03936767578125,Fixation,1096.8548946892545,716.4807609558105,228.0,20.0,True,33,image,,9.0
4832.0,1088.8110351562498,702.4064683914185,0.4036458730697632,0.5318948030471802,0.4253168106079101,0.4877822697162628,3.426116943359375,3.0345001220703125,Fixation,1096.8548946892545,716.4807609558105,228.0,20.0,True,33,image,,9.0
4836.0,1076.1223602294922,756.0778999328613,0.4058171808719635,0.5189484357833862,0.4203602969646454,0.5250540971755981,3.397674560546875,3.09466552734375,Fixation,1096.8548946892545,716.4807609558105,228.0,20.0,True,33,image,,9.0
4840.0,1081.4340209960938,732.8094577789307,0.4034811854362488,0.5187548995018005,0.4224351644515991,0.5088954567909241,3.42449951171875,3.05657958984375,Fixation,1096.8548946892545,716.4807609558105,228.0,20.0,True,33,image,,9.0
4844.0,1096.9750213623045,747.0969200134277,0.4068906307220459,0.5229600667953491,0.4285058677196502,0.5188173055648804,3.4223175048828125,3.0642242431640625,Fixation,1096.8548946892545,716.4807609558105,228.0,20.0,True,33,image,,9.0
4848.0,1095.0787353515625,699.193696975708,0.4071754217147827,0.5121399760246277,0.4277651309967041,0.4855511784553528,3.3928985595703125,3.008758544921875,Fixation,1096.8548946892545,716.4807609558105,228.0,20.0,True,33,image,,9.0
4852.0,1086.5526580810547,708.8449716567992,0.4072706401348114,0.5141241550445557,0.424434632062912,0.4922534525394439,3.4111480712890625,3.027130126953125,Fixation,1096.8548946892545,716.4807609558105,228.0,20.0,True,33,image,,9.0
4856.0,1091.4606475830078,692.9946613311766,0.4064427018165588,0.5185205936431885,0.4263518154621124,0.4812462925910949,3.398544311523437,3.014068603515625,Fixation,1096.8548946892545,716.4807609558105,228.0,20.0,True,33,image,,9.0
4860.0,1079.4638824462888,716.764440536499,0.4088380932807922,0.527634859085083,0.4216655790805816,0.4977530837059021,3.42626953125,3.0507965087890625,Fixation,1096.8548946892545,716.4807609558105,228.0,20.0,True,33,image,,9.0
4864.0,1089.9722290039062,730.7801628112793,0.4085067808628082,0.5169084668159485,0.4257704019546509,0.5074862241744995,3.40142822265625,3.0570220947265625,Fixation,1096.8548946892545,716.4807609558105,228.0,20.0,True,33,image,,9.0
4868.0,1088.6270904541016,701.3327693939208,0.4188813865184784,0.520277738571167,0.4252449572086334,0.487036645412445,3.478057861328125,3.023773193359375,Fixation,1096.8548946892545,716.4807609558105,228.0,20.0,True,33,image,,9.0
4872.0,1101.2657928466795,728.159236907959,0.4144368767738342,0.5148745775222778,0.4301819503307342,0.5056661367416382,3.4031524658203125,3.03619384765625,Fixation,1096.8548946892545,716.4807609558105,228.0,20.0,True,33,image,,9.0
4876.0,1102.793045043945,711.0499620437621,0.4100906252861023,0.5034124851226807,0.4307785332202911,0.4937846958637237,3.361114501953125,3.022369384765625,Fixation,1096.8548946892545,716.4807609558105,228.0,20.0,True,33,image,,9.0
4880.0,1097.8643798828123,695.3871488571167,0.4124555289745331,0.5093060731887817,0.4288532733917236,0.4829077422618866,3.389389038085937,2.9998321533203125,Fixation,1096.8548946892545,716.4807609558105,228.0,20.0,True,33,image,,9.0
4884.0,1095.7696533203123,708.4647846221924,0.4101642966270447,0.5205712914466858,0.428035020828247,0.4919894337654114,3.4304962158203125,3.0153045654296875,Fixation,1096.8548946892545,716.4807609558105,228.0,20.0,True,33,image,,9.0
4888.0,1096.1713409423828,703.7361574172972,0.4117827713489532,0.5285979509353638,0.4281919300556183,0.4887056648731231,3.440536499023437,3.026153564453125,Fixation,1096.8548946892545,716.4807609558105,228.0,20.0,True,33,image,,9.0
4892.0,1103.157043457031,713.7194681167601,0.4127525985240936,0.5252788662910461,0.4309207201004028,0.4956385195255279,3.420257568359375,3.033905029296875,Fixation,1096.8548946892545,716.4807609558105,228.0,20.0,True,33,image,,9.0
4896.0,1109.487609863281,714.2379283905029,0.4140220582485199,0.5211014747619629,0.4333935976028442,0.4959985613822937,3.3978424072265625,3.018280029296875,Fixation,1096.8548946892545,716.4807609558105,228.0,20.0,True,33,image,,9.0
4900.0,1095.4612731933594,743.4861087799072,0.4100503623485565,0.5227400064468384,0.427914559841156,0.5163097977638245,3.405990600585937,3.066192626953125,Fixation,1096.8548946892545,716.4807609558105,228.0,20.0,True,33,image,,9.0
4904.0,1110.9100341796873,719.1181325912474,0.4159212112426758,0.5132210850715637,0.4339492321014404,0.4993875920772552,3.3794403076171875,3.028045654296875,Fixation,1096.8548946892545,716.4807609558105,228.0,20.0,True,33,image,,9.0
4908.0,1107.107238769531,700.1647424697875,0.4111744165420532,0.5267026424407959,0.4324637651443481,0.4862255156040191,3.416473388671875,3.027587890625,Fixation,1096.8548946892545,716.4807609558105,228.0,20.0,True,33,image,,9.0
4912.0,1111.78955078125,715.3559589385985,0.4157768189907074,0.5163365006446838,0.4342927932739258,0.4967749714851379,3.408477783203125,3.023590087890625,Fixation,1096.8548946892545,716.4807609558105,228.0,20.0,True,33,image,,9.0
4916.0,1109.151840209961,727.4179172515869,0.4154047667980194,0.5153678059577942,0.433262437582016,0.5051513314247131,3.409912109375,3.03643798828125,Fixation,1096.8548946892545,716.4807609558105,228.0,20.0,True,33,image,,9.0
4920.0,1111.3301849365232,707.0041179656982,0.4139254689216614,0.5129468441009521,0.4341133534908294,0.4909750819206238,3.389511108398437,3.003265380859375,Fixation,1096.8548946892545,716.4807609558105,228.0,20.0,True,33,image,,9.0
4924.0,1113.7619781494138,718.3525657653807,0.4143148958683014,0.5258135795593262,0.4350632727146148,0.4988559484481811,3.406845092773437,3.025115966796875,Fixation,1096.8548946892545,716.4807609558105,228.0,20.0,True,33,image,,9.0
4928.0,1106.7498016357422,705.6531000137328,0.4168224036693573,0.51854008436203,0.4323241412639618,0.4900368750095367,3.405609130859375,3.020172119140625,Fixation,1096.8548946892545,716.4807609558105,228.0,20.0,True,33,image,,9.0
4932.0,1101.0295104980466,704.5957517623901,0.4085315465927124,0.5066446661949158,0.4300896525382995,0.4893026053905487,3.381698608398437,3.0305633544921875,Fixation,1096.8548946892545,716.4807609558105,228.0,20.0,True,33,image,,9.0
4936.0,1035.9193420410154,722.2731399536133,0.4029194414615631,0.4979318678379059,0.4046559929847717,0.5015785694122314,3.36492919921875,3.096435546875,Fixation,1056.1205682089162,718.0219289868377,168.0,21.0,True,34,image,,9.0
4940.0,1041.2388610839844,734.1591453552246,0.3949061930179596,0.5192353129386902,0.4067339301109314,0.5098327398300171,3.3997344970703125,3.093978881835937,Fixation,1056.1205682089162,718.0219289868377,168.0,21.0,True,34,image,,9.0
4944.0,1045.9095001220703,719.9122381210326,0.3993003666400909,0.5103490352630615,0.4085583984851837,0.4999390542507171,3.3879547119140625,3.0592498779296875,Fixation,1056.1205682089162,718.0219289868377,168.0,21.0,True,34,image,,9.0
4948.0,1078.9194488525388,735.5580139160156,0.4017214477062225,0.518883466720581,0.421452909708023,0.5108041763305664,3.394622802734375,3.0418701171875,Fixation,1056.1205682089162,718.0219289868377,168.0,21.0,True,34,image,,9.0
4952.0,1057.9305267333982,730.2763366699219,0.4047131240367889,0.5150980949401855,0.4132541120052337,0.507136344909668,3.386459350585937,3.0761871337890625,Fixation,1056.1205682089162,718.0219289868377,168.0,21.0,True,34,image,,9.0
4956.0,1049.781723022461,713.0202484130858,0.4025307595729828,0.51337069272995,0.4100709855556488,0.4951529502868652,3.402740478515625,3.05010986328125,Fixation,1056.1205682089162,718.0219289868377,168.0,21.0,True,34,image,,9.0
4960.0,1058.7712097167969,688.6378955841063,0.4019220769405365,0.514965295791626,0.4135825037956238,0.4782207608222961,3.4126129150390625,2.998992919921875,Fixation,1056.1205682089162,718.0219289868377,168.0,21.0,True,34,image,,9.0
4964.0,1053.351135253906,729.2724609375,0.4021685123443603,0.5137889981269836,0.4114652872085571,0.506439208984375,3.3851776123046875,3.0689239501953125,Fixation,1056.1205682089162,718.0219289868377,168.0,21.0,True,34,image,,9.0
4968.0,1061.4133453369138,734.2934703826904,0.4008044302463531,0.5110954642295837,0.414614588022232,0.5099260210990906,3.40411376953125,3.066146850585937,Fixation,1056.1205682089162,718.0219289868377,168.0,21.0,True,34,image,,9.0
4972.0,1060.0309753417969,715.8208179473876,0.4004927575588226,0.5090422630310059,0.4140745997428894,0.4970977902412414,3.383544921875,3.0710601806640625,Fixation,1056.1205682089162,718.0219289868377,168.0,21.0,True,34,image,,9.0
4976.0,1062.6792907714844,721.6723251342773,0.397064059972763,0.5146341919898987,0.4151090979576111,0.5011613368988037,3.402572631835937,3.050079345703125,Fixation,1056.1205682089162,718.0219289868377,168.0,21.0,True,34,image,,9.0
4980.0,1059.5310211181638,730.0378131866455,0.3976113796234131,0.5088673233985901,0.4138793051242828,0.5069707036018372,3.38104248046875,3.062484741210937,Fixation,1056.1205682089162,718.0219289868377,168.0,21.0,True,34,image,,9.0
4984.0,1064.5143127441404,723.4876441955566,0.4001094400882721,0.5077134370803833,0.4158259034156799,0.5024219751358032,3.40423583984375,3.056747436523437,Fixation,1056.1205682089162,718.0219289868377,168.0,21.0,True,34,image,,9.0
4988.0,1069.4103240966797,714.7329568862914,0.400332897901535,0.5064408779144287,0.4177384078502655,0.4963423311710357,3.405258178710937,3.051727294921875,Fixation,1056.1205682089162,718.0219289868377,168.0,21.0,True,34,image,,9.0
4992.0,1058.0785369873047,721.9294738769531,0.3969071507453918,0.5022188425064087,0.4133119285106659,0.5013399124145508,3.3804168701171875,3.0515289306640625,Fixation,1056.1205682089162,718.0219289868377,168.0,21.0,True,34,image,,9.0
4996.0,1060.2866363525388,717.2629451751708,0.3967207968235016,0.5062586069107056,0.4141744673252105,0.4980992674827575,3.3983612060546875,3.055145263671875,Fixation,1056.1205682089162,718.0219289868377,168.0,21.0,True,34,image,,9.0
5000.0,1040.8888244628904,734.7318077087402,0.395729660987854,0.5098979473114014,0.4065971970558166,0.5102304220199585,3.400863647460937,3.0868682861328125,Fixation,1056.1205682089162,718.0219289868377,168.0,21.0,True,34,image,,9.0
5004.0,1059.790115356445,700.9449863433837,0.4024706780910492,0.5015210509300232,0.4139805138111114,0.4867673516273498,3.391937255859375,3.0316162109375,Fixation,1056.1205682089162,718.0219289868377,168.0,21.0,True,34,image,,9.0
5008.0,1050.333480834961,714.2928600311278,0.4000166952610016,0.5069968104362488,0.4102865159511566,0.4960367083549499,3.4174041748046875,3.048095703125,Fixation,1056.1205682089162,718.0219289868377,168.0,21.0,True,34,image,,9.0
5012.0,1059.0370178222656,712.6747798919678,0.3992347717285156,0.5179309248924255,0.4136863350868225,0.4949130415916443,3.43170166015625,3.062850952148437,Fixation,1056.1205682089162,718.0219289868377,168.0,21.0,True,34,image,,9.0
5016.0,1054.8611450195312,734.2248058319092,0.3997329771518707,0.4965739846229553,0.4120551347732544,0.5098783373832703,3.3777008056640625,3.0806884765625,Fixation,1056.1205682089162,718.0219289868377,168.0,21.0,True,34,image,,9.0
5020.0,1069.130401611328,707.0790481567383,0.3998333811759949,0.5103386640548706,0.417629063129425,0.4910271167755127,3.4172821044921875,3.043792724609375,Fixation,1056.1205682089162,718.0219289868377,168.0,21.0,True,34,image,,9.0
5024.0,1067.80517578125,698.8255262374877,0.3962768316268921,0.5116411447525024,0.4171113967895508,0.4852955043315887,3.4033203125,3.020416259765625,Fixation,1056.1205682089162,718.0219289868377,168.0,21.0,True,34,image,,9.0
5028.0,1056.2192535400388,719.4515419006347,0.3950236737728119,0.509262204170227,0.4125856459140777,0.4996191263198852,3.39691162109375,3.06951904296875,Fixation,1056.1205682089162,718.0219289868377,168.0,21.0,True,34,image,,9.0
5032.0,1072.7145385742188,702.9699897766112,0.396126389503479,0.5103477835655212,0.4190291166305542,0.4881736040115356,3.4040069580078125,3.0333404541015625,Fixation,1056.1205682089162,718.0219289868377,168.0,21.0,True,34,image,,9.0
5036.0,1048.5746765136719,720.8262062072754,0.3999920189380646,0.5089610815048218,0.4095994830131531,0.5005737543106079,3.40301513671875,3.0727691650390625,Fixation,1056.1205682089162,718.0219289868377,168.0,21.0,True,34,image,,9.0
5040.0,1070.5934143066406,697.4432229995728,0.3929310739040375,0.516335666179657,0.4182005524635315,0.4843355715274811,3.41497802734375,3.03521728515625,Fixation,1056.1205682089162,718.0219289868377,168.0,21.0,True,34,image,,9.0
5044.0,1049.6849822998047,730.8119201660156,0.3982647657394409,0.5039730668067932,0.4100331962108612,0.5075082778930664,3.378509521484375,3.07940673828125,Fixation,1056.1205682089162,718.0219289868377,168.0,21.0,True,34,image,,9.0
5048.0,1067.0483398437498,710.0199937820433,0.3912044763565063,0.5165647864341736,0.4168157577514648,0.493069440126419,3.4277801513671875,3.0398101806640625,Fixation,1056.1205682089162,718.0219289868377,168.0,21.0,True,34,image,,9.0
5052.0,1065.6721496582031,724.2232131958008,0.3983597755432129,0.5125798583030701,0.4162781834602356,0.5029327869415283,3.4216461181640625,3.0632781982421875,Fixation,1056.1205682089162,718.0219289868377,168.0,21.0,True,34,image,,9.0
5056.0,1048.7824249267576,727.9040622711182,0.3945283889770508,0.510429322719574,0.4096806347370147,0.505488932132721,3.3997344970703125,3.0704498291015625,Fixation,1056.1205682089162,718.0219289868377,168.0,21.0,True,34,image,,9.0
5060.0,1049.7145843505857,705.9625196456909,0.3947626054286957,0.5173838138580322,0.4100447595119476,0.490251749753952,3.425079345703125,3.041595458984375,Fixation,1056.1205682089162,718.0219289868377,168.0,21.0,True,34,image,,9.0
5064.0,1043.985900878906,736.0578918457031,0.3919309377670288,0.5110651254653931,0.4078069925308227,0.5111513137817383,3.401153564453125,3.077545166015625,Fixation,1056.1205682089162,718.0219289868377,168.0,21.0,True,34,image,,9.0
5068.0,1048.0276489257812,726.0288333892822,0.3907619714736938,0.5095828771591187,0.4093858003616333,0.5041866898536682,3.3807373046875,3.06854248046875,Fixation,1056.1205682089162,718.0219289868377,168.0,21.0,True,34,image,,9.0
5072.0,1039.6379089355469,729.0625190734863,0.3910660743713379,0.5062951445579529,0.406108558177948,0.5062934160232544,3.388763427734375,3.0827789306640625,Fixation,1056.1205682089162,718.0219289868377,168.0,21.0,True,34,image,,9.0
5076.0,1051.163635253906,729.957218170166,0.3924967348575592,0.5151481032371521,0.4106107950210571,0.5069147348403931,3.41680908203125,3.0944061279296875,Fixation,1056.1205682089162,718.0219289868377,168.0,21.0,True,34,image,,9.0
5080.0,1040.4943084716797,728.6677837371826,0.3920460045337677,0.5148261189460754,0.4064430892467499,0.5060192942619324,3.404647827148437,3.076263427734375,Fixation,1056.1205682089162,718.0219289868377,168.0,21.0,True,34,image,,9.0
5084.0,1052.3851013183591,721.100263595581,0.3893197774887085,0.5140745639801025,0.4110879302024841,0.5007640719413757,3.4102020263671875,3.052642822265625,Fixation,1056.1205682089162,718.0219289868377,168.0,21.0,True,34,image,,9.0
5088.0,1061.599426269531,717.1953105926513,0.3929593861103058,0.5201797485351562,0.4146872758865356,0.4980522990226745,3.423309326171875,3.06842041015625,Fixation,1056.1205682089162,718.0219289868377,168.0,21.0,True,34,image,,9.0
5092.0,1053.353042602539,713.4036111831665,0.3961893022060394,0.517716109752655,0.4114660322666168,0.4954191744327545,3.4242706298828125,3.0413970947265625,Fixation,1056.1205682089162,718.0219289868377,168.0,21.0,True,34,image,,9.0
5096.0,1059.193344116211,731.9120979309082,0.3911516964435577,0.5097557902336121,0.4137474000453949,0.5082722902297974,3.418060302734375,3.071533203125,Fixation,1056.1205682089162,718.0219289868377,168.0,21.0,True,34,image,,9.0
5100.0,1064.378967285156,682.2633361816405,0.3890760838985443,0.4911620616912842,0.4157730340957641,0.4737939834594726,3.419586181640625,3.0283966064453125,Fixation,1056.1205682089162,718.0219289868377,168.0,21.0,True,34,image,,9.0
5104.0,1050.3484344482422,664.560670852661,0.3880102634429931,0.4460910260677337,0.4102923572063446,0.4615004658699035,3.4111785888671875,3.083969116210937,Fixation,1056.1205682089162,718.0219289868377,168.0,21.0,True,34,image,,9.0
5108.0,1054.4709777832031,626.3700485229492,0.3822609782218933,0.4226270318031311,0.4119027256965637,0.4349792003631592,3.42108154296875,3.079833984375,Saccade,,,,0.0,False,35,,,
5112.0,1071.264877319336,618.9986085891724,0.3821452260017395,0.3943139314651489,0.4184628427028656,0.4298601448535919,3.3686981201171875,3.05902099609375,Saccade,,,,0.0,False,35,,,
