timestamp,x,y,l_x,l_y,r_x,r_y,pupil_l,pupil_r,event_type,fixation_x,fixation_y,event_duration,fixation_id,merged,event_id,aoi_type,aoi,aoi_id
0.0,1279.6234130859373,685.3888607025146,0.5040299296379089,0.4879345297813415,0.4998528957366943,0.4759644865989685,3.0630340576171875,2.939056396484375,Fixation,1280.4751540874613,683.2311456367887,460.0,1.0,True,1,image,,9.0
4.0,1289.6696472167969,683.9633417129515,0.5039205551147461,0.470062643289566,0.5037772059440613,0.4749745428562164,3.040283203125,2.9232177734375,Fixation,1280.4751540874613,683.2311456367887,460.0,1.0,True,1,image,,9.0
8.0,1285.9213256835938,685.6770801544188,0.5018676519393921,0.4738886654376983,0.5023130178451538,0.4761646389961242,3.036956787109375,2.93115234375,Fixation,1280.4751540874613,683.2311456367887,460.0,1.0,True,1,image,,9.0
12.0,1279.5989227294922,688.6418867111206,0.5033725500106812,0.4508665800094604,0.4998433291912079,0.4782235324382782,2.9923553466796875,2.9340972900390625,Fixation,1280.4751540874613,683.2311456367887,460.0,1.0,True,1,image,,9.0
16.0,1284.9314880371094,685.761022567749,0.5038710832595825,0.4912729859352112,0.5019263625144958,0.4762229323387146,3.0742645263671875,2.9287261962890625,Fixation,1280.4751540874613,683.2311456367887,460.0,1.0,True,1,image,,9.0
20.0,1283.6347961425781,684.6439790725708,0.5054165720939636,0.4673911333084106,0.5014198422431946,0.4754472076892853,3.0532684326171875,2.9176788330078125,Fixation,1280.4751540874613,683.2311456367887,460.0,1.0,True,1,image,,9.0
24.0,1296.2562561035156,686.3320970535277,0.5012916326522827,0.4539221823215484,0.5063501000404358,0.4766195118427276,2.9972076416015625,2.92901611328125,Fixation,1280.4751540874613,683.2311456367887,460.0,1.0,True,1,image,,9.0
28.0,1286.0111999511719,678.4395790100098,0.5040946006774902,0.4961415827274322,0.5023481249809265,0.471138596534729,3.089996337890625,2.9417877197265625,Fixation,1280.4751540874613,683.2311456367887,460.0,1.0,True,1,image,,9.0
32.0,1287.3751831054688,682.9374074935913,0.5040237307548523,0.4959189891815185,0.5028809309005737,0.4742620885372162,3.080062866210937,2.92486572265625,Fixation,1280.4751540874613,683.2311456367887,460.0,1.0,True,1,image,,9.0
36.0,1278.2991027832031,681.5988779067992,0.5019919276237488,0.4620130360126495,0.4993355870246887,0.4733325541019439,3.0276336669921875,2.913055419921875,Fixation,1280.4751540874613,683.2311456367887,460.0,1.0,True,1,image,,9.0
40.0,1285.316162109375,688.5629653930664,0.5018817782402039,0.4663267433643341,0.5020766258239746,0.4781687259674072,3.0157623291015625,2.932098388671875,Fixation,1280.4751540874613,683.2311456367887,460.0,1.0,True,1,image,,9.0
44.0,1280.9828186035156,688.6709403991698,0.5042689442634583,0.4832454323768616,0.5003839135169983,0.4782437086105346,3.047088623046875,2.9246978759765625,Fixation,1280.4751540874613,683.2311456367887,460.0,1.0,True,1,image,,9.0
48.0,1289.2172241210938,690.5568552017211,0.5048622488975525,0.4750893115997314,0.5036004781723022,0.4795533716678619,3.043609619140625,2.927108764648437,Fixation,1280.4751540874613,683.2311456367887,460.0,1.0,True,1,image,,9.0
52.0,1287.7601623535156,689.6640014648436,0.5012978911399841,0.4755593836307525,0.503031313419342,0.4789333343505859,3.027008056640625,2.9064483642578125,Fixation,1280.4751540874613,683.2311456367887,460.0,1.0,True,1,image,,9.0
56.0,1290.5000305175781,674.5690441131591,0.5042321681976318,0.4645625948905945,0.504101574420929,0.4684507250785827,3.005767822265625,2.8940887451171875,Fixation,1280.4751540874613,683.2311456367887,460.0,1.0,True,1,image,,9.0
60.0,1291.5011596679688,681.158137321472,0.5029926896095276,0.5096094608306885,0.5044926404953003,0.4730264842510223,3.10699462890625,2.904159545898437,Fixation,1280.4751540874613,683.2311456367887,460.0,1.0,True,1,image,,9.0
64.0,1290.9945678710938,673.1025409698485,0.5052765011787415,0.4740623533725738,0.504294753074646,0.4674323201179504,3.0267333984375,2.901596069335937,Fixation,1280.4751540874613,683.2311456367887,460.0,1.0,True,1,image,,9.0
68.0,1287.7445983886719,672.3044872283934,0.5038041472434998,0.4845200479030609,0.503025233745575,0.4668781161308288,3.071807861328125,2.89263916015625,Fixation,1280.4751540874613,683.2311456367887,460.0,1.0,True,1,image,,9.0
72.0,1288.1082153320312,674.9496173858641,0.5032599568367004,0.48553466796875,0.5031672716140747,0.4687150120735168,3.049667358398437,2.905120849609375,Fixation,1280.4751540874613,683.2311456367887,460.0,1.0,True,1,image,,9.0
76.0,1288.6393737792969,680.6979990005492,0.5034734010696411,0.4406006336212158,0.5033747553825378,0.4727069437503814,2.97247314453125,2.921630859375,Fixation,1280.4751540874613,683.2311456367887,460.0,1.0,True,1,image,,9.0
80.0,1273.102035522461,681.734447479248,0.5055472254753113,0.4747515618801117,0.4973054826259613,0.4734266996383667,3.0355682373046875,2.93267822265625,Fixation,1280.4751540874613,683.2311456367887,460.0,1.0,True,1,image,,9.0
84.0,1287.2383117675781,684.9424123764038,0.5083200335502625,0.4932945370674133,0.5028274655342102,0.4756544530391693,3.0818634033203125,2.91192626953125,Fixation,1280.4751540874613,683.2311456367887,460.0,1.0,True,1,image,,9.0
88.0,1286.0102844238281,689.5721626281737,0.5023742914199829,0.4939455986022949,0.5023477673530579,0.4788695573806762,3.05712890625,2.9207916259765625,Fixation,1280.4751540874613,683.2311456367887,460.0,1.0,True,1,image,,9.0
92.0,1277.9651641845703,684.0190029144286,0.5052067637443542,0.4620325565338135,0.4992051422595978,0.4750131964683532,3.012664794921875,2.9183807373046875,Fixation,1280.4751540874613,683.2311456367887,460.0,1.0,True,1,image,,9.0
96.0,1275.4237365722654,688.2987785339355,0.5092748999595642,0.4432402849197387,0.4982123970985412,0.4779852628707886,2.9523468017578125,2.92413330078125,Fixation,1280.4751540874613,683.2311456367887,460.0,1.0,True,1,image,,9.0
100.0,1278.9944458007812,682.2523927688599,0.5062578916549683,0.452851802110672,0.4996072053909302,0.4737863838672638,2.986312866210937,2.9139862060546875,Fixation,1280.4751540874613,683.2311456367887,460.0,1.0,True,1,image,,9.0
104.0,1276.515197753906,679.1569519042969,0.510647714138031,0.4997794032096863,0.4986387491226196,0.4716367721557617,3.1077423095703125,2.9231719970703125,Fixation,1280.4751540874613,683.2311456367887,460.0,1.0,True,1,image,,9.0
108.0,1269.8096466064453,690.0903654098511,0.5060821175575256,0.4868160486221313,0.4960193932056427,0.4792294204235077,3.06646728515625,2.9257354736328125,Fixation,1280.4751540874613,683.2311456367887,460.0,1.0,True,1,image,,9.0
112.0,1279.2989349365232,681.4947652816772,0.507498025894165,0.4710809290409088,0.4997261464595794,0.4732602536678314,3.031402587890625,2.9160308837890625,Fixation,1280.4751540874613,683.2311456367887,460.0,1.0,True,1,image,,9.0
116.0,1269.5837402343748,692.3311042785645,0.506301760673523,0.4828302562236786,0.4959311485290527,0.4807854890823364,3.0548553466796875,2.9383544921875,Fixation,1280.4751540874613,683.2311456367887,460.0,1.0,True,1,image,,9.0
120.0,1267.7691650390625,679.6782445907592,0.5061348080635071,0.5013691186904907,0.4952223300933838,0.471998780965805,3.1165771484375,2.914794921875,Fixation,1280.4751540874613,683.2311456367887,460.0,1.0,True,1,image,,9.0
124.0,1276.8458557128906,688.3943939208983,0.5035731792449951,0.4914608895778656,0.4987679123878479,0.4780516624450683,3.035140991210937,2.9222869873046875,Fixation,1280.4751540874613,683.2311456367887,460.0,1.0,True,1,image,,9.0
128.0,1275.7169342041016,692.930245399475,0.5080511569976807,0.4923615753650665,0.4983269274234772,0.481201559305191,3.0634765625,2.9119873046875,Fixation,1280.4751540874613,683.2311456367887,460.0,1.0,True,1,image,,9.0
132.0,1284.8503112792969,693.0875301361083,0.5054334998130798,0.485024094581604,0.5018946528434753,0.4813107848167419,3.038803100585937,2.9281768798828125,Fixation,1280.4751540874613,683.2311456367887,460.0,1.0,True,1,image,,9.0
136.0,1276.6654968261719,701.8173694610596,0.5029592514038086,0.4945822656154632,0.4986974596977234,0.4873731732368469,3.0660858154296875,2.928817749023437,Fixation,1280.4751540874613,683.2311456367887,460.0,1.0,True,1,image,,9.0
140.0,1283.6073303222656,686.5170192718505,0.5054454207420349,0.4856237173080444,0.501409113407135,0.4767479300498962,3.0535888671875,2.923690795898437,Fixation,1280.4751540874613,683.2311456367887,460.0,1.0,True,1,image,,9.0
144.0,1283.5598754882812,695.164804458618,0.5019609332084656,0.4997158944606781,0.5013905763626099,0.4827533364295959,3.0907745361328125,2.903167724609375,Fixation,1280.4751540874613,683.2311456367887,460.0,1.0,True,1,image,,9.0
148.0,1280.7756042480469,684.0927743911743,0.5023102164268494,0.4998342394828796,0.5003029704093933,0.4750644266605377,3.09393310546875,2.9080352783203125,Fixation,1280.4751540874613,683.2311456367887,460.0,1.0,True,1,image,,9.0
152.0,1289.8567199707031,694.1977500915527,0.5043147206306458,0.4839710593223572,0.5038502812385559,0.4820817708969116,3.0577392578125,2.9021759033203125,Fixation,1280.4751540874613,683.2311456367887,460.0,1.0,True,1,image,,9.0
156.0,1283.1605529785156,682.3329877853394,0.5027191042900085,0.4920622408390045,0.5012345910072327,0.4738423526287079,3.05853271484375,2.917999267578125,Fixation,1280.4751540874613,683.2311456367887,460.0,1.0,True,1,image,,9.0
160.0,1277.4943542480469,677.0317840576171,0.5029798150062561,0.4779359698295593,0.4990212321281433,0.470160961151123,3.013427734375,2.906494140625,Fixation,1280.4751540874613,683.2311456367887,460.0,1.0,True,1,image,,9.0
164.0,1280.7940673828125,688.517174720764,0.5048524737358093,0.4921594262123108,0.5003101825714111,0.4781369268894195,3.065582275390625,2.9207305908203125,Fixation,1280.4751540874613,683.2311456367887,460.0,1.0,True,1,image,,9.0
168.0,1281.68212890625,691.4632701873778,0.5032269954681396,0.4815013110637665,0.5006570816040039,0.4801828265190124,3.044097900390625,2.92559814453125,Fixation,1280.4751540874613,683.2311456367887,460.0,1.0,True,1,image,,9.0
172.0,1283.0918884277344,690.0769758224486,0.5088000297546387,0.4890645146369934,0.5012077689170837,0.4792201220989227,3.0712890625,2.9154205322265625,Fixation,1280.4751540874613,683.2311456367887,460.0,1.0,True,1,image,,9.0
176.0,1275.7930755615234,680.5135488510131,0.5043883919715881,0.4870500266551971,0.4983566701412201,0.4725788533687591,3.0607147216796875,2.9055328369140625,Fixation,1280.4751540874613,683.2311456367887,460.0,1.0,True,1,image,,9.0
180.0,1275.7342529296875,689.3408489227295,0.5071881413459778,0.4852656722068786,0.4983336925506592,0.4787089228630066,3.0532684326171875,2.909088134765625,Fixation,1280.4751540874613,683.2311456367887,460.0,1.0,True,1,image,,9.0
184.0,1274.9226379394531,681.8035411834717,0.5053099989891052,0.4647035896778106,0.4980166554450989,0.4734746813774109,3.01702880859375,2.8938140869140625,Fixation,1280.4751540874613,683.2311456367887,460.0,1.0,True,1,image,,9.0
188.0,1278.2870483398435,689.7048139572142,0.5090898275375366,0.4926242530345917,0.4993308782577514,0.4789616763591766,3.0584869384765625,2.90673828125,Fixation,1280.4751540874613,683.2311456367887,460.0,1.0,True,1,image,,9.0
192.0,1268.3263397216795,690.6877899169922,0.5069832801818848,0.4949260056018829,0.4954399764537811,0.4796442985534668,3.0645904541015625,2.918807983398437,Fixation,1280.4751540874613,683.2311456367887,460.0,1.0,True,1,image,,9.0
196.0,1281.6635131835938,692.2322273254395,0.5072864890098572,0.4825737774372101,0.5006498098373413,0.4807168245315552,3.0355377197265625,2.9144439697265625,Fixation,1280.4751540874613,683.2311456367887,460.0,1.0,True,1,image,,9.0
200.0,1280.5653381347656,689.4715261459351,0.5064515471458435,0.4668729305267334,0.5002208352088928,0.4787996709346771,2.9907379150390625,2.91314697265625,Fixation,1280.4751540874613,683.2311456367887,460.0,1.0,True,1,image,,9.0
204.0,1278.3332824707031,692.8191804885864,0.5024397373199463,0.4849416017532348,0.4993489384651184,0.4811244308948517,3.010162353515625,2.915069580078125,Fixation,1280.4751540874613,683.2311456367887,460.0,1.0,True,1,image,,9.0
208.0,1282.1064758300781,691.4930963516235,0.5029417872428894,0.4862502217292785,0.5008228421211243,0.4802035391330719,3.041778564453125,2.911727905273437,Fixation,1280.4751540874613,683.2311456367887,460.0,1.0,True,1,image,,9.0
212.0,1283.8613891601562,697.832293510437,0.5002685189247131,0.4811649918556213,0.501508355140686,0.4846057593822479,3.028045654296875,2.9097442626953125,Fixation,1280.4751540874613,683.2311456367887,460.0,1.0,True,1,image,,9.0
216.0,1284.0257263183594,683.5156059265137,0.5009731650352478,0.5024738311767578,0.5015725493431091,0.4746636152267456,3.0947265625,2.904052734375,Fixation,1280.4751540874613,683.2311456367887,460.0,1.0,True,1,image,,9.0
220.0,1284.5416259765625,688.6251497268677,0.5043237209320068,0.4802256524562835,0.5017740726470947,0.478211909532547,3.0274200439453125,2.894744873046875,Fixation,1280.4751540874613,683.2311456367887,460.0,1.0,True,1,image,,9.0
224.0,1281.0191345214844,690.9018087387084,0.5027282238006592,0.4941007196903229,0.5003980994224548,0.4797929227352142,3.076278686523437,2.9132232666015625,Fixation,1280.4751540874613,683.2311456367887,460.0,1.0,True,1,image,,9.0
228.0,1279.0037536621094,693.933606147766,0.503161609172821,0.5050742030143738,0.4996108412742615,0.4818983376026153,3.086654663085937,2.908966064453125,Fixation,1280.4751540874613,683.2311456367887,460.0,1.0,True,1,image,,9.0
232.0,1278.2881164550781,683.0727195739746,0.5043702721595764,0.5020685791969299,0.4993312954902649,0.4743560552597046,3.078231811523437,2.903045654296875,Fixation,1280.4751540874613,683.2311456367887,460.0,1.0,True,1,image,,9.0
236.0,1282.5811767578125,697.3859310150146,0.503775954246521,0.4925511181354522,0.5010082721710205,0.4842957854270935,3.0543212890625,2.91497802734375,Fixation,1280.4751540874613,683.2311456367887,460.0,1.0,True,1,image,,9.0
240.0,1283.3790588378906,679.874153137207,0.503146767616272,0.4728395342826843,0.501319944858551,0.4721348285675049,3.009368896484375,2.8743896484375,Fixation,1280.4751540874613,683.2311456367887,460.0,1.0,True,1,image,,9.0
244.0,1279.5416259765625,688.8737154006957,0.5011718273162842,0.4618942439556122,0.4998209476470947,0.4783845245838165,3.0057830810546875,2.8995361328125,Fixation,1280.4751540874613,683.2311456367887,460.0,1.0,True,1,image,,9.0
248.0,1279.3229675292969,686.8359231948853,0.4984631836414337,0.4701163470745086,0.4997355341911316,0.4769693911075592,3.0016632080078125,2.8992919921875,Fixation,1280.4751540874613,683.2311456367887,460.0,1.0,True,1,image,,9.0
252.0,1289.2086791992188,682.5897932052611,0.5029892921447754,0.4978371560573578,0.5035971403121948,0.4740206897258758,3.05889892578125,2.8897247314453125,Fixation,1280.4751540874613,683.2311456367887,460.0,1.0,True,1,image,,9.0
256.0,1281.8260192871094,688.3165884017943,0.504586398601532,0.4953449964523315,0.5007132887840271,0.4779976308345794,3.062896728515625,2.89276123046875,Fixation,1280.4751540874613,683.2311456367887,460.0,1.0,True,1,image,,9.0
260.0,1280.74951171875,678.9830589294434,0.501701831817627,0.4977391362190246,0.5002927780151367,0.4715160131454468,3.063461303710937,2.8907928466796875,Fixation,1280.4751540874613,683.2311456367887,460.0,1.0,True,1,image,,9.0
264.0,1284.1474914550781,687.990345954895,0.5033400654792786,0.4841268658638,0.5016201138496399,0.4777710735797882,3.0231170654296875,2.907867431640625,Fixation,1280.4751540874613,683.2311456367887,460.0,1.0,True,1,image,,9.0
268.0,1276.0737609863281,678.4966993331909,0.5001271367073059,0.4941067397594452,0.4984663128852844,0.471178263425827,3.03857421875,2.8838348388671875,Fixation,1280.4751540874613,683.2311456367887,460.0,1.0,True,1,image,,9.0
272.0,1281.7642211914062,687.7813482284545,0.5016445517539978,0.4601480960845947,0.5006891489028931,0.4776259362697601,2.9736328125,2.89410400390625,Fixation,1280.4751540874613,683.2311456367887,460.0,1.0,True,1,image,,9.0
276.0,1278.1143951416016,688.7833786010741,0.5018330216407776,0.4884916245937347,0.4992634356021881,0.4783217906951904,3.047515869140625,2.887725830078125,Fixation,1280.4751540874613,683.2311456367887,460.0,1.0,True,1,image,,9.0
280.0,1282.5991821289062,680.9256649017334,0.5032292008399963,0.4941163659095764,0.501015305519104,0.4728650450706482,3.0617828369140625,2.887924194335937,Fixation,1280.4751540874613,683.2311456367887,460.0,1.0,True,1,image,,9.0
284.0,1275.6440734863281,687.3929643630981,0.5018854737281799,0.4770984649658203,0.4982984662055969,0.4773562252521515,3.0038299560546875,2.8954315185546875,Fixation,1280.4751540874613,683.2311456367887,460.0,1.0,True,1,image,,9.0
288.0,1282.2567749023438,685.0868225097656,0.5003271698951721,0.4929817616939544,0.500881552696228,0.4757547378540039,3.0341033935546875,2.8832244873046875,Fixation,1280.4751540874613,683.2311456367887,460.0,1.0,True,1,image,,9.0
292.0,1281.2690734863281,673.0944299697875,0.5026940703392029,0.4723596274852752,0.5004957318305969,0.4674266874790191,2.9947662353515625,2.8737335205078125,Fixation,1280.4751540874613,683.2311456367887,460.0,1.0,True,1,image,,9.0
296.0,1285.8087158203125,680.2555418014525,0.500946044921875,0.4797973036766052,0.5022690296173096,0.4723996818065643,2.9953765869140625,2.889007568359375,Fixation,1280.4751540874613,683.2311456367887,460.0,1.0,True,1,image,,9.0
300.0,1278.8418579101562,675.3103637695312,0.5019943714141846,0.4844535887241363,0.4995476007461548,0.4689655303955078,3.0023956298828125,2.8759307861328125,Fixation,1280.4751540874613,683.2311456367887,460.0,1.0,True,1,image,,9.0
304.0,1285.5030822753906,675.2959871292113,0.5014659762382507,0.4492382407188415,0.5021496415138245,0.4689555466175079,2.940643310546875,2.847763061523437,Fixation,1280.4751540874613,683.2311456367887,460.0,1.0,True,1,image,,9.0
308.0,1282.1981811523438,686.4721298217773,0.503334105014801,0.4911253452301025,0.5008586645126343,0.4767167568206787,3.0314178466796875,2.87445068359375,Fixation,1280.4751540874613,683.2311456367887,460.0,1.0,True,1,image,,9.0
312.0,1285.2937316894531,680.1749038696288,0.5024183392524719,0.4735395014286041,0.5020678639411926,0.4723436832427978,3.0001220703125,2.873397827148437,Fixation,1280.4751540874613,683.2311456367887,460.0,1.0,True,1,image,,9.0
316.0,1280.4753112792969,686.7224550247191,0.5014902353286743,0.476212203502655,0.5001856684684753,0.4768905937671661,2.9790802001953125,2.8759918212890625,Fixation,1280.4751540874613,683.2311456367887,460.0,1.0,True,1,image,,9.0
320.0,1277.2254180908203,671.3909912109375,0.5038384795188904,0.4876981377601623,0.4989161789417267,0.4662437438964844,3.016220092773437,2.866119384765625,Fixation,1280.4751540874613,683.2311456367887,460.0,1.0,True,1,image,,9.0
324.0,1282.2930908203125,678.9686393737793,0.5002232193946838,0.471469908952713,0.5008957386016846,0.4715059995651245,2.982772827148437,2.862701416015625,Fixation,1280.4751540874613,683.2311456367887,460.0,1.0,True,1,image,,9.0
328.0,1284.2587280273438,672.6318454742432,0.5004526376724243,0.4504619538784027,0.5016635656356812,0.4671054482460022,2.91644287109375,2.86529541015625,Fixation,1280.4751540874613,683.2311456367887,460.0,1.0,True,1,image,,9.0
332.0,1283.8644409179688,673.7674713134766,0.4990103840827942,0.4758002460002899,0.5015095472335815,0.4678940773010254,2.96490478515625,2.8404998779296875,Fixation,1280.4751540874613,683.2311456367887,460.0,1.0,True,1,image,,9.0
336.0,1282.8948974609375,677.5756502151489,0.5004504919052124,0.4580685198307037,0.5011308193206787,0.4705386459827423,2.91326904296875,2.8350982666015625,Fixation,1280.4751540874613,683.2311456367887,460.0,1.0,True,1,image,,9.0
340.0,1284.5909118652344,669.7151899337767,0.499838650226593,0.4511404633522033,0.5017933249473572,0.4650799930095672,2.8946685791015625,2.83087158203125,Fixation,1280.4751540874613,683.2311456367887,460.0,1.0,True,1,image,,9.0
344.0,1286.9497680664062,667.0807886123657,0.5010728240013123,0.4509187340736389,0.5027147531509399,0.4632505476474762,2.906097412109375,2.795883178710937,Fixation,1280.4751540874613,683.2311456367887,460.0,1.0,True,1,image,,9.0
348.0,1284.6722412109375,669.2587852478027,0.5007546544075012,0.461419939994812,0.5018250942230225,0.4647630453109741,2.903076171875,2.818115234375,Fixation,1280.4751540874613,683.2311456367887,460.0,1.0,True,1,image,,9.0
352.0,1278.5611724853513,673.1117248535156,0.5012422800064087,0.4683665037155151,0.4994379580020904,0.4674386978149414,2.9121551513671875,2.813629150390625,Fixation,1280.4751540874613,683.2311456367887,460.0,1.0,True,1,image,,9.0
356.0,1280.59326171875,671.267523765564,0.5020481944084167,0.4584071636199951,0.5002317428588867,0.466158002614975,2.8950653076171875,2.80780029296875,Fixation,1280.4751540874613,683.2311456367887,460.0,1.0,True,1,image,,9.0
360.0,1281.2469482421875,672.3045301437377,0.5003518462181091,0.4704983830451965,0.5004870891571045,0.4668781459331512,2.9419708251953125,2.80419921875,Fixation,1280.4751540874613,683.2311456367887,460.0,1.0,True,1,image,,9.0
364.0,1279.5880126953123,676.1361837387084,0.501078188419342,0.4681108593940735,0.4998390674591064,0.4695390164852142,2.91900634765625,2.8082275390625,Fixation,1280.4751540874613,683.2311456367887,460.0,1.0,True,1,image,,9.0
368.0,1277.1005249023438,671.6928148269652,0.5036518573760986,0.4522861838340759,0.498867392539978,0.466453343629837,2.8782501220703125,2.7902374267578125,Fixation,1280.4751540874613,683.2311456367887,460.0,1.0,True,1,image,,9.0
372.0,1279.490051269531,680.7189416885375,0.5040851831436157,0.4554907977581024,0.4998008012771606,0.4727214872837066,2.889251708984375,2.8018035888671875,Fixation,1280.4751540874613,683.2311456367887,460.0,1.0,True,1,image,,9.0
376.0,1283.1979370117188,675.4433584213257,0.5006662607192993,0.4573885500431061,0.5012491941452026,0.4690578877925873,2.87799072265625,2.79583740234375,Fixation,1280.4751540874613,683.2311456367887,460.0,1.0,True,1,image,,9.0
380.0,1283.8253784179688,675.1152276992797,0.5020307302474976,0.489503800868988,0.501494288444519,0.4688300192356109,2.9407196044921875,2.78240966796875,Fixation,1280.4751540874613,683.2311456367887,460.0,1.0,True,1,image,,9.0
384.0,1284.7537231445312,678.7109327316284,0.5034658908843994,0.4589503109455108,0.5018569231033325,0.4713270366191864,2.872909545898437,2.776351928710937,Fixation,1280.4751540874613,683.2311456367887,460.0,1.0,True,1,image,,9.0
388.0,1280.1141357421875,678.9129781723021,0.5000710487365723,0.4772413671016693,0.500044584274292,0.4714673459529876,2.91204833984375,2.773544311523437,Fixation,1280.4751540874613,683.2311456367887,460.0,1.0,True,1,image,,9.0
392.0,1284.0156555175781,675.7986974716187,0.4993716478347778,0.4552459716796875,0.501568615436554,0.4693046510219574,2.8415069580078125,2.7825469970703125,Fixation,1280.4751540874613,683.2311456367887,460.0,1.0,True,1,image,,9.0
396.0,1279.7263336181638,679.9096441268921,0.5024934411048889,0.455069363117218,0.4998930990695953,0.4721594750881195,2.848968505859375,2.7808990478515625,Fixation,1280.4751540874613,683.2311456367887,460.0,1.0,True,1,image,,9.0
400.0,1276.7604064941406,682.2165155410767,0.5008158087730408,0.4700397551059723,0.4987345337867737,0.4737614691257477,2.854583740234375,2.766830444335937,Fixation,1280.4751540874613,683.2311456367887,460.0,1.0,True,1,image,,9.0
404.0,1280.9211730957031,683.9924383163452,0.499358981847763,0.4594075083732605,0.500359833240509,0.4749947488307953,2.835479736328125,2.7748565673828125,Fixation,1280.4751540874613,683.2311456367887,460.0,1.0,True,1,image,,9.0
408.0,1278.263931274414,681.0422658920287,0.5019090175628662,0.4550212025642395,0.499321848154068,0.4729460179805755,2.8391571044921875,2.762664794921875,Fixation,1280.4751540874613,683.2311456367887,460.0,1.0,True,1,image,,9.0
412.0,1281.0621643066406,679.1046380996704,0.4981406629085541,0.4593267440795898,0.5004149079322815,0.4716004431247711,2.8303680419921875,2.7598114013671875,Fixation,1280.4751540874613,683.2311456367887,460.0,1.0,True,1,image,,9.0
416.0,1276.9063568115232,680.8474731445312,0.5009188652038574,0.451523870229721,0.4987915456295013,0.4728107452392578,2.8172149658203125,2.7631988525390625,Fixation,1280.4751540874613,683.2311456367887,460.0,1.0,True,1,image,,9.0
420.0,1280.0727844238281,679.391655921936,0.4983279407024383,0.4519853591918945,0.5000284314155579,0.4717997610569,2.8097076416015625,2.7511444091796875,Fixation,1280.4751540874613,683.2311456367887,460.0,1.0,True,1,image,,9.0
424.0,1279.2309570312498,681.0905885696411,0.5038223266601562,0.4505621194839477,0.499699592590332,0.4729795753955841,2.812240600585937,2.7563018798828125,Fixation,1280.4751540874613,683.2311456367887,460.0,1.0,True,1,image,,9.0
428.0,1279.4780731201172,676.6379499435424,0.5015915632247925,0.4584107100963592,0.4997961223125458,0.4698874652385711,2.816879272460937,2.7618560791015625,Fixation,1280.4751540874613,683.2311456367887,460.0,1.0,True,1,image,,9.0
432.0,1269.5180511474607,680.0454711914061,0.5032124519348145,0.452664852142334,0.4959054887294769,0.4722537994384765,2.793121337890625,2.741851806640625,Fixation,1280.4751540874613,683.2311456367887,460.0,1.0,True,1,image,,9.0
436.0,1279.5270538330078,674.9756669998169,0.5010806322097778,0.457474946975708,0.4998152554035187,0.4687331020832062,2.8109588623046875,2.745086669921875,Fixation,1280.4751540874613,683.2311456367887,460.0,1.0,True,1,image,,9.0
440.0,1278.8929748535154,679.7898674011229,0.5029871463775635,0.446456104516983,0.4995675683021545,0.4720762968063354,2.785186767578125,2.75421142578125,Fixation,1280.4751540874613,683.2311456367887,460.0,1.0,True,1,image,,9.0
444.0,1283.1352233886719,685.1910638809204,0.5048040151596069,0.4577022194862366,0.5012246966362,0.4758271276950836,2.81585693359375,2.738616943359375,Fixation,1280.4751540874613,683.2311456367887,460.0,1.0,True,1,image,,9.0
448.0,1274.3618011474607,677.9522323608397,0.4993697106838226,0.4543324410915375,0.4977975785732269,0.4708001613616943,2.7941131591796875,2.7395172119140625,Fixation,1280.4751540874613,683.2311456367887,460.0,1.0,True,1,image,,9.0
452.0,1275.453872680664,681.4757966995238,0.4972975254058838,0.4572224915027618,0.4982241690158844,0.473247081041336,2.7905426025390625,2.716400146484375,Fixation,1280.4751540874613,683.2311456367887,460.0,1.0,True,1,image,,9.0
456.0,1254.1950225830078,687.4652338027953,0.485306829214096,0.4654785990715027,0.4899199306964874,0.4774064123630523,2.7853546142578125,2.71697998046875,Fixation,1280.4751540874613,683.2311456367887,460.0,1.0,True,1,image,,9.0
460.0,1213.4073638916013,704.6767330169678,0.4728493392467499,0.4707547128200531,0.4739872515201568,0.4893588423728943,2.7752685546875,2.7319793701171875,Fixation,1280.4751540874613,683.2311456367887,460.0,1.0,True,1,image,,9.0
464.0,1194.95246887207,709.0587329864502,0.4680714607238769,0.4900785088539123,0.4667783081531524,0.4924018979072571,2.8019256591796875,2.704986572265625,Fixation,1197.660860628695,742.6738001849201,144.0,2.0,True,2,image,,9.0
468.0,1184.5536041259766,729.9771308898926,0.4653675556182861,0.5127012729644775,0.4627162516117096,0.506928563117981,2.8084259033203125,2.715560913085937,Fixation,1197.660860628695,742.6738001849201,144.0,2.0,True,2,image,,9.0
472.0,1187.1108245849607,745.596513748169,0.4664535522460937,0.4900965392589569,0.4637151658535003,0.5177753567695618,2.747222900390625,2.7076873779296875,Fixation,1197.660860628695,742.6738001849201,144.0,2.0,True,2,image,,9.0
476.0,1198.8511657714844,754.1100597381592,0.4702933132648468,0.5243200063705444,0.4683012366294861,0.5236875414848328,2.789642333984375,2.701629638671875,Fixation,1197.660860628695,742.6738001849201,144.0,2.0,True,2,image,,9.0
480.0,1200.8725738525388,753.984317779541,0.4696597754955292,0.5367251038551331,0.469090849161148,0.5236002206802368,2.8217315673828125,2.695220947265625,Fixation,1197.660860628695,742.6738001849201,144.0,2.0,True,2,image,,9.0
484.0,1204.7212982177732,755.7700252532959,0.4669349193572998,0.5138522982597351,0.4705942571163177,0.5248402953147888,2.766357421875,2.6873779296875,Fixation,1197.660860628695,742.6738001849201,144.0,2.0,True,2,image,,9.0
488.0,1199.4033050537107,747.1426677703857,0.4693919420242309,0.4829067885875702,0.4685169160366058,0.5188490748405457,2.6974029541015625,2.7032928466796875,Fixation,1197.660860628695,742.6738001849201,144.0,2.0,True,2,image,,9.0
492.0,1202.037353515625,731.4282703399658,0.4695925414562225,0.4812010824680328,0.469545841217041,0.5079362988471985,2.6976470947265625,2.6703338623046875,Fixation,1197.660860628695,742.6738001849201,144.0,2.0,True,2,image,,9.0
496.0,1196.9224548339841,732.0745754241943,0.4707160294055938,0.4852556884288788,0.4675478339195251,0.5083851218223572,2.70440673828125,2.6829833984375,Fixation,1197.660860628695,742.6738001849201,144.0,2.0,True,2,image,,9.0
500.0,1200.9478759765625,750.1485443115234,0.4662427902221679,0.489536702632904,0.4691202640533447,0.5209364891052246,2.696868896484375,2.678466796875,Fixation,1197.660860628695,742.6738001849201,144.0,2.0,True,2,image,,9.0
504.0,1198.7300872802734,735.3942489624023,0.4682232141494751,0.5064709782600403,0.4682539403438568,0.510690450668335,2.746978759765625,2.668731689453125,Fixation,1197.660860628695,742.6738001849201,144.0,2.0,True,2,image,,9.0
508.0,1196.3266754150388,739.2645263671875,0.4621966481208801,0.4848037362098694,0.4673151075839996,0.5133781433105469,2.6938018798828125,2.67498779296875,Fixation,1197.660860628695,742.6738001849201,144.0,2.0,True,2,image,,9.0
512.0,1193.5726165771484,738.4737682342529,0.4652727246284485,0.5283100605010986,0.4662393033504486,0.5128290057182312,2.7911529541015625,2.659088134765625,Fixation,1197.660860628695,742.6738001849201,144.0,2.0,True,2,image,,9.0
516.0,1195.6457519531248,739.6080207824707,0.4667939245700836,0.4832249283790588,0.4670491218566894,0.513616681098938,2.678985595703125,2.673248291015625,Fixation,1197.660860628695,742.6738001849201,144.0,2.0,True,2,image,,9.0
520.0,1199.0147399902344,737.5025081634521,0.4686347544193268,0.5131919384002686,0.4683651328086853,0.5121545195579529,2.751739501953125,2.656524658203125,Fixation,1197.660860628695,742.6738001849201,144.0,2.0,True,2,image,,9.0
524.0,1195.1146697998047,741.3306427001953,0.4675045013427734,0.5136988162994385,0.4668416678905487,0.5148129463195801,2.74737548828125,2.6718292236328125,Fixation,1197.660860628695,742.6738001849201,144.0,2.0,True,2,image,,9.0
528.0,1192.3002624511719,745.5598640441895,0.4680654108524322,0.4867753684520721,0.465742290019989,0.5177499055862427,2.673095703125,2.6792755126953125,Fixation,1197.660860628695,742.6738001849201,144.0,2.0,True,2,image,,9.0
532.0,1195.986862182617,749.3029403686523,0.4675088822841644,0.5133125185966492,0.4671823680400848,0.5203492641448975,2.747528076171875,2.666488647460937,Fixation,1197.660860628695,742.6738001849201,144.0,2.0,True,2,image,,9.0
536.0,1200.5885314941406,740.9025192260742,0.4657210409641266,0.5241357088088989,0.4689798951148987,0.5145156383514404,2.7662811279296875,2.6411590576171875,Fixation,1197.660860628695,742.6738001849201,144.0,2.0,True,2,image,,9.0
540.0,1195.7188415527341,744.701042175293,0.4680047333240509,0.4865015149116516,0.4670776724815368,0.5171535015106201,2.676498413085937,2.6671905517578125,Fixation,1197.660860628695,742.6738001849201,144.0,2.0,True,2,image,,9.0
544.0,1204.8812866210935,755.4076480865479,0.4659835696220398,0.5115402936935425,0.4706567525863647,0.5245886445045471,2.72967529296875,2.6668701171875,Fixation,1197.660860628695,742.6738001849201,144.0,2.0,True,2,image,,9.0
548.0,1199.974594116211,743.7443733215332,0.4657016396522522,0.5156649351119995,0.4687400758266449,0.5164891481399536,2.741683959960937,2.66046142578125,Fixation,1197.660860628695,742.6738001849201,144.0,2.0,True,2,image,,9.0
552.0,1197.4691009521484,745.3609085083008,0.4688765108585357,0.5347481966018677,0.467761367559433,0.5176117420196533,2.7881011962890625,2.660385131835937,Fixation,1197.660860628695,742.6738001849201,144.0,2.0,True,2,image,,9.0
556.0,1201.6099548339841,748.2648181915283,0.467062771320343,0.5055432319641113,0.4693788886070251,0.5196283459663391,2.710174560546875,2.6689910888671875,Fixation,1197.660860628695,742.6738001849201,144.0,2.0,True,2,image,,9.0
560.0,1198.8105010986326,737.9504585266113,0.465343713760376,0.5198821425437927,0.4682853519916534,0.5124655961990356,2.734359741210937,2.666229248046875,Fixation,1197.660860628695,742.6738001849201,144.0,2.0,True,2,image,,9.0
564.0,1197.0096588134766,741.4659976959229,0.4664267599582672,0.5151573419570923,0.4675818979740143,0.5149069428443909,2.7317657470703125,2.642242431640625,Fixation,1197.660860628695,742.6738001849201,144.0,2.0,True,2,image,,9.0
568.0,1199.9044799804688,746.5504360198975,0.4664192199707031,0.5013405084609985,0.4687126874923706,0.5184378027915955,2.6897430419921875,2.6483917236328125,Fixation,1197.660860628695,742.6738001849201,144.0,2.0,True,2,image,,9.0
572.0,1205.1595306396482,746.8321323394775,0.4672065079212188,0.505405068397522,0.4707654416561126,0.5186334252357483,2.7061004638671875,2.6527099609375,Fixation,1197.660860628695,742.6738001849201,144.0,2.0,True,2,image,,9.0
576.0,1199.7221374511719,731.2944602966309,0.4672074019908905,0.4876391291618347,0.468641459941864,0.5078433752059937,2.653778076171875,2.6380767822265625,Fixation,1197.660860628695,742.6738001849201,144.0,2.0,True,2,image,,9.0
580.0,1196.680908203125,746.7620944976807,0.473145842552185,0.5132741332054138,0.4674534797668457,0.5185847878456116,2.7328033447265625,2.6721343994140625,Fixation,1197.660860628695,742.6738001849201,144.0,2.0,True,2,image,,9.0
584.0,1195.7122802734375,746.9839668273926,0.4688067734241485,0.523618757724762,0.4670751094818115,0.518738865852356,2.7477569580078125,2.664093017578125,Fixation,1197.660860628695,742.6738001849201,144.0,2.0,True,2,image,,9.0
588.0,1200.2066802978513,743.0408191680908,0.4719055891036987,0.5399461984634399,0.4688307344913482,0.5160005688667297,2.811187744140625,2.6477203369140625,Fixation,1197.660860628695,742.6738001849201,144.0,2.0,True,2,image,,9.0
592.0,1203.0619049072266,747.0847320556641,0.4714355766773224,0.5183743238449097,0.4699460566043854,0.5188088417053223,2.7066192626953125,2.648712158203125,Fixation,1197.660860628695,742.6738001849201,144.0,2.0,True,2,image,,9.0
596.0,1199.4667053222656,743.642578125,0.4654586017131805,0.5018190145492554,0.46854168176651,0.51641845703125,2.690399169921875,2.639678955078125,Fixation,1197.660860628695,742.6738001849201,144.0,2.0,True,2,image,,9.0
600.0,1203.02619934082,755.3600120544434,0.4720158576965332,0.5145081281661987,0.4699321091175079,0.5245555639266968,2.730331420898437,2.635833740234375,Fixation,1197.660860628695,742.6738001849201,144.0,2.0,True,2,image,,9.0
604.0,1198.9452362060547,736.3044834136963,0.4686125218868255,0.513110876083374,0.4683379828929901,0.511322557926178,2.7055816650390625,2.64422607421875,Fixation,1197.660860628695,742.6738001849201,144.0,2.0,True,2,image,,9.0
608.0,1178.438720703125,741.549768447876,0.4557361304759979,0.5344064235687256,0.4603276252746582,0.5149651169776917,2.736557006835937,2.6287994384765625,Fixation,1197.660860628695,742.6738001849201,144.0,2.0,True,2,image,,9.0
612.0,1121.2337493896484,761.4255809783936,0.4321618974208832,0.5728325843811035,0.4379819333553314,0.5287677645683289,2.787078857421875,2.636260986328125,Saccade,,,,0.0,False,3,,,
616.0,1048.5015869140623,837.5399780273438,0.4131495952606201,0.6072144508361816,0.4095709323883056,0.5816249847412109,2.791168212890625,2.64959716796875,Saccade,,,,0.0,False,3,,,
620.0,984.2362976074218,894.1366481781006,0.3942623436450958,0.6313658356666565,0.3844673037528991,0.6209282279014587,2.760711669921875,2.6946258544921875,Saccade,,,,0.0,False,3,,,
624.0,941.9440460205077,935.7350921630859,0.3759048581123352,0.6686923503875732,0.3679468929767608,0.6498160362243652,2.7764892578125,2.686126708984375,Saccade,,,,0.0,False,3,,,
628.0,914.7991943359375,1002.7179622650146,0.3618464469909668,0.6922197341918945,0.3573434352874756,0.6963319182395935,2.7537994384765625,2.721649169921875,Saccade,,,,0.0,False,3,,,
632.0,900.9624481201172,1038.2167625427246,0.3569590747356415,0.7198999524116516,0.3519384562969208,0.7209838628768921,2.7292633056640625,2.716949462890625,Fixation,923.5398929677111,1073.5917182678872,372.0,3.0,True,4,word,bath,1.0
636.0,901.5400695800781,1068.101463317871,0.3594862520694732,0.736240029335022,0.352164089679718,0.7417371273040771,2.721282958984375,2.69256591796875,Fixation,923.5398929677111,1073.5917182678872,372.0,3.0,True,4,word,bath,1.0
640.0,918.9353179931641,1081.3128662109375,0.364948958158493,0.7521045207977295,0.3589591085910797,0.7509117126464844,2.7467803955078125,2.727325439453125,Fixation,923.5398929677111,1073.5917182678872,372.0,3.0,True,4,word,bath,1.0
644.0,924.6472930908203,1065.4916954040527,0.3647935688495636,0.7400935888290405,0.3611903488636017,0.7399247884750366,2.723876953125,2.707015991210937,Fixation,923.5398929677111,1073.5917182678872,372.0,3.0,True,4,word,bath,1.0
648.0,933.9120483398436,1054.8896312713623,0.3581977188587188,0.7426621317863464,0.3648093938827514,0.732562243938446,2.7367401123046875,2.7092437744140625,Fixation,923.5398929677111,1073.5917182678872,372.0,3.0,True,4,word,bath,1.0
652.0,929.8982238769531,1061.8542766571045,0.3595989942550659,0.7431621551513672,0.3632414937019348,0.7373988032341003,2.746322631835937,2.726806640625,Fixation,923.5398929677111,1073.5917182678872,372.0,3.0,True,4,word,bath,1.0
656.0,927.305908203125,1066.4962577819824,0.3610617518424988,0.7347268462181091,0.3622288703918457,0.7406224012374878,2.7256011962890625,2.7444610595703125,Fixation,923.5398929677111,1073.5917182678872,372.0,3.0,True,4,word,bath,1.0
660.0,924.4212341308593,1074.4651222229004,0.3588102459907532,0.7438781261444092,0.3611020445823669,0.7461563348770142,2.730255126953125,2.7231597900390625,Fixation,923.5398929677111,1073.5917182678872,372.0,3.0,True,4,word,bath,1.0
664.0,920.8477783203124,1067.2514820098877,0.3598201870918274,0.7400153279304504,0.359706163406372,0.7411468625068665,2.736297607421875,2.726531982421875,Fixation,923.5398929677111,1073.5917182678872,372.0,3.0,True,4,word,bath,1.0
668.0,929.3399810791014,1059.8250675201416,0.3586351275444031,0.7424746155738831,0.363023430109024,0.7359896302223206,2.719696044921875,2.7186279296875,Fixation,923.5398929677111,1073.5917182678872,372.0,3.0,True,4,word,bath,1.0
672.0,922.2628021240233,1071.0222816467285,0.3604031503200531,0.7567458152770996,0.3602589070796966,0.7437654733657837,2.7489013671875,2.730865478515625,Fixation,923.5398929677111,1073.5917182678872,372.0,3.0,True,4,word,bath,1.0
676.0,925.1541137695311,1069.1905689239502,0.3618095219135284,0.7456476092338562,0.3613883256912231,0.7424934506416321,2.744964599609375,2.7264404296875,Fixation,923.5398929677111,1073.5917182678872,372.0,3.0,True,4,word,bath,1.0
680.0,929.6901702880858,1059.682502746582,0.3607490956783294,0.7453407645225525,0.3631602227687835,0.7358906269073486,2.7267303466796875,2.70697021484375,Fixation,923.5398929677111,1073.5917182678872,372.0,3.0,True,4,word,bath,1.0
684.0,933.1121826171874,1062.0433616638184,0.3558374047279358,0.7435696721076965,0.3644969463348388,0.7375301122665405,2.69415283203125,2.7119293212890625,Fixation,923.5398929677111,1073.5917182678872,372.0,3.0,True,4,word,bath,1.0
688.0,924.4040679931641,1060.4910278320312,0.3631318211555481,0.7427270412445068,0.3610953390598297,0.7364521026611328,2.71795654296875,2.69525146484375,Fixation,923.5398929677111,1073.5917182678872,372.0,3.0,True,4,word,bath,1.0
692.0,930.4502105712891,1078.8709831237793,0.3589091002941131,0.7446621060371399,0.3634571135044098,0.7492159605026245,2.6963043212890625,2.7314605712890625,Fixation,923.5398929677111,1073.5917182678872,372.0,3.0,True,4,word,bath,1.0
696.0,930.5715942382812,1071.7028331756592,0.3600233495235443,0.7559953331947327,0.3635045289993286,0.7442380785942078,2.719207763671875,2.711532592773437,Fixation,923.5398929677111,1073.5917182678872,372.0,3.0,True,4,word,bath,1.0
700.0,931.2029266357422,1066.208209991455,0.362594723701477,0.7452361583709717,0.3637511432170868,0.7404223680496216,2.711883544921875,2.707427978515625,Fixation,923.5398929677111,1073.5917182678872,372.0,3.0,True,4,word,bath,1.0
704.0,931.5556335449219,1067.7686977386475,0.3605763614177704,0.7402117252349854,0.3638889193534851,0.741506040096283,2.690536499023437,2.718292236328125,Fixation,923.5398929677111,1073.5917182678872,372.0,3.0,True,4,word,bath,1.0
708.0,929.4583892822264,1074.1283226013184,0.3610512912273407,0.7407413125038147,0.3630696833133697,0.7459224462509155,2.70770263671875,2.718902587890625,Fixation,923.5398929677111,1073.5917182678872,372.0,3.0,True,4,word,bath,1.0
712.0,921.8727874755858,1079.3500900268555,0.3598267436027527,0.7551233768463135,0.3601065576076507,0.7495486736297607,2.75567626953125,2.743408203125,Fixation,923.5398929677111,1073.5917182678872,372.0,3.0,True,4,word,bath,1.0
716.0,931.4875030517578,1070.828218460083,0.3582282364368438,0.7485231757164001,0.3638623058795929,0.7436307072639465,2.717498779296875,2.72314453125,Fixation,923.5398929677111,1073.5917182678872,372.0,3.0,True,4,word,bath,1.0
720.0,932.3385620117186,1079.3976402282715,0.3598527014255523,0.7478238344192505,0.3641947507858276,0.7495816946029663,2.7220458984375,2.7398223876953125,Fixation,923.5398929677111,1073.5917182678872,372.0,3.0,True,4,word,bath,1.0
724.0,932.958526611328,1064.7240257263184,0.3626558184623718,0.7501469850540161,0.36443692445755,0.7393916845321655,2.739974975585937,2.7136383056640625,Fixation,923.5398929677111,1073.5917182678872,372.0,3.0,True,4,word,bath,1.0
728.0,926.2896728515625,1086.8962383270264,0.3606929183006286,0.7534974813461304,0.3618319034576416,0.7547890543937683,2.7162628173828125,2.727325439453125,Fixation,923.5398929677111,1073.5917182678872,372.0,3.0,True,4,word,bath,1.0
732.0,924.9008941650391,1072.3058795928955,0.3578897714614868,0.7457537055015564,0.3612894117832184,0.7446568608283997,2.72540283203125,2.7181549072265625,Fixation,923.5398929677111,1073.5917182678872,372.0,3.0,True,4,word,bath,1.0
736.0,928.1568145751952,1073.5533428192139,0.3579169809818268,0.7470462918281555,0.3625612556934356,0.7455231547355652,2.719467163085937,2.729156494140625,Fixation,923.5398929677111,1073.5917182678872,372.0,3.0,True,4,word,bath,1.0
740.0,921.8666839599608,1066.8375205993652,0.3619277775287628,0.7551506161689758,0.3601041734218597,0.7408593893051147,2.7321929931640625,2.704193115234375,Fixation,923.5398929677111,1073.5917182678872,372.0,3.0,True,4,word,bath,1.0
744.0,940.7960510253906,1063.4522724151611,0.3640621900558471,0.7457696199417114,0.3674984574317932,0.7385085225105286,2.734725952148437,2.6774444580078125,Fixation,923.5398929677111,1073.5917182678872,372.0,3.0,True,4,word,bath,1.0
748.0,924.5302581787108,1067.8534984588623,0.3600090742111206,0.746444582939148,0.3611446321010589,0.741564929485321,2.71337890625,2.71142578125,Fixation,923.5398929677111,1073.5917182678872,372.0,3.0,True,4,word,bath,1.0
752.0,923.2788848876953,1061.561164855957,0.3593502044677734,0.7422293424606323,0.360655814409256,0.7371952533721924,2.729843139648437,2.72039794921875,Fixation,923.5398929677111,1073.5917182678872,372.0,3.0,True,4,word,bath,1.0
756.0,926.1393737792968,1078.302698135376,0.3609049618244171,0.7471914291381836,0.3617731928825378,0.7488213181495667,2.7147674560546875,2.7327880859375,Fixation,923.5398929677111,1073.5917182678872,372.0,3.0,True,4,word,bath,1.0
760.0,927.9875183105469,1066.1888122558594,0.3597277402877807,0.7529526948928833,0.3624951243400574,0.7404088973999023,2.7599639892578125,2.6973419189453125,Fixation,923.5398929677111,1073.5917182678872,372.0,3.0,True,4,word,bath,1.0
764.0,924.6818542480469,1065.9983539581299,0.3584706783294678,0.7441474795341492,0.3612038493156433,0.7402766346931458,2.72344970703125,2.71417236328125,Fixation,923.5398929677111,1073.5917182678872,372.0,3.0,True,4,word,bath,1.0
768.0,932.6882934570311,1074.1639423370361,0.3601018786430359,0.7490462064743042,0.3643313646316528,0.7459471821784973,2.729644775390625,2.72540283203125,Fixation,923.5398929677111,1073.5917182678872,372.0,3.0,True,4,word,bath,1.0
772.0,911.4767456054686,1073.177318572998,0.3598780333995819,0.7594841122627258,0.3560456037521362,0.7452620267868042,2.7533721923828125,2.7271270751953125,Fixation,923.5398929677111,1073.5917182678872,372.0,3.0,True,4,word,bath,1.0
776.0,925.7011413574219,1059.5325565338135,0.3566848635673523,0.7496055960655212,0.3616020083427429,0.735786497592926,2.734359741210937,2.702255249023437,Fixation,923.5398929677111,1073.5917182678872,372.0,3.0,True,4,word,bath,1.0
780.0,931.1116790771484,1078.7856674194336,0.3585425317287445,0.7487318515777588,0.3637154996395111,0.7491567134857178,2.725692749023437,2.7228240966796875,Fixation,923.5398929677111,1073.5917182678872,372.0,3.0,True,4,word,bath,1.0
784.0,920.6774139404296,1057.9330158233643,0.3570328950881958,0.747544527053833,0.3596396148204803,0.7346757054328918,2.723129272460937,2.6880645751953125,Fixation,923.5398929677111,1073.5917182678872,372.0,3.0,True,4,word,bath,1.0
788.0,920.9028625488281,1080.0472927093506,0.3564230501651764,0.7474076151847839,0.359727680683136,0.7500328421592712,2.728973388671875,2.71600341796875,Fixation,923.5398929677111,1073.5917182678872,372.0,3.0,True,4,word,bath,1.0
792.0,913.1301116943359,1065.8739852905273,0.358709454536438,0.7484328746795654,0.3566914498806,0.7401902675628662,2.724365234375,2.7072906494140625,Fixation,923.5398929677111,1073.5917182678872,372.0,3.0,True,4,word,bath,1.0
796.0,923.2369995117186,1068.9227771759033,0.3566532135009765,0.7514467239379883,0.3606394529342651,0.7423074841499329,2.7459716796875,2.7021484375,Fixation,923.5398929677111,1073.5917182678872,372.0,3.0,True,4,word,bath,1.0
800.0,915.8390808105469,1074.1094398498535,0.3592903316020965,0.7512392401695251,0.3577496409416199,0.7459093332290649,2.75677490234375,2.728134155273437,Fixation,923.5398929677111,1073.5917182678872,372.0,3.0,True,4,word,bath,1.0
804.0,907.6803588867188,1078.6111736297607,0.3628778159618377,0.7618808746337891,0.3545626401901245,0.7490355372428894,2.7556304931640625,2.713241577148437,Fixation,923.5398929677111,1073.5917182678872,372.0,3.0,True,4,word,bath,1.0
808.0,927.1908569335936,1062.894458770752,0.3588815331459045,0.7591052651405334,0.362183928489685,0.7381211519241333,2.7870330810546875,2.6977996826171875,Fixation,923.5398929677111,1073.5917182678872,372.0,3.0,True,4,word,bath,1.0
812.0,919.9813842773438,1078.4959030151367,0.3586360514163971,0.740121603012085,0.3593677282333374,0.748955488204956,2.716796875,2.7061004638671875,Fixation,923.5398929677111,1073.5917182678872,372.0,3.0,True,4,word,bath,1.0
816.0,914.0081787109374,1075.083360671997,0.3621188104152679,0.7454588413238525,0.3570344448089599,0.7465856671333313,2.7284088134765625,2.7270660400390625,Fixation,923.5398929677111,1073.5917182678872,372.0,3.0,True,4,word,bath,1.0
820.0,905.4130554199219,1057.476224899292,0.3608739674091339,0.7465002536773682,0.353676974773407,0.7343584895133972,2.729766845703125,2.6959991455078125,Fixation,923.5398929677111,1073.5917182678872,372.0,3.0,True,4,word,bath,1.0
824.0,917.9301452636719,1069.3610286712646,0.3596291244029999,0.7483100891113281,0.3585664629936218,0.742611825466156,2.7470855712890625,2.704010009765625,Fixation,923.5398929677111,1073.5917182678872,372.0,3.0,True,4,word,bath,1.0
828.0,904.5423889160156,1081.5626335144043,0.3593629002571106,0.7439074516296387,0.3533368706703186,0.7510851621627808,2.7209625244140625,2.73724365234375,Fixation,923.5398929677111,1073.5917182678872,372.0,3.0,True,4,word,bath,1.0
832.0,915.2983093261719,1062.3169898986816,0.3568474650382995,0.7564657330513,0.3575384020805359,0.7377201318740845,2.7642974853515625,2.7083892822265625,Fixation,923.5398929677111,1073.5917182678872,372.0,3.0,True,4,word,bath,1.0
836.0,921.7786407470702,1070.7665920257568,0.3594728112220764,0.7428679466247559,0.3600697815418243,0.7435879111289978,2.7412109375,2.71728515625,Fixation,923.5398929677111,1073.5917182678872,372.0,3.0,True,4,word,bath,1.0
840.0,928.8328552246093,1074.7459602355957,0.3574554324150085,0.7480143308639526,0.362825334072113,0.7463513612747192,2.742156982421875,2.713165283203125,Fixation,923.5398929677111,1073.5917182678872,372.0,3.0,True,4,word,bath,1.0
844.0,919.9014282226562,1084.2140293121338,0.3572608232498169,0.7526176571846008,0.3593364953994751,0.7529264092445374,2.7428741455078125,2.721649169921875,Fixation,923.5398929677111,1073.5917182678872,372.0,3.0,True,4,word,bath,1.0
848.0,914.4562530517578,1076.9141292572021,0.3570049703121185,0.7361487150192261,0.3572094738483429,0.7478570342063904,2.7248992919921875,2.732330322265625,Fixation,923.5398929677111,1073.5917182678872,372.0,3.0,True,4,word,bath,1.0
852.0,914.5267486572266,1066.850824356079,0.3608509004116058,0.7525699734687805,0.3572370111942291,0.7408686280250549,2.751327514648437,2.7104034423828125,Fixation,923.5398929677111,1073.5917182678872,372.0,3.0,True,4,word,bath,1.0
856.0,915.5238342285156,1072.211036682129,0.3565806150436401,0.7575439810752869,0.3576264977455139,0.7445909976959229,2.759140014648437,2.7276153564453125,Fixation,923.5398929677111,1073.5917182678872,372.0,3.0,True,4,word,bath,1.0
860.0,910.738067626953,1074.3596363067627,0.3608756363391876,0.7457307577133179,0.3557570576667785,0.7460830807685852,2.738677978515625,2.707611083984375,Fixation,923.5398929677111,1073.5917182678872,372.0,3.0,True,4,word,bath,1.0
864.0,920.2367401123047,1080.4652881622314,0.3577658236026764,0.7455708384513855,0.359467476606369,0.7503231167793274,2.7356414794921875,2.735992431640625,Fixation,923.5398929677111,1073.5917182678872,372.0,3.0,True,4,word,bath,1.0
868.0,921.8299865722655,1084.7418022155762,0.3590418398380279,0.7483165264129639,0.3600898385047912,0.7532929182052612,2.7374725341796875,2.7045440673828125,Fixation,923.5398929677111,1073.5917182678872,372.0,3.0,True,4,word,bath,1.0
872.0,922.9644775390625,1089.4132232666016,0.3590240478515625,0.7594797015190125,0.3605329990386963,0.7565369606018066,2.7556915283203125,2.7272186279296875,Fixation,923.5398929677111,1073.5917182678872,372.0,3.0,True,4,word,bath,1.0
876.0,915.1815032958984,1080.3909587860107,0.3547445833683014,0.7439752817153931,0.3574927747249603,0.7502714991569519,2.736785888671875,2.7261962890625,Fixation,923.5398929677111,1073.5917182678872,372.0,3.0,True,4,word,bath,1.0
880.0,923.7738037109374,1090.0691413879395,0.3512217104434967,0.7487080097198486,0.3608491420745849,0.7569924592971802,2.7497711181640625,2.7328033447265625,Fixation,923.5398929677111,1073.5917182678872,372.0,3.0,True,4,word,bath,1.0
884.0,920.4266357421875,1080.5338668823242,0.3598778843879699,0.7511701583862305,0.359541654586792,0.7503707408905029,2.762054443359375,2.7309722900390625,Fixation,923.5398929677111,1073.5917182678872,372.0,3.0,True,4,word,bath,1.0
888.0,926.6065979003906,1078.335313796997,0.3568826913833618,0.7463064789772034,0.3619557023048401,0.7488439679145813,2.7491607666015625,2.7176513671875,Fixation,923.5398929677111,1073.5917182678872,372.0,3.0,True,4,word,bath,1.0
892.0,928.9275360107421,1076.2937450408936,0.3547065854072571,0.7416942715644836,0.3628623187541961,0.7474262118339539,2.7537994384765625,2.7369384765625,Fixation,923.5398929677111,1073.5917182678872,372.0,3.0,True,4,word,bath,1.0
896.0,932.3048400878906,1070.3874778747559,0.3560842871665954,0.741629958152771,0.3641815781593323,0.7433246374130249,2.737518310546875,2.70404052734375,Fixation,923.5398929677111,1073.5917182678872,372.0,3.0,True,4,word,bath,1.0
900.0,925.8170318603514,1081.1961364746094,0.3606436848640442,0.7448670268058777,0.3616472780704498,0.7508306503295898,2.746200561523437,2.74078369140625,Fixation,923.5398929677111,1073.5917182678872,372.0,3.0,True,4,word,bath,1.0
904.0,937.7944946289062,1076.6600704193115,0.35983806848526,0.7421982288360596,0.3663259744644165,0.7476806044578552,2.74395751953125,2.713592529296875,Fixation,923.5398929677111,1073.5917182678872,372.0,3.0,True,4,word,bath,1.0
908.0,923.9849090576172,1093.5668277740479,0.357048362493515,0.747791051864624,0.3609316051006317,0.7594214081764221,2.762313842773437,2.7343902587890625,Fixation,923.5398929677111,1073.5917182678872,372.0,3.0,True,4,word,bath,1.0
912.0,929.3704986572266,1084.6558856964111,0.3560476005077362,0.7511395215988159,0.3630353510379791,0.7532332539558411,2.7646026611328125,2.7313690185546875,Fixation,923.5398929677111,1073.5917182678872,372.0,3.0,True,4,word,bath,1.0
916.0,928.2439422607422,1080.8190822601318,0.3550904989242553,0.7451549768447876,0.3625952899456024,0.7505688071250916,2.75628662109375,2.7066650390625,Fixation,923.5398929677111,1073.5917182678872,372.0,3.0,True,4,word,bath,1.0
920.0,931.4936828613281,1074.0271282196045,0.3612890541553497,0.7426604628562927,0.3638647198677063,0.7458521723747253,2.7372283935546875,2.739730834960937,Fixation,923.5398929677111,1073.5917182678872,372.0,3.0,True,4,word,bath,1.0
924.0,927.8772735595702,1086.2760257720947,0.3589265346527099,0.7396702170372009,0.3624520599842071,0.7543583512306213,2.726806640625,2.731063842773437,Fixation,923.5398929677111,1073.5917182678872,372.0,3.0,True,4,word,bath,1.0
928.0,923.6425018310546,1089.2051696777344,0.3563097715377807,0.7560420632362366,0.3607978522777557,0.7563924789428711,2.778671264648437,2.727645874023437,Fixation,923.5398929677111,1073.5917182678872,372.0,3.0,True,4,word,bath,1.0
932.0,927.5244140624999,1076.5480613708496,0.3601743876934051,0.7366586923599243,0.362314224243164,0.7476028203964233,2.736663818359375,2.7062225341796875,Fixation,923.5398929677111,1073.5917182678872,372.0,3.0,True,4,word,bath,1.0
936.0,923.3738708496093,1091.8535614013672,0.363136351108551,0.7510762214660645,0.3606929183006286,0.7582316398620605,2.755157470703125,2.7264404296875,Fixation,923.5398929677111,1073.5917182678872,372.0,3.0,True,4,word,bath,1.0
940.0,931.4923858642578,1074.2812728881836,0.3598512411117553,0.7497445940971375,0.3638642132282257,0.7460286617279053,2.75872802734375,2.7069549560546875,Fixation,923.5398929677111,1073.5917182678872,372.0,3.0,True,4,word,bath,1.0
944.0,932.6195526123047,1084.103136062622,0.3610779047012329,0.7419445514678955,0.3643045127391815,0.7528494000434875,2.7401885986328125,2.70697021484375,Fixation,923.5398929677111,1073.5917182678872,372.0,3.0,True,4,word,bath,1.0
948.0,927.3328399658202,1088.6542224884033,0.3593435883522033,0.7409608960151672,0.3622393906116485,0.7560098767280579,2.7193145751953125,2.7266845703125,Fixation,923.5398929677111,1073.5917182678872,372.0,3.0,True,4,word,bath,1.0
952.0,916.8058013916014,1075.2679824829102,0.3596871197223663,0.7481575012207031,0.3581272661685943,0.7467138767242432,2.7548980712890625,2.6965484619140625,Fixation,923.5398929677111,1073.5917182678872,372.0,3.0,True,4,word,bath,1.0
956.0,926.0704040527343,1075.263433456421,0.360074520111084,0.7483213543891907,0.3617462515830993,0.7467107176780701,2.73248291015625,2.708160400390625,Fixation,923.5398929677111,1073.5917182678872,372.0,3.0,True,4,word,bath,1.0
960.0,919.7170257568358,1073.7213134765625,0.3606707155704498,0.744106650352478,0.359264463186264,0.7456398010253906,2.718475341796875,2.7069244384765625,Fixation,923.5398929677111,1073.5917182678872,372.0,3.0,True,4,word,bath,1.0
964.0,920.3524780273436,1074.5433139801025,0.3614271283149719,0.7416707873344421,0.3595126867294311,0.7462106347084045,2.7228546142578125,2.7114410400390625,Fixation,923.5398929677111,1073.5917182678872,372.0,3.0,True,4,word,bath,1.0
968.0,917.3546600341796,1087.5883769989014,0.3592526912689209,0.7379291653633118,0.3583416640758514,0.7552697062492371,2.7295379638671875,2.7330780029296875,Fixation,923.5398929677111,1073.5917182678872,372.0,3.0,True,4,word,bath,1.0
972.0,918.5540008544922,1091.6996669769287,0.3639587759971618,0.7477185726165771,0.358810156583786,0.7581247687339783,2.7520751953125,2.7264556884765625,Fixation,923.5398929677111,1073.5917182678872,372.0,3.0,True,4,word,bath,1.0
976.0,917.4053192138671,1068.0476474761963,0.3619469702243805,0.7488448023796082,0.3583614528179168,0.741699755191803,2.7594757080078125,2.70166015625,Fixation,923.5398929677111,1073.5917182678872,372.0,3.0,True,4,word,bath,1.0
980.0,923.1262969970703,1070.9577369689941,0.3575488030910492,0.744152307510376,0.3605962097644806,0.7437206506729126,2.735092163085937,2.7027740478515625,Fixation,923.5398929677111,1073.5917182678872,372.0,3.0,True,4,word,bath,1.0
984.0,925.3495788574219,1071.9593811035156,0.3606890738010406,0.7381200194358826,0.3614646792411804,0.7444162368774414,2.73284912109375,2.704330444335937,Fixation,923.5398929677111,1073.5917182678872,372.0,3.0,True,4,word,bath,1.0
988.0,921.0100555419922,1082.4765586853027,0.3571467101573944,0.7467501163482666,0.3597695529460907,0.7517198324203491,2.7626953125,2.7174530029296875,Fixation,923.5398929677111,1073.5917182678872,372.0,3.0,True,4,word,bath,1.0
992.0,927.3266601562499,1082.0643997192383,0.3585985600948334,0.7498167157173157,0.3622369766235351,0.7514336109161377,2.7561798095703125,2.717620849609375,Fixation,923.5398929677111,1073.5917182678872,372.0,3.0,True,4,word,bath,1.0
996.0,921.5567779541016,1069.7626304626465,0.3601656258106231,0.7575387954711914,0.3599831163883209,0.7428907155990601,2.771820068359375,2.6934051513671875,Fixation,923.5398929677111,1073.5917182678872,372.0,3.0,True,4,word,bath,1.0
1000.0,914.4158935546875,1076.9818496704102,0.3563329577445984,0.7416735291481018,0.3571937084197998,0.7479040622711182,2.74505615234375,2.6826934814453125,Fixation,923.5398929677111,1073.5917182678872,372.0,3.0,True,4,word,bath,1.0
1004.0,941.3608551025391,1070.1366806030273,0.366003006696701,0.751261830329895,0.3677190840244293,0.7431504726409912,2.74395751953125,2.711578369140625,Fixation,923.5398929677111,1073.5917182678872,372.0,3.0,True,4,word,bath,1.0
1008.0,986.3152313232422,1080.2760314941406,0.3762151896953583,0.7475399374961853,0.3852793872356415,0.7501916885375977,2.7496795654296875,2.6919708251953125,Saccade,,,,0.0,False,5,,,
1012.0,1032.8154754638672,1073.3555030822754,0.3992359638214111,0.7506572008132935,0.4034435451030731,0.7453857660293579,2.740951538085937,2.6969451904296875,Saccade,,,,0.0,False,5,,,
1016.0,1053.1053161621094,1063.2940006256104,0.4180958569049835,0.7549940943717957,0.411369264125824,0.7383986115455627,2.775741577148437,2.6798858642578125,Saccade,,,,0.0,False,5,,,
1020.0,1085.1606750488281,1071.8021392822266,0.4182308912277221,0.7445927858352661,0.4238908886909485,0.7443070411682129,2.76239013671875,2.685577392578125,Saccade,,,,0.0,False,5,,,
1024.0,1098.3746337890623,1063.5907173156738,0.4242472946643829,0.750022292137146,0.4290525913238525,0.7386046648025513,2.757965087890625,2.6728973388671875,Fixation,1087.9231716337658,1069.0024525778633,164.0,4.0,True,6,word,room,2.0
1028.0,1085.5165100097656,1069.9792671203613,0.4243638515472412,0.7533382773399353,0.4240298867225647,0.7430411577224731,2.763916015625,2.679672241210937,Fixation,1087.9231716337658,1069.0024525778633,164.0,4.0,True,6,word,room,2.0
1032.0,1074.9514007568357,1062.275447845459,0.4184322953224182,0.7507861852645874,0.419902890920639,0.7376912832260132,2.7574615478515625,2.68768310546875,Fixation,1087.9231716337658,1069.0024525778633,164.0,4.0,True,6,word,room,2.0
1036.0,1069.1051483154297,1074.3407535552979,0.4165209829807281,0.7492883801460266,0.4176191985607147,0.7460699677467346,2.7664794921875,2.68115234375,Fixation,1087.9231716337658,1069.0024525778633,164.0,4.0,True,6,word,room,2.0
1040.0,1063.3370971679688,1072.6177024841309,0.4213736057281494,0.7460892200469971,0.4153660535812378,0.7448734045028687,2.771484375,2.70440673828125,Fixation,1087.9231716337658,1069.0024525778633,164.0,4.0,True,6,word,room,2.0
1044.0,1075.9355926513672,1067.6226139068604,0.419016420841217,0.7523797154426575,0.4202873408794403,0.7414045929908752,2.76458740234375,2.662582397460937,Fixation,1087.9231716337658,1069.0024525778633,164.0,4.0,True,6,word,room,2.0
1048.0,1081.9377136230469,1063.3726215362549,0.4193987846374511,0.7508975267410278,0.4226319193840027,0.738453209400177,2.746368408203125,2.672271728515625,Fixation,1087.9231716337658,1069.0024525778633,164.0,4.0,True,6,word,room,2.0
1052.0,1077.5081634521484,1071.9180965423584,0.4175302982330322,0.7566264867782593,0.4209016263484955,0.7443875670433044,2.767318725585937,2.6635894775390625,Fixation,1087.9231716337658,1069.0024525778633,164.0,4.0,True,6,word,room,2.0
1056.0,1082.4337005615234,1064.2891216278076,0.415813535451889,0.7501624226570129,0.4228256642818451,0.7390896677970886,2.7635955810546875,2.658050537109375,Fixation,1087.9231716337658,1069.0024525778633,164.0,4.0,True,6,word,room,2.0
1060.0,1086.9499206542969,1075.421962738037,0.4266292154788971,0.7645947337150574,0.4245898127555847,0.7468208074569702,2.8065338134765625,2.670166015625,Fixation,1087.9231716337658,1069.0024525778633,164.0,4.0,True,6,word,room,2.0
1064.0,1083.9956665039062,1072.6054286956787,0.42059326171875,0.7506837248802185,0.4234358072280884,0.7448648810386658,2.7515106201171875,2.66619873046875,Fixation,1087.9231716337658,1069.0024525778633,164.0,4.0,True,6,word,room,2.0
1068.0,1090.0537872314453,1078.1468296051025,0.4197202324867248,0.7467522621154785,0.4258022606372833,0.7487130761146545,2.7522125244140625,2.6858367919921875,Fixation,1087.9231716337658,1069.0024525778633,164.0,4.0,True,6,word,room,2.0
1072.0,1088.1298065185547,1066.8199253082275,0.4167633056640625,0.7427529096603394,0.4250507056713104,0.7408471703529358,2.715057373046875,2.6768341064453125,Fixation,1087.9231716337658,1069.0024525778633,164.0,4.0,True,6,word,room,2.0
1076.0,1083.6582946777344,1074.9616527557373,0.4214621782302856,0.7563885450363159,0.42330402135849,0.7465011477470398,2.7803955078125,2.685943603515625,Fixation,1087.9231716337658,1069.0024525778633,164.0,4.0,True,6,word,room,2.0
1080.0,1078.7996673583984,1068.9725589752197,0.4169034957885742,0.7484032511711121,0.4214061200618744,0.7423420548439026,2.75238037109375,2.6900634765625,Fixation,1087.9231716337658,1069.0024525778633,164.0,4.0,True,6,word,room,2.0
1084.0,1089.1343688964844,1065.6821537017822,0.4209971129894256,0.749926745891571,0.4254431128501892,0.7400570511817932,2.7560272216796875,2.665802001953125,Fixation,1087.9231716337658,1069.0024525778633,164.0,4.0,True,6,word,room,2.0
1088.0,1094.5185089111326,1069.4847106933594,0.4240115582942962,0.7488636374473572,0.4275462925434112,0.7426977157592773,2.759246826171875,2.6730499267578125,Fixation,1087.9231716337658,1069.0024525778633,164.0,4.0,True,6,word,room,2.0
1092.0,1096.0227966308591,1074.316291809082,0.4230303168296814,0.7441341876983643,0.4281339049339294,0.7460529804229736,2.72601318359375,2.6755523681640625,Fixation,1087.9231716337658,1069.0024525778633,164.0,4.0,True,6,word,room,2.0
1096.0,1098.3067321777344,1074.6960926055908,0.4165813326835632,0.7477043867111206,0.4290260672569275,0.7463167309761047,2.7487335205078125,2.6630401611328125,Fixation,1087.9231716337658,1069.0024525778633,164.0,4.0,True,6,word,room,2.0
1100.0,1087.9750061035156,1075.839443206787,0.4219571352005005,0.7481003999710083,0.4249902367591858,0.7471107244491577,2.7397003173828125,2.689682006835937,Fixation,1087.9231716337658,1069.0024525778633,164.0,4.0,True,6,word,room,2.0
1104.0,1089.4090270996094,1066.4832973480225,0.4193572700023651,0.7500340938568115,0.4255504012107849,0.7406134009361267,2.74407958984375,2.6656036376953125,Fixation,1087.9231716337658,1069.0024525778633,164.0,4.0,True,6,word,room,2.0
1108.0,1077.373809814453,1078.0427169799805,0.4179680943489074,0.7440491318702698,0.4208491444587707,0.748640775680542,2.7499237060546875,2.679901123046875,Fixation,1087.9231716337658,1069.0024525778633,164.0,4.0,True,6,word,room,2.0
1112.0,1092.212677001953,1070.1377964019775,0.421150654554367,0.7495604157447815,0.4266455769538879,0.7431512475013733,2.7522735595703125,2.671844482421875,Fixation,1087.9231716337658,1069.0024525778633,164.0,4.0,True,6,word,room,2.0
1116.0,1090.9315490722654,1060.0792121887207,0.4201547503471374,0.7553614974021912,0.4261451363563537,0.7361661195755005,2.741485595703125,2.67108154296875,Fixation,1087.9231716337658,1069.0024525778633,164.0,4.0,True,6,word,room,2.0
1120.0,1091.1489868164062,1069.6277904510498,0.4228309094905853,0.745451807975769,0.4262300729751587,0.7427970767021179,2.73583984375,2.672760009765625,Fixation,1087.9231716337658,1069.0024525778633,164.0,4.0,True,6,word,room,2.0
1124.0,1096.1351013183591,1067.8195095062256,0.4180498719215393,0.7532805800437927,0.4281777739524841,0.74154132604599,2.767913818359375,2.660064697265625,Fixation,1087.9231716337658,1069.0024525778633,164.0,4.0,True,6,word,room,2.0
1128.0,1089.5675659179685,1063.892412185669,0.4175592064857483,0.7519333958625793,0.4256123304367065,0.7388141751289368,2.7587127685546875,2.661346435546875,Fixation,1087.9231716337658,1069.0024525778633,164.0,4.0,True,6,word,room,2.0
1132.0,1089.116439819336,1067.0228290557861,0.4211984276771545,0.7501884698867798,0.4254361093044281,0.7409880757331848,2.766464233398437,2.664520263671875,Fixation,1087.9231716337658,1069.0024525778633,164.0,4.0,True,6,word,room,2.0
1136.0,1078.885269165039,1072.0461559295654,0.4195916354656219,0.7370032072067261,0.4214395582675934,0.7444764971733093,2.7315673828125,2.681884765625,Fixation,1087.9231716337658,1069.0024525778633,164.0,4.0,True,6,word,room,2.0
1140.0,1084.529113769531,1057.164659500122,0.4230085909366607,0.745667040348053,0.4236441850662231,0.7341421246528625,2.7289581298828125,2.640716552734375,Fixation,1087.9231716337658,1069.0024525778633,164.0,4.0,True,6,word,room,2.0
1144.0,1095.5567932128906,1061.928949356079,0.421213686466217,0.7410621047019958,0.4279518723487854,0.7374506592750549,2.7292633056640625,2.6677703857421875,Fixation,1087.9231716337658,1069.0024525778633,164.0,4.0,True,6,word,room,2.0
1148.0,1092.8221893310545,1070.650463104248,0.4198625981807709,0.7404484748840332,0.4268836677074432,0.7435072660446167,2.7403717041015625,2.6549530029296875,Fixation,1087.9231716337658,1069.0024525778633,164.0,4.0,True,6,word,room,2.0
1152.0,1081.1386871337888,1077.7721786499023,0.4148503243923187,0.7454484105110168,0.4223197996616363,0.74845290184021,2.7295379638671875,2.6782989501953125,Fixation,1087.9231716337658,1069.0024525778633,164.0,4.0,True,6,word,room,2.0
1156.0,1097.576446533203,1071.1168670654297,0.4206002354621887,0.7497242093086243,0.4287407994270324,0.7438311576843262,2.740951538085937,2.6726226806640625,Fixation,1087.9231716337658,1069.0024525778633,164.0,4.0,True,6,word,room,2.0
1160.0,1085.0347900390625,1075.8874225616455,0.4216281473636627,0.7491673231124878,0.4238417148590088,0.7471440434455872,2.7481842041015625,2.6712799072265625,Fixation,1087.9231716337658,1069.0024525778633,164.0,4.0,True,6,word,room,2.0
1164.0,1093.9015197753904,1074.3817806243896,0.4199963212013244,0.7445600628852844,0.4273052811622619,0.7460984587669373,2.7285919189453125,2.666900634765625,Fixation,1087.9231716337658,1069.0024525778633,164.0,4.0,True,6,word,room,2.0
1168.0,1084.41162109375,1067.9473114013672,0.4228203594684601,0.7558322548866272,0.4235982894897461,0.7416300773620605,2.7538299560546875,2.67596435546875,Fixation,1087.9231716337658,1069.0024525778633,164.0,4.0,True,6,word,room,2.0
1172.0,1092.8262329101562,1063.8859748840332,0.4210855066776275,0.7475984692573547,0.4268852472305298,0.7388097047805786,2.7371826171875,2.671493530273437,Fixation,1087.9231716337658,1069.0024525778633,164.0,4.0,True,6,word,room,2.0
1176.0,1091.2838745117185,1063.474588394165,0.4205770492553711,0.7470849752426147,0.4262827634811401,0.7385240197181702,2.7513885498046875,2.6584625244140625,Fixation,1087.9231716337658,1069.0024525778633,164.0,4.0,True,6,word,room,2.0
1180.0,1086.6186523437498,1064.0803813934326,0.4192924797534942,0.7489030957221985,0.4244604110717773,0.7389447093009949,2.747299194335937,2.6234283447265625,Fixation,1087.9231716337658,1069.0024525778633,164.0,4.0,True,6,word,room,2.0
1184.0,1111.5357208251953,1077.3585605621338,0.4211587309837341,0.7502323985099792,0.4341936409473419,0.7481656670570374,2.75537109375,2.684799194335937,Fixation,1087.9231716337658,1069.0024525778633,164.0,4.0,True,6,word,room,2.0
1188.0,1114.1126251220703,1050.3487586975098,0.4335364997386932,0.750504195690155,0.4352002441883087,0.729408860206604,2.7510986328125,2.62530517578125,Fixation,1087.9231716337658,1069.0024525778633,164.0,4.0,True,6,word,room,2.0
1192.0,1162.802505493164,1073.2865810394287,0.4495688378810882,0.7501733899116516,0.4542197287082672,0.7453379034996033,2.768295288085937,2.657379150390625,Fixation,1192.3162405831474,1064.8803773607526,136.0,5.0,True,7,word,with,3.0
1196.0,1202.4272155761716,1079.9560546875,0.4681295752525329,0.7521525025367737,0.4696981310844421,0.749969482421875,2.760772705078125,2.6717529296875,Fixation,1192.3162405831474,1064.8803773607526,136.0,5.0,True,7,word,with,3.0
1200.0,1211.3468933105469,1054.1651344299316,0.470924973487854,0.7463147640228271,0.4731823801994324,0.732059121131897,2.75030517578125,2.6533966064453125,Fixation,1192.3162405831474,1064.8803773607526,136.0,5.0,True,7,word,with,3.0
1204.0,1212.1641540527341,1061.0400867462158,0.467468649148941,0.7475274801254272,0.4735016226768493,0.736833393573761,2.7391357421875,2.6313629150390625,Fixation,1192.3162405831474,1064.8803773607526,136.0,5.0,True,7,word,with,3.0
1208.0,1202.1852111816404,1055.7307720184326,0.4659773409366607,0.7389833927154541,0.4696035981178283,0.7331463694572449,2.7483673095703125,2.6443023681640625,Fixation,1192.3162405831474,1064.8803773607526,136.0,5.0,True,7,word,with,3.0
1212.0,1192.6974487304685,1065.3726482391357,0.4627709984779358,0.7474854588508606,0.4658974409103393,0.7398421168327332,2.7368316650390625,2.6331024169921875,Fixation,1192.3162405831474,1064.8803773607526,136.0,5.0,True,7,word,with,3.0
1216.0,1190.6359100341795,1063.9342975616455,0.4636978805065155,0.7480050921440125,0.4650921523571014,0.7388432621955872,2.752838134765625,2.6393585205078125,Fixation,1192.3162405831474,1064.8803773607526,136.0,5.0,True,7,word,with,3.0
1220.0,1205.1171875,1066.9106483459473,0.4581540524959564,0.746047854423523,0.4707489013671875,0.7409101724624634,2.7447509765625,2.655059814453125,Fixation,1192.3162405831474,1064.8803773607526,136.0,5.0,True,7,word,with,3.0
1224.0,1190.061264038086,1054.921646118164,0.4627852141857147,0.7441170811653137,0.4648676812648773,0.7325844764709473,2.749740600585937,2.6232147216796875,Fixation,1192.3162405831474,1064.8803773607526,136.0,5.0,True,7,word,with,3.0
1228.0,1193.6490631103516,1057.4277305603027,0.4617980122566223,0.7473369836807251,0.4662691652774811,0.7343248128890991,2.750946044921875,2.655670166015625,Fixation,1192.3162405831474,1064.8803773607526,136.0,5.0,True,7,word,with,3.0
1232.0,1184.2827606201172,1053.4667301177979,0.4655170738697052,0.7525286674499512,0.4626104533672333,0.7315741181373596,2.7863006591796875,2.644775390625,Fixation,1192.3162405831474,1064.8803773607526,136.0,5.0,True,7,word,with,3.0
1236.0,1196.0096740722654,1054.423828125,0.4658538997173309,0.7492492198944092,0.4671912789344787,0.73223876953125,2.771484375,2.646224975585937,Fixation,1192.3162405831474,1064.8803773607526,136.0,5.0,True,7,word,with,3.0
1240.0,1190.2227020263672,1066.7365837097168,0.4630603492259979,0.7380020022392273,0.4649307429790497,0.7407892942428589,2.742279052734375,2.6547088623046875,Fixation,1192.3162405831474,1064.8803773607526,136.0,5.0,True,7,word,with,3.0
1244.0,1185.6110382080076,1071.065969467163,0.4672062993049621,0.7494152188301086,0.463129311800003,0.7437958121299744,2.7511444091796875,2.66314697265625,Fixation,1192.3162405831474,1064.8803773607526,136.0,5.0,True,7,word,with,3.0
1248.0,1181.3614654541016,1075.4418754577637,0.4632495641708374,0.740394115447998,0.4614693224430084,0.7468346357345581,2.750762939453125,2.688461303710937,Fixation,1192.3162405831474,1064.8803773607526,136.0,5.0,True,7,word,with,3.0
1252.0,1187.4949645996094,1068.8026142120361,0.4640169441699981,0.7492085695266724,0.4638652205467224,0.7422240376472473,2.7367401123046875,2.6666259765625,Fixation,1192.3162405831474,1064.8803773607526,136.0,5.0,True,7,word,with,3.0
1256.0,1187.527847290039,1064.8285675048828,0.4623692035675049,0.746894121170044,0.4638780653476715,0.739464282989502,2.735382080078125,2.654052734375,Fixation,1192.3162405831474,1064.8803773607526,136.0,5.0,True,7,word,with,3.0
1260.0,1191.7535400390625,1072.5995922088623,0.4612142145633697,0.7403251528739929,0.4655287265777588,0.744860827922821,2.749481201171875,2.661972045898437,Fixation,1192.3162405831474,1064.8803773607526,136.0,5.0,True,7,word,with,3.0
1264.0,1187.4615478515625,1061.975212097168,0.4630089998245239,0.7481057047843933,0.4638521671295166,0.7374827861785889,2.7623291015625,2.656524658203125,Fixation,1192.3162405831474,1064.8803773607526,136.0,5.0,True,7,word,with,3.0
1268.0,1181.6422271728513,1065.425090789795,0.4654206037521362,0.7541083097457886,0.4615789949893951,0.7398785352706909,2.756698608398437,2.6606903076171875,Fixation,1192.3162405831474,1064.8803773607526,136.0,5.0,True,7,word,with,3.0
1272.0,1188.303756713867,1062.1491050720215,0.4662476778030395,0.7448878288269043,0.4641811549663543,0.7376035451889038,2.749252319335937,2.64971923828125,Fixation,1192.3162405831474,1064.8803773607526,136.0,5.0,True,7,word,with,3.0
1276.0,1185.1935577392578,1061.98637008667,0.4616782963275909,0.7470688223838806,0.4629662334918976,0.7374905347824097,2.773101806640625,2.6573638916015625,Fixation,1192.3162405831474,1064.8803773607526,136.0,5.0,True,7,word,with,3.0
1280.0,1194.0618133544922,1055.2806758880615,0.4647177457809448,0.7472670078277588,0.4664303958415985,0.7328338027000427,2.75,2.65264892578125,Fixation,1192.3162405831474,1064.8803773607526,136.0,5.0,True,7,word,with,3.0
1284.0,1189.7019958496091,1076.3945960998535,0.4684004187583923,0.7474982142448425,0.4647273421287536,0.7474962472915649,2.7723846435546875,2.6923980712890625,Fixation,1192.3162405831474,1064.8803773607526,136.0,5.0,True,7,word,with,3.0
1288.0,1189.3142700195312,1062.3055744171143,0.4630761742591858,0.7469082474708557,0.4645758867263794,0.7377122044563293,2.75921630859375,2.656036376953125,Fixation,1192.3162405831474,1064.8803773607526,136.0,5.0,True,7,word,with,3.0
1292.0,1192.6180267333982,1072.9112434387207,0.4637060463428497,0.7494305372238159,0.4658664166927337,0.7450772523880005,2.774810791015625,2.682769775390625,Fixation,1192.3162405831474,1064.8803773607526,136.0,5.0,True,7,word,with,3.0
1296.0,1188.0046844482422,1064.93070602417,0.4655439853668213,0.7471640110015869,0.4640643298625946,0.7395352125167847,2.770843505859375,2.656356811523437,Fixation,1192.3162405831474,1064.8803773607526,136.0,5.0,True,7,word,with,3.0
1300.0,1193.1797790527341,1066.1418628692627,0.4602986872196197,0.749072790145874,0.4660858511924743,0.7403762936592102,2.757568359375,2.6741180419921875,Fixation,1192.3162405831474,1064.8803773607526,136.0,5.0,True,7,word,with,3.0
1304.0,1191.2306213378906,1066.202974319458,0.4655633568763733,0.7400363087654114,0.4653244614601135,0.7404187321662903,2.742218017578125,2.644195556640625,Fixation,1192.3162405831474,1064.8803773607526,136.0,5.0,True,7,word,with,3.0
1308.0,1198.3714294433591,1065.9015369415283,0.4634759128093719,0.7412042021751404,0.4681138396263122,0.7402094006538391,2.7489013671875,2.6761016845703125,Fixation,1192.3162405831474,1064.8803773607526,136.0,5.0,True,7,word,with,3.0
1312.0,1196.077194213867,1075.259656906128,0.464954525232315,0.7470671534538269,0.4672176539897918,0.7467080950737,2.7451934814453125,2.6807861328125,Fixation,1192.3162405831474,1064.8803773607526,136.0,5.0,True,7,word,with,3.0
1316.0,1196.4724731445312,1058.6430072784424,0.4640885889530182,0.7514420747756958,0.4673720598220825,0.7351687550544739,2.77288818359375,2.6495819091796875,Fixation,1192.3162405831474,1064.8803773607526,136.0,5.0,True,7,word,with,3.0
1320.0,1193.9096832275388,1064.3713474273682,0.4664365351200104,0.7564883828163147,0.4663709700107574,0.7391467690467834,2.798446655273437,2.6576385498046875,Fixation,1192.3162405831474,1064.8803773607526,136.0,5.0,True,7,word,with,3.0
1324.0,1194.37255859375,1058.6618041992188,0.4663591980934143,0.7405610680580139,0.4665517807006836,0.7351818084716797,2.7496490478515625,2.6678009033203125,Fixation,1192.3162405831474,1064.8803773607526,136.0,5.0,True,7,word,with,3.0
1328.0,1203.8019561767578,1072.1610832214355,0.4697712659835815,0.7419710159301758,0.470235139131546,0.7445563077926636,2.75335693359375,2.671371459960937,Fixation,1192.3162405831474,1064.8803773607526,136.0,5.0,True,7,word,with,3.0
1332.0,1277.738342285156,1072.2605609893799,0.4889458417892456,0.7510321736335754,0.4991165399551391,0.7446253895759583,2.7705841064453125,2.675033569335937,Fixation,1337.2992969381398,1074.3214238923172,228.0,6.0,True,8,word,toilet,5.0
1336.0,1321.7535400390625,1085.1371383666992,0.5118679404258728,0.7591115832328796,0.5163099765777588,0.7535674571990967,2.78656005859375,2.70379638671875,Fixation,1337.2992969381398,1074.3214238923172,228.0,6.0,True,8,word,toilet,5.0
1340.0,1333.8238525390625,1070.6241130828857,0.525794267654419,0.7602226138114929,0.5210249423980713,0.7434889674186707,2.8166961669921875,2.6871490478515625,Fixation,1337.2992969381398,1074.3214238923172,228.0,6.0,True,8,word,toilet,5.0
1344.0,1347.6158142089844,1065.152235031128,0.5275134444236755,0.7507666349411011,0.5264124274253845,0.73968905210495,2.775299072265625,2.6782989501953125,Fixation,1337.2992969381398,1074.3214238923172,228.0,6.0,True,8,word,toilet,5.0
1348.0,1345.2659606933594,1065.1233959197998,0.5259724259376526,0.7483294010162354,0.5254945158958435,0.7396690249443054,2.79595947265625,2.667755126953125,Fixation,1337.2992969381398,1074.3214238923172,228.0,6.0,True,8,word,toilet,5.0
1352.0,1326.4262390136719,1072.8191471099854,0.5222818851470947,0.7383448481559753,0.5181352496147156,0.7450132966041565,2.7725830078125,2.6776275634765625,Fixation,1337.2992969381398,1074.3214238923172,228.0,6.0,True,8,word,toilet,5.0
1356.0,1330.3089904785156,1080.0276374816895,0.5249785780906677,0.744587242603302,0.5196519494056702,0.7500191926956177,2.788116455078125,2.6896514892578125,Fixation,1337.2992969381398,1074.3214238923172,228.0,6.0,True,8,word,toilet,5.0
1360.0,1327.5190734863281,1066.0414409637451,0.5176079869270325,0.7523458003997803,0.5185621380805969,0.740306556224823,2.80108642578125,2.661376953125,Fixation,1337.2992969381398,1074.3214238923172,228.0,6.0,True,8,word,toilet,5.0
1364.0,1336.8356323242188,1068.4592914581299,0.5203327536582947,0.7489169239997864,0.522201418876648,0.7419856190681458,2.779754638671875,2.6725006103515625,Fixation,1337.2992969381398,1074.3214238923172,228.0,6.0,True,8,word,toilet,5.0
1368.0,1334.1641235351562,1068.3059120178223,0.5178233981132507,0.7459168434143066,0.5211578607559204,0.7418791055679321,2.777938842773437,2.66326904296875,Fixation,1337.2992969381398,1074.3214238923172,228.0,6.0,True,8,word,toilet,5.0
1372.0,1330.5323791503906,1067.1762084960938,0.5244348049163818,0.7492714524269104,0.5197392106056213,0.7410945892333984,2.806015014648437,2.6626434326171875,Fixation,1337.2992969381398,1074.3214238923172,228.0,6.0,True,8,word,toilet,5.0
1376.0,1328.2546997070312,1074.1361331939697,0.5198532938957214,0.7521631717681885,0.5188494920730591,0.7459278702735901,2.7856597900390625,2.7154541015625,Fixation,1337.2992969381398,1074.3214238923172,228.0,6.0,True,8,word,toilet,5.0
1380.0,1334.4900512695312,1065.7097053527832,0.5232045650482178,0.743198573589325,0.5212851762771606,0.7400761842727661,2.770416259765625,2.6920166015625,Fixation,1337.2992969381398,1074.3214238923172,228.0,6.0,True,8,word,toilet,5.0
1384.0,1322.6924133300781,1068.9451789855957,0.5224347710609436,0.7437251806259155,0.5166767239570618,0.7423230409622192,2.7711334228515625,2.672714233398437,Fixation,1337.2992969381398,1074.3214238923172,228.0,6.0,True,8,word,toilet,5.0
1388.0,1325.8097839355469,1077.3797607421875,0.5208795070648193,0.7533877491950989,0.517894446849823,0.7481803894042969,2.804931640625,2.716796875,Fixation,1337.2992969381398,1074.3214238923172,228.0,6.0,True,8,word,toilet,5.0
1392.0,1336.9841003417969,1063.0577945709229,0.5189257860183716,0.7481259703636169,0.5222594141960144,0.7382345795631409,2.776885986328125,2.6882781982421875,Fixation,1337.2992969381398,1074.3214238923172,228.0,6.0,True,8,word,toilet,5.0
1396.0,1335.3506469726562,1071.4298915863037,0.5185471177101135,0.7504846453666687,0.5216213464736938,0.744048535823822,2.8012237548828125,2.676300048828125,Fixation,1337.2992969381398,1074.3214238923172,228.0,6.0,True,8,word,toilet,5.0
1400.0,1340.9342956542969,1079.2107009887695,0.5228342413902283,0.747082531452179,0.5238024592399597,0.7494518756866455,2.775375366210937,2.6803131103515625,Fixation,1337.2992969381398,1074.3214238923172,228.0,6.0,True,8,word,toilet,5.0
1404.0,1333.8655090332031,1063.1198501586914,0.5200425386428833,0.7502856254577637,0.521041214466095,0.7382776737213135,2.7926788330078125,2.679901123046875,Fixation,1337.2992969381398,1074.3214238923172,228.0,6.0,True,8,word,toilet,5.0
1408.0,1333.7466430664062,1077.150592803955,0.5214400291442871,0.7542933225631714,0.5209947824478149,0.7480212450027466,2.806396484375,2.69842529296875,Fixation,1337.2992969381398,1074.3214238923172,228.0,6.0,True,8,word,toilet,5.0
1412.0,1330.6044006347656,1077.9955101013184,0.5221149921417236,0.7442108988761902,0.5197673439979553,0.7486079931259155,2.80517578125,2.696441650390625,Fixation,1337.2992969381398,1074.3214238923172,228.0,6.0,True,8,word,toilet,5.0
1416.0,1332.1463012695312,1080.730676651001,0.5231486558914185,0.7460923194885254,0.5203696489334106,0.7505074143409729,2.7871551513671875,2.6895751953125,Fixation,1337.2992969381398,1074.3214238923172,228.0,6.0,True,8,word,toilet,5.0
1420.0,1330.3623962402344,1067.0936393737793,0.5186346173286438,0.7493466138839722,0.5196728110313416,0.7410372495651245,2.816925048828125,2.688018798828125,Fixation,1337.2992969381398,1074.3214238923172,228.0,6.0,True,8,word,toilet,5.0
1424.0,1335.2976989746094,1064.1844940185547,0.5220487713813782,0.747506856918335,0.5216006636619568,0.7390170097351074,2.814056396484375,2.6776275634765625,Fixation,1337.2992969381398,1074.3214238923172,228.0,6.0,True,8,word,toilet,5.0
1428.0,1339.5797729492188,1069.8222827911377,0.5204265117645264,0.7536559104919434,0.5232733488082886,0.742932140827179,2.8103485107421875,2.692169189453125,Fixation,1337.2992969381398,1074.3214238923172,228.0,6.0,True,8,word,toilet,5.0
1432.0,1337.5053405761719,1076.4463520050049,0.5227746367454529,0.7494925856590271,0.5224630236625671,0.7475321888923645,2.8050994873046875,2.705169677734375,Fixation,1337.2992969381398,1074.3214238923172,228.0,6.0,True,8,word,toilet,5.0
1436.0,1335.3350830078125,1073.9036178588867,0.5174565315246582,0.7512679100036621,0.5216152667999268,0.7457664012908936,2.823883056640625,2.7052154541015625,Fixation,1337.2992969381398,1074.3214238923172,228.0,6.0,True,8,word,toilet,5.0
1440.0,1336.3308715820312,1077.2378826141357,0.5218488574028015,0.7454820275306702,0.522004246711731,0.7480818629264832,2.8238067626953125,2.7061767578125,Fixation,1337.2992969381398,1074.3214238923172,228.0,6.0,True,8,word,toilet,5.0
1444.0,1341.3755798339844,1075.4769802093506,0.5224151015281677,0.7455112338066101,0.5239748358726501,0.7468590140342712,2.8179168701171875,2.69403076171875,Fixation,1337.2992969381398,1074.3214238923172,228.0,6.0,True,8,word,toilet,5.0
1448.0,1347.1479797363281,1063.3602619171143,0.521416425704956,0.7558858394622803,0.5262296795845032,0.7384446263313293,2.8337554931640625,2.681015014648437,Fixation,1337.2992969381398,1074.3214238923172,228.0,6.0,True,8,word,toilet,5.0
1452.0,1340.9881591796875,1085.4035568237305,0.5234236717224121,0.7477602362632751,0.5238234996795654,0.7537524700164795,2.7936553955078125,2.701416015625,Fixation,1337.2992969381398,1074.3214238923172,228.0,6.0,True,8,word,toilet,5.0
1456.0,1339.1349792480469,1078.3060455322266,0.5182991623878479,0.7548322081565857,0.5230996012687683,0.7488236427307129,2.8030242919921875,2.715057373046875,Fixation,1337.2992969381398,1074.3214238923172,228.0,6.0,True,8,word,toilet,5.0
1460.0,1338.9115905761719,1077.8106307983398,0.5248030424118042,0.7495831251144409,0.5230123400688171,0.7484796047210693,2.81890869140625,2.704071044921875,Fixation,1337.2992969381398,1074.3214238923172,228.0,6.0,True,8,word,toilet,5.0
1464.0,1335.3971862792969,1077.0185852050781,0.5204721689224243,0.753411591053009,0.5216395258903503,0.747929573059082,2.817230224609375,2.707305908203125,Fixation,1337.2992969381398,1074.3214238923172,228.0,6.0,True,8,word,toilet,5.0
1468.0,1333.8362121582031,1077.579746246338,0.5209295749664307,0.7493752837181091,0.5210297703742981,0.7483192682266235,2.8437042236328125,2.7202301025390625,Fixation,1337.2992969381398,1074.3214238923172,228.0,6.0,True,8,word,toilet,5.0
1472.0,1342.0741271972656,1071.7395687103271,0.5185450911521912,0.7511547803878784,0.5242477059364319,0.7442635893821716,2.821197509765625,2.726776123046875,Fixation,1337.2992969381398,1074.3214238923172,228.0,6.0,True,8,word,toilet,5.0
1476.0,1338.9541625976562,1072.3706817626953,0.5185443758964539,0.7466402053833008,0.5230289697647095,0.7447018623352051,2.8299560546875,2.7192535400390625,Fixation,1337.2992969381398,1074.3214238923172,228.0,6.0,True,8,word,toilet,5.0
1480.0,1336.1909484863281,1082.252197265625,0.5241039991378784,0.758051335811615,0.5219495892524719,0.7515640258789062,2.8564453125,2.720321655273437,Fixation,1337.2992969381398,1074.3214238923172,228.0,6.0,True,8,word,toilet,5.0
1484.0,1329.5005798339844,1085.3661346435547,0.5235607624053955,0.7448354363441467,0.5193361639976501,0.7537264823913574,2.819244384765625,2.74359130859375,Fixation,1337.2992969381398,1074.3214238923172,228.0,6.0,True,8,word,toilet,5.0
1488.0,1333.3053588867188,1076.7562866210938,0.5215253829956055,0.7505810260772705,0.5208224058151245,0.7477474212646484,2.8466339111328125,2.7313385009765625,Fixation,1337.2992969381398,1074.3214238923172,228.0,6.0,True,8,word,toilet,5.0
1492.0,1341.3906860351562,1074.9200248718262,0.5212910771369934,0.7487658858299255,0.5239807367324829,0.7464722394943237,2.819580078125,2.730682373046875,Fixation,1337.2992969381398,1074.3214238923172,228.0,6.0,True,8,word,toilet,5.0
1496.0,1334.2904663085938,1072.9224014282227,0.5238747000694275,0.759791910648346,0.5212072134017944,0.7450850009918213,2.852767944335937,2.7249298095703125,Fixation,1337.2992969381398,1074.3214238923172,228.0,6.0,True,8,word,toilet,5.0
1500.0,1339.351806640625,1076.4291858673096,0.5208585262298584,0.7613435387611389,0.5231842994689941,0.7475202679634094,2.840560913085937,2.7410888671875,Fixation,1337.2992969381398,1074.3214238923172,228.0,6.0,True,8,word,toilet,5.0
1504.0,1344.1322326660156,1063.0678367614746,0.5235828757286072,0.7527832388877869,0.5250516533851624,0.7382415533065796,2.826385498046875,2.7188873291015625,Fixation,1337.2992969381398,1074.3214238923172,228.0,6.0,True,8,word,toilet,5.0
1508.0,1336.6310119628906,1076.632776260376,0.519549548625946,0.7539478540420532,0.5221214890480042,0.7476616501808167,2.8156890869140625,2.7513427734375,Fixation,1337.2992969381398,1074.3214238923172,228.0,6.0,True,8,word,toilet,5.0
1512.0,1340.7241821289062,1060.8204460144043,0.5222899317741394,0.7550410628318787,0.523720383644104,0.7366808652877808,2.839599609375,2.7299957275390625,Fixation,1337.2992969381398,1074.3214238923172,228.0,6.0,True,8,word,toilet,5.0
1516.0,1338.5346984863281,1076.5970706939697,0.5210084319114685,0.7396739721298218,0.5228651165962219,0.7476368546485901,2.813217163085937,2.73419189453125,Fixation,1337.2992969381398,1074.3214238923172,228.0,6.0,True,8,word,toilet,5.0
1520.0,1351.1979675292969,1077.3183059692383,0.5211116075515747,0.7578337788581848,0.5278117060661316,0.7481377124786377,2.8473052978515625,2.7272491455078125,Fixation,1337.2992969381398,1074.3214238923172,228.0,6.0,True,8,word,toilet,5.0
1524.0,1348.5044860839844,1076.6241931915283,0.5213177800178528,0.7529788613319397,0.5267595648765564,0.7476556897163391,2.8651123046875,2.7364044189453125,Fixation,1337.2992969381398,1074.3214238923172,228.0,6.0,True,8,word,toilet,5.0
1528.0,1346.9778442382812,1076.5723514556885,0.5194129347801208,0.7567293047904968,0.5261632204055786,0.7476196885108948,2.850433349609375,2.7321929931640625,Fixation,1337.2992969381398,1074.3214238923172,228.0,6.0,True,8,word,toilet,5.0
1532.0,1347.4734497070312,1078.5992431640625,0.5266507267951965,0.749988317489624,0.5263568162918091,0.7490272521972656,2.831756591796875,2.7385406494140625,Fixation,1337.2992969381398,1074.3214238923172,228.0,6.0,True,8,word,toilet,5.0
1536.0,1347.0632934570312,1090.0458812713623,0.5210829377174377,0.7505348920822144,0.5261965990066528,0.756976306438446,2.84100341796875,2.7677154541015625,Fixation,1337.2992969381398,1074.3214238923172,228.0,6.0,True,8,word,toilet,5.0
1540.0,1347.1015930175781,1075.951623916626,0.5206779837608337,0.754368782043457,0.5262115597724915,0.7471886277198792,2.8415069580078125,2.75689697265625,Fixation,1337.2992969381398,1074.3214238923172,228.0,6.0,True,8,word,toilet,5.0
1544.0,1356.8418884277344,1082.325496673584,0.5209641456604004,0.7535449862480164,0.5300163626670837,0.7516149282455444,2.834457397460937,2.7623443603515625,Fixation,1337.2992969381398,1074.3214238923172,228.0,6.0,True,8,word,toilet,5.0
1548.0,1351.1441040039062,1085.5863761901855,0.5223187208175659,0.7555879354476929,0.5277906656265259,0.7538794279098511,2.8589630126953125,2.765289306640625,Fixation,1337.2992969381398,1074.3214238923172,228.0,6.0,True,8,word,toilet,5.0
1552.0,1354.9971008300781,1075.4144096374512,0.52100670337677,0.7530423402786255,0.5292957425117493,0.74681556224823,2.823944091796875,2.7408599853515625,Fixation,1337.2992969381398,1074.3214238923172,228.0,6.0,True,8,word,toilet,5.0
1556.0,1346.5675354003906,1074.2877101898193,0.5249823331832886,0.7528586983680725,0.5260029435157776,0.7460331320762634,2.85443115234375,2.7705535888671875,Fixation,1337.2992969381398,1074.3214238923172,228.0,6.0,True,8,word,toilet,5.0
1560.0,1352.3440551757812,1084.4054317474365,0.5330111980438232,0.7505313754081726,0.5282593965530396,0.7530593276023865,2.845703125,2.763916015625,Fixation,1337.2992969381398,1074.3214238923172,228.0,6.0,True,8,word,toilet,5.0
1564.0,1382.3893737792969,1091.6629314422607,0.5399566292762756,0.7612767815589905,0.5399958491325378,0.7580992579460144,2.8885955810546875,2.7789306640625,Saccade,,,,0.0,False,9,,,
1568.0,1423.3576965332031,1075.912914276123,0.5542539954185486,0.7610253095626831,0.5559991002082825,0.7471617460250854,2.863372802734375,2.7534637451171875,Saccade,,,,0.0,False,9,,,
1572.0,1486.6448974609375,1081.4450454711914,0.5778703093528748,0.767116367816925,0.5807206630706787,0.7510035037994385,2.9246368408203125,2.760284423828125,Saccade,,,,0.0,False,9,,,
1576.0,1502.57080078125,1081.8997764587402,0.5864644646644592,0.7580990791320801,0.5869417190551758,0.7513192892074585,2.8628387451171875,2.7534637451171875,Fixation,1490.2428641686072,1085.1701798805823,204.0,7.0,True,10,word,and,6.0
1580.0,1503.6416625976562,1087.5920677185059,0.597420871257782,0.7618311643600464,0.5873600244522095,0.7552722692489624,2.8867340087890625,2.76837158203125,Fixation,1490.2428641686072,1085.1701798805823,204.0,7.0,True,10,word,and,6.0
1584.0,1501.6328430175781,1074.7697353363037,0.5928617715835571,0.7660473585128784,0.5865753293037415,0.746367871761322,2.8893280029296875,2.764389038085937,Fixation,1490.2428641686072,1085.1701798805823,204.0,7.0,True,10,word,and,6.0
1588.0,1483.2408142089844,1075.0974369049072,0.5894360542297363,0.7555804252624512,0.5793909430503845,0.7465954422950745,2.881698608398437,2.755950927734375,Fixation,1490.2428641686072,1085.1701798805823,204.0,7.0,True,10,word,and,6.0
1592.0,1478.7557983398438,1090.2998542785645,0.586514413356781,0.7605671286582947,0.5776389837265015,0.7571526765823364,2.911651611328125,2.769027709960937,Fixation,1490.2428641686072,1085.1701798805823,204.0,7.0,True,10,word,and,6.0
1596.0,1480.7585144042969,1099.2563724517822,0.5837554335594177,0.7637045383453369,0.5784212946891785,0.7633724808692932,2.9192047119140625,2.7900390625,Fixation,1490.2428641686072,1085.1701798805823,204.0,7.0,True,10,word,and,6.0
1600.0,1492.2061157226562,1079.49462890625,0.5870456099510193,0.7581246495246887,0.5828930139541626,0.7496490478515625,2.8908233642578125,2.76177978515625,Fixation,1490.2428641686072,1085.1701798805823,204.0,7.0,True,10,word,and,6.0
1604.0,1491.0574340820312,1078.0520725250244,0.5823470950126648,0.7517355680465698,0.5824443101882935,0.7486472725868225,2.8932342529296875,2.7722625732421875,Fixation,1490.2428641686072,1085.1701798805823,204.0,7.0,True,10,word,and,6.0
1608.0,1484.47021484375,1087.2606754302979,0.5808035731315613,0.7599256634712219,0.5798711776733398,0.7550421357154846,2.8974761962890625,2.7880096435546875,Fixation,1490.2428641686072,1085.1701798805823,204.0,7.0,True,10,word,and,6.0
1612.0,1491.9279479980469,1088.5499382019043,0.5870556831359863,0.7607622742652893,0.5827843546867371,0.7559374570846558,2.8866424560546875,2.792343139648437,Fixation,1490.2428641686072,1085.1701798805823,204.0,7.0,True,10,word,and,6.0
1616.0,1484.5109558105469,1090.9930229187012,0.5876678824424744,0.7621330618858337,0.5798870921134949,0.7576340436935425,2.895477294921875,2.77227783203125,Fixation,1490.2428641686072,1085.1701798805823,204.0,7.0,True,10,word,and,6.0
1620.0,1490.6941223144531,1088.7478637695312,0.5861508250236511,0.7577493190765381,0.5823023915290833,0.7560749053955078,2.902572631835937,2.793304443359375,Fixation,1490.2428641686072,1085.1701798805823,204.0,7.0,True,10,word,and,6.0
1624.0,1484.1921997070312,1085.207176208496,0.5891022682189941,0.7583085894584656,0.5797625780105591,0.7536160945892334,2.8851470947265625,2.7837066650390625,Fixation,1490.2428641686072,1085.1701798805823,204.0,7.0,True,10,word,and,6.0
1628.0,1473.38134765625,1084.1574668884277,0.5911903977394104,0.7660971879959106,0.5755395889282227,0.7528871297836304,2.931732177734375,2.7845458984375,Fixation,1490.2428641686072,1085.1701798805823,204.0,7.0,True,10,word,and,6.0
1632.0,1486.8264770507812,1088.7009143829346,0.5893115401268005,0.756586492061615,0.5807915925979614,0.7560423016548157,2.892425537109375,2.7810516357421875,Fixation,1490.2428641686072,1085.1701798805823,204.0,7.0,True,10,word,and,6.0
1636.0,1478.4037780761719,1079.6567630767822,0.5849807858467102,0.7516165971755981,0.5775014758110046,0.7497616410255432,2.885528564453125,2.786483764648437,Fixation,1490.2428641686072,1085.1701798805823,204.0,7.0,True,10,word,and,6.0
1640.0,1485.2766418457031,1090.4255104064941,0.5906056761741638,0.7621866464614868,0.5801861882209778,0.7572399377822876,2.903076171875,2.77655029296875,Fixation,1490.2428641686072,1085.1701798805823,204.0,7.0,True,10,word,and,6.0
1644.0,1484.8770141601562,1084.4583892822266,0.5883427858352661,0.7622713446617126,0.580030083656311,0.7530961036682129,2.90283203125,2.788665771484375,Fixation,1490.2428641686072,1085.1701798805823,204.0,7.0,True,10,word,and,6.0
1648.0,1505.2464294433594,1080.4993629455566,0.5877397656440735,0.7595096826553345,0.5879868865013123,0.7503467798233032,2.8873443603515625,2.798370361328125,Fixation,1490.2428641686072,1085.1701798805823,204.0,7.0,True,10,word,and,6.0
1652.0,1487.6693725585938,1083.3135795593262,0.5872933268547058,0.7578569650650024,0.5811208486557007,0.7523010969161987,2.88909912109375,2.789703369140625,Fixation,1490.2428641686072,1085.1701798805823,204.0,7.0,True,10,word,and,6.0
1656.0,1487.5544738769531,1088.0204486846924,0.5885207056999207,0.7586740851402283,0.5810759663581848,0.7555697560310364,2.907073974609375,2.8160552978515625,Fixation,1490.2428641686072,1085.1701798805823,204.0,7.0,True,10,word,and,6.0
1660.0,1493.0825805664062,1081.497917175293,0.5882096290588379,0.7596037983894348,0.5832353830337524,0.7510402202606201,2.904052734375,2.793914794921875,Fixation,1490.2428641686072,1085.1701798805823,204.0,7.0,True,10,word,and,6.0
1664.0,1486.5708923339844,1083.5035228729248,0.5895793437957764,0.7609436511993408,0.5806917548179626,0.7524330019950867,2.9189910888671875,2.7992706298828125,Fixation,1490.2428641686072,1085.1701798805823,204.0,7.0,True,10,word,and,6.0
1668.0,1483.41796875,1082.3717594146729,0.5931975841522217,0.7540234923362732,0.5794601440429688,0.7516470551490784,2.91143798828125,2.8109283447265625,Fixation,1490.2428641686072,1085.1701798805823,204.0,7.0,True,10,word,and,6.0
1672.0,1494.6563720703125,1085.8727073669434,0.5920940637588501,0.7679018378257751,0.5838501453399658,0.7540782690048218,2.915878295898437,2.7965240478515625,Fixation,1490.2428641686072,1085.1701798805823,204.0,7.0,True,10,word,and,6.0
1676.0,1500.8279418945312,1073.7605381011963,0.5949419140815735,0.7672547101974487,0.5862609148025513,0.745667040348053,2.921859741210937,2.789093017578125,Fixation,1490.2428641686072,1085.1701798805823,204.0,7.0,True,10,word,and,6.0
1680.0,1490.8940124511719,1081.5314769744873,0.5919546484947205,0.7659242153167725,0.582380473613739,0.7510635256767273,2.9064483642578125,2.796356201171875,Fixation,1490.2428641686072,1085.1701798805823,204.0,7.0,True,10,word,and,6.0
1684.0,1490.8058166503906,1092.44047164917,0.5895295739173889,0.7612534165382385,0.5823460221290588,0.7586392164230347,2.900131225585937,2.8081817626953125,Fixation,1490.2428641686072,1085.1701798805823,204.0,7.0,True,10,word,and,6.0
1688.0,1495.9201049804688,1093.5134410858154,0.5889114737510681,0.7612796425819397,0.5843437910079956,0.7593843340873718,2.8977813720703125,2.8147125244140625,Fixation,1490.2428641686072,1085.1701798805823,204.0,7.0,True,10,word,and,6.0
1692.0,1490.4048156738281,1088.624610900879,0.5888627171516418,0.7680017948150635,0.5821893811225891,0.7559893131256104,2.9282684326171875,2.7979278564453125,Fixation,1490.2428641686072,1085.1701798805823,204.0,7.0,True,10,word,and,6.0
1696.0,1491.0194396972656,1074.0566539764404,0.589859127998352,0.762259840965271,0.5824294686317444,0.7458726763725281,2.904937744140625,2.792236328125,Fixation,1490.2428641686072,1085.1701798805823,204.0,7.0,True,10,word,and,6.0
1700.0,1490.3334045410156,1088.044137954712,0.589484453201294,0.7710502743721008,0.5821614861488342,0.7555862069129944,2.951324462890625,2.8032989501953125,Fixation,1490.2428641686072,1085.1701798805823,204.0,7.0,True,10,word,and,6.0
1704.0,1485.1298522949219,1095.8632278442383,0.5914316177368164,0.7607746720314026,0.5801288485527039,0.7610161304473877,2.9116973876953125,2.81890869140625,Fixation,1490.2428641686072,1085.1701798805823,204.0,7.0,True,10,word,and,6.0
1708.0,1487.9010009765625,1088.3161354064941,0.5895639061927795,0.7594316601753235,0.5812113285064697,0.7557750940322876,2.915756225585937,2.7968902587890625,Fixation,1490.2428641686072,1085.1701798805823,204.0,7.0,True,10,word,and,6.0
1712.0,1491.0699462890625,1090.0885391235352,0.5918481349945068,0.7642081379890442,0.582449197769165,0.7570059299468994,2.924896240234375,2.797470092773437,Fixation,1490.2428641686072,1085.1701798805823,204.0,7.0,True,10,word,and,6.0
1716.0,1488.3866882324219,1092.4353218078613,0.5854974985122681,0.7631271481513977,0.5814010500907898,0.7586356401443481,2.9245147705078125,2.796966552734375,Fixation,1490.2428641686072,1085.1701798805823,204.0,7.0,True,10,word,and,6.0
1720.0,1479.2460632324219,1084.0958404541016,0.5854151844978333,0.7633571028709412,0.5778304934501648,0.7528443336486816,2.94677734375,2.80303955078125,Fixation,1490.2428641686072,1085.1701798805823,204.0,7.0,True,10,word,and,6.0
1724.0,1493.4835815429688,1080.4706954956055,0.5842607617378235,0.7573455572128296,0.5833920240402222,0.7503268718719482,2.917724609375,2.794525146484375,Fixation,1490.2428641686072,1085.1701798805823,204.0,7.0,True,10,word,and,6.0
1728.0,1483.1510925292969,1091.4831161499023,0.5885385870933533,0.7559717893600464,0.5793558955192566,0.75797438621521,2.9221649169921875,2.814361572265625,Fixation,1490.2428641686072,1085.1701798805823,204.0,7.0,True,10,word,and,6.0
1732.0,1482.1536254882812,1087.1851444244385,0.5863451957702637,0.7584664225578308,0.5789662599563599,0.7549896836280823,2.900604248046875,2.813690185546875,Fixation,1490.2428641686072,1085.1701798805823,204.0,7.0,True,10,word,and,6.0
1736.0,1488.6126708984375,1088.869228363037,0.5889400243759155,0.7658509612083435,0.5814893245697021,0.7561591863632202,2.9277801513671875,2.8008270263671875,Fixation,1490.2428641686072,1085.1701798805823,204.0,7.0,True,10,word,and,6.0
1740.0,1483.2501220703125,1081.470708847046,0.5882007479667664,0.7584842443466187,0.5793945789337158,0.7510213255882263,2.918121337890625,2.8043212890625,Fixation,1490.2428641686072,1085.1701798805823,204.0,7.0,True,10,word,and,6.0
1744.0,1490.1486206054688,1090.0871658325195,0.5871268510818481,0.7644926309585571,0.5820893049240112,0.757004976272583,2.9381561279296875,2.8160858154296875,Fixation,1490.2428641686072,1085.1701798805823,204.0,7.0,True,10,word,and,6.0
1748.0,1486.2327575683594,1080.3177452087402,0.5852152705192566,0.7596067190170288,0.5805596709251404,0.7502206563949585,2.9237823486328125,2.8136749267578125,Fixation,1490.2428641686072,1085.1701798805823,204.0,7.0,True,10,word,and,6.0
1752.0,1487.5642395019531,1072.6365852355957,0.5881820917129517,0.7568085789680481,0.5810797810554504,0.7448865175247192,2.912811279296875,2.7787628173828125,Fixation,1490.2428641686072,1085.1701798805823,204.0,7.0,True,10,word,and,6.0
1756.0,1480.2679443359375,1080.118703842163,0.5924602746963501,0.7626062631607056,0.5782296657562256,0.7500824332237244,2.9094390869140625,2.81170654296875,Fixation,1490.2428641686072,1085.1701798805823,204.0,7.0,True,10,word,and,6.0
1760.0,1483.0352783203125,1079.1469287872314,0.5904160141944885,0.7682837843894958,0.5793106555938721,0.7494075894355774,2.930206298828125,2.7975006103515625,Fixation,1490.2428641686072,1085.1701798805823,204.0,7.0,True,10,word,and,6.0
1764.0,1481.2837219238281,1083.3048248291016,0.5902397632598877,0.7599777579307556,0.5786264538764954,0.7522950172424316,2.920883178710937,2.8186798095703125,Fixation,1490.2428641686072,1085.1701798805823,204.0,7.0,True,10,word,and,6.0
1768.0,1496.4762878417969,1079.5815753936768,0.5920390486717224,0.7716510891914368,0.5845610499382019,0.74970942735672,2.939926147460937,2.79132080078125,Fixation,1490.2428641686072,1085.1701798805823,204.0,7.0,True,10,word,and,6.0
1772.0,1499.5407104492188,1093.125228881836,0.5928407311439514,0.7696326971054077,0.5857580900192261,0.7591147422790527,2.935653686523437,2.810897827148437,Fixation,1490.2428641686072,1085.1701798805823,204.0,7.0,True,10,word,and,6.0
1776.0,1513.3172607421875,1092.588701248169,0.6026971340179443,0.7717876434326172,0.591139554977417,0.7587421536445618,2.9388580322265625,2.8248748779296875,Fixation,1490.2428641686072,1085.1701798805823,204.0,7.0,True,10,word,and,6.0
1780.0,1545.5491638183594,1085.9936428070068,0.6135293245315552,0.766348123550415,0.6037301421165466,0.7541622519493103,2.94598388671875,2.8293609619140625,Fixation,1490.2428641686072,1085.1701798805823,204.0,7.0,True,10,word,and,6.0
1784.0,1580.2259826660156,1093.5433101654053,0.6236854195594788,0.7754987478256226,0.6172757744789124,0.7594050765037537,2.944686889648437,2.8540496826171875,Fixation,1599.1414122885847,1086.9126100743072,372.0,8.0,True,11,word,window,8.0
1788.0,1572.7651977539062,1083.8256454467773,0.6286309957504272,0.7784563899040222,0.6143614053726196,0.7526566982269287,2.9388580322265625,2.82904052734375,Fixation,1599.1414122885847,1086.9126100743072,372.0,8.0,True,11,word,window,8.0
1792.0,1572.3619079589844,1090.570821762085,0.6276752352714539,0.7742169499397278,0.6142038702964783,0.7573408484458923,2.937774658203125,2.8281402587890625,Fixation,1599.1414122885847,1086.9126100743072,372.0,8.0,True,11,word,window,8.0
1796.0,1576.1778259277344,1078.240556716919,0.6237733960151672,0.7727458477020264,0.6156944632530212,0.7487781643867493,2.9621124267578125,2.801055908203125,Fixation,1599.1414122885847,1086.9126100743072,372.0,8.0,True,11,word,window,8.0
1800.0,1576.5142822265625,1080.7167720794678,0.6218404173851013,0.7758933305740356,0.615825891494751,0.7504977583885193,2.946517944335937,2.796615600585937,Fixation,1599.1414122885847,1086.9126100743072,372.0,8.0,True,11,word,window,8.0
1804.0,1569.166259765625,1092.3040008544922,0.6232376098632812,0.7765024900436401,0.6129555702209473,0.7585444450378418,2.9657440185546875,2.8261260986328125,Fixation,1599.1414122885847,1086.9126100743072,372.0,8.0,True,11,word,window,8.0
1808.0,1569.7897338867188,1082.8806495666504,0.621522068977356,0.7683120965957642,0.6131991147994995,0.7520004510879517,2.943817138671875,2.821136474609375,Fixation,1599.1414122885847,1086.9126100743072,372.0,8.0,True,11,word,window,8.0
1812.0,1556.9558715820312,1084.7780227661133,0.6216765642166138,0.7745643854141235,0.608185887336731,0.7533180713653564,2.946319580078125,2.8158721923828125,Fixation,1599.1414122885847,1086.9126100743072,372.0,8.0,True,11,word,window,8.0
1816.0,1558.0802917480469,1090.8203315734863,0.6251694560050964,0.7766100764274597,0.6086251139640808,0.7575141191482544,2.9548797607421875,2.826385498046875,Fixation,1599.1414122885847,1086.9126100743072,372.0,8.0,True,11,word,window,8.0
1820.0,1567.5054931640625,1091.757345199585,0.6227588653564453,0.770275890827179,0.6123068332672119,0.7581648230552673,2.938827514648437,2.8264312744140625,Fixation,1599.1414122885847,1086.9126100743072,372.0,8.0,True,11,word,window,8.0
1824.0,1564.2558288574219,1095.3432655334473,0.6204162836074829,0.7781832218170166,0.6110374331474304,0.7606550455093384,2.94744873046875,2.830657958984375,Fixation,1599.1414122885847,1086.9126100743072,372.0,8.0,True,11,word,window,8.0
1828.0,1571.1453247070312,1085.8489322662354,0.6199265718460083,0.7753259539604187,0.6137286424636841,0.754061758518219,2.958251953125,2.8308868408203125,Fixation,1599.1414122885847,1086.9126100743072,372.0,8.0,True,11,word,window,8.0
1832.0,1569.2318725585938,1079.835376739502,0.6220269799232483,0.7784797549247742,0.6129812002182007,0.7498856782913208,2.967437744140625,2.8187713623046875,Fixation,1599.1414122885847,1086.9126100743072,372.0,8.0,True,11,word,window,8.0
1836.0,1572.0759582519531,1080.9177875518799,0.6203886270523071,0.7727258205413818,0.6140921711921692,0.7506373524665833,2.9553985595703125,2.82708740234375,Fixation,1599.1414122885847,1086.9126100743072,372.0,8.0,True,11,word,window,8.0
1840.0,1560.5729675292969,1076.810703277588,0.6205406188964844,0.7836390733718872,0.6095988154411316,0.747785210609436,2.9611358642578125,2.804916381835937,Fixation,1599.1414122885847,1086.9126100743072,372.0,8.0,True,11,word,window,8.0
1844.0,1573.0215454101562,1092.5654411315918,0.6216629147529602,0.7734332084655762,0.6144615411758423,0.7587260007858276,2.962493896484375,2.8380126953125,Fixation,1599.1414122885847,1086.9126100743072,372.0,8.0,True,11,word,window,8.0
1848.0,1567.4124145507812,1099.808521270752,0.6220119595527649,0.7758535742759705,0.6122704744338989,0.7637559175491333,2.9500274658203125,2.86505126953125,Fixation,1599.1414122885847,1086.9126100743072,372.0,8.0,True,11,word,window,8.0
1852.0,1567.4610900878906,1098.7825870513916,0.6210360527038574,0.782595694065094,0.6122894883155823,0.7630434632301331,2.955718994140625,2.852325439453125,Fixation,1599.1414122885847,1086.9126100743072,372.0,8.0,True,11,word,window,8.0
1856.0,1562.6312255859375,1088.7574768066406,0.6210579872131348,0.7735599875450134,0.6104028224945068,0.7560815811157227,2.954833984375,2.8407135009765625,Fixation,1599.1414122885847,1086.9126100743072,372.0,8.0,True,11,word,window,8.0
1860.0,1563.2839965820312,1084.2820072174072,0.6267682313919067,0.775583028793335,0.610657811164856,0.7529736161231995,2.956146240234375,2.830322265625,Fixation,1599.1414122885847,1086.9126100743072,372.0,8.0,True,11,word,window,8.0
1864.0,1564.677734375,1087.3931980133057,0.6252960562705994,0.7713847160339355,0.6112022399902344,0.7551341652870178,2.9512481689453125,2.828231811523437,Fixation,1599.1414122885847,1086.9126100743072,372.0,8.0,True,11,word,window,8.0
1868.0,1574.3307495117188,1105.1500225067139,0.6235861778259277,0.7726303935050964,0.6149729490280151,0.7674652934074402,2.956451416015625,2.8652496337890625,Fixation,1599.1414122885847,1086.9126100743072,372.0,8.0,True,11,word,window,8.0
1872.0,1568.2379150390625,1086.498155593872,0.6229486465454102,0.7710254192352295,0.6125929355621338,0.7545126080513,2.932113647460937,2.829071044921875,Fixation,1599.1414122885847,1086.9126100743072,372.0,8.0,True,11,word,window,8.0
1876.0,1566.968994140625,1084.3462944030762,0.6253837943077087,0.7798983454704285,0.6120972633361816,0.7530182600021362,2.97607421875,2.8370513916015625,Fixation,1599.1414122885847,1086.9126100743072,372.0,8.0,True,11,word,window,8.0
1880.0,1564.608154296875,1085.8069610595703,0.6238484978675842,0.7809445858001709,0.6111750602722168,0.7540326118469238,2.974700927734375,2.852890014648437,Fixation,1599.1414122885847,1086.9126100743072,372.0,8.0,True,11,word,window,8.0
1884.0,1570.7521057128906,1092.1136283874512,0.6233228445053101,0.7734191417694092,0.6135750412940979,0.75841224193573,2.9635772705078125,2.853424072265625,Fixation,1599.1414122885847,1086.9126100743072,372.0,8.0,True,11,word,window,8.0
1888.0,1572.3715209960938,1090.773811340332,0.62413090467453,0.7704158425331116,0.6142076253890991,0.7574818134307861,2.955795288085937,2.8582000732421875,Fixation,1599.1414122885847,1086.9126100743072,372.0,8.0,True,11,word,window,8.0
1892.0,1563.9231872558594,1090.72265625,0.6219097375869751,0.7748563289642334,0.6109074950218201,0.7574462890625,2.9420623779296875,2.851913452148437,Fixation,1599.1414122885847,1086.9126100743072,372.0,8.0,True,11,word,window,8.0
1896.0,1563.7025451660156,1091.4353942871094,0.6226785778999329,0.7678539156913757,0.6108213067054749,0.7579412460327148,2.9619140625,2.8358612060546875,Fixation,1599.1414122885847,1086.9126100743072,372.0,8.0,True,11,word,window,8.0
1900.0,1556.0359191894531,1094.6183395385742,0.6190400123596191,0.7735653519630432,0.6078265309333801,0.7601516246795654,2.964584350585937,2.84979248046875,Fixation,1599.1414122885847,1086.9126100743072,372.0,8.0,True,11,word,window,8.0
1904.0,1564.82177734375,1085.505609512329,0.6215935945510864,0.7661473751068115,0.6112585067749023,0.7538233399391174,2.939239501953125,2.838226318359375,Fixation,1599.1414122885847,1086.9126100743072,372.0,8.0,True,11,word,window,8.0
1908.0,1561.8280029296875,1088.4921741485596,0.625461757183075,0.7721554040908813,0.6100890636444092,0.7558973431587219,2.947235107421875,2.838485717773437,Fixation,1599.1414122885847,1086.9126100743072,372.0,8.0,True,11,word,window,8.0
1912.0,1570.4721069335938,1087.9310989379883,0.626073956489563,0.7666160464286804,0.6134656667709351,0.7555077075958252,2.9500732421875,2.856918334960937,Fixation,1599.1414122885847,1086.9126100743072,372.0,8.0,True,11,word,window,8.0
1916.0,1569.0168762207031,1085.8969974517822,0.6262528896331787,0.7765095233917236,0.6128972172737122,0.7540951371192932,2.967620849609375,2.847442626953125,Fixation,1599.1414122885847,1086.9126100743072,372.0,8.0,True,11,word,window,8.0
1920.0,1566.2376403808594,1083.9306163787842,0.6221919059753418,0.7669090032577515,0.6118115782737732,0.752729594707489,2.963836669921875,2.85308837890625,Fixation,1599.1414122885847,1086.9126100743072,372.0,8.0,True,11,word,window,8.0
1924.0,1569.4575500488281,1089.2122077941895,0.6271864771842957,0.7688573598861694,0.6130693554878235,0.7563973665237427,2.946380615234375,2.839828491210937,Fixation,1599.1414122885847,1086.9126100743072,372.0,8.0,True,11,word,window,8.0
1928.0,1574.4088745117188,1093.722095489502,0.6267684698104858,0.770361602306366,0.6150034666061401,0.7595292329788208,2.958724975585937,2.8629302978515625,Fixation,1599.1414122885847,1086.9126100743072,372.0,8.0,True,11,word,window,8.0
1932.0,1572.83203125,1087.1415424346924,0.6220900416374207,0.7753218412399292,0.6143875122070312,0.7549594044685364,2.949813842773437,2.8407745361328125,Fixation,1599.1414122885847,1086.9126100743072,372.0,8.0,True,11,word,window,8.0
1936.0,1570.0723266601562,1084.0943813323975,0.623050332069397,0.7733747363090515,0.6133095026016235,0.7528433203697205,2.965805053710937,2.8311767578125,Fixation,1599.1414122885847,1086.9126100743072,372.0,8.0,True,11,word,window,8.0
1940.0,1571.2034606933594,1090.18235206604,0.6247225403785706,0.7708826661109924,0.6137513518333435,0.7570710778236389,2.930526733398437,2.864776611328125,Fixation,1599.1414122885847,1086.9126100743072,372.0,8.0,True,11,word,window,8.0
1944.0,1562.7139282226562,1089.2367553710938,0.6235353350639343,0.7730709314346313,0.6104351282119751,0.7564144134521484,2.960296630859375,2.8426513671875,Fixation,1599.1414122885847,1086.9126100743072,372.0,8.0,True,11,word,window,8.0
1948.0,1560.4745483398438,1083.3186435699463,0.6254010796546936,0.7718160152435303,0.6095603704452515,0.7523046135902405,2.949447631835937,2.8441314697265625,Fixation,1599.1414122885847,1086.9126100743072,372.0,8.0,True,11,word,window,8.0
1952.0,1573.3877563476562,1097.9386138916016,0.6240571737289429,0.7728271484375,0.6146045923233032,0.7624573707580566,2.9640045166015625,2.862030029296875,Fixation,1599.1414122885847,1086.9126100743072,372.0,8.0,True,11,word,window,8.0
1956.0,1586.1192321777344,1090.0686264038086,0.6255239248275757,0.7679490447044373,0.6195778250694275,0.7569921016693115,2.9594268798828125,2.8346099853515625,Fixation,1599.1414122885847,1086.9126100743072,372.0,8.0,True,11,word,window,8.0
1960.0,1599.7332763671875,1100.220594406128,0.6315380930900574,0.7695992588996887,0.6248958110809326,0.7640420794487,2.972518920898437,2.8520050048828125,Fixation,1599.1414122885847,1086.9126100743072,372.0,8.0,True,11,word,window,8.0
1964.0,1628.4022521972656,1101.5360355377197,0.6438947916030884,0.7766609787940979,0.6360946297645569,0.7649555802345276,2.9721221923828125,2.859466552734375,Fixation,1599.1414122885847,1086.9126100743072,372.0,8.0,True,11,word,window,8.0
1968.0,1640.7464599609375,1090.9849548339844,0.6480836272239685,0.7738387584686279,0.6409165859222412,0.7576284408569336,2.9635009765625,2.8573760986328125,Fixation,1599.1414122885847,1086.9126100743072,372.0,8.0,True,11,word,window,8.0
1972.0,1634.3154907226562,1092.2822856903076,0.6526368260383606,0.776103138923645,0.6384044885635376,0.7585293650627136,2.9700469970703125,2.86883544921875,Fixation,1599.1414122885847,1086.9126100743072,372.0,8.0,True,11,word,window,8.0
1976.0,1641.2504577636719,1092.5325679779053,0.6483116745948792,0.7722247242927551,0.6411134600639343,0.7587031722068787,2.955535888671875,2.85528564453125,Fixation,1599.1414122885847,1086.9126100743072,372.0,8.0,True,11,word,window,8.0
1980.0,1631.165771484375,1084.2881870269775,0.6461102962493896,0.7731488347053528,0.637174129486084,0.7529779076576233,2.97833251953125,2.85186767578125,Fixation,1599.1414122885847,1086.9126100743072,372.0,8.0,True,11,word,window,8.0
1984.0,1636.771240234375,1094.2344188690186,0.6430748701095581,0.7735387682914734,0.6393637657165527,0.7598850131034851,2.981658935546875,2.8609161376953125,Fixation,1599.1414122885847,1086.9126100743072,372.0,8.0,True,11,word,window,8.0
1988.0,1627.8144836425781,1093.5943794250488,0.6472914218902588,0.7699360847473145,0.6358650326728821,0.759440541267395,2.9568023681640625,2.8511962890625,Fixation,1599.1414122885847,1086.9126100743072,372.0,8.0,True,11,word,window,8.0
1992.0,1635.5307006835938,1094.9500751495361,0.643914520740509,0.7643449902534485,0.6388791799545288,0.7603819966316223,2.9430389404296875,2.850936889648437,Fixation,1599.1414122885847,1086.9126100743072,372.0,8.0,True,11,word,window,8.0
1996.0,1637.208251953125,1089.3062782287598,0.6458204388618469,0.7707101106643677,0.6395344734191895,0.7564626932144165,2.965576171875,2.847412109375,Fixation,1599.1414122885847,1086.9126100743072,372.0,8.0,True,11,word,window,8.0
2000.0,1631.1332702636719,1086.2262439727783,0.6431745290756226,0.7678532600402832,0.6371614336967468,0.7543237805366516,2.93017578125,2.847015380859375,Fixation,1599.1414122885847,1086.9126100743072,372.0,8.0,True,11,word,window,8.0
2004.0,1623.853759765625,1087.4238395690918,0.6463667750358582,0.7652307748794556,0.6343178749084473,0.7551554441452026,2.951278686523437,2.849273681640625,Fixation,1599.1414122885847,1086.9126100743072,372.0,8.0,True,11,word,window,8.0
2008.0,1633.3285522460938,1088.6519050598145,0.6460813879966736,0.7714865207672119,0.6380189657211304,0.7560082674026489,2.97015380859375,2.84619140625,Fixation,1599.1414122885847,1086.9126100743072,372.0,8.0,True,11,word,window,8.0
2012.0,1627.2422790527344,1079.4192695617676,0.6451358795166016,0.7692084312438965,0.6356415152549744,0.7495967149734497,2.9475250244140625,2.853988647460937,Fixation,1599.1414122885847,1086.9126100743072,372.0,8.0,True,11,word,window,8.0
2016.0,1620.5076599121094,1089.7737979888916,0.6439451575279236,0.7711563110351562,0.6330108046531677,0.7567873597145081,2.954452514648437,2.8324737548828125,Fixation,1599.1414122885847,1086.9126100743072,372.0,8.0,True,11,word,window,8.0
2020.0,1636.4602661132812,1092.2039222717285,0.6427329778671265,0.7720630764961243,0.6392422914505005,0.7584749460220337,2.9569549560546875,2.8365631103515625,Fixation,1599.1414122885847,1086.9126100743072,372.0,8.0,True,11,word,window,8.0
2024.0,1628.9517211914062,1073.191738128662,0.6449658870697021,0.7682541608810425,0.6363092660903931,0.7452720403671265,2.945404052734375,2.837921142578125,Fixation,1599.1414122885847,1086.9126100743072,372.0,8.0,True,11,word,window,8.0
2028.0,1623.6276245117188,1077.1785736083984,0.6406680941581726,0.7799673080444336,0.6342295408248901,0.7480406761169434,2.9694061279296875,2.836334228515625,Fixation,1599.1414122885847,1086.9126100743072,372.0,8.0,True,11,word,window,8.0
2032.0,1628.5549926757812,1085.9956169128418,0.6446031332015991,0.7705934643745422,0.636154294013977,0.7541636228561401,2.96270751953125,2.8473358154296875,Fixation,1599.1414122885847,1086.9126100743072,372.0,8.0,True,11,word,window,8.0
2036.0,1627.7922058105469,1084.5028495788574,0.6446183323860168,0.7687612771987915,0.6358563303947449,0.7531269788742065,2.9573974609375,2.8350372314453125,Fixation,1599.1414122885847,1086.9126100743072,372.0,8.0,True,11,word,window,8.0
2040.0,1628.5346984863281,1074.7582340240479,0.6447975039482117,0.7685959935188293,0.6361463665962219,0.7463598847389221,2.9725799560546875,2.81915283203125,Fixation,1599.1414122885847,1086.9126100743072,372.0,8.0,True,11,word,window,8.0
2044.0,1636.5785217285156,1085.1704406738281,0.6438716650009155,0.7644371390342712,0.6392884850502014,0.7535905838012695,2.937713623046875,2.8466949462890625,Fixation,1599.1414122885847,1086.9126100743072,372.0,8.0,True,11,word,window,8.0
2048.0,1633.0317687988281,1082.1560668945312,0.6468040943145752,0.7656161189079285,0.6379030346870422,0.7514972686767578,2.942108154296875,2.843490600585937,Fixation,1599.1414122885847,1086.9126100743072,372.0,8.0,True,11,word,window,8.0
2052.0,1627.0652770996094,1086.4657974243164,0.6461828947067261,0.7729634046554565,0.6355723738670349,0.7544901371002197,2.9685821533203125,2.854736328125,Fixation,1599.1414122885847,1086.9126100743072,372.0,8.0,True,11,word,window,8.0
2056.0,1626.0992431640625,1079.0125179290771,0.6476249694824219,0.7690889239311218,0.6351950168609619,0.7493142485618591,2.94549560546875,2.8213043212890625,Fixation,1599.1414122885847,1086.9126100743072,372.0,8.0,True,11,word,window,8.0
2060.0,1623.6529541015625,1091.4826011657715,0.6424297094345093,0.7665984034538269,0.6342394351959229,0.7579740285873413,2.9580841064453125,2.8388824462890625,Fixation,1599.1414122885847,1086.9126100743072,372.0,8.0,True,11,word,window,8.0
2064.0,1624.4273376464844,1082.0976161956787,0.6467660665512085,0.7727119326591492,0.634541928768158,0.7514566779136658,2.950286865234375,2.833404541015625,Fixation,1599.1414122885847,1086.9126100743072,372.0,8.0,True,11,word,window,8.0
2068.0,1630.0112915039062,1081.104040145874,0.6453708410263062,0.7683862447738647,0.6367231607437134,0.7507666945457458,2.9605255126953125,2.84185791015625,Fixation,1599.1414122885847,1086.9126100743072,372.0,8.0,True,11,word,window,8.0
2072.0,1634.5060729980469,1090.3302383422852,0.647681474685669,0.7641379833221436,0.6384789347648621,0.7571737766265869,2.94866943359375,2.848358154296875,Fixation,1599.1414122885847,1086.9126100743072,372.0,8.0,True,11,word,window,8.0
2076.0,1620.7220458984375,1081.5412616729736,0.6420170664787292,0.7730721235275269,0.6330945491790771,0.7510703206062317,2.9813690185546875,2.8624267578125,Fixation,1599.1414122885847,1086.9126100743072,372.0,8.0,True,11,word,window,8.0
2080.0,1621.8008422851562,1095.9819316864014,0.6455451250076294,0.7694005370140076,0.6335159540176392,0.7610985636711121,2.954254150390625,2.859649658203125,Fixation,1599.1414122885847,1086.9126100743072,372.0,8.0,True,11,word,window,8.0
2084.0,1621.8923950195312,1079.5517921447754,0.6408572196960449,0.7719741463661194,0.6335517168045044,0.7496887445449829,2.97064208984375,2.8423004150390625,Fixation,1599.1414122885847,1086.9126100743072,372.0,8.0,True,11,word,window,8.0
2088.0,1612.1832275390625,1095.6816959381104,0.6420690417289734,0.7658083438873291,0.6297590732574463,0.7608900666236877,2.95184326171875,2.8808746337890625,Fixation,1599.1414122885847,1086.9126100743072,372.0,8.0,True,11,word,window,8.0
2092.0,1619.5468139648438,1084.062967300415,0.6448554396629333,0.7698020935058594,0.6326354742050171,0.7528215050697327,2.949371337890625,2.864288330078125,Fixation,1599.1414122885847,1086.9126100743072,372.0,8.0,True,11,word,window,8.0
2096.0,1625.8143615722656,1079.5993423461914,0.6456778049468994,0.7735366225242615,0.6350837349891663,0.7497217655181885,2.97698974609375,2.838043212890625,Fixation,1599.1414122885847,1086.9126100743072,372.0,8.0,True,11,word,window,8.0
2100.0,1622.8028869628906,1077.6997375488281,0.6446292996406555,0.7683446407318115,0.6339073777198792,0.7484025955200195,2.949798583984375,2.8466949462890625,Fixation,1599.1414122885847,1086.9126100743072,372.0,8.0,True,11,word,window,8.0
2104.0,1620.6576538085938,1084.4639682769775,0.6452950835227966,0.771869421005249,0.6330693960189819,0.7530999779701233,2.952377319335937,2.85565185546875,Fixation,1599.1414122885847,1086.9126100743072,372.0,8.0,True,11,word,window,8.0
2108.0,1628.9811706542969,1088.730354309082,0.6431903839111328,0.7697555422782898,0.6363207697868347,0.7560627460479736,2.954742431640625,2.8667755126953125,Fixation,1599.1414122885847,1086.9126100743072,372.0,8.0,True,11,word,window,8.0
2112.0,1620.80078125,1081.3054847717285,0.6437315344810486,0.7668764591217041,0.6331253051757812,0.7509065866470337,2.9326171875,2.8580322265625,Fixation,1599.1414122885847,1086.9126100743072,372.0,8.0,True,11,word,window,8.0
2116.0,1624.625244140625,1080.7591724395752,0.6420410871505737,0.7692649364471436,0.6346192359924316,0.7505272030830383,2.9640655517578125,2.839096069335937,Fixation,1599.1414122885847,1086.9126100743072,372.0,8.0,True,11,word,window,8.0
2120.0,1622.2175598144531,1084.5198440551758,0.6449137330055237,0.762225866317749,0.6336787343025208,0.7531387805938721,2.9430389404296875,2.871322631835937,Fixation,1599.1414122885847,1086.9126100743072,372.0,8.0,True,11,word,window,8.0
2124.0,1622.4244689941406,1079.723196029663,0.640275239944458,0.7740008234977722,0.6337595582008362,0.7498077750205994,2.95751953125,2.8386993408203125,Fixation,1599.1414122885847,1086.9126100743072,372.0,8.0,True,11,word,window,8.0
2128.0,1630.81298828125,1078.8236904144287,0.6448726058006287,0.7655009627342224,0.6370363235473633,0.7491831183433533,2.9581756591796875,2.8294677734375,Fixation,1599.1414122885847,1086.9126100743072,372.0,8.0,True,11,word,window,8.0
2132.0,1619.3203735351562,1080.313367843628,0.6482565402984619,0.7697650194168091,0.6325470209121704,0.750217616558075,2.94659423828125,2.8521881103515625,Fixation,1599.1414122885847,1086.9126100743072,372.0,8.0,True,11,word,window,8.0
2136.0,1622.3550415039062,1087.1930408477783,0.6421318650245667,0.7677727937698364,0.6337324380874634,0.7549951672554016,2.9495849609375,2.868988037109375,Fixation,1599.1414122885847,1086.9126100743072,372.0,8.0,True,11,word,window,8.0
2140.0,1618.7934875488281,1089.6239376068115,0.6439950466156006,0.7670104503631592,0.632341206073761,0.7566832900047302,2.94921875,2.869110107421875,Fixation,1599.1414122885847,1086.9126100743072,372.0,8.0,True,11,word,window,8.0
2144.0,1622.7195739746094,1077.9356861114502,0.6474920511245728,0.7704042196273804,0.6338748335838318,0.7485664486885071,2.9378204345703125,2.8552398681640625,Fixation,1599.1414122885847,1086.9126100743072,372.0,8.0,True,11,word,window,8.0
2148.0,1628.5237121582031,1071.054983139038,0.6435064077377319,0.77414470911026,0.6361420750617981,0.7437881827354431,2.9716033935546875,2.8386993408203125,Fixation,1599.1414122885847,1086.9126100743072,372.0,8.0,True,11,word,window,8.0
2152.0,1625.7737731933594,1083.0227851867676,0.6430060267448425,0.7706716656684875,0.635067880153656,0.7520991563796997,2.9610137939453125,2.8634185791015625,Fixation,1599.1414122885847,1086.9126100743072,372.0,8.0,True,11,word,window,8.0
2156.0,1598.9364624023438,1079.2022895812988,0.6318599581718445,0.7579776644706726,0.6245845556259155,0.7494460344314575,2.941619873046875,2.85784912109375,Fixation,1599.1414122885847,1086.9126100743072,372.0,8.0,True,11,word,window,8.0
2160.0,1559.7322082519531,1033.168544769287,0.6072872877120972,0.7422897219657898,0.6092703938484192,0.7174781560897827,2.9706268310546875,2.8322296142578125,Saccade,,,,0.0,False,12,,,
2164.0,1490.7815551757812,996.0793018341064,0.573622465133667,0.6942130327224731,0.5823365449905396,0.6917217373847961,2.9290313720703125,2.878387451171875,Saccade,,,,0.0,False,12,,,
2168.0,1436.3760375976562,958.5465717315674,0.5515031218528748,0.6510282754898071,0.5610843896865845,0.6656573414802551,2.920654296875,2.8770294189453125,Saccade,,,,0.0,False,12,,,
2172.0,1386.8820190429688,933.6898326873779,0.5277430415153503,0.6179338097572327,0.5417507886886597,0.6483957171440125,2.9242706298828125,2.8929595947265625,Saccade,,,,0.0,False,12,,,
2176.0,1323.7118530273438,877.490644454956,0.5160643458366394,0.6022311449050903,0.5170749425888062,0.6093685030937195,2.9301300048828125,2.866302490234375,Saccade,,,,0.0,False,12,,,
2180.0,1301.4765930175781,816.2539672851562,0.505082905292511,0.5850450992584229,0.5083892941474915,0.5668430328369141,2.9410400390625,2.821380615234375,Saccade,,,,0.0,False,12,,,
2184.0,1270.0279998779297,818.7263202667236,0.4987618029117584,0.5714173913002014,0.4961046874523163,0.5685599446296692,2.930526733398437,2.833282470703125,Saccade,,,,0.0,False,12,,,
2188.0,1270.882110595703,794.7391319274902,0.4978460073471069,0.5479309558868408,0.4964383244514465,0.551902174949646,2.907211303710937,2.8340301513671875,Fixation,1260.2159212073502,796.9080506538858,192.0,9.0,True,13,image,,9.0
2192.0,1265.3265380859373,814.3566799163818,0.4954725205898285,0.5630248785018921,0.4942681789398193,0.565525472164154,2.9218902587890625,2.8698883056640625,Fixation,1260.2159212073502,796.9080506538858,192.0,9.0,True,13,image,,9.0
2196.0,1262.7078247070312,814.6513366699219,0.4968345761299133,0.5685441493988037,0.4932452440261841,0.565730094909668,2.9396514892578125,2.888275146484375,Fixation,1260.2159212073502,796.9080506538858,192.0,9.0,True,13,image,,9.0
2200.0,1272.0462036132812,824.1606903076172,0.4990032613277435,0.5671593546867371,0.496893048286438,0.572333812713623,2.92828369140625,2.896224975585937,Fixation,1260.2159212073502,796.9080506538858,192.0,9.0,True,13,image,,9.0
2204.0,1269.3742370605469,818.0268859863281,0.4960926473140716,0.562790036201477,0.4958493113517761,0.5680742263793945,2.9378814697265625,2.8568267822265625,Fixation,1260.2159212073502,796.9080506538858,192.0,9.0,True,13,image,,9.0
2208.0,1265.0811004638672,824.9814891815186,0.495118647813797,0.5605660080909729,0.4941723048686981,0.5729038119316101,2.900299072265625,2.8602294921875,Fixation,1260.2159212073502,796.9080506538858,192.0,9.0,True,13,image,,9.0
2212.0,1257.3809814453125,824.5612621307373,0.4946140348911285,0.5643778443336487,0.4911644458770752,0.5726119875907898,2.938339233398437,2.88287353515625,Fixation,1260.2159212073502,796.9080506538858,192.0,9.0,True,13,image,,9.0
2216.0,1269.3095397949216,817.3261642456055,0.4960448741912842,0.5597944855690002,0.4958240389823913,0.5675876140594482,2.9048309326171875,2.864349365234375,Fixation,1260.2159212073502,796.9080506538858,192.0,9.0,True,13,image,,9.0
2220.0,1257.3957824707031,805.5204963684082,0.495924562215805,0.555155336856842,0.4911702275276184,0.5593892335891724,2.9190216064453125,2.827239990234375,Fixation,1260.2159212073502,796.9080506538858,192.0,9.0,True,13,image,,9.0
2224.0,1267.5873565673828,798.5906982421875,0.4922289848327636,0.5618559718132019,0.4951513111591339,0.5545768737792969,2.905792236328125,2.8390045166015625,Fixation,1260.2159212073502,796.9080506538858,192.0,9.0,True,13,image,,9.0
2228.0,1262.0384216308591,817.2934627532959,0.4948631525039673,0.5517815947532654,0.4929837584495544,0.5675649046897888,2.8975830078125,2.8610076904296875,Fixation,1260.2159212073502,796.9080506538858,192.0,9.0,True,13,image,,9.0
2232.0,1269.9662017822263,816.5789222717285,0.4937624931335449,0.5505102276802063,0.4960805475711822,0.5670686960220337,2.873764038085937,2.866928100585937,Fixation,1260.2159212073502,796.9080506538858,192.0,9.0,True,13,image,,9.0
2236.0,1266.5306091308591,814.8411083221436,0.4924435019493103,0.5540121793746948,0.4947385191917419,0.5658618807792664,2.88134765625,2.8579559326171875,Fixation,1260.2159212073502,796.9080506538858,192.0,9.0,True,13,image,,9.0
2240.0,1267.4117279052732,799.484453201294,0.490519642829895,0.5605062246322632,0.4950827062129974,0.555197536945343,2.9127349853515625,2.8498687744140625,Fixation,1260.2159212073502,796.9080506538858,192.0,9.0,True,13,image,,9.0
2244.0,1268.8319396972656,822.9201793670654,0.4903469383716583,0.5522929430007935,0.4956374764442444,0.5714723467826843,2.9068756103515625,2.88818359375,Fixation,1260.2159212073502,796.9080506538858,192.0,9.0,True,13,image,,9.0
2248.0,1263.0850982666013,811.9530773162842,0.4920253753662109,0.5590445399284363,0.4933926165103912,0.563856303691864,2.8975067138671875,2.870712280273437,Fixation,1260.2159212073502,796.9080506538858,192.0,9.0,True,13,image,,9.0
2252.0,1266.4484405517578,752.8027725219727,0.4922049045562744,0.5678738951683044,0.4947064220905304,0.5227797031402588,2.925872802734375,2.7574462890625,Fixation,1260.2159212073502,796.9080506538858,192.0,9.0,True,13,image,,9.0
2256.0,1267.177276611328,825.0399398803711,0.4942318797111511,0.5703436732292175,0.4949911236763,0.5729444026947021,2.927352905273437,2.895980834960937,Fixation,1260.2159212073502,796.9080506538858,192.0,9.0,True,13,image,,9.0
2260.0,1266.1059570312498,798.7409019470215,0.4921026825904846,0.5694077014923096,0.494572639465332,0.5546811819076538,2.930526733398437,2.845932006835937,Fixation,1260.2159212073502,796.9080506538858,192.0,9.0,True,13,image,,9.0
2264.0,1261.4212799072266,819.7352600097656,0.4929899871349334,0.5514974594116211,0.4927426874637604,0.5692605972290039,2.8636627197265625,2.872802734375,Fixation,1260.2159212073502,796.9080506538858,192.0,9.0,True,13,image,,9.0
2268.0,1270.2063751220703,780.9075164794922,0.4909469187259674,0.5615271329879761,0.4961743652820587,0.5422968864440918,2.900985717773437,2.7998504638671875,Fixation,1260.2159212073502,796.9080506538858,192.0,9.0,True,13,image,,9.0
2272.0,1269.4381713867188,817.8704166412354,0.4875681102275848,0.5441473126411438,0.495874285697937,0.567965567111969,2.843780517578125,2.85614013671875,Fixation,1260.2159212073502,796.9080506538858,192.0,9.0,True,13,image,,9.0
2276.0,1263.366012573242,813.0938529968262,0.4920793175697326,0.5495495796203613,0.4935023486614227,0.5646485090255737,2.856307983398437,2.8724822998046875,Fixation,1260.2159212073502,796.9080506538858,192.0,9.0,True,13,image,,9.0
2280.0,1256.8769836425781,823.6547183990479,0.4925999045372009,0.5805680155754089,0.4909675717353821,0.5719824433326721,2.938751220703125,2.888397216796875,Fixation,1260.2159212073502,796.9080506538858,192.0,9.0,True,13,image,,9.0
2284.0,1265.3185272216795,802.3796939849854,0.4897928535938263,0.5714748501777649,0.4942650496959686,0.5572081208229065,2.9371795654296875,2.8423309326171875,Fixation,1260.2159212073502,796.9080506538858,192.0,9.0,True,13,image,,9.0
2288.0,1258.8204193115232,778.9770126342773,0.4973318874835968,0.5674275755882263,0.4917267262935638,0.5409562587738037,2.90966796875,2.79638671875,Fixation,1260.2159212073502,796.9080506538858,192.0,9.0,True,13,image,,9.0
2292.0,1255.421447753906,772.2077178955078,0.4958249032497406,0.5703365802764893,0.4903990030288696,0.5362553596496582,2.929550170898437,2.7831268310546875,Fixation,1260.2159212073502,796.9080506538858,192.0,9.0,True,13,image,,9.0
2296.0,1263.6481475830078,780.0517845153809,0.4901047348976135,0.5508623719215393,0.4936125576496124,0.5417026281356812,2.871200561523437,2.788543701171875,Fixation,1260.2159212073502,796.9080506538858,192.0,9.0,True,13,image,,9.0
2300.0,1256.6295623779297,785.0564861297607,0.4949032068252563,0.5612195730209351,0.4908709228038788,0.5451781153678894,2.895233154296875,2.806365966796875,Fixation,1260.2159212073502,796.9080506538858,192.0,9.0,True,13,image,,9.0
2304.0,1258.0086517333982,752.9649066925049,0.489912748336792,0.5706309080123901,0.4914096295833587,0.5228922963142395,2.921722412109375,2.757781982421875,Fixation,1260.2159212073502,796.9080506538858,192.0,9.0,True,13,image,,9.0
2308.0,1255.1548767089844,804.605884552002,0.4940022528171539,0.5673119425773621,0.490294873714447,0.5587540864944458,2.906585693359375,2.829071044921875,Fixation,1260.2159212073502,796.9080506538858,192.0,9.0,True,13,image,,9.0
2312.0,1255.5587768554688,787.9040908813477,0.4926725029945373,0.564920961856842,0.4904526472091675,0.5471556186676025,2.882919311523437,2.8341064453125,Fixation,1260.2159212073502,796.9080506538858,192.0,9.0,True,13,image,,9.0
2316.0,1256.5898132324219,791.3381767272949,0.4916954040527344,0.5627414584159851,0.4908553957939148,0.5495404005050659,2.904449462890625,2.8148193359375,Fixation,1260.2159212073502,796.9080506538858,192.0,9.0,True,13,image,,9.0
2320.0,1257.2737121582031,775.1481056213379,0.4908517301082611,0.5609508752822876,0.4911225438117981,0.5382972955703735,2.9073028564453125,2.7845611572265625,Fixation,1260.2159212073502,796.9080506538858,192.0,9.0,True,13,image,,9.0
2324.0,1253.1524658203123,793.5250568389893,0.4902459681034088,0.5730029940605164,0.4895126819610595,0.5510590672492981,2.916229248046875,2.83135986328125,Fixation,1260.2159212073502,796.9080506538858,192.0,9.0,True,13,image,,9.0
2328.0,1249.2552947998047,768.7433338165283,0.4947593212127685,0.5726518034934998,0.4879903495311737,0.5338495373725891,2.9312744140625,2.787017822265625,Fixation,1260.2159212073502,796.9080506538858,192.0,9.0,True,13,image,,9.0
2332.0,1258.3264923095703,760.2424907684326,0.4915599226951599,0.559453010559082,0.4915337860584259,0.5279461741447449,2.885040283203125,2.772445678710937,Fixation,1260.2159212073502,796.9080506538858,192.0,9.0,True,13,image,,9.0
2336.0,1250.8016204833984,782.7640342712402,0.4935163855552673,0.5710828304290771,0.4885943830013275,0.5435861349105835,2.936248779296875,2.802703857421875,Fixation,1260.2159212073502,796.9080506538858,192.0,9.0,True,13,image,,9.0
2340.0,1251.0624694824216,781.1165142059326,0.4904704391956329,0.5630021095275879,0.488696277141571,0.5424420237541199,2.895004272460937,2.796112060546875,Fixation,1260.2159212073502,796.9080506538858,192.0,9.0,True,13,image,,9.0
2344.0,1257.914810180664,808.8698673248291,0.4938652813434601,0.5624268054962158,0.4913729727268219,0.5617151856422424,2.9228515625,2.8522491455078125,Fixation,1260.2159212073502,796.9080506538858,192.0,9.0,True,13,image,,9.0
2348.0,1256.0114288330078,751.9612884521484,0.4921060502529144,0.5775623321533203,0.4906294643878937,0.5221953392028809,2.925888061523437,2.770980834960937,Fixation,1260.2159212073502,796.9080506538858,192.0,9.0,True,13,image,,9.0
2352.0,1251.8464660644531,765.9524631500244,0.4902986288070678,0.5657045245170593,0.489002525806427,0.5319114327430725,2.9144744873046875,2.777740478515625,Fixation,1260.2159212073502,796.9080506538858,192.0,9.0,True,13,image,,9.0
2356.0,1251.2222290039062,768.319501876831,0.4896028041839599,0.5673573613166809,0.4887586832046509,0.5335552096366882,2.8911285400390625,2.78680419921875,Fixation,1260.2159212073502,796.9080506538858,192.0,9.0,True,13,image,,9.0
2360.0,1250.4459381103516,804.6900844573975,0.487824410200119,0.5601041316986084,0.4884554445743561,0.5588125586509705,2.8933868408203125,2.843536376953125,Fixation,1260.2159212073502,796.9080506538858,192.0,9.0,True,13,image,,9.0
2364.0,1250.633773803711,772.4071884155273,0.4903380870819092,0.5581210851669312,0.4885288178920746,0.5363938808441162,2.89208984375,2.783233642578125,Fixation,1260.2159212073502,796.9080506538858,192.0,9.0,True,13,image,,9.0
2368.0,1256.2371826171873,789.8326206207275,0.4933928549289703,0.5750482678413391,0.4907176494598388,0.5484948754310608,2.9442291259765625,2.810638427734375,Fixation,1260.2159212073502,796.9080506538858,192.0,9.0,True,13,image,,9.0
2372.0,1253.3790588378906,820.715446472168,0.4918227195739746,0.5647961497306824,0.489601194858551,0.5699412822723389,2.9229278564453125,2.8595123291015625,Fixation,1260.2159212073502,796.9080506538858,192.0,9.0,True,13,image,,9.0
2376.0,1253.8392639160156,813.8730239868164,0.4911947250366211,0.5625714063644409,0.4897809624671936,0.5651895999908447,2.906829833984375,2.8743438720703125,Fixation,1260.2159212073502,796.9080506538858,192.0,9.0,True,13,image,,9.0
2380.0,1248.0315399169922,783.0162906646729,0.488951712846756,0.5645719170570374,0.4875123202800751,0.5437613129615784,2.914047241210937,2.810333251953125,Fixation,1260.2159212073502,796.9080506538858,192.0,9.0,True,13,image,,9.0
2384.0,1240.0258636474607,729.2537498474121,0.4768912494182586,0.5129105448722839,0.4843851029872894,0.506426215171814,2.831161499023437,2.764923095703125,Saccade,,,,0.0,False,14,,,
2388.0,1184.788360595703,724.1835594177246,0.4551733434200287,0.48898446559906,0.4628079533576965,0.5029052495956421,2.840728759765625,2.82794189453125,Saccade,,,,0.0,False,14,,,
2392.0,1158.6666870117185,703.1480884552002,0.4455463290214538,0.4687097072601318,0.4526041746139526,0.4882972836494446,2.8529205322265625,2.823272705078125,Saccade,,,,0.0,False,14,,,
2396.0,1153.584976196289,674.5250988006591,0.445932388305664,0.4474363029003143,0.4506191313266754,0.4684202075004577,2.8741607666015625,2.8419647216796875,Saccade,,,,0.0,False,14,,,
2400.0,1151.3404846191406,636.6917037963866,0.4463718831539154,0.4193586111068725,0.4497423768043518,0.4421470165252685,2.853546142578125,2.8268280029296875,Saccade,,,,0.0,False,14,,,
2404.0,1150.5494689941406,625.1794910430907,0.446494311094284,0.3979832530021667,0.4494333863258362,0.4341524243354797,2.873153686523437,2.8779449462890625,Saccade,,,,0.0,False,14,,,
2408.0,1142.8999328613281,598.8532876968384,0.4491130411624908,0.3858348131179809,0.4464452862739563,0.41587033867836,2.882843017578125,2.8861083984375,Saccade,,,,0.0,False,14,,,
2412.0,1149.2575836181638,567.5075769424438,0.4525752663612366,0.3776923716068268,0.4489287436008453,0.3941024839878082,2.8883209228515625,2.88543701171875,Saccade,,,,0.0,False,14,,,
2416.0,1149.8542785644531,554.6587228775023,0.4541766047477722,0.3730790913105011,0.4491618275642395,0.3851796686649322,2.9339752197265625,2.885528564453125,Fixation,1145.2200021549147,553.1523391178677,192.0,10.0,True,15,image,,9.0
2420.0,1147.634506225586,537.167329788208,0.4512225687503814,0.3687720894813537,0.4482947289943695,0.3730328679084778,2.8938446044921875,2.87042236328125,Fixation,1145.2200021549147,553.1523391178677,192.0,10.0,True,15,image,,9.0
2424.0,1144.6759796142576,546.4264011383057,0.4523560404777527,0.3701567351818084,0.4471390545368194,0.3794627785682678,2.895126342773437,2.8775177001953125,Fixation,1145.2200021549147,553.1523391178677,192.0,10.0,True,15,image,,9.0
2428.0,1142.352523803711,551.4362955093384,0.4520544409751892,0.3697701096534729,0.4462314546108246,0.382941871881485,2.9056549072265625,2.8748321533203125,Fixation,1145.2200021549147,553.1523391178677,192.0,10.0,True,15,image,,9.0
2432.0,1139.5063781738281,562.7753019332885,0.4477916955947876,0.3779613673686981,0.4451196789741516,0.390816181898117,2.89434814453125,2.88433837890625,Fixation,1145.2200021549147,553.1523391178677,192.0,10.0,True,15,image,,9.0
2436.0,1140.0607299804688,558.3148527145385,0.4477684795856476,0.3772432208061218,0.4453362226486206,0.3877186477184295,2.9014129638671875,2.882659912109375,Fixation,1145.2200021549147,553.1523391178677,192.0,10.0,True,15,image,,9.0
2440.0,1144.136962890625,555.8620691299438,0.447831928730011,0.3748992681503296,0.4469285011291504,0.3860153257846832,2.90869140625,2.8855438232421875,Fixation,1145.2200021549147,553.1523391178677,192.0,10.0,True,15,image,,9.0
2444.0,1137.622299194336,552.6546621322631,0.4481494426727295,0.3663810789585113,0.4443837106227875,0.3837879598140716,2.91314697265625,2.895416259765625,Fixation,1145.2200021549147,553.1523391178677,192.0,10.0,True,15,image,,9.0
2448.0,1133.5985565185547,559.8682165145874,0.4451521337032318,0.3625372350215912,0.4428119361400604,0.3887973725795746,2.9003448486328125,2.901519775390625,Fixation,1145.2200021549147,553.1523391178677,192.0,10.0,True,15,image,,9.0
2452.0,1133.7480163574219,554.2673778533934,0.4509417116641998,0.3619156181812286,0.4428703188896179,0.3849079012870788,2.9103240966796875,2.885971069335937,Fixation,1145.2200021549147,553.1523391178677,192.0,10.0,True,15,image,,9.0
2456.0,1140.6711578369138,563.376202583313,0.4458321332931518,0.3727947473526001,0.4455746710300445,0.3912334740161896,2.920272827148437,2.8931121826171875,Fixation,1145.2200021549147,553.1523391178677,192.0,10.0,True,15,image,,9.0
2460.0,1136.4356994628904,552.4999094009399,0.4490284025669098,0.3757943511009216,0.4439201951026916,0.3836804926395416,2.908843994140625,2.888290405273437,Fixation,1145.2200021549147,553.1523391178677,192.0,10.0,True,15,image,,9.0
2464.0,1150.3731536865234,558.8092803955078,0.444390207529068,0.3696037232875824,0.4493645131587982,0.3880620002746582,2.906951904296875,2.8946533203125,Fixation,1145.2200021549147,553.1523391178677,192.0,10.0,True,15,image,,9.0
2468.0,1138.987121582031,562.442922592163,0.4464656114578247,0.3704673051834106,0.4449168443679809,0.3905853629112243,2.8990478515625,2.9006500244140625,Fixation,1145.2200021549147,553.1523391178677,192.0,10.0,True,15,image,,9.0
2472.0,1140.1204681396482,555.2644300460815,0.4488809108734131,0.365668773651123,0.4453595578670501,0.3856002986431122,2.919158935546875,2.88958740234375,Fixation,1145.2200021549147,553.1523391178677,192.0,10.0,True,15,image,,9.0
2476.0,1149.7127532958984,558.9717149734496,0.4489822089672088,0.368881493806839,0.4491065442562103,0.3881748020648956,2.918182373046875,2.90997314453125,Fixation,1145.2200021549147,553.1523391178677,192.0,10.0,True,15,image,,9.0
2480.0,1149.4235992431638,559.6375894546509,0.4475674629211426,0.3680986762046814,0.4489935934543609,0.3886372148990631,2.911972045898437,2.899322509765625,Fixation,1145.2200021549147,553.1523391178677,192.0,10.0,True,15,image,,9.0
2484.0,1144.9655914306638,559.037675857544,0.446542888879776,0.3705971240997314,0.4472521841526031,0.3882206082344055,2.914886474609375,2.9143524169921875,Fixation,1145.2200021549147,553.1523391178677,192.0,10.0,True,15,image,,9.0
2488.0,1143.7150573730466,559.0349721908569,0.4474701881408691,0.3726530969142914,0.4467636942863464,0.3882187306880951,2.9132080078125,2.8836212158203125,Fixation,1145.2200021549147,553.1523391178677,192.0,10.0,True,15,image,,9.0
2492.0,1146.4329528808594,552.7191209793091,0.4460077583789825,0.3685706257820129,0.4478253722190857,0.383832722902298,2.9221343994140625,2.887969970703125,Fixation,1145.2200021549147,553.1523391178677,192.0,10.0,True,15,image,,9.0
2496.0,1144.7920989990232,565.2920722961425,0.4453867971897125,0.3716247975826263,0.4471844136714935,0.3925639390945434,2.907501220703125,2.905746459960937,Fixation,1145.2200021549147,553.1523391178677,192.0,10.0,True,15,image,,9.0
2500.0,1142.9679107666013,549.1617393493651,0.4450200200080871,0.3710792958736419,0.4464718401432037,0.3813623189926147,2.92095947265625,2.88299560546875,Fixation,1145.2200021549147,553.1523391178677,192.0,10.0,True,15,image,,9.0
2504.0,1142.8964996337888,545.8691883087158,0.4438367784023285,0.3747991323471069,0.4464439451694488,0.379075825214386,2.922027587890625,2.885284423828125,Fixation,1145.2200021549147,553.1523391178677,192.0,10.0,True,15,image,,9.0
2508.0,1149.5731353759763,555.2102279663086,0.4456387758255005,0.3710579872131347,0.4490520060062408,0.3855626583099365,2.932861328125,2.8879547119140625,Fixation,1145.2200021549147,553.1523391178677,192.0,10.0,True,15,image,,9.0
2512.0,1151.0457611083982,556.0155344009399,0.4472853243350982,0.3708408772945404,0.4496272504329681,0.3861218988895416,2.92413330078125,2.906646728515625,Fixation,1145.2200021549147,553.1523391178677,192.0,10.0,True,15,image,,9.0
2516.0,1144.33837890625,550.5557584762572,0.4454292356967926,0.3738853633403778,0.4470071792602539,0.3823303878307342,2.9417724609375,2.892974853515625,Fixation,1145.2200021549147,553.1523391178677,192.0,10.0,True,15,image,,9.0
2520.0,1146.6305541992188,545.1737022399902,0.4481628835201263,0.3693398833274841,0.4479025602340698,0.378592848777771,2.93084716796875,2.9152069091796875,Fixation,1145.2200021549147,553.1523391178677,192.0,10.0,True,15,image,,9.0
2524.0,1147.8145599365232,550.6189727783202,0.4462630450725555,0.3722127079963684,0.4483650624752044,0.3823742866516113,2.9202880859375,2.9046783447265625,Fixation,1145.2200021549147,553.1523391178677,192.0,10.0,True,15,image,,9.0
2528.0,1142.0553588867188,557.3087882995605,0.4435374736785888,0.3676562309265136,0.4461153745651245,0.3870199918746948,2.9381256103515625,2.9043426513671875,Fixation,1145.2200021549147,553.1523391178677,192.0,10.0,True,15,image,,9.0
2532.0,1144.5700073242185,549.6933317184447,0.444968968629837,0.3666488528251648,0.4470976591110229,0.3817314803600311,2.924072265625,2.897933959960937,Fixation,1145.2200021549147,553.1523391178677,192.0,10.0,True,15,image,,9.0
2536.0,1150.2827453613281,557.6688480377197,0.4461229145526886,0.3704729378223419,0.4493291974067688,0.3872700333595276,2.94244384765625,2.90789794921875,Fixation,1145.2200021549147,553.1523391178677,192.0,10.0,True,15,image,,9.0
2540.0,1142.3207092285156,547.7584075927734,0.4452778697013855,0.3687549829483032,0.4462190270423889,0.3803877830505371,2.9377899169921875,2.875640869140625,Fixation,1145.2200021549147,553.1523391178677,192.0,10.0,True,15,image,,9.0
2544.0,1147.467346191406,551.693787574768,0.4456215500831604,0.3678822219371795,0.448229432106018,0.3831206858158111,2.930282592773437,2.889877319335937,Fixation,1145.2200021549147,553.1523391178677,192.0,10.0,True,15,image,,9.0
2548.0,1145.0331878662107,552.477765083313,0.4436953365802765,0.371511310338974,0.4472785890102386,0.3836651146411896,2.921173095703125,2.895599365234375,Fixation,1145.2200021549147,553.1523391178677,192.0,10.0,True,15,image,,9.0
2552.0,1147.637252807617,551.9250154495238,0.4429760575294494,0.3659727871417999,0.4482958018779754,0.383281260728836,2.929046630859375,2.90533447265625,Fixation,1145.2200021549147,553.1523391178677,192.0,10.0,True,15,image,,9.0
2556.0,1146.9335174560545,552.2237491607666,0.4419653713703155,0.3712218105792999,0.4480209052562713,0.3834887146949768,2.9428253173828125,2.9047088623046875,Fixation,1145.2200021549147,553.1523391178677,192.0,10.0,True,15,image,,9.0
2560.0,1142.1038818359375,549.3347740173339,0.4439606070518493,0.3673873841762543,0.4461343288421631,0.3814824819564819,2.9259796142578125,2.8984375,Fixation,1145.2200021549147,553.1523391178677,192.0,10.0,True,15,image,,9.0
2564.0,1152.0468139648438,558.9285850524902,0.4449110925197601,0.3624948859214782,0.4500182867050171,0.388144850730896,2.910247802734375,2.8753814697265625,Fixation,1145.2200021549147,553.1523391178677,192.0,10.0,True,15,image,,9.0
2568.0,1141.3495635986326,552.4724864959717,0.4444500207901001,0.3724711835384369,0.4458396732807159,0.3836614489555359,2.9416961669921875,2.881805419921875,Fixation,1145.2200021549147,553.1523391178677,192.0,10.0,True,15,image,,9.0
2572.0,1147.600860595703,552.7118682861327,0.4425835013389587,0.365721583366394,0.4482815861701965,0.3838276863098144,2.921173095703125,2.91278076171875,Fixation,1145.2200021549147,553.1523391178677,192.0,10.0,True,15,image,,9.0
2576.0,1138.3821868896484,543.5228347778319,0.4420370459556579,0.3642264008522033,0.4446805417537689,0.3774464130401611,2.9238739013671875,2.8874969482421875,Fixation,1145.2200021549147,553.1523391178677,192.0,10.0,True,15,image,,9.0
2580.0,1150.8800506591795,545.3016757965088,0.4430401027202606,0.3649746775627136,0.449562519788742,0.3786817193031311,2.9181365966796875,2.894134521484375,Fixation,1145.2200021549147,553.1523391178677,192.0,10.0,True,15,image,,9.0
2584.0,1144.4915771484375,548.7412977218628,0.4425301551818847,0.3624391555786133,0.4470670223236084,0.3810703456401825,2.9156951904296875,2.900726318359375,Fixation,1145.2200021549147,553.1523391178677,192.0,10.0,True,15,image,,9.0
2588.0,1155.2912139892576,555.4351043701171,0.4432523548603058,0.3678364753723144,0.4512856304645538,0.385718822479248,2.9355010986328125,2.896331787109375,Fixation,1145.2200021549147,553.1523391178677,192.0,10.0,True,15,image,,9.0
2592.0,1139.8154449462888,552.5678014755248,0.4434085488319397,0.3642387688159942,0.4452404081821441,0.3837276399135589,2.9100341796875,2.901031494140625,Fixation,1145.2200021549147,553.1523391178677,192.0,10.0,True,15,image,,9.0
2596.0,1145.8679962158203,544.4761991500854,0.4442538619041443,0.3600314557552337,0.4476046860218048,0.3781084716320038,2.916290283203125,2.8636474609375,Fixation,1145.2200021549147,553.1523391178677,192.0,10.0,True,15,image,,9.0
2600.0,1144.7521209716797,555.5908870697021,0.4465937614440918,0.3636155724525451,0.4471687972545624,0.3858270049095154,2.916534423828125,2.872909545898437,Fixation,1145.2200021549147,553.1523391178677,192.0,10.0,True,15,image,,9.0
2604.0,1152.8473663330078,552.2521162033081,0.4449439346790313,0.3688341677188873,0.4503310024738312,0.3835084140300751,2.9180145263671875,2.890365600585937,Fixation,1145.2200021549147,553.1523391178677,192.0,10.0,True,15,image,,9.0
2608.0,1169.9642181396482,539.2570495605469,0.4539047181606293,0.3737902045249939,0.4570172727108001,0.3744840621948242,2.9478912353515625,2.87615966796875,Fixation,1145.2200021549147,553.1523391178677,192.0,10.0,True,15,image,,9.0
2612.0,1231.559143066406,557.311577796936,0.4747565984725952,0.3685609996318817,0.4810777902603149,0.38702192902565,2.9430389404296875,2.8972930908203125,Saccade,,,,0.0,False,16,,,
2616.0,1302.8178405761719,559.9103164672852,0.5064841508865356,0.3664407134056091,0.5089132189750671,0.3888266086578369,2.946746826171875,2.92034912109375,Saccade,,,,0.0,False,16,,,
2620.0,1362.6774597167969,555.2320718765258,0.5234191417694092,0.3601698875427246,0.5322958827018738,0.3855778276920318,2.95855712890625,2.9169158935546875,Saccade,,,,0.0,False,16,,,
2624.0,1426.1669921875,544.1071271896362,0.5513443946838379,0.3612568378448486,0.5570964813232422,0.3778521716594696,2.9777069091796875,2.899993896484375,Saccade,,,,0.0,False,16,,,
2628.0,1469.0005493164062,534.4720745086669,0.5667670369148254,0.3453044593334198,0.5738283395767212,0.3711611628532409,2.9367828369140625,2.884429931640625,Fixation,1483.5690322875976,530.5741424560547,396.0,11.0,True,17,image,,9.0
2632.0,1486.2709045410156,526.6055631637572,0.581965982913971,0.3582256734371185,0.5805745720863342,0.3656983077526092,2.959442138671875,2.867645263671875,Fixation,1483.5690322875976,530.5741424560547,396.0,11.0,True,17,image,,9.0
2636.0,1495.6355285644531,511.5635633468628,0.5863649249076843,0.3548312783241272,0.5842326283454895,0.3552524745464325,2.9564666748046875,2.8495025634765625,Fixation,1483.5690322875976,530.5741424560547,396.0,11.0,True,17,image,,9.0
2640.0,1482.4362182617188,517.7904081344603,0.5787934064865112,0.3620946109294891,0.5790766477584839,0.3595766723155975,2.9605712890625,2.859725952148437,Fixation,1483.5690322875976,530.5741424560547,396.0,11.0,True,17,image,,9.0
2644.0,1474.9703979492188,518.4116506576538,0.5745787620544434,0.3673111200332641,0.5761603116989136,0.3600080907344818,2.9996490478515625,2.8690948486328125,Fixation,1483.5690322875976,530.5741424560547,396.0,11.0,True,17,image,,9.0
2648.0,1475.5111694335938,524.0333032608031,0.5765485763549805,0.360169380903244,0.5763715505599976,0.3639120161533355,2.962738037109375,2.859725952148437,Fixation,1483.5690322875976,530.5741424560547,396.0,11.0,True,17,image,,9.0
2652.0,1467.0352172851562,522.0229339599609,0.5743417143821716,0.3572897613048553,0.5730606317520142,0.362515926361084,2.968505859375,2.85589599609375,Fixation,1483.5690322875976,530.5741424560547,396.0,11.0,True,17,image,,9.0
2656.0,1480.7167053222656,521.047167778015,0.579088032245636,0.3507885038852691,0.57840496301651,0.3618383109569549,2.9561309814453125,2.8529815673828125,Fixation,1483.5690322875976,530.5741424560547,396.0,11.0,True,17,image,,9.0
2660.0,1476.8572998046875,517.3468780517578,0.5758734941482544,0.3572372496128082,0.576897382736206,0.3592686653137207,2.95953369140625,2.84661865234375,Fixation,1483.5690322875976,530.5741424560547,396.0,11.0,True,17,image,,9.0
2664.0,1463.7565612792969,513.4968566894531,0.5773465037345886,0.3572113811969757,0.5717799067497253,0.3565950393676758,2.965057373046875,2.8739471435546875,Fixation,1483.5690322875976,530.5741424560547,396.0,11.0,True,17,image,,9.0
2668.0,1485.5766296386719,517.2126388549805,0.5821055173873901,0.3614732325077057,0.5803033709526062,0.359175443649292,2.9458770751953125,2.8320770263671875,Fixation,1483.5690322875976,530.5741424560547,396.0,11.0,True,17,image,,9.0
2672.0,1474.6934509277344,516.8594026565551,0.5775094628334045,0.3590597212314605,0.5760521292686462,0.3589301407337188,2.96600341796875,2.84454345703125,Fixation,1483.5690322875976,530.5741424560547,396.0,11.0,True,17,image,,9.0
2676.0,1482.0066833496094,511.2688636779785,0.5805478692054749,0.355707973241806,0.5789088606834412,0.3550478219985962,2.9602203369140625,2.848007202148437,Fixation,1483.5690322875976,530.5741424560547,396.0,11.0,True,17,image,,9.0
2680.0,1473.4916687011719,513.889660835266,0.5799130201339722,0.3552873134613037,0.5755826830863953,0.3568678200244903,2.9591064453125,2.85784912109375,Fixation,1483.5690322875976,530.5741424560547,396.0,11.0,True,17,image,,9.0
2684.0,1479.6214294433594,508.90959262847895,0.5811975002288818,0.3550446927547455,0.5779771208763123,0.3534094393253326,2.9563140869140625,2.8471832275390625,Fixation,1483.5690322875976,530.5741424560547,396.0,11.0,True,17,image,,9.0
2688.0,1476.9853210449219,519.9651861190796,0.5802041292190552,0.3554999828338623,0.5769473910331726,0.3610869348049164,2.9515380859375,2.8492431640625,Fixation,1483.5690322875976,530.5741424560547,396.0,11.0,True,17,image,,9.0
2692.0,1482.9342651367188,511.90830230712885,0.5809426307678223,0.3512583374977112,0.5792711973190308,0.3554918766021728,2.9442138671875,2.8387603759765625,Fixation,1483.5690322875976,530.5741424560547,396.0,11.0,True,17,image,,9.0
2696.0,1485.2365112304688,518.4381294250488,0.5770460367202759,0.3530439138412475,0.5801705121994019,0.360026478767395,2.948150634765625,2.855377197265625,Fixation,1483.5690322875976,530.5741424560547,396.0,11.0,True,17,image,,9.0
2700.0,1478.4733581542969,516.9984912872314,0.577743649482727,0.3525963723659515,0.5775286555290222,0.3590267300605774,2.956893920898437,2.85784912109375,Fixation,1483.5690322875976,530.5741424560547,396.0,11.0,True,17,image,,9.0
2704.0,1478.8984680175781,515.9853887557982,0.5795096158981323,0.3477183580398559,0.5776947140693665,0.358323186635971,2.93280029296875,2.8509979248046875,Fixation,1483.5690322875976,530.5741424560547,396.0,11.0,True,17,image,,9.0
2708.0,1483.8771057128906,526.3299608230591,0.5796041488647461,0.3489731550216675,0.5796394944190979,0.3655069172382355,2.95782470703125,2.845977783203125,Fixation,1483.5690322875976,530.5741424560547,396.0,11.0,True,17,image,,9.0
2712.0,1481.6738891601562,523.2613849639893,0.5829514265060425,0.3526980280876159,0.578778862953186,0.3633759617805481,2.95062255859375,2.860748291015625,Fixation,1483.5690322875976,530.5741424560547,396.0,11.0,True,17,image,,9.0
2716.0,1482.2212219238281,531.2444114685059,0.5786868929862976,0.3545680046081543,0.5789926648139954,0.3689197301864624,2.960052490234375,2.8453521728515625,Fixation,1483.5690322875976,530.5741424560547,396.0,11.0,True,17,image,,9.0
2720.0,1487.7958679199219,533.0696868896483,0.5811076760292053,0.359822005033493,0.5811702609062195,0.3701872825622558,2.9493865966796875,2.8383331298828125,Fixation,1483.5690322875976,530.5741424560547,396.0,11.0,True,17,image,,9.0
2724.0,1484.476318359375,528.6619806289672,0.582105815410614,0.357019692659378,0.5798735618591309,0.3671263754367828,2.967514038085937,2.8502960205078125,Fixation,1483.5690322875976,530.5741424560547,396.0,11.0,True,17,image,,9.0
2728.0,1482.2441101074219,536.3100957870482,0.5822583436965942,0.3572048544883728,0.5790016055107117,0.3724375665187835,2.951202392578125,2.829574584960937,Fixation,1483.5690322875976,530.5741424560547,396.0,11.0,True,17,image,,9.0
2732.0,1482.7552795410156,527.9212617874146,0.5812956690788269,0.362158328294754,0.5792012810707092,0.3666119873523712,2.944091796875,2.845794677734375,Fixation,1483.5690322875976,530.5741424560547,396.0,11.0,True,17,image,,9.0
2736.0,1483.4831237792969,531.9014883041382,0.5774129033088684,0.3566437363624573,0.5794855952262878,0.3693760335445404,2.9523162841796875,2.855010986328125,Fixation,1483.5690322875976,530.5741424560547,396.0,11.0,True,17,image,,9.0
2740.0,1486.9190979003906,526.8186378479003,0.5834813714027405,0.3551374077796936,0.5808277726173401,0.3658462762832641,2.9503936767578125,2.844329833984375,Fixation,1483.5690322875976,530.5741424560547,396.0,11.0,True,17,image,,9.0
2744.0,1481.2918090820312,529.7378253936766,0.5844801068305969,0.3512299954891205,0.5786296129226685,0.3678734898567199,2.9490203857421875,2.8623809814453125,Fixation,1483.5690322875976,530.5741424560547,396.0,11.0,True,17,image,,9.0
2748.0,1483.4378051757812,539.6661615371704,0.5831283330917358,0.3603581488132477,0.5794678926467896,0.3747681677341461,2.941635131835937,2.86114501953125,Fixation,1483.5690322875976,530.5741424560547,396.0,11.0,True,17,image,,9.0
2752.0,1483.6912536621094,539.1825914382933,0.5846615433692932,0.3564637303352356,0.5795668959617615,0.3744323551654815,2.9461669921875,2.8389129638671875,Fixation,1483.5690322875976,530.5741424560547,396.0,11.0,True,17,image,,9.0
2756.0,1487.5225830078125,536.2661504745482,0.5842425227165222,0.3584086000919342,0.5810635089874268,0.3724070489406585,2.957000732421875,2.8594207763671875,Fixation,1483.5690322875976,530.5741424560547,396.0,11.0,True,17,image,,9.0
2760.0,1491.417236328125,542.5340652465819,0.5830918550491333,0.3553584516048431,0.5825848579406738,0.3767597675323486,2.9491119384765625,2.861236572265625,Fixation,1483.5690322875976,530.5741424560547,396.0,11.0,True,17,image,,9.0
2764.0,1483.6178588867188,536.2905263900757,0.581932008266449,0.3539424538612366,0.5795382261276245,0.3724239766597748,2.93804931640625,2.84539794921875,Fixation,1483.5690322875976,530.5741424560547,396.0,11.0,True,17,image,,9.0
2768.0,1489.5918273925781,539.3765258789061,0.5805034041404724,0.3606252670288086,0.5818718075752258,0.3745670318603515,2.9441680908203125,2.859954833984375,Fixation,1483.5690322875976,530.5741424560547,396.0,11.0,True,17,image,,9.0
2772.0,1489.8200988769531,530.2965402603149,0.5838305354118347,0.3602425158023834,0.5819609761238098,0.3682614862918854,2.9442291259765625,2.84893798828125,Fixation,1483.5690322875976,530.5741424560547,396.0,11.0,True,17,image,,9.0
2776.0,1483.7519836425781,533.5171651840209,0.5830929279327393,0.3560337722301483,0.5795906186103821,0.3704980313777923,2.9464569091796875,2.8494415283203125,Fixation,1483.5690322875976,530.5741424560547,396.0,11.0,True,17,image,,9.0
2780.0,1487.3091125488281,531.6645526885985,0.5844423770904541,0.3602072894573211,0.580980122089386,0.3692114949226379,2.950164794921875,2.8267364501953125,Fixation,1483.5690322875976,530.5741424560547,396.0,11.0,True,17,image,,9.0
2784.0,1486.884765625,533.5530424118041,0.5833817720413208,0.3557274937629699,0.5808143615722656,0.3705229461193084,2.953475952148437,2.8530731201171875,Fixation,1483.5690322875976,530.5741424560547,396.0,11.0,True,17,image,,9.0
2788.0,1487.2044372558594,531.8273735046386,0.5815088748931885,0.363203227519989,0.5809392333030701,0.3693245649337768,2.9633331298828125,2.8503570556640625,Fixation,1483.5690322875976,530.5741424560547,396.0,11.0,True,17,image,,9.0
2792.0,1482.8904724121094,533.3524990081786,0.5832902193069458,0.3596264123916626,0.5792540907859802,0.3703836798667907,2.956329345703125,2.847747802734375,Fixation,1483.5690322875976,530.5741424560547,396.0,11.0,True,17,image,,9.0
2796.0,1486.8147277832031,540.5740356445312,0.5826845765113831,0.3561802506446838,0.5807870030403137,0.3753986358642578,2.94293212890625,2.847442626953125,Fixation,1483.5690322875976,530.5741424560547,396.0,11.0,True,17,image,,9.0
2800.0,1490.936279296875,532.314076423645,0.5838983058929443,0.3644221127033233,0.5823969841003418,0.3696625530719757,2.9567108154296875,2.8350067138671875,Fixation,1483.5690322875976,530.5741424560547,396.0,11.0,True,17,image,,9.0
2804.0,1489.5712280273438,531.7667341232299,0.5816249251365662,0.3553849160671234,0.5818637609481812,0.369282454252243,2.964263916015625,2.827972412109375,Fixation,1483.5690322875976,530.5741424560547,396.0,11.0,True,17,image,,9.0
2808.0,1493.7509155273438,531.9438886642455,0.5858657956123352,0.3599725365638733,0.5834964513778687,0.3694054782390594,2.9563751220703125,2.847808837890625,Fixation,1483.5690322875976,530.5741424560547,396.0,11.0,True,17,image,,9.0
2812.0,1486.1300659179688,526.5621757507324,0.5790039300918579,0.3488606810569763,0.5805195569992065,0.3656681776046753,2.9315948486328125,2.833847045898437,Fixation,1483.5690322875976,530.5741424560547,396.0,11.0,True,17,image,,9.0
2816.0,1489.0301513671875,526.7969655990601,0.5819181799888611,0.3558017313480377,0.5816524028778076,0.3658312261104584,2.93975830078125,2.832000732421875,Fixation,1483.5690322875976,530.5741424560547,396.0,11.0,True,17,image,,9.0
2820.0,1488.2487487792969,528.1861782073973,0.584983766078949,0.3628707230091095,0.5813471674919128,0.3667959570884704,2.9385223388671875,2.829345703125,Fixation,1483.5690322875976,530.5741424560547,396.0,11.0,True,17,image,,9.0
2824.0,1493.5050964355469,533.4914588928222,0.5850452780723572,0.3585914671421051,0.5834004282951355,0.3704801797866821,2.9449615478515625,2.82440185546875,Fixation,1483.5690322875976,530.5741424560547,396.0,11.0,True,17,image,,9.0
2828.0,1488.6872863769531,531.637258529663,0.5857043266296387,0.3560711741447449,0.5815184712409973,0.3691925406455993,2.9491729736328125,2.831390380859375,Fixation,1483.5690322875976,530.5741424560547,396.0,11.0,True,17,image,,9.0
2832.0,1486.507568359375,532.1515989303589,0.5827184319496155,0.3501356244087219,0.5806670188903809,0.3695497214794159,2.9384918212890625,2.8254547119140625,Fixation,1483.5690322875976,530.5741424560547,396.0,11.0,True,17,image,,9.0
2836.0,1481.6021728515625,540.3077030181885,0.5798183679580688,0.360384464263916,0.5787508487701416,0.3752136826515198,2.95977783203125,2.830841064453125,Fixation,1483.5690322875976,530.5741424560547,396.0,11.0,True,17,image,,9.0
2840.0,1490.8964538574219,537.1240711212158,0.5800767540931702,0.3541566729545593,0.5823814272880554,0.373002827167511,2.940673828125,2.83441162109375,Fixation,1483.5690322875976,530.5741424560547,396.0,11.0,True,17,image,,9.0
2844.0,1486.27197265625,530.6715345382689,0.5839837193489075,0.3574311137199402,0.5805749893188477,0.368521898984909,2.940887451171875,2.821884155273437,Fixation,1483.5690322875976,530.5741424560547,396.0,11.0,True,17,image,,9.0
2848.0,1488.4187316894531,528.3813571929932,0.5814754962921143,0.3568224012851715,0.5814135670661926,0.3669314980506897,2.94244384765625,2.8130340576171875,Fixation,1483.5690322875976,530.5741424560547,396.0,11.0,True,17,image,,9.0
2852.0,1485.2606201171875,536.3079500198364,0.5845212936401367,0.3528238832950592,0.5801799297332764,0.3724360764026642,2.93292236328125,2.8098602294921875,Fixation,1483.5690322875976,530.5741424560547,396.0,11.0,True,17,image,,9.0
2856.0,1485.5804443359375,532.4620485305786,0.581063449382782,0.3603453338146209,0.5803048610687256,0.3697653114795685,2.9412841796875,2.80535888671875,Fixation,1483.5690322875976,530.5741424560547,396.0,11.0,True,17,image,,9.0
2860.0,1487.5958251953125,532.8045558929443,0.5843766927719116,0.3550865650177002,0.581092119216919,0.3700031638145447,2.926910400390625,2.821319580078125,Fixation,1483.5690322875976,530.5741424560547,396.0,11.0,True,17,image,,9.0
2864.0,1487.8038024902344,536.6006326675414,0.5852437615394592,0.3543073832988739,0.5811733603477478,0.3726393282413482,2.936996459960937,2.828643798828125,Fixation,1483.5690322875976,530.5741424560547,396.0,11.0,True,17,image,,9.0
2868.0,1487.4510192871094,536.7919063568115,0.5820121169090271,0.3541457653045654,0.5810355544090271,0.3727721571922302,2.9253387451171875,2.817413330078125,Fixation,1483.5690322875976,530.5741424560547,396.0,11.0,True,17,image,,9.0
2872.0,1486.7913818359375,533.329882621765,0.5815554857254028,0.3557985126972198,0.5807778835296631,0.3703679740428924,2.9346466064453125,2.8087158203125,Fixation,1483.5690322875976,530.5741424560547,396.0,11.0,True,17,image,,9.0
2876.0,1490.9661865234375,538.5022974014282,0.5823121666908264,0.3547626137733459,0.5824086666107178,0.3739599287509918,2.933319091796875,2.8220977783203125,Fixation,1483.5690322875976,530.5741424560547,396.0,11.0,True,17,image,,9.0
2880.0,1494.5443725585938,537.4695825576782,0.5832910537719727,0.3502981066703796,0.5838063955307007,0.3732427656650543,2.91217041015625,2.809066772460937,Fixation,1483.5690322875976,530.5741424560547,396.0,11.0,True,17,image,,9.0
2884.0,1485.6367492675781,542.762246131897,0.5841178894042969,0.3538747131824493,0.5803268551826477,0.376918226480484,2.92413330078125,2.8156280517578125,Fixation,1483.5690322875976,530.5741424560547,396.0,11.0,True,17,image,,9.0
2888.0,1492.8385925292969,543.5687112808228,0.5800926089286804,0.3575630187988281,0.5831400752067566,0.3774782717227936,2.933441162109375,2.82403564453125,Fixation,1483.5690322875976,530.5741424560547,396.0,11.0,True,17,image,,9.0
2892.0,1492.8817749023438,535.8537340164185,0.5804738998413086,0.3521354794502258,0.583156943321228,0.3721206486225128,2.939315795898437,2.80340576171875,Fixation,1483.5690322875976,530.5741424560547,396.0,11.0,True,17,image,,9.0
2896.0,1491.1534118652344,536.8711709976196,0.5853382349014282,0.3525555431842804,0.5824818015098572,0.3728272020816803,2.9121246337890625,2.8058013916015625,Fixation,1483.5690322875976,530.5741424560547,396.0,11.0,True,17,image,,9.0
2900.0,1489.7944641113281,539.3973398208618,0.5812979340553284,0.3513267636299133,0.5819509625434875,0.3745814859867096,2.90740966796875,2.80908203125,Fixation,1483.5690322875976,530.5741424560547,396.0,11.0,True,17,image,,9.0
2904.0,1491.3243103027344,537.1776723861694,0.5828475952148438,0.3496436476707458,0.5825485587120056,0.3730400502681732,2.9003448486328125,2.80743408203125,Fixation,1483.5690322875976,530.5741424560547,396.0,11.0,True,17,image,,9.0
2908.0,1490.3225708007812,533.6408472061157,0.583462119102478,0.3521601557731628,0.5821572542190552,0.3705839216709137,2.9197235107421875,2.82110595703125,Fixation,1483.5690322875976,530.5741424560547,396.0,11.0,True,17,image,,9.0
2912.0,1495.7405090332031,534.9838829040527,0.5801243185997009,0.345505952835083,0.584273636341095,0.3715165853500366,2.90130615234375,2.813949584960937,Fixation,1483.5690322875976,530.5741424560547,396.0,11.0,True,17,image,,9.0
2916.0,1494.9870300292969,534.3790769577025,0.582709014415741,0.35064697265625,0.5839793086051941,0.3710965812206268,2.89752197265625,2.8096160888671875,Fixation,1483.5690322875976,530.5741424560547,396.0,11.0,True,17,image,,9.0
2920.0,1493.10791015625,528.7277698516846,0.584321141242981,0.3441655039787292,0.5832452774047852,0.3671720623970032,2.895416259765625,2.789459228515625,Fixation,1483.5690322875976,530.5741424560547,396.0,11.0,True,17,image,,9.0
2924.0,1497.3637390136719,535.5358600616454,0.5809322595596313,0.3545651137828827,0.5849077105522156,0.3718999028205871,2.908905029296875,2.800628662109375,Fixation,1483.5690322875976,530.5741424560547,396.0,11.0,True,17,image,,9.0
2928.0,1489.8558044433594,532.7530574798583,0.5831785798072815,0.3486226499080658,0.5819749236106873,0.3699674010276794,2.893661499023437,2.811309814453125,Fixation,1483.5690322875976,530.5741424560547,396.0,11.0,True,17,image,,9.0
2932.0,1487.3945617675781,542.2312974929808,0.5798894166946411,0.3509615361690521,0.5810135006904602,0.3765495121479034,2.9047393798828125,2.811309814453125,Fixation,1483.5690322875976,530.5741424560547,396.0,11.0,True,17,image,,9.0
2936.0,1487.9812622070312,531.5891075134276,0.5842353105545044,0.3514748513698578,0.5812426805496216,0.3691591024398803,2.900665283203125,2.785736083984375,Fixation,1483.5690322875976,530.5741424560547,396.0,11.0,True,17,image,,9.0
2940.0,1492.0704650878906,529.5315742492676,0.582032322883606,0.3574848771095276,0.5828400254249573,0.3677302598953247,2.9190673828125,2.804183959960937,Fixation,1483.5690322875976,530.5741424560547,396.0,11.0,True,17,image,,9.0
2944.0,1476.6249084472656,532.3825693130492,0.5823807716369629,0.3610693216323852,0.5768066048622131,0.3697101175785064,2.9149322509765625,2.799102783203125,Fixation,1483.5690322875976,530.5741424560547,396.0,11.0,True,17,image,,9.0
2948.0,1487.6152038574219,524.2196416854857,0.5822098255157471,0.3585699498653412,0.5810996890068054,0.3640414178371429,2.918701171875,2.7852020263671875,Fixation,1483.5690322875976,530.5741424560547,396.0,11.0,True,17,image,,9.0
2952.0,1483.6572265625,520.135989189148,0.5816506147384644,0.3589799702167511,0.5795536041259766,0.3612055480480194,2.913543701171875,2.781005859375,Fixation,1483.5690322875976,530.5741424560547,396.0,11.0,True,17,image,,9.0
2956.0,1480.1048278808594,521.5001821517943,0.584205150604248,0.3568589687347412,0.5781659483909607,0.3621529042720794,2.89996337890625,2.7913360595703125,Fixation,1483.5690322875976,530.5741424560547,396.0,11.0,True,17,image,,9.0
2960.0,1480.6434631347656,534.691972732544,0.582992434501648,0.3627552986145019,0.5783763527870178,0.3713138699531555,2.94403076171875,2.791244506835937,Fixation,1483.5690322875976,530.5741424560547,396.0,11.0,True,17,image,,9.0
2964.0,1473.6251831054688,533.0840635299681,0.5810982584953308,0.3608423769474029,0.5756348371505737,0.3701972663402557,2.9223175048828125,2.7900848388671875,Fixation,1483.5690322875976,530.5741424560547,396.0,11.0,True,17,image,,9.0
2968.0,1476.1111450195312,531.862006187439,0.579910159111023,0.359431117773056,0.5766059160232544,0.3693486154079437,2.90966796875,2.808868408203125,Fixation,1483.5690322875976,530.5741424560547,396.0,11.0,True,17,image,,9.0
2972.0,1477.6325988769531,528.960371017456,0.5827099084854126,0.3552422523498535,0.5772002339363098,0.3673335909843445,2.915267944335937,2.793792724609375,Fixation,1483.5690322875976,530.5741424560547,396.0,11.0,True,17,image,,9.0
2976.0,1471.1982727050781,531.3947010040283,0.5793811678886414,0.3601661324501037,0.5746868252754211,0.3690240979194641,2.9053192138671875,2.792724609375,Fixation,1483.5690322875976,530.5741424560547,396.0,11.0,True,17,image,,9.0
2980.0,1478.5617065429688,523.659725189209,0.5803248882293701,0.3574852347373962,0.5775631666183472,0.3636525869369507,2.9037017822265625,2.776596069335937,Fixation,1483.5690322875976,530.5741424560547,396.0,11.0,True,17,image,,9.0
2984.0,1476.6001892089844,532.4066877365111,0.5821696519851685,0.3625037670135498,0.5767969489097595,0.3697268664836883,2.914703369140625,2.772705078125,Fixation,1483.5690322875976,530.5741424560547,396.0,11.0,True,17,image,,9.0
2988.0,1478.3872985839844,535.4961204528807,0.583508312702179,0.354811817407608,0.5774950385093689,0.3718723058700561,2.90728759765625,2.8005523681640625,Fixation,1483.5690322875976,530.5741424560547,396.0,11.0,True,17,image,,9.0
2992.0,1480.7560729980469,537.8892517089844,0.582740306854248,0.35842365026474,0.5784203410148621,0.3735342025756836,2.900726318359375,2.7837066650390625,Fixation,1483.5690322875976,530.5741424560547,396.0,11.0,True,17,image,,9.0
2996.0,1473.5188293457031,535.7377338409424,0.583228349685669,0.3545916676521301,0.5755932927131653,0.3720400929450989,2.895416259765625,2.7838592529296875,Fixation,1483.5690322875976,530.5741424560547,396.0,11.0,True,17,image,,9.0
3000.0,1486.6781616210938,532.4143695831298,0.5823230743408203,0.3607649803161621,0.5807336568832397,0.3697322010993957,2.8984375,2.7698974609375,Fixation,1483.5690322875976,530.5741424560547,396.0,11.0,True,17,image,,9.0
3004.0,1480.4550170898438,540.980486869812,0.5840853452682495,0.359877347946167,0.5783027410507202,0.3756808936595917,2.9085845947265625,2.778594970703125,Fixation,1483.5690322875976,530.5741424560547,396.0,11.0,True,17,image,,9.0
3008.0,1480.621337890625,528.4816074371337,0.5822649598121643,0.35456582903862,0.5783677101135254,0.3670011162757873,2.9051666259765625,2.77740478515625,Fixation,1483.5690322875976,530.5741424560547,396.0,11.0,True,17,image,,9.0
3012.0,1479.620361328125,534.1411113739013,0.5815003514289856,0.3631013333797455,0.5779767036437988,0.370931327342987,2.917266845703125,2.7763824462890625,Fixation,1483.5690322875976,530.5741424560547,396.0,11.0,True,17,image,,9.0
3016.0,1480.7994079589844,548.1949424743651,0.5832236409187317,0.3550535142421722,0.5784372687339783,0.3806909322738647,2.886581420898437,2.7890777587890625,Fixation,1483.5690322875976,530.5741424560547,396.0,11.0,True,17,image,,9.0
3020.0,1468.1608581542969,540.1759958267211,0.5769004225730896,0.3577327728271484,0.5735003352165222,0.3751222193241119,2.883514404296875,2.764511108398437,Fixation,1483.5690322875976,530.5741424560547,396.0,11.0,True,17,image,,9.0
3024.0,1422.7273559570312,553.4134912490845,0.5500640869140625,0.3629452288150787,0.5557528734207153,0.3843149244785309,2.8829803466796875,2.7740020751953125,Fixation,1483.5690322875976,530.5741424560547,396.0,11.0,True,17,image,,9.0
3028.0,1361.1659240722656,525.7009935379028,0.5186951160430908,0.349289983510971,0.5317054390907288,0.3650701344013214,2.8966522216796875,2.780746459960937,Saccade,,,,0.0,False,18,,,
3032.0,1284.5220947265625,510.4915809631347,0.4925066530704498,0.3593285679817199,0.5017664432525635,0.3545080423355102,2.90325927734375,2.808074951171875,Saccade,,,,0.0,False,18,,,
3036.0,1216.036605834961,519.9391365051268,0.4673159420490265,0.341430127620697,0.4750142991542816,0.361068844795227,2.88922119140625,2.813385009765625,Saccade,,,,0.0,False,18,,,
3040.0,1164.0000915527341,471.43711566925043,0.4464862942695617,0.3137143850326538,0.4546875357627868,0.3273868858814239,2.876953125,2.832138061523437,Saccade,,,,0.0,False,18,,,
3044.0,1104.0233612060547,492.65574932098383,0.4220895767211914,0.296742707490921,0.4312591254711151,0.3421220481395721,2.889022827148437,2.8070068359375,Saccade,,,,0.0,False,18,,,
3048.0,1044.7171783447266,465.8901357650757,0.4024711847305298,0.3064113855361938,0.4080926477909088,0.3235348165035248,2.8798980712890625,2.817230224609375,Saccade,,,,0.0,False,18,,,
3052.0,1017.9340362548828,474.47453498840326,0.3994933664798736,0.2794674336910248,0.3976304829120636,0.3294962048530578,2.864013671875,2.8047027587890625,Saccade,,,,0.0,False,18,,,
3056.0,1014.4538116455078,452.72958755493164,0.3916274011135101,0.2768764793872833,0.3962710201740265,0.314395546913147,2.8728485107421875,2.8191375732421875,Fixation,999.2029774983724,464.59350633621216,356.0,12.0,True,19,image,,9.0
3060.0,1009.2727661132812,459.35691833496094,0.3924298286437988,0.270839512348175,0.3942471742630005,0.318997859954834,2.882843017578125,2.831817626953125,Fixation,999.2029774983724,464.59350633621216,356.0,12.0,True,19,image,,9.0
3064.0,1008.4989166259766,480.9390020370483,0.391935259103775,0.2720236182212829,0.3939448893070221,0.3339854180812835,2.89483642578125,2.79510498046875,Fixation,999.2029774983724,464.59350633621216,356.0,12.0,True,19,image,,9.0
3068.0,1012.2585296630858,483.3992958068847,0.393255203962326,0.2778599858283996,0.3954134881496429,0.3356939554214477,2.887557983398437,2.7962188720703125,Fixation,999.2029774983724,464.59350633621216,356.0,12.0,True,19,image,,9.0
3072.0,1009.6737670898438,485.77491760253906,0.3978745341300964,0.289610356092453,0.3944038152694702,0.337343692779541,2.867706298828125,2.7916259765625,Fixation,999.2029774983724,464.59350633621216,356.0,12.0,True,19,image,,9.0
3076.0,1002.7822113037109,475.98064899444574,0.3955660760402679,0.3051601946353912,0.3917118012905121,0.330542117357254,2.873260498046875,2.790496826171875,Fixation,999.2029774983724,464.59350633621216,356.0,12.0,True,19,image,,9.0
3080.0,1006.7838287353516,472.6008081436157,0.3929698765277862,0.2994933426380157,0.3932749330997467,0.3281950056552887,2.8469696044921875,2.7931365966796875,Fixation,999.2029774983724,464.59350633621216,356.0,12.0,True,19,image,,9.0
3084.0,1011.3947296142577,476.4436197280884,0.3889505267143249,0.2987113296985626,0.3950760662555694,0.3308636248111725,2.8495330810546875,2.7969207763671875,Fixation,999.2029774983724,464.59350633621216,356.0,12.0,True,19,image,,9.0
3088.0,1009.8938751220703,472.68329143524164,0.3930562138557434,0.2953969538211822,0.3944897949695587,0.3282522857189178,2.8442535400390625,2.7847900390625,Fixation,999.2029774983724,464.59350633621216,356.0,12.0,True,19,image,,9.0
3092.0,1008.0422973632811,474.4546222686767,0.3908920884132385,0.2984935343265533,0.3937665224075317,0.3294823765754699,2.832305908203125,2.780380249023437,Fixation,999.2029774983724,464.59350633621216,356.0,12.0,True,19,image,,9.0
3096.0,1011.1382293701172,481.7161130905151,0.390264630317688,0.2970761954784393,0.394975870847702,0.3345250785350799,2.83416748046875,2.78314208984375,Fixation,999.2029774983724,464.59350633621216,356.0,12.0,True,19,image,,9.0
3100.0,1010.3259277343749,475.6518316268921,0.3917897641658783,0.2896068692207336,0.3946585655212402,0.3303137719631195,2.8510894775390625,2.7888641357421875,Fixation,999.2029774983724,464.59350633621216,356.0,12.0,True,19,image,,9.0
3104.0,1008.5269165039062,478.44471931457514,0.3934203386306762,0.2895372807979584,0.3939558267593384,0.3322532773017883,2.8539581298828125,2.7680206298828125,Fixation,999.2029774983724,464.59350633621216,356.0,12.0,True,19,image,,9.0
3108.0,1010.1519775390625,474.89381790161127,0.3900591433048248,0.2878294289112091,0.3945906162261963,0.3297873735427856,2.8587799072265625,2.7782135009765625,Fixation,999.2029774983724,464.59350633621216,356.0,12.0,True,19,image,,9.0
3112.0,1009.201202392578,475.1334142684936,0.3907340168952942,0.2904572486877441,0.3942192196846008,0.3299537599086761,2.852157592773437,2.7910919189453125,Fixation,999.2029774983724,464.59350633621216,356.0,12.0,True,19,image,,9.0
3116.0,1008.4461975097656,475.73401451110834,0.391224592924118,0.297528862953186,0.3939242959022522,0.3303708434104919,2.8475494384765625,2.7743377685546875,Fixation,999.2029774983724,464.59350633621216,356.0,12.0,True,19,image,,9.0
3120.0,1007.8235626220703,474.65387821197504,0.3896742463111877,0.2939675152301788,0.3936810791492462,0.329620748758316,2.846054077148437,2.780364990234375,Fixation,999.2029774983724,464.59350633621216,356.0,12.0,True,19,image,,9.0
3124.0,1006.712646484375,481.38583660125727,0.391996294260025,0.2899962663650512,0.393247127532959,0.3342957198619842,2.838729858398437,2.78204345703125,Fixation,999.2029774983724,464.59350633621216,356.0,12.0,True,19,image,,9.0
3128.0,999.5108032226562,468.57440471649164,0.392903596162796,0.2943107485771179,0.3904339075088501,0.3253988921642303,2.8435516357421875,2.7825164794921875,Fixation,999.2029774983724,464.59350633621216,356.0,12.0,True,19,image,,9.0
3132.0,999.7756195068359,468.1443071365356,0.3919726014137268,0.2994273006916046,0.3905373513698578,0.3251002132892608,2.839950561523437,2.784210205078125,Fixation,999.2029774983724,464.59350633621216,356.0,12.0,True,19,image,,9.0
3136.0,1004.6273803710938,473.2519197463989,0.3927168846130371,0.2976177930831909,0.3924325704574585,0.3286471664905548,2.841552734375,2.7771148681640625,Fixation,999.2029774983724,464.59350633621216,356.0,12.0,True,19,image,,9.0
3140.0,1000.4144287109374,474.3590927124023,0.3896770179271698,0.2966277599334717,0.3907868862152099,0.3294160366058349,2.85357666015625,2.78338623046875,Fixation,999.2029774983724,464.59350633621216,356.0,12.0,True,19,image,,9.0
3144.0,998.6730194091797,462.9691457748413,0.3926248252391815,0.2960389852523803,0.3901066482067108,0.3215063512325287,2.869110107421875,2.7788848876953125,Fixation,999.2029774983724,464.59350633621216,356.0,12.0,True,19,image,,9.0
3148.0,994.0383911132812,477.9802894592285,0.3931618928909302,0.302627682685852,0.3882962465286255,0.3319307565689087,2.844329833984375,2.787017822265625,Fixation,999.2029774983724,464.59350633621216,356.0,12.0,True,19,image,,9.0
3152.0,998.4990692138671,468.9387559890747,0.3909458816051483,0.2938319444656372,0.3900386989116668,0.3256519138813019,2.832122802734375,2.788970947265625,Fixation,999.2029774983724,464.59350633621216,356.0,12.0,True,19,image,,9.0
3156.0,999.4957733154297,462.8883790969848,0.3906499147415161,0.300174206495285,0.3904280364513397,0.321450263261795,2.84124755859375,2.7833251953125,Fixation,999.2029774983724,464.59350633621216,356.0,12.0,True,19,image,,9.0
3160.0,996.0491943359375,459.96588706970215,0.3910475373268127,0.298180341720581,0.3890817165374756,0.3194207549095154,2.8316192626953125,2.7757568359375,Fixation,999.2029774983724,464.59350633621216,356.0,12.0,True,19,image,,9.0
3164.0,996.6906738281249,460.93650341033936,0.3926760256290436,0.2923641502857208,0.3893322944641113,0.3200947940349579,2.8243865966796875,2.7738189697265625,Fixation,999.2029774983724,464.59350633621216,356.0,12.0,True,19,image,,9.0
3168.0,991.1699676513672,463.32641601562494,0.3896586894989013,0.2935068011283874,0.3871757686138153,0.3217544555664062,2.8462371826171875,2.7912139892578125,Fixation,999.2029774983724,464.59350633621216,356.0,12.0,True,19,image,,9.0
3172.0,993.693389892578,451.91930294036865,0.3915603160858154,0.297191858291626,0.3881614804267883,0.3138328492641449,2.8183135986328125,2.7758941650390625,Fixation,999.2029774983724,464.59350633621216,356.0,12.0,True,19,image,,9.0
3176.0,992.3190307617188,457.2310209274292,0.3871635794639587,0.2966521382331848,0.3876246213912964,0.3175215423107147,2.843124389648437,2.783599853515625,Fixation,999.2029774983724,464.59350633621216,356.0,12.0,True,19,image,,9.0
3180.0,1000.1429748535155,459.8930597305297,0.3932942450046539,0.297866940498352,0.3906808495521545,0.3193701803684234,2.841278076171875,2.79583740234375,Fixation,999.2029774983724,464.59350633621216,356.0,12.0,True,19,image,,9.0
3184.0,1000.500030517578,461.87489032745356,0.3906397521495819,0.2985076308250427,0.3908203244209289,0.3207464516162872,2.838348388671875,2.7899932861328125,Fixation,999.2029774983724,464.59350633621216,356.0,12.0,True,19,image,,9.0
3188.0,997.3831176757811,462.3431396484375,0.393965482711792,0.299902856349945,0.389602780342102,0.3210716247558594,2.82781982421875,2.785751342773437,Fixation,999.2029774983724,464.59350633621216,356.0,12.0,True,19,image,,9.0
3192.0,993.0340576171874,458.248028755188,0.3927665650844574,0.2935952842235565,0.3879039287567138,0.3182277977466583,2.8282012939453125,2.78253173828125,Fixation,999.2029774983724,464.59350633621216,356.0,12.0,True,19,image,,9.0
3196.0,995.4883575439452,457.8199911117553,0.3881988227367401,0.3042201399803161,0.3888626396656036,0.3179305493831634,2.8468475341796875,2.791046142578125,Fixation,999.2029774983724,464.59350633621216,356.0,12.0,True,19,image,,9.0
3200.0,993.3300018310546,456.35550498962397,0.3885580599308014,0.3073875904083252,0.3880195319652557,0.3169135451316833,2.8460845947265625,2.7834930419921875,Fixation,999.2029774983724,464.59350633621216,356.0,12.0,True,19,image,,9.0
3204.0,993.2630920410155,457.90492057800293,0.3917261064052582,0.3013917803764343,0.3879933953285217,0.3179895281791687,2.8357696533203125,2.788330078125,Fixation,999.2029774983724,464.59350633621216,356.0,12.0,True,19,image,,9.0
3208.0,992.4475860595702,456.97782039642334,0.389613002538681,0.3065605163574219,0.3876748383045196,0.3173457086086273,2.83544921875,2.7854156494140625,Fixation,999.2029774983724,464.59350633621216,356.0,12.0,True,19,image,,9.0
3212.0,996.9899749755858,458.0698871612549,0.3901157081127167,0.3075574934482574,0.3894492089748382,0.318104088306427,2.86328125,2.7909088134765625,Fixation,999.2029774983724,464.59350633621216,356.0,12.0,True,19,image,,9.0
3216.0,994.0657043457031,451.30321025848383,0.3929635286331177,0.3049768209457397,0.3883069157600403,0.3134050071239471,2.846710205078125,2.7756500244140625,Fixation,999.2029774983724,464.59350633621216,356.0,12.0,True,19,image,,9.0
3220.0,997.5010681152344,458.3874607086181,0.3901743590831756,0.298907607793808,0.3896488547325134,0.3183246254920959,2.832366943359375,2.803695678710937,Fixation,999.2029774983724,464.59350633621216,356.0,12.0,True,19,image,,9.0
3224.0,992.7139282226562,459.5627832412719,0.3908566534519195,0.3047013878822326,0.3877788782119751,0.3191408216953277,2.8423614501953125,2.78704833984375,Fixation,999.2029774983724,464.59350633621216,356.0,12.0,True,19,image,,9.0
3228.0,997.1472930908203,462.3012113571167,0.3915845155715942,0.3051714897155761,0.3895106613636017,0.3210425078868866,2.85150146484375,2.7758331298828125,Fixation,999.2029774983724,464.59350633621216,356.0,12.0,True,19,image,,9.0
3232.0,1001.936798095703,464.29484367370605,0.3927566707134247,0.3060826063156128,0.391381561756134,0.322426974773407,2.84637451171875,2.7875518798828125,Fixation,999.2029774983724,464.59350633621216,356.0,12.0,True,19,image,,9.0
3236.0,1003.8889312744141,460.7869434356689,0.3934192955493927,0.3107580542564392,0.392144113779068,0.3199909329414367,2.8477325439453125,2.8007965087890625,Fixation,999.2029774983724,464.59350633621216,356.0,12.0,True,19,image,,9.0
3240.0,1006.8851470947264,469.5835590362549,0.389396995306015,0.3004823625087738,0.3933145105838775,0.326099693775177,2.8419189453125,2.798828125,Fixation,999.2029774983724,464.59350633621216,356.0,12.0,True,19,image,,9.0
3244.0,1003.0655670166016,461.71348571777344,0.3900438845157623,0.3035362958908081,0.39182248711586,0.3206343650817871,2.8507080078125,2.78594970703125,Fixation,999.2029774983724,464.59350633621216,356.0,12.0,True,19,image,,9.0
3248.0,998.8012695312499,462.5703334808349,0.3935652077198028,0.3055930137634277,0.3901567459106445,0.3212293982505798,2.852645874023437,2.784820556640625,Fixation,999.2029774983724,464.59350633621216,356.0,12.0,True,19,image,,9.0
3252.0,1003.5723876953124,464.86205577850336,0.3938187658786773,0.307582825422287,0.3920204639434814,0.3228208720684051,2.857086181640625,2.788360595703125,Fixation,999.2029774983724,464.59350633621216,356.0,12.0,True,19,image,,9.0
3256.0,1006.1896514892577,466.6354036331177,0.393028050661087,0.3020160794258117,0.3930428326129913,0.3240523636341095,2.8336334228515625,2.7862091064453125,Fixation,999.2029774983724,464.59350633621216,356.0,12.0,True,19,image,,9.0
3260.0,1000.8325958251953,460.60631275176996,0.3929458856582641,0.3041570484638214,0.3909502327442169,0.3198654949665069,2.835296630859375,2.781951904296875,Fixation,999.2029774983724,464.59350633621216,356.0,12.0,True,19,image,,9.0
3264.0,1005.0681304931641,460.05416393280024,0.3925471007823944,0.30432790517807,0.3926047384738922,0.3194820582866668,2.8476715087890625,2.7788848876953125,Fixation,999.2029774983724,464.59350633621216,356.0,12.0,True,19,image,,9.0
3268.0,1001.8362426757811,468.32000255584717,0.3949385285377502,0.3016915917396545,0.391342282295227,0.3252222239971161,2.860580444335937,2.788177490234375,Fixation,999.2029774983724,464.59350633621216,356.0,12.0,True,19,image,,9.0
3272.0,1001.4832305908203,470.37302970886225,0.3914315402507782,0.3030140995979309,0.3912043869495392,0.326647937297821,2.859466552734375,2.7789306640625,Fixation,999.2029774983724,464.59350633621216,356.0,12.0,True,19,image,,9.0
3276.0,1003.1401062011718,465.05414485931396,0.3920683860778808,0.3075416982173919,0.3918516039848327,0.3229542672634125,2.853988647460937,2.796981811523437,Fixation,999.2029774983724,464.59350633621216,356.0,12.0,True,19,image,,9.0
3280.0,998.8363647460936,471.58066749572754,0.3958803415298462,0.3033472299575805,0.3901704549789428,0.3274865746498108,2.8514556884765625,2.7872467041015625,Fixation,999.2029774983724,464.59350633621216,356.0,12.0,True,19,image,,9.0
3284.0,998.6286163330078,462.4048089981079,0.3916718959808349,0.307223230600357,0.3900893032550812,0.3211144506931305,2.865020751953125,2.7817840576171875,Fixation,999.2029774983724,464.59350633621216,356.0,12.0,True,19,image,,9.0
3288.0,1002.3458862304686,466.00429058074945,0.390347421169281,0.301576018333435,0.3915413618087768,0.323614090681076,2.8543853759765625,2.79779052734375,Fixation,999.2029774983724,464.59350633621216,356.0,12.0,True,19,image,,9.0
3292.0,995.8050537109374,465.40459156036377,0.3943042755126953,0.3032277822494507,0.3889863491058349,0.3231976330280304,2.866943359375,2.794296264648437,Fixation,999.2029774983724,464.59350633621216,356.0,12.0,True,19,image,,9.0
3296.0,994.0338134765625,472.66106128692627,0.3923702239990234,0.2996451258659363,0.3882944583892822,0.328236848115921,2.8582000732421875,2.7949676513671875,Fixation,999.2029774983724,464.59350633621216,356.0,12.0,True,19,image,,9.0
3300.0,993.2942199707031,461.48204326629633,0.3912341594696045,0.2985681891441345,0.3880055546760559,0.3204736411571502,2.8607940673828125,2.7804718017578125,Fixation,999.2029774983724,464.59350633621216,356.0,12.0,True,19,image,,9.0
3304.0,994.1667938232422,468.4434700012207,0.3921372592449188,0.2982932329177856,0.388346403837204,0.3253079652786255,2.86572265625,2.7854156494140625,Fixation,999.2029774983724,464.59350633621216,356.0,12.0,True,19,image,,9.0
3308.0,998.2672119140624,469.5784091949463,0.3901809155941009,0.295889675617218,0.3899481296539306,0.3260961174964905,2.8585205078125,2.802154541015625,Fixation,999.2029774983724,464.59350633621216,356.0,12.0,True,19,image,,9.0
3312.0,996.0717010498046,461.76768779754633,0.3884379267692566,0.2992455661296844,0.3890905082225799,0.3206720054149627,2.850555419921875,2.8128204345703125,Fixation,999.2029774983724,464.59350633621216,356.0,12.0,True,19,image,,9.0
3316.0,988.0116271972656,464.40715312957764,0.3897120356559753,0.2938835024833679,0.3859420418739319,0.3225049674510956,2.879180908203125,2.8057098388671875,Fixation,999.2029774983724,464.59350633621216,356.0,12.0,True,19,image,,9.0
3320.0,997.0791625976562,454.31230545043945,0.3892355263233185,0.2946896553039551,0.3894840478897095,0.3154946565628052,2.860931396484375,2.7942657470703125,Fixation,999.2029774983724,464.59350633621216,356.0,12.0,True,19,image,,9.0
3324.0,998.8706970214843,464.26591873168945,0.3951918184757232,0.2988870441913605,0.3901838660240173,0.3224068880081177,2.8805084228515625,2.792755126953125,Fixation,999.2029774983724,464.59350633621216,356.0,12.0,True,19,image,,9.0
3328.0,994.6074676513672,461.02460861206055,0.3933690190315246,0.2956325113773346,0.3885185420513153,0.3201559782028198,2.873519897460937,2.7985382080078125,Fixation,999.2029774983724,464.59350633621216,356.0,12.0,True,19,image,,9.0
3332.0,995.8364868164062,457.2282314300537,0.3884575366973877,0.3034352362155914,0.3889986276626587,0.3175196051597595,2.872039794921875,2.8131561279296875,Fixation,999.2029774983724,464.59350633621216,356.0,12.0,True,19,image,,9.0
3336.0,991.1579132080077,454.9188280105591,0.3926645815372467,0.2932374477386474,0.387171059846878,0.3159158527851105,2.86358642578125,2.7982330322265625,Fixation,999.2029774983724,464.59350633621216,356.0,12.0,True,19,image,,9.0
3340.0,998.5227966308593,461.9929504394531,0.3910380899906158,0.3021095991134643,0.3900479674339294,0.3208284378051758,2.8900299072265625,2.8040771484375,Fixation,999.2029774983724,464.59350633621216,356.0,12.0,True,19,image,,9.0
3344.0,994.4853973388672,460.4333639144897,0.3901442885398865,0.2994949519634247,0.388470858335495,0.3197453916072845,2.868881225585937,2.8089752197265625,Fixation,999.2029774983724,464.59350633621216,356.0,12.0,True,19,image,,9.0
3348.0,997.7000427246093,459.7072792053222,0.3924421072006225,0.2977215647697449,0.3897265791893005,0.3192411661148071,2.8663482666015625,2.805938720703125,Fixation,999.2029774983724,464.59350633621216,356.0,12.0,True,19,image,,9.0
3352.0,995.7197570800781,455.13885498046875,0.3905748128890991,0.3016177713871002,0.3889530301094055,0.3160686492919922,2.89508056640625,2.803497314453125,Fixation,999.2029774983724,464.59350633621216,356.0,12.0,True,19,image,,9.0
3356.0,988.8072967529296,464.07747745513916,0.392465204000473,0.2982460260391235,0.3862528502941131,0.3222760260105133,2.8769683837890625,2.8043212890625,Fixation,999.2029774983724,464.59350633621216,356.0,12.0,True,19,image,,9.0
3360.0,995.8459472656249,461.77807331085205,0.3932321667671203,0.2932815551757812,0.3890023231506347,0.3206792175769806,2.874114990234375,2.811431884765625,Fixation,999.2029774983724,464.59350633621216,356.0,12.0,True,19,image,,9.0
3364.0,992.3046875,456.08299255371094,0.3915314078330993,0.2933683395385742,0.3876190185546875,0.3167243003845215,2.87567138671875,2.8158416748046875,Fixation,999.2029774983724,464.59350633621216,356.0,12.0,True,19,image,,9.0
3368.0,996.5996551513672,460.3396797180176,0.3896065354347229,0.2924349308013916,0.3892967402935028,0.3196803331375122,2.87921142578125,2.8246612548828125,Fixation,999.2029774983724,464.59350633621216,356.0,12.0,True,19,image,,9.0
3372.0,994.6257019042968,459.0856504440307,0.3891157805919647,0.2949782311916351,0.3885256648063659,0.3188094794750213,2.8927154541015625,2.8096923828125,Fixation,999.2029774983724,464.59350633621216,356.0,12.0,True,19,image,,9.0
3376.0,993.5423278808594,456.96494579315186,0.3880922496318817,0.2964597046375274,0.3881024718284607,0.317336767911911,2.890380859375,2.813262939453125,Fixation,999.2029774983724,464.59350633621216,356.0,12.0,True,19,image,,9.0
3380.0,989.8717498779297,452.156023979187,0.3930302560329437,0.3005775809288025,0.3866686522960663,0.3139972388744354,2.89312744140625,2.812103271484375,Fixation,999.2029774983724,464.59350633621216,356.0,12.0,True,19,image,,9.0
3384.0,987.5930023193359,457.50301837921137,0.3934360444545746,0.3017885684967041,0.3857785165309906,0.3177104294300079,2.9146270751953125,2.8067626953125,Fixation,999.2029774983724,464.59350633621216,356.0,12.0,True,19,image,,9.0
3388.0,989.5836639404296,454.08172130584717,0.3916410505771637,0.3013207912445068,0.3865561187267303,0.3153345286846161,2.901519775390625,2.8172760009765625,Fixation,999.2029774983724,464.59350633621216,356.0,12.0,True,19,image,,9.0
3392.0,993.7112426757811,456.6119241714477,0.3912338614463806,0.3045224845409393,0.388168454170227,0.3170916140079498,2.892608642578125,2.816375732421875,Fixation,999.2029774983724,464.59350633621216,356.0,12.0,True,19,image,,9.0
3396.0,994.8155212402343,458.06503772735596,0.3922050297260284,0.3013981878757477,0.3885998129844665,0.3181007206439972,2.9167022705078125,2.818878173828125,Fixation,999.2029774983724,464.59350633621216,356.0,12.0,True,19,image,,9.0
3400.0,992.4269866943359,462.93966293334955,0.3941527307033539,0.3060382902622223,0.387666791677475,0.3214858770370483,2.92962646484375,2.8363189697265625,Fixation,999.2029774983724,464.59350633621216,356.0,12.0,True,19,image,,9.0
3404.0,987.1472930908203,458.95012378692627,0.3876237571239471,0.2990379333496094,0.3856044113636017,0.318715363740921,2.9156951904296875,2.8241119384765625,Fixation,999.2029774983724,464.59350633621216,356.0,12.0,True,19,image,,9.0
3408.0,987.6792907714844,459.2521619796753,0.3916345536708832,0.295445442199707,0.3858122229576111,0.3189251124858856,2.923202514648437,2.828277587890625,Fixation,999.2029774983724,464.59350633621216,356.0,12.0,True,19,image,,9.0
3412.0,1009.2272186279296,464.4126033782959,0.3957842886447906,0.3026143908500671,0.394229382276535,0.3225087523460388,2.920806884765625,2.823822021484375,Fixation,999.2029774983724,464.59350633621216,356.0,12.0,True,19,image,,9.0
3416.0,1076.8475341796873,496.7015075683593,0.414080798625946,0.3141250908374786,0.4206435680389404,0.3449316024780273,2.908935546875,2.838119506835937,Saccade,,,,0.0,False,20,,,
3420.0,1129.868240356445,520.8176136016846,0.4394916892051697,0.3364942073822021,0.4413547813892364,0.3616788983345032,2.917953491210937,2.835693359375,Saccade,,,,0.0,False,20,,,
3424.0,1212.6918029785154,555.578098297119,0.4691046774387359,0.3677585124969482,0.4737077355384826,0.3858181238174438,2.9467010498046875,2.8600311279296875,Saccade,,,,0.0,False,20,,,
3428.0,1265.7287597656248,552.1791172027588,0.4936431348323822,0.3675818145275116,0.4944252967834472,0.3834577202796936,2.932708740234375,2.8477325439453125,Saccade,,,,0.0,False,20,,,
3432.0,1299.1178894042969,568.487205505371,0.5098454356193542,0.3677254021167755,0.5074679255485535,0.3947827816009521,2.91534423828125,2.823959350585937,Saccade,,,,0.0,False,20,,,
3436.0,1329.5454406738281,583.0243062973021,0.5165051817893982,0.3773530423641205,0.5193536877632141,0.4048779904842376,2.923812866210937,2.811492919921875,Fixation,1334.1753946940105,581.4589881896973,176.0,13.0,True,21,image,,9.0
3440.0,1333.5398864746094,574.0014839172363,0.5204965472221375,0.3832569718360901,0.5209140181541443,0.3986121416091919,2.936126708984375,2.7930145263671875,Fixation,1334.1753946940105,581.4589881896973,176.0,13.0,True,21,image,,9.0
3444.0,1340.390625,585.3936624526976,0.5265983939170837,0.3871074914932251,0.523590087890625,0.4065233767032623,2.9627685546875,2.8034820556640625,Fixation,1334.1753946940105,581.4589881896973,176.0,13.0,True,21,image,,9.0
3448.0,1336.7622375488281,585.0560903549194,0.5220621228218079,0.3849919736385345,0.522172749042511,0.4062889516353607,2.943878173828125,2.8109283447265625,Fixation,1334.1753946940105,581.4589881896973,176.0,13.0,True,21,image,,9.0
3452.0,1319.9514770507812,587.3705577850342,0.5198559761047363,0.3835896551609039,0.5156060457229614,0.4078962206840515,2.9469146728515625,2.8197784423828125,Fixation,1334.1753946940105,581.4589881896973,176.0,13.0,True,21,image,,9.0
3456.0,1313.8156127929688,587.1994543075562,0.5172495245933533,0.384325623512268,0.5132092237472534,0.4077773988246918,2.955047607421875,2.8368377685546875,Fixation,1334.1753946940105,581.4589881896973,176.0,13.0,True,21,image,,9.0
3460.0,1323.4274291992188,586.8045902252197,0.5202112793922424,0.3796239197254181,0.5169638395309448,0.4075031876564026,2.945648193359375,2.8135986328125,Fixation,1334.1753946940105,581.4589881896973,176.0,13.0,True,21,image,,9.0
3464.0,1322.8399658203125,577.6029396057129,0.5262489318847656,0.3751092851161957,0.5167343616485596,0.4011131525039673,2.954254150390625,2.808929443359375,Fixation,1334.1753946940105,581.4589881896973,176.0,13.0,True,21,image,,9.0
3468.0,1326.0670471191406,588.6212825775146,0.525443971157074,0.3810368180274963,0.5179949402809143,0.4087647795677185,2.943145751953125,2.8176727294921875,Fixation,1334.1753946940105,581.4589881896973,176.0,13.0,True,21,image,,9.0
3472.0,1325.9921264648438,587.9079008102416,0.526812732219696,0.3798719644546509,0.5179656744003296,0.4082693755626678,2.949981689453125,2.81951904296875,Fixation,1334.1753946940105,581.4589881896973,176.0,13.0,True,21,image,,9.0
3476.0,1327.7485656738281,589.2526960372924,0.525139570236206,0.3836934566497803,0.5186517834663391,0.4092032611370086,2.9509735107421875,2.829864501953125,Fixation,1334.1753946940105,581.4589881896973,176.0,13.0,True,21,image,,9.0
3480.0,1328.8221740722656,591.7395544052123,0.5259959697723389,0.382646232843399,0.5190711617469788,0.4109302461147308,2.9390411376953125,2.8480224609375,Fixation,1334.1753946940105,581.4589881896973,176.0,13.0,True,21,image,,9.0
3484.0,1329.4094848632812,587.7800559997559,0.5249729156494141,0.3842387795448303,0.5193005800247192,0.4081805944442749,2.9650115966796875,2.82342529296875,Fixation,1334.1753946940105,581.4589881896973,176.0,13.0,True,21,image,,9.0
3488.0,1326.1674499511719,586.8275499343872,0.5254042744636536,0.3800410330295563,0.5180341601371765,0.40751913189888,2.965728759765625,2.8391265869140625,Fixation,1334.1753946940105,581.4589881896973,176.0,13.0,True,21,image,,9.0
3492.0,1333.3198547363281,596.9223976135254,0.5271575450897217,0.3872464895248413,0.5208280682563782,0.4145294427871704,2.969207763671875,2.828521728515625,Fixation,1334.1753946940105,581.4589881896973,176.0,13.0,True,21,image,,9.0
3496.0,1336.4268493652344,593.0749511718749,0.5276886224746704,0.3896986842155456,0.5220417380332947,0.4118576049804687,2.973861694335937,2.8379669189453125,Fixation,1334.1753946940105,581.4589881896973,176.0,13.0,True,21,image,,9.0
3500.0,1337.607421875,589.8886156082152,0.5251495242118835,0.39005908370018,0.5225028991699219,0.4096448719501495,2.9466705322265625,2.835540771484375,Fixation,1334.1753946940105,581.4589881896973,176.0,13.0,True,21,image,,9.0
3504.0,1331.6773986816406,587.1222066879272,0.526422381401062,0.3800123929977417,0.5201864838600159,0.4077237546443939,2.958236694335937,2.8369598388671875,Fixation,1334.1753946940105,581.4589881896973,176.0,13.0,True,21,image,,9.0
3508.0,1334.7352600097656,589.1321897506714,0.523919939994812,0.3809221386909485,0.5213809609413147,0.409119576215744,2.962127685546875,2.8420867919921875,Fixation,1334.1753946940105,581.4589881896973,176.0,13.0,True,21,image,,9.0
3512.0,1334.8780822753906,585.5341243743895,0.5253601670265198,0.3887568116188049,0.5214367508888245,0.4066209197044372,2.9860992431640625,2.8348388671875,Fixation,1334.1753946940105,581.4589881896973,176.0,13.0,True,21,image,,9.0
3516.0,1347.2740173339844,575.2234125137328,0.5264580845832825,0.386838436126709,0.5262789130210876,0.3994607031345367,2.9912261962890625,2.8472137451171875,Fixation,1334.1753946940105,581.4589881896973,176.0,13.0,True,21,image,,9.0
3520.0,1345.5879211425781,588.3581686019896,0.5251189470291138,0.3837526440620422,0.5256202816963196,0.4085820615291595,2.974700927734375,2.8424530029296875,Fixation,1334.1753946940105,581.4589881896973,176.0,13.0,True,21,image,,9.0
3524.0,1343.8040161132812,583.4680938720702,0.5246395468711853,0.3887660503387451,0.5249234437942505,0.4051861763000488,2.96575927734375,2.850372314453125,Fixation,1334.1753946940105,581.4589881896973,176.0,13.0,True,21,image,,9.0
3528.0,1343.8235473632812,578.7257766723632,0.5272217988967896,0.3826573491096496,0.5249310731887817,0.4018929004669189,2.9812164306640625,2.8394012451171875,Fixation,1334.1753946940105,581.4589881896973,176.0,13.0,True,21,image,,9.0
3532.0,1335.0973510742188,579.2914009094237,0.5282463431358337,0.3866857588291168,0.5215224027633667,0.4022856950759887,2.988800048828125,2.8379364013671875,Fixation,1334.1753946940105,581.4589881896973,176.0,13.0,True,21,image,,9.0
3536.0,1334.7830200195312,579.3741416931151,0.5232259035110474,0.3935226798057556,0.5213996171951294,0.4023431539535522,2.9842987060546875,2.848129272460937,Fixation,1334.1753946940105,581.4589881896973,176.0,13.0,True,21,image,,9.0
3540.0,1333.5345458984375,579.3352603912354,0.5268774628639221,0.3904857635498047,0.5209119319915771,0.402316153049469,2.98541259765625,2.8382720947265625,Fixation,1334.1753946940105,581.4589881896973,176.0,13.0,True,21,image,,9.0
3544.0,1337.1495056152344,576.4820766448973,0.5296068787574768,0.3941967189311981,0.5223240256309509,0.4003347754478454,2.998138427734375,2.8555145263671875,Fixation,1334.1753946940105,581.4589881896973,176.0,13.0,True,21,image,,9.0
3548.0,1337.71484375,576.0596179962158,0.5278226733207703,0.3785346448421478,0.5225448608398438,0.400041401386261,2.9970245361328125,2.854476928710937,Fixation,1334.1753946940105,581.4589881896973,176.0,13.0,True,21,image,,9.0
3552.0,1334.5619201660156,573.2253170013427,0.5259346961975098,0.3806458115577698,0.5213132500648499,0.398073136806488,2.99188232421875,2.8554229736328125,Fixation,1334.1753946940105,581.4589881896973,176.0,13.0,True,21,image,,9.0
3556.0,1333.9250183105469,574.298243522644,0.526810348033905,0.384375512599945,0.5210644602775574,0.3988182246685028,2.991195678710937,2.857162475585937,Fixation,1334.1753946940105,581.4589881896973,176.0,13.0,True,21,image,,9.0
3560.0,1329.2189025878906,565.4674243927002,0.5306186079978943,0.378386527299881,0.5192261338233948,0.3926857113838196,2.9846649169921875,2.846710205078125,Fixation,1334.1753946940105,581.4589881896973,176.0,13.0,True,21,image,,9.0
3564.0,1336.6993713378906,572.5539064407347,0.5270065069198608,0.3873038589954376,0.5221481919288635,0.3976068794727325,2.987945556640625,2.849395751953125,Fixation,1334.1753946940105,581.4589881896973,176.0,13.0,True,21,image,,9.0
3568.0,1332.1478271484375,570.7553243637084,0.5264587998390198,0.3823309540748596,0.5203702449798584,0.3963578641414642,2.9924468994140625,2.8466339111328125,Fixation,1334.1753946940105,581.4589881896973,176.0,13.0,True,21,image,,9.0
3572.0,1332.354736328125,570.6465339660645,0.5278114676475525,0.3826545178890228,0.5204510688781738,0.3962823152542114,3.00811767578125,2.869735717773437,Fixation,1334.1753946940105,581.4589881896973,176.0,13.0,True,21,image,,9.0
3576.0,1333.865966796875,576.5460205078125,0.5272617936134338,0.3879803121089935,0.5210413932800293,0.4003791809082031,2.995834350585937,2.856430053710937,Fixation,1334.1753946940105,581.4589881896973,176.0,13.0,True,21,image,,9.0
3580.0,1334.0971374511719,569.2100286483765,0.5288987755775452,0.3805981874465942,0.521131694316864,0.3952847421169281,3.013916015625,2.8512115478515625,Fixation,1334.1753946940105,581.4589881896973,176.0,13.0,True,21,image,,9.0
3584.0,1333.8037109375,580.745415687561,0.528192937374115,0.3873632848262787,0.5210170745849609,0.4032954275608063,3.024765014648437,2.8625030517578125,Fixation,1334.1753946940105,581.4589881896973,176.0,13.0,True,21,image,,9.0
3588.0,1334.8091125488281,576.2248420715332,0.5235975980758667,0.3835600614547729,0.521409809589386,0.4001561403274536,3.0017852783203125,2.87274169921875,Fixation,1334.1753946940105,581.4589881896973,176.0,13.0,True,21,image,,9.0
3592.0,1332.5479125976562,578.786244392395,0.5282486081123352,0.3793688118457794,0.5205265283584595,0.4019348919391632,2.99176025390625,2.860702514648437,Fixation,1334.1753946940105,581.4589881896973,176.0,13.0,True,21,image,,9.0
3596.0,1338.24951171875,581.1503648757933,0.526190996170044,0.3827593028545379,0.5227537155151367,0.4035766422748565,3.002838134765625,2.8723602294921875,Fixation,1334.1753946940105,581.4589881896973,176.0,13.0,True,21,image,,9.0
3600.0,1336.7401123046875,574.5284843444824,0.5280353426933289,0.3889771103858948,0.5221641063690186,0.3989781141281128,3.023788452148437,2.882186889648437,Fixation,1334.1753946940105,581.4589881896973,176.0,13.0,True,21,image,,9.0
3604.0,1342.3733520507812,582.3932790756226,0.527366578578949,0.3804271817207336,0.5243645906448364,0.404439777135849,2.994003295898437,2.8851776123046875,Fixation,1334.1753946940105,581.4589881896973,176.0,13.0,True,21,image,,9.0
3608.0,1338.8340759277344,574.7299718856812,0.525664210319519,0.3804430365562439,0.5229820609092712,0.399118036031723,3.00592041015625,2.876007080078125,Fixation,1334.1753946940105,581.4589881896973,176.0,13.0,True,21,image,,9.0
3612.0,1361.7709350585938,587.8185081481934,0.531147837638855,0.3918504118919372,0.5319417715072632,0.4082072973251343,3.00677490234375,2.8824615478515625,Fixation,1334.1753946940105,581.4589881896973,176.0,13.0,True,21,image,,9.0
3616.0,1395.1513671875,610.2537488937377,0.5456706285476685,0.3973413705825805,0.5449810028076172,0.4237873256206512,3.010971069335937,2.8769683837890625,Saccade,,,,0.0,False,22,,,
3620.0,1461.951904296875,638.724946975708,0.5752401947975159,0.4310325682163238,0.5710749626159668,0.4435589909553528,3.014617919921875,2.8779449462890625,Saccade,,,,0.0,False,22,,,
3624.0,1533.1692504882812,682.2553539276122,0.6069379448890686,0.4961744844913482,0.5988942384719849,0.4737884402275085,3.062042236328125,2.8463287353515625,Saccade,,,,0.0,False,22,,,
3628.0,1574.7442626953125,719.9584150314331,0.6311121582984924,0.5407315492630005,0.6151344776153564,0.4999711215496063,3.095733642578125,2.808563232421875,Saccade,,,,0.0,False,22,,,
3632.0,1601.1302185058594,755.5037784576416,0.6376364231109619,0.591037392616272,0.6254414916038513,0.5246554017066956,3.081268310546875,2.7982177734375,Saccade,,,,0.0,False,22,,,
3636.0,1581.3859558105469,875.4334545135498,0.644761323928833,0.6352972984313965,0.6177288889884949,0.6079398989677429,3.081207275390625,2.87078857421875,Saccade,,,,0.0,False,22,,,
3640.0,1592.9074096679688,957.6567649841309,0.6471142172813416,0.6807689070701599,0.6222294569015503,0.6650394201278687,3.109725952148437,2.894439697265625,Saccade,,,,0.0,False,22,,,
3644.0,1609.7213745117188,993.3892822265625,0.653680145740509,0.7060458064079285,0.6287974119186401,0.6898536682128906,3.094711303710937,2.884262084960937,Saccade,,,,0.0,False,22,,,
3648.0,1614.3087768554688,1036.852912902832,0.6516273021697998,0.7294487357139587,0.6305893659591675,0.7200367450714111,3.10845947265625,2.88079833984375,Saccade,,,,0.0,False,22,,,
3652.0,1614.9830627441406,1053.5050106048584,0.6455163359642029,0.7450532913208008,0.6308527588844299,0.7316007018089294,3.09112548828125,2.880828857421875,Saccade,,,,0.0,False,22,,,
3656.0,1613.5136413574219,1075.867166519165,0.6419774293899536,0.7654563188552856,0.6302787661552429,0.7471299767494202,3.1051483154296875,2.88140869140625,Saccade,,,,0.0,False,22,,,
3660.0,1593.2180786132812,1111.4805507659912,0.6369601488113403,0.7742345333099365,0.622350811958313,0.7718614935874939,3.095123291015625,2.9077301025390625,Fixation,1593.134022248097,1140.9463251554048,152.0,14.0,True,23,word,window,8.0
3664.0,1570.220947265625,1111.411371231079,0.6218559145927429,0.7904346585273743,0.6133675575256348,0.7718134522438049,3.10943603515625,2.8751983642578125,Fixation,1593.134022248097,1140.9463251554048,152.0,14.0,True,23,word,window,8.0
3668.0,1571.96044921875,1142.9547500610352,0.610187292098999,0.812873899936676,0.6140470504760742,0.7937185764312744,3.11328125,2.914642333984375,Fixation,1593.134022248097,1140.9463251554048,152.0,14.0,True,23,word,window,8.0
3672.0,1582.4546813964844,1136.4022636413574,0.6200559139251709,0.7944579720497131,0.6181463599205017,0.7891682386398315,3.092071533203125,2.90673828125,Fixation,1593.134022248097,1140.9463251554048,152.0,14.0,True,23,word,window,8.0
3676.0,1597.4078369140625,1123.218584060669,0.6289556622505188,0.7881180047988892,0.6239874362945557,0.7800129055976868,3.107269287109375,2.906219482421875,Fixation,1593.134022248097,1140.9463251554048,152.0,14.0,True,23,word,window,8.0
3680.0,1602.2195434570312,1118.6054420471191,0.6274437308311462,0.7853323221206665,0.6258670091629028,0.7768093347549438,3.094268798828125,2.887603759765625,Fixation,1593.134022248097,1140.9463251554048,152.0,14.0,True,23,word,window,8.0
3684.0,1598.1651306152344,1128.6019706726074,0.627210259437561,0.7936345338821411,0.6242832541465759,0.783751368522644,3.0923614501953125,2.900604248046875,Fixation,1593.134022248097,1140.9463251554048,152.0,14.0,True,23,word,window,8.0
3688.0,1591.5592956542969,1124.5299053192139,0.6266865134239197,0.8037223219871521,0.6217028498649597,0.7809235453605652,3.111907958984375,2.88018798828125,Fixation,1593.134022248097,1140.9463251554048,152.0,14.0,True,23,word,window,8.0
3692.0,1602.3445129394531,1132.4072742462158,0.630839467048645,0.7951608896255493,0.6259158253669739,0.786393940448761,3.09698486328125,2.900543212890625,Fixation,1593.134022248097,1140.9463251554048,152.0,14.0,True,23,word,window,8.0
3696.0,1601.905517578125,1138.8783073425293,0.6240500211715698,0.8040981292724609,0.6257443428039551,0.790887713432312,3.1108551025390625,2.89373779296875,Fixation,1593.134022248097,1140.9463251554048,152.0,14.0,True,23,word,window,8.0
3700.0,1597.9457092285156,1142.7459239959717,0.6266213655471802,0.8002134561538696,0.6241975426673889,0.7935735583305359,3.095733642578125,2.9012451171875,Fixation,1593.134022248097,1140.9463251554048,152.0,14.0,True,23,word,window,8.0
3704.0,1589.0254211425781,1142.5770950317383,0.6225581169128418,0.8026391267776489,0.6207130551338196,0.7934563159942627,3.118133544921875,2.9114227294921875,Fixation,1593.134022248097,1140.9463251554048,152.0,14.0,True,23,word,window,8.0
3708.0,1590.2230834960938,1143.8000965118408,0.6278427243232727,0.811071515083313,0.6211808919906616,0.7943056225776672,3.107528686523437,2.8978424072265625,Fixation,1593.134022248097,1140.9463251554048,152.0,14.0,True,23,word,window,8.0
3712.0,1585.2555847167969,1145.1511573791504,0.6250482201576233,0.8023136258125305,0.6192404627799988,0.7952438592910767,3.104598999023437,2.904327392578125,Fixation,1593.134022248097,1140.9463251554048,152.0,14.0,True,23,word,window,8.0
3716.0,1584.8992919921875,1147.9867458343506,0.6266835927963257,0.8027677536010742,0.6191012859344482,0.7972130179405212,3.083251953125,2.891220092773437,Fixation,1593.134022248097,1140.9463251554048,152.0,14.0,True,23,word,window,8.0
3720.0,1591.3325500488281,1159.8714637756348,0.6224429607391357,0.8118564486503601,0.6216142773628235,0.8054662942886353,3.1061248779296875,2.9326171875,Fixation,1593.134022248097,1140.9463251554048,152.0,14.0,True,23,word,window,8.0
3724.0,1591.2199401855469,1151.785011291504,0.6248289346694946,0.8038613200187683,0.6215702891349792,0.7998507022857666,3.104156494140625,2.90960693359375,Fixation,1593.134022248097,1140.9463251554048,152.0,14.0,True,23,word,window,8.0
3728.0,1581.1566162109375,1152.2872924804688,0.6265841126441956,0.8023903965950012,0.6176393032073975,0.8001995086669922,3.0977020263671875,2.9249420166015625,Fixation,1593.134022248097,1140.9463251554048,152.0,14.0,True,23,word,window,8.0
3732.0,1589.56787109375,1142.047519683838,0.6220215559005737,0.7998431921005249,0.6209249496459961,0.7930885553359985,3.116363525390625,2.916412353515625,Fixation,1593.134022248097,1140.9463251554048,152.0,14.0,True,23,word,window,8.0
3736.0,1591.9134521484375,1142.8828239440918,0.6196997761726379,0.8060734272003174,0.6218411922454834,0.7936686277389526,3.1096954345703125,2.910629272460937,Fixation,1593.134022248097,1140.9463251554048,152.0,14.0,True,23,word,window,8.0
3740.0,1598.9454650878906,1142.166395187378,0.6330718994140625,0.8014413118362427,0.6245880722999573,0.7931711077690125,3.0867462158203125,2.932479858398437,Fixation,1593.134022248097,1140.9463251554048,152.0,14.0,True,23,word,window,8.0
3744.0,1584.2254638671875,1149.6593284606934,0.6248300671577454,0.8008886575698853,0.6188380718231201,0.7983745336532593,3.1035308837890625,2.9124908447265625,Fixation,1593.134022248097,1140.9463251554048,152.0,14.0,True,23,word,window,8.0
3748.0,1600.7156372070312,1149.4360828399658,0.626265287399292,0.8036693930625916,0.6252795457839966,0.7982195019721985,3.092529296875,2.943832397460937,Fixation,1593.134022248097,1140.9463251554048,152.0,14.0,True,23,word,window,8.0
3752.0,1592.6383972167969,1147.5889205932617,0.6292006373405457,0.8012974858283997,0.6221243739128113,0.7969367504119873,3.093597412109375,2.925689697265625,Fixation,1593.134022248097,1140.9463251554048,152.0,14.0,True,23,word,window,8.0
3756.0,1595.9825134277344,1158.6470031738281,0.6260413527488708,0.8048236966133118,0.6234306693077087,0.8046159744262695,3.1058349609375,2.918243408203125,Fixation,1593.134022248097,1140.9463251554048,152.0,14.0,True,23,word,window,8.0
3760.0,1596.8284606933594,1154.4867897033691,0.6255428194999695,0.8043271899223328,0.6237611174583435,0.8017269372940063,3.106231689453125,2.9477081298828125,Fixation,1593.134022248097,1140.9463251554048,152.0,14.0,True,23,word,window,8.0
3764.0,1590.7334899902344,1148.3303260803223,0.6217953562736511,0.8090059161186218,0.6213802695274353,0.7974516153335571,3.103485107421875,2.929428100585937,Fixation,1593.134022248097,1140.9463251554048,152.0,14.0,True,23,word,window,8.0
3768.0,1590.5686950683594,1144.4022846221924,0.6241506934165955,0.799810528755188,0.6213158965110779,0.7947238087654114,3.1075592041015625,2.917633056640625,Fixation,1593.134022248097,1140.9463251554048,152.0,14.0,True,23,word,window,8.0
3772.0,1597.4452209472656,1147.1166801452637,0.6238541603088379,0.8052570819854736,0.6240020394325256,0.7966088056564331,3.1185760498046875,2.94049072265625,Fixation,1593.134022248097,1140.9463251554048,152.0,14.0,True,23,word,window,8.0
3776.0,1587.6115417480469,1148.4952926635742,0.6274750828742981,0.801724374294281,0.6201607584953308,0.7975661754608154,3.092987060546875,2.929229736328125,Fixation,1593.134022248097,1140.9463251554048,152.0,14.0,True,23,word,window,8.0
3780.0,1585.7647705078125,1152.5783443450928,0.6241594552993774,0.8109907507896423,0.6194393634796143,0.8004016280174255,3.1176300048828125,2.9513092041015625,Fixation,1593.134022248097,1140.9463251554048,152.0,14.0,True,23,word,window,8.0
3784.0,1590.6236267089844,1145.950756072998,0.6237123012542725,0.8066720366477966,0.621337354183197,0.7957991361618042,3.123504638671875,2.943634033203125,Fixation,1593.134022248097,1140.9463251554048,152.0,14.0,True,23,word,window,8.0
3788.0,1589.7738647460938,1154.234275817871,0.6266928911209106,0.8044573068618774,0.6210054159164429,0.8015515804290771,3.118896484375,2.9434051513671875,Fixation,1593.134022248097,1140.9463251554048,152.0,14.0,True,23,word,window,8.0
3792.0,1585.9207153320312,1151.357831954956,0.6215559244155884,0.8104002475738525,0.6195002794265747,0.7995540499687195,3.122406005859375,2.955108642578125,Fixation,1593.134022248097,1140.9463251554048,152.0,14.0,True,23,word,window,8.0
3796.0,1594.5869445800781,1152.6408290863037,0.6228488683700562,0.8087379932403564,0.622885525226593,0.800445020198822,3.1309967041015625,2.9599761962890625,Fixation,1593.134022248097,1140.9463251554048,152.0,14.0,True,23,word,window,8.0
3800.0,1598.4042358398438,1149.512300491333,0.6247186064720154,0.8030137419700623,0.624376654624939,0.798272430896759,3.119873046875,2.95220947265625,Fixation,1593.134022248097,1140.9463251554048,152.0,14.0,True,23,word,window,8.0
3804.0,1603.23486328125,1143.336009979248,0.6271177530288696,0.8050081729888916,0.6262636184692383,0.7939833402633667,3.1304473876953125,2.9659881591796875,Fixation,1593.134022248097,1140.9463251554048,152.0,14.0,True,23,word,window,8.0
3808.0,1617.1647644042969,1118.1127738952637,0.6301264762878418,0.7899758815765381,0.6317049860954285,0.7764672040939331,3.13177490234375,2.9421844482421875,Fixation,1593.134022248097,1140.9463251554048,152.0,14.0,True,23,word,window,8.0
3812.0,1627.0626831054688,1099.2289066314697,0.6333075165748596,0.7702551484107971,0.6355713605880737,0.7633534073829651,3.127532958984375,2.9615631103515625,Fixation,1593.134022248097,1140.9463251554048,152.0,14.0,True,23,word,window,8.0
3816.0,1616.3240051269531,1067.8436279296875,0.6320959329605103,0.7643357515335083,0.6313765645027161,0.7415580749511719,3.136016845703125,2.9550323486328125,Saccade,,,,0.0,False,24,,,
3820.0,1616.8829345703125,1055.8467292785645,0.6344213485717773,0.7502808570861816,0.6315948963165283,0.7332268953323364,3.112045288085937,2.964447021484375,Saccade,,,,0.0,False,24,,,
3824.0,1621.0391235351562,1058.726692199707,0.6341084837913513,0.7423558235168457,0.6332184076309204,0.7352268695831299,3.1505126953125,2.94390869140625,Saccade,,,,0.0,False,24,,,
3828.0,1603.4652709960938,1058.8488292694092,0.6303924918174744,0.7509538531303406,0.6263536214828491,0.7353116869926453,3.1279449462890625,2.9443817138671875,Saccade,,,,0.0,False,24,,,
3832.0,1603.367919921875,1064.5308208465576,0.6307884454727173,0.7513821721076965,0.6263155937194824,0.7392575144767761,3.120208740234375,2.9396209716796875,Saccade,,,,0.0,False,24,,,
