timestamp,x,y,l_x,l_y,r_x,r_y,pupil_l,pupil_r,event_type,fixation_x,fixation_y,event_duration,fixation_id,merged,event_id,aoi_type,aoi,aoi_id
0.0,1292.0939636230469,673.1149005889893,0.504008948802948,0.5097113251686096,0.5047242045402527,0.4674409031867981,2.79693603515625,2.43780517578125,Fixation,1232.9351638697979,677.2883435915102,632.0,1.0,True,1,image,,10.0
4.0,1289.7254943847656,683.5074520111083,0.5051019787788391,0.4935441315174103,0.5037990212440491,0.4746579527854919,2.76409912109375,2.4536895751953125,Fixation,1232.9351638697979,677.2883435915102,632.0,1.0,True,1,image,,10.0
8.0,1306.4826965332031,673.4378385543823,0.5027564764022827,0.4929715394973755,0.5103448033332825,0.4676651656627655,2.764190673828125,2.426300048828125,Fixation,1232.9351638697979,677.2883435915102,632.0,1.0,True,1,image,,10.0
12.0,1309.3882751464844,625.5110549926757,0.4986667037010193,0.4999553263187408,0.5114797949790955,0.434382677078247,2.7832183837890625,2.375701904296875,Fixation,1232.9351638697979,677.2883435915102,632.0,1.0,True,1,image,,10.0
16.0,1303.5548400878906,686.9790458679198,0.5013240575790405,0.4879437685012817,0.5092011094093323,0.4770687818527221,2.7747344970703125,2.455902099609375,Fixation,1232.9351638697979,677.2883435915102,632.0,1.0,True,1,image,,10.0
20.0,1305.2821350097656,670.6121206283569,0.5004886388778687,0.4943569898605346,0.5098758339881897,0.4657028615474701,2.7624053955078125,2.398193359375,Fixation,1232.9351638697979,677.2883435915102,632.0,1.0,True,1,image,,10.0
24.0,1298.5818481445312,689.452428817749,0.5011571049690247,0.4965104758739471,0.5072585344314575,0.4787864089012146,2.78240966796875,2.4597320556640625,Fixation,1232.9351638697979,677.2883435915102,632.0,1.0,True,1,image,,10.0
28.0,1317.7243041992188,684.3947267532347,0.505668044090271,0.5060962438583374,0.5147360563278198,0.4752741158008575,2.80499267578125,2.41815185546875,Fixation,1232.9351638697979,677.2883435915102,632.0,1.0,True,1,image,,10.0
32.0,1301.461181640625,678.2907915115355,0.4992632865905761,0.5018797516822815,0.5083832740783691,0.4710352718830108,2.762939453125,2.458892822265625,Fixation,1232.9351638697979,677.2883435915102,632.0,1.0,True,1,image,,10.0
36.0,1300.2006530761719,695.0562286376953,0.4987865090370178,0.4914151728153229,0.5078908801078796,0.4826779365539551,2.7656707763671875,2.4500274658203125,Fixation,1232.9351638697979,677.2883435915102,632.0,1.0,True,1,image,,10.0
40.0,1311.6230773925781,683.0596303939818,0.5046694874763489,0.5000383257865906,0.5123527646064758,0.4743469655513763,2.772933959960937,2.4316864013671875,Fixation,1232.9351638697979,677.2883435915102,632.0,1.0,True,1,image,,10.0
44.0,1294.5893859863281,691.542706489563,0.5022416114807129,0.4900370240211487,0.5056989789009094,0.4802379906177521,2.7570953369140625,2.452621459960937,Fixation,1232.9351638697979,677.2883435915102,632.0,1.0,True,1,image,,10.0
48.0,1310.7119750976562,679.8002529144286,0.5035505294799805,0.5059212446212769,0.511996865272522,0.4720835089683532,2.7823028564453125,2.44891357421875,Fixation,1232.9351638697979,677.2883435915102,632.0,1.0,True,1,image,,10.0
52.0,1297.2463989257812,682.9052209854126,0.5044460892677307,0.5046240091323853,0.5067368745803833,0.4742397367954254,2.774383544921875,2.4959259033203125,Fixation,1232.9351638697979,677.2883435915102,632.0,1.0,True,1,image,,10.0
56.0,1310.2142333984375,659.4838714599609,0.5024345517158508,0.4993753135204315,0.5118024349212646,0.457974910736084,2.7713775634765625,2.4363555908203125,Fixation,1232.9351638697979,677.2883435915102,632.0,1.0,True,1,image,,10.0
60.0,1307.6747131347656,646.9270133972168,0.502052903175354,0.4986203908920288,0.5108104348182678,0.4492548704147339,2.773468017578125,2.422698974609375,Fixation,1232.9351638697979,677.2883435915102,632.0,1.0,True,1,image,,10.0
64.0,1288.1614685058594,677.7697134017943,0.5042501091957092,0.4984675943851471,0.5031880736351013,0.4706734120845794,2.7667236328125,2.476165771484375,Fixation,1232.9351638697979,677.2883435915102,632.0,1.0,True,1,image,,10.0
68.0,1298.8636779785156,666.4934062957764,0.5011354088783264,0.4912964403629303,0.5073686242103577,0.4628426432609558,2.7738189697265625,2.4508514404296875,Fixation,1232.9351638697979,677.2883435915102,632.0,1.0,True,1,image,,10.0
72.0,1301.2458801269531,654.1115140914916,0.5060486793518066,0.4969953000545501,0.5082991719245911,0.4542441070079803,2.75335693359375,2.446624755859375,Fixation,1232.9351638697979,677.2883435915102,632.0,1.0,True,1,image,,10.0
76.0,1299.8153686523438,648.920259475708,0.5049179196357727,0.4955802261829376,0.5077403783798218,0.4506390690803528,2.769622802734375,2.4130859375,Fixation,1232.9351638697979,677.2883435915102,632.0,1.0,True,1,image,,10.0
80.0,1293.8127136230469,659.1034269332885,0.5054008960723877,0.4954661726951599,0.5053955912590027,0.457710713148117,2.7806549072265625,2.454315185546875,Fixation,1232.9351638697979,677.2883435915102,632.0,1.0,True,1,image,,10.0
84.0,1299.7782897949219,671.4651489257812,0.5040086507797241,0.4960162341594696,0.5077258944511414,0.4662952423095703,2.78167724609375,2.44696044921875,Fixation,1232.9351638697979,677.2883435915102,632.0,1.0,True,1,image,,10.0
88.0,1295.272216796875,678.9809131622314,0.502489447593689,0.4986882209777832,0.5059657096862793,0.4715145230293274,2.7696075439453125,2.4737091064453125,Fixation,1232.9351638697979,677.2883435915102,632.0,1.0,True,1,image,,10.0
92.0,1297.5398254394531,692.9525184631347,0.5029045343399048,0.4935552775859833,0.5068514943122864,0.4812170267105102,2.7810211181640625,2.457244873046875,Fixation,1232.9351638697979,677.2883435915102,632.0,1.0,True,1,image,,10.0
96.0,1303.8331604003906,677.8369188308716,0.505510687828064,0.4953127801418304,0.5093098282814026,0.4707200825214386,2.7837066650390625,2.4796295166015625,Fixation,1232.9351638697979,677.2883435915102,632.0,1.0,True,1,image,,10.0
100.0,1290.9744262695312,659.3316507339476,0.504858672618866,0.4877825081348419,0.5042868852615356,0.4578692018985748,2.76361083984375,2.442855834960937,Fixation,1232.9351638697979,677.2883435915102,632.0,1.0,True,1,image,,10.0
104.0,1310.6344604492188,652.7478790283202,0.5008255243301392,0.4902738630771637,0.5119665861129761,0.4532971382141113,2.77484130859375,2.408905029296875,Fixation,1232.9351638697979,677.2883435915102,632.0,1.0,True,1,image,,10.0
108.0,1300.8729553222656,653.4712600708008,0.5052133202552795,0.4881503880023956,0.50815349817276,0.4537994861602783,2.784652709960937,2.424407958984375,Fixation,1232.9351638697979,677.2883435915102,632.0,1.0,True,1,image,,10.0
112.0,1287.6426696777344,681.0536813735962,0.5045799612998962,0.4958138167858124,0.502985417842865,0.4729539453983307,2.78594970703125,2.462738037109375,Fixation,1232.9351638697979,677.2883435915102,632.0,1.0,True,1,image,,10.0
116.0,1304.864501953125,665.3077840805053,0.498874694108963,0.4977844059467315,0.5097126960754395,0.4620192945003509,2.7677459716796875,2.4525909423828125,Fixation,1232.9351638697979,677.2883435915102,632.0,1.0,True,1,image,,10.0
120.0,1285.9638977050781,662.1181011199951,0.5002964735031128,0.500929594039917,0.5023296475410461,0.4598042368888855,2.7809600830078125,2.4326324462890625,Fixation,1232.9351638697979,677.2883435915102,632.0,1.0,True,1,image,,10.0
124.0,1310.1725769042969,669.3389511108397,0.503551721572876,0.4885368943214416,0.511786162853241,0.4648187160491943,2.750152587890625,2.4747314453125,Fixation,1232.9351638697979,677.2883435915102,632.0,1.0,True,1,image,,10.0
128.0,1298.6955261230469,668.6503744125365,0.5029878616333008,0.4953020513057709,0.5073029398918152,0.4643405377864837,2.7787322998046875,2.4503326416015625,Fixation,1232.9351638697979,677.2883435915102,632.0,1.0,True,1,image,,10.0
132.0,1306.5489196777344,661.7057704925537,0.5036216378211975,0.4903668165206909,0.510370671749115,0.4595178961753845,2.766693115234375,2.4334716796875,Fixation,1232.9351638697979,677.2883435915102,632.0,1.0,True,1,image,,10.0
136.0,1305.4705810546875,671.9691467285156,0.5052801370620728,0.4954322278499603,0.5099494457244873,0.4666452407836914,2.7793731689453125,2.4741668701171875,Fixation,1232.9351638697979,677.2883435915102,632.0,1.0,True,1,image,,10.0
140.0,1301.8728637695312,650.6557989120482,0.4996951520442962,0.4984323978424072,0.5085440874099731,0.4518443048000335,2.7705230712890625,2.4299468994140625,Fixation,1232.9351638697979,677.2883435915102,632.0,1.0,True,1,image,,10.0
144.0,1316.6658020019531,656.1036443710326,0.5014429688453674,0.4966427087783813,0.5143225789070129,0.4556275308132171,2.768646240234375,2.430999755859375,Fixation,1232.9351638697979,677.2883435915102,632.0,1.0,True,1,image,,10.0
148.0,1300.3579711914062,673.0179119110107,0.4986746311187744,0.5032882690429688,0.5079523324966431,0.4673735499382019,2.78082275390625,2.459335327148437,Fixation,1232.9351638697979,677.2883435915102,632.0,1.0,True,1,image,,10.0
152.0,1305.9402465820312,662.4698781967162,0.4996524751186371,0.4992171227931976,0.510132908821106,0.4600485265254974,2.7847137451171875,2.4459228515625,Fixation,1232.9351638697979,677.2883435915102,632.0,1.0,True,1,image,,10.0
156.0,1301.4454650878906,683.2787561416626,0.5011982917785645,0.4956231117248535,0.5083771347999573,0.4744991362094879,2.7744903564453125,2.4823760986328125,Fixation,1232.9351638697979,677.2883435915102,632.0,1.0,True,1,image,,10.0
160.0,1315.0117492675781,657.052674293518,0.5023737549781799,0.4908627867698669,0.5136764645576477,0.4562865793704986,2.7599639892578125,2.44696044921875,Fixation,1232.9351638697979,677.2883435915102,632.0,1.0,True,1,image,,10.0
164.0,1312.1745300292969,651.1773490905761,0.5030900835990906,0.4950033128261566,0.5125681757926941,0.4522064924240112,2.769256591796875,2.42169189453125,Fixation,1232.9351638697979,677.2883435915102,632.0,1.0,True,1,image,,10.0
168.0,1323.3013916015625,648.8748979568481,0.505596399307251,0.4988997876644134,0.5169146060943604,0.450607568025589,2.7803955078125,2.418853759765625,Fixation,1232.9351638697979,677.2883435915102,632.0,1.0,True,1,image,,10.0
172.0,1304.3722534179688,702.6378679275512,0.5021485090255737,0.4928846955299377,0.509520411491394,0.4879429638385772,2.76617431640625,2.506820678710937,Fixation,1232.9351638697979,677.2883435915102,632.0,1.0,True,1,image,,10.0
176.0,1317.1002197265625,676.030397415161,0.5042006969451904,0.4938671290874481,0.5144922733306885,0.4694655537605285,2.770370483398437,2.47857666015625,Fixation,1232.9351638697979,677.2883435915102,632.0,1.0,True,1,image,,10.0
180.0,1319.4514465332031,654.2854070663452,0.5035996437072754,0.4981784522533417,0.5154107213020325,0.4543648660182953,2.7916412353515625,2.411956787109375,Fixation,1232.9351638697979,677.2883435915102,632.0,1.0,True,1,image,,10.0
184.0,1317.2879028320312,662.613000869751,0.506467878818512,0.4935687780380249,0.5145655870437622,0.4601479172706604,2.7856597900390625,2.434555053710937,Fixation,1232.9351638697979,677.2883435915102,632.0,1.0,True,1,image,,10.0
188.0,1304.2939758300781,668.6451816558837,0.5041823983192444,0.5007210969924927,0.5094898343086243,0.4643369317054748,2.79718017578125,2.455917358398437,Fixation,1232.9351638697979,677.2883435915102,632.0,1.0,True,1,image,,10.0
192.0,1303.4649658203125,676.9658660888671,0.5048962235450745,0.4951437413692474,0.5091660022735596,0.4701151847839355,2.78485107421875,2.476715087890625,Fixation,1232.9351638697979,677.2883435915102,632.0,1.0,True,1,image,,10.0
196.0,1299.3968200683594,706.8149471282959,0.503549337387085,0.4965151846408844,0.5075768828392029,0.4908437132835388,2.7886962890625,2.52093505859375,Fixation,1232.9351638697979,677.2883435915102,632.0,1.0,True,1,image,,10.0
200.0,1302.3252868652344,668.0160427093505,0.5038577914237976,0.4915397763252258,0.5087208151817322,0.4639000296592712,2.773529052734375,2.448638916015625,Fixation,1232.9351638697979,677.2883435915102,632.0,1.0,True,1,image,,10.0
204.0,1298.7652587890625,687.2322034835815,0.5041482448577881,0.4897127747535705,0.5073301792144775,0.4772445857524872,2.7601776123046875,2.4715728759765625,Fixation,1232.9351638697979,677.2883435915102,632.0,1.0,True,1,image,,10.0
208.0,1310.6591796875,657.5172328948973,0.5033817291259766,0.4952726066112518,0.5119762420654297,0.4566091895103454,2.772064208984375,2.415145874023437,Fixation,1232.9351638697979,677.2883435915102,632.0,1.0,True,1,image,,10.0
212.0,1311.9468688964844,658.548274040222,0.5059559345245361,0.4897848069667816,0.5124792456626892,0.4573251903057098,2.7627716064453125,2.4133758544921875,Fixation,1232.9351638697979,677.2883435915102,632.0,1.0,True,1,image,,10.0
216.0,1296.6032409667969,689.8548460006714,0.5058246850967407,0.4972685575485229,0.506485641002655,0.479065865278244,2.7870330810546875,2.4790191650390625,Fixation,1232.9351638697979,677.2883435915102,632.0,1.0,True,1,image,,10.0
220.0,1314.4577026367188,682.9226875305176,0.5040528774261475,0.4890774488449096,0.5134600400924683,0.4742518663406372,2.7609405517578125,2.433380126953125,Fixation,1232.9351638697979,677.2883435915102,632.0,1.0,True,1,image,,10.0
224.0,1302.4594116210938,694.5257520675659,0.5039380192756653,0.5070362091064453,0.5087732076644897,0.4823095500469208,2.816253662109375,2.471954345703125,Fixation,1232.9351638697979,677.2883435915102,632.0,1.0,True,1,image,,10.0
228.0,1302.4797058105469,692.396035194397,0.5055505633354187,0.4969344139099121,0.5087811350822449,0.480830579996109,2.7902069091796875,2.46807861328125,Fixation,1232.9351638697979,677.2883435915102,632.0,1.0,True,1,image,,10.0
232.0,1312.159423828125,693.6516094207764,0.5037841200828552,0.4927654266357422,0.5125622749328613,0.4817025065422058,2.7757110595703125,2.46722412109375,Fixation,1232.9351638697979,677.2883435915102,632.0,1.0,True,1,image,,10.0
236.0,1309.7398376464844,680.8650255203247,0.502354085445404,0.5004767179489136,0.511617124080658,0.4728229343891144,2.7928924560546875,2.4425811767578125,Fixation,1232.9351638697979,677.2883435915102,632.0,1.0,True,1,image,,10.0
240.0,1301.3400268554688,703.5750532150267,0.5025972723960876,0.5002059936523438,0.5083359479904175,0.4885937869548797,2.775115966796875,2.4847412109375,Fixation,1232.9351638697979,677.2883435915102,632.0,1.0,True,1,image,,10.0
244.0,1305.6156921386719,695.3661203384399,0.5014647841453552,0.5038814544677734,0.5100061297416687,0.4828931391239166,2.7960357666015625,2.444076538085937,Fixation,1232.9351638697979,677.2883435915102,632.0,1.0,True,1,image,,10.0
248.0,1301.273193359375,675.634889602661,0.5005493760108948,0.4935095310211181,0.5083098411560059,0.4691908955574035,2.7652740478515625,2.4542388916015625,Fixation,1232.9351638697979,677.2883435915102,632.0,1.0,True,1,image,,10.0
252.0,1307.4658203125,709.3530035018921,0.5037620663642883,0.4898902773857116,0.5107288360595703,0.4926062524318695,2.768707275390625,2.476837158203125,Fixation,1232.9351638697979,677.2883435915102,632.0,1.0,True,1,image,,10.0
256.0,1318.4242248535156,678.0067348480225,0.5027847290039062,0.4901854395866394,0.5150094628334045,0.4708380103111267,2.7678375244140625,2.42254638671875,Fixation,1232.9351638697979,677.2883435915102,632.0,1.0,True,1,image,,10.0
260.0,1301.8826293945312,696.5692949295043,0.5044670701026917,0.4982106685638428,0.5085479021072388,0.483728677034378,2.7859649658203125,2.5019683837890625,Fixation,1232.9351638697979,677.2883435915102,632.0,1.0,True,1,image,,10.0
264.0,1315.5342102050781,690.6184387207031,0.5044500827789307,0.4909487962722778,0.5138805508613586,0.4795961380004883,2.7751617431640625,2.4617462158203125,Fixation,1232.9351638697979,677.2883435915102,632.0,1.0,True,1,image,,10.0
268.0,1292.6908874511719,710.0143718719482,0.5005900859832764,0.4923970401287079,0.504957377910614,0.4930655360221863,2.763412475585937,2.491546630859375,Fixation,1232.9351638697979,677.2883435915102,632.0,1.0,True,1,image,,10.0
272.0,1321.0714721679688,684.9024581909179,0.5005538463592529,0.4967023432254791,0.5160435438156128,0.4756267070770263,2.7730712890625,2.444686889648437,Fixation,1232.9351638697979,677.2883435915102,632.0,1.0,True,1,image,,10.0
276.0,1303.291015625,695.8332538604736,0.5027942657470703,0.495070219039917,0.5090980529785156,0.4832175374031067,2.768661499023437,2.5047149658203125,Fixation,1232.9351638697979,677.2883435915102,632.0,1.0,True,1,image,,10.0
280.0,1305.3947448730469,686.3731241226196,0.505720317363739,0.4994799494743347,0.5099198222160339,0.4766480028629303,2.78369140625,2.47015380859375,Fixation,1232.9351638697979,677.2883435915102,632.0,1.0,True,1,image,,10.0
284.0,1309.2572021484375,650.8633375167846,0.5041220784187317,0.492578774690628,0.5114285945892334,0.4519884288311004,2.779525756835937,2.4384307861328125,Fixation,1232.9351638697979,677.2883435915102,632.0,1.0,True,1,image,,10.0
288.0,1305.5418395996094,699.4450092315674,0.5003502368927002,0.4958615601062774,0.5099772810935974,0.4857257008552551,2.7718505859375,2.4798126220703125,Fixation,1232.9351638697979,677.2883435915102,632.0,1.0,True,1,image,,10.0
292.0,1290.6500244140625,715.0804853439331,0.4983866512775421,0.4987741112709045,0.5041601657867432,0.4965836703777313,2.75927734375,2.4987335205078125,Fixation,1232.9351638697979,677.2883435915102,632.0,1.0,True,1,image,,10.0
296.0,1258.1404876708984,664.970941543579,0.4876484870910644,0.492279976606369,0.4914611279964447,0.4617853760719299,2.7491912841796875,2.412094116210937,Fixation,1232.9351638697979,677.2883435915102,632.0,1.0,True,1,image,,10.0
300.0,1237.0350646972656,711.8001651763915,0.4693835973739624,0.509576141834259,0.4832168221473694,0.494305670261383,2.7840118408203125,2.4785614013671875,Fixation,1232.9351638697979,677.2883435915102,632.0,1.0,True,1,image,,10.0
304.0,1213.587951660156,679.4806623458862,0.4628205001354217,0.5092898011207581,0.4740577936172485,0.4718615710735321,2.79010009765625,2.4347076416015625,Fixation,1232.9351638697979,677.2883435915102,632.0,1.0,True,1,image,,10.0
308.0,1193.8000488281248,660.1125383377074,0.4600293338298797,0.492627739906311,0.4663281440734863,0.4584114849567413,2.728607177734375,2.433349609375,Fixation,1232.9351638697979,677.2883435915102,632.0,1.0,True,1,image,,10.0
312.0,1188.001480102539,699.6327209472656,0.4595361649990082,0.4934204816818237,0.4640630781650543,0.4858560562133789,2.7417449951171875,2.4929962158203125,Fixation,1232.9351638697979,677.2883435915102,632.0,1.0,True,1,image,,10.0
316.0,1169.8249053955076,710.0720500946044,0.4527275562286377,0.4937531948089599,0.4569628536701202,0.4931055903434753,2.7314910888671875,2.461700439453125,Fixation,1232.9351638697979,677.2883435915102,632.0,1.0,True,1,image,,10.0
320.0,1141.7828369140623,676.825532913208,0.4476423561573028,0.5028948187828064,0.4460089206695556,0.4700177311897278,2.7423095703125,2.4011993408203125,Fixation,1232.9351638697979,677.2883435915102,632.0,1.0,True,1,image,,10.0
324.0,1160.0812530517578,694.3122053146362,0.4490551352500915,0.4945586323738098,0.4531567394733429,0.4821612536907196,2.723358154296875,2.453277587890625,Fixation,1232.9351638697979,677.2883435915102,632.0,1.0,True,1,image,,10.0
328.0,1164.691467285156,705.548129081726,0.4519944489002228,0.5051467418670654,0.4549576044082641,0.4899639785289764,2.7400360107421875,2.470199584960937,Fixation,1232.9351638697979,677.2883435915102,632.0,1.0,True,1,image,,10.0
332.0,1180.6441497802734,694.2530250549316,0.4538127481937408,0.4984856843948364,0.4611891210079193,0.482120156288147,2.7283935546875,2.455062866210937,Fixation,1232.9351638697979,677.2883435915102,632.0,1.0,True,1,image,,10.0
336.0,1174.001998901367,648.7485551834106,0.4529576003551483,0.5008141398429871,0.4585945308208465,0.4505198299884796,2.71923828125,2.3746795654296875,Fixation,1232.9351638697979,677.2883435915102,632.0,1.0,True,1,image,,10.0
340.0,1173.8964080810547,663.0805206298827,0.458556205034256,0.5024142861366272,0.458553284406662,0.4604725837707519,2.7209014892578125,2.388656616210937,Fixation,1232.9351638697979,677.2883435915102,632.0,1.0,True,1,image,,10.0
344.0,1175.3964233398435,666.3067674636841,0.4580905735492706,0.5033459067344666,0.4591392278671264,0.4627130329608917,2.720321655273437,2.369537353515625,Fixation,1232.9351638697979,677.2883435915102,632.0,1.0,True,1,image,,10.0
348.0,1175.9329986572266,676.7683696746826,0.4492221474647522,0.4946744740009308,0.4593488276004791,0.4699780344963074,2.693756103515625,2.427978515625,Fixation,1232.9351638697979,677.2883435915102,632.0,1.0,True,1,image,,10.0
352.0,1168.1375885009763,704.5917606353759,0.4536659717559814,0.5007492899894714,0.4563037455081939,0.4892998337745666,2.708114624023437,2.46405029296875,Fixation,1232.9351638697979,677.2883435915102,632.0,1.0,True,1,image,,10.0
356.0,1183.83544921875,692.3215770721434,0.4493076503276825,0.4948773682117462,0.4624357223510742,0.4807788729667663,2.687408447265625,2.4181060791015625,Fixation,1232.9351638697979,677.2883435915102,632.0,1.0,True,1,image,,10.0
360.0,1174.00032043457,679.3799829483031,0.4533401131629944,0.4998338222503662,0.458593875169754,0.4717916548252105,2.705963134765625,2.4212799072265625,Fixation,1232.9351638697979,677.2883435915102,632.0,1.0,True,1,image,,10.0
364.0,1182.1530914306638,707.7285289764404,0.4494291543960571,0.498125672340393,0.4617785513401031,0.4914781451225281,2.67425537109375,2.420379638671875,Fixation,1232.9351638697979,677.2883435915102,632.0,1.0,True,1,image,,10.0
368.0,1177.624816894531,671.4851474761963,0.4536343514919281,0.496088832616806,0.4600096940994262,0.466309130191803,2.677032470703125,2.322357177734375,Fixation,1232.9351638697979,677.2883435915102,632.0,1.0,True,1,image,,10.0
372.0,1170.018081665039,665.690460205078,0.4498823583126068,0.5008633136749268,0.4570383131504059,0.462285041809082,2.670516967773437,2.375473022460937,Fixation,1232.9351638697979,677.2883435915102,632.0,1.0,True,1,image,,10.0
376.0,1159.5563507080076,678.0611944198608,0.4533532261848449,0.500914454460144,0.4529516994953155,0.4708758294582367,2.682098388671875,2.3703155517578125,Fixation,1232.9351638697979,677.2883435915102,632.0,1.0,True,1,image,,10.0
380.0,1161.6708374023438,669.5237016677855,0.4544003903865814,0.497190773487091,0.4537776708602905,0.4649470150470733,2.65081787109375,2.3428497314453125,Fixation,1232.9351638697979,677.2883435915102,632.0,1.0,True,1,image,,10.0
384.0,1179.1175842285156,667.1890211105346,0.4521263241767883,0.4986355900764465,0.4605928063392639,0.4633257091045379,2.6537628173828125,2.340057373046875,Fixation,1232.9351638697979,677.2883435915102,632.0,1.0,True,1,image,,10.0
388.0,1182.645034790039,688.9198064804077,0.4503836035728454,0.495664894580841,0.461970716714859,0.4784165322780609,2.6421356201171875,2.3856353759765625,Fixation,1232.9351638697979,677.2883435915102,632.0,1.0,True,1,image,,10.0
392.0,1155.5764007568357,711.8887424468993,0.4534472227096557,0.500162661075592,0.451397031545639,0.4943671822547912,2.660308837890625,2.4089508056640625,Fixation,1232.9351638697979,677.2883435915102,632.0,1.0,True,1,image,,10.0
396.0,1171.3292694091797,668.8122940063475,0.4517120122909546,0.4985076785087585,0.4575504958629608,0.4644529819488525,2.640472412109375,2.3327789306640625,Fixation,1232.9351638697979,677.2883435915102,632.0,1.0,True,1,image,,10.0
400.0,1164.2498016357422,679.2014980316161,0.4502133429050445,0.4917159974575043,0.4547850787639618,0.4716677069664001,2.6384735107421875,2.32464599609375,Fixation,1232.9351638697979,677.2883435915102,632.0,1.0,True,1,image,,10.0
404.0,1175.921859741211,643.348560333252,0.4473088979721069,0.5006787180900574,0.4593444764614105,0.4467698335647583,2.624130249023437,2.255111694335937,Fixation,1232.9351638697979,677.2883435915102,632.0,1.0,True,1,image,,10.0
408.0,1159.6650695800781,702.5825929641724,0.4475228190422058,0.4959633350372314,0.452994167804718,0.4879045784473419,2.626678466796875,2.3544921875,Fixation,1232.9351638697979,677.2883435915102,632.0,1.0,True,1,image,,10.0
412.0,1161.5778350830078,677.475528717041,0.4503426849842071,0.5033027529716492,0.4537413418292999,0.4704691171646118,2.62640380859375,2.286376953125,Fixation,1232.9351638697979,677.2883435915102,632.0,1.0,True,1,image,,10.0
416.0,1147.5597381591795,668.9646434783934,0.453856498003006,0.4970167875289917,0.4482655227184295,0.4645587801933288,2.607528686523437,2.2734527587890625,Fixation,1232.9351638697979,677.2883435915102,632.0,1.0,True,1,image,,10.0
420.0,1169.2711639404295,690.2780342102051,0.4547381401062011,0.5040390491485596,0.4567465484142303,0.4793597459793091,2.6200408935546875,2.3477783203125,Fixation,1232.9351638697979,677.2883435915102,632.0,1.0,True,1,image,,10.0
424.0,1163.6638641357422,657.0791101455688,0.4519392251968384,0.5062439441680908,0.4545561969280243,0.4563049376010895,2.6116943359375,2.2636871337890625,Fixation,1232.9351638697979,677.2883435915102,632.0,1.0,True,1,image,,10.0
428.0,1155.641098022461,672.5695323944091,0.4513147473335266,0.4935476183891296,0.4514223039150238,0.4670621752738952,2.5989532470703125,2.2559051513671875,Fixation,1232.9351638697979,677.2883435915102,632.0,1.0,True,1,image,,10.0
432.0,1146.9006347656248,668.191351890564,0.4503193199634552,0.4946769177913666,0.4480080604553222,0.464021772146225,2.588226318359375,2.2671661376953125,Fixation,1232.9351638697979,677.2883435915102,632.0,1.0,True,1,image,,10.0
436.0,1188.463897705078,675.6778478622435,0.4474973082542419,0.4815792739391327,0.4642437100410461,0.4692207276821136,2.5727691650390625,2.291412353515625,Fixation,1232.9351638697979,677.2883435915102,632.0,1.0,True,1,image,,10.0
440.0,1162.3968505859373,682.2373723983765,0.4514376223087311,0.4924386739730835,0.4540612697601318,0.4737759530544281,2.58880615234375,2.3082733154296875,Fixation,1232.9351638697979,677.2883435915102,632.0,1.0,True,1,image,,10.0
444.0,1182.3313903808594,684.8476982116698,0.4506994783878326,0.4964557886123657,0.4618481993675232,0.4755886793136596,2.5860137939453125,2.3088836669921875,Fixation,1232.9351638697979,677.2883435915102,632.0,1.0,True,1,image,,10.0
448.0,1175.2775573730466,685.7679748535156,0.456215888261795,0.4946157932281494,0.4590927958488464,0.4762277603149414,2.595565795898437,2.30682373046875,Fixation,1232.9351638697979,677.2883435915102,632.0,1.0,True,1,image,,10.0
452.0,1162.2998809814453,642.8517293930053,0.453472226858139,0.5011096596717834,0.4540233910083771,0.4464248120784759,2.5995330810546875,2.2236480712890625,Fixation,1232.9351638697979,677.2883435915102,632.0,1.0,True,1,image,,10.0
456.0,1143.2476806640625,675.8006715774535,0.450995922088623,0.4903175234794616,0.4465811252593994,0.4693060219287872,2.57080078125,2.28912353515625,Fixation,1232.9351638697979,677.2883435915102,632.0,1.0,True,1,image,,10.0
460.0,1169.2921447753904,695.4947805404662,0.4539433419704437,0.4970604181289673,0.4567547440528869,0.4829824864864349,2.5709381103515625,2.3185272216796875,Fixation,1232.9351638697979,677.2883435915102,632.0,1.0,True,1,image,,10.0
464.0,1168.1480407714844,695.0700902938843,0.4494774639606476,0.4985993206501007,0.4563078284263611,0.4826875627040863,2.5913543701171875,2.2682647705078125,Fixation,1232.9351638697979,677.2883435915102,632.0,1.0,True,1,image,,10.0
468.0,1171.3152313232422,701.0399150848388,0.4496253132820129,0.4873120486736297,0.4575450122356415,0.4868332743644714,2.57208251953125,2.3019561767578125,Fixation,1232.9351638697979,677.2883435915102,632.0,1.0,True,1,image,,10.0
472.0,1163.9981079101562,680.5548334121704,0.4537262320518493,0.4901360869407654,0.4546867609024048,0.4726075232028961,2.572998046875,2.2777252197265625,Fixation,1232.9351638697979,677.2883435915102,632.0,1.0,True,1,image,,10.0
476.0,1166.090393066406,675.0458335876464,0.4533147513866424,0.4951208531856537,0.4555040597915649,0.46878182888031,2.57373046875,2.2713775634765625,Fixation,1232.9351638697979,677.2883435915102,632.0,1.0,True,1,image,,10.0
480.0,1159.2207336425781,693.7625026702881,0.4495430588722229,0.4912460446357727,0.4528205990791321,0.4817795157432556,2.55975341796875,2.3174285888671875,Fixation,1232.9351638697979,677.2883435915102,632.0,1.0,True,1,image,,10.0
484.0,1167.011947631836,672.779688835144,0.4529064893722534,0.4955110549926758,0.4558640420436859,0.4672081172466278,2.569061279296875,2.240020751953125,Fixation,1232.9351638697979,677.2883435915102,632.0,1.0,True,1,image,,10.0
488.0,1152.8011322021482,676.4637136459351,0.4546555876731872,0.4938539862632751,0.4503129422664642,0.4697664678096771,2.5590972900390625,2.2481689453125,Fixation,1232.9351638697979,677.2883435915102,632.0,1.0,True,1,image,,10.0
492.0,1172.8451538085935,684.778389930725,0.4535381197929382,0.4894720911979675,0.4581426382064819,0.4755405485630035,2.5724639892578125,2.26422119140625,Fixation,1232.9351638697979,677.2883435915102,632.0,1.0,True,1,image,,10.0
496.0,1176.2323760986326,689.0722846984863,0.4532382786273956,0.4944497942924499,0.4594657719135284,0.4785224199295044,2.5694580078125,2.297348022460937,Fixation,1232.9351638697979,677.2883435915102,632.0,1.0,True,1,image,,10.0
500.0,1164.456787109375,701.8613576889038,0.4543014764785766,0.4844349324703216,0.4548659324645996,0.4874037206172943,2.55450439453125,2.30303955078125,Fixation,1232.9351638697979,677.2883435915102,632.0,1.0,True,1,image,,10.0
504.0,1174.6207427978513,685.3595924377441,0.4551097452640533,0.4857999086380005,0.4588362276554107,0.4759441614151001,2.5712432861328125,2.2780303955078125,Fixation,1232.9351638697979,677.2883435915102,632.0,1.0,True,1,image,,10.0
508.0,1176.6451263427734,684.368634223938,0.4550327360630035,0.4974229037761688,0.4596270024776459,0.4752559959888458,2.55963134765625,2.2650604248046875,Fixation,1232.9351638697979,677.2883435915102,632.0,1.0,True,1,image,,10.0
512.0,1165.0056457519531,662.8501081466675,0.4506163001060486,0.4875004589557647,0.4550803303718567,0.4603125751018524,2.559066772460937,2.243499755859375,Fixation,1232.9351638697979,677.2883435915102,632.0,1.0,True,1,image,,10.0
516.0,1163.6200714111326,689.3098640441895,0.454018235206604,0.49832683801651,0.4545390903949737,0.4786874055862427,2.555389404296875,2.2719268798828125,Fixation,1232.9351638697979,677.2883435915102,632.0,1.0,True,1,image,,10.0
520.0,1192.0881652832031,674.380989074707,0.4523791670799255,0.4975144565105438,0.4656594395637512,0.4683201313018799,2.5822296142578125,2.2401123046875,Fixation,1232.9351638697979,677.2883435915102,632.0,1.0,True,1,image,,10.0
524.0,1174.93782043457,671.9115114212035,0.4529248178005218,0.4905748963356018,0.458960086107254,0.4666052162647247,2.541000366210937,2.2374725341796875,Fixation,1232.9351638697979,677.2883435915102,632.0,1.0,True,1,image,,10.0
528.0,1178.0253601074216,685.3598499298096,0.4513095319271087,0.4904119968414306,0.4601661562919616,0.4759443402290344,2.540496826171875,2.28204345703125,Fixation,1232.9351638697979,677.2883435915102,632.0,1.0,True,1,image,,10.0
532.0,1165.6359863281248,677.8544712066649,0.4566188454627991,0.4993038773536682,0.4553265571594238,0.4707322716712951,2.5824737548828125,2.27569580078125,Fixation,1232.9351638697979,677.2883435915102,632.0,1.0,True,1,image,,10.0
536.0,1145.9471893310545,658.6853027343749,0.4491578340530395,0.4604920744895935,0.4476356208324432,0.4574203491210937,2.500762939453125,2.2218780517578125,Fixation,1232.9351638697979,677.2883435915102,632.0,1.0,True,1,image,,10.0
540.0,1153.5285186767578,695.5467510223388,0.4529054164886474,0.503608763217926,0.4505970776081085,0.4830185770988464,2.5591278076171875,2.28179931640625,Fixation,1232.9351638697979,677.2883435915102,632.0,1.0,True,1,image,,10.0
544.0,1178.493881225586,668.7896347045897,0.4501922726631164,0.4920936524868011,0.4603491723537445,0.4644372463226318,2.539459228515625,2.2401580810546875,Fixation,1232.9351638697979,677.2883435915102,632.0,1.0,True,1,image,,10.0
548.0,1170.8763885498045,669.9353027343749,0.4572609961032867,0.4975499212741852,0.4573735892772674,0.4652328491210937,2.5681304931640625,2.2489471435546875,Fixation,1232.9351638697979,677.2883435915102,632.0,1.0,True,1,image,,10.0
552.0,1180.5954742431638,677.6298093795776,0.4550873339176178,0.4877505898475647,0.4611701071262359,0.4705762565135956,2.539154052734375,2.2266082763671875,Fixation,1232.9351638697979,677.2883435915102,632.0,1.0,True,1,image,,10.0
556.0,1159.826736450195,697.5118017196655,0.4524763226509094,0.4930424094200134,0.4530573189258575,0.4843831956386566,2.54302978515625,2.2588043212890625,Fixation,1232.9351638697979,677.2883435915102,632.0,1.0,True,1,image,,10.0
560.0,1183.1109619140623,655.3135299682617,0.4549124240875244,0.4868073165416717,0.4621527194976806,0.4550788402557373,2.545761108398437,2.2186279296875,Fixation,1232.9351638697979,677.2883435915102,632.0,1.0,True,1,image,,10.0
564.0,1162.2773742675781,678.2365465164185,0.4557533860206604,0.494313895702362,0.4540145993232727,0.4709976017475128,2.5540008544921875,2.2585601806640625,Fixation,1232.9351638697979,677.2883435915102,632.0,1.0,True,1,image,,10.0
568.0,1172.7324676513672,695.7193565368651,0.4519288837909698,0.485727995634079,0.4580986201763153,0.4831384420394897,2.5282745361328125,2.268585205078125,Fixation,1232.9351638697979,677.2883435915102,632.0,1.0,True,1,image,,10.0
572.0,1171.5480041503904,673.7439537048339,0.4525453746318817,0.4881944060325622,0.4576359391212463,0.4678777456283569,2.5316925048828125,2.2178497314453125,Fixation,1232.9351638697979,677.2883435915102,632.0,1.0,True,1,image,,10.0
576.0,1152.066421508789,697.9364061355591,0.4564372599124908,0.4940602481365204,0.4500259459018707,0.4846780598163605,2.57171630859375,2.298004150390625,Fixation,1232.9351638697979,677.2883435915102,632.0,1.0,True,1,image,,10.0
580.0,1186.8621826171873,652.3485517501831,0.4583609700202942,0.4940747320652008,0.4636180400848388,0.4530198276042938,2.5595855712890625,2.192047119140625,Fixation,1232.9351638697979,677.2883435915102,632.0,1.0,True,1,image,,10.0
584.0,1179.7200775146482,652.5354051589965,0.4582163989543915,0.4960228502750397,0.4608281552791595,0.4531495869159698,2.553314208984375,2.201507568359375,Fixation,1232.9351638697979,677.2883435915102,632.0,1.0,True,1,image,,10.0
588.0,1149.1710662841797,670.3317546844482,0.4530152678489685,0.4934437572956085,0.4488949477672577,0.4655081629753113,2.549346923828125,2.2305908203125,Fixation,1232.9351638697979,677.2883435915102,632.0,1.0,True,1,image,,10.0
592.0,1169.554672241211,683.5727691650391,0.4558139145374298,0.4816563725471496,0.456857293844223,0.474703311920166,2.5381317138671875,2.2530670166015625,Fixation,1232.9351638697979,677.2883435915102,632.0,1.0,True,1,image,,10.0
596.0,1158.4806060791013,674.6182250976561,0.4574980437755584,0.4899611473083496,0.452531486749649,0.468484878540039,2.5509185791015625,2.22711181640625,Fixation,1232.9351638697979,677.2883435915102,632.0,1.0,True,1,image,,10.0
600.0,1164.0441131591795,669.873547554016,0.4568555653095245,0.498340755701065,0.4547047317028045,0.4651899635791778,2.550262451171875,2.251129150390625,Fixation,1232.9351638697979,677.2883435915102,632.0,1.0,True,1,image,,10.0
604.0,1147.9715728759763,669.1198682785033,0.4560211598873138,0.5010847449302673,0.4484263956546783,0.4646665751934051,2.55023193359375,2.18304443359375,Fixation,1232.9351638697979,677.2883435915102,632.0,1.0,True,1,image,,10.0
608.0,1173.1388092041016,655.6847476959227,0.4559953212738037,0.486368328332901,0.4582573473453522,0.4553366303443908,2.5418701171875,2.2038726806640625,Fixation,1232.9351638697979,677.2883435915102,632.0,1.0,True,1,image,,10.0
612.0,1166.2419891357422,671.4029216766356,0.4526094794273376,0.4823435842990875,0.4555632770061493,0.4662520289421081,2.519500732421875,2.2235565185546875,Fixation,1232.9351638697979,677.2883435915102,632.0,1.0,True,1,image,,10.0
616.0,1168.8266754150388,662.8234577178954,0.4560816884040832,0.4893370270729065,0.4565729200839996,0.4602940678596496,2.537338256835937,2.1894683837890625,Fixation,1232.9351638697979,677.2883435915102,632.0,1.0,True,1,image,,10.0
620.0,1161.8769073486328,682.0082473754883,0.4525589048862457,0.4872268736362457,0.4538581669330597,0.4736168384552002,2.5236053466796875,2.2635650634765625,Fixation,1232.9351638697979,677.2883435915102,632.0,1.0,True,1,image,,10.0
624.0,1180.0517272949216,688.7360000610352,0.4472560286521911,0.4979512393474579,0.4609577059745788,0.4782888889312744,2.552963256835937,2.247222900390625,Fixation,1232.9351638697979,677.2883435915102,632.0,1.0,True,1,image,,10.0
628.0,1165.093765258789,656.2442779541014,0.4450531303882599,0.4974191188812256,0.4551147520542145,0.4557251930236816,2.5520782470703125,2.1828765869140625,Fixation,1232.9351638697979,677.2883435915102,632.0,1.0,True,1,image,,10.0
632.0,1161.8270874023438,663.6089372634887,0.4399621784687042,0.4961743056774139,0.4538387060165405,0.4608395397663116,2.541412353515625,2.25921630859375,Fixation,1232.9351638697979,677.2883435915102,632.0,1.0,True,1,image,,10.0
636.0,1125.4261779785154,698.5310840606688,0.4354916214942932,0.4965595006942749,0.4396196007728576,0.4850910305976867,2.5237274169921875,2.267791748046875,Saccade,,,,0.0,False,2,,,
640.0,1137.5517272949216,708.2738971710205,0.4257239997386932,0.5026015639305115,0.4443561434745788,0.4918568730354309,2.5398712158203125,2.2528533935546875,Saccade,,,,0.0,False,2,,,
644.0,1108.8810729980466,706.6262483596802,0.423388808965683,0.5136433839797974,0.433156669139862,0.4907126724720001,2.53753662109375,2.25494384765625,Saccade,,,,0.0,False,2,,,
648.0,1081.7304229736328,676.0093688964844,0.4210852682590484,0.5099841356277466,0.4225509464740753,0.4694509506225586,2.5265655517578125,2.16632080078125,Saccade,,,,0.0,False,2,,,
652.0,1065.146026611328,674.922194480896,0.4095210134983063,0.5189803242683411,0.41607266664505,0.4686959683895111,2.525787353515625,2.160186767578125,Saccade,,,,0.0,False,2,,,
656.0,1034.854049682617,738.6035442352295,0.3943823575973511,0.5233279466629028,0.4042398631572723,0.5129191279411316,2.554916381835937,2.237396240234375,Saccade,,,,0.0,False,2,,,
660.0,1016.3578796386719,736.0485363006592,0.3817842900753021,0.529248058795929,0.3970147967338562,0.5111448168754578,2.5436248779296875,2.167938232421875,Saccade,,,,0.0,False,2,,,
664.0,1010.0598907470702,777.8195858001709,0.3764584362506866,0.5481038689613342,0.3945546448230743,0.5401524901390076,2.537826538085937,2.2202301025390625,Saccade,,,,0.0,False,2,,,
668.0,1002.6179504394531,779.7097492218018,0.375296413898468,0.5558054447174072,0.3916476368904114,0.5414651036262512,2.524658203125,2.187469482421875,Saccade,,,,0.0,False,2,,,
672.0,937.9856109619141,777.1669292449951,0.3624345958232879,0.579235315322876,0.3664006292819977,0.5396992564201355,2.5601806640625,2.18988037109375,Saccade,,,,0.0,False,2,,,
676.0,916.8197631835938,798.9001178741455,0.3459604978561401,0.5864924788475037,0.3581327199935913,0.5547917485237122,2.5419464111328125,2.19036865234375,Saccade,,,,0.0,False,2,,,
680.0,877.1736907958984,809.7570133209229,0.3399193286895752,0.6041743159294128,0.3426459729671478,0.5623312592506409,2.55853271484375,2.154510498046875,Saccade,,,,0.0,False,2,,,
684.0,883.5615539550781,815.5506706237793,0.3357162177562713,0.6280199885368347,0.3451412320137024,0.5663546323776245,2.5714874267578125,2.179901123046875,Saccade,,,,0.0,False,2,,,
688.0,841.8115234374999,843.572244644165,0.3198108971118927,0.6390756964683533,0.3288326263427734,0.5858140587806702,2.57843017578125,2.1631011962890625,Saccade,,,,0.0,False,2,,,
692.0,814.1331481933594,880.4995250701904,0.305771142244339,0.6460436582565308,0.318020761013031,0.6114580035209656,2.572845458984375,2.2232666015625,Saccade,,,,0.0,False,2,,,
696.0,791.8875122070312,909.908037185669,0.3027458786964416,0.6696159839630127,0.3093310594558716,0.6318805813789368,2.5928955078125,2.218978881835937,Fixation,749.5146321141442,1047.2774731835655,168.0,2.0,True,3,word,refrigerator,1.0
700.0,788.3169555664061,1019.6905517578125,0.2965067327022552,0.6960470676422119,0.3079363107681274,0.7081184387207031,2.5869598388671875,2.3288726806640625,Fixation,749.5146321141442,1047.2774731835655,168.0,2.0,True,3,word,refrigerator,1.0
704.0,795.307159423828,1035.0269508361816,0.2936232089996338,0.7133939862251282,0.3106668591499328,0.7187687158584595,2.6151275634765625,2.2841796875,Fixation,749.5146321141442,1047.2774731835655,168.0,2.0,True,3,word,refrigerator,1.0
708.0,725.3326416015624,1069.2654132843018,0.2895765006542206,0.7298023700714111,0.2833330631256103,0.7425454258918762,2.597076416015625,2.354278564453125,Fixation,749.5146321141442,1047.2774731835655,168.0,2.0,True,3,word,refrigerator,1.0
712.0,731.6899871826171,1059.508695602417,0.278678834438324,0.7319616675376892,0.2858164012432098,0.7357699275016785,2.5944366455078125,2.372177124023437,Fixation,749.5146321141442,1047.2774731835655,168.0,2.0,True,3,word,refrigerator,1.0
716.0,748.7296295166016,1059.2045974731445,0.2801984846591949,0.7421674132347107,0.2924725115299225,0.7355587482452393,2.603988647460937,2.3033905029296875,Fixation,749.5146321141442,1047.2774731835655,168.0,2.0,True,3,word,refrigerator,1.0
720.0,746.4148712158203,1095.7495021820068,0.2869926989078522,0.7424697279930115,0.2915683090686798,0.7609371542930603,2.593414306640625,2.3729400634765625,Fixation,749.5146321141442,1047.2774731835655,168.0,2.0,True,3,word,refrigerator,1.0
724.0,776.9255828857421,1048.5660552978516,0.2920274138450622,0.7400467991828918,0.303486555814743,0.7281708717346191,2.6156463623046875,2.3291015625,Fixation,749.5146321141442,1047.2774731835655,168.0,2.0,True,3,word,refrigerator,1.0
728.0,761.1859130859374,1062.6622009277344,0.2872748970985412,0.7276513576507568,0.2973382472991943,0.7379598617553711,2.612518310546875,2.38079833984375,Fixation,749.5146321141442,1047.2774731835655,168.0,2.0,True,3,word,refrigerator,1.0
732.0,746.8677520751952,1099.2234134674072,0.2869018316268921,0.734711229801178,0.2917452156543731,0.7633495926856995,2.611083984375,2.401458740234375,Fixation,749.5146321141442,1047.2774731835655,168.0,2.0,True,3,word,refrigerator,1.0
736.0,744.446563720703,1046.5914344787598,0.2875842750072479,0.7351391911506653,0.2907994389533996,0.7267996072769165,2.601913452148437,2.3233184814453125,Fixation,749.5146321141442,1047.2774731835655,168.0,2.0,True,3,word,refrigerator,1.0
740.0,737.4539184570311,1040.0708770751953,0.2905225753784179,0.735201895236969,0.2880679368972778,0.7222714424133301,2.608795166015625,2.3111572265625,Fixation,749.5146321141442,1047.2774731835655,168.0,2.0,True,3,word,refrigerator,1.0
744.0,751.8497467041016,1050.3124523162842,0.2870194911956787,0.7387946248054504,0.2936913073062897,0.729383647441864,2.6282958984375,2.3574981689453125,Fixation,749.5146321141442,1047.2774731835655,168.0,2.0,True,3,word,refrigerator,1.0
748.0,769.2861175537108,1043.3669471740723,0.2900362610816955,0.7364019155502319,0.3005023896694183,0.7245603799819946,2.61517333984375,2.323211669921875,Fixation,749.5146321141442,1047.2774731835655,168.0,2.0,True,3,word,refrigerator,1.0
752.0,757.0151519775391,1061.2841892242432,0.2809813618659973,0.7311331629753113,0.2957090437412262,0.7370029091835022,2.618026733398437,2.380523681640625,Fixation,749.5146321141442,1047.2774731835655,168.0,2.0,True,3,word,refrigerator,1.0
756.0,741.9048309326172,1022.5060558319092,0.2901451587677002,0.7379180788993835,0.2898065745830536,0.7100736498832703,2.6091461181640625,2.285888671875,Fixation,749.5146321141442,1047.2774731835655,168.0,2.0,True,3,word,refrigerator,1.0
760.0,765.8180999755858,1036.5113925933838,0.2879292070865631,0.7365560531616211,0.2991476953029632,0.7197995781898499,2.62847900390625,2.338897705078125,Fixation,749.5146321141442,1047.2774731835655,168.0,2.0,True,3,word,refrigerator,1.0
764.0,744.4297790527343,1068.5950756072998,0.2840168178081512,0.7373234629631042,0.2907928824424743,0.7420799136161804,2.603485107421875,2.360702514648437,Fixation,749.5146321141442,1047.2774731835655,168.0,2.0,True,3,word,refrigerator,1.0
768.0,757.2323608398436,1054.5403003692627,0.2848927080631256,0.7358782291412354,0.2957938909530639,0.7323196530342102,2.615936279296875,2.342864990234375,Fixation,749.5146321141442,1047.2774731835655,168.0,2.0,True,3,word,refrigerator,1.0
772.0,734.8808288574219,1039.3503284454346,0.285765141248703,0.7339595556259155,0.2870628237724304,0.7217710614204407,2.621337890625,2.34320068359375,Fixation,749.5146321141442,1047.2774731835655,168.0,2.0,True,3,word,refrigerator,1.0
776.0,742.8430938720702,1003.3488178253174,0.2844336628913879,0.7370090484619141,0.2901730835437774,0.6967700123786926,2.6166229248046875,2.2390899658203125,Fixation,749.5146321141442,1047.2774731835655,168.0,2.0,True,3,word,refrigerator,1.0
780.0,751.787872314453,1017.3257446289062,0.2851989269256592,0.7328265309333801,0.2936671376228332,0.7064762115478516,2.620468139648437,2.271713256835937,Fixation,749.5146321141442,1047.2774731835655,168.0,2.0,True,3,word,refrigerator,1.0
784.0,748.3798980712891,1061.0811138153076,0.2834985852241516,0.7422278523445129,0.2923358976840973,0.7368618845939636,2.6174774169921875,2.365631103515625,Fixation,749.5146321141442,1047.2774731835655,168.0,2.0,True,3,word,refrigerator,1.0
788.0,765.1030731201172,1023.4532833099365,0.2856515944004059,0.7307236790657043,0.2988683879375458,0.7107314467430115,2.5983123779296875,2.279571533203125,Fixation,749.5146321141442,1047.2774731835655,168.0,2.0,True,3,word,refrigerator,1.0
792.0,764.8659515380859,1059.1226291656494,0.2864741086959839,0.7354534864425659,0.2987757623195648,0.7355018258094788,2.627914428710937,2.359527587890625,Fixation,749.5146321141442,1047.2774731835655,168.0,2.0,True,3,word,refrigerator,1.0
796.0,742.3433685302733,1027.7444744110107,0.2871351242065429,0.7311993837356567,0.289977878332138,0.7137114405632019,2.615081787109375,2.313827514648437,Fixation,749.5146321141442,1047.2774731835655,168.0,2.0,True,3,word,refrigerator,1.0
800.0,737.7665710449219,1049.5691585540771,0.2843860685825348,0.7417817115783691,0.2881900668144226,0.7288674712181091,2.61737060546875,2.337158203125,Fixation,749.5146321141442,1047.2774731835655,168.0,2.0,True,3,word,refrigerator,1.0
804.0,745.5231475830078,1059.8649787902832,0.2857460081577301,0.7403653860092163,0.2912199795246124,0.7360173463821411,2.628936767578125,2.3323211669921875,Fixation,749.5146321141442,1047.2774731835655,168.0,2.0,True,3,word,refrigerator,1.0
808.0,755.576171875,1023.5642623901367,0.2819774150848388,0.7372211217880249,0.2951469421386719,0.710808515548706,2.6260986328125,2.278472900390625,Fixation,749.5146321141442,1047.2774731835655,168.0,2.0,True,3,word,refrigerator,1.0
812.0,716.8530273437499,1057.5876331329346,0.2827773094177246,0.7390012145042419,0.2800207138061523,0.7344358563423157,2.60858154296875,2.324432373046875,Fixation,749.5146321141442,1047.2774731835655,168.0,2.0,True,3,word,refrigerator,1.0
816.0,744.8001861572266,1082.9512882232666,0.2836156785488128,0.7454039454460144,0.2909375727176666,0.7520495057106018,2.635345458984375,2.33740234375,Fixation,749.5146321141442,1047.2774731835655,168.0,2.0,True,3,word,refrigerator,1.0
820.0,753.4491729736328,1027.5182247161865,0.2803074717521667,0.7493694424629211,0.2943160831928253,0.713554322719574,2.6144256591796875,2.2815399169921875,Fixation,749.5146321141442,1047.2774731835655,168.0,2.0,True,3,word,refrigerator,1.0
824.0,762.8888702392578,1070.2106666564941,0.2824658155441284,0.7418122291564941,0.2980034649372101,0.7432018518447876,2.6009979248046875,2.3455810546875,Fixation,749.5146321141442,1047.2774731835655,168.0,2.0,True,3,word,refrigerator,1.0
828.0,742.4562072753905,1008.1040096282959,0.285744160413742,0.7427846193313599,0.2900219559669494,0.7000722289085388,2.6204071044921875,2.260589599609375,Fixation,749.5146321141442,1047.2774731835655,168.0,2.0,True,3,word,refrigerator,1.0
832.0,743.6818695068359,1053.0316543579102,0.2906858921051025,0.7424001097679138,0.2905007302761078,0.7312719821929932,2.638656616210937,2.353790283203125,Fixation,749.5146321141442,1047.2774731835655,168.0,2.0,True,3,word,refrigerator,1.0
836.0,749.5910644531249,1057.7857303619385,0.2904532551765442,0.73561692237854,0.2928090095520019,0.7345734238624573,2.6289825439453125,2.34173583984375,Fixation,749.5146321141442,1047.2774731835655,168.0,2.0,True,3,word,refrigerator,1.0
840.0,741.0256958007812,1046.3953971862793,0.2874207198619842,0.739020824432373,0.2894631624221802,0.7266634702682495,2.6296539306640625,2.291366577148437,Fixation,749.5146321141442,1047.2774731835655,168.0,2.0,True,3,word,refrigerator,1.0
844.0,728.4423065185547,1070.0754833221436,0.2855557799339294,0.7344099283218384,0.2845477759838104,0.7431079745292664,2.6167755126953125,2.3026580810546875,Fixation,749.5146321141442,1047.2774731835655,168.0,2.0,True,3,word,refrigerator,1.0
848.0,754.7902679443359,1069.506425857544,0.2843571007251739,0.7328543066978455,0.2948399484157562,0.7427127957344055,2.600982666015625,2.3311920166015625,Fixation,749.5146321141442,1047.2774731835655,168.0,2.0,True,3,word,refrigerator,1.0
852.0,740.7635498046874,1059.0846920013428,0.2859426736831665,0.7440637946128845,0.289360761642456,0.735475480556488,2.612457275390625,2.3233642578125,Fixation,749.5146321141442,1047.2774731835655,168.0,2.0,True,3,word,refrigerator,1.0
856.0,736.7269134521484,1076.374855041504,0.283021330833435,0.7423933148384094,0.2877839505672455,0.7474825382232666,2.6277008056640625,2.35198974609375,Fixation,749.5146321141442,1047.2774731835655,168.0,2.0,True,3,word,refrigerator,1.0
860.0,716.7993927001953,1048.2035064697266,0.285758912563324,0.7404762506484985,0.2799997627735138,0.7279191017150879,2.597686767578125,2.2864227294921875,Fixation,749.5146321141442,1047.2774731835655,168.0,2.0,True,3,word,refrigerator,1.0
864.0,725.6961059570311,1059.092845916748,0.2872978150844574,0.751755952835083,0.2834750413894653,0.7354811429977417,2.6190185546875,2.3086395263671875,Fixation,749.5146321141442,1047.2774731835655,168.0,2.0,True,3,word,refrigerator,1.0
868.0,694.4289398193359,1086.4501762390137,0.2732575833797455,0.766001284122467,0.2712613046169281,0.7544792890548706,2.6097869873046875,2.34429931640625,Fixation,659.2480094909668,1106.6336660385132,196.0,3.0,True,4,word,refrigerator,1.0
872.0,672.1066284179686,1095.9409046173096,0.2591137886047363,0.7861043810844421,0.262541651725769,0.7610700726509094,2.625717163085937,2.358627319335937,Fixation,659.2480094909668,1106.6336660385132,196.0,3.0,True,4,word,refrigerator,1.0
876.0,643.8685607910156,1127.323350906372,0.2534650862216949,0.7717403173446655,0.2515111565589905,0.782863438129425,2.610870361328125,2.3772430419921875,Fixation,659.2480094909668,1106.6336660385132,196.0,3.0,True,4,word,refrigerator,1.0
880.0,657.8977966308593,1116.2095642089844,0.2601087689399719,0.7761760950088501,0.2569913268089294,0.7751455307006836,2.6189727783203125,2.380859375,Fixation,659.2480094909668,1106.6336660385132,196.0,3.0,True,4,word,refrigerator,1.0
884.0,666.2010955810547,1119.852991104126,0.2603473365306854,0.7751801013946533,0.2602348029613495,0.7776756882667542,2.6191558837890625,2.39410400390625,Fixation,659.2480094909668,1106.6336660385132,196.0,3.0,True,4,word,refrigerator,1.0
888.0,624.4746780395507,1106.1032581329346,0.2568097412586212,0.7744814157485962,0.2439354211091995,0.7681272625923157,2.62335205078125,2.345611572265625,Fixation,659.2480094909668,1106.6336660385132,196.0,3.0,True,4,word,refrigerator,1.0
892.0,616.7737579345702,1065.0615119934082,0.24847511947155,0.7785109877586365,0.2409272491931915,0.7396260499954224,2.6149139404296875,2.249847412109375,Fixation,659.2480094909668,1106.6336660385132,196.0,3.0,True,4,word,refrigerator,1.0
896.0,619.3669128417969,1106.537389755249,0.2526064217090606,0.7806178331375122,0.2419402003288269,0.7684287428855896,2.628021240234375,2.3542938232421875,Fixation,659.2480094909668,1106.6336660385132,196.0,3.0,True,4,word,refrigerator,1.0
900.0,632.4379348754883,1119.424352645874,0.2572283446788788,0.773891806602478,0.2470460683107376,0.7773780226707458,2.6127166748046875,2.367660522460937,Fixation,659.2480094909668,1106.6336660385132,196.0,3.0,True,4,word,refrigerator,1.0
904.0,685.8675384521484,1141.1053562164307,0.2559331059455871,0.7760949730873108,0.2679170072078705,0.7924342751502991,2.614608764648437,2.3899383544921875,Fixation,659.2480094909668,1106.6336660385132,196.0,3.0,True,4,word,refrigerator,1.0
908.0,654.3788909912109,1119.971523284912,0.2573360800743103,0.7666731476783752,0.2556167542934418,0.777758002281189,2.5988006591796875,2.3551483154296875,Fixation,659.2480094909668,1106.6336660385132,196.0,3.0,True,4,word,refrigerator,1.0
912.0,645.4873657226562,1128.222427368164,0.2542121112346649,0.7761847972869873,0.2521435022354126,0.7834877967834473,2.614288330078125,2.380401611328125,Fixation,659.2480094909668,1106.6336660385132,196.0,3.0,True,4,word,refrigerator,1.0
916.0,658.1943511962891,1095.5137252807617,0.2544713020324707,0.7713005542755127,0.2571071684360504,0.7607734203338623,2.61737060546875,2.3617401123046875,Fixation,659.2480094909668,1106.6336660385132,196.0,3.0,True,4,word,refrigerator,1.0
920.0,688.4808349609375,1130.2414226531982,0.2561863362789154,0.7750303149223328,0.2689378261566162,0.7848898768424988,2.620101928710937,2.340972900390625,Fixation,659.2480094909668,1106.6336660385132,196.0,3.0,True,4,word,refrigerator,1.0
924.0,671.7374420166016,1153.2747745513916,0.2577921748161316,0.772882342338562,0.262397438287735,0.8008852601051331,2.609970092773437,2.4183502197265625,Fixation,659.2480094909668,1106.6336660385132,196.0,3.0,True,4,word,refrigerator,1.0
928.0,656.0270690917968,1050.8157634735107,0.2660291790962219,0.7700101733207703,0.2562605738639831,0.7297331690788269,2.61358642578125,2.25726318359375,Fixation,659.2480094909668,1106.6336660385132,196.0,3.0,True,4,word,refrigerator,1.0
932.0,673.2677459716797,1114.9305152893066,0.255234807729721,0.7668865919113159,0.2629952132701874,0.7742573022842407,2.6002197265625,2.3551483154296875,Fixation,659.2480094909668,1106.6336660385132,196.0,3.0,True,4,word,refrigerator,1.0
936.0,677.6594543457031,1119.021291732788,0.2597126364707947,0.773230791091919,0.2647107243537903,0.7770981192588806,2.6015777587890625,2.347808837890625,Fixation,659.2480094909668,1106.6336660385132,196.0,3.0,True,4,word,refrigerator,1.0
940.0,684.7097778320312,1093.9135837554932,0.2622337639331817,0.7708720564842224,0.2674647569656372,0.7596622109413147,2.612548828125,2.2831268310546875,Fixation,659.2480094909668,1106.6336660385132,196.0,3.0,True,4,word,refrigerator,1.0
944.0,658.3750152587891,1112.8285217285156,0.2571777403354645,0.7727975845336914,,,2.622650146484375,,Fixation,659.2480094909668,1106.6336660385132,196.0,3.0,True,4,word,refrigerator,1.0
948.0,656.1775207519531,1104.385871887207,0.2587818801403045,0.7805538773536682,0.2563193440437317,0.7669346332550049,2.616119384765625,2.355331420898437,Fixation,659.2480094909668,1106.6336660385132,196.0,3.0,True,4,word,refrigerator,1.0
952.0,656.4895629882811,1081.3996410369873,0.258573979139328,0.7729888558387756,0.2564412355422973,0.7509719729423523,2.619171142578125,2.285308837890625,Fixation,659.2480094909668,1106.6336660385132,196.0,3.0,True,4,word,refrigerator,1.0
956.0,648.6347961425781,1128.3319473266602,0.2592273354530334,0.7782809734344482,0.2533729672431946,0.7835638523101807,2.6243438720703125,2.3639373779296875,Fixation,659.2480094909668,1106.6336660385132,196.0,3.0,True,4,word,refrigerator,1.0
960.0,638.3034515380858,1138.5609912872314,0.2595868110656738,0.7777326703071594,0.2493372857570648,0.7906673550605774,2.6187744140625,2.31048583984375,Fixation,659.2480094909668,1106.6336660385132,196.0,3.0,True,4,word,refrigerator,1.0
964.0,632.2549819946288,1091.096534729004,0.2562788426876068,0.7851530313491821,0.2469746023416519,0.7577059268951416,2.63690185546875,2.3001251220703125,Fixation,659.2480094909668,1106.6336660385132,196.0,3.0,True,4,word,refrigerator,1.0
968.0,636.5442657470702,1079.351634979248,0.2541554570198059,0.7789658904075623,0.2486501038074493,0.7495497465133667,2.621002197265625,2.28240966796875,Fixation,659.2480094909668,1106.6336660385132,196.0,3.0,True,4,word,refrigerator,1.0
972.0,633.3800506591796,1079.355239868164,0.2532384693622589,0.7830901145935059,0.247414082288742,0.7495522499084473,2.6309814453125,2.295257568359375,Fixation,659.2480094909668,1106.6336660385132,196.0,3.0,True,4,word,refrigerator,1.0
976.0,625.6605911254882,1135.2936744689941,0.2497089803218841,0.7803517580032349,0.2443986684083938,0.7883983850479126,2.6370391845703125,2.3968658447265625,Fixation,659.2480094909668,1106.6336660385132,196.0,3.0,True,4,word,refrigerator,1.0
980.0,633.3034896850586,1141.17582321167,0.2536254227161407,0.7775759100914001,0.247384175658226,0.7924832105636597,2.6181793212890625,2.42449951171875,Fixation,659.2480094909668,1106.6336660385132,196.0,3.0,True,4,word,refrigerator,1.0
984.0,652.6285552978514,1083.1353092193604,0.2496301382780075,0.7855756878852844,0.2549330294132232,0.7521772980690002,2.6341552734375,2.3385772705078125,Fixation,659.2480094909668,1106.6336660385132,196.0,3.0,True,4,word,refrigerator,1.0
988.0,653.2537841796874,1125.763463973999,0.2489640414714813,0.7813637852668762,0.2551772594451904,0.7817801833152771,2.633544921875,2.371200561523437,Fixation,659.2480094909668,1106.6336660385132,196.0,3.0,True,4,word,refrigerator,1.0
992.0,631.3579177856445,1079.322624206543,0.2514359652996063,0.7858365774154663,0.2466241866350174,0.7495296001434326,2.649200439453125,2.315658569335937,Fixation,659.2480094909668,1106.6336660385132,196.0,3.0,True,4,word,refrigerator,1.0
996.0,652.0816040039062,1088.4774112701416,0.247616708278656,0.7776308059692383,0.2547193765640259,0.7558870911598206,2.633651733398437,2.3363189697265625,Fixation,659.2480094909668,1106.6336660385132,196.0,3.0,True,4,word,refrigerator,1.0
1000.0,654.9788665771484,1082.9047679901123,0.2442560940980911,0.7763140797615051,0.2558511197566986,0.7520171999931335,2.6203765869140625,2.3418426513671875,Fixation,659.2480094909668,1106.6336660385132,196.0,3.0,True,4,word,refrigerator,1.0
1004.0,642.8631591796874,1122.7209377288818,0.2511184215545654,0.779667317867279,,,2.629913330078125,,Fixation,659.2480094909668,1106.6336660385132,196.0,3.0,True,4,word,refrigerator,1.0
1008.0,646.7864227294922,1110.16450881958,0.2444021105766296,0.7821158170700073,0.2526509463787079,0.7709475755691528,2.630233764648437,2.334075927734375,Fixation,659.2480094909668,1106.6336660385132,196.0,3.0,True,4,word,refrigerator,1.0
1012.0,673.0846405029297,1115.496482849121,0.2476703077554702,0.7768027186393738,0.2629236876964569,0.7746503353118896,2.6410675048828125,2.387054443359375,Fixation,659.2480094909668,1106.6336660385132,196.0,3.0,True,4,word,refrigerator,1.0
1016.0,694.57763671875,1107.2312450408936,0.24815434217453,0.7801058292388916,0.2713193893432617,0.7689105868339539,2.6362762451171875,2.3094940185546875,Fixation,659.2480094909668,1106.6336660385132,196.0,3.0,True,4,word,refrigerator,1.0
1020.0,634.1387176513672,1114.7648620605469,0.2435637414455413,0.775827944278717,0.2477104365825653,0.7741422653198242,2.6314849853515625,2.3375244140625,Fixation,659.2480094909668,1106.6336660385132,196.0,3.0,True,4,word,refrigerator,1.0
1024.0,647.7311706542969,1092.6567649841309,0.2489525526762008,0.7820349335670471,0.2530199885368347,0.7587894201278687,2.64068603515625,2.3198394775390625,Fixation,659.2480094909668,1106.6336660385132,196.0,3.0,True,4,word,refrigerator,1.0
1028.0,662.3854064941406,1082.6847839355469,0.2526075839996338,0.7762182354927063,0.2587442994117737,0.7518644332885742,2.63824462890625,2.30706787109375,Fixation,659.2480094909668,1106.6336660385132,196.0,3.0,True,4,word,refrigerator,1.0
1032.0,665.3469848632811,1099.0075492858887,0.2522458434104919,0.7781095504760742,0.2599011659622192,0.7631996870040894,2.64459228515625,2.35382080078125,Fixation,659.2480094909668,1106.6336660385132,196.0,3.0,True,4,word,refrigerator,1.0
1036.0,660.6369018554688,1096.4288520812988,0.2484280318021774,0.7774521708488464,0.2580612897872925,0.7614089250564575,2.6375885009765625,2.336883544921875,Fixation,659.2480094909668,1106.6336660385132,196.0,3.0,True,4,word,refrigerator,1.0
1040.0,633.1400299072263,1095.166711807251,0.2538762986660003,0.7768195867538452,0.2473203241825103,0.7605324387550354,2.6243438720703125,2.33282470703125,Fixation,659.2480094909668,1106.6336660385132,196.0,3.0,True,4,word,refrigerator,1.0
1044.0,634.4746017456054,1132.4384307861328,0.2552486956119537,0.7822030186653137,0.2478416413068771,0.7864155769348145,2.6643218994140625,2.3610382080078125,Fixation,659.2480094909668,1106.6336660385132,196.0,3.0,True,4,word,refrigerator,1.0
1048.0,668.8796234130859,1086.7464637756348,0.2575252950191498,0.7798542976379395,0.2612811028957367,0.7546850442886353,2.6350555419921875,2.3356475830078125,Fixation,659.2480094909668,1106.6336660385132,196.0,3.0,True,4,word,refrigerator,1.0
1052.0,679.2616271972656,1118.2163715362549,0.2590402960777282,0.778664231300354,0.2653365731239319,0.776539146900177,2.6416473388671875,2.366668701171875,Fixation,659.2480094909668,1106.6336660385132,196.0,3.0,True,4,word,refrigerator,1.0
1056.0,693.9611816406249,1073.2189464569092,0.2660701870918274,0.7853349447250366,0.2710785865783691,0.7452909350395203,2.6591033935546875,2.26312255859375,Fixation,659.2480094909668,1106.6336660385132,196.0,3.0,True,4,word,refrigerator,1.0
1060.0,758.7636566162109,1123.090009689331,0.2880613803863525,0.7861291170120239,0.2963920533657074,0.7799236178398132,2.6610565185546875,2.353179931640625,Fixation,659.2480094909668,1106.6336660385132,196.0,3.0,True,4,word,refrigerator,1.0
1064.0,779.5774841308593,1120.3530406951904,0.3045224547386169,0.7780229449272156,,,2.632415771484375,,Fixation,659.2480094909668,1106.6336660385132,196.0,3.0,True,4,word,refrigerator,1.0
1068.0,939.4714355468749,1078.0589389801025,0.3335117995738983,0.7729424238204956,0.366981029510498,0.7486520409584045,2.6543426513671875,2.2388153076171875,Saccade,,,,0.0,False,5,,,
1072.0,1020.0649261474608,1236.7982482910156,0.3436520397663116,0.7682974934577942,0.3984628617763519,0.8588876724243164,2.66473388671875,2.544097900390625,Saccade,,,,0.0,False,5,,,
1076.0,944.8718261718749,1104.5122146606445,0.3485726714134216,0.7696321606636047,0.3690905570983886,0.7670223712921143,2.6514129638671875,2.303802490234375,Saccade,,,,0.0,False,5,,,
1080.0,1027.0943450927734,1391.9901752471924,0.3576225042343139,0.770553469657898,0.4012087285518646,0.9666598439216614,2.6677398681640625,2.892608642578125,Saccade,,,,0.0,False,5,,,
1084.0,967.5621032714844,1130.2674293518066,0.3654169142246246,0.765108585357666,0.3779539465904236,0.7849079370498657,2.6464385986328125,2.349700927734375,Fixation,958.0111545065175,1110.2771093534386,180.0,4.0,True,6,word,other,3.0
1088.0,990.7021331787108,1111.9857501983643,0.3687014877796173,0.7757906317710876,0.3869930207729339,0.7722123265266418,2.66131591796875,2.284210205078125,Fixation,958.0111545065175,1110.2771093534386,180.0,4.0,True,6,word,other,3.0
1092.0,968.8879394531249,1125.3344821929932,0.3645167052745819,0.7710276246070862,0.3784718513488769,0.7814822793006897,2.6486053466796875,2.333038330078125,Fixation,958.0111545065175,1110.2771093534386,180.0,4.0,True,6,word,other,3.0
1096.0,970.8936309814453,1126.5467548370361,0.3621802031993866,0.7708243131637573,0.3792553246021271,0.7823241353034973,2.6524658203125,2.33184814453125,Fixation,958.0111545065175,1110.2771093534386,180.0,4.0,True,6,word,other,3.0
1100.0,991.9223022460936,1117.5571918487549,0.3675079345703125,0.7733491659164429,0.3874696493148803,0.776081383228302,2.660491943359375,2.3153076171875,Fixation,958.0111545065175,1110.2771093534386,180.0,4.0,True,6,word,other,3.0
1104.0,972.9463958740234,1121.9808197021484,0.3662331104278564,0.7780646085739136,0.3800571858882904,0.7791533470153809,2.644256591796875,2.307098388671875,Fixation,958.0111545065175,1110.2771093534386,180.0,4.0,True,6,word,other,3.0
1108.0,959.9391174316406,1105.9258460998535,0.3667410612106323,0.7718216180801392,0.3749762177467346,0.7680040597915649,2.6548309326171875,2.297393798828125,Fixation,958.0111545065175,1110.2771093534386,180.0,4.0,True,6,word,other,3.0
1112.0,1014.9575042724608,1179.226541519165,0.3634436428546905,0.7734787464141846,0.39646777510643,0.8189073204994202,2.6400604248046875,2.426910400390625,Fixation,958.0111545065175,1110.2771093534386,180.0,4.0,True,6,word,other,3.0
1116.0,922.274169921875,1126.0509967803955,0.3630262613296509,0.7777526378631592,0.3602633476257324,0.7819798588752747,2.653717041015625,2.33392333984375,Fixation,958.0111545065175,1110.2771093534386,180.0,4.0,True,6,word,other,3.0
1120.0,959.2674255371093,1097.567481994629,0.3583415448665619,0.76774001121521,0.3747138381004333,0.7621996402740479,2.64581298828125,2.2997283935546875,Fixation,958.0111545065175,1110.2771093534386,180.0,4.0,True,6,word,other,3.0
1124.0,961.7047119140624,1111.3811588287354,0.3639649450778961,0.7803829908370972,0.3756659030914306,0.771792471408844,2.661956787109375,2.328826904296875,Fixation,958.0111545065175,1110.2771093534386,180.0,4.0,True,6,word,other,3.0
1128.0,940.7709503173827,1123.9637660980225,0.3638180792331695,0.7732706665992737,0.3674886524677276,0.7805303931236267,2.66259765625,2.345687866210937,Fixation,958.0111545065175,1110.2771093534386,180.0,4.0,True,6,word,other,3.0
1132.0,969.6739959716797,1114.0599346160889,0.3694431483745575,0.7739547491073608,0.3787789046764374,0.7736527323722839,2.677001953125,2.3042755126953125,Fixation,958.0111545065175,1110.2771093534386,180.0,4.0,True,6,word,other,3.0
1136.0,937.3842620849608,1109.4877338409424,0.3661657273769378,0.7704775929450989,,,2.66058349609375,,Fixation,958.0111545065175,1110.2771093534386,180.0,4.0,True,6,word,other,3.0
1140.0,925.0894927978514,1114.6194648742676,0.3640255331993103,0.7731460332870483,0.3613630831241607,0.7740412950515747,2.6850128173828125,2.30230712890625,Fixation,958.0111545065175,1110.2771093534386,180.0,4.0,True,6,word,other,3.0
1144.0,927.3230743408202,1096.2304973602295,0.3651858270168304,0.7783126831054688,0.3622355759143829,0.7612711787223816,2.68646240234375,2.273666381835937,Fixation,958.0111545065175,1110.2771093534386,180.0,4.0,True,6,word,other,3.0
1148.0,993.1338500976562,1133.8081169128418,0.3591887652873993,0.7719438076019287,0.387942910194397,0.7873667478561401,2.680526733398437,2.389007568359375,Fixation,958.0111545065175,1110.2771093534386,180.0,4.0,True,6,word,other,3.0
1152.0,944.2014312744141,1057.5630855560303,0.3648207783699035,0.7730376720428467,0.368828684091568,0.7344188094139099,2.6692047119140625,2.222030639648437,Fixation,958.0111545065175,1110.2771093534386,180.0,4.0,True,6,word,other,3.0
1156.0,928.1170654296875,1132.9600238800049,0.3670937120914459,0.775143563747406,0.3625457286834717,0.7867777943611145,2.68682861328125,2.3581695556640625,Fixation,958.0111545065175,1110.2771093534386,180.0,4.0,True,6,word,other,3.0
1160.0,937.3883819580078,1100.4285621643066,0.3652687966823578,0.7732341289520264,0.3661673367023468,0.7641865015029907,2.6605987548828125,2.3095245361328125,Fixation,958.0111545065175,1110.2771093534386,180.0,4.0,True,6,word,other,3.0
1164.0,960.011978149414,1103.4275722503662,0.3674838840961456,0.7734442353248596,0.3750046789646148,0.7662691473960876,2.695343017578125,2.2826690673828125,Fixation,958.0111545065175,1110.2771093534386,180.0,4.0,True,6,word,other,3.0
1168.0,917.9858398437499,1111.7743492126465,0.3577794730663299,0.7726522088050842,0.3585882186889648,0.7720655202865601,2.6643218994140625,2.343856811523437,Fixation,958.0111545065175,1110.2771093534386,180.0,4.0,True,6,word,other,3.0
1172.0,948.86962890625,1097.92573928833,0.3660007417201996,0.7710488438606262,0.3706521987915039,0.7624484300613403,2.660263061523437,2.2699737548828125,Fixation,958.0111545065175,1110.2771093534386,180.0,4.0,True,6,word,other,3.0
1176.0,951.3079833984374,1086.1783504486084,0.3650944232940674,0.7740300893783569,0.3716046810150146,0.7542905211448669,2.66583251953125,2.269256591796875,Fixation,958.0111545065175,1110.2771093534386,180.0,4.0,True,6,word,other,3.0
1180.0,933.1832122802734,1106.6485404968262,0.3645246922969818,0.7685059309005737,,,2.665878295898437,,Fixation,958.0111545065175,1110.2771093534386,180.0,4.0,True,6,word,other,3.0
1184.0,933.7538909912109,1114.1216468811035,0.3635084331035614,0.7748264074325562,0.3647476136684418,0.7736955881118774,2.6656036376953125,2.32275390625,Fixation,958.0111545065175,1110.2771093534386,180.0,4.0,True,6,word,other,3.0
1188.0,926.5079498291016,1100.6206512451172,0.365671306848526,0.772445559501648,0.3619171679019928,0.764319896697998,2.6649932861328125,2.292343139648437,Fixation,958.0111545065175,1110.2771093534386,180.0,4.0,True,6,word,other,3.0
1192.0,918.1124877929688,1102.467212677002,0.3731800317764282,0.7750492095947266,0.3586376905441284,0.7656022310256958,2.671249389648437,2.2961883544921875,Fixation,958.0111545065175,1110.2771093534386,180.0,4.0,True,6,word,other,3.0
1196.0,958.8790130615234,1095.5138969421387,0.3652947247028351,0.7774259448051453,0.3745621144771576,0.7607735395431519,2.669540405273437,2.296981811523437,Fixation,958.0111545065175,1110.2771093534386,180.0,4.0,True,6,word,other,3.0
1200.0,1019.8946380615234,1083.6653137207031,0.3691455125808716,0.7781663537025452,0.3983963429927826,0.7525453567504883,2.6701812744140625,2.233673095703125,Fixation,958.0111545065175,1110.2771093534386,180.0,4.0,True,6,word,other,3.0
1204.0,927.0122528076171,1127.3921871185303,0.3674214780330658,0.7774721384048462,0.3621141612529754,0.7829112410545349,2.6568145751953125,2.3251953125,Fixation,958.0111545065175,1110.2771093534386,180.0,4.0,True,6,word,other,3.0
1208.0,1036.7916107177732,1195.1775741577148,0.3708736002445221,0.7731797695159912,0.4049967229366302,0.8299844264984131,2.6829833984375,2.4747467041015625,Fixation,958.0111545065175,1110.2771093534386,180.0,4.0,True,6,word,other,3.0
1212.0,940.9957885742188,1105.6326484680176,0.3671920895576477,0.7698383927345276,0.3675764799118042,0.7678004503250122,2.66033935546875,2.3411407470703125,Fixation,958.0111545065175,1110.2771093534386,180.0,4.0,True,6,word,other,3.0
1216.0,941.8279266357422,1099.2899322509766,0.3673950731754303,0.7727675437927246,0.3679015338420868,0.7633957862854004,2.6609649658203125,2.3434600830078125,Fixation,958.0111545065175,1110.2771093534386,180.0,4.0,True,6,word,other,3.0
1220.0,935.1168060302733,1092.005910873413,0.3683352768421173,0.7742843627929688,0.3652800023555755,0.7583374381065369,2.6519317626953125,2.2826385498046875,Fixation,958.0111545065175,1110.2771093534386,180.0,4.0,True,6,word,other,3.0
1224.0,997.040786743164,1107.8315448760986,0.3671433329582214,0.7694517970085144,0.3894690573215484,0.7693274617195129,2.654632568359375,2.3549346923828125,Fixation,958.0111545065175,1110.2771093534386,180.0,4.0,True,6,word,other,3.0
1228.0,953.5523223876953,1129.5007038116455,0.3682589828968048,0.775530993938446,0.3724813759326935,0.7843754887580872,2.663055419921875,2.3454742431640625,Fixation,958.0111545065175,1110.2771093534386,180.0,4.0,True,6,word,other,3.0
1232.0,950.4442596435546,1097.3061275482178,0.3668957352638244,0.777575671672821,0.3712672889232635,0.7620181441307068,2.6541290283203125,2.32354736328125,Fixation,958.0111545065175,1110.2771093534386,180.0,4.0,True,6,word,other,3.0
1236.0,988.2617950439452,1087.2976684570312,0.3689144253730774,0.77607661485672,0.3860397636890411,0.7550678253173828,2.658538818359375,2.3095855712890625,Fixation,958.0111545065175,1110.2771093534386,180.0,4.0,True,6,word,other,3.0
1240.0,961.7625427246093,1098.7710857391357,0.3694025874137878,0.7789149880409241,0.3756884932518005,0.7630354762077332,2.6431884765625,2.2635955810546875,Fixation,958.0111545065175,1110.2771093534386,180.0,4.0,True,6,word,other,3.0
1244.0,957.4122619628905,1092.2714710235596,0.3644422590732574,0.7694481611251831,0.3739891648292541,0.7585218548774719,2.650909423828125,2.2964630126953125,Fixation,958.0111545065175,1110.2771093534386,180.0,4.0,True,6,word,other,3.0
1248.0,973.9891052246093,1109.2814826965332,0.3650327324867248,0.7743359208106995,0.380464494228363,0.7703343629837036,2.6556396484375,2.35772705078125,Fixation,958.0111545065175,1110.2771093534386,180.0,4.0,True,6,word,other,3.0
1252.0,972.3881530761718,1093.6418437957764,0.3676208257675171,0.7758723497390747,0.3798391222953796,0.7594735026359558,2.6547088623046875,2.2881317138671875,Fixation,958.0111545065175,1110.2771093534386,180.0,4.0,True,6,word,other,3.0
1256.0,984.6111297607422,1111.455659866333,0.3606024980545044,0.7689478993415833,0.3846137225627899,0.771844208240509,2.64178466796875,2.2612457275390625,Fixation,958.0111545065175,1110.2771093534386,180.0,4.0,True,6,word,other,3.0
1260.0,963.1321716308593,1091.2275981903076,0.3597263991832733,0.7740592956542969,0.3762235045433044,0.7577969431877136,2.643905639648437,2.2773895263671875,Fixation,958.0111545065175,1110.2771093534386,180.0,4.0,True,6,word,other,3.0
1264.0,931.5276336669922,1095.3746795654297,0.3591607809066772,0.7797930836677551,0.3638779819011688,0.7606768608093262,2.65057373046875,2.293197631835937,Fixation,958.0111545065175,1110.2771093534386,180.0,4.0,True,6,word,other,3.0
1268.0,894.8136901855468,1099.4278621673584,0.3489471673965454,0.769870936870575,0.3495365977287292,0.7634915709495544,2.644134521484375,2.32781982421875,Fixation,896.5109093983968,1107.1121817827225,188.0,5.0,True,7,word,and,2.0
1272.0,916.5741729736328,1078.033618927002,0.3431075513362884,0.7747308611869812,0.3580367863178253,0.7486344575881958,2.657333374023437,2.27587890625,Fixation,896.5109093983968,1107.1121817827225,188.0,5.0,True,7,word,and,2.0
1276.0,890.8641052246093,1103.2385730743408,0.3344567120075226,0.7737255096435547,0.347993791103363,0.7661378979682922,2.629730224609375,2.307525634765625,Fixation,896.5109093983968,1107.1121817827225,188.0,5.0,True,7,word,and,2.0
1280.0,868.567886352539,1127.504711151123,0.3349297046661377,0.776063084602356,0.3392843306064605,0.7829893827438354,2.642608642578125,2.3740997314453125,Fixation,896.5109093983968,1107.1121817827225,188.0,5.0,True,7,word,and,2.0
1284.0,881.0668182373046,1113.123607635498,0.3364544212818146,0.7841559648513794,0.3441667258739471,0.7730025053024292,2.6517486572265625,2.3278045654296875,Fixation,896.5109093983968,1107.1121817827225,188.0,5.0,True,7,word,and,2.0
1288.0,897.7787017822264,1115.4119396209717,0.3398333787918091,0.7762406468391418,0.3506948053836822,0.7745916247367859,2.6444854736328125,2.333221435546875,Fixation,896.5109093983968,1107.1121817827225,188.0,5.0,True,7,word,and,2.0
1292.0,880.6633758544922,1101.4613628387451,0.341006726026535,0.7791507244110107,0.344009131193161,0.764903724193573,2.6446075439453125,2.3306121826171875,Fixation,896.5109093983968,1107.1121817827225,188.0,5.0,True,7,word,and,2.0
1296.0,882.3432922363281,1102.4809455871582,0.3420069217681885,0.7767857909202576,0.3446653485298157,0.7656117677688599,2.644515991210937,2.2877197265625,Fixation,896.5109093983968,1107.1121817827225,188.0,5.0,True,7,word,and,2.0
1300.0,905.7099151611328,1122.958517074585,0.3423829972743988,0.7797929048538208,0.3537929356098175,0.7798323035240173,2.643218994140625,2.339096069335937,Fixation,896.5109093983968,1107.1121817827225,188.0,5.0,True,7,word,and,2.0
1304.0,910.6844329833984,1090.4966640472412,0.3353624641895294,0.7789921164512634,0.35573610663414,0.7572893500328064,2.6250457763671875,2.269866943359375,Fixation,896.5109093983968,1107.1121817827225,188.0,5.0,True,7,word,and,2.0
1308.0,848.6125183105469,1114.0692901611328,0.3381577432155609,0.7778550982475281,0.3314892649650574,0.7736592292785645,2.636703491210937,2.3326416015625,Fixation,896.5109093983968,1107.1121817827225,188.0,5.0,True,7,word,and,2.0
1312.0,877.5205993652344,1108.6684799194336,0.3444632291793823,0.7771903276443481,0.3427814841270447,0.7699086666107178,2.633163452148437,2.328964233398437,Fixation,896.5109093983968,1107.1121817827225,188.0,5.0,True,7,word,and,2.0
1316.0,876.8121337890624,1120.7148170471191,0.3404160141944885,0.7737858891487122,0.3425047397613525,0.7782741785049438,2.60888671875,2.314804077148437,Fixation,896.5109093983968,1107.1121817827225,188.0,5.0,True,7,word,and,2.0
1320.0,900.5965423583984,1108.3197498321533,0.3417999446392059,0.772515058517456,0.3517955243587494,0.7696664929389954,2.6367645263671875,2.3016815185546875,Fixation,896.5109093983968,1107.1121817827225,188.0,5.0,True,7,word,and,2.0
1324.0,905.6785583496093,1134.1639709472656,0.3466625213623047,0.7775079011917114,0.3537806868553161,0.7876138687133789,2.6449127197265625,2.3321075439453125,Fixation,896.5109093983968,1107.1121817827225,188.0,5.0,True,7,word,and,2.0
1328.0,889.4511413574219,1093.5983276367188,0.3417831659317016,0.778732180595398,0.3474418520927429,0.7594432830810547,2.632598876953125,2.296615600585937,Fixation,896.5109093983968,1107.1121817827225,188.0,5.0,True,7,word,and,2.0
1332.0,910.5397033691405,1109.6851444244385,0.3430287837982178,0.7784166932106018,0.3556795716285705,0.7706146836280823,2.620147705078125,2.3061676025390625,Fixation,896.5109093983968,1107.1121817827225,188.0,5.0,True,7,word,and,2.0
1336.0,917.3483276367186,1088.6261558532715,0.3416184782981872,0.77882319688797,0.3583391904830932,0.7559903860092163,2.61285400390625,2.248565673828125,Fixation,896.5109093983968,1107.1121817827225,188.0,5.0,True,7,word,and,2.0
1340.0,918.8381195068359,1108.3803462982178,0.340823084115982,0.7736123204231262,0.3589211404323578,0.7697085738182068,2.617340087890625,2.290618896484375,Fixation,896.5109093983968,1107.1121817827225,188.0,5.0,True,7,word,and,2.0
1344.0,868.7943267822264,1089.1945266723633,0.3408108353614807,0.7741925120353699,0.3393727838993072,0.756385087966919,2.6047821044921875,2.277450561523437,Fixation,896.5109093983968,1107.1121817827225,188.0,5.0,True,7,word,and,2.0
1348.0,893.2484436035156,1116.108283996582,0.3417395353317261,0.7746766209602356,0.3489251732826233,0.7750751972198486,2.614730834960937,2.30975341796875,Fixation,896.5109093983968,1107.1121817827225,188.0,5.0,True,7,word,and,2.0
1352.0,881.559600830078,1100.2431678771973,0.3411060273647308,0.7752159237861633,0.3443592190742492,0.7640577554702759,2.6079254150390625,2.2558746337890625,Fixation,896.5109093983968,1107.1121817827225,188.0,5.0,True,7,word,and,2.0
1356.0,878.185577392578,1093.1425666809082,0.3383740484714508,0.775513768196106,0.3430412411689758,0.7591267824172974,2.608062744140625,2.2894287109375,Fixation,896.5109093983968,1107.1121817827225,188.0,5.0,True,7,word,and,2.0
1360.0,876.5239715576172,1092.6680088043213,0.3427614569664001,0.7745080590248108,0.3423921763896942,0.7587972283363342,2.602325439453125,2.26971435546875,Fixation,896.5109093983968,1107.1121817827225,188.0,5.0,True,7,word,and,2.0
1364.0,880.1092529296875,1107.5892448425293,0.3441138863563537,0.7785630822181702,0.3437926769256592,0.769159197807312,2.59637451171875,2.288970947265625,Fixation,896.5109093983968,1107.1121817827225,188.0,5.0,True,7,word,and,2.0
1368.0,882.6486968994141,1106.989974975586,0.3493077754974365,0.7740117311477661,0.3447846472263336,0.7687430381774902,2.618408203125,2.274765014648437,Fixation,896.5109093983968,1107.1121817827225,188.0,5.0,True,7,word,and,2.0
1372.0,866.8860626220703,1097.690134048462,0.3467794954776764,0.7838927507400513,0.3386273682117462,0.7622848153114319,2.627899169921875,2.256256103515625,Fixation,896.5109093983968,1107.1121817827225,188.0,5.0,True,7,word,and,2.0
1376.0,907.5102996826171,1120.5158615112305,0.3444171845912933,0.7802872657775879,0.3544962108135223,0.7781360149383545,2.6146697998046875,2.3457794189453125,Fixation,896.5109093983968,1107.1121817827225,188.0,5.0,True,7,word,and,2.0
1380.0,886.1562347412109,1125.102138519287,0.3415755331516266,0.7796008586883545,0.3461547791957855,0.7813209295272827,2.603302001953125,2.2959442138671875,Fixation,896.5109093983968,1107.1121817827225,188.0,5.0,True,7,word,and,2.0
1384.0,873.7621307373046,1096.1160850524902,0.3416961133480072,0.7765727639198303,0.3413133323192596,0.761191725730896,2.60833740234375,2.2867889404296875,Fixation,896.5109093983968,1107.1121817827225,188.0,5.0,True,7,word,and,2.0
1388.0,876.314239501953,1108.8836574554443,0.3423020839691162,0.7798925042152405,0.3423102498054504,0.7700580954551697,2.5845489501953125,2.2696685791015625,Fixation,896.5109093983968,1107.1121817827225,188.0,5.0,True,7,word,and,2.0
1392.0,878.2168579101562,1109.66703414917,0.3368568420410156,0.7768460512161255,0.3430534601211548,0.7706021070480347,2.5857696533203125,2.33758544921875,Fixation,896.5109093983968,1107.1121817827225,188.0,5.0,True,7,word,and,2.0
1396.0,883.3397674560546,1067.8009700775146,0.3374238908290863,0.7724226713180542,0.3450545966625213,0.7415284514427185,2.588119506835937,2.231201171875,Fixation,896.5109093983968,1107.1121817827225,188.0,5.0,True,7,word,and,2.0
1400.0,893.1724548339843,1130.0713920593262,0.3307631015777588,0.7760283350944519,0.3488954901695251,0.7847718000411987,2.5713653564453125,2.309112548828125,Fixation,896.5109093983968,1107.1121817827225,188.0,5.0,True,7,word,and,2.0
1404.0,899.1835784912109,1111.0172367095947,0.3393153548240661,0.7800677418708801,0.3512435853481293,0.7715397477149963,2.578338623046875,2.3029022216796875,Fixation,896.5109093983968,1107.1121817827225,188.0,5.0,True,7,word,and,2.0
1408.0,894.4732666015624,1124.9412059783936,0.3375014662742615,0.773270845413208,0.3494036197662353,0.7812091708183289,2.5858306884765625,2.291976928710937,Fixation,896.5109093983968,1107.1121817827225,188.0,5.0,True,7,word,and,2.0
1412.0,893.4469604492188,1105.2568817138672,0.3402018249034881,0.7739653587341309,0.3490027189254761,0.7675395011901855,2.587371826171875,2.2561187744140625,Fixation,896.5109093983968,1107.1121817827225,188.0,5.0,True,7,word,and,2.0
1416.0,890.4583740234375,1109.5927047729492,0.3410225808620453,0.7783380150794983,0.3478353023529053,0.7705504894256592,2.583114624023437,2.2963409423828125,Fixation,896.5109093983968,1107.1121817827225,188.0,5.0,True,7,word,and,2.0
1420.0,887.3933410644531,1109.3611335754395,0.3391005098819732,0.7732542157173157,0.346638023853302,0.7703896760940552,2.58135986328125,2.2648468017578125,Fixation,896.5109093983968,1107.1121817827225,188.0,5.0,True,7,word,and,2.0
1424.0,865.542755126953,1111.9643783569336,0.3428574502468109,0.78190678358078,0.338102638721466,0.7721974849700928,2.6026153564453125,2.279388427734375,Fixation,896.5109093983968,1107.1121817827225,188.0,5.0,True,7,word,and,2.0
1428.0,902.8852081298828,1131.0556983947754,0.3428883552551269,0.7805904150009155,0.3526895344257355,0.7854553461074829,2.586044311523437,2.2864227294921875,Fixation,896.5109093983968,1107.1121817827225,188.0,5.0,True,7,word,and,2.0
1432.0,868.0665588378906,1095.6546592712402,0.3406920433044433,0.7871861457824707,0.339088499546051,0.7608712911605835,2.5928192138671875,2.2662506103515625,Fixation,896.5109093983968,1107.1121817827225,188.0,5.0,True,7,word,and,2.0
1436.0,882.4604034423828,1104.2623615264893,0.3374166488647461,0.7746853232383728,0.3447110950946808,0.7668488621711731,2.5826568603515625,2.2150421142578125,Fixation,896.5109093983968,1107.1121817827225,188.0,5.0,True,7,word,and,2.0
1440.0,888.8187408447266,1075.7329273223877,0.3425341546535492,0.7767924070358276,0.3471948206424713,0.7470367550849915,2.5836181640625,2.244049072265625,Fixation,896.5109093983968,1107.1121817827225,188.0,5.0,True,7,word,and,2.0
1444.0,941.872329711914,1116.1802959442139,0.3462976515293121,0.7759864926338196,0.3679188787937164,0.7751252055168152,2.5785369873046875,2.2876739501953125,Fixation,896.5109093983968,1107.1121817827225,188.0,5.0,True,7,word,and,2.0
1448.0,983.5404968261719,1149.7643852233887,0.3644004166126251,0.770561933517456,0.3841955065727234,0.7984474897384644,2.576080322265625,2.3531036376953125,Fixation,896.5109093983968,1107.1121817827225,188.0,5.0,True,7,word,and,2.0
1452.0,1021.8994903564452,1102.8629779815674,0.3786638081073761,0.7659578323364258,0.3991794884204864,0.7658770680427551,2.5559539794921875,2.241729736328125,Fixation,896.5109093983968,1107.1121817827225,188.0,5.0,True,7,word,and,2.0
1456.0,1011.5901947021483,1091.590747833252,0.3889468014240265,0.7666047215461731,0.3951524198055267,0.7580491304397583,2.565399169921875,2.248397827148437,Fixation,896.5109093983968,1107.1121817827225,188.0,5.0,True,7,word,and,2.0
1460.0,1099.5155334472654,1091.5762424468994,0.4007907807826996,0.7677655816078186,0.4294982552528381,0.7580390572547913,2.5733795166015625,2.22650146484375,Fixation,1076.5614947150734,1103.5210199917065,200.0,6.0,True,8,word,electronics,4.0
1464.0,1105.3663635253906,1112.6581478118896,0.4124152362346649,0.7738993763923645,0.4317837357521057,0.7726792693138123,2.578216552734375,2.263916015625,Fixation,1076.5614947150734,1103.5210199917065,200.0,6.0,True,8,word,electronics,4.0
1468.0,1117.0326232910156,1103.6079025268555,0.4150155484676361,0.7634238600730896,0.436340868473053,0.7663943767547607,2.5609283447265625,2.272247314453125,Fixation,1076.5614947150734,1103.5210199917065,200.0,6.0,True,8,word,electronics,4.0
1472.0,1140.1661682128906,1151.2478828430176,0.4199812710285187,0.7643428444862366,0.4453774094581604,0.7994776964187622,2.587005615234375,2.4185028076171875,Fixation,1076.5614947150734,1103.5210199917065,200.0,6.0,True,8,word,electronics,4.0
1476.0,1059.0667724609375,1099.4886302947998,0.4150277078151703,0.7692576050758362,0.4136979579925537,0.7635337710380554,2.5475311279296875,2.2615203857421875,Fixation,1076.5614947150734,1103.5210199917065,200.0,6.0,True,8,word,electronics,4.0
1480.0,1131.8675231933594,1132.238187789917,0.4125538170337677,0.7643283009529114,0.442135751247406,0.7862765192985535,2.5447540283203125,2.3743133544921875,Fixation,1076.5614947150734,1103.5210199917065,200.0,6.0,True,8,word,electronics,4.0
1484.0,1066.910171508789,1109.1402053833008,0.4168566763401031,0.7703730463981628,0.4167617857456207,0.7702362537384033,2.554916381835937,2.3122711181640625,Fixation,1076.5614947150734,1103.5210199917065,200.0,6.0,True,8,word,electronics,4.0
1488.0,1104.5458984374998,1096.5600872039795,0.4140577912330627,0.7678892016410828,0.4314632415771484,0.7615000605583191,2.5381317138671875,2.2459259033203125,Fixation,1076.5614947150734,1103.5210199917065,200.0,6.0,True,8,word,electronics,4.0
1492.0,1093.3957672119138,1120.3062629699707,0.4185504019260406,0.77012699842453,0.4271077215671539,0.777990460395813,2.5606689453125,2.3065338134765625,Fixation,1076.5614947150734,1103.5210199917065,200.0,6.0,True,8,word,electronics,4.0
1496.0,1079.4159698486328,1115.7712268829346,0.4151937961578369,0.7630095481872559,0.4216468632221222,0.7748411297798157,2.5339508056640625,2.2970428466796875,Fixation,1076.5614947150734,1103.5210199917065,200.0,6.0,True,8,word,electronics,4.0
1500.0,1070.1171875,1097.9871082305908,0.4122278988361358,0.7592393755912781,0.4180145263671875,0.7624910473823547,2.528778076171875,2.283660888671875,Fixation,1076.5614947150734,1103.5210199917065,200.0,6.0,True,8,word,electronics,4.0
1504.0,1102.2542572021482,1103.9029026031494,0.4110098779201507,0.7682570815086365,0.4305680692195892,0.7665992379188538,2.5346832275390625,2.30242919921875,Fixation,1076.5614947150734,1103.5210199917065,200.0,6.0,True,8,word,electronics,4.0
1508.0,1100.1334381103516,1126.3835048675537,0.4134401381015777,0.7640520334243774,0.4297396242618561,0.7822107672691345,2.5441436767578125,2.302520751953125,Fixation,1076.5614947150734,1103.5210199917065,200.0,6.0,True,8,word,electronics,4.0
1512.0,1090.936279296875,1103.530569076538,0.4154554605484009,0.7637004256248474,0.4261469841003418,0.7663406729698181,2.53955078125,2.2504119873046875,Fixation,1076.5614947150734,1103.5210199917065,200.0,6.0,True,8,word,electronics,4.0
1516.0,1108.2064056396482,1125.4918098449707,0.4142302572727203,0.7661086916923523,0.4328931272029876,0.781591534614563,2.536895751953125,2.337631225585937,Fixation,1076.5614947150734,1103.5210199917065,200.0,6.0,True,8,word,electronics,4.0
1520.0,1103.3852386474607,1098.8842964172363,0.4118984043598175,0.7718865275382996,0.4310098588466644,0.7631140947341919,2.527679443359375,2.23712158203125,Fixation,1076.5614947150734,1103.5210199917065,200.0,6.0,True,8,word,electronics,4.0
1524.0,1061.5172576904297,1141.821527481079,0.4109006226062774,0.7680960893630981,0.4146551787853241,0.7929316163063049,2.532684326171875,2.3282012939453125,Fixation,1076.5614947150734,1103.5210199917065,200.0,6.0,True,8,word,electronics,4.0
1528.0,1073.8025665283203,1117.5221729278564,0.4031494557857513,0.766570508480072,0.4194541275501251,0.7760570645332336,2.5332794189453125,2.2384796142578125,Fixation,1076.5614947150734,1103.5210199917065,200.0,6.0,True,8,word,electronics,4.0
1532.0,1108.8719177246091,1111.1407470703125,0.4081277549266815,0.7629004120826721,0.4331530928611755,0.7716255187988281,2.5327301025390625,2.2531890869140625,Fixation,1076.5614947150734,1103.5210199917065,200.0,6.0,True,8,word,electronics,4.0
1536.0,1126.2379455566404,1119.1104698181152,0.4097703993320465,0.7662255764007568,0.4399366974830627,0.7771600484848022,2.541732788085937,2.2417755126953125,Fixation,1076.5614947150734,1103.5210199917065,200.0,6.0,True,8,word,electronics,4.0
1540.0,1077.4994659423828,1114.651222229004,0.4105730354785919,0.7629061937332153,0.4208982288837433,0.7740633487701416,2.535308837890625,2.295013427734375,Fixation,1076.5614947150734,1103.5210199917065,200.0,6.0,True,8,word,electronics,4.0
1544.0,1089.4852447509766,1106.7947959899902,0.4135714769363403,0.770602822303772,0.4255801737308502,0.768607497215271,2.565185546875,2.276153564453125,Fixation,1076.5614947150734,1103.5210199917065,200.0,6.0,True,8,word,electronics,4.0
1548.0,1049.3359375,1037.032470703125,0.4125469326972961,0.7698236703872681,0.4098968505859375,0.7201614379882812,2.55645751953125,2.132553100585937,Fixation,1076.5614947150734,1103.5210199917065,200.0,6.0,True,8,word,electronics,4.0
1552.0,1083.1288146972656,1075.422477722168,0.4148421585559845,0.764415979385376,0.4230971932411194,0.7468211650848389,2.555877685546875,2.1924591064453125,Fixation,1076.5614947150734,1103.5210199917065,200.0,6.0,True,8,word,electronics,4.0
1556.0,1084.264450073242,1110.1150703430176,0.410998672246933,0.7604345679283142,0.4235408008098602,0.7709132432937622,2.544296264648437,2.314422607421875,Fixation,1076.5614947150734,1103.5210199917065,200.0,6.0,True,8,word,electronics,4.0
1560.0,1115.5600738525388,1104.2187595367432,0.4133640825748443,0.7621475458145142,0.435765653848648,0.7668185830116272,2.540008544921875,2.271697998046875,Fixation,1076.5614947150734,1103.5210199917065,200.0,6.0,True,8,word,electronics,4.0
1564.0,1073.9911651611328,1089.6341514587402,0.4130979776382446,0.768140971660614,0.4195277988910675,0.7566903829574585,2.546783447265625,2.2534942626953125,Fixation,1076.5614947150734,1103.5210199917065,200.0,6.0,True,8,word,electronics,4.0
1568.0,1091.8740081787107,1105.7884311676025,0.4101185500621795,0.7626045942306519,0.4265132844448089,0.7679086327552795,2.539779663085937,2.323486328125,Fixation,1076.5614947150734,1103.5210199917065,200.0,6.0,True,8,word,electronics,4.0
1572.0,1103.1041717529295,1105.6337642669678,0.4168062806129455,0.7648634314537048,0.4309000670909881,0.7678012251853943,2.52777099609375,2.282135009765625,Fixation,1076.5614947150734,1103.5210199917065,200.0,6.0,True,8,word,electronics,4.0
1576.0,1077.5511932373045,1092.5925636291504,0.4130910336971283,0.773715615272522,0.4209184348583221,0.7587448358535767,2.533111572265625,2.249008178710937,Fixation,1076.5614947150734,1103.5210199917065,200.0,6.0,True,8,word,electronics,4.0
1580.0,1044.3707275390625,1127.3419761657715,0.4175944626331329,0.7623586058616638,0.4079573154449463,0.7828763723373413,2.50250244140625,2.298309326171875,Fixation,1076.5614947150734,1103.5210199917065,200.0,6.0,True,8,word,electronics,4.0
1584.0,1072.5543212890623,1100.2043724060059,0.409417450428009,0.7629849910736084,0.41896653175354,0.7640308141708374,2.537628173828125,2.25384521484375,Fixation,1076.5614947150734,1103.5210199917065,200.0,6.0,True,8,word,electronics,4.0
1588.0,1069.2082977294922,1102.6917457580566,0.410209447145462,0.7714030742645264,0.4176594913005829,0.7657581567764282,2.536956787109375,2.27301025390625,Fixation,1076.5614947150734,1103.5210199917065,200.0,6.0,True,8,word,electronics,4.0
1592.0,1051.6963195800781,1101.806058883667,0.4161360561847687,0.7713395953178406,0.410818874835968,0.765143096446991,2.5341033935546875,2.2741851806640625,Fixation,1076.5614947150734,1103.5210199917065,200.0,6.0,True,8,word,electronics,4.0
1596.0,1052.758865356445,1052.0044326782227,0.4154473543167114,0.7701765298843384,0.4112339317798614,0.7305586338043213,2.5574188232421875,2.188079833984375,Fixation,1076.5614947150734,1103.5210199917065,200.0,6.0,True,8,word,electronics,4.0
1600.0,1085.2581024169922,1102.6689147949219,0.4098561704158783,0.7691184282302856,0.4239289462566376,0.765742301940918,2.5319976806640625,2.28515625,Fixation,1076.5614947150734,1103.5210199917065,200.0,6.0,True,8,word,electronics,4.0
1604.0,1068.4403228759763,1114.1240501403809,0.4149862229824066,0.7748754024505615,0.4173595011234283,0.7736972570419312,2.543441772460937,2.29510498046875,Fixation,1076.5614947150734,1103.5210199917065,200.0,6.0,True,8,word,electronics,4.0
1608.0,1056.8949127197266,1114.601697921753,0.4118794202804565,0.7740270495414734,0.4128495752811432,0.7740289568901062,2.527191162109375,2.317733764648437,Fixation,1076.5614947150734,1103.5210199917065,200.0,6.0,True,8,word,electronics,4.0
1612.0,1073.4599304199219,1096.24174118042,0.4137420654296875,0.7704582810401917,0.419320285320282,0.7612789869308472,2.5288543701171875,2.303207397460937,Fixation,1076.5614947150734,1103.5210199917065,200.0,6.0,True,8,word,electronics,4.0
1616.0,1059.9014282226562,1090.5165767669678,0.4154970645904541,0.7680382132530212,0.4140239953994751,0.7573031783103943,2.5523223876953125,2.2774658203125,Fixation,1076.5614947150734,1103.5210199917065,200.0,6.0,True,8,word,electronics,4.0
1620.0,1069.6015167236326,1101.3375091552734,0.4140117466449737,0.7719764113426208,0.417813092470169,0.7648177146911621,2.5366668701171875,2.2668914794921875,Fixation,1076.5614947150734,1103.5210199917065,200.0,6.0,True,8,word,electronics,4.0
1624.0,1063.5021972656248,1085.3335189819336,0.4167453348636627,0.780493438243866,0.4154305458068847,0.7537038326263428,2.5396728515625,2.274017333984375,Fixation,1076.5614947150734,1103.5210199917065,200.0,6.0,True,8,word,electronics,4.0
1628.0,1076.0367584228516,1080.0061798095703,0.4192092418670654,0.7666743397712708,0.4203268587589264,0.7500042915344238,2.52642822265625,2.183380126953125,Fixation,1076.5614947150734,1103.5210199917065,200.0,6.0,True,8,word,electronics,4.0
1632.0,1113.1227111816404,1083.7516593933105,0.4179111421108246,0.7779553532600403,0.4348135590553283,0.7526053190231323,2.5216522216796875,2.26751708984375,Fixation,1076.5614947150734,1103.5210199917065,200.0,6.0,True,8,word,electronics,4.0
1636.0,1036.219482421875,1109.9969673156738,0.4102970063686371,0.7701687812805176,0.4047732353210449,0.7708312273025513,2.526611328125,2.269760131835937,Fixation,1076.5614947150734,1103.5210199917065,200.0,6.0,True,8,word,electronics,4.0
1640.0,1062.7464294433591,1107.5548267364502,0.3923672139644623,0.7726110816001892,0.4151353240013122,0.7691352963447571,2.5587310791015625,2.239242553710937,Fixation,1076.5614947150734,1103.5210199917065,200.0,6.0,True,8,word,electronics,4.0
1644.0,1030.4589080810547,1084.9201583862305,0.3729261457920074,0.7736771702766418,0.402523010969162,0.7534167766571045,2.5327606201171875,2.271820068359375,Fixation,1076.5614947150734,1103.5210199917065,200.0,6.0,True,8,word,electronics,4.0
1648.0,999.1706085205077,1096.6486644744873,0.3751882016658783,0.7745145559310913,0.3903010189533233,0.7615615725517273,2.5546417236328125,2.2541961669921875,Fixation,1076.5614947150734,1103.5210199917065,200.0,6.0,True,8,word,electronics,4.0
1652.0,1020.9604644775391,1085.392656326294,0.3796373307704925,0.7731853127479553,0.3988126814365387,0.753744900226593,2.558456420898437,2.217559814453125,Fixation,1076.5614947150734,1103.5210199917065,200.0,6.0,True,8,word,electronics,4.0
1656.0,1015.3623962402343,1121.1688613891602,0.3721285760402679,0.7609964609146118,0.3966259360313415,0.7785894870758057,2.5275115966796875,2.239593505859375,Fixation,1076.5614947150734,1103.5210199917065,200.0,6.0,True,8,word,electronics,4.0
1660.0,994.3717193603514,1101.005859375,0.3717776238918304,0.7690962553024292,0.3884264528751373,0.76458740234375,2.5474853515625,2.2611236572265625,Fixation,1076.5614947150734,1103.5210199917065,200.0,6.0,True,8,word,electronics,4.0
1664.0,980.013198852539,1110.1154136657715,0.3689989447593689,0.7747792601585388,0.382817655801773,0.7709134817123413,2.5461578369140625,2.26385498046875,Fixation,986.9039783143161,1103.8146445625707,224.0,7.0,True,9,word,other,3.0
1668.0,973.8174438476562,1111.5803718566895,0.3755213618278503,0.7661039233207703,0.3803974390029907,0.7719308137893677,2.546966552734375,2.2546844482421875,Fixation,986.9039783143161,1103.8146445625707,224.0,7.0,True,9,word,other,3.0
1672.0,994.4825744628905,1102.7915668487549,0.3789332509040832,0.764796793460846,0.3884697556495666,0.765827476978302,2.5377197265625,2.2720489501953125,Fixation,986.9039783143161,1103.8146445625707,224.0,7.0,True,9,word,other,3.0
1676.0,993.3867645263672,1090.8276271820068,0.3728228807449341,0.7630319595336914,0.3880417048931122,0.7575191855430603,2.5340728759765625,2.2032928466796875,Fixation,986.9039783143161,1103.8146445625707,224.0,7.0,True,9,word,other,3.0
1680.0,992.8431701660155,1109.3485164642334,0.3672552406787872,0.7669551968574524,0.3878293633460998,0.7703809142112732,2.509857177734375,2.2427215576171875,Fixation,986.9039783143161,1103.8146445625707,224.0,7.0,True,9,word,other,3.0
1684.0,982.452392578125,1092.969102859497,0.3711897134780884,0.7730863690376282,0.3837704658508301,0.7590063214302063,2.535018920898437,2.233245849609375,Fixation,986.9039783143161,1103.8146445625707,224.0,7.0,True,9,word,other,3.0
1688.0,966.1483001708984,1127.204303741455,0.3698710203170776,0.7652767300605774,0.3774016797542572,0.7827807664871216,2.514556884765625,2.2953643798828125,Fixation,986.9039783143161,1103.8146445625707,224.0,7.0,True,9,word,other,3.0
1692.0,1013.2408905029297,1077.9845237731934,0.3743197321891784,0.7621832489967346,0.3957972228527069,0.7486003637313843,2.5272216796875,2.2072296142578125,Fixation,986.9039783143161,1103.8146445625707,224.0,7.0,True,9,word,other,3.0
1696.0,986.5674591064453,1106.903886795044,0.3734922111034393,0.7639658451080322,0.3853779137134552,0.7686832547187805,2.52288818359375,2.256866455078125,Fixation,986.9039783143161,1103.8146445625707,224.0,7.0,True,9,word,other,3.0
1700.0,998.0907440185547,1117.9022312164307,0.3724775314331054,0.7643190026283264,0.3898791968822479,0.7763209939002991,2.531768798828125,2.2459259033203125,Fixation,986.9039783143161,1103.8146445625707,224.0,7.0,True,9,word,other,3.0
1704.0,1064.8741912841797,1128.586950302124,0.3686890304088592,0.7670875787734985,0.4159664809703827,0.7837409377098083,2.521591186523437,2.2658843994140625,Fixation,986.9039783143161,1103.8146445625707,224.0,7.0,True,9,word,other,3.0
1708.0,978.8501739501952,1129.053955078125,0.3703294396400451,0.762262225151062,0.382363349199295,0.7840652465820312,2.518707275390625,2.29888916015625,Fixation,986.9039783143161,1103.8146445625707,224.0,7.0,True,9,word,other,3.0
1712.0,962.0056915283203,1106.462802886963,0.3687300980091095,0.7665863633155823,0.3757834732532501,0.7683769464492798,2.522125244140625,2.21923828125,Fixation,986.9039783143161,1103.8146445625707,224.0,7.0,True,9,word,other,3.0
1716.0,998.5710144042968,1116.892433166504,0.3710361123085022,0.7755723595619202,0.3900668025016784,0.7756197452545166,2.5264129638671875,2.245635986328125,Fixation,986.9039783143161,1103.8146445625707,224.0,7.0,True,9,word,other,3.0
1720.0,967.5697326660155,1079.6537590026855,0.3692242801189422,0.7669248580932617,0.3779569268226623,0.7497595548629761,2.535385131835937,2.21124267578125,Fixation,986.9039783143161,1103.8146445625707,224.0,7.0,True,9,word,other,3.0
1724.0,967.5676727294922,1105.708179473877,0.3744121789932251,0.7649887204170227,0.3779561221599579,0.7678529024124146,2.5381317138671875,2.21392822265625,Fixation,986.9039783143161,1103.8146445625707,224.0,7.0,True,9,word,other,3.0
1728.0,979.2868041992188,1110.82763671875,0.3668900728225708,0.7658544182777405,0.3825339078903198,0.7714080810546875,2.508697509765625,2.21209716796875,Fixation,986.9039783143161,1103.8146445625707,224.0,7.0,True,9,word,other,3.0
1732.0,968.8172912597655,1110.9951782226562,0.3681835830211639,0.7681363821029663,0.3784442543983459,0.7715244293212891,2.5157623291015625,2.204818725585937,Fixation,986.9039783143161,1103.8146445625707,224.0,7.0,True,9,word,other,3.0
1736.0,950.0511169433593,1085.3586673736572,0.3731728494167328,0.7638494372367859,0.3711137175559997,0.753721296787262,2.518402099609375,2.188812255859375,Fixation,986.9039783143161,1103.8146445625707,224.0,7.0,True,9,word,other,3.0
1740.0,983.0404663085936,1110.5829334259033,0.3723076283931732,0.7721679210662842,0.3840001821517944,0.7712381482124329,2.5151824951171875,2.213623046875,Fixation,986.9039783143161,1103.8146445625707,224.0,7.0,True,9,word,other,3.0
1744.0,958.3110809326172,1102.7889919281006,0.3710006773471832,0.7766586542129517,0.3743402659893036,0.7658256888389587,2.517807006835937,2.223388671875,Fixation,986.9039783143161,1103.8146445625707,224.0,7.0,True,9,word,other,3.0
1748.0,964.7191619873047,1083.5369968414307,0.3731796443462372,0.7637732625007629,0.3768434226512909,0.7524562478065491,2.49267578125,2.180328369140625,Fixation,986.9039783143161,1103.8146445625707,224.0,7.0,True,9,word,other,3.0
1752.0,957.082290649414,1068.2387065887451,0.3752821087837219,0.7635341882705688,0.3738602697849273,0.741832435131073,2.506820678710937,2.1470947265625,Fixation,986.9039783143161,1103.8146445625707,224.0,7.0,True,9,word,other,3.0
1756.0,985.6385803222656,1102.8175735473633,0.3753843307495117,0.7605428695678711,0.385015070438385,0.765845537185669,2.50604248046875,2.205902099609375,Fixation,986.9039783143161,1103.8146445625707,224.0,7.0,True,9,word,other,3.0
1760.0,1000.5928802490234,1151.4581680297852,0.3763935565948486,0.7674104571342468,0.3908565938472748,0.7996237277984619,2.498565673828125,2.30615234375,Fixation,986.9039783143161,1103.8146445625707,224.0,7.0,True,9,word,other,3.0
1764.0,960.0307464599608,1095.6362915039062,0.3808038532733917,0.7715942859649658,0.3750120103359222,0.7608585357666016,2.5115203857421875,2.19891357421875,Fixation,986.9039783143161,1103.8146445625707,224.0,7.0,True,9,word,other,3.0
1768.0,982.8279113769531,1112.9578685760498,0.3723648488521576,0.7704587578773499,0.3839171528816223,0.7728874087333679,2.520751953125,2.2406005859375,Fixation,986.9039783143161,1103.8146445625707,224.0,7.0,True,9,word,other,3.0
1772.0,975.2462768554688,1110.8442878723145,0.375279039144516,0.768836259841919,0.3809555768966675,0.7714196443557739,2.5251007080078125,2.2334136962890625,Fixation,986.9039783143161,1103.8146445625707,224.0,7.0,True,9,word,other,3.0
1776.0,1000.7540130615234,1123.4128189086914,0.3769374787807464,0.7765264511108398,0.3909195363521576,0.7801477909088135,2.522491455078125,2.2735748291015625,Fixation,986.9039783143161,1103.8146445625707,224.0,7.0,True,9,word,other,3.0
1780.0,970.1222229003906,1130.3597831726074,0.3768955767154693,0.7606830596923828,0.3789539933204651,0.784972071647644,2.4988555908203125,2.2063446044921875,Fixation,986.9039783143161,1103.8146445625707,224.0,7.0,True,9,word,other,3.0
1784.0,981.6915130615234,1126.179485321045,0.3772803843021393,0.7719100713729858,0.3834732472896576,0.7820690870285034,2.523101806640625,2.229156494140625,Fixation,986.9039783143161,1103.8146445625707,224.0,7.0,True,9,word,other,3.0
1788.0,983.5845184326172,1118.7788200378418,0.3798635303974151,0.7647303938865662,0.3842127025127411,0.7769297361373901,2.50701904296875,2.193817138671875,Fixation,986.9039783143161,1103.8146445625707,224.0,7.0,True,9,word,other,3.0
1792.0,965.5321502685547,1091.5509223937988,0.3787766396999359,0.7716670632362366,0.3771609961986542,0.7580214738845825,2.5093231201171875,2.180282592773437,Fixation,986.9039783143161,1103.8146445625707,224.0,7.0,True,9,word,other,3.0
1796.0,966.9206237792968,1098.314380645752,0.3823749125003814,0.7621108293533325,0.3777033686637878,0.7627183198928833,2.492523193359375,2.265975952148437,Fixation,986.9039783143161,1103.8146445625707,224.0,7.0,True,9,word,other,3.0
1800.0,999.1423797607422,1103.5029315948486,0.3792610466480255,0.7658944129943848,0.3902899920940399,0.7663214802742004,2.4942169189453125,2.199325561523437,Fixation,986.9039783143161,1103.8146445625707,224.0,7.0,True,9,word,other,3.0
1804.0,973.2430267333983,1088.8683700561523,0.379089891910553,0.7643079161643982,0.3801730573177337,0.7561585903167725,2.5017242431640625,2.2169952392578125,Fixation,986.9039783143161,1103.8146445625707,224.0,7.0,True,9,word,other,3.0
1808.0,993.9556884765625,1095.3386306762695,0.3810682892799377,0.7616168856620789,0.3882639408111572,0.7606518268585205,2.483993530273437,2.1746978759765625,Fixation,986.9039783143161,1103.8146445625707,224.0,7.0,True,9,word,other,3.0
1812.0,977.6165771484375,1072.9710674285889,0.3811415731906891,0.7611625790596008,0.3818814754486084,0.7451187968254089,2.497528076171875,2.16632080078125,Fixation,986.9039783143161,1103.8146445625707,224.0,7.0,True,9,word,other,3.0
1816.0,994.99267578125,1084.7375965118408,0.3780524730682373,0.7735908031463623,0.3886690139770508,0.7532899975776672,2.498397827148437,2.182098388671875,Fixation,986.9039783143161,1103.8146445625707,224.0,7.0,True,9,word,other,3.0
1820.0,982.100372314453,1109.3975257873535,0.3832811415195465,0.7695325016975403,0.3836329579353332,0.7704149484634399,2.5078582763671875,2.207504272460937,Fixation,986.9039783143161,1103.8146445625707,224.0,7.0,True,9,word,other,3.0
1824.0,972.928466796875,1103.0797863006592,0.3752024471759796,0.7724488973617554,0.3800501823425293,0.7660276293754578,2.5067138671875,2.1864166259765625,Fixation,986.9039783143161,1103.8146445625707,224.0,7.0,True,9,word,other,3.0
1828.0,981.9655609130859,1075.1157188415527,0.3805358409881592,0.7633389830589294,0.3835802972316742,0.7466081380844116,2.502593994140625,2.181060791015625,Fixation,986.9039783143161,1103.8146445625707,224.0,7.0,True,9,word,other,3.0
1832.0,1003.3351135253906,1088.1378650665283,0.3829509019851684,0.770567774772644,0.3919277787208557,0.7556512951850891,2.499984741210937,2.186859130859375,Fixation,986.9039783143161,1103.8146445625707,224.0,7.0,True,9,word,other,3.0
1836.0,998.9775085449219,1112.159128189087,0.3830466270446777,0.7675151824951172,0.3902255892753601,0.7723327279090881,2.5019073486328125,2.26031494140625,Fixation,986.9039783143161,1103.8146445625707,224.0,7.0,True,9,word,other,3.0
1840.0,983.6141967773438,1082.2839546203613,0.3801392018795013,0.7645084261894226,0.3842242956161499,0.7515860795974731,2.51177978515625,2.1825408935546875,Fixation,986.9039783143161,1103.8146445625707,224.0,7.0,True,9,word,other,3.0
1844.0,995.6320190429686,1092.4823570251465,0.3777118623256683,0.7682552337646484,0.3889187574386596,0.7586683034896851,2.51617431640625,2.2101593017578125,Fixation,986.9039783143161,1103.8146445625707,224.0,7.0,True,9,word,other,3.0
1848.0,982.8404998779297,1105.107364654541,0.3756983280181885,0.7762343883514404,0.3839220702648163,0.7674356698989868,2.5258026123046875,2.165283203125,Fixation,986.9039783143161,1103.8146445625707,224.0,7.0,True,9,word,other,3.0
1852.0,982.5559997558593,1088.2324504852295,0.3803319633007049,0.7693662643432617,0.3838109374046325,0.7557169795036316,2.488510131835937,2.1987457275390625,Fixation,986.9039783143161,1103.8146445625707,224.0,7.0,True,9,word,other,3.0
1856.0,1016.5904235839844,1065.8234310150146,0.3796517252922058,0.7622619271278381,0.3971056342124939,0.7401551604270935,2.5043182373046875,2.193954467773437,Fixation,986.9039783143161,1103.8146445625707,224.0,7.0,True,9,word,other,3.0
1860.0,1043.2508087158203,1142.899990081787,0.3778672218322754,0.7797262072563171,0.4075198471546173,0.7936805486679077,2.5027618408203125,2.316635131835937,Fixation,986.9039783143161,1103.8146445625707,224.0,7.0,True,9,word,other,3.0
1864.0,984.7888946533202,1102.4818897247314,0.3715329170227051,0.7646551132202148,0.3846831619739532,0.7656124234199524,2.5012664794921875,2.2403106689453125,Fixation,986.9039783143161,1103.8146445625707,224.0,7.0,True,9,word,other,3.0
1868.0,993.7277221679688,1128.2568454742432,0.380658745765686,0.7698853015899658,0.3881748914718628,0.7835116982460022,2.4965362548828125,2.208770751953125,Fixation,986.9039783143161,1103.8146445625707,224.0,7.0,True,9,word,other,3.0
1872.0,1011.6004943847656,1117.3125743865967,0.3766732215881347,0.7747800946235657,0.3951564431190491,0.7759115099906921,2.5135955810546875,2.2581787109375,Fixation,986.9039783143161,1103.8146445625707,224.0,7.0,True,9,word,other,3.0
1876.0,1000.9620666503905,1080.1942348480225,0.3756359815597534,0.7777730822563171,0.3910008072853088,0.7501348853111267,2.514373779296875,2.1815338134765625,Fixation,986.9039783143161,1103.8146445625707,224.0,7.0,True,9,word,other,3.0
1880.0,982.0988464355469,1116.4370155334473,0.3711210787296295,0.7699064016342163,0.3836323618888855,0.7753034830093384,2.52923583984375,2.24530029296875,Fixation,986.9039783143161,1103.8146445625707,224.0,7.0,True,9,word,other,3.0
1884.0,997.6390838623046,1097.474012374878,0.3834767937660217,0.7728592753410339,0.3897027671337127,0.7621347308158875,2.5112762451171875,2.223388671875,Fixation,986.9039783143161,1103.8146445625707,224.0,7.0,True,9,word,other,3.0
1888.0,1045.2372741699216,1116.5148639678955,0.4062066376209259,0.7671644687652588,0.4082958102226257,0.7753575444221497,2.5113677978515625,2.254974365234375,Fixation,986.9039783143161,1103.8146445625707,224.0,7.0,True,9,word,other,3.0
1892.0,1160.2188110351562,1108.4658336639404,0.4184175729751587,0.7664150595664978,0.4532104730606079,0.7697679400444031,2.5133056640625,2.1926727294921875,Fixation,1244.4862398893936,1102.8286240619161,456.0,8.0,True,10,word,electronics,4.0
1896.0,1151.1174774169922,1091.1003971099854,0.4411897361278534,0.7577692270278931,0.4496552646160126,0.7577086091041565,2.507781982421875,2.2259674072265625,Fixation,1244.4862398893936,1102.8286240619161,456.0,8.0,True,10,word,electronics,4.0
1900.0,1182.6798248291016,1093.3530235290527,0.4633626937866211,0.7487248778343201,0.4619843065738678,0.7592729330062866,2.4992218017578125,2.2313995361328125,Fixation,1244.4862398893936,1102.8286240619161,456.0,8.0,True,10,word,electronics,4.0
1904.0,1216.3182067871094,1081.9787406921387,0.4595242738723755,0.7536172270774841,0.4751242995262146,0.7513741254806519,2.502304077148437,2.20904541015625,Fixation,1244.4862398893936,1102.8286240619161,456.0,8.0,True,10,word,electronics,4.0
1908.0,1264.1511535644531,1082.384033203125,0.4741584360599518,0.7516632080078125,0.4938090443611145,0.7516555786132812,2.507919311523437,2.2269744873046875,Fixation,1244.4862398893936,1102.8286240619161,456.0,8.0,True,10,word,electronics,4.0
1912.0,1240.3726959228516,1119.4519901275635,0.4844818115234375,0.7556674480438232,0.4845205843448639,0.7773972153663635,2.4985504150390625,2.2216949462890625,Fixation,1244.4862398893936,1102.8286240619161,456.0,8.0,True,10,word,electronics,4.0
1916.0,1277.3699188232422,1100.4485607147217,0.4904742538928985,0.7572945356369019,0.498972624540329,0.7642003893852234,2.491973876953125,2.140960693359375,Fixation,1244.4862398893936,1102.8286240619161,456.0,8.0,True,10,word,electronics,4.0
1920.0,1240.7709503173826,1110.7008647918701,0.4863409698009491,0.7461075782775879,0.4846761524677276,0.7713200449943542,2.480087280273437,2.2444610595703125,Fixation,1244.4862398893936,1102.8286240619161,456.0,8.0,True,10,word,electronics,4.0
1924.0,1243.0531311035156,1072.3876762390137,0.483496218919754,0.7475792169570923,0.4855676293373108,0.7447136640548706,2.5106201171875,2.1787872314453125,Fixation,1244.4862398893936,1102.8286240619161,456.0,8.0,True,10,word,electronics,4.0
1928.0,1259.9211883544922,1080.4251194000244,0.485814094543457,0.7473578453063965,0.4921567142009735,0.7502952218055725,2.50152587890625,2.176483154296875,Fixation,1244.4862398893936,1102.8286240619161,456.0,8.0,True,10,word,electronics,4.0
1932.0,1226.1017608642578,1105.3393650054932,0.4845471680164337,0.7503109574317932,0.4789460003376007,0.7675967812538147,2.513214111328125,2.2613525390625,Fixation,1244.4862398893936,1102.8286240619161,456.0,8.0,True,10,word,electronics,4.0
1936.0,1241.4066314697263,1103.845567703247,0.487801194190979,0.7553926110267639,0.4849244654178619,0.7665594220161438,2.5155181884765625,2.243560791015625,Fixation,1244.4862398893936,1102.8286240619161,456.0,8.0,True,10,word,electronics,4.0
1940.0,1266.9709777832031,1086.0793018341064,0.4865636527538299,0.7460835576057434,0.4949105381965637,0.7542217373847961,2.50396728515625,2.156600952148437,Fixation,1244.4862398893936,1102.8286240619161,456.0,8.0,True,10,word,electronics,4.0
1944.0,1242.288131713867,1095.4297828674316,0.4895455241203308,0.7522929310798645,0.4852688014507293,0.760715126991272,2.5017852783203125,2.2071533203125,Fixation,1244.4862398893936,1102.8286240619161,456.0,8.0,True,10,word,electronics,4.0
1948.0,1258.3323669433591,1082.504539489746,0.4869070053100586,0.7461795806884766,0.4915360808372497,0.7517392635345459,2.484222412109375,2.1800994873046875,Fixation,1244.4862398893936,1102.8286240619161,456.0,8.0,True,10,word,electronics,4.0
1952.0,1254.0224456787107,1104.2583274841309,0.4873440861701965,0.7556441426277161,0.4898525178432464,0.7668460607528687,2.511093139648437,2.213348388671875,Fixation,1244.4862398893936,1102.8286240619161,456.0,8.0,True,10,word,electronics,4.0
1956.0,1222.5631713867188,1105.1695919036865,0.4819697141647339,0.747572660446167,0.477563738822937,0.767478883266449,2.50848388671875,2.24102783203125,Fixation,1244.4862398893936,1102.8286240619161,456.0,8.0,True,10,word,electronics,4.0
1960.0,1245.3747558593748,1065.8032608032227,0.4826845526695251,0.7531824707984924,0.4864745140075683,0.7401411533355713,2.511337280273437,2.1456451416015625,Fixation,1244.4862398893936,1102.8286240619161,456.0,8.0,True,10,word,electronics,4.0
1964.0,1223.0445098876953,1032.0566082000732,0.4891146123409271,0.7504850625991821,0.477751761674881,0.7167059779167175,2.5326385498046875,2.1089019775390625,Fixation,1244.4862398893936,1102.8286240619161,456.0,8.0,True,10,word,electronics,4.0
1968.0,1245.5628967285156,1097.9649639129639,0.4857356250286102,0.7583873867988586,0.4865480065345764,0.7624756693840027,2.5280914306640625,2.18780517578125,Fixation,1244.4862398893936,1102.8286240619161,456.0,8.0,True,10,word,electronics,4.0
1972.0,1235.2684783935547,1122.914571762085,0.4872735440731048,0.7446767687797546,0.4825267493724823,0.7798017859458923,2.506820678710937,2.262680053710937,Fixation,1244.4862398893936,1102.8286240619161,456.0,8.0,True,10,word,electronics,4.0
1976.0,1288.5382080078125,1109.7592163085938,0.4837064146995544,0.7572219967842102,0.5033352375030518,0.7706661224365234,2.499298095703125,2.2561492919921875,Fixation,1244.4862398893936,1102.8286240619161,456.0,8.0,True,10,word,electronics,4.0
1980.0,1262.520980834961,1102.0896434783936,0.4832645654678345,0.7466316223144531,0.4931722581386566,0.7653400301933289,2.4869537353515625,2.18243408203125,Fixation,1244.4862398893936,1102.8286240619161,456.0,8.0,True,10,word,electronics,4.0
1984.0,1236.5736389160156,1102.0965099334717,0.4853605628013611,0.7471610307693481,0.4830365777015686,0.7653447985649109,2.496932983398437,2.215789794921875,Fixation,1244.4862398893936,1102.8286240619161,456.0,8.0,True,10,word,electronics,4.0
1988.0,1257.6622009277341,1110.0939559936523,0.4903006851673126,0.7431288361549377,0.4912742972373962,0.7708985805511475,2.5115509033203125,2.2451171875,Fixation,1244.4862398893936,1102.8286240619161,456.0,8.0,True,10,word,electronics,4.0
1992.0,1223.2780456542969,1113.6377334594727,0.4873397052288055,0.7462591528892517,0.4778429865837097,0.7733595371246338,2.48919677734375,2.2396240234375,Fixation,1244.4862398893936,1102.8286240619161,456.0,8.0,True,10,word,electronics,4.0
1996.0,1260.6471252441404,1129.909086227417,0.4839062094688415,0.7494841814041138,0.4924402832984924,0.7846590876579285,2.507598876953125,2.273178100585937,Fixation,1244.4862398893936,1102.8286240619161,456.0,8.0,True,10,word,electronics,4.0
2000.0,1246.9989776611328,1086.7157363891602,0.4829291999340057,0.7396747469902039,0.48710897564888,0.7546637058258057,2.4617462158203125,2.2299346923828125,Fixation,1244.4862398893936,1102.8286240619161,456.0,8.0,True,10,word,electronics,4.0
2004.0,1254.7258758544922,1077.2453498840332,0.484464555978775,0.7539659142494202,0.490127295255661,0.7480870485305786,2.5138092041015625,2.1558074951171875,Fixation,1244.4862398893936,1102.8286240619161,456.0,8.0,True,10,word,electronics,4.0
2008.0,1263.2168579101562,1080.994348526001,0.4896661937236786,0.7509450912475586,0.4934440851211548,0.7506905198097229,2.525848388671875,2.1813201904296875,Fixation,1244.4862398893936,1102.8286240619161,456.0,8.0,True,10,word,electronics,4.0
2012.0,1251.5601348876953,1090.9617805480957,0.4829435348510742,0.750296950340271,0.488890677690506,0.7576123476028442,2.5388946533203125,2.19854736328125,Fixation,1244.4862398893936,1102.8286240619161,456.0,8.0,True,10,word,electronics,4.0
2016.0,1256.7137145996094,1118.9802646636963,0.4878889918327331,0.7461426258087158,0.4909037947654724,0.777069628238678,2.516586303710937,2.2909088134765625,Fixation,1244.4862398893936,1102.8286240619161,456.0,8.0,True,10,word,electronics,4.0
2020.0,1255.3036499023438,1112.2785186767578,0.4880553781986236,0.7457467317581177,0.490352988243103,0.7724156379699707,2.5056304931640625,2.2284393310546875,Fixation,1244.4862398893936,1102.8286240619161,456.0,8.0,True,10,word,electronics,4.0
2024.0,1265.0783538818357,1102.0412349700928,0.486641526222229,0.7446291446685791,0.4941712319850921,0.7653064131736755,2.513275146484375,2.2134552001953125,Fixation,1244.4862398893936,1102.8286240619161,456.0,8.0,True,10,word,electronics,4.0
2028.0,1259.8129272460935,1109.1402912139893,0.4814711809158325,0.7544111013412476,0.4921144247055053,0.7702363133430481,2.5232391357421875,2.2533721923828125,Fixation,1244.4862398893936,1102.8286240619161,456.0,8.0,True,10,word,electronics,4.0
2032.0,1245.049057006836,1110.1363563537598,0.484042078256607,0.7433958649635315,0.4863472878932953,0.7709280252456665,2.51153564453125,2.2369384765625,Fixation,1244.4862398893936,1102.8286240619161,456.0,8.0,True,10,word,electronics,4.0
2036.0,1259.1184997558591,1104.8645496368408,0.4910713136196136,0.750144362449646,0.4918431639671325,0.7672670483589172,2.517852783203125,2.199203491210937,Fixation,1244.4862398893936,1102.8286240619161,456.0,8.0,True,10,word,electronics,4.0
2040.0,1268.9847564697263,1094.3211936950684,0.4872629642486572,0.7490132451057434,0.4956971704959869,0.759945273399353,2.5173492431640625,2.1948699951171875,Fixation,1244.4862398893936,1102.8286240619161,456.0,8.0,True,10,word,electronics,4.0
2044.0,1256.013488769531,1116.0386753082275,0.4807303845882416,0.7353664636611938,0.4906302690505981,0.7750268578529358,2.48883056640625,2.214950561523437,Fixation,1244.4862398893936,1102.8286240619161,456.0,8.0,True,10,word,electronics,4.0
2048.0,1279.6215820312498,1081.664686203003,0.4811669886112213,0.7540470957756042,0.499852180480957,0.7511560320854187,2.529083251953125,2.2341461181640625,Fixation,1244.4862398893936,1102.8286240619161,456.0,8.0,True,10,word,electronics,4.0
2052.0,1277.7958679199219,1113.3787822723389,0.4865552186965942,0.7458688020706177,0.4991390109062195,0.7731797099113464,2.5213165283203125,2.291229248046875,Fixation,1244.4862398893936,1102.8286240619161,456.0,8.0,True,10,word,electronics,4.0
2056.0,1284.967041015625,1134.2520332336426,0.486236035823822,0.7515122890472412,0.5019402503967285,0.7876750230789185,2.518280029296875,2.3043212890625,Fixation,1244.4862398893936,1102.8286240619161,456.0,8.0,True,10,word,electronics,4.0
2060.0,1278.6327362060547,1123.4813976287842,0.4806841313838959,0.7494046688079834,0.4994659125804901,0.780195415019989,2.49658203125,2.298248291015625,Fixation,1244.4862398893936,1102.8286240619161,456.0,8.0,True,10,word,electronics,4.0
2064.0,1297.3545837402344,1092.8303146362305,0.4930032789707184,0.7537251710891724,0.506779134273529,0.7589099407196045,2.503280639648437,2.1572418212890625,Fixation,1244.4862398893936,1102.8286240619161,456.0,8.0,True,10,word,electronics,4.0
2068.0,1254.228744506836,1105.134744644165,0.4861214756965637,0.7483293414115906,0.4899331033229828,0.7674546837806702,2.5172271728515625,2.2237548828125,Fixation,1244.4862398893936,1102.8286240619161,456.0,8.0,True,10,word,electronics,4.0
2072.0,1298.0287170410156,1108.7705326080322,0.4844811260700226,0.7565358281135559,0.5070424675941467,0.7699795365333557,2.5311431884765625,2.23699951171875,Fixation,1244.4862398893936,1102.8286240619161,456.0,8.0,True,10,word,electronics,4.0
2076.0,1263.7888336181638,1112.0446300506592,0.4856946170330047,0.7542732357978821,0.4936675131320953,0.7722532153129578,2.511260986328125,2.2437744140625,Fixation,1244.4862398893936,1102.8286240619161,456.0,8.0,True,10,word,electronics,4.0
2080.0,1239.4316101074216,1087.0197486877441,0.4923968315124511,0.7502434253692627,0.4841529726982116,0.7548748254776001,2.5365447998046875,2.2137603759765625,Fixation,1244.4862398893936,1102.8286240619161,456.0,8.0,True,10,word,electronics,4.0
2084.0,1255.059585571289,1099.6685314178467,0.487916499376297,0.7499607801437378,0.4902576506137848,0.7636587023735046,2.533065795898437,2.214874267578125,Fixation,1244.4862398893936,1102.8286240619161,456.0,8.0,True,10,word,electronics,4.0
2088.0,1268.7116241455078,1103.0897426605225,0.4883356094360351,0.7466787695884705,0.495590478181839,0.7660345435142517,2.5096588134765625,2.212631225585937,Fixation,1244.4862398893936,1102.8286240619161,456.0,8.0,True,10,word,electronics,4.0
2092.0,1274.2169189453125,1112.2746562957764,0.4837789237499237,0.7444820404052734,0.4977409839630127,0.7724129557609558,2.4947052001953125,2.266204833984375,Fixation,1244.4862398893936,1102.8286240619161,456.0,8.0,True,10,word,electronics,4.0
2096.0,1254.2247772216795,1083.1967639923096,0.4820869565010071,0.7501470446586609,0.4899315536022186,0.7522199749946594,2.51165771484375,2.231353759765625,Fixation,1244.4862398893936,1102.8286240619161,456.0,8.0,True,10,word,electronics,4.0
2100.0,1278.6805725097656,1112.981300354004,0.4938295781612396,0.7519267201423645,0.4994845986366272,0.7729036808013916,2.525146484375,2.2194366455078125,Fixation,1244.4862398893936,1102.8286240619161,456.0,8.0,True,10,word,electronics,4.0
2104.0,1277.796859741211,1067.2901916503906,0.4809585809707641,0.7538477182388306,0.4991393983364105,0.7411737442016602,2.5299835205078125,2.153915405273437,Fixation,1244.4862398893936,1102.8286240619161,456.0,8.0,True,10,word,electronics,4.0
2108.0,1259.6857452392578,1117.831506729126,0.4865683913230896,0.7457048892974854,0.4920647442340851,0.7762718796730042,2.52734375,2.27850341796875,Fixation,1244.4862398893936,1102.8286240619161,456.0,8.0,True,10,word,electronics,4.0
2112.0,1304.7695922851562,1112.7748775482178,0.4946289360523224,0.7450439929962158,0.5096756219863892,0.7727603316307068,2.516342163085937,2.1909332275390625,Fixation,1244.4862398893936,1102.8286240619161,456.0,8.0,True,10,word,electronics,4.0
2116.0,1268.9817810058594,1100.3295135498047,0.4909799098968506,0.7441412210464478,0.4956960082054138,0.7641177177429199,2.521331787109375,2.19427490234375,Fixation,1244.4862398893936,1102.8286240619161,456.0,8.0,True,10,word,electronics,4.0
2120.0,1242.1996307373045,1118.9875602722168,0.4898921549320221,0.754364550113678,0.4852342307567596,0.7770746946334839,2.530731201171875,2.27294921875,Fixation,1244.4862398893936,1102.8286240619161,456.0,8.0,True,10,word,electronics,4.0
2124.0,1284.1958618164062,1117.174301147461,0.4888731837272644,0.7390697002410889,0.5016390085220337,0.775815486907959,2.501861572265625,2.2365264892578125,Fixation,1244.4862398893936,1102.8286240619161,456.0,8.0,True,10,word,electronics,4.0
2128.0,1262.0677947998047,1139.5116519927979,0.4938635230064392,0.7492484450340271,0.4929952323436737,0.7913275361061096,2.538070678710937,2.241928100585937,Fixation,1244.4862398893936,1102.8286240619161,456.0,8.0,True,10,word,electronics,4.0
2132.0,1274.7444152832031,1113.4839248657227,0.4919174313545227,0.7477450966835022,0.4979470372200012,0.7732527256011963,2.537506103515625,2.229248046875,Fixation,1244.4862398893936,1102.8286240619161,456.0,8.0,True,10,word,electronics,4.0
2136.0,1257.8976440429685,1115.0626945495605,0.4852735996246338,0.745997965335846,0.4913662672042846,0.7743490934371948,2.5387115478515625,2.2941436767578125,Fixation,1244.4862398893936,1102.8286240619161,456.0,8.0,True,10,word,electronics,4.0
2140.0,1264.7292327880857,1119.9301528930664,0.4888715147972107,0.735845148563385,0.494034856557846,0.7777292728424072,2.540283203125,2.2513885498046875,Fixation,1244.4862398893936,1102.8286240619161,456.0,8.0,True,10,word,electronics,4.0
2144.0,1266.2147521972656,1113.918571472168,0.4882652461528778,0.7511849403381348,0.4946151375770569,0.7735545635223389,2.538299560546875,2.2627105712890625,Fixation,1244.4862398893936,1102.8286240619161,456.0,8.0,True,10,word,electronics,4.0
2148.0,1271.7163848876953,1108.7867546081543,0.4949167370796203,0.7571455836296082,0.496764212846756,0.7699908018112183,2.5649566650390625,2.2257537841796875,Fixation,1244.4862398893936,1102.8286240619161,456.0,8.0,True,10,word,electronics,4.0
2152.0,1245.9503173828123,1055.9777927398682,0.4877270758152008,0.7493364214897156,0.4866993427276611,0.7333179116249084,2.5041656494140625,2.15582275390625,Fixation,1244.4862398893936,1102.8286240619161,456.0,8.0,True,10,word,electronics,4.0
2156.0,1220.3131103515625,1105.4584121704102,0.4769898355007171,0.7539570331573486,0.4766848087310791,0.7676794528961182,2.5145263671875,2.190093994140625,Fixation,1244.4862398893936,1102.8286240619161,456.0,8.0,True,10,word,electronics,4.0
2160.0,1241.6842651367185,1099.8657703399658,0.4714555144309997,0.7543019652366638,0.4850329160690307,0.7637956738471985,2.5203094482421875,2.2070770263671875,Fixation,1244.4862398893936,1102.8286240619161,456.0,8.0,True,10,word,electronics,4.0
2164.0,1209.3431091308591,1080.6837272644043,0.475385844707489,0.7521573305130005,0.4723996520042419,0.7504748106002808,2.511566162109375,2.21630859375,Fixation,1244.4862398893936,1102.8286240619161,456.0,8.0,True,10,word,electronics,4.0
2168.0,1218.0745697021482,1101.3360500335693,0.4762186408042907,0.7533732652664185,0.4758103787899017,0.7648167014122009,2.519256591796875,2.275238037109375,Fixation,1244.4862398893936,1102.8286240619161,456.0,8.0,True,10,word,electronics,4.0
2172.0,1234.6298217773438,1099.00634765625,0.4688514471054077,0.7534233331680298,0.4822772741317749,0.7631988525390625,2.5382537841796875,2.222152709960937,Fixation,1244.4862398893936,1102.8286240619161,456.0,8.0,True,10,word,electronics,4.0
2176.0,1230.2043151855466,1102.9840850830078,0.475040465593338,0.7461888194084167,0.4805485606193542,0.7659611701965332,2.4970245361328125,2.227874755859375,Fixation,1244.4862398893936,1102.8286240619161,456.0,8.0,True,10,word,electronics,4.0
2180.0,1224.2389678955076,1109.6102142333984,0.4785268008708954,0.7605509161949158,0.4782183468341827,0.7705626487731934,2.5352935791015625,2.2369842529296875,Fixation,1244.4862398893936,1102.8286240619161,456.0,8.0,True,10,word,electronics,4.0
2184.0,1195.1393127441404,1104.118938446045,0.4762598276138305,0.7570092678070068,0.4668512940406799,0.7667492628097534,2.5002899169921875,2.224761962890625,Fixation,1244.4862398893936,1102.8286240619161,456.0,8.0,True,10,word,electronics,4.0
2188.0,1216.7361450195312,1105.7198524475098,0.4733828604221344,0.7617758512496948,0.4752875566482544,0.767861008644104,2.5495147705078125,2.268310546875,Fixation,1244.4862398893936,1102.8286240619161,456.0,8.0,True,10,word,electronics,4.0
2192.0,1220.4893493652344,1103.8981819152832,0.4790705740451813,0.7539505958557129,0.4767536520957947,0.7665959596633911,2.52490234375,2.2489776611328125,Fixation,1244.4862398893936,1102.8286240619161,456.0,8.0,True,10,word,electronics,4.0
2196.0,1198.0181884765625,1086.159381866455,0.473696768283844,0.7496102452278137,0.4679758548736572,0.7542773485183716,2.515121459960937,2.1913604736328125,Fixation,1244.4862398893936,1102.8286240619161,456.0,8.0,True,10,word,electronics,4.0
2200.0,1229.4865417480469,1124.6825981140137,0.4749584197998047,0.7642106413841248,0.4802681803703308,0.7810295820236206,2.5359649658203125,2.239242553710937,Fixation,1244.4862398893936,1102.8286240619161,456.0,8.0,True,10,word,electronics,4.0
2204.0,1254.2631530761716,1117.3118877410889,0.4761218130588531,0.7580795884132385,0.4899465441703796,0.7759110331535339,2.52777099609375,2.261947631835937,Fixation,1244.4862398893936,1102.8286240619161,456.0,8.0,True,10,word,electronics,4.0
2208.0,1214.0495300292969,1113.0871295928955,0.4745721220970154,0.7545214295387268,0.4742380976676941,0.7729771733283997,2.5122833251953125,2.240463256835937,Fixation,1244.4862398893936,1102.8286240619161,456.0,8.0,True,10,word,electronics,4.0
2212.0,1253.2989501953123,1112.5645065307617,0.4767128825187683,0.7537744045257568,0.4895699024200439,0.7726142406463623,2.5092926025390625,2.195892333984375,Fixation,1244.4862398893936,1102.8286240619161,456.0,8.0,True,10,word,electronics,4.0
2216.0,1232.7632904052732,1111.9179439544678,0.4735776484012604,0.7496995329856873,0.4815481603145599,0.7721652388572693,2.509246826171875,2.20330810546875,Fixation,1244.4862398893936,1102.8286240619161,456.0,8.0,True,10,word,electronics,4.0
2220.0,1235.112609863281,1093.8976192474365,0.4805851280689239,0.7573046684265137,0.4824658632278442,0.7596511244773865,2.527374267578125,2.1978912353515625,Fixation,1244.4862398893936,1102.8286240619161,456.0,8.0,True,10,word,electronics,4.0
2224.0,1236.1380767822263,1108.1401920318604,0.473416119813919,0.7570717930793762,0.4828664362430572,0.7695418000221252,2.523544311523437,2.253021240234375,Fixation,1244.4862398893936,1102.8286240619161,456.0,8.0,True,10,word,electronics,4.0
2228.0,1232.8119659423828,1117.1250343322754,0.4820365905761719,0.7553479671478271,0.4815671741962433,0.7757812738418579,2.514251708984375,2.2751617431640625,Fixation,1244.4862398893936,1102.8286240619161,456.0,8.0,True,10,word,electronics,4.0
2232.0,1229.571838378906,1062.301197052002,0.4765457808971405,0.7577333450317383,0.4803014993667602,0.7377091646194458,2.5329132080078125,2.13037109375,Fixation,1244.4862398893936,1102.8286240619161,456.0,8.0,True,10,word,electronics,4.0
2236.0,1227.1586608886716,1127.4491786956787,0.4759222269058227,0.7593716979026794,0.4793588519096374,0.7829508185386658,2.5416259765625,2.2205047607421875,Fixation,1244.4862398893936,1102.8286240619161,456.0,8.0,True,10,word,electronics,4.0
2240.0,1255.8153533935547,1113.3715724945068,0.4761835932731628,0.754135251045227,0.4905528724193573,0.7731747031211853,2.527252197265625,2.2649383544921875,Fixation,1244.4862398893936,1102.8286240619161,456.0,8.0,True,10,word,electronics,4.0
2244.0,1236.3791656494138,1105.5310249328613,0.470965564250946,0.75554358959198,0.4829606115818023,0.7677298784255981,2.519927978515625,2.209747314453125,Fixation,1244.4862398893936,1102.8286240619161,456.0,8.0,True,10,word,electronics,4.0
2248.0,1231.165542602539,1094.4818687438965,0.4695052802562713,0.7552450895309448,0.4809240400791168,0.7600568532943726,2.5064849853515625,2.2304229736328125,Fixation,1244.4862398893936,1102.8286240619161,456.0,8.0,True,10,word,electronics,4.0
2252.0,1229.2901611328125,1104.5223426818848,0.4687694311141968,0.7571677565574646,0.4801914691925049,0.7670294046401978,2.5147247314453125,2.2489776611328125,Fixation,1244.4862398893936,1102.8286240619161,456.0,8.0,True,10,word,electronics,4.0
2256.0,1213.2989501953123,1122.3938369750977,0.4718779325485229,0.7474722266197205,0.4739449024200439,0.77944016456604,2.516937255859375,2.252304077148437,Fixation,1244.4862398893936,1102.8286240619161,456.0,8.0,True,10,word,electronics,4.0
2260.0,1256.2428283691404,1092.423906326294,0.4808602035045624,0.7488484382629395,0.4907198548316955,0.758627712726593,2.503524780273437,2.2217559814453125,Fixation,1244.4862398893936,1102.8286240619161,456.0,8.0,True,10,word,electronics,4.0
2264.0,1222.7430725097656,1093.777198791504,0.4730475544929504,0.7438406348228455,0.4776340126991272,0.7595674991607666,2.504119873046875,2.262847900390625,Fixation,1244.4862398893936,1102.8286240619161,456.0,8.0,True,10,word,electronics,4.0
2268.0,1208.0728149414062,1129.4459438323975,0.4707591235637665,0.7586211562156677,0.4719034433364868,0.7843374609947205,2.53033447265625,2.29632568359375,Fixation,1244.4862398893936,1102.8286240619161,456.0,8.0,True,10,word,electronics,4.0
2272.0,1233.756408691406,1098.3990955352783,0.4700945317745209,0.7523300051689148,0.4819360971450805,0.7627771496772766,2.5316925048828125,2.22491455078125,Fixation,1244.4862398893936,1102.8286240619161,456.0,8.0,True,10,word,electronics,4.0
2276.0,1238.425369262695,1109.7735500335693,0.4724445939064026,0.7524047493934631,0.4837599098682403,0.7706760764122009,2.5088043212890625,2.242172241210937,Fixation,1244.4862398893936,1102.8286240619161,456.0,8.0,True,10,word,electronics,4.0
2280.0,1247.6273345947263,1089.9809074401855,0.4721623659133911,0.7532967329025269,0.487354427576065,0.7569311857223511,2.5168609619140625,2.1974029541015625,Fixation,1244.4862398893936,1102.8286240619161,456.0,8.0,True,10,word,electronics,4.0
2284.0,1234.6319580078123,1126.706485748291,0.4745772778987884,0.7523086071014404,0.4822781085968017,0.7824350595474243,2.5160675048828125,2.2398223876953125,Fixation,1244.4862398893936,1102.8286240619161,456.0,8.0,True,10,word,electronics,4.0
2288.0,1213.2332611083982,1087.5009155273438,0.4723089039325714,0.765311598777771,0.4739192426204681,0.7552089691162109,2.5416259765625,2.269439697265625,Fixation,1244.4862398893936,1102.8286240619161,456.0,8.0,True,10,word,electronics,4.0
2292.0,1230.6642150878906,1111.6803646087646,0.4759452641010284,0.7511501312255859,0.4807282090187073,0.772000253200531,2.4972381591796875,2.28619384765625,Fixation,1244.4862398893936,1102.8286240619161,456.0,8.0,True,10,word,electronics,4.0
2296.0,1247.2530364990232,1104.8592281341553,0.4763894975185394,0.7574220895767212,0.487208217382431,0.7672633528709412,2.5246124267578125,2.2547149658203125,Fixation,1244.4862398893936,1102.8286240619161,456.0,8.0,True,10,word,electronics,4.0
2300.0,1231.0105895996094,1110.2823543548584,0.4786355197429657,0.7647704482078552,0.4808635115623474,0.7710294127464294,2.532989501953125,2.257568359375,Fixation,1244.4862398893936,1102.8286240619161,456.0,8.0,True,10,word,electronics,4.0
2304.0,1234.172134399414,1096.65132522583,0.4787637293338775,0.7610704302787781,0.4820984899997711,0.7615634202957153,2.511474609375,2.261138916015625,Fixation,1244.4862398893936,1102.8286240619161,456.0,8.0,True,10,word,electronics,4.0
2308.0,1228.152618408203,1110.7520198822021,0.4788664877414703,0.746795654296875,0.4797471165657043,0.7713555693626404,2.494873046875,2.2792510986328125,Fixation,1244.4862398893936,1102.8286240619161,456.0,8.0,True,10,word,electronics,4.0
2312.0,1212.190246582031,1102.3309135437012,0.4822621643543243,0.7502435445785522,0.4735118150711059,0.7655075788497925,2.5084686279296875,2.2686920166015625,Fixation,1244.4862398893936,1102.8286240619161,456.0,8.0,True,10,word,electronics,4.0
2316.0,1231.2068939208982,1112.3171424865723,0.4784057438373565,0.7547184228897095,0.4809401929378509,0.7724424600601196,2.511322021484375,2.276885986328125,Fixation,1244.4862398893936,1102.8286240619161,456.0,8.0,True,10,word,electronics,4.0
2320.0,1228.5155487060547,1104.7480773925781,0.4823561012744903,0.7527132630348206,0.4798888862133026,0.767186164855957,2.509552001953125,2.2164459228515625,Fixation,1244.4862398893936,1102.8286240619161,456.0,8.0,True,10,word,electronics,4.0
2324.0,1227.241439819336,1093.778314590454,0.4767352342605591,0.7658053040504456,0.4793911874294281,0.7595682740211487,2.5235595703125,2.2157745361328125,Fixation,1244.4862398893936,1102.8286240619161,456.0,8.0,True,10,word,electronics,4.0
2328.0,1250.018081665039,1105.3733539581299,0.4729301035404205,0.7609528303146362,0.4882883131504059,0.7676203846931458,2.5025634765625,2.24261474609375,Fixation,1244.4862398893936,1102.8286240619161,456.0,8.0,True,10,word,electronics,4.0
2332.0,1252.1842956542969,1109.2304134368896,0.4752050936222076,0.7614577412605286,0.4891344904899597,0.7702988982200623,2.53692626953125,2.2644500732421875,Fixation,1244.4862398893936,1102.8286240619161,456.0,8.0,True,10,word,electronics,4.0
2336.0,1231.015625,1117.7989768981934,0.4759329557418823,0.760776698589325,0.480865478515625,0.7762492895126343,2.5006866455078125,2.283309936523437,Fixation,1244.4862398893936,1102.8286240619161,456.0,8.0,True,10,word,electronics,4.0
2340.0,1219.3640136718748,1094.6252059936523,0.4651388525962829,0.7683995366096497,0.4763140678405761,0.7601563930511475,2.5280303955078125,2.241119384765625,Fixation,1244.4862398893936,1102.8286240619161,456.0,8.0,True,10,word,electronics,4.0
2344.0,1216.271286010742,1106.1702060699463,0.4754082560539245,0.7576174736022949,0.4751059710979461,0.7681737542152405,2.494369506835937,2.223907470703125,Fixation,1244.4862398893936,1102.8286240619161,456.0,8.0,True,10,word,electronics,4.0
2348.0,1308.0503845214844,1104.853048324585,0.4841046333312988,0.7556819915771484,0.5109571814537048,0.7672590613365173,2.524398803710937,2.2381744384765625,Fixation,1244.4862398893936,1102.8286240619161,456.0,8.0,True,10,word,electronics,4.0
2352.0,1322.6559448242188,1088.4553527832031,0.4916396141052246,0.7525715827941895,0.5166624784469604,0.7558717727661133,2.5149383544921875,2.2133331298828125,Fixation,1459.628749370592,1060.5262303436755,428.0,9.0,True,11,word,sitting,5.0
2356.0,1364.4486999511719,1100.2008533477783,0.5110547542572021,0.747502863407135,0.5329877734184265,0.7640283703804016,2.5146636962890625,2.2655792236328125,Fixation,1459.628749370592,1060.5262303436755,428.0,9.0,True,11,word,sitting,5.0
2360.0,1399.1082763671875,1098.1747341156006,0.5349847674369812,0.7497962117195129,0.5465266704559326,0.7626213431358337,2.513702392578125,2.213119506835937,Fixation,1459.628749370592,1060.5262303436755,428.0,9.0,True,11,word,sitting,5.0
2364.0,1440.5619812011719,1108.123197555542,0.5454588532447815,0.7550870180130005,0.5627195239067078,0.7695299983024597,2.5485382080078125,2.255767822265625,Fixation,1459.628749370592,1060.5262303436755,428.0,9.0,True,11,word,sitting,5.0
2368.0,1434.9385070800781,1055.2596473693848,0.5502175688743591,0.754422664642334,0.5605228543281555,0.7328191995620728,2.5353546142578125,2.209503173828125,Fixation,1459.628749370592,1060.5262303436755,428.0,9.0,True,11,word,sitting,5.0
2372.0,1446.9497680664062,1047.359447479248,0.5497899055480957,0.7523114085197449,0.5652147531509399,0.7273329496383667,2.523788452148437,2.1525421142578125,Fixation,1459.628749370592,1060.5262303436755,428.0,9.0,True,11,word,sitting,5.0
2376.0,1438.9970397949219,1095.331678390503,0.551228940486908,0.7474254965782166,0.5621082186698914,0.7606469988822937,2.511947631835937,2.1780548095703125,Fixation,1459.628749370592,1060.5262303436755,428.0,9.0,True,11,word,sitting,5.0
2380.0,1467.5090026855469,1030.0034523010254,0.5515785813331604,0.7446237206459045,0.5732457041740417,0.7152801752090454,2.5116424560546875,2.1024169921875,Fixation,1459.628749370592,1060.5262303436755,428.0,9.0,True,11,word,sitting,5.0
2384.0,1457.2616577148438,1043.619031906128,0.5519014596939087,0.7503320574760437,0.5692428350448608,0.7247354388237,2.4980621337890625,2.1355438232421875,Fixation,1459.628749370592,1060.5262303436755,428.0,9.0,True,11,word,sitting,5.0
2388.0,1440.6704711914062,1037.286615371704,0.554736316204071,0.7514902353286743,0.5627619028091431,0.7203379273414612,2.5301055908203125,2.102081298828125,Fixation,1459.628749370592,1060.5262303436755,428.0,9.0,True,11,word,sitting,5.0
2392.0,1444.2242431640625,1052.624216079712,0.5457281470298767,0.7511913180351257,0.5641500949859619,0.7309890389442444,2.525390625,2.156951904296875,Fixation,1459.628749370592,1060.5262303436755,428.0,9.0,True,11,word,sitting,5.0
2396.0,1475.1576232910156,1032.7763843536377,0.5604677200317383,0.7555932402610779,0.576233446598053,0.717205822467804,2.5218505859375,2.0799713134765625,Fixation,1459.628749370592,1060.5262303436755,428.0,9.0,True,11,word,sitting,5.0
2400.0,1468.1248474121094,1062.0013046264648,0.5490434169769287,0.7497953176498413,0.5734862685203552,0.7375009059906006,2.499984741210937,2.138031005859375,Fixation,1459.628749370592,1060.5262303436755,428.0,9.0,True,11,word,sitting,5.0
2404.0,1472.6490783691406,990.0981903076172,0.5489882826805115,0.7591697573661804,0.5752535462379456,0.687568187713623,2.522445678710937,2.03173828125,Fixation,1459.628749370592,1060.5262303436755,428.0,9.0,True,11,word,sitting,5.0
2408.0,1455.1084899902344,1047.8934860229492,0.5468851923942566,0.7462016344070435,0.5684017539024353,0.7277038097381592,2.5133056640625,2.167831420898437,Fixation,1459.628749370592,1060.5262303436755,428.0,9.0,True,11,word,sitting,5.0
2412.0,1467.3989868164062,1051.4952850341797,0.5556017756462097,0.7580601572990417,0.5732027292251587,0.7302050590515137,2.5254669189453125,2.1541900634765625,Fixation,1459.628749370592,1060.5262303436755,428.0,9.0,True,11,word,sitting,5.0
2416.0,1468.7532043457031,1066.2660598754883,0.5488101243972778,0.7449355721473694,0.5737317204475403,0.7404625415802002,2.488388061523437,2.149505615234375,Fixation,1459.628749370592,1060.5262303436755,428.0,9.0,True,11,word,sitting,5.0
2420.0,1461.0429382324219,1050.191946029663,0.5515687465667725,0.7555221915245056,0.5707198977470398,0.7292999625205994,2.50030517578125,2.152923583984375,Fixation,1459.628749370592,1060.5262303436755,428.0,9.0,True,11,word,sitting,5.0
2424.0,1476.3653564453125,1092.658224105835,0.5532993078231812,0.7517097592353821,0.5767052173614502,0.7587904334068298,2.472518920898437,2.1599578857421875,Fixation,1459.628749370592,1060.5262303436755,428.0,9.0,True,11,word,sitting,5.0
2428.0,1475.0115966796875,1029.2640209197998,0.5499402284622192,0.7495089769363403,0.5761764049530029,0.7147666811943054,2.4983673095703125,2.0950469970703125,Fixation,1459.628749370592,1060.5262303436755,428.0,9.0,True,11,word,sitting,5.0
2432.0,1471.8283081054688,1043.803482055664,0.5559952855110168,0.7529035806655884,0.5749329328536987,0.7248635292053223,2.4868621826171875,2.093231201171875,Fixation,1459.628749370592,1060.5262303436755,428.0,9.0,True,11,word,sitting,5.0
2436.0,1454.5469665527344,1040.7545185089111,0.5508758425712585,0.7494597434997559,0.5681824088096619,0.7227461934089661,2.47772216796875,2.1151123046875,Fixation,1459.628749370592,1060.5262303436755,428.0,9.0,True,11,word,sitting,5.0
2440.0,1474.5967102050781,1089.3157196044922,0.5517799854278564,0.7534737586975098,0.5760143399238586,0.7564692497253418,2.4982147216796875,2.163116455078125,Fixation,1459.628749370592,1060.5262303436755,428.0,9.0,True,11,word,sitting,5.0
2444.0,1457.3300170898438,1058.7138175964355,0.5509475469589233,0.7532363533973694,0.5692695379257202,0.7352179288864136,2.4929962158203125,2.1364898681640625,Fixation,1459.628749370592,1060.5262303436755,428.0,9.0,True,11,word,sitting,5.0
2448.0,1445.1278686523438,1023.3781814575195,0.549479067325592,0.7514622807502747,0.5645030736923218,0.710679292678833,2.4942626953125,2.0974578857421875,Fixation,1459.628749370592,1060.5262303436755,428.0,9.0,True,11,word,sitting,5.0
2452.0,1436.8376159667969,1068.672752380371,0.5542958378791809,0.7549675703048706,0.56126469373703,0.7421338558197021,2.515869140625,2.159515380859375,Fixation,1459.628749370592,1060.5262303436755,428.0,9.0,True,11,word,sitting,5.0
2456.0,1486.7124938964844,1062.3830795288086,0.5480350255966187,0.7520754933357239,0.5807470679283142,0.7377660274505615,2.4959716796875,2.116943359375,Fixation,1459.628749370592,1060.5262303436755,428.0,9.0,True,11,word,sitting,5.0
2460.0,1432.3272705078125,1059.2244243621826,0.5483694076538086,0.7469933032989502,0.5595028400421143,0.7355725169181824,2.4913482666015625,2.158676147460937,Fixation,1459.628749370592,1060.5262303436755,428.0,9.0,True,11,word,sitting,5.0
2464.0,1466.9143676757812,1027.355661392212,0.5514342784881592,0.7458699941635132,0.573013424873352,0.7134414315223694,2.484100341796875,2.0966033935546875,Fixation,1459.628749370592,1060.5262303436755,428.0,9.0,True,11,word,sitting,5.0
2468.0,1441.1111450195312,1075.0067138671875,0.5483620762825012,0.7580258846282959,0.5629340410232544,0.7465324401855469,2.4964752197265625,2.1737518310546875,Fixation,1459.628749370592,1060.5262303436755,428.0,9.0,True,11,word,sitting,5.0
2472.0,1475.2217102050781,1050.558786392212,0.5511977672576904,0.7504563331604004,0.5762584805488586,0.7295547127723694,2.501373291015625,2.0654449462890625,Fixation,1459.628749370592,1060.5262303436755,428.0,9.0,True,11,word,sitting,5.0
2476.0,1459.6412658691406,1040.8495330810547,0.5525791645050049,0.7587872743606567,0.5701723694801331,0.7228121757507324,2.5067901611328125,2.0919189453125,Fixation,1459.628749370592,1060.5262303436755,428.0,9.0,True,11,word,sitting,5.0
2480.0,1458.2508850097656,1088.4296035766602,0.5533869862556458,0.7563368082046509,0.5696292519569397,0.7558538913726807,2.494110107421875,2.18194580078125,Fixation,1459.628749370592,1060.5262303436755,428.0,9.0,True,11,word,sitting,5.0
2484.0,1465.2120971679688,1074.9637985229492,0.5580271482467651,0.758993923664093,0.5723484754562378,0.7465026378631592,2.502777099609375,2.1805877685546875,Fixation,1459.628749370592,1060.5262303436755,428.0,9.0,True,11,word,sitting,5.0
2488.0,1468.0400085449219,1080.550775527954,0.5488527417182922,0.7541821599006653,0.5734531283378601,0.7503824830055237,2.501327514648437,2.1843719482421875,Fixation,1459.628749370592,1060.5262303436755,428.0,9.0,True,11,word,sitting,5.0
2492.0,1486.4532470703125,1072.9684925079346,0.5486413836479187,0.7523655295372009,0.5806457996368408,0.7451170086860657,2.490219116210937,2.150909423828125,Fixation,1459.628749370592,1060.5262303436755,428.0,9.0,True,11,word,sitting,5.0
2496.0,1457.0217895507812,1046.923770904541,0.5515824556350708,0.75202876329422,0.5691491365432739,0.7270303964614868,2.4798126220703125,2.1144256591796875,Fixation,1459.628749370592,1060.5262303436755,428.0,9.0,True,11,word,sitting,5.0
2500.0,1425.018310546875,1030.1783752441406,0.5511028170585632,0.7545978426933289,0.556647777557373,0.7154016494750977,2.4823455810546875,2.120025634765625,Fixation,1459.628749370592,1060.5262303436755,428.0,9.0,True,11,word,sitting,5.0
2504.0,1488.5781860351562,1062.3169898986816,0.5556169748306274,0.7567713260650635,0.5814758539199829,0.7377201318740845,2.475067138671875,2.15380859375,Fixation,1459.628749370592,1060.5262303436755,428.0,9.0,True,11,word,sitting,5.0
2508.0,1473.2711791992188,1058.0189323425293,0.556581437587738,0.7578747272491455,0.5754965543746948,0.734735369682312,2.489013671875,2.1029205322265625,Fixation,1459.628749370592,1060.5262303436755,428.0,9.0,True,11,word,sitting,5.0
2512.0,1444.4664001464844,1046.8453216552734,0.5521458983421326,0.7589283585548401,0.5642446875572205,0.7269759178161621,2.4909210205078125,2.114013671875,Fixation,1459.628749370592,1060.5262303436755,428.0,9.0,True,11,word,sitting,5.0
2516.0,1479.3354797363281,1065.9175872802734,0.557942807674408,0.7497181296348572,0.5778654217720032,0.7402205467224121,2.4739532470703125,2.15460205078125,Fixation,1459.628749370592,1060.5262303436755,428.0,9.0,True,11,word,sitting,5.0
2520.0,1465.9471130371094,1056.3339042663574,0.5450774431228638,0.7554579973220825,0.5726355910301208,0.7335652112960815,2.4820556640625,2.1043243408203125,Fixation,1459.628749370592,1060.5262303436755,428.0,9.0,True,11,word,sitting,5.0
2524.0,1463.0532836914062,1046.0219478607178,0.5505523681640625,0.7474190592765808,0.5715051889419556,0.7264041304588318,2.4919891357421875,2.1019744873046875,Fixation,1459.628749370592,1060.5262303436755,428.0,9.0,True,11,word,sitting,5.0
2528.0,1482.7064514160156,1038.8652992248535,0.5532887578010559,0.7504242658615112,0.5791822075843811,0.7214342355728149,2.487884521484375,2.123870849609375,Fixation,1459.628749370592,1060.5262303436755,428.0,9.0,True,11,word,sitting,5.0
2532.0,1480.4522705078125,1085.5888652801514,0.5549418330192566,0.7556214332580566,0.5783016681671143,0.7538811564445496,2.49468994140625,2.1798095703125,Fixation,1459.628749370592,1060.5262303436755,428.0,9.0,True,11,word,sitting,5.0
2536.0,1482.4227905273438,1022.924394607544,0.552552342414856,0.753740131855011,0.5790714025497437,0.7103641629219055,2.4862213134765625,2.05023193359375,Fixation,1459.628749370592,1060.5262303436755,428.0,9.0,True,11,word,sitting,5.0
2540.0,1479.993896484375,1089.3737411499023,0.5568948984146118,0.7487920522689819,0.578122615814209,0.75650954246521,2.4923095703125,2.20025634765625,Fixation,1459.628749370592,1060.5262303436755,428.0,9.0,True,11,word,sitting,5.0
2544.0,1468.1527709960938,933.7106895446777,0.5563311576843262,0.7562687993049622,0.5734971761703491,0.6484102010726929,2.47796630859375,1.87359619140625,Fixation,1459.628749370592,1060.5262303436755,428.0,9.0,True,11,word,sitting,5.0
2548.0,1469.4967651367188,1016.0981941223145,0.5532718896865845,0.7530959844589233,0.5740221738815308,0.7056237459182739,2.487060546875,2.07122802734375,Fixation,1459.628749370592,1060.5262303436755,428.0,9.0,True,11,word,sitting,5.0
2552.0,1475.2214050292969,1046.7392349243164,0.5531066656112671,0.7561361193656921,0.5762583613395691,0.7269022464752197,2.4879302978515625,2.0845947265625,Fixation,1459.628749370592,1060.5262303436755,428.0,9.0,True,11,word,sitting,5.0
2556.0,1462.1844482421875,1056.3387966156006,0.5513986945152283,0.7577164769172668,0.5711658000946045,0.7335686087608337,2.5051422119140625,2.105697631835937,Fixation,1459.628749370592,1060.5262303436755,428.0,9.0,True,11,word,sitting,5.0
2560.0,1485.2491760253906,1083.2831954956055,0.5580084919929504,0.754452109336853,0.5801754593849182,0.7522799968719482,2.4833526611328125,2.12664794921875,Fixation,1459.628749370592,1060.5262303436755,428.0,9.0,True,11,word,sitting,5.0
2564.0,1420.9025573730469,1063.1432819366455,0.5519811511039734,0.7533193826675415,0.5550400614738464,0.7382939457893372,2.46649169921875,2.1981658935546875,Fixation,1459.628749370592,1060.5262303436755,428.0,9.0,True,11,word,sitting,5.0
2568.0,1462.6443481445312,1091.374626159668,0.5516995787620544,0.7578163743019104,0.5713454484939575,0.7578990459442139,2.4821929931640625,2.241668701171875,Fixation,1459.628749370592,1060.5262303436755,428.0,9.0,True,11,word,sitting,5.0
2572.0,1455.2934265136719,1067.8449153900146,0.5532059669494629,0.7444043755531311,0.5684739947319031,0.7415589690208435,2.458969116210937,2.164581298828125,Fixation,1459.628749370592,1060.5262303436755,428.0,9.0,True,11,word,sitting,5.0
2576.0,1472.2581481933594,1074.955129623413,0.5522497892379761,0.7592694163322449,0.575100839138031,0.7464966177940369,2.4690399169921875,2.184967041015625,Fixation,1459.628749370592,1060.5262303436755,428.0,9.0,True,11,word,sitting,5.0
2580.0,1437.6040649414062,1090.878610610962,0.549373984336853,0.7502700686454773,0.5615640878677368,0.7575545907020569,2.473373413085937,2.1735076904296875,Fixation,1459.628749370592,1060.5262303436755,428.0,9.0,True,11,word,sitting,5.0
2584.0,1479.7164916992188,1060.3700923919678,0.5483973622322083,0.7513131499290466,0.5780142545700073,0.7363681197166443,2.48602294921875,2.13677978515625,Fixation,1459.628749370592,1060.5262303436755,428.0,9.0,True,11,word,sitting,5.0
2588.0,1463.1480407714844,1078.721981048584,0.5565206408500671,0.757173478603363,0.5715422034263611,0.7491124868392944,2.4742889404296875,2.1675262451171875,Fixation,1459.628749370592,1060.5262303436755,428.0,9.0,True,11,word,sitting,5.0
2592.0,1447.1444702148438,1071.3244915008545,0.5527730584144592,0.7552326321601868,0.5652908086776733,0.7439753413200378,2.48748779296875,2.183700561523437,Fixation,1459.628749370592,1060.5262303436755,428.0,9.0,True,11,word,sitting,5.0
2596.0,1471.9796752929688,1006.5712451934814,0.5509493350982666,0.755324125289917,0.5749920606613159,0.6990078091621399,2.46868896484375,2.005859375,Fixation,1459.628749370592,1060.5262303436755,428.0,9.0,True,11,word,sitting,5.0
2600.0,1485.736083984375,1057.0638942718506,0.5505306720733643,0.750211775302887,0.5803656578063965,0.7340721487998962,2.4757843017578125,2.1196746826171875,Fixation,1459.628749370592,1060.5262303436755,428.0,9.0,True,11,word,sitting,5.0
2604.0,1472.6068115234375,1085.5256080627441,0.546495258808136,0.7491224408149719,0.5752370357513428,0.7538372278213501,2.4552154541015625,2.2135467529296875,Fixation,1459.628749370592,1060.5262303436755,428.0,9.0,True,11,word,sitting,5.0
2608.0,1476.4930725097656,1055.1927852630615,0.5460357666015625,0.7517537474632263,0.5767551064491272,0.7327727675437927,2.4746551513671875,2.108642578125,Fixation,1459.628749370592,1060.5262303436755,428.0,9.0,True,11,word,sitting,5.0
2612.0,1478.2707214355469,980.0845813751221,0.5502848625183105,0.7504591941833496,0.5774495005607605,0.6806142926216125,2.480438232421875,1.95013427734375,Fixation,1459.628749370592,1060.5262303436755,428.0,9.0,True,11,word,sitting,5.0
2616.0,1479.8843383789062,1046.9155311584473,0.5507367849349976,0.7490569949150085,0.5780798196792603,0.7270246744155884,2.469329833984375,2.11944580078125,Fixation,1459.628749370592,1060.5262303436755,428.0,9.0,True,11,word,sitting,5.0
2620.0,1432.4935913085938,1082.0811367034912,0.5465206503868103,0.7513261437416077,0.5595678091049194,0.7514452338218689,2.4788055419921875,2.138153076171875,Fixation,1459.628749370592,1060.5262303436755,428.0,9.0,True,11,word,sitting,5.0
2624.0,1465.821533203125,1056.654224395752,0.5501797795295715,0.7553021907806396,0.5725865364074707,0.7337876558303833,2.472076416015625,2.115478515625,Fixation,1459.628749370592,1060.5262303436755,428.0,9.0,True,11,word,sitting,5.0
2628.0,1486.3273620605469,989.987382888794,0.5533131957054138,0.7511342763900757,0.5805966258049011,0.687491238117218,2.480987548828125,2.0028839111328125,Fixation,1459.628749370592,1060.5262303436755,428.0,9.0,True,11,word,sitting,5.0
2632.0,1486.7678833007812,1089.9946403503418,0.5465239882469177,0.75089430809021,0.5807687044143677,0.7569407224655151,2.4831085205078125,2.1649169921875,Fixation,1459.628749370592,1060.5262303436755,428.0,9.0,True,11,word,sitting,5.0
2636.0,1472.3252868652344,1071.904706954956,0.5510408282279968,0.7530732154846191,0.5751270651817322,0.7443782687187195,2.4752349853515625,2.130584716796875,Fixation,1459.628749370592,1060.5262303436755,428.0,9.0,True,11,word,sitting,5.0
2640.0,1454.8695373535156,1055.8983135223389,0.5472747087478638,0.7518185377120972,0.568308413028717,0.7332627177238464,2.4676513671875,2.0641021728515625,Fixation,1459.628749370592,1060.5262303436755,428.0,9.0,True,11,word,sitting,5.0
2644.0,1477.6771545410156,1079.538745880127,0.5495201945304871,0.7471833825111389,0.5772176384925842,0.749679684638977,2.480224609375,2.146820068359375,Fixation,1459.628749370592,1060.5262303436755,428.0,9.0,True,11,word,sitting,5.0
2648.0,1469.2451477050781,1065.1090621948242,0.5453070402145386,0.754851222038269,0.5739238858222961,0.7396590709686279,2.4608306884765625,2.138702392578125,Fixation,1459.628749370592,1060.5262303436755,428.0,9.0,True,11,word,sitting,5.0
2652.0,1480.2934265136719,1058.587303161621,0.5525264739990234,0.7548797130584717,0.5782396197319031,0.7351300716400146,2.4752655029296875,2.0840606689453125,Fixation,1459.628749370592,1060.5262303436755,428.0,9.0,True,11,word,sitting,5.0
2656.0,1461.5446472167969,1102.6985263824463,0.5486102104187012,0.7508476376533508,0.5709158778190613,0.7657628655433655,2.468536376953125,2.1407470703125,Fixation,1459.628749370592,1060.5262303436755,428.0,9.0,True,11,word,sitting,5.0
2660.0,1469.9630737304688,1049.613618850708,0.5567100644111633,0.7542567253112793,0.5742043256759644,0.7288983464241028,2.4504547119140625,2.0791473388671875,Fixation,1459.628749370592,1060.5262303436755,428.0,9.0,True,11,word,sitting,5.0
2664.0,1458.4233093261719,1088.966474533081,0.5507618188858032,0.7523956298828125,0.5696966052055359,0.7562267184257507,2.459579467773437,2.162445068359375,Fixation,1459.628749370592,1060.5262303436755,428.0,9.0,True,11,word,sitting,5.0
2668.0,1447.5836181640625,1075.180950164795,0.551848292350769,0.7556607723236084,0.5654623508453369,0.7466534376144409,2.460540771484375,2.15338134765625,Fixation,1459.628749370592,1060.5262303436755,428.0,9.0,True,11,word,sitting,5.0
2672.0,1465.595703125,1057.3053359985352,0.5488077998161316,0.749515175819397,0.5724983215332031,0.7342398166656494,2.4610595703125,2.1071319580078125,Fixation,1459.628749370592,1060.5262303436755,428.0,9.0,True,11,word,sitting,5.0
2676.0,1456.3006591796875,1036.8884468078613,0.5492443442344666,0.753093957901001,0.5688674449920654,0.7200614213943481,2.4570770263671875,2.068634033203125,Fixation,1459.628749370592,1060.5262303436755,428.0,9.0,True,11,word,sitting,5.0
2680.0,1441.0671997070312,1055.5910396575928,0.5553521513938904,0.7459333539009094,0.5629168748855591,0.7330493330955505,2.4620361328125,2.0792388916015625,Fixation,1459.628749370592,1060.5262303436755,428.0,9.0,True,11,word,sitting,5.0
2684.0,1493.1488037109375,1090.8845329284668,0.5505387783050537,0.7556471228599548,0.583261251449585,0.7575587034225464,2.458969116210937,2.137725830078125,Fixation,1459.628749370592,1060.5262303436755,428.0,9.0,True,11,word,sitting,5.0
2688.0,1490.9426879882812,1069.5068550109863,0.5531413555145264,0.7543874382972717,0.5823994874954224,0.7427130937576294,2.441680908203125,2.115219116210937,Fixation,1459.628749370592,1060.5262303436755,428.0,9.0,True,11,word,sitting,5.0
2692.0,1459.237060546875,1050.2721118927002,0.5495055913925171,0.7591842412948608,0.570014476776123,0.7293556332588196,2.4705810546875,2.066558837890625,Fixation,1459.628749370592,1060.5262303436755,428.0,9.0,True,11,word,sitting,5.0
2696.0,1453.5093688964844,1086.0749244689941,0.5540155172348022,0.757665753364563,0.5677770972251892,0.7542186975479126,2.4763336181640625,2.1551055908203125,Fixation,1459.628749370592,1060.5262303436755,428.0,9.0,True,11,word,sitting,5.0
2700.0,1427.7084350585938,1085.8286762237549,0.5479461550712585,0.7618620991706848,0.5576986074447632,0.754047691822052,2.4615020751953125,2.167694091796875,Fixation,1459.628749370592,1060.5262303436755,428.0,9.0,True,11,word,sitting,5.0
2704.0,1452.0808410644531,1102.7114009857178,0.5556853413581848,0.7468342185020447,0.567219078540802,0.7657718062400818,2.465118408203125,2.195648193359375,Fixation,1459.628749370592,1060.5262303436755,428.0,9.0,True,11,word,sitting,5.0
2708.0,1454.4465637207031,1071.4100646972656,0.5601544380187988,0.7611381411552429,0.5681431889533997,0.7440347671508789,2.4977264404296875,2.12310791015625,Fixation,1459.628749370592,1060.5262303436755,428.0,9.0,True,11,word,sitting,5.0
2712.0,1448.9727783203125,1090.9319114685059,0.5518643260002136,0.7579538822174072,0.5660049915313721,0.7575916051864624,2.4769439697265625,2.1876220703125,Fixation,1459.628749370592,1060.5262303436755,428.0,9.0,True,11,word,sitting,5.0
2716.0,1493.1881713867188,1071.3782215118408,0.5607078671455383,0.753645658493042,0.583276629447937,0.7440126538276672,2.466705322265625,2.125244140625,Fixation,1459.628749370592,1060.5262303436755,428.0,9.0,True,11,word,sitting,5.0
2720.0,1460.1521301269531,1064.5682430267334,0.5503614544868469,0.7643475532531738,0.5703719258308411,0.7392835021018982,2.492538452148437,2.09063720703125,Fixation,1459.628749370592,1060.5262303436755,428.0,9.0,True,11,word,sitting,5.0
2724.0,1465.5404663085938,1050.7514762878418,0.5536386370658875,0.750954806804657,0.5724767446517944,0.7296885251998901,2.4480133056640625,2.087188720703125,Fixation,1459.628749370592,1060.5262303436755,428.0,9.0,True,11,word,sitting,5.0
2728.0,1465.8195495605469,1070.3417301177979,0.5488582849502563,0.7590721249580383,0.5725857615470886,0.7432928681373596,2.4925537109375,2.0963897705078125,Fixation,1459.628749370592,1060.5262303436755,428.0,9.0,True,11,word,sitting,5.0
2732.0,1471.2142944335938,1071.9299411773682,0.54897141456604,0.7584770917892456,0.5746930837631226,0.7443957924842834,2.4776763916015625,2.1213531494140625,Fixation,1459.628749370592,1060.5262303436755,428.0,9.0,True,11,word,sitting,5.0
2736.0,1448.6262512207031,1034.5031261444092,0.5467724800109863,0.7575347423553467,0.5658696293830872,0.7184049487113953,2.479232788085937,2.0795440673828125,Fixation,1459.628749370592,1060.5262303436755,428.0,9.0,True,11,word,sitting,5.0
2740.0,1456.8463134765625,1092.7483463287354,0.5506507754325867,0.7547045946121216,0.5690805912017822,0.758853018283844,2.456649780273437,2.1201171875,Fixation,1459.628749370592,1060.5262303436755,428.0,9.0,True,11,word,sitting,5.0
2744.0,1465.4402160644531,1014.4807147979736,0.5506265759468079,0.7570429444313049,0.572437584400177,0.7045004963874817,2.4648590087890625,2.0128173828125,Fixation,1459.628749370592,1060.5262303436755,428.0,9.0,True,11,word,sitting,5.0
2748.0,1470.2894592285156,1052.8563022613525,0.5521053075790405,0.7554616332054138,0.5743318200111389,0.731150209903717,2.4789581298828125,2.06768798828125,Fixation,1459.628749370592,1060.5262303436755,428.0,9.0,True,11,word,sitting,5.0
2752.0,1479.1539001464844,1112.7019214630127,0.5524552464485168,0.7528397440910339,0.5777944922447205,0.7727096676826477,2.4571533203125,2.176025390625,Fixation,1459.628749370592,1060.5262303436755,428.0,9.0,True,11,word,sitting,5.0
2756.0,1483.5789489746094,1054.7466373443604,0.5478119850158691,0.7436529397964478,0.5795230269432068,0.7324629426002502,2.474349975585937,2.087188720703125,Fixation,1459.628749370592,1060.5262303436755,428.0,9.0,True,11,word,sitting,5.0
2760.0,1449.1102600097656,1080.7815742492676,0.5504040122032166,0.7556901574134827,0.5660586953163147,0.7505427598953247,2.4633331298828125,2.120758056640625,Fixation,1459.628749370592,1060.5262303436755,428.0,9.0,True,11,word,sitting,5.0
2764.0,1418.8923645019531,1049.9213218688965,0.5528453588485718,0.7597864866256714,0.5542548298835754,0.7291120290756226,2.4910888671875,2.1464080810546875,Fixation,1459.628749370592,1060.5262303436755,428.0,9.0,True,11,word,sitting,5.0
2768.0,1471.3566589355469,1066.2352466583252,0.5499398708343506,0.7564019560813904,0.574748694896698,0.7404411435127258,2.4495086669921875,2.076934814453125,Fixation,1459.628749370592,1060.5262303436755,428.0,9.0,True,11,word,sitting,5.0
2772.0,1441.8571472167969,1119.6304321289062,0.5472571849822998,0.7475271821022034,0.5632254481315613,0.7775211334228516,2.441864013671875,2.196868896484375,Fixation,1459.628749370592,1060.5262303436755,428.0,9.0,True,11,word,sitting,5.0
2776.0,1427.4754333496094,1035.904312133789,0.543070912361145,0.7412658929824829,0.5576075911521912,0.7193779945373535,2.4638824462890625,2.1031951904296875,Fixation,1459.628749370592,1060.5262303436755,428.0,9.0,True,11,word,sitting,5.0
2780.0,1412.8155517578125,1076.4141654968262,0.5291492342948914,0.727914035320282,0.5518810749053955,0.7475098371505737,2.4699249267578125,2.20233154296875,Fixation,1459.628749370592,1060.5262303436755,428.0,9.0,True,11,word,sitting,5.0
2784.0,1372.3609924316406,1069.2062759399414,0.5143644213676453,0.7105960249900818,0.5360785126686096,0.742504358291626,2.4592437744140625,2.2068023681640625,Saccade,,,,0.0,False,12,,,
2788.0,1331.0789489746094,1071.577262878418,0.5065070986747742,0.7157354950904846,0.5199527144432068,0.7441508769989014,2.45404052734375,2.1986541748046875,Saccade,,,,0.0,False,12,,,
2792.0,1335.5619812011719,991.4344024658203,0.5028696656227112,0.691551923751831,0.5217038989067078,0.6884961128234863,2.4281158447265625,2.129379272460937,Saccade,,,,0.0,False,12,,,
2796.0,1330.1423645019531,1000.721025466919,0.494888961315155,0.6883707046508789,0.5195868611335754,0.6949451565742493,2.474761962890625,2.1674041748046875,Saccade,,,,0.0,False,12,,,
2800.0,1290.5911254882812,976.8412113189697,0.4898455440998077,0.6800615787506104,0.5041371583938599,0.6783619523048401,2.4453277587890625,2.1264801025390625,Saccade,,,,0.0,False,12,,,
2804.0,1310.8537292480469,952.9624271392822,0.4857120215892792,0.6757006049156189,0.5120522379875183,0.6617794632911682,2.4498748779296875,2.124969482421875,Saccade,,,,0.0,False,12,,,
2808.0,1263.7943267822263,938.3187675476074,0.4839785099029541,0.6632823348045349,0.4936696588993072,0.651610255241394,2.44500732421875,2.1317596435546875,Saccade,,,,0.0,False,12,,,
2812.0,1277.1715545654295,894.6949768066406,0.4856718778610229,0.6597844958305359,0.4988951385021209,0.6213159561157227,2.438339233398437,2.038070678710937,Fixation,1271.3762995881855,891.2264534212509,208.0,10.0,True,13,image,,10.0
2816.0,1293.2862854003906,853.3077621459961,0.4880291521549225,0.6515598893165588,0.5051899552345276,0.5925748348236084,2.438568115234375,1.9793243408203125,Fixation,1271.3762995881855,891.2264534212509,208.0,10.0,True,13,image,,10.0
2820.0,1268.7547302246091,859.982385635376,0.4876801967620849,0.6534141302108765,0.495607316493988,0.5972099900245667,2.452987670898437,2.003692626953125,Fixation,1271.3762995881855,891.2264534212509,208.0,10.0,True,13,image,,10.0
2824.0,1279.2387390136719,900.5924034118652,0.4873878359794616,0.6524441838264465,0.4997026324272156,0.6254113912582397,2.43865966796875,2.00799560546875,Fixation,1271.3762995881855,891.2264534212509,208.0,10.0,True,13,image,,10.0
2828.0,1268.3740997314453,925.3165340423584,0.4870573878288269,0.6657206416130066,0.4954586327075958,0.6425809264183044,2.4432373046875,2.095855712890625,Fixation,1271.3762995881855,891.2264534212509,208.0,10.0,True,13,image,,10.0
2832.0,1269.9372863769531,931.6445732116699,0.488519936800003,0.6493478417396545,0.4960692524909973,0.6469753980636597,2.422943115234375,2.13104248046875,Fixation,1271.3762995881855,891.2264534212509,208.0,10.0,True,13,image,,10.0
2836.0,1260.5844116210935,907.1520137786865,0.4862106144428253,0.6504265666007996,0.4924157857894897,0.629966676235199,2.428253173828125,2.11810302734375,Fixation,1271.3762995881855,891.2264534212509,208.0,10.0,True,13,image,,10.0
2840.0,1293.4953308105469,861.672477722168,0.4797562062740326,0.6646081805229187,0.5052716135978699,0.5983836650848389,2.461944580078125,1.9369354248046875,Fixation,1271.3762995881855,891.2264534212509,208.0,10.0,True,13,image,,10.0
2844.0,1262.4213409423828,869.987325668335,0.4923259615898132,0.6510805487632751,0.4931333363056183,0.6041578650474548,2.4697723388671875,2.0111236572265625,Fixation,1271.3762995881855,891.2264534212509,208.0,10.0,True,13,image,,10.0
2848.0,1287.0143127441406,809.7349548339844,0.4877906441688537,0.6604610681533813,0.5027399659156799,0.5623159408569336,2.448974609375,1.884796142578125,Fixation,1271.3762995881855,891.2264534212509,208.0,10.0,True,13,image,,10.0
2852.0,1262.4913787841797,878.6878967285156,0.4808136224746704,0.6600576043128967,0.4931606948375702,0.6101999282836914,2.461944580078125,1.991455078125,Fixation,1271.3762995881855,891.2264534212509,208.0,10.0,True,13,image,,10.0
2856.0,1262.1159362792966,848.9817237854004,0.4837901592254638,0.6553586721420288,0.4930140376091003,0.5895706415176392,2.4435577392578125,2.00408935546875,Fixation,1271.3762995881855,891.2264534212509,208.0,10.0,True,13,image,,10.0
2860.0,1242.267150878906,951.8907451629639,0.4852606058120727,0.6610352396965027,,,2.4547882080078125,,Fixation,1271.3762995881855,891.2264534212509,208.0,10.0,True,13,image,,10.0
2864.0,1258.1300354003906,919.7968482971191,0.4827140271663666,0.661247730255127,0.4914570450782776,0.6387478113174438,2.45654296875,2.0797576904296875,Fixation,1271.3762995881855,891.2264534212509,208.0,10.0,True,13,image,,10.0
2868.0,1271.4273834228516,847.104434967041,0.4850118458271026,0.6600534915924072,0.4966513216495514,0.5882669687271118,2.4436492919921875,1.936126708984375,Fixation,1271.3762995881855,891.2264534212509,208.0,10.0,True,13,image,,10.0
2872.0,1242.610855102539,956.5117835998535,0.4853948652744293,0.6642442941665649,,,2.46380615234375,,Fixation,1271.3762995881855,891.2264534212509,208.0,10.0,True,13,image,,10.0
2876.0,1257.8786468505857,874.3386840820312,0.4826067388057709,0.6604805588722229,0.4913588464260101,0.6071796417236328,2.4382781982421875,1.9710693359375,Fixation,1271.3762995881855,891.2264534212509,208.0,10.0,True,13,image,,10.0
2880.0,1270.3260040283203,884.9024677276611,0.4885458052158355,0.654967725276947,0.4962210953235626,0.6145156025886536,2.4417877197265625,2.0068817138671875,Fixation,1271.3762995881855,891.2264534212509,208.0,10.0,True,13,image,,10.0
2884.0,1255.925369262695,973.6386966705322,0.4843634963035583,0.6559461355209351,0.4905958473682403,0.6761379837989807,2.4410552978515625,2.202423095703125,Fixation,1271.3762995881855,891.2264534212509,208.0,10.0,True,13,image,,10.0
2888.0,1247.0377349853513,905.5548763275146,0.4874528348445892,0.6539239883422852,0.4871241152286529,0.6288575530052185,2.439056396484375,2.0765380859375,Fixation,1271.3762995881855,891.2264534212509,208.0,10.0,True,13,image,,10.0
2892.0,1301.0923767089844,959.877119064331,0.4869455695152282,0.6534436345100403,0.508239209651947,0.6665813326835632,2.4300537109375,2.154891967773437,Fixation,1271.3762995881855,891.2264534212509,208.0,10.0,True,13,image,,10.0
2896.0,1244.9330139160156,940.5031585693359,0.4863019585609436,0.6531271934509277,,,2.4302520751953125,,Fixation,1271.3762995881855,891.2264534212509,208.0,10.0,True,13,image,,10.0
2900.0,1293.9993286132812,935.9470081329346,0.4883894026279449,0.6576080918312073,0.505468487739563,0.6499632000923157,2.452621459960937,2.138092041015625,Fixation,1271.3762995881855,891.2264534212509,208.0,10.0,True,13,image,,10.0
2904.0,1262.6683044433591,863.3615398406982,0.4857762157917022,0.650503396987915,0.4932298064231872,0.5995566248893738,2.4345855712890625,1.9905548095703125,Fixation,1271.3762995881855,891.2264534212509,208.0,10.0,True,13,image,,10.0
2908.0,1295.7675170898438,846.3946151733398,0.4881328642368316,0.6479353308677673,0.5061591863632202,0.5877740383148193,2.423980712890625,1.9631195068359373,Fixation,1271.3762995881855,891.2264534212509,208.0,10.0,True,13,image,,10.0
2912.0,1293.0679321289062,897.8763771057129,0.4889906346797943,0.6489202380180359,0.505104660987854,0.6235252618789673,2.4335174560546875,2.0225372314453125,Fixation,1271.3762995881855,891.2264534212509,208.0,10.0,True,13,image,,10.0
2916.0,1257.0572662353516,944.0142345428467,0.4910379946231842,0.6555654406547546,,,2.4313507080078125,,Fixation,1271.3762995881855,891.2264534212509,208.0,10.0,True,13,image,,10.0
2920.0,1250.603561401367,945.4562759399414,0.488517016172409,0.656566858291626,,,2.43499755859375,,Fixation,1271.3762995881855,891.2264534212509,208.0,10.0,True,13,image,,10.0
2924.0,1274.438705444336,856.259822845459,0.4848143458366394,0.6553731560707092,0.4978276193141937,0.5946248769760132,2.422103881835937,1.9632568359375,Fixation,1271.3762995881855,891.2264534212509,208.0,10.0,True,13,image,,10.0
2928.0,1276.7537689208982,865.4751205444336,0.4877378046512604,0.6496598720550537,0.4987319409847259,0.6010243892669678,2.42333984375,1.9499359130859373,Fixation,1271.3762995881855,891.2264534212509,208.0,10.0,True,13,image,,10.0
2932.0,1283.2765197753906,826.208438873291,0.4861914813518524,0.6473779082298279,0.501279890537262,0.5737558603286743,2.4185028076171875,1.8671112060546875,Fixation,1271.3762995881855,891.2264534212509,208.0,10.0,True,13,image,,10.0
2936.0,1268.466873168945,839.230842590332,0.4862190783023834,0.6593815684318542,0.4954948723316192,0.5827991962432861,2.4248809814453125,1.8755645751953125,Fixation,1271.3762995881855,891.2264534212509,208.0,10.0,True,13,image,,10.0
2940.0,1313.8864135742188,892.6795864105225,0.4898422360420227,0.6537573933601379,0.5132368803024292,0.6199163794517517,2.436981201171875,2.066390991210937,Fixation,1271.3762995881855,891.2264534212509,208.0,10.0,True,13,image,,10.0
2944.0,1281.6258239746094,844.716625213623,0.4868466556072235,0.6610350012779236,0.5006350874900818,0.5866087675094604,2.43853759765625,1.9403839111328125,Fixation,1271.3762995881855,891.2264534212509,208.0,10.0,True,13,image,,10.0
2948.0,1251.781768798828,925.491886138916,0.4889772534370422,0.6427026987075806,,,2.4197540283203125,,Fixation,1271.3762995881855,891.2264534212509,208.0,10.0,True,13,image,,10.0
2952.0,1296.1659240722656,808.9375019073486,0.4847557246685028,0.648300051689148,0.5063148140907288,0.5617621541023254,2.434478759765625,1.8437957763671875,Fixation,1271.3762995881855,891.2264534212509,208.0,10.0,True,13,image,,10.0
2956.0,1274.5998382568357,892.2667407989502,0.4827375113964081,0.6587312817573547,0.4978905618190765,0.6196296811103821,2.41943359375,2.018661499023437,Fixation,1271.3762995881855,891.2264534212509,208.0,10.0,True,13,image,,10.0
2960.0,1299.7515869140625,889.4391345977783,0.4854871034622192,0.6523902416229248,0.5077154636383057,0.6176660656929016,2.4137420654296875,1.9864501953125,Fixation,1271.3762995881855,891.2264534212509,208.0,10.0,True,13,image,,10.0
2964.0,1264.5150756835938,857.2953701019287,0.4853985607624054,0.6587661504745483,0.4939512014389038,0.5953440070152283,2.435394287109375,1.9337005615234373,Fixation,1271.3762995881855,891.2264534212509,208.0,10.0,True,13,image,,10.0
2968.0,1240.6403350830078,946.6446876525879,0.4846251308917999,0.657392144203186,,,2.4392242431640625,,Fixation,1271.3762995881855,891.2264534212509,208.0,10.0,True,13,image,,10.0
2972.0,1270.7375335693357,842.3307037353516,0.4875503182411194,0.6592196226119995,0.4963818490505218,0.5849518775939941,2.425048828125,1.9390869140625,Fixation,1271.3762995881855,891.2264534212509,208.0,10.0,True,13,image,,10.0
2976.0,1243.9749145507812,937.8703022003174,0.4859277009963989,0.6512988209724426,,,2.39251708984375,,Fixation,1271.3762995881855,891.2264534212509,208.0,10.0,True,13,image,,10.0
2980.0,1288.4860229492188,889.0047454833984,0.4842706322669983,0.6473846435546875,0.5033148527145386,0.6173644065856934,2.406646728515625,2.06219482421875,Fixation,1271.3762995881855,891.2264534212509,208.0,10.0,True,13,image,,10.0
2984.0,1253.6857604980466,927.158374786377,0.4817128479480743,0.6535265445709229,0.4897210001945495,0.6438599824905396,2.3984375,2.1054840087890625,Fixation,1271.3762995881855,891.2264534212509,208.0,10.0,True,13,image,,10.0
2988.0,1264.5232391357422,887.9288578033447,0.481221467256546,0.6513380408287048,0.4939543902873993,0.6166172623634338,2.417098999023437,2.0081329345703125,Fixation,1271.3762995881855,891.2264534212509,208.0,10.0,True,13,image,,10.0
2992.0,1232.5476837158203,945.3110504150391,0.4814639389514923,0.656466007232666,,,2.4324188232421875,,Fixation,1271.3762995881855,891.2264534212509,208.0,10.0,True,13,image,,10.0
2996.0,1277.4032592773438,904.8145866394043,0.4844365417957306,0.6515425443649292,0.4989856481552124,0.6283434629440308,2.4237060546875,2.053939819335937,Fixation,1271.3762995881855,891.2264534212509,208.0,10.0,True,13,image,,10.0
3000.0,1275.6774902343748,840.4804515838623,0.4818355739116668,0.651995837688446,0.4983115196228027,0.583666980266571,2.4267120361328125,1.893768310546875,Fixation,1271.3762995881855,891.2264534212509,208.0,10.0,True,13,image,,10.0
3004.0,1295.2738952636719,854.5114517211914,0.4830463826656341,0.6542302966117859,0.5059663653373718,0.5934107303619385,2.41949462890625,1.9100341796875,Fixation,1271.3762995881855,891.2264534212509,208.0,10.0,True,13,image,,10.0
3008.0,1261.5671539306638,938.344087600708,0.4826962053775787,0.6620161533355713,0.4927996695041656,0.6516278386116028,2.447479248046875,2.0770263671875,Fixation,1271.3762995881855,891.2264534212509,208.0,10.0,True,13,image,,10.0
3012.0,1245.1409149169922,894.5482921600342,0.4878228008747101,0.6559399962425232,0.4863831698894501,0.6212140917778015,2.4178619384765625,2.0101776123046875,Fixation,1271.3762995881855,891.2264534212509,208.0,10.0,True,13,image,,10.0
3016.0,1283.7693786621094,871.5687561035156,0.4805872738361358,0.6600099802017212,0.5014724135398865,0.6052560806274414,2.4215240478515625,1.9074554443359373,Fixation,1271.3762995881855,891.2264534212509,208.0,10.0,True,13,image,,10.0
3020.0,1334.5761108398438,867.5607204437256,0.49467733502388,0.657699704170227,0.521318793296814,0.602472722530365,2.424468994140625,1.957183837890625,Fixation,1271.3762995881855,891.2264534212509,208.0,10.0,True,13,image,,10.0
3024.0,1357.4296569824219,906.1667633056641,0.5076541900634766,0.6418817639350891,0.5302459597587585,0.6292824745178223,2.4364471435546875,2.077621459960937,Saccade,,,,0.0,False,14,,,
3028.0,1360.2650451660156,903.1608009338379,0.5187180638313293,0.6479599475860596,0.5313535332679749,0.6271950006484985,2.428985595703125,2.060699462890625,Saccade,,,,0.0,False,14,,,
3032.0,1340.4673767089844,931.7583847045898,0.523620069026947,0.6470544338226318,,,2.4112091064453125,,Saccade,,,,0.0,False,14,,,
3036.0,1441.8455505371094,795.5377006530762,0.5292641520500183,0.6605294346809387,0.5632209181785583,0.5524567365646362,2.42889404296875,1.8408355712890625,Saccade,,,,0.0,False,14,,,
3040.0,1457.2970581054688,874.1977500915527,0.544644296169281,0.6552305221557617,0.5692566633224487,0.6070817708969116,2.4285125732421875,1.928192138671875,Saccade,,,,0.0,False,14,,,
3044.0,1417.76611328125,964.3861484527588,0.5538148880004883,0.6697126030921936,,,2.4280548095703125,,Fixation,1448.1453301105826,899.2272046768236,132.0,11.0,True,15,image,,10.0
3048.0,1457.9176330566406,956.2129211425781,0.5476654171943665,0.6652575135231018,0.5694990754127502,0.664036750793457,2.4074859619140625,2.0804595947265625,Fixation,1448.1453301105826,899.2272046768236,132.0,11.0,True,15,image,,10.0
3052.0,1397.3402404785156,965.5941295623779,0.5458360314369202,0.6705514788627625,,,2.439117431640625,,Fixation,1448.1453301105826,899.2272046768236,132.0,11.0,True,15,image,,10.0
3056.0,1474.7091674804688,912.0522594451904,0.5476115345954895,0.6601378321647644,0.5760582685470581,0.6333696246147156,2.4355621337890625,2.01153564453125,Fixation,1448.1453301105826,899.2272046768236,132.0,11.0,True,15,image,,10.0
3060.0,1452.6686096191406,836.2568950653076,0.5472621917724609,0.6625072360038757,0.5674486756324768,0.5807339549064636,2.4403839111328125,1.8794708251953125,Fixation,1448.1453301105826,899.2272046768236,132.0,11.0,True,15,image,,10.0
3064.0,1391.2033081054688,949.4135856628418,0.5434387922286987,0.6593149900436401,,,2.433212280273437,,Fixation,1448.1453301105826,899.2272046768236,132.0,11.0,True,15,image,,10.0
3068.0,1471.0714721679688,884.2742729187012,0.5459703803062439,0.6595382690429688,0.5746372938156128,0.6140793561935425,2.420166015625,1.9003753662109373,Fixation,1448.1453301105826,899.2272046768236,132.0,11.0,True,15,image,,10.0
3072.0,1482.7734375,854.4252777099609,0.550849437713623,0.665844738483429,0.5792083740234375,0.593350887298584,2.431304931640625,1.842559814453125,Fixation,1448.1453301105826,899.2272046768236,132.0,11.0,True,15,image,,10.0
3076.0,1465.22705078125,869.8392677307129,0.551701009273529,0.6707820296287537,0.5723543167114258,0.6040550470352173,2.451263427734375,1.8866729736328125,Fixation,1448.1453301105826,899.2272046768236,132.0,11.0,True,15,image,,10.0
3080.0,1401.7469787597656,955.8482265472412,0.5475574135780334,0.6637834906578064,,,2.4250030517578125,,Fixation,1448.1453301105826,899.2272046768236,132.0,11.0,True,15,image,,10.0
3084.0,1489.0884399414062,864.0170288085938,0.5477107763290405,0.660858154296875,0.5816751718521118,0.6000118255615234,2.404541015625,1.847808837890625,Fixation,1448.1453301105826,899.2272046768236,132.0,11.0,True,15,image,,10.0
3088.0,1500.6712341308594,870.0265502929688,0.5490707159042358,0.6652570366859436,0.5861997008323669,0.6041851043701172,2.440414428710937,1.9122467041015625,Fixation,1448.1453301105826,899.2272046768236,132.0,11.0,True,15,image,,10.0
3092.0,1472.3867797851562,845.8479595184326,0.5426376461982727,0.6643946170806885,0.5751510858535767,0.5873944163322449,2.4215240478515625,1.8477325439453125,Fixation,1448.1453301105826,899.2272046768236,132.0,11.0,True,15,image,,10.0
3096.0,1452.4819946289062,853.0697536468506,0.5464325547218323,0.6657910346984863,0.5673757791519165,0.5924095511436462,2.43450927734375,1.8760833740234373,Fixation,1448.1453301105826,899.2272046768236,132.0,11.0,True,15,image,,10.0
3100.0,1440.6878662109375,871.9777393341064,0.545661211013794,0.6684131622314453,0.5627686977386475,0.6055400967597961,2.4410400390625,1.911285400390625,Fixation,1448.1453301105826,899.2272046768236,132.0,11.0,True,15,image,,10.0
3104.0,1444.625244140625,888.7054538726807,0.5456414222717285,0.6646552085876465,0.5643067359924316,0.6171565651893616,2.418807983398437,1.942169189453125,Fixation,1448.1453301105826,899.2272046768236,132.0,11.0,True,15,image,,10.0
3108.0,1455.0169372558594,1333.2843875885012,0.5491558313369751,0.6618403196334839,0.5683659911155701,0.925891935825348,2.410797119140625,2.9897003173828125,Saccade,,,,0.0,False,16,,,
3112.0,1468.9581298828125,881.5948104858398,0.5485434532165527,0.6657719612121582,0.5738117694854736,0.6122186183929443,2.421722412109375,1.9229736328125,Fixation,1448.1453301105826,899.2272046768236,132.0,11.0,True,17,image,,10.0
3116.0,1406.8537902832031,955.1271629333496,0.5495522618293762,0.6632827520370483,,,2.4011383056640625,,Fixation,1448.1453301105826,899.2272046768236,132.0,11.0,True,17,image,,10.0
3120.0,1437.9881286621094,925.4424476623535,0.5514168739318848,0.6685463786125183,0.5617141127586365,0.6426683664321899,2.436614990234375,1.9593353271484373,Fixation,1448.1453301105826,899.2272046768236,132.0,11.0,True,17,image,,10.0
3124.0,1408.2914733886719,956.4667224884033,0.55011385679245,0.6642130017280579,,,2.4121856689453125,,Fixation,1448.1453301105826,899.2272046768236,132.0,11.0,True,17,image,,10.0
3128.0,1461.3778686523438,913.6107730865479,0.5524469614028931,0.6696322560310364,0.5708507299423218,0.6344519257545471,2.43780517578125,1.9697265625,Fixation,1448.1453301105826,899.2272046768236,132.0,11.0,True,17,image,,10.0
3132.0,1411.1288452148438,966.1673927307129,0.5512222051620483,0.6709495782852173,,,2.439559936523437,,Fixation,1448.1453301105826,899.2272046768236,132.0,11.0,True,17,image,,10.0
3136.0,1461.2916564941406,858.4739112854004,0.5558211803436279,0.6598326563835144,0.5708170533180237,0.5961624383926392,2.4141082763671875,1.871551513671875,Fixation,1448.1453301105826,899.2272046768236,132.0,11.0,True,17,image,,10.0
3140.0,1452.9997253417969,896.0752201080322,0.5555464625358582,0.6625860929489136,0.5675780177116394,0.6222744584083557,2.400787353515625,1.9360809326171875,Fixation,1448.1453301105826,899.2272046768236,132.0,11.0,True,17,image,,10.0
3144.0,1455.767822265625,862.6898288726807,0.5555456280708313,0.6678679585456848,0.5686593055725098,0.5990901589393616,2.431365966796875,1.8773040771484373,Fixation,1448.1453301105826,899.2272046768236,132.0,11.0,True,17,image,,10.0
3148.0,1430.0953674316406,882.2612857818604,0.5523185133934021,0.6693665981292725,0.5586310029029846,0.6126814484596252,2.4232635498046875,1.915924072265625,Fixation,1448.1453301105826,899.2272046768236,132.0,11.0,True,17,image,,10.0
3152.0,1426.5052795410156,889.8288917541504,0.5589921474456787,0.6674363613128662,0.5572286248207092,0.6179367303848267,2.405303955078125,1.9259490966796875,Fixation,1448.1453301105826,899.2272046768236,132.0,11.0,True,17,image,,10.0
3156.0,1468.7248229980469,886.4824390411377,0.5540649890899658,0.6639593243598938,0.5737206339836121,0.615612804889679,2.397705078125,1.8962860107421875,Fixation,1448.1453301105826,899.2272046768236,132.0,11.0,True,17,image,,10.0
3160.0,1494.1555786132812,828.5081005096436,0.5496473908424377,0.6597126722335815,0.583654522895813,0.5753528475761414,2.409027099609375,1.7742156982421875,Fixation,1448.1453301105826,899.2272046768236,132.0,11.0,True,17,image,,10.0
3164.0,1450.0570678710938,882.1518516540527,0.5511612892150879,0.6648619174957275,0.566428542137146,0.6126054525375366,2.4334716796875,1.8721923828125,Fixation,1448.1453301105826,899.2272046768236,132.0,11.0,True,17,image,,10.0
3168.0,1421.2222290039062,965.8124828338623,0.5551649332046509,0.670703113079071,,,2.4273834228515625,,Fixation,1448.1453301105826,899.2272046768236,132.0,11.0,True,17,image,,10.0
3172.0,1471.8310546875,874.6458721160889,0.5548204183578491,0.6587281227111816,0.5749340057373047,0.6073929667472839,2.4015350341796875,1.8628082275390625,Fixation,1448.1453301105826,899.2272046768236,132.0,11.0,True,17,image,,10.0
3176.0,1449.345703125,907.0326232910156,0.5482884645462036,0.6624510288238525,0.5661506652832031,0.6298837661743164,2.4165802001953125,1.95208740234375,Fixation,1448.1453301105826,899.2272046768236,132.0,11.0,True,17,image,,10.0
3180.0,1389.8037719726562,1063.9413356781006,0.5522050261497498,0.6606332063674927,0.5428920984268188,0.7388481497764587,2.4137420654296875,2.2320709228515625,Saccade,,,,0.0,False,18,,,
3184.0,1508.9981079101562,1004.064130783081,0.5591291785240173,0.672674834728241,0.5894523859024048,0.6972667574882507,2.407958984375,2.0856170654296875,Saccade,,,,0.0,False,18,,,
3188.0,1568.37890625,948.9081287384033,0.583705484867096,0.6979730129241943,0.6126480102539062,0.6589639782905579,2.4391326904296875,1.9619140625,Saccade,,,,0.0,False,18,,,
3192.0,1513.2728576660156,1163.600549697876,0.6075488328933716,0.7303977608680725,0.5911222100257874,0.8080559372901917,2.4577789306640625,2.3573455810546875,Saccade,,,,0.0,False,18,,,
3196.0,1648.7989807128906,1044.3260192871094,0.6289224624633789,0.7466856241226196,0.6440621018409729,0.7252264022827148,2.4692535400390625,2.05889892578125,Saccade,,,,0.0,False,18,,,
3200.0,1674.6951293945312,1010.9262084960938,0.6363382935523987,0.7476141452789307,0.6541777849197388,0.7020320892333984,2.4740447998046875,2.051361083984375,Saccade,,,,0.0,False,18,,,
3204.0,1674.7998046875,1018.3053302764893,0.6515920162200928,0.7510147094726562,0.6542186737060547,0.7071564793586731,2.4676513671875,2.076507568359375,Saccade,,,,0.0,False,18,,,
3208.0,1729.6928405761719,934.1496276855469,0.6561188697814941,0.756999671459198,0.6756612658500671,0.6487150192260742,2.460601806640625,1.8836822509765625,Saccade,,,,0.0,False,18,,,
3212.0,1760.5096435546875,1089.0276718139648,0.6658511161804199,0.7615533471107483,0.6876990795135498,0.7562692165374756,2.482162475585937,2.106307983398437,Saccade,,,,0.0,False,18,,,
3216.0,1744.9565124511719,1099.3700981140137,0.670409619808197,0.7640817165374756,0.681623637676239,0.7634514570236206,2.47998046875,2.145477294921875,Fixation,1743.7047576904297,1074.3563318252563,300.0,12.0,True,19,word,curb,8.0
3220.0,1760.0025939941406,1079.0849590301514,0.6753562688827515,0.7694461941719055,0.6875010132789612,0.7493645548820496,2.48309326171875,2.054794311523437,Fixation,1743.7047576904297,1074.3563318252563,300.0,12.0,True,19,word,curb,8.0
3224.0,1724.4950866699219,1110.549030303955,0.6736308932304382,0.7712146043777466,,,2.4717559814453125,,Fixation,1743.7047576904297,1074.3563318252563,300.0,12.0,True,19,word,curb,8.0
3228.0,1722.6815795898438,1054.9042224884033,0.676343560218811,0.7617202997207642,0.6729224920272827,0.7325723767280579,2.468292236328125,2.086761474609375,Fixation,1743.7047576904297,1074.3563318252563,300.0,12.0,True,19,word,curb,8.0
3232.0,1747.1234130859375,1014.254207611084,0.6746992468833923,0.7637691497802734,0.6824700832366943,0.7043431997299194,2.476470947265625,1.9870452880859373,Fixation,1743.7047576904297,1074.3563318252563,300.0,12.0,True,19,word,curb,8.0
3236.0,1724.2100524902344,1107.2502136230469,0.6735195517539978,0.7689237594604492,,,2.477752685546875,,Fixation,1743.7047576904297,1074.3563318252563,300.0,12.0,True,19,word,curb,8.0
3240.0,1775.8540344238281,1009.670934677124,0.6753996014595032,0.7666974067687988,0.6936929821968079,0.7011603713035583,2.465316772460937,1.9857025146484373,Fixation,1743.7047576904297,1074.3563318252563,300.0,12.0,True,19,word,curb,8.0
3244.0,1736.7292785644531,1097.0553302764893,0.680936872959137,0.7537699341773987,0.6784098744392395,0.7618439793586731,2.4600830078125,2.136077880859375,Fixation,1743.7047576904297,1074.3563318252563,300.0,12.0,True,19,word,curb,8.0
3248.0,1727.7857971191406,1106.1762142181396,0.6749163269996643,0.7681779265403748,,,2.485626220703125,,Fixation,1743.7047576904297,1074.3563318252563,300.0,12.0,True,19,word,curb,8.0
3252.0,1735.3187561035156,1100.0115966796875,0.6778588891029358,0.7638969421386719,,,2.45538330078125,,Fixation,1743.7047576904297,1074.3563318252563,300.0,12.0,True,19,word,curb,8.0
3256.0,1724.5234680175781,1093.3942222595215,0.6736419796943665,0.7593015432357788,,,2.475250244140625,,Fixation,1743.7047576904297,1074.3563318252563,300.0,12.0,True,19,word,curb,8.0
3260.0,1765.6243896484375,981.4279174804688,0.6720131635665894,0.7678073644638062,0.6896970272064209,0.6815471649169922,2.4637603759765625,1.9232330322265625,Fixation,1743.7047576904297,1074.3563318252563,300.0,12.0,True,19,word,curb,8.0
3264.0,1744.2012023925781,1070.9632301330566,0.6770226955413818,0.7656554579734802,0.6813285946846008,0.7437244653701782,2.4632110595703125,2.0923309326171875,Fixation,1743.7047576904297,1074.3563318252563,300.0,12.0,True,19,word,curb,8.0
3268.0,1761.4228820800781,1020.8230018615723,0.6740116477012634,0.766244649887085,0.6880558133125305,0.7089048624038696,2.476776123046875,1.9996490478515625,Fixation,1743.7047576904297,1074.3563318252563,300.0,12.0,True,19,word,curb,8.0
3272.0,1711.8043518066406,1135.0360107421875,0.6752247214317322,0.7696400284767151,0.668673574924469,0.7882194519042969,2.478790283203125,2.1772613525390625,Fixation,1743.7047576904297,1074.3563318252563,300.0,12.0,True,19,word,curb,8.0
3276.0,1732.7264404296875,1102.3914241790771,0.6768462657928467,0.7655496001243591,,,2.4571075439453125,,Fixation,1743.7047576904297,1074.3563318252563,300.0,12.0,True,19,word,curb,8.0
3280.0,1749.3171691894531,1113.64914894104,0.6728838086128235,0.7678472995758057,0.6833270192146301,0.7733674645423889,2.4435577392578125,2.17437744140625,Fixation,1743.7047576904297,1074.3563318252563,300.0,12.0,True,19,word,curb,8.0
3284.0,1755.5767822265625,1041.072177886963,0.6810630559921265,0.7656496167182922,0.685772180557251,0.7229667901992798,2.45037841796875,2.025009155273437,Fixation,1743.7047576904297,1074.3563318252563,300.0,12.0,True,19,word,curb,8.0
3288.0,1779.8609924316406,1013.5099697113037,0.6725768446922302,0.7576079368591309,0.6952582001686096,0.703826367855072,2.4320526123046875,1.9762725830078125,Fixation,1743.7047576904297,1074.3563318252563,300.0,12.0,True,19,word,curb,8.0
3292.0,1743.0055236816406,1037.931890487671,0.6686792969703674,0.7749022245407104,0.6808615326881409,0.7207860350608826,2.4576568603515625,1.9986724853515625,Fixation,1743.7047576904297,1074.3563318252563,300.0,12.0,True,19,word,curb,8.0
3296.0,1747.5245666503906,1076.7719078063965,0.6710264682769775,0.7721842527389526,0.6826267838478088,0.7477582693099976,2.4544219970703125,2.079864501953125,Fixation,1743.7047576904297,1074.3563318252563,300.0,12.0,True,19,word,curb,8.0
3300.0,1736.4753723144531,1061.510009765625,0.6713089346885681,0.7713575959205627,0.6783106923103333,0.7371597290039062,2.445587158203125,2.0247039794921875,Fixation,1743.7047576904297,1074.3563318252563,300.0,12.0,True,19,word,curb,8.0
3304.0,1762.1372985839844,1121.35648727417,0.6740125417709351,0.777983546257019,0.6883348822593689,0.7787197828292847,2.46441650390625,2.1068115234375,Fixation,1743.7047576904297,1074.3563318252563,300.0,12.0,True,19,word,curb,8.0
3308.0,1760.5595397949219,1039.4534969329834,0.671958863735199,0.7634421586990356,0.6877185702323914,0.7218427062034607,2.4444732666015625,2.0246734619140625,Fixation,1743.7047576904297,1074.3563318252563,300.0,12.0,True,19,word,curb,8.0
3312.0,1785.2595520019531,1007.6558876037598,0.6717981696128845,0.765018880367279,0.6973670125007629,0.6997610330581665,2.444671630859375,1.9561309814453125,Fixation,1743.7047576904297,1074.3563318252563,300.0,12.0,True,19,word,curb,8.0
3316.0,1753.0126953125,1055.3885650634766,0.6728448867797852,0.7671664357185364,0.6847705841064453,0.7329087257385254,2.442291259765625,2.0345611572265625,Fixation,1743.7047576904297,1074.3563318252563,300.0,12.0,True,19,word,curb,8.0
3320.0,1725.7234191894531,1104.4234657287598,0.6741107106208801,0.7669607400894165,,,2.4539794921875,,Fixation,1743.7047576904297,1074.3563318252563,300.0,12.0,True,19,word,curb,8.0
3324.0,1745.2334594726562,1100.7669067382812,0.6731534600257874,0.7719849348068237,0.6817318201065063,0.7644214630126953,2.4732666015625,2.109588623046875,Fixation,1743.7047576904297,1074.3563318252563,300.0,12.0,True,19,word,curb,8.0
3328.0,1745.3558349609375,1095.6438446044922,0.6716727614402771,0.7676069736480713,0.6817796230316162,0.7608637809753418,2.4547271728515625,2.0889434814453125,Fixation,1743.7047576904297,1074.3563318252563,300.0,12.0,True,19,word,curb,8.0
3332.0,1781.7282104492188,985.7104396820068,0.6726633906364441,0.7706385254859924,0.6959875822067261,0.6845211386680603,2.453033447265625,1.897613525390625,Fixation,1743.7047576904297,1074.3563318252563,300.0,12.0,True,19,word,curb,8.0
3336.0,1759.8823547363281,1113.0754566192627,0.6709728240966797,0.7707873582839966,0.6874540448188782,0.7729690670967102,2.447845458984375,2.1343231201171875,Fixation,1743.7047576904297,1074.3563318252563,300.0,12.0,True,19,word,curb,8.0
3340.0,1742.7566528320312,1153.4963035583496,0.6688058972358704,0.7731195688247681,0.6807643175125122,0.8010390996932983,2.448715209960937,2.178802490234375,Fixation,1743.7047576904297,1074.3563318252563,300.0,12.0,True,19,word,curb,8.0
3344.0,1737.9751586914062,1078.1609058380127,0.6683136820793152,0.7732143402099609,0.6788965463638306,0.7487228512763977,2.446762084960937,2.09112548828125,Fixation,1743.7047576904297,1074.3563318252563,300.0,12.0,True,19,word,curb,8.0
3348.0,1760.2450561523438,1024.2340850830078,0.6695935130119324,0.7666034698486328,0.6875957250595093,0.7112736701965332,2.4492645263671875,1.959136962890625,Fixation,1743.7047576904297,1074.3563318252563,300.0,12.0,True,19,word,curb,8.0
3352.0,1732.4891662597656,1109.4409561157227,0.676753580570221,0.7704451084136963,,,2.44049072265625,,Fixation,1743.7047576904297,1074.3563318252563,300.0,12.0,True,19,word,curb,8.0
3356.0,1724.9801635742188,1079.7237968444824,0.6750035881996155,0.7668473124504089,0.6738203763961792,0.7498081922531128,2.4433746337890625,2.0876007080078125,Fixation,1743.7047576904297,1074.3563318252563,300.0,12.0,True,19,word,curb,8.0
3360.0,1729.664306640625,1078.3265590667725,0.6703146696090698,0.7722538709640503,0.6756501197814941,0.7488378882408142,2.4495086669921875,2.04803466796875,Fixation,1743.7047576904297,1074.3563318252563,300.0,12.0,True,19,word,curb,8.0
3364.0,1771.5180969238281,1075.3248023986816,0.6726232171058655,0.7653597593307495,0.6919992566108704,0.7467533349990845,2.4423065185546875,2.076629638671875,Fixation,1743.7047576904297,1074.3563318252563,300.0,12.0,True,19,word,curb,8.0
3368.0,1723.2180786132812,1094.377498626709,0.6725098490715027,0.7696150541305542,0.673132061958313,0.7599843740463257,2.44671630859375,2.1078033447265625,Fixation,1743.7047576904297,1074.3563318252563,300.0,12.0,True,19,word,curb,8.0
3372.0,1746.9503784179688,1114.3813705444336,0.67271488904953,0.7662453651428223,0.682402491569519,0.7738759517669678,2.4479522705078125,2.12860107421875,Fixation,1743.7047576904297,1074.3563318252563,300.0,12.0,True,19,word,curb,8.0
3376.0,1758.1901550292969,1070.2762413024902,0.6695474982261658,0.7653006315231323,0.6867930293083191,0.743247389793396,2.447723388671875,2.0575408935546875,Fixation,1743.7047576904297,1074.3563318252563,300.0,12.0,True,19,word,curb,8.0
3380.0,1777.9615783691406,1041.1994647979736,0.668624997138977,0.7668374180793762,0.6945162415504456,0.7230551838874817,2.456298828125,1.99774169921875,Fixation,1743.7047576904297,1074.3563318252563,300.0,12.0,True,19,word,curb,8.0
3384.0,1727.1685791015625,1105.8155536651611,0.6712892055511475,0.7658956050872803,0.6746752262115479,0.7679274678230286,2.448394775390625,2.0921783447265625,Fixation,1743.7047576904297,1074.3563318252563,300.0,12.0,True,19,word,curb,8.0
3388.0,1728.4709167480469,1100.5074405670166,0.6751839518547058,0.7642412781715393,,,2.445526123046875,,Fixation,1743.7047576904297,1074.3563318252563,300.0,12.0,True,19,word,curb,8.0
3392.0,1765.4336547851562,1067.4050331115723,0.6722159385681152,0.7682850956916809,0.6896225214004517,0.7412534952163696,2.455062866210937,2.0556793212890625,Fixation,1743.7047576904297,1074.3563318252563,300.0,12.0,True,19,word,curb,8.0
3396.0,1760.4244995117188,1064.0858745574951,0.6740313768386841,0.7540190815925598,0.6876658201217651,0.7389485239982605,2.417388916015625,2.02703857421875,Fixation,1743.7047576904297,1074.3563318252563,300.0,12.0,True,19,word,curb,8.0
3400.0,1734.9404907226562,1099.9827575683594,0.672593355178833,0.7640625834465027,0.6777111291885376,0.7638769149780273,2.4543914794921875,2.1003875732421875,Fixation,1743.7047576904297,1074.3563318252563,300.0,12.0,True,19,word,curb,8.0
3404.0,1756.2654113769531,1073.3633995056152,0.6712378859519958,0.7626851201057434,0.6860411763191223,0.7453912496566772,2.4422760009765625,2.124237060546875,Fixation,1743.7047576904297,1074.3563318252563,300.0,12.0,True,19,word,curb,8.0
3408.0,1774.8947143554688,1004.2296981811523,0.6742070317268372,0.7641406059265137,0.693318247795105,0.6973817348480225,2.435638427734375,1.938507080078125,Fixation,1743.7047576904297,1074.3563318252563,300.0,12.0,True,19,word,curb,8.0
3412.0,1766.0948181152344,977.5803852081299,0.6740143299102783,0.7629842758178711,0.6898807883262634,0.6788752675056458,2.449249267578125,1.949920654296875,Fixation,1743.7047576904297,1074.3563318252563,300.0,12.0,True,19,word,curb,8.0
3416.0,1729.6110534667969,1095.8802223205566,0.6756293177604675,0.7610279321670532,,,2.4405517578125,,Fixation,1743.7047576904297,1074.3563318252563,300.0,12.0,True,19,word,curb,8.0
3420.0,1732.0320129394531,1095.358543395996,0.6765750050544739,0.7606656551361084,,,2.456298828125,,Fixation,1743.7047576904297,1074.3563318252563,300.0,12.0,True,19,word,curb,8.0
3424.0,1738.18115234375,1125.9770965576172,0.6684970855712891,0.7655627131462097,0.6789770126342773,0.781928539276123,2.447860717773437,2.1609039306640625,Fixation,1743.7047576904297,1074.3563318252563,300.0,12.0,True,19,word,curb,8.0
3428.0,1731.776123046875,1037.483081817627,0.671683132648468,0.7656599283218384,0.6764750480651855,0.720474362373352,2.446624755859375,2.0330352783203125,Fixation,1743.7047576904297,1074.3563318252563,300.0,12.0,True,19,word,curb,8.0
3432.0,1746.2498474121094,1012.2395038604736,0.6713833212852478,0.7624317407608032,0.6821288466453552,0.7029440999031067,2.454345703125,1.9765625,Fixation,1743.7047576904297,1074.3563318252563,300.0,12.0,True,19,word,curb,8.0
3436.0,1746.4485168457031,1120.4483127593994,0.6691397428512573,0.7615012526512146,0.6822064518928528,0.7780891060829163,2.4489898681640625,2.175277709960937,Fixation,1743.7047576904297,1074.3563318252563,300.0,12.0,True,19,word,curb,8.0
3440.0,1729.6630859375,1103.6854934692383,0.672813892364502,0.7616716623306274,0.6756496429443359,0.7664482593536377,2.4478759765625,2.133773803710937,Fixation,1743.7047576904297,1074.3563318252563,300.0,12.0,True,19,word,curb,8.0
3444.0,1735.1200866699219,1062.2527027130127,0.6757056713104248,0.7631097435951233,0.6777812838554382,0.7376754879951477,2.443344116210937,2.06658935546875,Fixation,1743.7047576904297,1074.3563318252563,300.0,12.0,True,19,word,curb,8.0
3448.0,1741.187744140625,1091.1962699890137,0.6761430501937866,0.7641538381576538,0.6801514625549316,0.7577751874923706,2.4643707275390625,2.090560913085937,Fixation,1743.7047576904297,1074.3563318252563,300.0,12.0,True,19,word,curb,8.0
3452.0,1711.2379455566406,1097.2877597808838,0.6684523224830627,0.7620053887367249,,,2.4420318603515625,,Fixation,1743.7047576904297,1074.3563318252563,300.0,12.0,True,19,word,curb,8.0
3456.0,1718.6134338378906,1094.6290683746338,0.671333372592926,0.7601590752601624,,,2.4588165283203125,,Fixation,1743.7047576904297,1074.3563318252563,300.0,12.0,True,19,word,curb,8.0
3460.0,1740.2067565917969,1079.3033981323242,0.6707401871681213,0.7669533491134644,0.6797682642936707,0.7495162487030029,2.4455718994140625,2.097076416015625,Fixation,1743.7047576904297,1074.3563318252563,300.0,12.0,True,19,word,curb,8.0
3464.0,1746.4309692382812,1091.3948822021484,0.6698721647262573,0.7694307565689087,0.6821995973587036,0.7579131126403809,2.452667236328125,2.1005859375,Fixation,1743.7047576904297,1074.3563318252563,300.0,12.0,True,19,word,curb,8.0
3468.0,1739.8631286621094,1070.6820487976074,0.6714347004890442,0.7696654200553894,0.6796340346336365,0.743529200553894,2.448089599609375,2.094711303710937,Fixation,1743.7047576904297,1074.3563318252563,300.0,12.0,True,19,word,curb,8.0
3472.0,1745.4971313476562,1066.6656875610352,0.6720698475837708,0.7637147307395935,0.6818348169326782,0.7407400608062744,2.4341583251953125,2.084320068359375,Fixation,1743.7047576904297,1074.3563318252563,300.0,12.0,True,19,word,curb,8.0
3476.0,1733.1486511230469,1066.6912651062012,0.6680817008018494,0.7653973698616028,0.6770111918449402,0.7407578229904175,2.442245483398437,2.090560913085937,Fixation,1743.7047576904297,1074.3563318252563,300.0,12.0,True,19,word,curb,8.0
3480.0,1734.4566345214844,1071.1016750335693,0.6665951013565063,0.7683820724487305,0.6775221228599548,0.7438206076622009,2.44256591796875,2.097747802734375,Fixation,1743.7047576904297,1074.3563318252563,300.0,12.0,True,19,word,curb,8.0
3484.0,1729.1928100585938,1082.6635837554932,0.6715255975723267,0.7709808945655823,0.6754659414291382,0.7518497109413147,2.466537475585937,2.101806640625,Fixation,1743.7047576904297,1074.3563318252563,300.0,12.0,True,19,word,curb,8.0
3488.0,1763.40576171875,1002.5971126556396,0.6668897867202759,0.7674111127853394,0.6888303756713867,0.6962479948997498,2.462188720703125,1.9755401611328125,Fixation,1743.7047576904297,1074.3563318252563,300.0,12.0,True,19,word,curb,8.0
3492.0,1723.4504699707031,1091.0130214691162,0.6689841747283936,0.7672601342201233,0.6732228398323059,0.7576479315757751,2.460418701171875,2.1104278564453125,Fixation,1743.7047576904297,1074.3563318252563,300.0,12.0,True,19,word,curb,8.0
3496.0,1743.5148620605469,1101.707181930542,0.6708464622497559,0.7643219828605652,0.6810604929924011,0.7650744318962097,2.448471069335937,2.157806396484375,Fixation,1743.7047576904297,1074.3563318252563,300.0,12.0,True,19,word,curb,8.0
3500.0,1754.1862487792969,1114.7673511505127,0.6716291904449463,0.7700397372245789,0.6852290034294128,0.7741439938545227,2.473876953125,2.138427734375,Fixation,1743.7047576904297,1074.3563318252563,300.0,12.0,True,19,word,curb,8.0
3504.0,1737.4189758300781,1074.5277786254883,0.6736827492713928,0.7666659355163574,0.6786792874336243,0.7461998462677002,2.4616241455078125,2.0957489013671875,Fixation,1743.7047576904297,1074.3563318252563,300.0,12.0,True,19,word,curb,8.0
3508.0,1751.3760375976562,1111.4467334747314,0.6682541966438293,0.760735273361206,0.6841312646865845,0.7718380093574524,2.4650421142578125,2.231170654296875,Fixation,1743.7047576904297,1074.3563318252563,300.0,12.0,True,19,word,curb,8.0
3512.0,1731.2834167480469,1084.506540298462,0.6627569198608398,0.7630975842475891,0.6762825846672058,0.7531295418739319,2.4463348388671875,2.12847900390625,Fixation,1743.7047576904297,1074.3563318252563,300.0,12.0,True,19,word,curb,8.0
3516.0,1698.2542419433594,1043.3805084228516,0.6526155471801758,0.7707393169403076,0.6633805632591248,0.7245697975158691,2.4563751220703125,2.047698974609375,Fixation,1743.7047576904297,1074.3563318252563,300.0,12.0,True,19,word,curb,8.0
3520.0,1654.1380310058594,1001.1788463592529,0.6333662867546082,0.7620044946670532,0.6461476683616638,0.6952630877494812,2.4511260986328125,1.9794921875,Fixation,1545.4477836307876,1088.6660393391548,240.0,13.0,True,20,word,on,6.0
3524.0,1629.9049377441406,1042.1405982971191,0.6139630079269409,0.7567621469497681,0.6366816163063049,0.7237087488174438,2.4311981201171875,2.0400848388671875,Fixation,1545.4477836307876,1088.6660393391548,240.0,13.0,True,20,word,on,6.0
3528.0,1587.7938842773438,1070.0759983062744,0.6069340109825134,0.7552515268325806,0.6202319860458374,0.743108332157135,2.432830810546875,2.125885009765625,Fixation,1545.4477836307876,1088.6660393391548,240.0,13.0,True,20,word,on,6.0
3532.0,1570.0569152832031,1040.7844734191895,0.5927431583404541,0.7531589865684509,0.6133034825325012,0.7227669954299927,2.41888427734375,2.03985595703125,Fixation,1545.4477836307876,1088.6660393391548,240.0,13.0,True,20,word,on,6.0
3536.0,1563.6448669433594,1080.7989120483398,0.5886421203613281,0.7501312494277954,0.6107987761497498,0.7505548000335693,2.431060791015625,2.0403594970703125,Fixation,1545.4477836307876,1088.6660393391548,240.0,13.0,True,20,word,on,6.0
3540.0,1544.6630859375,1083.0931663513184,0.5888699889183044,0.7574938535690308,0.6033840179443359,0.7521480321884155,2.4281158447265625,2.137939453125,Fixation,1545.4477836307876,1088.6660393391548,240.0,13.0,True,20,word,on,6.0
3544.0,1558.5226440429688,1096.3360691070557,0.5861656069755554,0.7544642090797424,0.6087979078292847,0.7613444924354553,2.4235382080078125,2.119171142578125,Fixation,1545.4477836307876,1088.6660393391548,240.0,13.0,True,20,word,on,6.0
3548.0,1528.4812927246094,1124.6972751617432,0.581458330154419,0.7499077320098877,0.5970630049705505,0.7810397744178772,2.411849975585937,2.18414306640625,Fixation,1545.4477836307876,1088.6660393391548,240.0,13.0,True,20,word,on,6.0
3552.0,1523.7992858886719,1109.3575286865234,0.5830906629562378,0.7521744966506958,0.5952340960502625,0.7703871726989746,2.41864013671875,2.1131134033203125,Fixation,1545.4477836307876,1088.6660393391548,240.0,13.0,True,20,word,on,6.0
3556.0,1525.5802917480469,1043.4747505187988,0.5835661888122559,0.7538003325462341,0.5959298014640808,0.7246352434158325,2.41729736328125,2.0386199951171875,Fixation,1545.4477836307876,1088.6660393391548,240.0,13.0,True,20,word,on,6.0
3560.0,1527.9698181152344,1083.8847827911377,0.5874912142753601,0.754173755645752,0.5968632102012634,0.752697765827179,2.431991577148437,2.0805816650390625,Fixation,1545.4477836307876,1088.6660393391548,240.0,13.0,True,20,word,on,6.0
3564.0,1549.8402404785156,1083.092908859253,0.5884842276573181,0.7587496042251587,0.6054063439369202,0.7521478533744812,2.43426513671875,2.057235717773437,Fixation,1545.4477836307876,1088.6660393391548,240.0,13.0,True,20,word,on,6.0
3568.0,1524.2819213867188,1045.2072429656982,0.5868698358535767,0.7581089735031128,0.595422625541687,0.7258383631706238,2.44158935546875,2.0025787353515625,Fixation,1545.4477836307876,1088.6660393391548,240.0,13.0,True,20,word,on,6.0
3572.0,1547.1672058105469,1095.5718326568604,0.5854350924491882,0.7576835751533508,0.6043621897697449,0.7608137726783752,2.4405670166015625,2.169540405273437,Fixation,1545.4477836307876,1088.6660393391548,240.0,13.0,True,20,word,on,6.0
3576.0,1547.4259948730469,1086.835126876831,0.5861353278160095,0.7513375282287598,0.6044632792472839,0.7547466158866882,2.4302978515625,2.0638427734375,Fixation,1545.4477836307876,1088.6660393391548,240.0,13.0,True,20,word,on,6.0
3580.0,1530.7957458496094,1079.505615234375,0.5822306871414185,0.7549434900283813,0.5979670882225037,0.7496566772460938,2.41766357421875,2.078369140625,Fixation,1545.4477836307876,1088.6660393391548,240.0,13.0,True,20,word,on,6.0
3584.0,1536.4299011230469,1118.9087677001953,0.587328314781189,0.7576305270195007,0.6001679301261902,0.7770199775695801,2.428558349609375,2.154144287109375,Fixation,1545.4477836307876,1088.6660393391548,240.0,13.0,True,20,word,on,6.0
3588.0,1554.7586059570312,1109.298391342163,0.5869555473327637,0.7474420070648193,0.6073275804519653,0.7703461050987244,2.4162750244140625,2.07861328125,Fixation,1545.4477836307876,1088.6660393391548,240.0,13.0,True,20,word,on,6.0
3592.0,1522.5289916992188,1065.2388381958008,0.5865229964256287,0.7628723978996277,0.5947378873825073,0.7397491931915283,2.4325103759765625,2.103622436523437,Fixation,1545.4477836307876,1088.6660393391548,240.0,13.0,True,20,word,on,6.0
3596.0,1522.9023742675781,1123.623104095459,0.5903600454330444,0.7610634565353394,0.5948837399482727,0.7802938222885132,2.4514312744140625,2.16363525390625,Fixation,1545.4477836307876,1088.6660393391548,240.0,13.0,True,20,word,on,6.0
3600.0,1533.2609558105469,1091.665506362915,0.5877041816711426,0.7625961899757385,0.5989300608634949,0.7581010460853577,2.44293212890625,2.172103881835937,Fixation,1545.4477836307876,1088.6660393391548,240.0,13.0,True,20,word,on,6.0
3604.0,1542.4531555175781,1105.3065776824951,0.5858399271965027,0.7617029547691345,0.602520763874054,0.7675740122795105,2.45550537109375,2.1290740966796875,Fixation,1545.4477836307876,1088.6660393391548,240.0,13.0,True,20,word,on,6.0
3608.0,1528.1971740722656,1082.726755142212,0.5854353308677673,0.7575318217277527,0.5969520211219788,0.7518935799598694,2.4530792236328125,2.0508575439453125,Fixation,1545.4477836307876,1088.6660393391548,240.0,13.0,True,20,word,on,6.0
3612.0,1530.9205627441406,1143.193016052246,0.5856592059135437,0.758653461933136,0.5980158448219299,0.7938840389251709,2.43267822265625,2.193588256835937,Fixation,1545.4477836307876,1088.6660393391548,240.0,13.0,True,20,word,on,6.0
3616.0,1479.7285461425781,1079.6826839447021,0.5901175141334534,0.7514335513114929,0.5780189633369446,0.7497796416282654,2.4296875,2.106185913085937,Fixation,1545.4477836307876,1088.6660393391548,240.0,13.0,True,20,word,on,6.0
3620.0,1532.9301452636719,1050.4848861694336,0.5905430912971497,0.7572394609451294,0.5988008379936218,0.7295033931732178,2.438339233398437,2.0286865234375,Fixation,1545.4477836307876,1088.6660393391548,240.0,13.0,True,20,word,on,6.0
3624.0,1517.4867248535156,1112.852554321289,0.5827919244766235,0.757916271686554,0.5927682518959045,0.7728142738342285,2.4422607421875,2.132186889648437,Fixation,1545.4477836307876,1088.6660393391548,240.0,13.0,True,20,word,on,6.0
3628.0,1525.4164123535156,1102.6865100860596,0.5890071988105774,0.7521575093269348,0.595865786075592,0.7657545208930969,2.445098876953125,2.119354248046875,Fixation,1545.4477836307876,1088.6660393391548,240.0,13.0,True,20,word,on,6.0
3632.0,1548.7057495117188,1093.3178329467773,0.5791726112365723,0.7555153965950012,0.6049631834030151,0.7592484951019287,2.43878173828125,2.119903564453125,Fixation,1545.4477836307876,1088.6660393391548,240.0,13.0,True,20,word,on,6.0
3636.0,1507.1124267578125,1103.0748081207275,0.581549346446991,0.7555164694786072,0.5887157917022705,0.7660241723060608,2.438217163085937,2.104110717773437,Fixation,1545.4477836307876,1088.6660393391548,240.0,13.0,True,20,word,on,6.0
3640.0,1560.9016418457031,1098.5383987426758,0.5873017311096191,0.7518435716629028,0.6097272038459778,0.7628738880157471,2.45086669921875,2.1060333251953125,Fixation,1545.4477836307876,1088.6660393391548,240.0,13.0,True,20,word,on,6.0
3644.0,1571.6716003417969,1004.7114658355713,0.5858495235443115,0.7559279799461365,0.6139342188835144,0.6977162957191467,2.45904541015625,1.9223175048828125,Fixation,1545.4477836307876,1088.6660393391548,240.0,13.0,True,20,word,on,6.0
3648.0,1522.6730346679688,1089.1325569152832,0.584173858165741,0.7574405670166016,0.5947941541671753,0.7563420534133911,2.439971923828125,2.137664794921875,Fixation,1545.4477836307876,1088.6660393391548,240.0,13.0,True,20,word,on,6.0
3652.0,1527.0492553710938,1076.6589546203613,0.5904775857925415,0.7619225978851318,0.5965036153793335,0.7476798295974731,2.4571075439453125,2.052001953125,Fixation,1545.4477836307876,1088.6660393391548,240.0,13.0,True,20,word,on,6.0
3656.0,1552.7615356445312,1039.630479812622,0.5852145552635193,0.7552432417869568,0.606547474861145,0.7219656109809875,2.449203491210937,2.0236053466796875,Fixation,1545.4477836307876,1088.6660393391548,240.0,13.0,True,20,word,on,6.0
3660.0,1555.2767944335938,1127.532606124878,0.5899467468261719,0.7531161904335022,0.6075299978256226,0.7830087542533875,2.4373016357421875,2.15606689453125,Fixation,1545.4477836307876,1088.6660393391548,240.0,13.0,True,20,word,on,6.0
3664.0,1554.5420837402344,1073.746633529663,0.5857329368591309,0.7467629909515381,0.607243001461029,0.7456573843955994,2.42608642578125,2.093856811523437,Fixation,1545.4477836307876,1088.6660393391548,240.0,13.0,True,20,word,on,6.0
3668.0,1533.4832763671875,1115.625057220459,0.5863745808601379,0.7542080879211426,0.5990169048309326,0.7747396230697632,2.429107666015625,2.1533660888671875,Fixation,1545.4477836307876,1088.6660393391548,240.0,13.0,True,20,word,on,6.0
3672.0,1570.7827758789062,1109.5767402648926,0.5817574262619019,0.7526093125343323,0.6135870218276978,0.770539402961731,2.440826416015625,2.12188720703125,Fixation,1545.4477836307876,1088.6660393391548,240.0,13.0,True,20,word,on,6.0
3676.0,1548.5981750488281,1097.0718955993652,0.5919241905212402,0.7558793425559998,0.6049211621284485,0.7618554830551147,2.4633026123046875,2.1148223876953125,Fixation,1545.4477836307876,1088.6660393391548,240.0,13.0,True,20,word,on,6.0
3680.0,1429.1539001464844,1246.1577415466309,0.5894675254821777,0.7550709247589111,0.5582632422447205,0.8653873205184937,2.479583740234375,2.405242919921875,Saccade,,,,0.0,False,21,,,
3684.0,1545.5767822265625,1118.1541442871094,0.5836493968963623,0.7571194171905518,0.603740930557251,0.7764959335327148,2.457626342773437,2.1554107666015625,Saccade,,,,0.0,False,21,,,
3688.0,1542.930908203125,1083.4410381317139,0.5846149325370789,0.7586227655410767,0.6027073860168457,0.7523896098136902,2.45001220703125,2.09942626953125,Fixation,1545.4477836307876,1088.6660393391548,240.0,13.0,True,22,word,on,6.0
3692.0,1526.9345092773438,1139.7154998779297,0.5886190533638,0.7587279677391052,0.5964587926864624,0.7914690971374512,2.4595184326171875,2.2273101806640625,Fixation,1545.4477836307876,1088.6660393391548,240.0,13.0,True,22,word,on,6.0
3696.0,1547.3365783691406,1123.3051013946533,0.5894915461540222,0.7554224133491516,0.6044283509254456,0.7800729870796204,2.4569091796875,2.142181396484375,Fixation,1545.4477836307876,1088.6660393391548,240.0,13.0,True,22,word,on,6.0
3700.0,1507.3098754882812,1117.139368057251,0.587749719619751,0.7545192241668701,0.5887929201126099,0.7757912278175354,2.4556121826171875,2.1705322265625,Fixation,1545.4477836307876,1088.6660393391548,240.0,13.0,True,22,word,on,6.0
3704.0,1526.2152099609375,1091.0654640197754,0.5847751498222351,0.7565992474555969,0.5961778163909912,0.7576843500137329,2.4390869140625,2.133285522460937,Fixation,1545.4477836307876,1088.6660393391548,240.0,13.0,True,22,word,on,6.0
3708.0,1521.8058776855469,1083.5751056671143,0.5912520885467529,0.7528392672538757,0.5944554209709167,0.7524827122688293,2.45245361328125,2.0807647705078125,Fixation,1545.4477836307876,1088.6660393391548,240.0,13.0,True,22,word,on,6.0
3712.0,1550.3303527832031,1092.303228378296,0.5902579426765442,0.7519652247428894,0.6055977940559387,0.7585439085960388,2.457672119140625,2.0960235595703125,Fixation,1545.4477836307876,1088.6660393391548,240.0,13.0,True,22,word,on,6.0
3716.0,1536.5579223632812,1103.1178092956543,0.5921804308891296,0.7543579936027527,0.6002179384231567,0.7660540342330933,2.466094970703125,2.1603240966796875,Fixation,1545.4477836307876,1088.6660393391548,240.0,13.0,True,22,word,on,6.0
3720.0,1520.9223937988281,1106.3936233520508,0.5865305066108704,0.7543954849243164,0.5941103100776672,0.7683289051055908,2.4607086181640625,2.137191772460937,Fixation,1545.4477836307876,1088.6660393391548,240.0,13.0,True,22,word,on,6.0
3724.0,1559.0061950683594,1107.068338394165,0.5862442255020142,0.7484217286109924,0.6089867949485779,0.7687974572181702,2.4413604736328125,2.114486694335937,Fixation,1545.4477836307876,1088.6660393391548,240.0,13.0,True,22,word,on,6.0
3728.0,1547.384033203125,1099.2994594573975,0.5911027789115906,0.7424787282943726,0.6044468879699707,0.7634024024009705,2.440170288085937,2.1417388916015625,Fixation,1545.4477836307876,1088.6660393391548,240.0,13.0,True,22,word,on,6.0
3732.0,1573.6373901367188,1113.9030361175537,0.5917518734931946,0.7483000755310059,0.6147021055221558,0.7735437750816345,2.451385498046875,2.1092529296875,Fixation,1545.4477836307876,1088.6660393391548,240.0,13.0,True,22,word,on,6.0
3736.0,1510.1419067382812,1095.0421714782715,0.5909578204154968,0.7541663646697998,0.5898991823196411,0.7604459524154663,2.4591827392578125,2.10675048828125,Fixation,1545.4477836307876,1088.6660393391548,240.0,13.0,True,22,word,on,6.0
3740.0,1538.819580078125,1008.1519031524658,0.5859168767929077,0.7486835718154907,0.6011013984680176,0.7001054883003235,2.4500732421875,1.9376373291015625,Fixation,1545.4477836307876,1088.6660393391548,240.0,13.0,True,22,word,on,6.0
3744.0,1529.4216918945312,1111.9510746002197,0.5892289876937866,0.7553710341453552,0.5974303483963013,0.7721882462501526,2.466781616210937,2.14959716796875,Fixation,1545.4477836307876,1088.6660393391548,240.0,13.0,True,22,word,on,6.0
3748.0,1557.5456237792969,1140.3300476074219,0.5865647196769714,0.7596749067306519,0.6084162592887878,0.791895866394043,2.465087890625,2.223907470703125,Fixation,1545.4477836307876,1088.6660393391548,240.0,13.0,True,22,word,on,6.0
3752.0,1576.8173217773438,1092.0724296569824,0.5951539278030396,0.7636696696281433,0.6159442663192749,0.7583836317062378,2.4793701171875,2.1095733642578125,Fixation,1545.4477836307876,1088.6660393391548,240.0,13.0,True,22,word,on,6.0
3756.0,1591.7683410644531,1052.7406024932861,0.6058090329170227,0.7609333395957947,0.621784508228302,0.7310698628425598,2.4453125,2.062484741210937,Fixation,1545.4477836307876,1088.6660393391548,240.0,13.0,True,22,word,on,6.0
3760.0,1620.5348205566406,1096.5564823150635,0.6265217065811157,0.7729698419570923,0.6330214142799377,0.7614975571632385,2.4760894775390625,2.1771240234375,Fixation,1545.4477836307876,1088.6660393391548,240.0,13.0,True,22,word,on,6.0
3764.0,1657.7914428710938,1072.1387672424316,0.6355028748512268,0.7782869935035706,0.647574782371521,0.744540810585022,2.495269775390625,2.1096954345703125,Fixation,1678.0640820094518,1073.8381566320147,220.0,14.0,True,23,word,curb,8.0
3768.0,1636.2983703613281,1080.5504322052002,0.6381497979164124,0.7725220322608948,0.6391790509223938,0.7503822445869446,2.493682861328125,2.1362762451171875,Fixation,1678.0640820094518,1073.8381566320147,220.0,14.0,True,23,word,curb,8.0
3772.0,1675.6355285644531,1042.7333450317383,0.6354836225509644,0.7602946758270264,0.6545451283454895,0.7241203784942627,2.4836883544921875,2.040130615234375,Fixation,1678.0640820094518,1073.8381566320147,220.0,14.0,True,23,word,curb,8.0
3776.0,1670.7530212402344,1009.1093444824219,0.6357747912406921,0.7632717490196228,0.6526378989219666,0.700770378112793,2.4765625,1.980072021484375,Fixation,1678.0640820094518,1073.8381566320147,220.0,14.0,True,23,word,curb,8.0
3780.0,1682.2137451171875,1065.8319282531738,0.6383625864982605,0.7647356390953064,0.6571147441864014,0.7401610612869263,2.4896392822265625,2.084930419921875,Fixation,1678.0640820094518,1073.8381566320147,220.0,14.0,True,23,word,curb,8.0
3784.0,1704.31884765625,1091.341667175293,0.6426937580108643,0.7688851356506348,0.6657495498657227,0.7578761577606201,2.509628295898437,2.0982818603515625,Fixation,1678.0640820094518,1073.8381566320147,220.0,14.0,True,23,word,curb,8.0
3788.0,1658.7330627441406,1096.4222431182861,0.6416158676147461,0.7652057409286499,0.6479426026344299,0.7614043354988098,2.4993438720703125,2.133331298828125,Fixation,1678.0640820094518,1073.8381566320147,220.0,14.0,True,23,word,curb,8.0
3792.0,1667.3135375976562,1073.9581203460693,0.6364515423774719,0.7607938647270203,0.6512943506240845,0.7458042502403259,2.50390625,2.1379547119140625,Fixation,1678.0640820094518,1073.8381566320147,220.0,14.0,True,23,word,curb,8.0
3796.0,1673.0705261230469,1026.6991424560547,0.6403644680976868,0.7606188654899597,0.6535431742668152,0.7129855155944824,2.498519897460937,1.9919281005859373,Fixation,1678.0640820094518,1073.8381566320147,220.0,14.0,True,23,word,curb,8.0
3800.0,1684.4911193847656,1021.9606018066406,0.6385823488235474,0.7663336992263794,0.6580043435096741,0.7096948623657227,2.5042724609375,2.017547607421875,Fixation,1678.0640820094518,1073.8381566320147,220.0,14.0,True,23,word,curb,8.0
3804.0,1677.412109375,1015.5735969543457,0.6382532715797424,0.7659288048744202,0.6552391052246094,0.7052594423294067,2.4977264404296875,2.026718139648437,Fixation,1678.0640820094518,1073.8381566320147,220.0,14.0,True,23,word,curb,8.0
3808.0,1696.3911437988281,984.1872882843018,0.6400114893913269,0.7608868479728699,0.6626527905464172,0.6834633946418762,2.504486083984375,1.9254150390625,Fixation,1678.0640820094518,1073.8381566320147,220.0,14.0,True,23,word,curb,8.0
3812.0,1681.2619018554688,1119.7462177276611,0.6426683068275452,0.7562659978866577,0.6567429304122925,0.7776015400886536,2.485076904296875,2.197250366210937,Fixation,1678.0640820094518,1073.8381566320147,220.0,14.0,True,23,word,curb,8.0
3816.0,1686.8247985839844,1056.6090774536133,0.6439919471740723,0.7562405467033386,0.6589159369468689,0.7337563037872314,2.5062713623046875,2.1345977783203125,Fixation,1678.0640820094518,1073.8381566320147,220.0,14.0,True,23,word,curb,8.0
3820.0,1668.4786987304688,1107.5087356567383,0.640625536441803,0.7593024969100952,0.6517494916915894,0.7691032886505127,2.49853515625,2.2032928466796875,Fixation,1678.0640820094518,1073.8381566320147,220.0,14.0,True,23,word,curb,8.0
3824.0,1683.6033630371094,973.3412933349609,0.6401462554931641,0.7626837491989136,0.6576575636863708,0.675931453704834,2.50482177734375,1.947540283203125,Fixation,1678.0640820094518,1073.8381566320147,220.0,14.0,True,23,word,curb,8.0
3828.0,1669.0693664550781,1113.3897686004639,0.641327977180481,0.7589394450187683,0.6519802212715149,0.7731873393058777,2.5120849609375,2.175811767578125,Fixation,1678.0640820094518,1073.8381566320147,220.0,14.0,True,23,word,curb,8.0
3832.0,1697.4655151367188,1026.7896938323975,0.6402700543403625,0.7633600234985352,0.6630724668502808,0.7130483984947205,2.5084228515625,2.045135498046875,Fixation,1678.0640820094518,1073.8381566320147,220.0,14.0,True,23,word,curb,8.0
3836.0,1655.556640625,1101.13374710083,0.637214720249176,0.7637099623680115,0.6467018127441406,0.7646762132644653,2.504364013671875,2.182342529296875,Fixation,1678.0640820094518,1073.8381566320147,220.0,14.0,True,23,word,curb,8.0
3840.0,1690.8949279785156,1156.2420272827148,0.6399946212768555,0.7626843452453613,0.6605058312416077,0.8029458522796631,2.5153045654296875,2.2688140869140625,Fixation,1678.0640820094518,1073.8381566320147,220.0,14.0,True,23,word,curb,8.0
3844.0,1709.3620300292969,995.8860969543457,0.6397453546524048,0.7590411901473999,0.6677195429801941,0.6915875673294067,2.51324462890625,1.9776458740234373,Fixation,1678.0640820094518,1073.8381566320147,220.0,14.0,True,23,word,curb,8.0
3848.0,1683.572998046875,1054.9804401397705,0.6409081816673279,0.7547443509101868,0.6576457023620605,0.7326253056526184,2.5146026611328125,2.151214599609375,Fixation,1678.0640820094518,1073.8381566320147,220.0,14.0,True,23,word,curb,8.0
3852.0,1662.2074890136719,1107.1021556854248,0.6389155983924866,0.7562614679336548,0.6492998003959656,0.7688209414482117,2.5108795166015625,2.208251953125,Fixation,1678.0640820094518,1073.8381566320147,220.0,14.0,True,23,word,curb,8.0
3856.0,1663.7307739257812,1138.7607192993164,0.6401771903038025,0.7642033100128174,0.6498948335647583,0.7908060550689697,2.5106353759765625,2.2874908447265625,Fixation,1678.0640820094518,1073.8381566320147,220.0,14.0,True,23,word,curb,8.0
3860.0,1659.5426940917969,1081.0208702087402,0.6366780400276184,0.7630425095558167,0.6482588648796082,0.7507089376449585,2.5224761962890625,2.18701171875,Fixation,1678.0640820094518,1073.8381566320147,220.0,14.0,True,23,word,curb,8.0
3864.0,1661.6633605957031,1065.4518699645996,0.6422690153121948,0.758278489112854,0.6490872502326965,0.7398971319198608,2.5139617919921875,2.1096649169921875,Fixation,1678.0640820094518,1073.8381566320147,220.0,14.0,True,23,word,curb,8.0
3868.0,1687.8187561035156,1031.3001823425293,0.6418282985687256,0.7592157125473022,0.6593042016029358,0.716180682182312,2.51959228515625,2.09002685546875,Fixation,1678.0640820094518,1073.8381566320147,220.0,14.0,True,23,word,curb,8.0
3872.0,1659.2144775390625,1046.7470455169678,0.641600489616394,0.7588800191879272,0.6481306552886963,0.7269076704978943,2.518035888671875,2.109237670898437,Fixation,1678.0640820094518,1073.8381566320147,220.0,14.0,True,23,word,curb,8.0
3876.0,1680.5599975585938,1127.6612663269043,0.6392844915390015,0.768838107585907,0.6564687490463257,0.7830981016159058,2.5121002197265625,2.233642578125,Fixation,1678.0640820094518,1073.8381566320147,220.0,14.0,True,23,word,curb,8.0
3880.0,1679.1838073730469,1076.3533973693848,0.638509213924408,0.7619998455047607,0.6559311747550964,0.7474676370620728,2.5240020751953125,2.13580322265625,Fixation,1678.0640820094518,1073.8381566320147,220.0,14.0,True,23,word,curb,8.0
3884.0,1692.6780700683594,1094.9517917633057,0.6398215293884277,0.7584341168403625,0.6612023711204529,0.7603831887245178,2.5171356201171875,2.209701538085937,Fixation,1678.0640820094518,1073.8381566320147,220.0,14.0,True,23,word,curb,8.0
3888.0,1690.0833129882812,1098.6176204681396,0.6400073766708374,0.7608783841133118,0.6601887941360474,0.7629289031028748,2.5218658447265625,2.18475341796875,Fixation,1678.0640820094518,1073.8381566320147,220.0,14.0,True,23,word,curb,8.0
3892.0,1686.3215637207031,1134.613208770752,0.6409640312194824,0.757999062538147,0.6587193608283997,0.7879258394241333,2.5107879638671875,2.2047882080078125,Fixation,1678.0640820094518,1073.8381566320147,220.0,14.0,True,23,word,curb,8.0
3896.0,1680.1373291015625,1107.8366947174072,0.642375648021698,0.7581082582473755,0.6563036441802979,0.7693310379981995,2.516693115234375,2.202011108398437,Fixation,1678.0640820094518,1073.8381566320147,220.0,14.0,True,23,word,curb,8.0
3900.0,1688.404541015625,1066.102638244629,0.6421114206314087,0.7664651274681091,0.6595330238342285,0.7403490543365479,2.525848388671875,2.1414947509765625,Fixation,1678.0640820094518,1073.8381566320147,220.0,14.0,True,23,word,curb,8.0
3904.0,1697.261962890625,1065.094985961914,0.640252411365509,0.7643976211547852,0.6629929542541504,0.7396492958068848,2.532806396484375,2.177459716796875,Fixation,1678.0640820094518,1073.8381566320147,220.0,14.0,True,23,word,curb,8.0
3908.0,1666.23046875,1129.4519519805908,0.6475211977958679,0.7634615898132324,0.6508712768554688,0.7843416333198547,2.52972412109375,2.24566650390625,Fixation,1678.0640820094518,1073.8381566320147,220.0,14.0,True,23,word,curb,8.0
3912.0,1708.072509765625,1080.2691650390625,0.6439700126647949,0.7648861408233643,0.6672158241271973,0.7501869201660156,2.5275115966796875,2.176727294921875,Fixation,1678.0640820094518,1073.8381566320147,220.0,14.0,True,23,word,curb,8.0
3916.0,1684.5928955078125,1086.5739440917969,0.6432156562805176,0.7621389627456665,0.6580440998077393,0.7545652389526367,2.522567749023437,2.183212280273437,Fixation,1678.0640820094518,1073.8381566320147,220.0,14.0,True,23,word,curb,8.0
3920.0,1681.0377502441406,1116.512975692749,0.6440698504447937,0.7664490342140198,0.6566553711891174,0.7753562331199646,2.5179901123046875,2.236663818359375,Fixation,1678.0640820094518,1073.8381566320147,220.0,14.0,True,23,word,curb,8.0
3924.0,1681.4535522460938,962.704381942749,0.6439816355705261,0.7599881887435913,0.6568177938461304,0.6685447096824646,2.498199462890625,1.98138427734375,Fixation,1678.0640820094518,1073.8381566320147,220.0,14.0,True,23,word,curb,8.0
3928.0,1686.4154052734375,1064.2795944213867,0.6448296904563904,0.7635897994041443,0.6587560176849365,0.7390830516815186,2.5078277587890625,2.1789093017578125,Fixation,1678.0640820094518,1073.8381566320147,220.0,14.0,True,23,word,curb,8.0
3932.0,1703.2769775390625,1085.4497337341309,0.645395815372467,0.7645728588104248,0.6653425693511963,0.7537845373153687,2.537261962890625,2.172210693359375,Fixation,1678.0640820094518,1073.8381566320147,220.0,14.0,True,23,word,curb,8.0
3936.0,1695.5690002441406,1085.9632587432861,0.6474183201789856,0.7687681317329407,0.6623316407203674,0.7541411519050598,2.519805908203125,2.1702117919921875,Fixation,1678.0640820094518,1073.8381566320147,220.0,14.0,True,23,word,curb,8.0
3940.0,1686.3163757324219,1057.79860496521,0.6445860862731934,0.7675491571426392,0.6587173342704773,0.7345823645591736,2.5412750244140625,2.157089233398437,Fixation,1678.0640820094518,1073.8381566320147,220.0,14.0,True,23,word,curb,8.0
3944.0,1675.5636596679688,1067.7641487121582,0.6454417705535889,0.7611543536186218,0.6545170545578003,0.7415028810501099,2.5163726806640625,2.133697509765625,Fixation,1678.0640820094518,1073.8381566320147,220.0,14.0,True,23,word,curb,8.0
3948.0,1693.4408569335938,1094.976167678833,0.6467054486274719,0.7677912712097168,0.6615003347396851,0.760400116443634,2.5182342529296875,2.1945037841796875,Fixation,1678.0640820094518,1073.8381566320147,220.0,14.0,True,23,word,curb,8.0
3952.0,1669.8300170898438,1087.6049423217773,0.6431540250778198,0.7616920471191406,0.6522773504257202,0.7552812099456787,2.515731811523437,2.1419219970703125,Fixation,1678.0640820094518,1073.8381566320147,220.0,14.0,True,23,word,curb,8.0
3956.0,1662.293701171875,1070.0950527191162,0.6494408845901489,0.7613953351974487,0.6493334770202637,0.7431215643882751,2.520660400390625,2.1701202392578125,Fixation,1678.0640820094518,1073.8381566320147,220.0,14.0,True,23,word,curb,8.0
3960.0,1678.4196472167969,1077.3477458953857,0.6406001448631287,0.7696219682693481,0.6556326746940613,0.7481581568717957,2.529403686523437,2.1546783447265625,Fixation,1678.0640820094518,1073.8381566320147,220.0,14.0,True,23,word,curb,8.0
3964.0,1640.6867980957031,1087.086524963379,0.6484845876693726,0.7629953622817993,0.640893280506134,0.7549211978912354,2.540496826171875,2.2247467041015625,Fixation,1678.0640820094518,1073.8381566320147,220.0,14.0,True,23,word,curb,8.0
3968.0,1662.5184631347656,1079.1319942474365,0.6473751068115234,0.763039767742157,0.6494212746620178,0.7493972182273865,2.5305938720703125,2.1922760009765625,Fixation,1678.0640820094518,1073.8381566320147,220.0,14.0,True,23,word,curb,8.0
3972.0,1651.3984680175781,1109.3475723266602,0.6459592580795288,0.7680623531341553,0.6450775265693665,0.7703802585601807,2.5291748046875,2.276473999023437,Fixation,1678.0640820094518,1073.8381566320147,220.0,14.0,True,23,word,curb,8.0
3976.0,1663.7498474121094,1086.2435817718506,0.6439025402069092,0.7622342109680176,0.6499022841453552,0.7543358206748962,2.543701171875,2.178558349609375,Fixation,1678.0640820094518,1073.8381566320147,220.0,14.0,True,23,word,curb,8.0
3980.0,1698.072509765625,1044.0315341949463,0.6459488868713379,0.7663435339927673,0.6633095741271973,0.7250218987464905,2.525619506835937,2.1529541015625,Fixation,1678.0640820094518,1073.8381566320147,220.0,14.0,True,23,word,curb,8.0
3984.0,1683.328857421875,1134.5558738708496,0.6530129313468933,0.761563241481781,0.6575503349304199,0.7878860235214233,2.536483764648437,2.2681121826171875,Fixation,1678.0640820094518,1073.8381566320147,220.0,14.0,True,23,word,curb,8.0
3988.0,1730.2064514160156,1120.8185005187988,0.6656402349472046,0.7693415284156799,0.6758618950843811,0.7783461809158325,2.541122436523437,2.302276611328125,Saccade,,,,0.0,False,24,,,
3992.0,1807.8097534179688,1064.8155212402344,0.6870653629302979,0.7608101963996887,0.706175684928894,0.7394552230834961,2.53594970703125,2.18109130859375,Saccade,,,,0.0,False,24,,,
3996.0,1804.3914794921875,1115.1444911956787,0.700372040271759,0.7653806209564209,0.7048404216766357,0.7744058966636658,2.555648803710937,2.328231811523437,Saccade,,,,0.0,False,24,,,
4000.0,1830.9098815917969,1118.4981536865234,0.7022972106933594,0.7721262574195862,0.7151991724967957,0.7767348289489746,2.57269287109375,2.274017333984375,Saccade,,,,0.0,False,24,,,
4004.0,1857.8549194335938,1086.6747093200684,0.7117084264755249,0.7647786736488342,0.7257245779037476,0.754635214805603,2.563018798828125,2.204254150390625,Saccade,,,,0.0,False,24,,,
4008.0,1844.0298461914062,1086.011152267456,0.7203241586685181,0.7541744112968445,,,2.5566558837890625,,Saccade,,,,0.0,False,24,,,
4012.0,1875.4647827148438,1124.8585510253906,0.7245471477508545,0.7659990191459656,0.7326034307479858,0.7811517715454102,2.55615234375,2.281585693359375,Saccade,,,,0.0,False,24,,,
4016.0,1737.4046325683594,1233.3916282653809,0.72431880235672,0.7637821435928345,0.6786736845970154,0.8565219640731812,2.536163330078125,2.413330078125,Saccade,,,,0.0,False,24,,,
4020.0,1872.7481079101562,1113.0379486083984,0.7238346934318542,0.7643982172012329,0.7315422296524048,0.7729430198669434,2.5601043701171875,2.266387939453125,Saccade,,,,0.0,False,24,,,
4024.0,1854.7689819335938,1114.8361015319824,0.7233019471168518,0.7667275667190552,0.7245191335678101,0.7741917371749878,2.563995361328125,2.2771453857421875,Saccade,,,,0.0,False,24,,,
4028.0,1839.4857788085938,1123.6122035980225,0.7189573049545288,0.772062361240387,0.7185491323471069,0.7802862524986267,2.5653076171875,2.2808074951171875,Saccade,,,,0.0,False,24,,,
4032.0,1856.8777465820312,1103.6894416809082,0.725342869758606,0.7664510011672974,,,2.546615600585937,,Saccade,,,,0.0,False,24,,,
4036.0,1873.4176635742188,1109.2543601989746,0.725984513759613,0.7593958377838135,0.7318037748336792,0.7703155279159546,2.55096435546875,2.2552642822265625,Saccade,,,,0.0,False,24,,,
4040.0,1850.5754089355469,1159.9773788452148,0.722669243812561,0.7649093866348267,0.722881019115448,0.8055398464202881,2.552108764648437,2.358184814453125,Saccade,,,,0.0,False,24,,,
4044.0,1875.7463073730469,1113.0746841430664,0.7196639180183411,0.7696125507354736,0.7327134013175964,0.7729685306549072,2.564453125,2.24755859375,Saccade,,,,0.0,False,24,,,
4048.0,1863.819580078125,1117.347764968872,0.7215310335159302,0.7690293192863464,0.7280545234680176,0.77593594789505,2.552474975585937,2.275421142578125,Saccade,,,,0.0,False,24,,,
4052.0,1849.8867797851562,1096.2331581115723,0.7226120233535767,0.7612730264663696,,,2.5599517822265625,,Fixation,1847.942772842035,1122.2772098169094,160.0,15.0,True,25,word,abandoned,9.0
4056.0,1853.6396789550781,1143.783359527588,0.7197474837303162,0.7663347125053406,0.7240779995918274,0.794293999671936,2.5597076416015625,2.3105621337890625,Fixation,1847.942772842035,1122.2772098169094,160.0,15.0,True,25,word,abandoned,9.0
4060.0,1867.5010681152344,1143.0932807922363,0.7199354767799377,0.7668406963348389,0.7294926047325134,0.7938147783279419,2.5599365234375,2.294219970703125,Fixation,1847.942772842035,1122.2772098169094,160.0,15.0,True,25,word,abandoned,9.0
4064.0,1874.1127014160156,1110.4464626312256,0.7244902849197388,0.7678216099739075,0.7320752739906311,0.77114337682724,2.5532684326171875,2.259552001953125,Fixation,1847.942772842035,1122.2772098169094,160.0,15.0,True,25,word,abandoned,9.0
4068.0,1874.0225219726562,1143.221082687378,0.7168341875076294,0.766011655330658,0.7320400476455688,0.7939035296440125,2.563201904296875,2.2766265869140625,Fixation,1847.942772842035,1122.2772098169094,160.0,15.0,True,25,word,abandoned,9.0
4072.0,1877.7967834472656,1124.6863746643066,0.7178005576133728,0.7631065845489502,0.7335143685340881,0.7810322046279907,2.5522003173828125,2.2672119140625,Fixation,1847.942772842035,1122.2772098169094,160.0,15.0,True,25,word,abandoned,9.0
4076.0,1894.6568298339844,1080.5034828186035,0.7193223834037781,0.7676553130149841,0.7401003241539001,0.7503496408462524,2.5489044189453125,2.1648406982421875,Fixation,1847.942772842035,1122.2772098169094,160.0,15.0,True,25,word,abandoned,9.0
4080.0,1871.1100769042969,1093.5070037841797,0.7171433568000793,0.7627140283584595,0.730902373790741,0.7593798637390137,2.553924560546875,2.2632598876953125,Fixation,1847.942772842035,1122.2772098169094,160.0,15.0,True,25,word,abandoned,9.0
4084.0,1865.6309509277344,1093.9499759674072,0.7207056879997253,0.7660565972328186,0.7287620902061462,0.7596874833106995,2.547958374023437,2.2245025634765625,Fixation,1847.942772842035,1122.2772098169094,160.0,15.0,True,25,word,abandoned,9.0
4088.0,1852.4476623535156,1106.8772792816162,0.7160642147064209,0.7582992315292358,0.723612368106842,0.7686647772789001,2.560302734375,2.22027587890625,Fixation,1847.942772842035,1122.2772098169094,160.0,15.0,True,25,word,abandoned,9.0
4092.0,1851.3034057617188,1159.4541549682617,0.7206748127937317,0.7639769315719604,0.7231653928756714,0.8051764965057373,2.537567138671875,2.3270416259765625,Fixation,1847.942772842035,1122.2772098169094,160.0,15.0,True,25,word,abandoned,9.0
4096.0,1883.5964965820312,1117.5397682189941,0.716639518737793,0.7655758857727051,0.735779881477356,0.7760692834854126,2.540634155273437,2.296127319335937,Fixation,1847.942772842035,1122.2772098169094,160.0,15.0,True,25,word,abandoned,9.0
4100.0,1906.1094665527344,1075.231761932373,0.7217907905578613,0.7677493095397949,0.7445740103721619,0.746688723564148,2.55767822265625,2.202362060546875,Fixation,1847.942772842035,1122.2772098169094,160.0,15.0,True,25,word,abandoned,9.0
4104.0,1836.7213439941406,1151.2634181976318,0.717574417591095,0.7634138464927673,0.7174692749977112,0.7994884848594666,2.5668487548828125,2.333969116210937,Fixation,1847.942772842035,1122.2772098169094,160.0,15.0,True,25,word,abandoned,9.0
4108.0,1840.1434326171875,1095.095386505127,0.7188060283660889,0.760482907295227,,,2.54901123046875,,Fixation,1847.942772842035,1122.2772098169094,160.0,15.0,True,25,word,abandoned,9.0
4112.0,1871.3134765625,1108.2927989959717,0.7158335447311401,0.7620542645454407,0.7309818267822266,0.7696477770805359,2.54388427734375,2.264068603515625,Fixation,1847.942772842035,1122.2772098169094,160.0,15.0,True,25,word,abandoned,9.0
4116.0,1830.7197570800781,1149.2267417907715,0.7118347883224487,0.758632481098175,0.7151249051094055,0.7980741262435913,2.54315185546875,2.358001708984375,Fixation,1847.942772842035,1122.2772098169094,160.0,15.0,True,25,word,abandoned,9.0
4120.0,1802.7688598632812,1160.722131729126,0.7183133959770203,0.7670990228652954,0.7042065858840942,0.8060570359230042,2.5444488525390625,2.33453369140625,Fixation,1847.942772842035,1122.2772098169094,160.0,15.0,True,25,word,abandoned,9.0
4124.0,1873.2693481445312,1132.0648097991943,0.7189458012580872,0.7654739618301392,0.7317458391189575,0.7861561179161072,2.5478057861328125,2.277328491210937,Fixation,1847.942772842035,1122.2772098169094,160.0,15.0,True,25,word,abandoned,9.0
4128.0,1831.4883422851562,1165.9070777893066,0.7189584374427795,0.7669666409492493,0.7154251337051392,0.8096576929092407,2.545394897460937,2.3060302734375,Fixation,1847.942772842035,1122.2772098169094,160.0,15.0,True,25,word,abandoned,9.0
4132.0,1839.3869018554688,1105.6982231140137,0.7185105085372925,0.7678459882736206,,,2.538192749023437,,Fixation,1847.942772842035,1122.2772098169094,160.0,15.0,True,25,word,abandoned,9.0
4136.0,1847.9209899902344,1097.2566890716553,0.7218441367149353,0.7619838118553162,,,2.546417236328125,,Fixation,1847.942772842035,1122.2772098169094,160.0,15.0,True,25,word,abandoned,9.0
4140.0,1860.7539367675781,1127.900733947754,0.7185990810394287,0.7687913179397583,0.7268570065498352,0.7832643985748291,2.5375518798828125,2.2613983154296875,Fixation,1847.942772842035,1122.2772098169094,160.0,15.0,True,25,word,abandoned,9.0
4144.0,1856.0882568359375,1138.672742843628,0.7201614379882812,0.7708224058151245,0.7250344753265381,0.790744960308075,2.5435791015625,2.2674102783203125,Fixation,1847.942772842035,1122.2772098169094,160.0,15.0,True,25,word,abandoned,9.0
4148.0,1855.8131408691406,1110.2149772644043,0.7164266705513,0.7694156765937805,0.7249270081520081,0.7709826231002808,2.558258056640625,2.237762451171875,Fixation,1847.942772842035,1122.2772098169094,160.0,15.0,True,25,word,abandoned,9.0
4152.0,1844.2327880859375,1141.4698791503906,0.7191659212112427,0.765860378742218,0.7204034328460693,0.7926874160766602,2.540802001953125,2.3067779541015625,Fixation,1847.942772842035,1122.2772098169094,160.0,15.0,True,25,word,abandoned,9.0
4156.0,1856.2837219238281,1128.9016914367676,0.7199326753616333,0.7756423950195312,0.7251108288764954,0.7839595079421997,2.55096435546875,2.264633178710937,Fixation,1847.942772842035,1122.2772098169094,160.0,15.0,True,25,word,abandoned,9.0
4160.0,1841.1112976074219,1106.4376544952393,0.7191841006278992,0.7683594822883606,,,2.5533905029296875,,Fixation,1847.942772842035,1122.2772098169094,160.0,15.0,True,25,word,abandoned,9.0
4164.0,1840.9625244140625,1092.549648284912,0.7184868454933167,0.765939474105835,0.7191259860992432,0.758715033531189,2.53692626953125,2.2300567626953125,Fixation,1847.942772842035,1122.2772098169094,160.0,15.0,True,25,word,abandoned,9.0
4168.0,1816.2139892578125,1168.6431884765625,0.7177174687385559,0.7700047492980957,0.709458589553833,0.8115577697753906,2.544036865234375,2.315460205078125,Fixation,1847.942772842035,1122.2772098169094,160.0,15.0,True,25,word,abandoned,9.0
4172.0,1855.8226013183594,1110.3951358795166,0.718109667301178,0.765961766242981,0.7249307036399841,0.7711077332496643,2.5364532470703125,2.253875732421875,Fixation,1847.942772842035,1122.2772098169094,160.0,15.0,True,25,word,abandoned,9.0
4176.0,1861.5501403808594,1103.0116367340088,0.7218761444091797,0.7716649770736694,0.7271680235862732,0.7659803032875061,2.5484161376953125,2.2556610107421875,Fixation,1847.942772842035,1122.2772098169094,160.0,15.0,True,25,word,abandoned,9.0
4180.0,1865.1640319824219,1127.3563957214355,0.7224862575531006,0.7701966166496277,0.7285796999931335,0.7828863859176636,2.548492431640625,2.306610107421875,Fixation,1847.942772842035,1122.2772098169094,160.0,15.0,True,25,word,abandoned,9.0
4184.0,1838.5945129394531,1168.0211734771729,0.7265165448188782,0.775378942489624,0.7182009816169739,0.8111258149147034,2.54547119140625,2.342559814453125,Fixation,1847.942772842035,1122.2772098169094,160.0,15.0,True,25,word,abandoned,9.0
4188.0,1853.7312316894531,1113.7657070159912,0.7241137623786926,0.7734484076499939,,,2.537811279296875,,Fixation,1847.942772842035,1122.2772098169094,160.0,15.0,True,25,word,abandoned,9.0
4192.0,1867.7552795410156,1114.610366821289,0.722054123878479,0.7684547305107117,0.7295919060707092,0.7740349769592285,2.526641845703125,2.238265991210937,Fixation,1847.942772842035,1122.2772098169094,160.0,15.0,True,25,word,abandoned,9.0
4196.0,1836.8145751953125,1149.9344158172607,0.7135851383209229,0.7654736042022705,0.717505693435669,0.7985655665397644,2.5344696044921875,2.30084228515625,Fixation,1847.942772842035,1122.2772098169094,160.0,15.0,True,25,word,abandoned,9.0
4200.0,1825.5146789550781,1111.7787265777588,0.6978040337562561,0.7706999778747559,0.7130916714668274,0.7720685601234436,2.544219970703125,2.26934814453125,Fixation,1847.942772842035,1122.2772098169094,160.0,15.0,True,25,word,abandoned,9.0
4204.0,1793.3705139160156,1080.9991550445557,0.6795545816421509,0.7720094919204712,0.7005353569984436,0.7506938576698303,2.53729248046875,2.203155517578125,Fixation,1847.942772842035,1122.2772098169094,160.0,15.0,True,25,word,abandoned,9.0
4208.0,1744.6481323242188,1123.0010032653809,0.6694185137748718,0.7633294463157654,0.681503176689148,0.7798618078231812,2.5287628173828125,2.25506591796875,Fixation,1847.942772842035,1122.2772098169094,160.0,15.0,True,25,word,abandoned,9.0
4212.0,1755.6814575195312,1141.6469478607178,0.6592037081718445,0.7672469019889832,0.6858130693435669,0.7928103804588318,2.5107421875,2.349090576171875,Fixation,1847.942772842035,1122.2772098169094,160.0,15.0,True,25,word,abandoned,9.0
4216.0,1700.7766723632812,1067.6784038543701,0.6537720561027527,0.7585473656654358,0.6643658876419067,0.7414433360099792,2.53009033203125,2.217926025390625,Fixation,1696.3646782769097,1081.9972763061523,176.0,16.0,True,26,word,curb,8.0
4220.0,1711.4120483398438,1073.807315826416,0.658637285232544,0.7576479315757751,0.6685203313827515,0.7456995248794556,2.5319061279296875,2.2535400390625,Fixation,1696.3646782769097,1081.9972763061523,176.0,16.0,True,26,word,curb,8.0
4224.0,1687.2023010253906,1125.6929111480713,0.6499338746070862,0.764193058013916,0.6590633988380432,0.7817311882972717,2.5322418212890625,2.3096466064453125,Fixation,1696.3646782769097,1081.9972763061523,176.0,16.0,True,26,word,curb,8.0
4228.0,1690.4962158203125,1115.6363010406494,0.6578487157821655,0.7650387287139893,0.6603500843048096,0.7747474312782288,2.5292510986328125,2.313217163085937,Fixation,1696.3646782769097,1081.9972763061523,176.0,16.0,True,26,word,curb,8.0
4232.0,1703.3175659179688,1106.3860702514648,0.6538516283035278,0.7639726996421814,0.6653584241867065,0.7683236598968506,2.5410919189453125,2.243316650390625,Fixation,1696.3646782769097,1081.9972763061523,176.0,16.0,True,26,word,curb,8.0
4236.0,1700.6948852539062,1116.202096939087,0.6613573431968689,0.761165976524353,0.6643339395523071,0.7751403450965881,2.518661499023437,2.2509307861328125,Fixation,1696.3646782769097,1081.9972763061523,176.0,16.0,True,26,word,curb,8.0
4240.0,1688.4333801269531,1082.6989459991455,0.6597865223884583,0.7625043988227844,0.6595442891120911,0.7518742680549622,2.50811767578125,2.2188873291015625,Fixation,1696.3646782769097,1081.9972763061523,176.0,16.0,True,26,word,curb,8.0
4244.0,1703.8822937011719,1033.120994567871,0.6591193079948425,0.7637994289398193,0.6655790209770203,0.7174451351165771,2.52337646484375,2.121826171875,Fixation,1696.3646782769097,1081.9972763061523,176.0,16.0,True,26,word,curb,8.0
4248.0,1697.2247314453125,1071.2773704528809,0.6616654396057129,0.758247971534729,0.6629784107208252,0.7439426183700562,2.5181884765625,2.2111358642578125,Fixation,1696.3646782769097,1081.9972763061523,176.0,16.0,True,26,word,curb,8.0
4252.0,1698.2821655273438,1078.637351989746,0.6590768098831177,0.7628659009933472,0.6633914709091187,0.7490537166595459,2.514862060546875,2.2328643798828125,Fixation,1696.3646782769097,1081.9972763061523,176.0,16.0,True,26,word,curb,8.0
4256.0,1683.5350036621094,1112.6491355895996,0.6563068628311157,0.7604320645332336,0.6576308608055115,0.7726730108261108,2.512924194335937,2.277191162109375,Fixation,1696.3646782769097,1081.9972763061523,176.0,16.0,True,26,word,curb,8.0
4260.0,1704.9716186523438,1069.6023845672607,0.6578728556632996,0.7597395777702332,0.6660045385360718,0.7427794337272644,2.522216796875,2.1508941650390625,Fixation,1696.3646782769097,1081.9972763061523,176.0,16.0,True,26,word,curb,8.0
4264.0,1624.2411804199219,1123.94136428833,0.6573485136032104,0.7658488750457764,0.634469211101532,0.7805148363113403,2.5186309814453125,2.2440643310546875,Fixation,1696.3646782769097,1081.9972763061523,176.0,16.0,True,26,word,curb,8.0
4268.0,1693.5081481933594,1088.2985401153564,0.6567360758781433,0.7638363838195801,0.661526620388031,0.7557628750801086,2.513671875,2.156723022460937,Fixation,1696.3646782769097,1081.9972763061523,176.0,16.0,True,26,word,curb,8.0
4272.0,1690.4435729980469,1066.7127227783203,0.6593320369720459,0.7613101005554199,0.6603295207023621,0.7407727241516113,2.53448486328125,2.17840576171875,Fixation,1696.3646782769097,1081.9972763061523,176.0,16.0,True,26,word,curb,8.0
4276.0,1688.3024597167969,1058.8538074493408,0.6552572250366211,0.7621635794639587,0.6594931483268738,0.7353151440620422,2.5283966064453125,2.191802978515625,Fixation,1696.3646782769097,1081.9972763061523,176.0,16.0,True,26,word,curb,8.0
4280.0,1685.2108764648438,1063.7499332427979,0.6610415577888489,0.7540847659111023,0.6582854986190796,0.7387152314186096,2.508819580078125,2.192901611328125,Fixation,1696.3646782769097,1081.9972763061523,176.0,16.0,True,26,word,curb,8.0
4284.0,1718.14453125,1024.772071838379,0.6586523652076721,0.7535879611968994,0.6711502075195312,0.7116472721099854,2.5134735107421875,2.122055053710937,Fixation,1696.3646782769097,1081.9972763061523,176.0,16.0,True,26,word,curb,8.0
4288.0,1690.4136657714844,1097.1631336212158,0.6570085883140564,0.7580571174621582,0.6603178381919861,0.761918842792511,2.5159149169921875,2.22125244140625,Fixation,1696.3646782769097,1081.9972763061523,176.0,16.0,True,26,word,curb,8.0
4292.0,1709.1452026367188,1058.9072799682617,0.6551778316497803,0.7561880350112915,0.6676348447799683,0.7353522777557373,2.51458740234375,2.1149139404296875,Fixation,1696.3646782769097,1081.9972763061523,176.0,16.0,True,26,word,curb,8.0
4296.0,1688.3810424804688,1090.6757068634033,0.6604018211364746,0.7533119320869446,0.6595238447189331,0.7574136853218079,2.5025634765625,2.226837158203125,Fixation,1696.3646782769097,1081.9972763061523,176.0,16.0,True,26,word,curb,8.0
4300.0,1704.2866516113281,1076.5708923339844,0.6534455418586731,0.7661490440368652,0.665736973285675,0.7476186752319336,2.503753662109375,2.1782989501953125,Fixation,1696.3646782769097,1081.9972763061523,176.0,16.0,True,26,word,curb,8.0
4304.0,1682.0135498046875,1084.240894317627,0.6540345549583435,0.7615071535110474,0.657036542892456,0.752945065498352,2.5294647216796875,2.2122344970703125,Fixation,1696.3646782769097,1081.9972763061523,176.0,16.0,True,26,word,curb,8.0
4308.0,1722.8274536132812,988.6114311218262,0.6571172475814819,0.7617627382278442,0.672979474067688,0.6865357160568237,2.52392578125,2.03375244140625,Fixation,1696.3646782769097,1081.9972763061523,176.0,16.0,True,26,word,curb,8.0
4312.0,1713.1527709960938,1051.4657592773438,0.6590042114257812,0.7557212710380554,0.6692003011703491,0.7301845550537109,2.50482177734375,2.12921142578125,Fixation,1696.3646782769097,1081.9972763061523,176.0,16.0,True,26,word,curb,8.0
4316.0,1702.88330078125,1103.2639789581299,0.6544609069824219,0.7564544677734375,0.6651887893676758,0.7661555409431458,2.516632080078125,2.237533569335937,Fixation,1696.3646782769097,1081.9972763061523,176.0,16.0,True,26,word,curb,8.0
4320.0,1689.4917297363281,1074.2288303375244,0.6599407196044922,0.7521630525588989,0.6599577069282532,0.7459922432899475,2.50048828125,2.18426513671875,Fixation,1696.3646782769097,1081.9972763061523,176.0,16.0,True,26,word,curb,8.0
4324.0,1721.8553161621094,1062.8474235534668,0.6569110751152039,0.7622795701026917,0.672599732875824,0.7380884885787964,2.494049072265625,2.1728973388671875,Fixation,1696.3646782769097,1081.9972763061523,176.0,16.0,True,26,word,curb,8.0
4328.0,1690.16845703125,1095.713710784912,0.6618834733963013,0.7586951851844788,0.660222053527832,0.760912299156189,2.501007080078125,2.2173614501953125,Fixation,1696.3646782769097,1081.9972763061523,176.0,16.0,True,26,word,curb,8.0
4332.0,1692.4700927734375,1111.2718963623047,0.6618043184280396,0.7622499465942383,0.661121129989624,0.7717165946960449,2.518829345703125,2.2605438232421875,Fixation,1696.3646782769097,1081.9972763061523,176.0,16.0,True,26,word,curb,8.0
4336.0,1710.0947570800781,1063.643503189087,0.6574454307556152,0.7564152479171753,0.6680057644844055,0.7386413216590881,2.516082763671875,2.1855010986328125,Fixation,1696.3646782769097,1081.9972763061523,176.0,16.0,True,26,word,curb,8.0
4340.0,1696.3209533691406,1101.485996246338,0.6566303372383118,0.767856240272522,0.6626253724098206,0.7649208307266235,2.5044097900390625,2.239364624023437,Fixation,1696.3646782769097,1081.9972763061523,176.0,16.0,True,26,word,curb,8.0
4344.0,1688.5820007324219,1096.4781188964844,0.6596023440361023,0.7614431381225586,,,2.5036773681640625,,Fixation,1696.3646782769097,1081.9972763061523,176.0,16.0,True,26,word,curb,8.0
4348.0,1681.5731811523438,1135.5273914337158,0.6591057777404785,0.7651166319847107,0.6568645238876343,0.788560688495636,2.50006103515625,2.3129119873046875,Fixation,1696.3646782769097,1081.9972763061523,176.0,16.0,True,26,word,curb,8.0
4352.0,1691.0626220703125,1095.6769752502441,0.6566157937049866,0.7597967982292175,0.6605713367462158,0.7608867883682251,2.4972381591796875,2.1833648681640625,Fixation,1696.3646782769097,1081.9972763061523,176.0,16.0,True,26,word,curb,8.0
4356.0,1701.7594909667969,1125.474557876587,0.6538230180740356,0.7556169629096985,0.664749801158905,0.7815795540809631,2.492279052734375,2.26287841796875,Fixation,1696.3646782769097,1081.9972763061523,176.0,16.0,True,26,word,curb,8.0
4360.0,1695.0212097167969,1095.7136249542236,0.6578817963600159,0.7604532837867737,0.6621176600456238,0.7609122395515442,2.510604858398437,2.21490478515625,Fixation,1696.3646782769097,1081.9972763061523,176.0,16.0,True,26,word,curb,8.0
4364.0,1708.734130859375,1043.675422668457,0.6564756035804749,0.7634274959564209,0.6674742698669434,0.7247745990753174,2.53076171875,2.1114654541015625,Fixation,1696.3646782769097,1081.9972763061523,176.0,16.0,True,26,word,curb,8.0
4368.0,1700.6500244140625,1064.6734714508057,0.657750129699707,0.7642185091972351,0.6643164157867432,0.7393565773963928,2.529693603515625,2.1380615234375,Fixation,1696.3646782769097,1081.9972763061523,176.0,16.0,True,26,word,curb,8.0
4372.0,1689.6450805664062,1084.903678894043,0.6549673676490784,0.7648652195930481,0.6600176095962524,0.7534053325653076,2.5240478515625,2.1747589111328125,Fixation,1696.3646782769097,1081.9972763061523,176.0,16.0,True,26,word,curb,8.0
4376.0,1729.124755859375,1064.620599746704,0.6583889126777649,0.7569755911827087,0.6754393577575684,0.7393198609352112,2.50531005859375,2.1872711181640625,Fixation,1696.3646782769097,1081.9972763061523,176.0,16.0,True,26,word,curb,8.0
4380.0,1708.7905883789062,1058.4222507476807,0.6552502512931824,0.7598305940628052,0.6674963235855103,0.7350154519081116,2.519317626953125,2.177459716796875,Fixation,1696.3646782769097,1081.9972763061523,176.0,16.0,True,26,word,curb,8.0
4384.0,1696.1473083496094,1084.3641471862793,0.6535416841506958,0.759347140789032,0.6625575423240662,0.7530306577682495,2.506210327148437,2.1912384033203125,Fixation,1696.3646782769097,1081.9972763061523,176.0,16.0,True,26,word,curb,8.0
4388.0,1678.2496643066406,1081.0939979553223,0.6592305898666382,0.7590529322624207,0.6555662751197815,0.7507597208023071,2.514862060546875,2.1842803955078125,Fixation,1696.3646782769097,1081.9972763061523,176.0,16.0,True,26,word,curb,8.0
4392.0,1683.4858703613281,1119.4450378417969,0.663049578666687,0.7588168382644653,0.6576116681098938,0.7773923873901367,2.5199432373046875,2.239120483398437,Fixation,1696.3646782769097,1081.9972763061523,176.0,16.0,True,26,word,curb,8.0
4396.0,1772.3124694824219,1078.756914138794,0.672514021396637,0.7640666365623474,0.692309558391571,0.749136745929718,2.5045623779296875,2.201766967773437,Fixation,1844.312365605281,1109.5709384404695,204.0,17.0,True,27,word,abandoned,9.0
4400.0,1810.123291015625,1098.0185222625732,0.6923462152481079,0.7614247798919678,0.7070794105529785,0.7625128626823425,2.52471923828125,2.2239227294921875,Fixation,1844.312365605281,1109.5709384404695,204.0,17.0,True,27,word,abandoned,9.0
4404.0,1831.2680053710938,1066.8486785888672,0.7043179869651794,0.7758089900016785,0.7153390645980835,0.7408671379089355,2.530014038085937,2.19561767578125,Fixation,1844.312365605281,1109.5709384404695,204.0,17.0,True,27,word,abandoned,9.0
4408.0,1816.649169921875,1075.3302955627441,0.7057855725288391,0.7673560976982117,0.7096285820007324,0.7467571496963501,2.5254669189453125,2.158676147460937,Fixation,1844.312365605281,1109.5709384404695,204.0,17.0,True,27,word,abandoned,9.0
4412.0,1827.4819946289062,1081.3425636291504,0.7084545493125916,0.7563759088516235,0.7138601541519165,0.7509323358535767,2.526397705078125,2.1772003173828125,Fixation,1844.312365605281,1109.5709384404695,204.0,17.0,True,27,word,abandoned,9.0
4416.0,1851.7189025878906,1085.7915115356445,0.7122915387153625,0.7647959589958191,0.7233276963233948,0.7540218830108643,2.5327301025390625,2.25048828125,Fixation,1844.312365605281,1109.5709384404695,204.0,17.0,True,27,word,abandoned,9.0
4420.0,1848.6366271972656,1109.1675853729248,0.7174088358879089,0.7694666981697083,0.7221236824989319,0.7702552676200867,2.5406036376953125,2.232757568359375,Fixation,1844.312365605281,1109.5709384404695,204.0,17.0,True,27,word,abandoned,9.0
4424.0,1843.6019897460938,1129.067087173462,0.7152501940727234,0.7610798478126526,0.7201570272445679,0.7840743660926819,2.525543212890625,2.261322021484375,Fixation,1844.312365605281,1109.5709384404695,204.0,17.0,True,27,word,abandoned,9.0
4428.0,1821.1453247070312,1134.3089389801025,0.7163530588150024,0.7664172649383545,0.7113848924636841,0.7877145409584045,2.5373687744140625,2.2984161376953125,Fixation,1844.312365605281,1109.5709384404695,204.0,17.0,True,27,word,abandoned,9.0
4432.0,1824.2381286621094,1124.763708114624,0.7125658988952637,0.7613826394081116,0.7125930190086365,0.7810859084129333,2.5291290283203125,2.2750396728515625,Fixation,1844.312365605281,1109.5709384404695,204.0,17.0,True,27,word,abandoned,9.0
4436.0,1838.3589172363281,1100.8352279663086,0.7140594124794006,0.7638853192329407,0.7181089520454407,0.7644689083099365,2.52911376953125,2.2376708984375,Fixation,1844.312365605281,1109.5709384404695,204.0,17.0,True,27,word,abandoned,9.0
4440.0,1826.9180297851562,1100.5659770965576,0.7136398553848267,0.7642819285392761,,,2.529205322265625,,Fixation,1844.312365605281,1109.5709384404695,204.0,17.0,True,27,word,abandoned,9.0
4444.0,1829.1658020019531,1109.893970489502,0.7116660475730896,0.7605747580528259,0.7145178914070129,0.7707597017288208,2.5390625,2.286590576171875,Fixation,1844.312365605281,1109.5709384404695,204.0,17.0,True,27,word,abandoned,9.0
4448.0,1827.5901794433594,1110.4848289489746,0.7134068608283997,0.7709145545959473,0.7139024138450623,0.7711700201034546,2.5365753173828125,2.2566070556640625,Fixation,1844.312365605281,1109.5709384404695,204.0,17.0,True,27,word,abandoned,9.0
4452.0,1871.6024780273438,1111.288719177246,0.7145965695381165,0.7628762722015381,0.7310947179794312,0.7717282772064209,2.5391998291015625,2.2454986572265625,Fixation,1844.312365605281,1109.5709384404695,204.0,17.0,True,27,word,abandoned,9.0
4456.0,1861.7115783691406,1120.6355953216553,0.7154850363731384,0.7602187395095825,0.7272310853004456,0.7782191634178162,2.539169311523437,2.215606689453125,Fixation,1844.312365605281,1109.5709384404695,204.0,17.0,True,27,word,abandoned,9.0
4460.0,1865.7325744628906,1102.2185611724854,0.7129359841346741,0.7583596110343933,0.7288017868995667,0.7654295563697815,2.5497589111328125,2.235931396484375,Fixation,1844.312365605281,1109.5709384404695,204.0,17.0,True,27,word,abandoned,9.0
4464.0,1838.0050659179688,1101.2540817260742,0.7115793228149414,0.7629583477973938,0.7179707288742065,0.7647597789764404,2.5320281982421875,2.221527099609375,Fixation,1844.312365605281,1109.5709384404695,204.0,17.0,True,27,word,abandoned,9.0
4468.0,1846.1036682128906,1136.1169624328613,0.7087475061416626,0.7631630301475525,0.7211342453956604,0.7889701128005981,2.5453643798828125,2.29150390625,Fixation,1844.312365605281,1109.5709384404695,204.0,17.0,True,27,word,abandoned,9.0
4472.0,1828.6550903320312,1135.9414386749268,0.715137779712677,0.7634068727493286,0.7143183946609497,0.7888482213020325,2.54217529296875,2.2688751220703125,Fixation,1844.312365605281,1109.5709384404695,204.0,17.0,True,27,word,abandoned,9.0
4476.0,1841.0305786132812,1068.1596565246582,0.7086489796638489,0.7611536979675293,0.719152569770813,0.7417775392532349,2.5341339111328125,2.1735076904296875,Fixation,1844.312365605281,1109.5709384404695,204.0,17.0,True,27,word,abandoned,9.0
4480.0,1844.9702453613281,1120.276050567627,0.7138463258743286,0.7609927654266357,0.7206915020942688,0.777969479560852,2.52337646484375,2.2651824951171875,Fixation,1844.312365605281,1109.5709384404695,204.0,17.0,True,27,word,abandoned,9.0
4484.0,1830.8863830566406,1138.8068103790283,0.7109209895133972,0.7629318833351135,0.7151899933815002,0.7908380627632141,2.5341339111328125,2.260360717773437,Fixation,1844.312365605281,1109.5709384404695,204.0,17.0,True,27,word,abandoned,9.0
4488.0,1858.193359375,1096.7702007293701,0.7095287442207336,0.7573829889297485,0.7258567810058594,0.7616459727287292,2.535247802734375,2.208526611328125,Fixation,1844.312365605281,1109.5709384404695,204.0,17.0,True,27,word,abandoned,9.0
4492.0,1816.2911987304688,1141.3723754882812,0.7155767679214478,0.7592411041259766,0.7094887495040894,0.7926197052001953,2.5316619873046875,2.264373779296875,Fixation,1844.312365605281,1109.5709384404695,204.0,17.0,True,27,word,abandoned,9.0
4496.0,1847.7557373046875,1122.1672439575195,0.7096768617630005,0.7674909234046936,0.7217795848846436,0.779282808303833,2.5470428466796875,2.2557525634765625,Fixation,1844.312365605281,1109.5709384404695,204.0,17.0,True,27,word,abandoned,9.0
4500.0,1864.5005798339844,1107.4192142486572,0.7115519642829895,0.7563051581382751,0.7283205389976501,0.769041121006012,2.530120849609375,2.170745849609375,Fixation,1844.312365605281,1109.5709384404695,204.0,17.0,True,27,word,abandoned,9.0
4504.0,1814.1972351074219,1094.499807357788,0.7086707949638367,0.7600693106651306,,,2.5311431884765625,,Fixation,1844.312365605281,1109.5709384404695,204.0,17.0,True,27,word,abandoned,9.0
4508.0,1814.3438720703125,1096.1060428619385,0.7087280750274658,0.7611847519874573,,,2.534530639648437,,Fixation,1844.312365605281,1109.5709384404695,204.0,17.0,True,27,word,abandoned,9.0
4512.0,1884.5932006835938,1100.4011821746826,0.711543619632721,0.7616310715675354,0.7361692190170288,0.7641674876213074,2.546600341796875,2.1880340576171875,Fixation,1844.312365605281,1109.5709384404695,204.0,17.0,True,27,word,abandoned,9.0
4516.0,1853.6563110351562,1125.7185745239258,0.7090165019035339,0.7628048658370972,0.7240844964981079,0.7817490100860596,2.53472900390625,2.2380523681640625,Fixation,1844.312365605281,1109.5709384404695,204.0,17.0,True,27,word,abandoned,9.0
4520.0,1868.4933471679688,1116.3323879241943,0.7136574387550354,0.7622643113136292,0.7298802137374878,0.7752308249473572,2.5308837890625,2.25360107421875,Fixation,1844.312365605281,1109.5709384404695,204.0,17.0,True,27,word,abandoned,9.0
4524.0,1851.7266845703125,1111.362533569336,0.7092875242233276,0.7615965604782104,0.7233307361602783,0.7717795372009277,2.533538818359375,2.229827880859375,Fixation,1844.312365605281,1109.5709384404695,204.0,17.0,True,27,word,abandoned,9.0
4528.0,1852.8245544433594,1125.4583358764648,0.7118432521820068,0.7608647346496582,0.7237595915794373,0.7815682888031006,2.536346435546875,2.255645751953125,Fixation,1844.312365605281,1109.5709384404695,204.0,17.0,True,27,word,abandoned,9.0
4532.0,1860.2572631835938,1122.5107383728027,0.711784303188324,0.7590708136558533,0.7266629934310913,0.7795213460922241,2.5340576171875,2.2382049560546875,Fixation,1844.312365605281,1109.5709384404695,204.0,17.0,True,27,word,abandoned,9.0
4536.0,1877.0462036132812,1121.1168479919434,0.7114476561546326,0.7664892077445984,0.733221173286438,0.7785533666610718,2.5166778564453125,2.19940185546875,Fixation,1844.312365605281,1109.5709384404695,204.0,17.0,True,27,word,abandoned,9.0
4540.0,1848.3282470703125,1100.2429962158203,0.7135635614395142,0.7675273418426514,0.7220032215118408,0.7640576362609863,2.5352783203125,2.170806884765625,Fixation,1844.312365605281,1109.5709384404695,204.0,17.0,True,27,word,abandoned,9.0
4544.0,1828.0075073242188,1097.0256328582764,0.714065432548523,0.7618233561515808,,,2.520111083984375,,Fixation,1844.312365605281,1109.5709384404695,204.0,17.0,True,27,word,abandoned,9.0
4548.0,1888.5319519042969,1100.3556060791016,0.717190682888031,0.7594724297523499,0.737707793712616,0.7641358375549316,2.52325439453125,2.134368896484375,Fixation,1844.312365605281,1109.5709384404695,204.0,17.0,True,27,word,abandoned,9.0
4552.0,1830.8956909179688,1153.6610984802246,0.7101326584815979,0.7651842832565308,0.7151936292648315,0.8011535406112671,2.522064208984375,2.255340576171875,Fixation,1844.312365605281,1109.5709384404695,204.0,17.0,True,27,word,abandoned,9.0
4556.0,1853.9408874511719,1108.6681365966797,0.711669385433197,0.7625728249549866,0.724195659160614,0.7699084281921387,2.526107788085937,2.200164794921875,Fixation,1844.312365605281,1109.5709384404695,204.0,17.0,True,27,word,abandoned,9.0
4560.0,1830.1194763183594,1098.4356594085693,0.7148904204368591,0.7628025412559509,,,2.53387451171875,,Fixation,1844.312365605281,1109.5709384404695,204.0,17.0,True,27,word,abandoned,9.0
4564.0,1838.8002014160156,1107.1235275268555,0.7162419557571411,0.7600473165512085,0.7182813286781311,0.7688357830047607,2.5310211181640625,2.2275543212890625,Fixation,1844.312365605281,1109.5709384404695,204.0,17.0,True,27,word,abandoned,9.0
4568.0,1852.24365234375,1085.5880069732666,0.714787483215332,0.7593035101890564,0.7235326766967773,0.7538805603981018,2.539337158203125,2.16888427734375,Fixation,1844.312365605281,1109.5709384404695,204.0,17.0,True,27,word,abandoned,9.0
4572.0,1847.3583984375,1069.4901180267334,0.7165539264678955,0.7607671618461609,0.7216243743896484,0.7427014708518982,2.5196075439453125,2.1450347900390625,Fixation,1844.312365605281,1109.5709384404695,204.0,17.0,True,27,word,abandoned,9.0
4576.0,1841.2480163574219,1143.5405445098877,0.7171730995178223,0.7584721446037292,0.7192375063896179,0.7941253781318665,2.5187225341796875,2.251373291015625,Fixation,1844.312365605281,1109.5709384404695,204.0,17.0,True,27,word,abandoned,9.0
4580.0,1838.2485961914062,1131.2303638458252,0.7162963151931763,0.7656165957450867,0.7180658578872681,0.7855766415596008,2.526031494140625,2.2467803955078125,Fixation,1844.312365605281,1109.5709384404695,204.0,17.0,True,27,word,abandoned,9.0
4584.0,1839.3722534179688,1118.2004928588867,0.7154419422149658,0.7672231793403625,0.718504786491394,0.7765281200408936,2.5201873779296875,2.2144927978515625,Fixation,1844.312365605281,1109.5709384404695,204.0,17.0,True,27,word,abandoned,9.0
4588.0,1829.637451171875,1104.4318771362305,0.7217755317687988,0.7586257457733154,0.7147021293640137,0.7669665813446045,2.52630615234375,2.2235870361328125,Fixation,1844.312365605281,1109.5709384404695,204.0,17.0,True,27,word,abandoned,9.0
4592.0,1843.2501220703125,1125.778570175171,0.7241289615631104,0.7653592824935913,0.7200195789337158,0.7817906737327576,2.52508544921875,2.259124755859375,Fixation,1844.312365605281,1109.5709384404695,204.0,17.0,True,27,word,abandoned,9.0
4596.0,1917.7902221679688,1115.7577514648438,0.7309954166412354,0.7671815156936646,0.7491368055343628,0.7748317718505859,2.52081298828125,2.227081298828125,Fixation,1844.312365605281,1109.5709384404695,204.0,17.0,True,27,word,abandoned,9.0
4600.0,1914.6842956542969,1117.0492458343506,0.7479235529899597,0.7757286429405212,,,2.548187255859375,,Fixation,1844.312365605281,1109.5709384404695,204.0,17.0,True,27,word,abandoned,9.0
4604.0,1986.5673828125,1102.7234172821045,0.7616357207298279,0.7685068845748901,0.7760028839111328,0.7657801508903503,2.528900146484375,2.2312469482421875,Fixation,1952.0193025663302,1118.899460086575,304.0,18.0,True,28,word,abandoned,9.0
4608.0,1976.591796875,1097.1153259277344,0.7654003500938416,0.7687455415725708,0.7721061706542969,0.7618856430053711,2.53973388671875,2.1981964111328125,Fixation,1952.0193025663302,1118.899460086575,304.0,18.0,True,28,word,abandoned,9.0
4612.0,1973.6592102050781,1092.5797748565674,0.7661601901054382,0.7686411738395691,0.7709606289863586,0.7587359547615051,2.519195556640625,2.192367553710937,Fixation,1952.0193025663302,1118.899460086575,304.0,18.0,True,28,word,abandoned,9.0
4616.0,1938.1422424316406,1158.665885925293,0.7701426148414612,0.7600730657577515,0.7570868134498596,0.8046290874481201,2.523834228515625,2.30328369140625,Fixation,1952.0193025663302,1118.899460086575,304.0,18.0,True,28,word,abandoned,9.0
4620.0,1958.082275390625,1096.3341808319092,0.7691097855567932,0.7686482071876526,0.7648758888244629,0.7613431811332703,2.5111236572265625,2.20306396484375,Fixation,1952.0193025663302,1118.899460086575,304.0,18.0,True,28,word,abandoned,9.0
4624.0,1979.3362426757812,1096.0196113586426,0.7691730260848999,0.7727966904640198,0.773178219795227,0.7611247301101685,2.5211944580078125,2.214447021484375,Fixation,1952.0193025663302,1118.899460086575,304.0,18.0,True,28,word,abandoned,9.0
4628.0,1972.8852844238281,1123.0944728851318,0.7691273093223572,0.7631155848503113,0.7706583142280579,0.7799267172813416,2.51800537109375,2.178985595703125,Fixation,1952.0193025663302,1118.899460086575,304.0,18.0,True,28,word,abandoned,9.0
4632.0,1942.3764038085938,1128.8499355316162,0.7686451077461243,0.7670943140983582,0.7587407827377319,0.7839235663414001,2.508331298828125,2.287948608398437,Fixation,1952.0193025663302,1118.899460086575,304.0,18.0,True,28,word,abandoned,9.0
4636.0,1938.0278015136719,1137.6353073120117,0.7651312947273254,0.7677266597747803,0.7570421099662781,0.7900245189666748,2.5314178466796875,2.203460693359375,Fixation,1952.0193025663302,1118.899460086575,304.0,18.0,True,28,word,abandoned,9.0
4640.0,1971.4776611328125,1131.9606971740723,0.7620865702629089,0.7669415473937988,0.7701084613800049,0.7860838174819946,2.5263671875,2.2766876220703125,Fixation,1952.0193025663302,1118.899460086575,304.0,18.0,True,28,word,abandoned,9.0
4644.0,1967.4385070800781,1109.9004936218262,0.7685306668281555,0.7707642316818237,,,2.5101470947265625,,Fixation,1952.0193025663302,1118.899460086575,304.0,18.0,True,28,word,abandoned,9.0
4648.0,1969.0327453613281,1107.4943161010742,0.7691534161567688,0.7690932750701904,,,2.5087890625,,Fixation,1952.0193025663302,1118.899460086575,304.0,18.0,True,28,word,abandoned,9.0
4652.0,1969.3333435058594,1106.336374282837,0.7695649862289429,0.7709304094314575,0.7692708373069763,0.7682891488075256,2.522933959960937,2.22039794921875,Fixation,1952.0193025663302,1118.899460086575,304.0,18.0,True,28,word,abandoned,9.0
4656.0,1972.8291320800781,1107.2466087341309,0.7706363797187805,0.7689212560653687,,,2.519149780273437,,Fixation,1952.0193025663302,1118.899460086575,304.0,18.0,True,28,word,abandoned,9.0
4660.0,1966.5969848632812,1116.1657047271729,0.768160343170166,0.7712963223457336,0.7682019472122192,0.7751150727272034,2.521087646484375,2.226318359375,Fixation,1952.0193025663302,1118.899460086575,304.0,18.0,True,28,word,abandoned,9.0
4664.0,1974.9179077148438,1098.4467315673828,0.7707972526550293,0.7717975378036499,0.7714523077011108,0.762810230255127,2.5054473876953125,2.21435546875,Fixation,1952.0193025663302,1118.899460086575,304.0,18.0,True,28,word,abandoned,9.0
4668.0,1971.1042785644531,1130.632038116455,0.7724180221557617,0.774586021900177,0.7699626088142395,0.7851611375808716,2.521575927734375,2.2465057373046875,Fixation,1952.0193025663302,1118.899460086575,304.0,18.0,True,28,word,abandoned,9.0
4672.0,1966.5609741210938,1117.5377082824707,0.7654416561126709,0.7761749625205994,0.7681878805160522,0.776067852973938,2.51483154296875,2.246795654296875,Fixation,1952.0193025663302,1118.899460086575,304.0,18.0,True,28,word,abandoned,9.0
4676.0,1963.1591796875,1139.6694087982178,0.7691823244094849,0.7683953046798706,0.7668590545654297,0.7914370894432068,2.50946044921875,2.2131500244140625,Fixation,1952.0193025663302,1118.899460086575,304.0,18.0,True,28,word,abandoned,9.0
4680.0,1974.1975402832031,1107.8802108764648,0.7711709141731262,0.7693612575531006,,,2.5055084228515625,,Fixation,1952.0193025663302,1118.899460086575,304.0,18.0,True,28,word,abandoned,9.0
4684.0,1974.4308471679688,1114.810266494751,0.77156001329422,0.7704243063926697,0.7712620496749878,0.7741737961769104,2.51068115234375,2.243927001953125,Fixation,1952.0193025663302,1118.899460086575,304.0,18.0,True,28,word,abandoned,9.0
4688.0,1956.6131591796875,1134.4276428222656,0.7664862275123596,0.7661246657371521,0.7643020153045654,0.7877969741821289,2.522979736328125,2.2561492919921875,Fixation,1952.0193025663302,1118.899460086575,304.0,18.0,True,28,word,abandoned,9.0
4692.0,1957.6614379882812,1119.8168563842773,0.7703707814216614,0.7707467675209045,0.7647114992141724,0.7776505947113037,2.50836181640625,2.2567901611328125,Fixation,1952.0193025663302,1118.899460086575,304.0,18.0,True,28,word,abandoned,9.0
4696.0,1934.2208862304688,1165.4599857330322,0.7669024467468262,0.7798545956611633,0.7555550336837769,0.8093472123146057,2.527801513671875,2.2812957763671875,Fixation,1952.0193025663302,1118.899460086575,304.0,18.0,True,28,word,abandoned,9.0
4700.0,1947.8672790527344,1126.561517715454,0.7715821266174316,0.7681365609169006,0.7608856558799744,0.7823343873023987,2.525299072265625,2.273544311523437,Fixation,1952.0193025663302,1118.899460086575,304.0,18.0,True,28,word,abandoned,9.0
4704.0,1957.4984741210938,1162.8891849517822,0.7693610191345215,0.7711769342422485,0.7646478414535522,0.8075619339942932,2.534164428710937,2.2709197998046875,Fixation,1952.0193025663302,1118.899460086575,304.0,18.0,True,28,word,abandoned,9.0
4708.0,1968.8279724121094,1130.1438331604004,0.7694301605224609,0.7757221460342407,0.7690734267234802,0.7848221063613892,2.537689208984375,2.2534332275390625,Fixation,1952.0193025663302,1118.899460086575,304.0,18.0,True,28,word,abandoned,9.0
4712.0,1958.3244323730469,1110.9878826141357,0.7649704813957214,0.7715193629264832,,,2.5258331298828125,,Fixation,1952.0193025663302,1118.899460086575,304.0,18.0,True,28,word,abandoned,9.0
4716.0,1975.6985473632812,1138.2114887237549,0.7620627880096436,0.7754288911819458,0.7717572450637817,0.790424644947052,2.54412841796875,2.259384155273437,Fixation,1952.0193025663302,1118.899460086575,304.0,18.0,True,28,word,abandoned,9.0
4720.0,1973.9552307128906,1091.692886352539,0.7655317187309265,0.7728148102760315,0.7710762619972229,0.758120059967041,2.541229248046875,2.2373504638671875,Fixation,1952.0193025663302,1118.899460086575,304.0,18.0,True,28,word,abandoned,9.0
4724.0,1990.9806823730469,1139.7643375396729,0.7626582384109497,0.7697253227233887,0.7777268290519714,0.7915030121803284,2.53887939453125,2.250732421875,Fixation,1952.0193025663302,1118.899460086575,304.0,18.0,True,28,word,abandoned,9.0
4728.0,1950.6793212890625,1157.2050476074219,0.76357501745224,0.7669472694396973,0.76198410987854,0.803614616394043,2.5101470947265625,2.2712860107421875,Fixation,1952.0193025663302,1118.899460086575,304.0,18.0,True,28,word,abandoned,9.0
4732.0,1948.4133911132812,1107.3524379730225,0.7610989809036255,0.7689947485923767,,,2.5364227294921875,,Fixation,1952.0193025663302,1118.899460086575,304.0,18.0,True,28,word,abandoned,9.0
4736.0,1948.5411071777344,1104.0570545196533,0.7611488699913025,0.7667062878608704,,,2.5279998779296875,,Fixation,1952.0193025663302,1118.899460086575,304.0,18.0,True,28,word,abandoned,9.0
4740.0,1944.0234375,1119.1272926330566,0.7593841552734375,0.7771717309951782,,,2.5239410400390625,,Fixation,1952.0193025663302,1118.899460086575,304.0,18.0,True,28,word,abandoned,9.0
4744.0,1934.1989135742188,1161.1519718170166,0.7605755925178528,0.7670909762382507,0.7555464506149292,0.8063555359840393,2.536239624023437,2.27996826171875,Fixation,1952.0193025663302,1118.899460086575,304.0,18.0,True,28,word,abandoned,9.0
4748.0,1984.3888854980469,1123.1757545471191,0.7638154029846191,0.76596999168396,0.7751519083976746,0.7799831628799438,2.5410614013671875,2.2408599853515625,Fixation,1952.0193025663302,1118.899460086575,304.0,18.0,True,28,word,abandoned,9.0
4752.0,1956.8272399902344,1104.2015933990479,0.7643856406211853,0.7668066620826721,,,2.533050537109375,,Fixation,1952.0193025663302,1118.899460086575,304.0,18.0,True,28,word,abandoned,9.0
4756.0,1973.2597351074219,1092.6941871643066,0.762292742729187,0.7680591344833374,0.7708045840263367,0.7588154077529907,2.5121612548828125,2.2381134033203125,Fixation,1952.0193025663302,1118.899460086575,304.0,18.0,True,28,word,abandoned,9.0
4760.0,1963.154296875,1137.434720993042,0.7682875394821167,0.7661924362182617,0.7668571472167969,0.7898852229118347,2.523193359375,2.272613525390625,Fixation,1952.0193025663302,1118.899460086575,304.0,18.0,True,28,word,abandoned,9.0
4764.0,1949.6414184570312,1105.0626468658447,0.7615786790847778,0.7674046158790588,,,2.538970947265625,,Fixation,1952.0193025663302,1118.899460086575,304.0,18.0,True,28,word,abandoned,9.0
4768.0,1952.0346069335938,1137.5633811950684,0.7655731439590454,0.766478955745697,0.7625135183334351,0.789974570274353,2.530364990234375,2.2706756591796875,Fixation,1952.0193025663302,1118.899460086575,304.0,18.0,True,28,word,abandoned,9.0
4772.0,1961.9044494628906,1108.5713195800781,0.7663689255714417,0.769841194152832,,,2.5387725830078125,,Fixation,1952.0193025663302,1118.899460086575,304.0,18.0,True,28,word,abandoned,9.0
4776.0,1963.8371276855469,1122.0621013641357,0.768452525138855,0.7655078172683716,0.7671238780021667,0.7792097926139832,2.532470703125,2.25787353515625,Fixation,1952.0193025663302,1118.899460086575,304.0,18.0,True,28,word,abandoned,9.0
4780.0,1941.6746520996094,1126.7918014526367,0.7650380730628967,0.7626129984855652,0.7584666609764099,0.782494306564331,2.526840209960937,2.2442626953125,Fixation,1952.0193025663302,1118.899460086575,304.0,18.0,True,28,word,abandoned,9.0
4784.0,1955.3550720214844,1125.2637577056885,0.7635667324066162,0.7599025368690491,0.7638105750083923,0.7814331650733948,2.53179931640625,2.293930053710937,Fixation,1952.0193025663302,1118.899460086575,304.0,18.0,True,28,word,abandoned,9.0
4788.0,1964.9996948242188,1107.25510597229,0.7675780057907104,0.7689271569252014,,,2.539413452148437,,Fixation,1952.0193025663302,1118.899460086575,304.0,18.0,True,28,word,abandoned,9.0
4792.0,1970.3707885742188,1099.6690464019775,0.7696760892868042,0.7636590600013733,,,2.538604736328125,,Fixation,1952.0193025663302,1118.899460086575,304.0,18.0,True,28,word,abandoned,9.0
4796.0,1936.9827270507812,1127.2776889801025,0.7650326490402222,0.7669491171836853,0.7566338777542114,0.7828317284584045,2.536956787109375,2.2816619873046875,Fixation,1952.0193025663302,1118.899460086575,304.0,18.0,True,28,word,abandoned,9.0
4800.0,1949.9559020996094,1109.293327331543,0.7662028670310974,0.762372612953186,0.7617015242576599,0.7703425884246826,2.524505615234375,2.262924194335937,Fixation,1952.0193025663302,1118.899460086575,304.0,18.0,True,28,word,abandoned,9.0
4804.0,1964.3356323242188,1104.1467475891113,0.767318606376648,0.7667685747146606,,,2.528350830078125,,Fixation,1952.0193025663302,1118.899460086575,304.0,18.0,True,28,word,abandoned,9.0
4808.0,1852.6785278320312,1211.938591003418,0.7620707154273987,0.7662501931190491,0.7237025499343872,0.8416240215301514,2.54974365234375,2.371368408203125,Fixation,1952.0193025663302,1118.899460086575,304.0,18.0,True,28,word,abandoned,9.0
4812.0,1933.6195373535156,1156.9596576690674,0.765430212020874,0.7708715796470642,0.755320131778717,0.8034442067146301,2.555450439453125,2.336029052734375,Fixation,1952.0193025663302,1118.899460086575,304.0,18.0,True,28,word,abandoned,9.0
4816.0,1962.8269958496094,1095.237865447998,0.7675559520721436,0.7656460404396057,0.7667292952537537,0.7605818510055542,2.519683837890625,2.2297821044921875,Fixation,1952.0193025663302,1118.899460086575,304.0,18.0,True,28,word,abandoned,9.0
4820.0,1936.9467163085938,1124.587755203247,0.7658879160881042,0.7700442671775818,0.7566198110580444,0.7809637188911438,2.5387725830078125,2.3032379150390625,Fixation,1952.0193025663302,1118.899460086575,304.0,18.0,True,28,word,abandoned,9.0
4824.0,1948.1735229492188,1120.2038669586182,0.7666369080543518,0.7642732858657837,0.7610052824020386,0.777919352054596,2.54742431640625,2.2661895751953125,Fixation,1952.0193025663302,1118.899460086575,304.0,18.0,True,28,word,abandoned,9.0
4828.0,1958.4765625,1090.523271560669,0.7642204761505127,0.7656388878822327,0.7650299072265625,0.7573078274726868,2.543304443359375,2.2390594482421875,Fixation,1952.0193025663302,1118.899460086575,304.0,18.0,True,28,word,abandoned,9.0
4832.0,1962.7445983886719,1097.2509384155273,0.768443763256073,0.7717552185058594,0.766697108745575,0.7619798183441162,2.5559539794921875,2.2435760498046875,Fixation,1952.0193025663302,1118.899460086575,304.0,18.0,True,28,word,abandoned,9.0
4836.0,1969.1989135742188,1102.1499824523926,0.7692183256149292,0.765381932258606,,,2.5284881591796875,,Fixation,1952.0193025663302,1118.899460086575,304.0,18.0,True,28,word,abandoned,9.0
4840.0,1961.6217041015625,1111.6158199310303,0.7662584781646729,0.7719554305076599,,,2.539764404296875,,Fixation,1952.0193025663302,1118.899460086575,304.0,18.0,True,28,word,abandoned,9.0
4844.0,1960.1963806152344,1090.1021003723145,0.7622119188308716,0.7730358242988586,0.7657017111778259,0.7570153474807739,2.5465850830078125,2.24334716796875,Fixation,1952.0193025663302,1118.899460086575,304.0,18.0,True,28,word,abandoned,9.0
4848.0,1935.9111022949219,1118.8147830963135,0.7656053304672241,0.7696873545646667,0.7562152743339539,0.776954710483551,2.543075561523437,2.2976531982421875,Fixation,1952.0193025663302,1118.899460086575,304.0,18.0,True,28,word,abandoned,9.0
4852.0,1961.3925170898438,1132.672233581543,0.7650749087333679,0.7744603753089905,0.7661689519882202,0.7865779399871826,2.555648803710937,2.2745819091796875,Fixation,1952.0193025663302,1118.899460086575,304.0,18.0,True,28,word,abandoned,9.0
4856.0,1936.9696044921875,1121.3893604278564,0.7682854533195496,0.7632510662078857,0.7566287517547607,0.7787426114082336,2.530975341796875,2.30767822265625,Fixation,1952.0193025663302,1118.899460086575,304.0,18.0,True,28,word,abandoned,9.0
4860.0,1964.6453857421875,1101.2858390808105,0.768420934677124,0.7636237740516663,0.767439603805542,0.7647818326950073,2.5323486328125,2.225067138671875,Fixation,1952.0193025663302,1118.899460086575,304.0,18.0,True,28,word,abandoned,9.0
4864.0,1948.9218139648438,1108.5043716430664,0.7612975835800171,0.7697947025299072,,,2.543731689453125,,Fixation,1952.0193025663302,1118.899460086575,304.0,18.0,True,28,word,abandoned,9.0
4868.0,1954.8970031738281,1132.5722408294678,0.7660000324249268,0.7676436305046082,0.7636316418647766,0.7865085005760193,2.5377655029296875,2.27972412109375,Fixation,1952.0193025663302,1118.899460086575,304.0,18.0,True,28,word,abandoned,9.0
4872.0,1945.8631896972656,1115.2835369110107,0.7659923434257507,0.7720082402229309,0.7601028084754944,0.7745024561882019,2.529144287109375,2.27532958984375,Fixation,1952.0193025663302,1118.899460086575,304.0,18.0,True,28,word,abandoned,9.0
4876.0,1920.9231567382812,1132.6863098144531,0.7652063965797424,0.7731461524963379,0.7503606081008911,0.7865877151489258,2.5369110107421875,2.2175445556640625,Fixation,1952.0193025663302,1118.899460086575,304.0,18.0,True,28,word,abandoned,9.0
4880.0,1954.8573303222656,1085.6516075134277,0.7640827894210815,0.7681926488876343,0.763616144657135,0.7539247274398804,2.5400390625,2.261077880859375,Fixation,1952.0193025663302,1118.899460086575,304.0,18.0,True,28,word,abandoned,9.0
4884.0,1949.5512390136719,1113.647174835205,0.7579095959663391,0.7688087821006775,0.7615434527397156,0.7733660936355591,2.5327911376953125,2.2987060546875,Fixation,1952.0193025663302,1118.899460086575,304.0,18.0,True,28,word,abandoned,9.0
4888.0,1927.2694396972656,1113.9341068267822,0.7411697506904602,0.7665609121322632,0.7528396248817444,0.7735653519630432,2.547271728515625,2.2766571044921875,Fixation,1952.0193025663302,1118.899460086575,304.0,18.0,True,28,word,abandoned,9.0
4892.0,1868.7838745117188,1128.7658214569092,0.726252555847168,0.7651002407073975,0.7299937009811401,0.7838651537895203,2.5283966064453125,2.287017822265625,Fixation,1952.0193025663302,1118.899460086575,304.0,18.0,True,28,word,abandoned,9.0
4896.0,1919.9151611328125,1098.0786895751953,0.7255008220672607,0.7656296491622925,0.7499668598175049,0.7625546455383301,2.5620574951171875,2.2458953857421875,Fixation,1952.0193025663302,1118.899460086575,304.0,18.0,True,28,word,abandoned,9.0
4900.0,1876.5428161621094,1108.4042930603027,0.7329433560371399,0.766081690788269,0.733024537563324,0.7697252035140991,2.537216186523437,2.299301147460937,Fixation,1952.0193025663302,1118.899460086575,304.0,18.0,True,28,word,abandoned,9.0
4904.0,1886.065673828125,1103.9603233337402,0.7365623712539673,0.7688354849815369,0.7367444038391113,0.7666391134262085,2.55340576171875,2.2754058837890625,Fixation,1952.0193025663302,1118.899460086575,304.0,18.0,True,28,word,abandoned,9.0
4908.0,1863.519287109375,1118.6268138885498,0.7395748496055603,0.7732595205307007,0.7279372215270996,0.7768241763114929,2.554779052734375,2.29730224609375,Fixation,1952.0193025663302,1118.899460086575,304.0,18.0,True,28,word,abandoned,9.0
4912.0,1815.5984497070312,1149.7256755828857,0.7365157008171082,0.7642576694488525,0.7092181444168091,0.7984206080436707,2.5387725830078125,2.2438201904296875,Fixation,1869.666982622289,1126.5103703114523,264.0,19.0,True,29,word,abandoned,9.0
4916.0,1876.3555908203125,1108.8541316986084,0.7388505339622498,0.7700706720352173,0.7329514026641846,0.7700375914573669,2.559783935546875,2.3031463623046875,Fixation,1869.666982622289,1126.5103703114523,264.0,19.0,True,29,word,abandoned,9.0
4920.0,1880.5439758300781,1117.6046562194824,0.7397430539131165,0.768409788608551,0.7345874905586243,0.7761143445968628,2.5538482666015625,2.262054443359375,Fixation,1869.666982622289,1126.5103703114523,264.0,19.0,True,29,word,abandoned,9.0
4924.0,1864.8814392089844,1121.315631866455,0.7360970377922058,0.7645053863525391,0.7284693121910095,0.7786914110183716,2.5368804931640625,2.2936553955078125,Fixation,1869.666982622289,1126.5103703114523,264.0,19.0,True,29,word,abandoned,9.0
4928.0,1890.1962280273438,1083.8159465789795,0.7382597923278809,0.7717792391777039,0.7383579015731812,0.7526499629020691,2.54681396484375,2.2283477783203125,Fixation,1869.666982622289,1126.5103703114523,264.0,19.0,True,29,word,abandoned,9.0
4932.0,1864.0093994140625,1124.1435813903809,0.7352353930473328,0.7806982398033142,0.7281286716461182,0.7806552648544312,2.5566558837890625,2.322052001953125,Fixation,1869.666982622289,1126.5103703114523,264.0,19.0,True,29,word,abandoned,9.0
4936.0,1888.7600708007812,1089.9304389953613,0.7415527105331421,0.7642379999160767,0.7377969026565552,0.7568961381912231,2.551422119140625,2.22796630859375,Fixation,1869.666982622289,1126.5103703114523,264.0,19.0,True,29,word,abandoned,9.0
4940.0,1849.6279907226562,1136.6206169128418,0.7372952699661255,0.7650517821311951,0.7225109338760376,0.7893198728561401,2.5458984375,2.313720703125,Fixation,1869.666982622289,1126.5103703114523,264.0,19.0,True,29,word,abandoned,9.0
4944.0,1895.3666687011719,1104.2637348175049,0.7358923554420471,0.7681313753128052,0.7403776049613953,0.7668498158454895,2.560699462890625,2.261337280273437,Fixation,1869.666982622289,1126.5103703114523,264.0,19.0,True,29,word,abandoned,9.0
4948.0,1869.9986267089844,1131.7557334899902,0.7402898073196411,0.7646527290344238,0.730468213558197,0.785941481590271,2.5419464111328125,2.3042449951171875,Fixation,1869.666982622289,1126.5103703114523,264.0,19.0,True,29,word,abandoned,9.0
4952.0,1877.1539306640625,1109.6513271331787,0.7393979430198669,0.7721831202507019,0.7332632541656494,0.7705911993980408,2.55511474609375,2.271759033203125,Fixation,1869.666982622289,1126.5103703114523,264.0,19.0,True,29,word,abandoned,9.0
4956.0,1897.4436950683594,1096.280107498169,0.7411889433860779,0.7613056302070618,,,2.540252685546875,,Fixation,1869.666982622289,1126.5103703114523,264.0,19.0,True,29,word,abandoned,9.0
4960.0,1876.73828125,1097.2602081298828,0.7372417449951172,0.7596815824508667,0.7331008911132812,0.761986255645752,2.54840087890625,2.269622802734375,Fixation,1869.666982622289,1126.5103703114523,264.0,19.0,True,29,word,abandoned,9.0
4964.0,1878.0461120605469,1123.9983558654785,0.7407732605934143,0.7648412585258484,0.7336117625236511,0.7805544137954712,2.538787841796875,2.286163330078125,Fixation,1869.666982622289,1126.5103703114523,264.0,19.0,True,29,word,abandoned,9.0
4968.0,1870.0347900390625,1130.513505935669,0.7368462085723877,0.766318142414093,0.7304823398590088,0.7850788235664368,2.562240600585937,2.2697296142578125,Fixation,1869.666982622289,1126.5103703114523,264.0,19.0,True,29,word,abandoned,9.0
4972.0,1875.589599609375,1102.5271224975586,0.7399680614471436,0.7649573683738708,0.7326521873474121,0.765643835067749,2.5406036376953125,2.2579498291015625,Fixation,1869.666982622289,1126.5103703114523,264.0,19.0,True,29,word,abandoned,9.0
4976.0,1887.0916748046875,1126.3963794708252,0.7369491457939148,0.7675908207893372,0.737145185470581,0.7822197079658508,2.557342529296875,2.309906005859375,Fixation,1869.666982622289,1126.5103703114523,264.0,19.0,True,29,word,abandoned,9.0
4980.0,1852.4151611328125,1137.5456142425537,0.7407684922218323,0.7645483613014221,0.7235996723175049,0.7899622321128845,2.5557861328125,2.2892608642578125,Fixation,1869.666982622289,1126.5103703114523,264.0,19.0,True,29,word,abandoned,9.0
4984.0,1860.52734375,1095.2280807495117,0.7402733564376831,0.7678811550140381,0.7267684936523438,0.7605750560760498,2.53570556640625,2.2480926513671875,Fixation,1869.666982622289,1126.5103703114523,264.0,19.0,True,29,word,abandoned,9.0
4988.0,1875.4447937011719,1139.9618339538574,0.7376312613487244,0.7576426863670349,0.7325956225395203,0.7916401624679565,2.541000366210937,2.28973388671875,Fixation,1869.666982622289,1126.5103703114523,264.0,19.0,True,29,word,abandoned,9.0
4992.0,1896.1505126953125,1103.844108581543,0.740147590637207,0.7692896723747253,0.7406837940216064,0.7665584087371826,2.564300537109375,2.2581787109375,Fixation,1869.666982622289,1126.5103703114523,264.0,19.0,True,29,word,abandoned,9.0
4996.0,1846.5379333496094,1112.9538345336914,0.7406889796257019,0.7630911469459534,0.7213038802146912,0.7728846073150635,2.5478515625,2.298828125,Fixation,1869.666982622289,1126.5103703114523,264.0,19.0,True,29,word,abandoned,9.0
5000.0,1880.4722595214844,1120.9291362762451,0.7346166372299194,0.7649908065795898,0.7345594763755798,0.778423011302948,2.54010009765625,2.298248291015625,Fixation,1869.666982622289,1126.5103703114523,264.0,19.0,True,29,word,abandoned,9.0
5004.0,1875.2664184570312,1139.8914527893066,0.7393308877944946,0.7622032165527344,0.7325259447097778,0.7915912866592407,2.537216186523437,2.31231689453125,Fixation,1869.666982622289,1126.5103703114523,264.0,19.0,True,29,word,abandoned,9.0
5008.0,1868.388671875,1118.2795429229736,0.7391182780265808,0.7735223770141602,0.7298393249511719,0.7765830159187317,2.5406036376953125,2.285736083984375,Fixation,1869.666982622289,1126.5103703114523,264.0,19.0,True,29,word,abandoned,9.0
5012.0,1841.6651916503906,1141.4394092559814,0.7402924299240112,0.7618649005889893,0.7194004654884338,0.7926662564277649,2.53692626953125,2.3367156982421875,Fixation,1869.666982622289,1126.5103703114523,264.0,19.0,True,29,word,abandoned,9.0
5016.0,1861.7974853515625,1136.5587329864502,0.7424890398979187,0.7683896422386169,0.7272646427154541,0.7892768979072571,2.535797119140625,2.3116607666015625,Fixation,1869.666982622289,1126.5103703114523,264.0,19.0,True,29,word,abandoned,9.0
5020.0,1847.0207214355469,1147.047414779663,0.7388342022895813,0.7636816501617432,0.7214924693107605,0.7965607047080994,2.5216522216796875,2.3347930908203125,Fixation,1869.666982622289,1126.5103703114523,264.0,19.0,True,29,word,abandoned,9.0
5024.0,1871.502685546875,1115.8755111694336,0.7394152879714966,0.7648515701293945,0.731055736541748,0.7749135494232178,2.528839111328125,2.2674102783203125,Fixation,1869.666982622289,1126.5103703114523,264.0,19.0,True,29,word,abandoned,9.0
5028.0,1870.5406188964844,1123.696231842041,0.7396042943000793,0.7678813934326172,0.7306799292564392,0.7803446054458618,2.54217529296875,2.3167266845703125,Fixation,1869.666982622289,1126.5103703114523,264.0,19.0,True,29,word,abandoned,9.0
5032.0,1880.05126953125,1132.7396965026855,0.74331134557724,0.7627191543579102,0.7343950271606445,0.7866247892379761,2.530120849609375,2.335418701171875,Fixation,1869.666982622289,1126.5103703114523,264.0,19.0,True,29,word,abandoned,9.0
5036.0,1842.752685546875,1159.865198135376,0.7410858273506165,0.768298864364624,0.719825267791748,0.8054619431495667,2.53826904296875,2.3648681640625,Fixation,1869.666982622289,1126.5103703114523,264.0,19.0,True,29,word,abandoned,9.0
5040.0,1868.3131408691406,1160.4383754730225,0.7406471371650696,0.7615304589271545,0.7298098206520081,0.8058599829673767,2.5137176513671875,2.366668701171875,Fixation,1869.666982622289,1126.5103703114523,264.0,19.0,True,29,word,abandoned,9.0
5044.0,1887.7761840820312,1101.2712478637695,0.7375303506851196,0.7646350264549255,0.7374125719070435,0.7647716999053955,2.536041259765625,2.2398223876953125,Fixation,1869.666982622289,1126.5103703114523,264.0,19.0,True,29,word,abandoned,9.0
5048.0,1865.7176208496094,1117.4089622497559,0.7376453280448914,0.763616681098938,0.7287959456443787,0.7759784460067749,2.538116455078125,2.287567138671875,Fixation,1869.666982622289,1126.5103703114523,264.0,19.0,True,29,word,abandoned,9.0
5052.0,1868.64501953125,1118.0377578735352,0.7381941080093384,0.7614323496818542,0.7299394607543945,0.7764151096343994,2.535140991210937,2.2642059326171875,Fixation,1869.666982622289,1126.5103703114523,264.0,19.0,True,29,word,abandoned,9.0
5056.0,1872.8120422363281,1124.276704788208,0.7416772842407227,0.7683036923408508,0.7315672039985657,0.7807477116584778,2.5366668701171875,2.31439208984375,Fixation,1869.666982622289,1126.5103703114523,264.0,19.0,True,29,word,abandoned,9.0
5060.0,1811.0598754882812,1167.3899745941162,0.7418981790542603,0.768567681312561,0.7074452638626099,0.8106874823570251,2.5160675048828125,2.3257598876953125,Fixation,1869.666982622289,1126.5103703114523,264.0,19.0,True,29,word,abandoned,9.0
5064.0,1855.8905029296875,1161.4849090576172,0.7373591065406799,0.769217848777771,0.7249572277069092,0.806586742401123,2.5406036376953125,2.2856597900390625,Fixation,1869.666982622289,1126.5103703114523,264.0,19.0,True,29,word,abandoned,9.0
5068.0,1861.9058227539062,1114.0075778961182,0.7378703951835632,0.7725032567977905,0.7273069620132446,0.773616373538971,2.52777099609375,2.330307006835937,Fixation,1869.666982622289,1126.5103703114523,264.0,19.0,True,29,word,abandoned,9.0
5072.0,1895.2943420410156,1118.3137893676758,0.7404940128326416,0.7663305401802063,0.7403493523597717,0.7766067981719971,2.55169677734375,2.267730712890625,Fixation,1869.666982622289,1126.5103703114523,264.0,19.0,True,29,word,abandoned,9.0
5076.0,1875.4302978515625,1116.5001010894775,0.737775981426239,0.776416003704071,0.7325899600982666,0.7753472924232483,2.5523834228515625,2.2766876220703125,Fixation,1869.666982622289,1126.5103703114523,264.0,19.0,True,29,word,abandoned,9.0
5080.0,1884.232177734375,1114.3549346923828,0.7391338348388672,0.7682474851608276,0.7360281944274902,0.773857593536377,2.5283203125,2.2861480712890625,Fixation,1869.666982622289,1126.5103703114523,264.0,19.0,True,29,word,abandoned,9.0
5084.0,1881.697998046875,1129.7252368927002,0.7385413646697998,0.7684905529022217,0.7350382804870605,0.7845314145088196,2.534408569335937,2.272674560546875,Fixation,1869.666982622289,1126.5103703114523,264.0,19.0,True,29,word,abandoned,9.0
5088.0,1888.2621765136719,1147.5145053863525,0.7401157021522522,0.761370837688446,0.7376024127006531,0.796885073184967,2.528564453125,2.326385498046875,Fixation,1869.666982622289,1126.5103703114523,264.0,19.0,True,29,word,abandoned,9.0
5092.0,1878.7358093261719,1146.1089420318604,0.7346430420875549,0.7661736607551575,0.7338811755180359,0.7959089875221252,2.54351806640625,2.3470458984375,Fixation,1869.666982622289,1126.5103703114523,264.0,19.0,True,29,word,abandoned,9.0
5096.0,1882.9457092285156,1110.4341888427734,0.7402364611625671,0.7695457339286804,0.7355256676673889,0.7711348533630371,2.5395050048828125,2.306625366210937,Fixation,1869.666982622289,1126.5103703114523,264.0,19.0,True,29,word,abandoned,9.0
5100.0,1888.71826171875,1172.6636695861816,0.7385947704315186,0.7742322683334351,0.7377805709838867,0.8143497705459595,2.5365142822265625,2.385116577148437,Fixation,1869.666982622289,1126.5103703114523,264.0,19.0,True,29,word,abandoned,9.0
5104.0,1882.84912109375,1152.6251220703125,0.7380595207214355,0.773282527923584,0.7354879379272461,0.8004341125488281,2.55194091796875,2.3843536376953125,Fixation,1869.666982622289,1126.5103703114523,264.0,19.0,True,29,word,abandoned,9.0
5108.0,1853.7126159667969,1164.2225646972656,0.731660008430481,0.761873185634613,0.72410649061203,0.8084878921508789,2.531234741210937,2.380966186523437,Fixation,1869.666982622289,1126.5103703114523,264.0,19.0,True,29,word,abandoned,9.0
5112.0,1864.0385437011719,1173.3516883850098,0.7380698323249817,0.7715839147567749,0.7281400561332703,0.814827561378479,2.55242919921875,2.3549346923828125,Fixation,1869.666982622289,1126.5103703114523,264.0,19.0,True,29,word,abandoned,9.0
5116.0,1885.938720703125,1097.4492073059082,0.7366948127746582,0.7621175050735474,,,2.531646728515625,,Fixation,1869.666982622289,1126.5103703114523,264.0,19.0,True,29,word,abandoned,9.0
5120.0,1896.2347412109375,1115.0214958190918,0.7371458411216736,0.7708231210708618,0.7407166957855225,0.7743204832077026,2.53106689453125,2.33978271484375,Fixation,1869.666982622289,1126.5103703114523,264.0,19.0,True,29,word,abandoned,9.0
5124.0,1887.3194885253906,1156.1783409118652,0.7352802157402039,0.7725212574005127,0.7372341752052307,0.8029016256332397,2.5426025390625,2.3568267822265625,Fixation,1869.666982622289,1126.5103703114523,264.0,19.0,True,29,word,abandoned,9.0
5128.0,1877.4368286132812,1143.0384349822998,0.7397177815437317,0.7717670202255249,0.733373761177063,0.7937766909599304,2.530059814453125,2.36578369140625,Fixation,1869.666982622289,1126.5103703114523,264.0,19.0,True,29,word,abandoned,9.0
5132.0,1864.534912109375,1138.9677429199219,0.7425348162651062,0.7697395086288452,0.7283339500427246,0.790949821472168,2.54833984375,2.3464813232421875,Fixation,1869.666982622289,1126.5103703114523,264.0,19.0,True,29,word,abandoned,9.0
5136.0,1882.545166015625,1123.4848308563232,0.7359724640846252,0.7732254266738892,0.7353692054748535,0.78019779920578,2.55291748046875,2.30291748046875,Fixation,1869.666982622289,1126.5103703114523,264.0,19.0,True,29,word,abandoned,9.0
5140.0,1874.8422241210938,1115.2871417999268,0.7340344786643982,0.7751159071922302,0.7323602437973022,0.7745049595832825,2.5528717041015625,2.309417724609375,Fixation,1869.666982622289,1126.5103703114523,264.0,19.0,True,29,word,abandoned,9.0
5144.0,1869.9737548828125,1131.8896293640137,0.7345507144927979,0.7720271944999695,0.7304584980010986,0.7860344648361206,2.548797607421875,2.358016967773437,Fixation,1869.666982622289,1126.5103703114523,264.0,19.0,True,29,word,abandoned,9.0
5148.0,1889.5143127441406,1140.580244064331,0.7345702648162842,0.7683834433555603,0.7380915284156799,0.7920696139335632,2.539825439453125,2.3418731689453125,Fixation,1869.666982622289,1126.5103703114523,264.0,19.0,True,29,word,abandoned,9.0
5152.0,1887.940673828125,1124.070110321045,0.7335819602012634,0.7708449363708496,0.7374768257141113,0.7806042432785034,2.53375244140625,2.2933349609375,Fixation,1869.666982622289,1126.5103703114523,264.0,19.0,True,29,word,abandoned,9.0
5156.0,1912.2584533691406,1126.3974952697754,0.7359724640846252,0.7778251767158508,0.7469759583473206,0.7822204828262329,2.56219482421875,2.283966064453125,Fixation,1869.666982622289,1126.5103703114523,264.0,19.0,True,29,word,abandoned,9.0
5160.0,1895.0471496582031,1127.215976715088,0.7330669164657593,0.7739963531494141,0.7402527928352356,0.782788872718811,2.560333251953125,2.368515014648437,Fixation,1869.666982622289,1126.5103703114523,264.0,19.0,True,29,word,abandoned,9.0
5164.0,1851.6665649414062,1127.094612121582,0.737527072429657,0.770284116268158,0.7233072519302368,0.7827045917510986,2.5429840087890625,2.28961181640625,Fixation,1869.666982622289,1126.5103703114523,264.0,19.0,True,29,word,abandoned,9.0
5168.0,1849.5297241210938,1119.442892074585,0.7224883437156677,0.7693154215812683,0.7224725484848022,0.7773908972740173,2.537445068359375,2.3372039794921875,Fixation,1869.666982622289,1126.5103703114523,264.0,19.0,True,29,word,abandoned,9.0
5172.0,1795.3446960449219,1064.8166370391846,0.6936224699020386,0.7741478681564331,0.7013065218925476,0.7394559979438782,2.5588836669921875,2.2414703369140625,Fixation,1869.666982622289,1126.5103703114523,264.0,19.0,True,29,word,abandoned,9.0
5176.0,1751.5528869628906,1134.616813659668,0.681175708770752,0.7709484100341797,0.6842003464698792,0.7879283428192139,2.547836303710937,2.3595733642578125,Fixation,1869.666982622289,1126.5103703114523,264.0,19.0,True,29,word,abandoned,9.0
5180.0,1713.6859130859375,1117.6568412780762,0.6698474884033203,0.7671011686325073,0.6694085597991943,0.7761505842208862,2.529571533203125,2.332794189453125,Fixation,1695.9687684074281,1098.3703095572334,248.0,20.0,True,30,word,curb,8.0
5184.0,1719.2730712890625,1126.1377716064453,0.6624163389205933,0.7703531384468079,0.67159104347229,0.7820401191711426,2.522705078125,2.3706512451171875,Fixation,1695.9687684074281,1098.3703095572334,248.0,20.0,True,30,word,curb,8.0
5188.0,1698.4869384765625,1134.2090320587158,0.6590107679367065,0.7657875418663025,0.6634714603424072,0.787645161151886,2.527084350585937,2.3527374267578125,Fixation,1695.9687684074281,1098.3703095572334,248.0,20.0,True,30,word,curb,8.0
5192.0,1689.0065002441406,1123.1135272979736,0.6547749638557434,0.762307345867157,0.6597681641578674,0.7799399495124817,2.515487670898437,2.311553955078125,Fixation,1695.9687684074281,1098.3703095572334,248.0,20.0,True,30,word,curb,8.0
5196.0,1726.9535827636719,965.1048946380615,0.6518003344535828,0.7578985095024109,0.6745912432670593,0.6702117323875427,2.5175933837890625,2.0691375732421875,Fixation,1695.9687684074281,1098.3703095572334,248.0,20.0,True,30,word,curb,8.0
5200.0,1721.8121337890625,1067.2809219360352,0.6536429524421692,0.7669607996940613,0.6725828647613525,0.7411673069000244,2.51800537109375,2.251800537109375,Fixation,1695.9687684074281,1098.3703095572334,248.0,20.0,True,30,word,curb,8.0
5204.0,1729.4548034667969,1107.352523803711,0.6602143049240112,0.7643395066261292,0.6755682826042175,0.7689948081970215,2.51171875,2.255523681640625,Fixation,1695.9687684074281,1098.3703095572334,248.0,20.0,True,30,word,curb,8.0
5208.0,1711.7694091796875,1140.9785842895508,0.6587721705436707,0.7638915777206421,0.6686599254608154,0.7923462390899658,2.515228271484375,2.3479766845703125,Fixation,1695.9687684074281,1098.3703095572334,248.0,20.0,True,30,word,curb,8.0
5212.0,1684.5840454101562,1084.63623046875,0.6570514440536499,0.7749214768409729,0.6580406427383423,0.7532196044921875,2.5385894775390625,2.273300170898437,Fixation,1695.9687684074281,1098.3703095572334,248.0,20.0,True,30,word,curb,8.0
5216.0,1699.9967956542969,1082.7644348144531,0.6574100852012634,0.7720246315002441,0.6640612483024597,0.7519197463989258,2.53704833984375,2.248382568359375,Fixation,1695.9687684074281,1098.3703095572334,248.0,20.0,True,30,word,curb,8.0
5220.0,1698.4934997558594,1070.3709983825684,0.6580288410186768,0.7638347148895264,0.6634740233421326,0.743313193321228,2.5436553955078125,2.21282958984375,Fixation,1695.9687684074281,1098.3703095572334,248.0,20.0,True,30,word,curb,8.0
5224.0,1700.6202697753906,1089.7735404968262,0.6629219055175781,0.7687877416610718,0.664304792881012,0.7567871809005737,2.5224151611328125,2.2835235595703125,Fixation,1695.9687684074281,1098.3703095572334,248.0,20.0,True,30,word,curb,8.0
5228.0,1686.7048645019531,1135.6528759002686,0.6591501832008362,0.7698502540588379,0.6588690876960754,0.7886478304862976,2.515777587890625,2.330673217773437,Fixation,1695.9687684074281,1098.3703095572334,248.0,20.0,True,30,word,curb,8.0
5232.0,1706.3973999023438,1117.3318004608154,0.6663461923599243,0.7670351266860962,0.666561484336853,0.7759248614311218,2.521240234375,2.345611572265625,Fixation,1695.9687684074281,1098.3703095572334,248.0,20.0,True,30,word,curb,8.0
5236.0,1683.2406616210938,1122.810459136963,0.6636720299720764,0.772820234298706,0.6575158834457397,0.7797294855117798,2.5403289794921875,2.3115692138671875,Fixation,1695.9687684074281,1098.3703095572334,248.0,20.0,True,30,word,curb,8.0
5240.0,1704.0444946289062,1097.0591068267822,0.6623849868774414,0.7663092613220215,0.6656423807144165,0.7618466019630432,2.5098419189453125,2.260482788085937,Fixation,1695.9687684074281,1098.3703095572334,248.0,20.0,True,30,word,curb,8.0
5244.0,1695.6576538085938,1124.998540878296,0.6622400283813477,0.7703927159309387,0.6623662710189819,0.7812489867210388,2.5243072509765625,2.314422607421875,Fixation,1695.9687684074281,1098.3703095572334,248.0,20.0,True,30,word,curb,8.0
5248.0,1673.4747314453125,1109.727544784546,0.6659367084503174,0.7665162086486816,0.6537010669708252,0.7706441283226013,2.5244903564453125,2.272216796875,Fixation,1695.9687684074281,1098.3703095572334,248.0,20.0,True,30,word,curb,8.0
5252.0,1713.3016967773438,1133.441276550293,0.6640479564666748,0.7617892622947693,0.6692584753036499,0.7871119976043701,2.516220092773437,2.3199005126953125,Fixation,1695.9687684074281,1098.3703095572334,248.0,20.0,True,30,word,curb,8.0
5256.0,1691.5397644042969,1116.8879699707031,0.6654497981071472,0.7692830562591553,0.6607577204704285,0.7756166458129883,2.526458740234375,2.347885131835937,Fixation,1695.9687684074281,1098.3703095572334,248.0,20.0,True,30,word,curb,8.0
5260.0,1692.5953674316406,1105.3921508789062,0.6567654609680176,0.7669309973716736,0.6611700654029846,0.7676334381103516,2.53948974609375,2.2979888916015625,Fixation,1695.9687684074281,1098.3703095572334,248.0,20.0,True,30,word,curb,8.0
5264.0,1690.272216796875,1085.9739017486572,0.6591204404830933,0.7669782638549805,0.6602625846862793,0.754148542881012,2.52154541015625,2.2775421142578125,Fixation,1695.9687684074281,1098.3703095572334,248.0,20.0,True,30,word,curb,8.0
5268.0,1677.0710754394531,1114.7531032562256,0.6616743206977844,0.7683533430099487,0.6551058888435364,0.77413409948349,2.50140380859375,2.300033569335937,Fixation,1695.9687684074281,1098.3703095572334,248.0,20.0,True,30,word,curb,8.0
5272.0,1690.9584045410156,1098.3628749847412,0.6605306267738342,0.7627519965171814,,,2.50823974609375,,Fixation,1695.9687684074281,1098.3703095572334,248.0,20.0,True,30,word,curb,8.0
5276.0,1705.3541564941406,1110.8857440948486,0.6603477001190186,0.7718756794929504,0.6661539673805237,0.7714484333992004,2.5361328125,2.311508178710937,Fixation,1695.9687684074281,1098.3703095572334,248.0,20.0,True,30,word,curb,8.0
5280.0,1673.1910705566406,1110.9968948364258,0.6622277498245239,0.77195805311203,0.6535902619361877,0.7715256214141846,2.5159454345703125,2.316741943359375,Fixation,1695.9687684074281,1098.3703095572334,248.0,20.0,True,30,word,curb,8.0
5284.0,1712.6893615722656,1064.9684715270996,0.6642485857009888,0.7658320665359497,0.6690192818641663,0.7395614385604858,2.530380249023437,2.248764038085937,Fixation,1695.9687684074281,1098.3703095572334,248.0,20.0,True,30,word,curb,8.0
5288.0,1657.3703002929688,1129.4587326049805,0.6571447253227234,0.7659833431243896,0.6474102735519409,0.784346342086792,2.5191802978515625,2.3443603515625,Fixation,1695.9687684074281,1098.3703095572334,248.0,20.0,True,30,word,curb,8.0
5292.0,1663.8795471191406,1121.7347431182861,0.660055935382843,0.7719395160675049,0.6499529480934143,0.7789824604988098,2.5176239013671875,2.3028564453125,Fixation,1695.9687684074281,1098.3703095572334,248.0,20.0,True,30,word,curb,8.0
5296.0,1687.2463989257812,1104.309310913086,0.6593723893165588,0.7694333791732788,0.6590806245803833,0.7668814659118652,2.5079345703125,2.3017120361328125,Fixation,1695.9687684074281,1098.3703095572334,248.0,20.0,True,30,word,curb,8.0
5300.0,1678.9228820800781,1080.7018375396729,0.661335825920105,0.7671024799346924,0.6558292508125305,0.7504873871803284,2.5134735107421875,2.271270751953125,Fixation,1695.9687684074281,1098.3703095572334,248.0,20.0,True,30,word,curb,8.0
5304.0,1690.8108520507812,1095.2920246124268,0.6597611904144287,0.7719160914421082,0.6604729890823364,0.7606194615364075,2.5368804931640625,2.3151397705078125,Fixation,1695.9687684074281,1098.3703095572334,248.0,20.0,True,30,word,curb,8.0
5308.0,1664.9754333496094,1081.0313415527344,0.6573644280433655,0.7750494480133057,0.6503810286521912,0.7507162094116211,2.5391082763671875,2.2735595703125,Fixation,1695.9687684074281,1098.3703095572334,248.0,20.0,True,30,word,curb,8.0
5312.0,1689.0045166015625,1139.9485301971436,0.6619284152984619,0.7698692679405212,0.6597673892974854,0.7916309237480164,2.530181884765625,2.372650146484375,Fixation,1695.9687684074281,1098.3703095572334,248.0,20.0,True,30,word,curb,8.0
5316.0,1687.94189453125,1122.7134704589844,0.6573799252510071,0.7691929340362549,0.6593523025512695,0.7796621322631836,2.535980224609375,2.3203125,Fixation,1695.9687684074281,1098.3703095572334,248.0,20.0,True,30,word,curb,8.0
5320.0,1660.0425720214844,1120.9524822235107,0.6619436144828796,0.7658045291900635,0.6484541296958923,0.7784392237663269,2.515243530273437,2.320419311523437,Fixation,1695.9687684074281,1098.3703095572334,248.0,20.0,True,30,word,curb,8.0
5324.0,1675.4598999023438,1152.222661972046,0.6567931771278381,0.778499186038971,0.654476523399353,0.8001546263694763,2.53350830078125,2.32196044921875,Fixation,1695.9687684074281,1098.3703095572334,248.0,20.0,True,30,word,curb,8.0
5328.0,1697.0231628417969,1119.6205615997314,0.659570038318634,0.7625551819801331,0.6628996729850769,0.7775142788887024,2.5276336669921875,2.3245849609375,Fixation,1695.9687684074281,1098.3703095572334,248.0,20.0,True,30,word,curb,8.0
5332.0,1713.1077575683594,1086.4077758789062,0.6584571003913879,0.7657744288444519,0.6691827178001404,0.7544498443603516,2.5234527587890625,2.2674560546875,Fixation,1695.9687684074281,1098.3703095572334,248.0,20.0,True,30,word,curb,8.0
5336.0,1683.5691833496094,1130.6073188781738,0.6576268076896667,0.7752630114555359,0.6576442122459412,0.7851439714431763,2.5362701416015625,2.35595703125,Fixation,1695.9687684074281,1098.3703095572334,248.0,20.0,True,30,word,curb,8.0
5340.0,1708.5870361328125,1086.5758323669434,0.6566269993782043,0.7693263292312622,0.6674168109893799,0.7545665502548218,2.5340728759765625,2.2231903076171875,Fixation,1695.9687684074281,1098.3703095572334,248.0,20.0,True,30,word,curb,8.0
5344.0,1737.3313903808594,963.3442497253418,0.6566500663757324,0.7638108730316162,0.6786450743675232,0.6689890623092651,2.506576538085937,1.995941162109375,Fixation,1695.9687684074281,1098.3703095572334,248.0,20.0,True,30,word,curb,8.0
5348.0,1710.3079223632812,1103.8635063171387,0.6554858088493347,0.7712334394454956,0.6680890321731567,0.7665718793869019,2.5272674560546875,2.288925170898437,Fixation,1695.9687684074281,1098.3703095572334,248.0,20.0,True,30,word,curb,8.0
5352.0,1716.0157775878906,1120.8571243286133,0.6587259769439697,0.7682427167892456,0.6703186631202698,0.7783730030059814,2.5046844482421875,2.330902099609375,Fixation,1695.9687684074281,1098.3703095572334,248.0,20.0,True,30,word,curb,8.0
5356.0,1707.0530700683594,1069.5288276672363,0.6578593254089355,0.76537024974823,0.6668176054954529,0.7427283525466919,2.517669677734375,2.2310028076171875,Fixation,1695.9687684074281,1098.3703095572334,248.0,20.0,True,30,word,curb,8.0
5360.0,1728.4597778320312,1082.100534439087,0.6583718657493591,0.7736827731132507,0.6751796007156372,0.7514587044715881,2.5154571533203125,2.2171630859375,Fixation,1695.9687684074281,1098.3703095572334,248.0,20.0,True,30,word,curb,8.0
5364.0,1696.3606262207031,1099.5894813537598,0.6577268838882446,0.7699759602546692,0.6626408696174622,0.7636038064956665,2.5310516357421875,2.312774658203125,Fixation,1695.9687684074281,1098.3703095572334,248.0,20.0,True,30,word,curb,8.0
5368.0,1703.4107971191406,1107.9381465911865,0.6571009159088135,0.7668201923370361,0.6653948426246643,0.769401490688324,2.5028228759765625,2.2890625,Fixation,1695.9687684074281,1098.3703095572334,248.0,20.0,True,30,word,curb,8.0
5372.0,1708.2069396972656,1131.144790649414,0.6562438607215881,0.7711414694786072,0.6672683358192444,0.7855172157287598,2.5272979736328125,2.3404083251953125,Fixation,1695.9687684074281,1098.3703095572334,248.0,20.0,True,30,word,curb,8.0
5376.0,1685.7418823242188,1102.8284740447998,0.656440019607544,0.7647674679756165,0.658492922782898,0.7658531069755554,2.509552001953125,2.2737274169921875,Fixation,1695.9687684074281,1098.3703095572334,248.0,20.0,True,30,word,curb,8.0
5380.0,1673.6552429199219,1101.978406906128,0.6572224497795105,0.7784444689750671,0.6537715792655945,0.7652627825737,2.5390167236328125,2.2637176513671875,Fixation,1695.9687684074281,1098.3703095572334,248.0,20.0,True,30,word,curb,8.0
5384.0,1692.738037109375,1098.431797027588,0.6545183062553406,0.7679823637008667,0.6612257957458496,0.762799859046936,2.51934814453125,2.3099517822265625,Fixation,1695.9687684074281,1098.3703095572334,248.0,20.0,True,30,word,curb,8.0
5388.0,1687.0993041992188,1085.399866104126,0.6557621359825134,0.7706912159919739,0.6590231657028198,0.7537499070167542,2.516998291015625,2.267303466796875,Fixation,1695.9687684074281,1098.3703095572334,248.0,20.0,True,30,word,curb,8.0
5392.0,1702.7201843261719,1067.5203895568848,0.6547722816467285,0.7694963812828064,0.6651250720024109,0.7413336038589478,2.520477294921875,2.2435760498046875,Fixation,1695.9687684074281,1098.3703095572334,248.0,20.0,True,30,word,curb,8.0
5396.0,1704.3739318847656,1128.577766418457,0.6575706601142883,0.7728568911552429,0.6657710671424866,0.7837345600128174,2.5293426513671875,2.338623046875,Fixation,1695.9687684074281,1098.3703095572334,248.0,20.0,True,30,word,curb,8.0
5400.0,1705.7756042480469,1043.7954998016357,0.6588664650917053,0.7687219381332397,0.6663185954093933,0.7248579859733582,2.513916015625,2.191680908203125,Fixation,1695.9687684074281,1098.3703095572334,248.0,20.0,True,30,word,curb,8.0
5404.0,1661.3697814941406,1115.1061248779297,0.6609736680984497,0.7748792767524719,0.6489725708961487,0.7743792533874512,2.529052734375,2.3462371826171875,Fixation,1695.9687684074281,1098.3703095572334,248.0,20.0,True,30,word,curb,8.0
5408.0,1709.6286010742188,1056.946907043457,0.6600649952888489,0.7706694602966309,0.6678236722946167,0.7339909076690674,2.5147247314453125,2.23394775390625,Fixation,1695.9687684074281,1098.3703095572334,248.0,20.0,True,30,word,curb,8.0
5412.0,1685.8784484863281,1096.0763454437256,0.6556402444839478,0.7703580856323242,0.6585462689399719,0.761164128780365,2.5200958251953125,2.2781524658203125,Fixation,1695.9687684074281,1098.3703095572334,248.0,20.0,True,30,word,curb,8.0
5416.0,1682.6686096191406,1124.3403911590576,0.6578018665313721,0.7659396529197693,0.6572924256324768,0.7807919383049011,2.5104522705078125,2.344757080078125,Fixation,1695.9687684074281,1098.3703095572334,248.0,20.0,True,30,word,curb,8.0
5420.0,1708.4927368164062,1056.169023513794,0.6561221480369568,0.7675346732139587,0.6673799753189087,0.733450710773468,2.5093231201171875,2.245086669921875,Fixation,1695.9687684074281,1098.3703095572334,248.0,20.0,True,30,word,curb,8.0
5424.0,1726.4677429199219,1021.2434005737305,0.6585507392883301,0.7706250548362732,0.6744014620780945,0.7091968059539795,2.52239990234375,2.177490234375,Fixation,1695.9687684074281,1098.3703095572334,248.0,20.0,True,30,word,curb,8.0
5428.0,1663.7046813964844,1090.3498077392578,0.6498059630393982,0.7676557898521423,0.6498846411705017,0.7571873664855957,2.527984619140625,2.2669219970703125,Fixation,1695.9687684074281,1098.3703095572334,248.0,20.0,True,30,word,curb,8.0
5432.0,1643.9202880859375,1098.4122276306152,0.6455472707748413,0.7501869201660156,0.6421563625335693,0.7627862691879272,2.4950714111328125,2.3274078369140625,Saccade,,,,0.0,False,31,,,
5436.0,1606.505126953125,1063.9379024505615,0.6255399584770203,0.7255393862724304,0.6275410652160645,0.7388457655906677,2.5017547607421875,2.300384521484375,Saccade,,,,0.0,False,31,,,
5440.0,1624.1615295410156,995.3350639343262,0.608612596988678,0.7103971838951111,0.6344380974769592,0.6912049055099487,2.5179901123046875,2.2245330810546875,Saccade,,,,0.0,False,31,,,
5444.0,1584.2132568359375,962.9489135742188,0.6050427556037903,0.6825398802757263,0.6188333034515381,0.6687145233154297,2.5075225830078125,2.26519775390625,Saccade,,,,0.0,False,31,,,
5448.0,1515.9919738769531,935.4588890075684,0.5921843647956848,0.649624228477478,,,2.4932098388671875,,Saccade,,,,0.0,False,31,,,
5452.0,1564.1493225097656,855.4711246490479,0.5833858847618103,0.6170088648796082,0.6109958291053772,0.5940771698951721,2.480804443359375,2.227813720703125,Saccade,,,,0.0,False,31,,,
5456.0,1531.4176940917969,778.9306640625,0.5724202394485474,0.5950297117233276,0.5982100367546082,0.540924072265625,2.494293212890625,2.165802001953125,Saccade,,,,0.0,False,31,,,
5460.0,1448.2106018066406,797.1520042419434,0.565707266330719,0.5535777807235718,,,2.465316772460937,,Saccade,,,,0.0,False,31,,,
5464.0,1500.477294921875,669.6280288696288,0.5606894493103027,0.5133612751960754,0.5861239433288574,0.4650194644927978,2.442291259765625,2.1664581298828125,Saccade,,,,0.0,False,31,,,
5468.0,1428.8302612304688,682.2218370437621,0.5581368207931519,0.4737651646137237,,,2.4532928466796875,,Saccade,,,,0.0,False,31,,,
5472.0,1486.7997741699219,607.4566555023193,0.5545342564582825,0.446399837732315,0.5807811617851257,0.4218448996543884,2.4549713134765625,2.17962646484375,Saccade,,,,0.0,False,31,,,
5476.0,1455.4966735839844,546.1689949035645,0.5508017539978027,0.4156476855278015,0.5685533881187439,0.3792840242385864,2.4260406494140625,2.2204742431640625,Fixation,1431.8096347384983,514.8476939201355,356.0,21.0,True,32,image,,10.0
5480.0,1407.6889038085938,543.1203746795654,0.5498784780502319,0.3771669268608093,,,2.415557861328125,,Fixation,1431.8096347384983,514.8476939201355,356.0,21.0,True,32,image,,10.0
5484.0,1434.4456481933594,493.23231697082514,0.5514699816703796,0.310925543308258,0.560330331325531,0.3425224423408508,2.3190460205078125,2.1884307861328125,Fixation,1431.8096347384983,514.8476939201355,356.0,21.0,True,32,image,,10.0
5488.0,1432.1914672851562,499.1270399093628,0.5504859685897827,0.3337952196598053,0.5594497919082642,0.3466159999370575,2.374847412109375,2.1773223876953125,Fixation,1431.8096347384983,514.8476939201355,356.0,21.0,True,32,image,,10.0
5492.0,1437.5956726074219,477.4294281005859,0.5536428689956665,0.3356866240501404,0.5615608096122742,0.3315482139587402,2.3637847900390625,2.180282592773437,Fixation,1431.8096347384983,514.8476939201355,356.0,21.0,True,32,image,,10.0
5496.0,1426.3235473632812,508.0948877334594,0.5603625774383545,0.3158467411994934,0.5571576356887817,0.3528436720371246,2.318710327148437,2.2184295654296875,Fixation,1431.8096347384983,514.8476939201355,356.0,21.0,True,32,image,,10.0
5500.0,1422.0936584472656,525.9376287460326,0.5555022358894348,0.3163227438926697,0.5555053353309631,0.3652344644069671,2.334228515625,2.254425048828125,Fixation,1431.8096347384983,514.8476939201355,356.0,21.0,True,32,image,,10.0
5504.0,1427.3796081542969,493.8374662399292,0.5554367303848267,0.330544501543045,0.5575701594352722,0.3429426848888397,2.3693389892578125,2.195281982421875,Fixation,1431.8096347384983,514.8476939201355,356.0,21.0,True,32,image,,10.0
5508.0,1417.71728515625,501.11371994018555,0.5537958145141602,0.3479956388473511,,,2.39752197265625,,Fixation,1431.8096347384983,514.8476939201355,356.0,21.0,True,32,image,,10.0
5512.0,1422.3890686035156,486.57138347625727,0.5559829473495483,0.3628436028957367,0.5556207299232483,0.3378967940807342,2.43035888671875,2.196502685546875,Fixation,1431.8096347384983,514.8476939201355,356.0,21.0,True,32,image,,10.0
5516.0,1420.0978088378906,462.4770784378051,0.5576032400131226,0.3399455845355987,0.554725706577301,0.3211646378040313,2.385284423828125,2.163726806640625,Fixation,1431.8096347384983,514.8476939201355,356.0,21.0,True,32,image,,10.0
5520.0,1458.0252075195312,491.2165832519531,0.5587598085403442,0.337503582239151,0.5695410966873169,0.3411226272583008,2.369598388671875,2.191986083984375,Fixation,1431.8096347384983,514.8476939201355,356.0,21.0,True,32,image,,10.0
5524.0,1440.2473449707031,513.8054180145264,0.5556254982948303,0.3369262814521789,0.5625966191291809,0.3568093180656433,2.370712280273437,2.224090576171875,Fixation,1431.8096347384983,514.8476939201355,356.0,21.0,True,32,image,,10.0
5528.0,1443.1529235839844,483.4351730346679,0.5568711161613464,0.3425087630748749,0.5637316107749939,0.3357188701629638,2.38427734375,2.15753173828125,Fixation,1431.8096347384983,514.8476939201355,356.0,21.0,True,32,image,,10.0
5532.0,1434.1217041015625,518.2893848419188,0.555726945400238,0.3496600389480591,0.5602037906646729,0.3599231839179992,2.4029998779296875,2.263778686523437,Fixation,1431.8096347384983,514.8476939201355,356.0,21.0,True,32,image,,10.0
5536.0,1443.9277648925781,514.3453359603882,0.5579490065574646,0.3529913127422333,0.5640342831611633,0.3571842610836029,2.40362548828125,2.230819702148437,Fixation,1431.8096347384983,514.8476939201355,356.0,21.0,True,32,image,,10.0
5540.0,1442.7947998046875,489.6510744094848,0.554890513420105,0.3600421249866485,0.563591718673706,0.34003546833992,2.4081268310546875,2.2092742919921875,Fixation,1431.8096347384983,514.8476939201355,356.0,21.0,True,32,image,,10.0
5544.0,1440.4512023925781,498.305811882019,0.554847002029419,0.3514628708362579,0.5626762509346008,0.3460457026958465,2.4041900634765625,2.2100372314453125,Fixation,1431.8096347384983,514.8476939201355,356.0,21.0,True,32,image,,10.0
5548.0,1435.2925109863281,514.8273181915283,0.5544185042381287,0.3521454334259033,0.5606611371040344,0.3575189709663391,2.3853759765625,2.2446746826171875,Fixation,1431.8096347384983,514.8476939201355,356.0,21.0,True,32,image,,10.0
5552.0,1427.2892761230469,534.7749710083008,0.5553699731826782,0.3349904119968414,0.5575348734855652,0.3713715076446533,2.3659820556640625,2.2723846435546875,Fixation,1431.8096347384983,514.8476939201355,356.0,21.0,True,32,image,,10.0
5556.0,1439.1859436035156,524.9496316909789,0.5556597113609314,0.3444358706474304,0.5621820092201233,0.3645483553409576,2.3827667236328125,2.21563720703125,Fixation,1431.8096347384983,514.8476939201355,356.0,21.0,True,32,image,,10.0
5560.0,1440.02197265625,473.36478710174555,0.5579403042793274,0.3466896414756775,0.5625085830688477,0.3287255465984344,2.399032592773437,2.186065673828125,Fixation,1431.8096347384983,514.8476939201355,356.0,21.0,True,32,image,,10.0
5564.0,1432.4555969238281,518.3134174346924,0.5524925589561462,0.3490497469902038,0.5595529675483704,0.3599398732185364,2.3987274169921875,2.230926513671875,Fixation,1431.8096347384983,514.8476939201355,356.0,21.0,True,32,image,,10.0
5568.0,1428.5887145996094,532.5291681289672,0.5539818406105042,0.3325676321983337,0.5580424666404724,0.3698119223117828,2.35504150390625,2.2589263916015625,Fixation,1431.8096347384983,514.8476939201355,356.0,21.0,True,32,image,,10.0
5572.0,1436.5797424316406,486.4329814910888,0.557041347026825,0.3517504632472992,0.5611639618873596,0.3378006815910339,2.39385986328125,2.170989990234375,Fixation,1431.8096347384983,514.8476939201355,356.0,21.0,True,32,image,,10.0
5576.0,1427.2872924804688,498.9671373367309,0.5575340986251831,0.3465049564838409,,,2.383880615234375,,Fixation,1431.8096347384983,514.8476939201355,356.0,21.0,True,32,image,,10.0
5580.0,1437.6358032226562,530.5603408813475,0.5531394481658936,0.3503315150737762,0.5615764856338501,0.3684446811676025,2.401107788085937,2.263214111328125,Fixation,1431.8096347384983,514.8476939201355,356.0,21.0,True,32,image,,10.0
5584.0,1419.8983764648438,546.9578647613524,0.5547983050346375,0.3651834428310394,0.5546478033065796,0.379831850528717,2.4205322265625,2.2600555419921875,Fixation,1431.8096347384983,514.8476939201355,356.0,21.0,True,32,image,,10.0
5588.0,1435.3684997558594,471.27296447753906,0.5557443499565125,0.3463480472564697,0.5606908202171326,0.327272891998291,2.3926544189453125,2.1526336669921875,Fixation,1431.8096347384983,514.8476939201355,356.0,21.0,True,32,image,,10.0
5592.0,1427.1047973632812,507.3233556747436,0.5585453510284424,0.335435688495636,0.5574628114700317,0.3523078858852386,2.3669586181640625,2.2340240478515625,Fixation,1431.8096347384983,514.8476939201355,356.0,21.0,True,32,image,,10.0
5596.0,1428.8404846191406,506.8361806869506,0.5581408143043518,0.3519695699214935,,,2.413543701171875,,Fixation,1431.8096347384983,514.8476939201355,356.0,21.0,True,32,image,,10.0
5600.0,1431.505126953125,535.1030158996581,0.5627715587615967,0.3371303975582123,0.5591816902160645,0.3715993165969848,2.376083374023437,2.2720947265625,Fixation,1431.8096347384983,514.8476939201355,356.0,21.0,True,32,image,,10.0
5604.0,1418.7641906738281,542.9748487472533,0.5582903623580933,0.3260675072669983,0.5542047619819641,0.3770658671855926,2.3766326904296875,2.2955780029296875,Fixation,1431.8096347384983,514.8476939201355,356.0,21.0,True,32,image,,10.0
5608.0,1436.0859680175781,539.5822191238403,0.5622543692588806,0.3307493329048157,0.5609710812568665,0.3747098743915558,2.369842529296875,2.2555389404296875,Fixation,1431.8096347384983,514.8476939201355,356.0,21.0,True,32,image,,10.0
5612.0,1438.1785583496094,505.86414813995356,0.5546871423721313,0.3453634977340698,0.5617884993553162,0.3512945473194122,2.386993408203125,2.2106170654296875,Fixation,1431.8096347384983,514.8476939201355,356.0,21.0,True,32,image,,10.0
5616.0,1432.0742797851562,496.6181659698486,0.5594040155410767,0.3448737263679504,,,2.397064208984375,,Fixation,1431.8096347384983,514.8476939201355,356.0,21.0,True,32,image,,10.0
5620.0,1436.3002014160156,546.9616842269896,0.554206371307373,0.3523051142692566,0.5610547661781311,0.3798345029354095,2.4145965576171875,2.253997802734375,Fixation,1431.8096347384983,514.8476939201355,356.0,21.0,True,32,image,,10.0
5624.0,1432.847900390625,510.9288883209228,0.5570672154426575,0.3635796308517456,0.5597062110900879,0.3548117280006408,2.43328857421875,2.2043609619140625,Fixation,1431.8096347384983,514.8476939201355,356.0,21.0,True,32,image,,10.0
5628.0,1415.8908081054688,552.9879426956177,0.559950053691864,0.3395424485206604,0.5530823469161987,0.3840194046497345,2.381744384765625,2.2763824462890625,Fixation,1431.8096347384983,514.8476939201355,356.0,21.0,True,32,image,,10.0
5632.0,1440.4443359375,503.33583354949945,0.5549350380897522,0.3501428663730621,0.5626735687255859,0.3495387732982635,2.41619873046875,2.215301513671875,Fixation,1431.8096347384983,514.8476939201355,356.0,21.0,True,32,image,,10.0
5636.0,1425.6901550292969,530.7823848724365,0.5585045218467712,0.3568589687347412,0.5569102168083191,0.3685988783836365,2.41925048828125,2.238677978515625,Fixation,1431.8096347384983,514.8476939201355,356.0,21.0,True,32,image,,10.0
5640.0,1431.1799621582031,508.20384979248047,0.5564296841621399,0.3429861962795257,0.5590546727180481,0.352919340133667,2.3899078369140625,2.203109741210937,Fixation,1431.8096347384983,514.8476939201355,356.0,21.0,True,32,image,,10.0
5644.0,1437.4406433105469,502.1123600006103,0.5566534996032715,0.3487988710403442,0.5615002512931824,0.3486891388893127,2.4115753173828125,2.2041015625,Fixation,1431.8096347384983,514.8476939201355,356.0,21.0,True,32,image,,10.0
5648.0,1420.8421325683594,528.9216613769531,0.5542308688163757,0.3470823764801025,0.5550164580345154,0.3673067092895508,2.4049530029296875,2.218505859375,Fixation,1431.8096347384983,514.8476939201355,356.0,21.0,True,32,image,,10.0
5652.0,1435.6475830078125,477.5804901123047,0.5548355579376221,0.3548453152179718,0.5607998371124268,0.3316531181335449,2.411346435546875,2.1618804931640625,Fixation,1431.8096347384983,514.8476939201355,356.0,21.0,True,32,image,,10.0
5656.0,1446.3528442382812,525.130820274353,0.5547583103179932,0.367032915353775,0.5649815797805786,0.3646741807460785,2.4405517578125,2.253814697265625,Fixation,1431.8096347384983,514.8476939201355,356.0,21.0,True,32,image,,10.0
5660.0,1427.1249389648438,481.13997459411615,0.5576972365379333,0.3624638020992279,0.5574706792831421,0.3341249823570251,2.433746337890625,2.1573486328125,Fixation,1431.8096347384983,514.8476939201355,356.0,21.0,True,32,image,,10.0
5664.0,1426.2373352050781,516.8025827407836,0.557025671005249,0.367681473493576,0.5571239590644836,0.3588906824588775,2.4513702392578125,2.217498779296875,Fixation,1431.8096347384983,514.8476939201355,356.0,21.0,True,32,image,,10.0
5668.0,1429.1465759277344,588.0331707000731,0.5542638301849365,0.3819076418876648,0.5582603812217712,0.4083563685417175,2.4856414794921875,2.35662841796875,Fixation,1431.8096347384983,514.8476939201355,356.0,21.0,True,32,image,,10.0
5672.0,1422.9122924804688,503.5906648635864,0.5558251142501831,0.3497157394886017,,,2.4080352783203125,,Fixation,1431.8096347384983,514.8476939201355,356.0,21.0,True,32,image,,10.0
5676.0,1434.3138122558594,516.563458442688,0.5567225217819214,0.3475196063518524,0.5602788329124451,0.3587246239185333,2.3874969482421875,2.23614501953125,Fixation,1431.8096347384983,514.8476939201355,356.0,21.0,True,32,image,,10.0
5680.0,1421.9773864746094,518.6181163787842,0.5557879209518433,0.3664307594299316,0.5554599165916443,0.360151469707489,2.4407196044921875,2.219833374023437,Fixation,1431.8096347384983,514.8476939201355,356.0,21.0,True,32,image,,10.0
5684.0,1440.6529235839844,491.58441066741943,0.5525619983673096,0.3546380400657654,0.5627550482749939,0.3413780629634857,2.42376708984375,2.1953582763671875,Fixation,1431.8096347384983,514.8476939201355,356.0,21.0,True,32,image,,10.0
5688.0,1452.6792907714844,478.9675998687744,0.5528042912483215,0.3611942231655121,0.5674528479576111,0.33261638879776,2.423828125,2.165756225585937,Fixation,1431.8096347384983,514.8476939201355,356.0,21.0,True,32,image,,10.0
5692.0,1430.1502990722656,526.1782121658325,0.5564088821411133,0.3626376390457153,0.5586524605751038,0.3654015362262726,2.4494171142578125,2.2035064697265625,Fixation,1431.8096347384983,514.8476939201355,356.0,21.0,True,32,image,,10.0
5696.0,1437.66357421875,536.8370962142943,0.5534460544586182,0.3596936166286468,0.5615873336791992,0.3728035390377044,2.435287475585937,2.24493408203125,Fixation,1431.8096347384983,514.8476939201355,356.0,21.0,True,32,image,,10.0
5700.0,1422.8916931152344,527.2484350204467,0.5558680891990662,0.3664896190166473,0.5558170676231384,0.3661447465419769,2.4469451904296875,2.2856597900390625,Fixation,1431.8096347384983,514.8476939201355,356.0,21.0,True,32,image,,10.0
5704.0,1438.6125183105469,496.4874458312988,0.553489625453949,0.3458776175975799,0.5619580149650574,0.3447829484939575,2.395782470703125,2.221054077148437,Fixation,1431.8096347384983,514.8476939201355,356.0,21.0,True,32,image,,10.0
5708.0,1431.8556213378906,542.103624343872,0.5570484399795532,0.3582698702812195,0.5593186020851135,0.3764608502388,2.4159698486328125,2.2541656494140625,Fixation,1431.8096347384983,514.8476939201355,356.0,21.0,True,32,image,,10.0
5712.0,1424.8838806152344,542.8742980957031,0.5558491349220276,0.3603332340717315,0.5565952658653259,0.3769960403442383,2.418548583984375,2.25244140625,Fixation,1431.8096347384983,514.8476939201355,356.0,21.0,True,32,image,,10.0
5716.0,1421.4068603515625,534.4066286087035,0.5579627752304077,0.3663902878761291,0.5552370548248291,0.3711157143115997,2.44232177734375,2.2312774658203125,Fixation,1431.8096347384983,514.8476939201355,356.0,21.0,True,32,image,,10.0
5720.0,1451.6471862792969,493.46710681915283,0.5574896335601807,0.3649374842643738,0.5670496821403503,0.3426854908466339,2.4528045654296875,2.1925201416015625,Fixation,1431.8096347384983,514.8476939201355,356.0,21.0,True,32,image,,10.0
5724.0,1435.0439453125,554.7652816772461,0.5535858869552612,0.3620164096355438,0.5605640411376953,0.3852536678314209,2.43023681640625,2.303131103515625,Fixation,1431.8096347384983,514.8476939201355,356.0,21.0,True,32,image,,10.0
5728.0,1434.6591186523438,531.1474227905273,0.5539197325706482,0.3641959428787231,0.5604137182235718,0.3688523769378662,2.4349517822265625,2.2339324951171875,Fixation,1431.8096347384983,514.8476939201355,356.0,21.0,True,32,image,,10.0
5732.0,1447.6176452636719,504.78680133819574,0.5573455095291138,0.3478548228740692,0.5654756426811218,0.3505463898181915,2.4018096923828125,2.225677490234375,Fixation,1431.8096347384983,514.8476939201355,356.0,21.0,True,32,image,,10.0
5736.0,1443.9401245117188,473.7545871734619,0.5568121671676636,0.364916443824768,0.5640391111373901,0.3289962410926819,2.4364776611328125,2.1625213623046875,Fixation,1431.8096347384983,514.8476939201355,356.0,21.0,True,32,image,,10.0
5740.0,1440.2108764648438,530.0296497344971,0.5622286200523376,0.3486758470535278,0.5625823736190796,0.3680761456489563,2.40423583984375,2.2351531982421875,Fixation,1431.8096347384983,514.8476939201355,356.0,21.0,True,32,image,,10.0
5744.0,1440.1814270019531,478.87992382049555,0.5542817711830139,0.3716489672660827,0.5625708699226379,0.3325555026531219,2.444091796875,2.13275146484375,Fixation,1431.8096347384983,514.8476939201355,356.0,21.0,True,32,image,,10.0
5748.0,1446.3294982910156,528.8939809799194,0.5572484731674194,0.3716902732849121,0.564972460269928,0.3672874867916107,2.450592041015625,2.2559814453125,Fixation,1431.8096347384983,514.8476939201355,356.0,21.0,True,32,image,,10.0
5752.0,1452.0632934570312,520.552954673767,0.5564053058624268,0.3537164330482483,0.5672122240066528,0.3614951074123382,2.4195556640625,2.2343902587890625,Fixation,1431.8096347384983,514.8476939201355,356.0,21.0,True,32,image,,10.0
5756.0,1429.0994262695312,535.4670667648315,0.5582296252250671,0.3581757843494415,0.5582419633865356,0.3718521296977997,2.416290283203125,2.2518768310546875,Fixation,1431.8096347384983,514.8476939201355,356.0,21.0,True,32,image,,10.0
5760.0,1428.6192321777344,541.6216421127318,0.5571719408035278,0.3682782351970672,0.5580543875694275,0.3761261403560638,2.444686889648437,2.2340545654296875,Fixation,1431.8096347384983,514.8476939201355,356.0,21.0,True,32,image,,10.0
5764.0,1439.2791748046875,519.3538570404052,0.5597290992736816,0.3548728823661804,0.562218427658081,0.3606624007225036,2.4092559814453125,2.19390869140625,Fixation,1431.8096347384983,514.8476939201355,356.0,21.0,True,32,image,,10.0
5768.0,1419.9528503417969,524.548201560974,0.5546690821647644,0.3642695844173431,,,2.433013916015625,,Fixation,1431.8096347384983,514.8476939201355,356.0,21.0,True,32,image,,10.0
5772.0,1423.2162475585938,531.506667137146,0.55972820520401,0.3520664274692535,0.5559438467025757,0.3691018521785736,2.4141998291015625,2.229095458984375,Fixation,1431.8096347384983,514.8476939201355,356.0,21.0,True,32,image,,10.0
5776.0,1439.1903686523438,530.1485681533813,0.5609238147735596,0.3461945950984955,0.5621837377548218,0.3681587278842926,2.3971710205078125,2.233062744140625,Fixation,1431.8096347384983,514.8476939201355,356.0,21.0,True,32,image,,10.0
5780.0,1423.01513671875,536.147232055664,0.5558652877807617,0.3723244667053222,,,2.4478912353515625,,Fixation,1431.8096347384983,514.8476939201355,356.0,21.0,True,32,image,,10.0
5784.0,1445.7102966308594,529.9838161468505,0.5602235198020935,0.3665093779563904,0.5647305846214294,0.3680443167686462,2.42071533203125,2.2379150390625,Fixation,1431.8096347384983,514.8476939201355,356.0,21.0,True,32,image,,10.0
5788.0,1429.5439147949219,530.9858894348145,0.5545742511749268,0.3753710389137268,0.5584155917167664,0.3687402009963989,2.44891357421875,2.2292938232421875,Fixation,1431.8096347384983,514.8476939201355,356.0,21.0,True,32,image,,10.0
5792.0,1441.1497497558594,458.10718059539795,0.557793378829956,0.3655248582363128,0.5629491209983826,0.3181299865245819,2.4325103759765625,2.1404571533203125,Fixation,1431.8096347384983,514.8476939201355,356.0,21.0,True,32,image,,10.0
5796.0,1433.4640502929688,553.9298915863037,0.5571861863136292,0.3783859014511108,0.5599468946456909,0.384673535823822,2.457611083984375,2.2859649658203125,Fixation,1431.8096347384983,514.8476939201355,356.0,21.0,True,32,image,,10.0
5800.0,1419.3838500976562,510.97669601440424,0.5548460483551025,0.370824247598648,0.554446816444397,0.3548449277877807,2.442611694335937,2.198638916015625,Fixation,1431.8096347384983,514.8476939201355,356.0,21.0,True,32,image,,10.0
5804.0,1435.396728515625,550.1947116851807,0.5594107508659363,0.3549866676330566,0.560701847076416,0.3820796608924866,2.4130096435546875,2.2594451904296875,Fixation,1431.8096347384983,514.8476939201355,356.0,21.0,True,32,image,,10.0
5808.0,1428.3804321289062,499.0296220779419,0.5554630756378174,0.3687610030174255,0.557961106300354,0.3465483486652374,2.446563720703125,2.174285888671875,Fixation,1431.8096347384983,514.8476939201355,356.0,21.0,True,32,image,,10.0
5812.0,1410.5464172363281,543.0888748168944,0.5588284134864807,0.3532906472682953,0.5509946942329407,0.3771450519561767,2.3959503173828125,2.243865966796875,Fixation,1431.8096347384983,514.8476939201355,356.0,21.0,True,32,image,,10.0
5816.0,1438.5888671875,471.17490291595453,0.5564578771591187,0.3495315611362457,0.5619487762451172,0.3272047936916351,2.408065795898437,2.15423583984375,Fixation,1431.8096347384983,514.8476939201355,356.0,21.0,True,32,image,,10.0
5820.0,1440.2066040039062,472.61076450347895,0.5589964389801025,0.3719167709350586,0.5625807046890259,0.3282019197940826,2.4482421875,2.150619506835937,Fixation,1431.8096347384983,514.8476939201355,356.0,21.0,True,32,image,,10.0
5824.0,1433.9411926269531,486.12047195434565,0.5580414533615112,0.344693660736084,0.5601332783699036,0.3375836610794067,2.4041900634765625,2.1790771484375,Fixation,1431.8096347384983,514.8476939201355,356.0,21.0,True,32,image,,10.0
5828.0,1400.3300476074219,557.293553352356,0.5492048859596252,0.3560053706169128,0.5470039248466492,0.3870094120502472,2.425140380859375,2.236312866210937,Fixation,1431.8096347384983,514.8476939201355,356.0,21.0,True,32,image,,10.0
5832.0,1348.7164306640625,535.9318828582764,0.5276024341583252,0.3821237981319427,0.5268423557281494,0.3721749186515808,2.461669921875,2.207794189453125,Fixation,1431.8096347384983,514.8476939201355,356.0,21.0,True,32,image,,10.0
5836.0,1296.9706726074219,540.437135696411,0.4982024133205414,0.3861167728900909,0.5066291689872742,0.375303566455841,2.490447998046875,2.2869110107421875,Saccade,,,,0.0,False,33,,,
5840.0,1249.2841339111326,561.0228538513184,0.4700600802898407,0.3709738552570343,0.4880016148090362,0.3895992040634155,2.472763061523437,2.2914581298828125,Saccade,,,,0.0,False,33,,,
5844.0,1194.3852233886716,520.2648639678954,0.4463689923286438,0.372347742319107,0.4665567278861999,0.3612950444221496,2.46429443359375,2.22393798828125,Saccade,,,,0.0,False,33,,,
5848.0,1129.9757385253906,531.0602617263794,0.4310729801654815,0.3544767200946808,0.4413967728614807,0.3687918484210968,2.430526733398437,2.27740478515625,Saccade,,,,0.0,False,33,,,
5852.0,1072.740783691406,529.8910331726073,0.4130466282367706,0.3442220687866211,0.4190393686294555,0.367979884147644,2.4177398681640625,2.2953338623046875,Saccade,,,,0.0,False,33,,,
5856.0,1030.53352355957,513.4950542449951,0.3901999294757843,0.3330417275428772,0.4025521576404571,0.3565937876701355,2.378448486328125,2.2391357421875,Fixation,939.4085963567098,521.7216128110886,188.0,22.0,True,34,image,,10.0
5860.0,987.7396392822264,518.2588720321655,0.38272625207901,0.3317353427410126,0.3858357965946197,0.3599019944667816,2.376007080078125,2.218475341796875,Fixation,939.4085963567098,521.7216128110886,188.0,22.0,True,34,image,,10.0
5864.0,945.3302001953124,534.5691490173339,0.3655264973640442,0.3361741900444031,0.3692696094512939,0.3712285757064819,2.345672607421875,2.2912139892578125,Fixation,939.4085963567098,521.7216128110886,188.0,22.0,True,34,image,,10.0
5868.0,939.3319702148436,515.4128122329711,0.3529289662837982,0.3299936354160309,0.3669265508651733,0.3579255640506744,2.36419677734375,2.22784423828125,Fixation,939.4085963567098,521.7216128110886,188.0,22.0,True,34,image,,10.0
5872.0,922.5253295898438,503.90806674957275,0.3531300127506256,0.3413220345973968,0.3603614568710327,0.3499361574649811,2.3800811767578125,2.19140625,Fixation,939.4085963567098,521.7216128110886,188.0,22.0,True,34,image,,10.0
5876.0,925.3878021240233,529.5005464553833,0.3620743751525879,0.3273414671421051,0.3614796102046966,0.3677087128162384,2.350448608398437,2.2933807373046875,Fixation,939.4085963567098,521.7216128110886,188.0,22.0,True,34,image,,10.0
5880.0,938.6912536621094,505.7033014297485,0.3641615509986877,0.3344339430332184,0.3666762709617615,0.3511828482151031,2.358978271484375,2.2505340576171875,Fixation,939.4085963567098,521.7216128110886,188.0,22.0,True,34,image,,10.0
5884.0,933.2459259033203,533.5803794860839,0.3666729629039764,0.3404031991958618,0.3645491898059845,0.3705419301986694,2.374176025390625,2.294662475585937,Fixation,939.4085963567098,521.7216128110886,188.0,22.0,True,34,image,,10.0
5888.0,928.7190246582031,513.0914354324341,0.3589703738689422,0.3316603302955627,0.3627808690071106,0.3563134968280792,2.345245361328125,2.2411041259765625,Fixation,939.4085963567098,521.7216128110886,188.0,22.0,True,34,image,,10.0
5892.0,934.4163513183593,556.0396957397461,0.3598149418830871,0.3345488011837005,0.3650063872337341,0.3861386775970459,2.354949951171875,2.316375732421875,Fixation,939.4085963567098,521.7216128110886,188.0,22.0,True,34,image,,10.0
5896.0,941.9521331787108,522.5695037841796,0.3591949343681335,0.3239307105541229,0.3679500520229339,0.3628954887390136,2.3463897705078125,2.2443084716796875,Fixation,939.4085963567098,521.7216128110886,188.0,22.0,True,34,image,,10.0
5900.0,932.9271697998047,543.3238363265991,0.3620272576808929,0.3374412059783935,0.3644246757030487,0.3773082196712494,2.3741912841796875,2.2634429931640625,Fixation,939.4085963567098,521.7216128110886,188.0,22.0,True,34,image,,10.0
5904.0,939.1935729980468,517.8188610076904,0.3587270081043243,0.3252125382423401,0.366872489452362,0.3595964312553406,2.3512115478515625,2.2520751953125,Fixation,939.4085963567098,521.7216128110886,188.0,22.0,True,34,image,,10.0
5908.0,928.3385467529296,494.7566270828247,0.3627203404903412,0.3390126526355743,0.3626322448253631,0.3435809910297394,2.3598175048828125,2.208358764648437,Fixation,939.4085963567098,521.7216128110886,188.0,22.0,True,34,image,,10.0
5912.0,938.825454711914,528.2020998001099,0.3623115122318268,0.3275468647480011,0.3667286932468414,0.3668070137500763,2.3549346923828125,2.235580444335937,Fixation,939.4085963567098,521.7216128110886,188.0,22.0,True,34,image,,10.0
5916.0,936.0071563720702,524.3226385116577,0.3611594438552856,0.3208903670310974,0.3656277954578399,0.3641129434108734,2.334991455078125,2.233795166015625,Fixation,939.4085963567098,521.7216128110886,188.0,22.0,True,34,image,,10.0
5920.0,925.5968475341796,516.3529586791992,0.3578208088874817,0.3198456168174743,0.3615612685680389,0.3585784435272217,2.3157958984375,2.2424774169921875,Fixation,939.4085963567098,521.7216128110886,188.0,22.0,True,34,image,,10.0
5924.0,919.0410614013671,534.0491437911986,0.3602075278759002,0.331743448972702,0.359000414609909,0.3708674609661102,2.35333251953125,2.2525177001953125,Fixation,939.4085963567098,521.7216128110886,188.0,22.0,True,34,image,,10.0
5928.0,927.7888488769531,540.2031612396239,0.3621226251125335,0.3109809160232544,0.3624175190925598,0.3751410841941833,2.313262939453125,2.2537994384765625,Fixation,939.4085963567098,521.7216128110886,188.0,22.0,True,34,image,,10.0
5932.0,932.1546936035156,514.5036935806274,0.3636560440063476,0.3245191872119903,0.3641229271888733,0.3572942316532135,2.348175048828125,2.2342529296875,Fixation,939.4085963567098,521.7216128110886,188.0,22.0,True,34,image,,10.0
5936.0,935.10986328125,532.6234531402588,0.3602485358715057,0.3135019242763519,0.3652772903442383,0.3698773980140686,2.309814453125,2.2902984619140625,Fixation,939.4085963567098,521.7216128110886,188.0,22.0,True,34,image,,10.0
5940.0,934.3568420410155,549.3195819854736,0.3589006960391998,0.3288793563842773,0.3649831414222717,0.3814719319343567,2.327301025390625,2.2572479248046875,Fixation,939.4085963567098,521.7216128110886,188.0,22.0,True,34,image,,10.0
5944.0,931.5973663330078,500.43312549591064,0.3640858829021454,0.3318026661872864,0.3639052212238312,0.3475230038166046,2.332794189453125,2.2363433837890625,Fixation,939.4085963567098,521.7216128110886,188.0,22.0,True,34,image,,10.0
5948.0,926.0602569580078,509.1465711593628,0.3612026870250702,0.3267377018928528,0.3617422878742218,0.3535740077495575,2.32537841796875,2.2247314453125,Fixation,939.4085963567098,521.7216128110886,188.0,22.0,True,34,image,,10.0
5952.0,927.4690246582031,521.9996309280394,0.3594098389148712,0.3230604231357574,0.3622925877571106,0.3624997437000274,2.3195037841796875,2.247833251953125,Fixation,939.4085963567098,521.7216128110886,188.0,22.0,True,34,image,,10.0
5956.0,931.079864501953,544.3395566940306,0.3609597682952881,0.3283102810382843,0.3637030720710754,0.3780135810375213,2.3369903564453125,2.2676239013671875,Fixation,939.4085963567098,521.7216128110886,188.0,22.0,True,34,image,,10.0
5960.0,936.897735595703,528.0291080474854,0.3626879751682281,0.3300865590572357,0.3659756779670715,0.3666868805885315,2.331039428710937,2.231689453125,Fixation,939.4085963567098,521.7216128110886,188.0,22.0,True,34,image,,10.0
5964.0,922.6235198974609,543.6916637420654,0.3596754074096679,0.337832361459732,0.3603998124599457,0.3775636553764343,2.3489227294921875,2.275634765625,Fixation,939.4085963567098,521.7216128110886,188.0,22.0,True,34,image,,10.0
5968.0,921.6909790039062,566.6905975341796,0.3633627593517303,0.3254150152206421,0.3600355386734009,0.3935351371765136,2.3201446533203125,2.29290771484375,Fixation,939.4085963567098,521.7216128110886,188.0,22.0,True,34,image,,10.0
5972.0,932.9127502441405,514.318470954895,0.3582904636859894,0.3277375400066376,0.3644190430641174,0.3571656048297882,2.3337554931640625,2.216522216796875,Fixation,939.4085963567098,521.7216128110886,188.0,22.0,True,34,image,,10.0
5976.0,912.3570251464843,467.26385593414307,0.3563894629478454,0.3244887888431549,,,2.3267364501953125,,Fixation,939.4085963567098,521.7216128110886,188.0,22.0,True,34,image,,10.0
5980.0,926.8909454345702,542.8051614761353,0.3600898683071136,0.3356182277202606,0.362066775560379,0.3769480288028717,2.3368682861328125,2.260711669921875,Fixation,939.4085963567098,521.7216128110886,188.0,22.0,True,34,image,,10.0
5984.0,931.8145751953124,521.9919490814208,0.3610029816627502,0.3297564387321472,0.3639900684356689,0.36249440908432,2.33001708984375,2.2191314697265625,Fixation,939.4085963567098,521.7216128110886,188.0,22.0,True,34,image,,10.0
5988.0,924.9040222167969,537.8925132751464,0.3622027337551117,0.333602100610733,0.3612906336784363,0.373536467552185,2.3053741455078125,2.2301177978515625,Fixation,939.4085963567098,521.7216128110886,188.0,22.0,True,34,image,,10.0
5992.0,912.2943878173827,502.71265983581543,0.3580490052700043,0.3307391405105591,0.3563649952411651,0.3491060137748718,2.33251953125,2.209091186523437,Fixation,939.4085963567098,521.7216128110886,188.0,22.0,True,34,image,,10.0
5996.0,935.5249023437499,523.455147743225,0.3611881732940674,0.3433325588703155,0.3654394149780273,0.3635105192661285,2.35589599609375,2.2674102783203125,Fixation,939.4085963567098,521.7216128110886,188.0,22.0,True,34,image,,10.0
6000.0,915.502471923828,509.6322011947631,0.3621793687343597,0.3412767052650451,0.3576181530952453,0.3539112508296966,2.36712646484375,2.2193756103515625,Fixation,939.4085963567098,521.7216128110886,188.0,22.0,True,34,image,,10.0
6004.0,922.6124572753905,515.1915407180786,0.3615686297416687,0.3353974223136902,0.3603954911231994,0.3577719032764435,2.348541259765625,2.27081298828125,Fixation,939.4085963567098,521.7216128110886,188.0,22.0,True,34,image,,10.0
6008.0,935.3126525878906,504.8876094818115,0.3601653575897217,0.3349133729934692,0.3653565049171448,0.3506163954734802,2.31292724609375,2.211181640625,Fixation,939.4085963567098,521.7216128110886,188.0,22.0,True,34,image,,10.0
6012.0,909.7697448730468,523.6421298980712,0.3594053387641907,0.3313476145267486,0.3553788065910339,0.3636403679847717,2.32952880859375,2.2670440673828125,Fixation,939.4085963567098,521.7216128110886,188.0,22.0,True,34,image,,10.0
6016.0,919.0059661865234,493.72249603271484,0.3589867055416107,0.3428628444671631,,,2.370849609375,,Fixation,939.4085963567098,521.7216128110886,188.0,22.0,True,34,image,,10.0
6020.0,923.3997344970703,514.8988151550293,0.3558929562568664,0.3264587521553039,0.3607030212879181,0.357568621635437,2.351715087890625,2.249618530273437,Fixation,939.4085963567098,521.7216128110886,188.0,22.0,True,34,image,,10.0
6024.0,923.7649536132812,512.9205465316772,0.3575979769229889,0.3192013502120971,0.360845685005188,0.3561948239803314,2.3122100830078125,2.2581787109375,Fixation,939.4085963567098,521.7216128110886,188.0,22.0,True,34,image,,10.0
6028.0,907.7525329589843,466.41361713409424,0.3545908331871032,0.3238983452320099,,,2.313751220703125,,Fixation,939.4085963567098,521.7216128110886,188.0,22.0,True,34,image,,10.0
6032.0,963.0992889404296,540.0494813919067,0.3595540225505829,0.3368851840496063,0.3762106597423553,0.375034362077713,2.332763671875,2.2301025390625,Fixation,939.4085963567098,521.7216128110886,188.0,22.0,True,34,image,,10.0
6036.0,1001.3665771484375,518.4207916259766,0.3843624889850616,0.3538211584091186,0.3911588191986084,0.3600144386291504,2.3624267578125,2.204330444335937,Fixation,939.4085963567098,521.7216128110886,188.0,22.0,True,34,image,,10.0
6040.0,1065.8937835693357,554.4303703308105,0.3996056914329529,0.3585961461067199,0.4163647592067718,0.3850210905075073,2.333160400390625,2.2731170654296875,Fixation,939.4085963567098,521.7216128110886,188.0,22.0,True,34,image,,10.0
6044.0,1052.8018951416016,522.0529317855835,0.4112507402896881,0.362536758184433,,,2.349029541015625,,Fixation,939.4085963567098,521.7216128110886,188.0,22.0,True,34,image,,10.0
6048.0,1119.0094757080076,507.4072551727295,0.4142811000347137,0.3590395450592041,0.4371130764484405,0.3523661494255066,2.348495483398437,2.2078857421875,Saccade,,,,0.0,False,35,,,
6052.0,1112.3265075683594,549.4036960601807,0.4345025420188904,0.3815303444862366,,,2.3691558837890625,,Saccade,,,,0.0,False,35,,,
6056.0,1156.6896057128906,556.9513463973999,0.4518318772315979,0.3867717683315277,,,2.3822021484375,,Saccade,,,,0.0,False,35,,,
6060.0,1229.3167114257812,589.9773216247559,0.4802018404006958,0.4097064733505249,,,2.3996124267578125,,Saccade,,,,0.0,False,35,,,
6064.0,1273.418197631836,605.2759552001953,0.4974289834499359,0.4203305244445801,,,2.4286041259765625,,Saccade,,,,0.0,False,35,,,
6068.0,1308.0274963378906,587.6335430145264,0.5109482407569885,0.4080788493156433,,,2.3802642822265625,,Saccade,,,,0.0,False,35,,,
6072.0,1345.5819702148438,612.3978853225708,0.5256179571151733,0.4252763092517853,,,2.3659210205078125,,Saccade,,,,0.0,False,35,,,
6076.0,1380.6571960449219,645.4461336135864,0.5393192172050476,0.4482264816761017,,,2.3994598388671875,,Saccade,,,,0.0,False,35,,,
6080.0,1454.2184448242188,636.2630653381347,0.5680540800094604,0.4418493509292602,,,2.377792358398437,,Saccade,,,,0.0,False,35,,,
6084.0,1506.2960815429688,677.0801925659179,0.5883969068527222,0.4701945781707763,,,2.425384521484375,,Saccade,,,,0.0,False,35,,,
6088.0,1557.5209045410156,691.8519115447998,0.6084066033363342,0.4804527163505554,,,2.4051055908203125,,Saccade,,,,0.0,False,35,,,
6092.0,1584.9737548828125,710.4702186584473,0.6191303730010986,0.4933820962905884,,,2.3946990966796875,,Saccade,,,,0.0,False,35,,,
6096.0,1632.7925109863281,727.6985836029053,0.6378095746040344,0.5053462386131287,,,2.3882598876953125,,Saccade,,,,0.0,False,35,,,
6100.0,1671.439208984375,947.6841831207275,0.654680073261261,0.5344425439834595,0.6529059410095215,0.6581140160560608,2.4306640625,2.4017486572265625,Saccade,,,,0.0,False,35,,,
6104.0,1736.5715026855469,794.3292903900146,0.6783482432365417,0.5516175627708435,,,2.4563140869140625,,Saccade,,,,0.0,False,35,,,
6108.0,1773.8050842285156,810.5481147766113,0.6928926110267639,0.5628806352615356,,,2.4142608642578125,,Saccade,,,,0.0,False,35,,,
6112.0,1800.0198364257812,853.2479381561279,0.7031327486038208,0.5925332903862,,,2.435531616210937,,Saccade,,,,0.0,False,35,,,
6116.0,1858.7265014648438,902.3612880706787,0.7260650396347046,0.6266397833824158,,,2.4534912109375,,Saccade,,,,0.0,False,35,,,
6120.0,1883.2406616210938,942.5539112091064,0.7356408834457397,0.6545513272285461,,,2.483612060546875,,Saccade,,,,0.0,False,35,,,
6124.0,1914.3589782714844,988.4872341156006,0.7477964758872986,0.6864494681358337,,,2.4889678955078125,,Saccade,,,,0.0,False,35,,,
6128.0,1912.9974365234375,1018.29176902771,0.7472646236419678,0.7071470618247986,,,2.4848175048828125,,Saccade,,,,0.0,False,35,,,
6132.0,1929.3222045898438,1027.7569198608398,0.7536414861679077,0.7137200832366943,,,2.478744506835937,,Saccade,,,,0.0,False,35,,,
6136.0,1912.1116638183594,1066.2172222137451,0.7469186186790466,0.740428626537323,,,2.4780426025390625,,Saccade,,,,0.0,False,35,,,
6140.0,1904.8825073242188,1095.027494430542,0.744094729423523,0.7604357600212097,,,2.507720947265625,,Saccade,,,,0.0,False,35,,,
6144.0,1907.921142578125,1092.094316482544,0.7452816963195801,0.7583988308906555,,,2.470916748046875,,Saccade,,,,0.0,False,35,,,
6148.0,1690.3617858886719,1200.614948272705,0.7472453117370605,0.7753039598464966,0.6602975726127625,0.8337603807449341,2.4901123046875,2.725555419921875,Saccade,,,,0.0,False,35,,,
6152.0,1753.7528991699219,1245.787467956543,0.747897744178772,0.7729107141494751,0.6850597262382507,0.8651301860809326,2.49652099609375,2.518905639648437,Saccade,,,,0.0,False,35,,,
6156.0,1894.0447998046875,1139.928617477417,0.739861249923706,0.7916170954704285,,,2.503662109375,,Fixation,1893.7825371237361,1128.7045854680678,200.0,23.0,True,36,word,abandoned,9.0
6160.0,1889.090576171875,1144.1117477416992,0.7379260063171387,0.7945220470428467,,,2.4837188720703125,,Fixation,1893.7825371237361,1128.7045854680678,200.0,23.0,True,36,word,abandoned,9.0
6164.0,1897.6081848144531,1136.0564517974854,0.7412531971931458,0.7889280915260315,,,2.50604248046875,,Fixation,1893.7825371237361,1128.7045854680678,200.0,23.0,True,36,word,abandoned,9.0
6168.0,1897.2248840332031,1134.046983718872,0.74110347032547,0.78753262758255,,,2.525634765625,,Fixation,1893.7825371237361,1128.7045854680678,200.0,23.0,True,36,word,abandoned,9.0
6172.0,1898.1561279296875,1121.7256450653076,0.7414672374725342,0.7789761424064636,,,2.524993896484375,,Fixation,1893.7825371237361,1128.7045854680678,200.0,23.0,True,36,word,abandoned,9.0
6176.0,1894.2185974121094,1113.4482192993164,0.7399291396141052,0.7732279300689697,,,2.4975738525390625,,Fixation,1893.7825371237361,1128.7045854680678,200.0,23.0,True,36,word,abandoned,9.0
6180.0,1908.0879211425781,1114.1756343841553,0.7453468441963196,0.7737330794334412,,,2.4994659423828125,,Fixation,1893.7825371237361,1128.7045854680678,200.0,23.0,True,36,word,abandoned,9.0
6184.0,1913.6882019042969,1110.0235748291016,0.747534453868866,0.7708497047424316,,,2.5294952392578125,,Fixation,1893.7825371237361,1128.7045854680678,200.0,23.0,True,36,word,abandoned,9.0
6188.0,1922.5321960449219,1100.379295349121,0.7410888671875,0.7660654783248901,0.7509891390800476,0.7641522884368896,2.508819580078125,2.2588653564453125,Fixation,1893.7825371237361,1128.7045854680678,200.0,23.0,True,36,word,abandoned,9.0
6192.0,1899.0771484375,1112.9265403747559,0.7418270111083984,0.7728656530380249,,,2.508056640625,,Fixation,1893.7825371237361,1128.7045854680678,200.0,23.0,True,36,word,abandoned,9.0
6196.0,1896.5440368652344,1105.0263404846191,0.7408375144004822,0.7673794031143188,,,2.4949188232421875,,Fixation,1893.7825371237361,1128.7045854680678,200.0,23.0,True,36,word,abandoned,9.0
6200.0,1901.1125183105469,1121.5058326721191,0.7426220774650574,0.7788234949111938,,,2.518661499023437,,Fixation,1893.7825371237361,1128.7045854680678,200.0,23.0,True,36,word,abandoned,9.0
6204.0,1911.6986083984375,1111.7286014556885,0.7467572689056396,0.7720337510108948,,,2.51171875,,Fixation,1893.7825371237361,1128.7045854680678,200.0,23.0,True,36,word,abandoned,9.0
6208.0,1901.571044921875,1118.9346027374268,0.7428011894226074,0.7770379185676575,,,2.524505615234375,,Fixation,1893.7825371237361,1128.7045854680678,200.0,23.0,True,36,word,abandoned,9.0
6212.0,1879.539794921875,1115.2624225616455,0.7341952323913574,0.7744877934455872,,,2.5249176025390625,,Fixation,1893.7825371237361,1128.7045854680678,200.0,23.0,True,36,word,abandoned,9.0
6216.0,1898.6573791503906,1115.7006740570068,0.7416630387306213,0.7747921347618103,,,2.518402099609375,,Fixation,1893.7825371237361,1128.7045854680678,200.0,23.0,True,36,word,abandoned,9.0
6220.0,1912.1330261230469,1109.0208148956299,0.7386804819107056,0.7689678072929382,0.7469269633293152,0.7701533436775208,2.526107788085937,2.219635009765625,Fixation,1893.7825371237361,1128.7045854680678,200.0,23.0,True,36,word,abandoned,9.0
6224.0,1898.9241027832031,1113.4685611724854,0.7417672276496887,0.7732420563697815,,,2.511825561523437,,Fixation,1893.7825371237361,1128.7045854680678,200.0,23.0,True,36,word,abandoned,9.0
6228.0,1895.8843994140625,1118.7188243865967,0.7405798435211182,0.7768880724906921,,,2.5116424560546875,,Fixation,1893.7825371237361,1128.7045854680678,200.0,23.0,True,36,word,abandoned,9.0
6232.0,1891.9708251953125,1109.3382167816162,0.739051103591919,0.7703737616539001,,,2.5288543701171875,,Fixation,1893.7825371237361,1128.7045854680678,200.0,23.0,True,36,word,abandoned,9.0
6236.0,1873.4725952148438,1175.7803535461426,0.735510528087616,0.7715965509414673,0.7318252325057983,0.8165141344070435,2.52886962890625,2.380615234375,Fixation,1893.7825371237361,1128.7045854680678,200.0,23.0,True,36,word,abandoned,9.0
6240.0,1890.4110717773438,1115.8385181427002,0.7384418249130249,0.7748878598213196,,,2.512786865234375,,Fixation,1893.7825371237361,1128.7045854680678,200.0,23.0,True,36,word,abandoned,9.0
6244.0,1900.77880859375,1118.6836338043213,0.7424917221069336,0.7768636345863342,,,2.5282745361328125,,Fixation,1893.7825371237361,1128.7045854680678,200.0,23.0,True,36,word,abandoned,9.0
6248.0,1898.0851745605469,1133.0426788330078,0.7414395213127136,0.7868351936340332,,,2.5419158935546875,,Fixation,1893.7825371237361,1128.7045854680678,200.0,23.0,True,36,word,abandoned,9.0
6252.0,1872.6789855957031,1160.2063751220703,0.7433395385742188,0.7807791829109192,0.7315152287483215,0.8056988716125488,2.521453857421875,2.2918701171875,Fixation,1893.7825371237361,1128.7045854680678,200.0,23.0,True,36,word,abandoned,9.0
6256.0,1901.3327026367188,1116.7772483825684,0.7427080869674683,0.775539755821228,,,2.5319976806640625,,Fixation,1893.7825371237361,1128.7045854680678,200.0,23.0,True,36,word,abandoned,9.0
6260.0,1890.2120971679688,1128.299160003662,0.7383641004562378,0.7835410833358765,,,2.524642944335937,,Fixation,1893.7825371237361,1128.7045854680678,200.0,23.0,True,36,word,abandoned,9.0
6264.0,1890.4432678222656,1118.1458187103271,0.7407670617103577,0.775708794593811,0.7384544014930725,0.7764901518821716,2.532089233398437,2.235809326171875,Fixation,1893.7825371237361,1128.7045854680678,200.0,23.0,True,36,word,abandoned,9.0
6268.0,1892.3149108886719,1137.680025100708,0.7391855120658875,0.7900555729866028,,,2.528594970703125,,Fixation,1893.7825371237361,1128.7045854680678,200.0,23.0,True,36,word,abandoned,9.0
6272.0,1868.8514709472656,1154.7164726257324,0.7386316061019897,0.7764055132865906,0.7300201058387756,0.8018864393234253,2.5256500244140625,2.2847137451171875,Fixation,1893.7825371237361,1128.7045854680678,200.0,23.0,True,36,word,abandoned,9.0
6276.0,1843.5389709472656,1195.525016784668,0.7394934892654419,0.7824739217758179,0.7201324105262756,0.8302257061004639,2.5196685791015625,2.2834014892578125,Fixation,1893.7825371237361,1128.7045854680678,200.0,23.0,True,36,word,abandoned,9.0
6280.0,1891.1662292480469,1125.2483940124512,0.7387368083000183,0.78142249584198,,,2.525848388671875,,Fixation,1893.7825371237361,1128.7045854680678,200.0,23.0,True,36,word,abandoned,9.0
6284.0,1906.7886352539062,1145.4602336883545,0.7424361705780029,0.777582585811615,0.7448393106460571,0.7954584956169128,2.530181884765625,2.2803955078125,Fixation,1893.7825371237361,1128.7045854680678,200.0,23.0,True,36,word,abandoned,9.0
6288.0,1889.7332763671875,1125.0591373443604,0.7381770610809326,0.7812910676002502,,,2.5219268798828125,,Fixation,1893.7825371237361,1128.7045854680678,200.0,23.0,True,36,word,abandoned,9.0
6292.0,1892.4789428710938,1120.773696899414,0.739249587059021,0.7783150672912598,,,2.5340728759765625,,Fixation,1893.7825371237361,1128.7045854680678,200.0,23.0,True,36,word,abandoned,9.0
6296.0,1890.6942749023438,1126.9603729248047,0.738552451133728,0.7826113700866699,,,2.5538482666015625,,Fixation,1893.7825371237361,1128.7045854680678,200.0,23.0,True,36,word,abandoned,9.0
6300.0,1914.6548461914062,1130.4104232788086,0.7382818460464478,0.7821300625801086,0.7479120492935181,0.7850072383880615,2.5206756591796875,2.225555419921875,Fixation,1893.7825371237361,1128.7045854680678,200.0,23.0,True,36,word,abandoned,9.0
6304.0,1905.7908630371094,1119.9988174438477,0.7444495558738708,0.7777769565582275,,,2.50079345703125,,Fixation,1893.7825371237361,1128.7045854680678,200.0,23.0,True,36,word,abandoned,9.0
6308.0,1902.1412658691406,1149.440631866455,0.7439340949058533,0.7724778652191162,0.7430239319801331,0.7982226610183716,2.50787353515625,2.2454376220703125,Fixation,1893.7825371237361,1128.7045854680678,200.0,23.0,True,36,word,abandoned,9.0
6312.0,1895.8769226074219,1123.0733585357666,0.7405769228935242,0.7799120545387268,,,2.521514892578125,,Fixation,1893.7825371237361,1128.7045854680678,200.0,23.0,True,36,word,abandoned,9.0
6316.0,1888.995361328125,1136.394968032837,0.7378888130187988,0.7891631722450256,,,2.5282135009765625,,Fixation,1893.7825371237361,1128.7045854680678,200.0,23.0,True,36,word,abandoned,9.0
6320.0,1922.283935546875,1156.5317058563232,0.7423365712165833,0.787895917892456,0.750892162322998,0.80314701795578,2.52142333984375,2.264617919921875,Fixation,1893.7825371237361,1128.7045854680678,200.0,23.0,True,36,word,abandoned,9.0
6324.0,1910.9410095214844,1136.8006896972656,0.7408141493797302,0.7827887535095215,0.7464613318443298,0.7894449234008789,2.522705078125,2.2586212158203125,Fixation,1893.7825371237361,1128.7045854680678,200.0,23.0,True,36,word,abandoned,9.0
6328.0,1902.3150634765625,1139.5209217071533,0.7430918216705322,0.7913339734077454,,,2.512603759765625,,Fixation,1893.7825371237361,1128.7045854680678,200.0,23.0,True,36,word,abandoned,9.0
6332.0,1905.4240417480469,1124.7113513946533,0.7443062663078308,0.7810495495796204,,,2.488021850585937,,Fixation,1893.7825371237361,1128.7045854680678,200.0,23.0,True,36,word,abandoned,9.0
6336.0,1907.2966003417969,1133.3691787719727,0.7450647354125977,0.7716289162635803,0.7450377345085144,0.7870619297027588,2.514251708984375,2.270858764648437,Fixation,1893.7825371237361,1128.7045854680678,200.0,23.0,True,36,word,abandoned,9.0
6340.0,1915.6668090820312,1118.9367485046387,0.7483073472976685,0.7770394086837769,,,2.508651733398437,,Fixation,1893.7825371237361,1128.7045854680678,200.0,23.0,True,36,word,abandoned,9.0
6344.0,1895.8750915527344,1132.4210929870605,0.7405762076377869,0.7864035367965698,,,2.5431671142578125,,Fixation,1893.7825371237361,1128.7045854680678,200.0,23.0,True,36,word,abandoned,9.0
6348.0,1867.1282958984375,1135.1664733886719,0.7293469905853271,0.7883100509643555,,,2.513656616210937,,Fixation,1893.7825371237361,1128.7045854680678,200.0,23.0,True,36,word,abandoned,9.0
6352.0,1843.0572509765625,1122.147159576416,0.7199442386627197,0.7792688608169556,,,2.5225830078125,,Fixation,1893.7825371237361,1128.7045854680678,200.0,23.0,True,36,word,abandoned,9.0
6356.0,1810.7162475585938,1141.2856006622314,0.7056395411491394,0.7747663259506226,0.7073110342025757,0.7925594449043274,2.5145721435546875,2.2503814697265625,Fixation,1893.7825371237361,1128.7045854680678,200.0,23.0,True,36,word,abandoned,9.0
6360.0,1733.64990234375,1135.920581817627,0.7033820152282715,0.7718920111656189,0.6772069931030273,0.788833737373352,2.489471435546875,2.2437744140625,Fixation,1793.9652506510417,1121.6101773579915,104.0,24.0,True,37,word,abandoned,9.0
6364.0,1775.8329772949219,1153.4926128387451,0.6994709968566895,0.7700315117835999,0.6936847567558289,0.801036536693573,2.4907989501953125,2.278350830078125,Fixation,1793.9652506510417,1121.6101773579915,104.0,24.0,True,37,word,abandoned,9.0
6368.0,1815.7089233398438,1152.3242855072021,0.7017865777015686,0.7706126570701599,0.7092612981796265,0.8002251982688904,2.4901580810546875,2.294708251953125,Fixation,1793.9652506510417,1121.6101773579915,104.0,24.0,True,37,word,abandoned,9.0
6372.0,1805.1643371582031,1110.602502822876,0.7051423192024231,0.7712517380714417,,,2.4910430908203125,,Fixation,1793.9652506510417,1121.6101773579915,104.0,24.0,True,37,word,abandoned,9.0
6376.0,1792.9171752929688,1112.1408462524414,0.707233726978302,0.7768325805664062,0.7003582715988159,0.772320032119751,2.4864959716796875,2.22021484375,Fixation,1793.9652506510417,1121.6101773579915,104.0,24.0,True,37,word,abandoned,9.0
6380.0,1807.4575805664062,1125.3959369659424,0.7119683027267456,0.769514799118042,0.7060381174087524,0.7815249562263489,2.485214233398437,2.238983154296875,Fixation,1793.9652506510417,1121.6101773579915,104.0,24.0,True,37,word,abandoned,9.0
6384.0,1787.1000671386719,1112.2067642211914,0.7065532803535461,0.7711049914360046,0.6980859637260437,0.7723658084869385,2.4835357666015625,2.2082672119140625,Fixation,1793.9652506510417,1121.6101773579915,104.0,24.0,True,37,word,abandoned,9.0
6388.0,1797.6042175292969,1110.5589008331299,0.7094466090202332,0.7768867611885071,0.7021891474723816,0.7712214589118958,2.49737548828125,2.249053955078125,Fixation,1793.9652506510417,1121.6101773579915,104.0,24.0,True,37,word,abandoned,9.0
6392.0,1795.8493041992188,1111.5081882476807,0.7047237157821655,0.7713168263435364,0.7015036344528198,0.7718806862831116,2.491928100585937,2.2293243408203125,Fixation,1793.9652506510417,1121.6101773579915,104.0,24.0,True,37,word,abandoned,9.0
6396.0,1734.8518371582031,1182.5592613220215,0.7083485126495361,0.7753187417984009,0.6776764988899231,0.8212217092514038,2.492919921875,2.354400634765625,Fixation,1793.9652506510417,1121.6101773579915,104.0,24.0,True,37,word,abandoned,9.0
6400.0,1815.0439453125,1118.7560749053955,0.708071231842041,0.7749546766281128,0.7090015411376953,0.7769139409065247,2.477020263671875,2.2248077392578125,Fixation,1793.9652506510417,1121.6101773579915,104.0,24.0,True,37,word,abandoned,9.0
6404.0,1798.4992980957031,1136.453504562378,0.7086787819862366,0.7750897407531738,0.702538788318634,0.7892038226127625,2.494049072265625,2.2436065673828125,Fixation,1793.9652506510417,1121.6101773579915,104.0,24.0,True,37,word,abandoned,9.0
6408.0,1812.0109558105469,1124.2886352539062,0.7075167298316956,0.7713085412979126,0.7078167796134949,0.7807559967041016,2.504623413085937,2.248397827148437,Fixation,1793.9652506510417,1121.6101773579915,104.0,24.0,True,37,word,abandoned,9.0
6412.0,1774.5648193359375,1131.4967823028564,0.7038838863372803,0.7782227396965027,0.6931893825531006,0.7857616543769836,2.4897918701171875,2.247055053710937,Fixation,1793.9652506510417,1121.6101773579915,104.0,24.0,True,37,word,abandoned,9.0
6416.0,1794.2703247070312,1156.1343955993652,0.7063874006271362,0.7765917778015137,0.7008868455886841,0.8028711080551147,2.4982452392578125,2.2931671142578125,Fixation,1793.9652506510417,1121.6101773579915,104.0,24.0,True,37,word,abandoned,9.0
6420.0,1791.0818481445312,1115.3578662872314,0.7132585048675537,0.7742705941200256,0.6996413469314575,0.7745540738105774,2.4890594482421875,2.255889892578125,Fixation,1793.9652506510417,1121.6101773579915,104.0,24.0,True,37,word,abandoned,9.0
6424.0,1772.9502868652344,1114.0011405944824,0.7069678902626038,0.7734262347221375,0.6925587058067322,0.7736119031906128,2.4810028076171875,2.181640625,Fixation,1793.9652506510417,1121.6101773579915,104.0,24.0,True,37,word,abandoned,9.0
6428.0,1818.6637878417969,1111.1643505096436,0.7023834586143494,0.7827922701835632,0.7104155421257019,0.7716419100761414,2.482208251953125,2.1947479248046875,Fixation,1793.9652506510417,1121.6101773579915,104.0,24.0,True,37,word,abandoned,9.0
6432.0,1818.4220886230469,1113.8554859161377,0.7103211283683777,0.773510754108429,,,2.475692749023437,,Fixation,1793.9652506510417,1121.6101773579915,104.0,24.0,True,37,word,abandoned,9.0
6436.0,1803.1513977050781,1092.1266746520996,0.7112257480621338,0.7731699347496033,0.7043560147285461,0.7584213018417358,2.4811248779296875,2.191879272460937,Fixation,1793.9652506510417,1121.6101773579915,104.0,24.0,True,37,word,abandoned,9.0
6440.0,1794.1119384765625,1107.5258159637451,0.7094595432281494,0.7745703458786011,0.7008249759674072,0.769115149974823,2.4872589111328125,2.198837280273437,Fixation,1793.9652506510417,1121.6101773579915,104.0,24.0,True,37,word,abandoned,9.0
6444.0,1780.162353515625,1153.7541389465332,0.7097723484039307,0.7745707035064697,0.695375919342041,0.8012181520462036,2.4878082275390625,2.257553100585937,Fixation,1793.9652506510417,1121.6101773579915,104.0,24.0,True,37,word,abandoned,9.0
6448.0,1811.7483520507812,1115.9676933288574,0.7077142000198364,0.7749775648117065,,,2.4810333251953125,,Fixation,1793.9652506510417,1121.6101773579915,104.0,24.0,True,37,word,abandoned,9.0
6452.0,1793.4542846679688,1127.0757293701172,0.7100735902786255,0.7761735320091248,0.7005680799484253,0.782691478729248,2.4608612060546875,2.2273101806640625,Fixation,1793.9652506510417,1121.6101773579915,104.0,24.0,True,37,word,abandoned,9.0
6456.0,1805.8750915527344,1066.1688995361328,0.707726240158081,0.7752233743667603,0.7054199576377869,0.7403950691223145,2.4766082763671875,2.1264801025390625,Fixation,1793.9652506510417,1121.6101773579915,104.0,24.0,True,37,word,abandoned,9.0
6460.0,1800.380859375,1138.4411716461182,0.7111988067626953,0.7652230262756348,0.7032737731933594,0.790584146976471,2.4699249267578125,2.2636260986328125,Fixation,1793.9652506510417,1121.6101773579915,104.0,24.0,True,37,word,abandoned,9.0
6464.0,1806.5338134765625,1054.196548461914,0.7049750089645386,0.7712879180908203,0.7056772708892822,0.7320809364318848,2.468490600585937,2.1172332763671875,Fixation,1793.9652506510417,1121.6101773579915,104.0,24.0,True,37,word,abandoned,9.0
