timestamp,x,y,l_x,l_y,r_x,r_y,pupil_l,pupil_r,event_type,fixation_x,fixation_y,event_duration,fixation_id,merged,event_id,aoi_type,aoi,aoi_id
0.0,1234.9715423583984,925.7004547119141,0.4914475679397583,0.682312548160553,0.4824107587337494,0.6428475379943848,3.4630279541015625,3.2822723388671875,Fixation,1236.0507363539475,927.4630803328293,204.0,1.0,True,1,image,,10.0
4.0,1235.5136108398435,925.8928871154785,0.4917257130146026,0.6799991726875305,0.4826225042343139,0.6429811716079712,3.471160888671875,3.2957305908203125,Fixation,1236.0507363539475,927.4630803328293,204.0,1.0,True,1,image,,10.0
8.0,1239.2362976074216,920.8826923370361,0.4883778393268585,0.6818625926971436,0.4840766787528991,0.6395018696784973,3.4701080322265625,3.284408569335937,Fixation,1236.0507363539475,927.4630803328293,204.0,1.0,True,1,image,,10.0
12.0,1238.583755493164,927.5164604187012,0.4882811307907104,0.6876701712608337,0.4838217794895172,0.6441086530685425,3.458709716796875,3.28680419921875,Fixation,1236.0507363539475,927.4630803328293,204.0,1.0,True,1,image,,10.0
16.0,1238.935546875,924.2735195159912,0.489646703004837,0.6869966387748718,0.4839591979980469,0.6418566107749939,3.4796600341796875,3.2875518798828125,Fixation,1236.0507363539475,927.4630803328293,204.0,1.0,True,1,image,,10.0
20.0,1236.8537902832031,927.3488330841064,0.4877322018146515,0.6857231855392456,0.4831460118293762,0.6439922451972961,3.4696044921875,3.301742553710937,Fixation,1236.0507363539475,927.4630803328293,204.0,1.0,True,1,image,,10.0
24.0,1239.3853759765625,922.1159076690674,0.4896441996097564,0.6834517121315002,0.4841349124908447,0.6403582692146301,3.4845428466796875,3.288192749023437,Fixation,1236.0507363539475,927.4630803328293,204.0,1.0,True,1,image,,10.0
28.0,1238.339157104492,931.3419342041016,0.4899628162384033,0.6903706789016724,0.4837262332439422,0.6467652320861816,3.499114990234375,3.30169677734375,Fixation,1236.0507363539475,927.4630803328293,204.0,1.0,True,1,image,,10.0
32.0,1243.5942077636719,920.2227401733398,0.4871533811092376,0.6786877512931824,0.4857789874076843,0.6390435695648193,3.48614501953125,3.291595458984375,Fixation,1236.0507363539475,927.4630803328293,204.0,1.0,True,1,image,,10.0
36.0,1243.7530517578125,930.0648593902588,0.4900858402252197,0.6896470785140991,0.4858410358428955,0.6458783745765686,3.5022125244140625,3.301971435546875,Fixation,1236.0507363539475,927.4630803328293,204.0,1.0,True,1,image,,10.0
40.0,1243.9625549316406,936.359167098999,0.4843612611293793,0.6788327097892761,0.4859228730201721,0.6502494215965271,3.48223876953125,3.3181915283203125,Fixation,1236.0507363539475,927.4630803328293,204.0,1.0,True,1,image,,10.0
44.0,1245.697021484375,920.9879207611084,0.4885654747486114,0.6807782053947449,0.486600399017334,0.6395749449729919,3.489364624023437,3.3108367919921875,Fixation,1236.0507363539475,927.4630803328293,204.0,1.0,True,1,image,,10.0
48.0,1238.56201171875,923.8307189941406,0.4924213588237762,0.6851565837860107,0.4838132858276367,0.6415491104125977,3.513763427734375,3.3171539306640625,Fixation,1236.0507363539475,927.4630803328293,204.0,1.0,True,1,image,,10.0
52.0,1230.5095672607422,926.7862129211426,0.4901461005210876,0.6891511678695679,0.4806677997112274,0.6436015367507935,3.517913818359375,3.3202362060546875,Fixation,1236.0507363539475,927.4630803328293,204.0,1.0,True,1,image,,10.0
56.0,1234.045486450195,923.6734771728516,0.4879448711872101,0.6865749359130859,0.4820490181446075,0.6414399147033691,3.50152587890625,3.326171875,Fixation,1236.0507363539475,927.4630803328293,204.0,1.0,True,1,image,,10.0
60.0,1236.1022186279295,931.3098335266113,0.4886678755283355,0.6815516352653503,0.482852429151535,0.6467429399490356,3.5043487548828125,3.333740234375,Fixation,1236.0507363539475,927.4630803328293,204.0,1.0,True,1,image,,10.0
64.0,1236.2205505371091,926.6757488250732,0.4874381721019745,0.6751600503921509,0.4828986525535583,0.6435248255729675,3.5070037841796875,3.3235321044921875,Fixation,1236.0507363539475,927.4630803328293,204.0,1.0,True,1,image,,10.0
68.0,1234.782028198242,933.5413455963135,0.4916791617870331,0.6841022968292236,0.4823367297649383,0.648292601108551,3.526962280273437,3.334991455078125,Fixation,1236.0507363539475,927.4630803328293,204.0,1.0,True,1,image,,10.0
72.0,1238.2109069824216,929.07883644104,0.4894632995128631,0.6778864860534668,0.4836761355400085,0.6451936364173889,3.513031005859375,3.3365020751953125,Fixation,1236.0507363539475,927.4630803328293,204.0,1.0,True,1,image,,10.0
76.0,1236.816635131836,925.1771450042725,0.4896411597728729,0.6860859990119934,0.4831314980983734,0.6424841284751892,3.519515991210937,3.34136962890625,Fixation,1236.0507363539475,927.4630803328293,204.0,1.0,True,1,image,,10.0
80.0,1241.9233703613281,931.9411182403564,0.4879249632358551,0.6864446997642517,0.4851263165473938,0.6471813321113586,3.52032470703125,3.34246826171875,Fixation,1236.0507363539475,927.4630803328293,204.0,1.0,True,1,image,,10.0
84.0,1232.1896362304685,928.6192989349365,0.4923877418041229,0.68050217628479,0.4813240766525268,0.6448745131492615,3.530990600585937,3.346908569335937,Fixation,1236.0507363539475,927.4630803328293,204.0,1.0,True,1,image,,10.0
88.0,1235.0000762939453,923.7384510040283,0.4915800392627716,0.6793243885040283,0.4824219048023224,0.6414850354194641,3.520614624023437,3.329818725585937,Fixation,1236.0507363539475,927.4630803328293,204.0,1.0,True,1,image,,10.0
92.0,1242.5716400146482,921.5218734741211,0.4940058887004852,0.6771538853645325,0.485379546880722,0.6399457454681396,3.534393310546875,3.3402557373046875,Fixation,1236.0507363539475,927.4630803328293,204.0,1.0,True,1,image,,10.0
96.0,1239.3356323242185,920.3975772857666,0.4901545941829681,0.6832814812660217,0.4841154813766479,0.6391649842262268,3.5338287353515625,3.3330230712890625,Fixation,1236.0507363539475,927.4630803328293,204.0,1.0,True,1,image,,10.0
100.0,1234.5893859863281,927.1376037597656,0.4907677471637726,0.682192325592041,0.4822614789009094,0.6438455581665039,3.537582397460937,3.35357666015625,Fixation,1236.0507363539475,927.4630803328293,204.0,1.0,True,1,image,,10.0
104.0,1237.8372955322266,929.756383895874,0.4929977357387543,0.6813803911209106,0.483530193567276,0.6456641554832458,3.5560455322265625,3.3678741455078125,Fixation,1236.0507363539475,927.4630803328293,204.0,1.0,True,1,image,,10.0
108.0,1244.1782379150388,921.2280750274658,0.4896222352981567,0.686717689037323,0.4860071241855621,0.6397417187690735,3.5430908203125,3.3380279541015625,Fixation,1236.0507363539475,927.4630803328293,204.0,1.0,True,1,image,,10.0
112.0,1236.9335174560545,924.6009635925293,0.4927749037742615,0.6832372546195984,0.4831771552562713,0.642084002494812,3.5401153564453125,3.3502960205078125,Fixation,1236.0507363539475,927.4630803328293,204.0,1.0,True,1,image,,10.0
116.0,1232.8585815429685,934.4404220581055,0.4955340623855591,0.6789717078208923,0.4815853834152221,0.6489169597625732,3.555038452148437,3.3747711181640625,Fixation,1236.0507363539475,927.4630803328293,204.0,1.0,True,1,image,,10.0
120.0,1237.0481872558591,920.0635242462158,0.4891096651554107,0.6852135062217712,0.48322194814682,0.638933002948761,3.5560455322265625,3.3480682373046875,Fixation,1236.0507363539475,927.4630803328293,204.0,1.0,True,1,image,,10.0
124.0,1239.408950805664,928.0191707611084,0.4941534399986267,0.6873892545700073,0.4841441214084625,0.6444577574729919,3.5651397705078125,3.35418701171875,Fixation,1236.0507363539475,927.4630803328293,204.0,1.0,True,1,image,,10.0
128.0,1237.5714111328125,925.4397010803223,0.493938684463501,0.6827560663223267,0.4834263324737549,0.6426664590835571,3.57745361328125,3.361602783203125,Fixation,1236.0507363539475,927.4630803328293,204.0,1.0,True,1,image,,10.0
132.0,1239.9410247802734,922.9332733154297,0.488741010427475,0.6828314661979675,0.4843519628047943,0.6409258842468262,3.55755615234375,3.3630523681640625,Fixation,1236.0507363539475,927.4630803328293,204.0,1.0,True,1,image,,10.0
136.0,1245.3008270263672,919.8284339904785,0.4952166676521301,0.6855421662330627,0.4864456355571747,0.6387697458267212,3.5728912353515625,3.366806030273437,Fixation,1236.0507363539475,927.4630803328293,204.0,1.0,True,1,image,,10.0
140.0,1235.6050109863281,921.0613059997559,0.491489827632904,0.6873122453689575,0.4826582074165344,0.6396259069442749,3.57391357421875,3.375595092773437,Fixation,1236.0507363539475,927.4630803328293,204.0,1.0,True,1,image,,10.0
144.0,1241.090393066406,924.6438789367676,0.4916834533214569,0.688697874546051,0.4848009347915649,0.6421138048171997,3.579833984375,3.3657989501953125,Fixation,1236.0507363539475,927.4630803328293,204.0,1.0,True,1,image,,10.0
148.0,1236.1192321777344,922.7741432189941,0.4894552826881408,0.683912456035614,0.4828590750694275,0.6408153772354126,3.5479736328125,3.362518310546875,Fixation,1236.0507363539475,927.4630803328293,204.0,1.0,True,1,image,,10.0
152.0,1235.4637908935547,929.6744155883789,0.4921405017375946,0.6859495043754578,0.4826030433177948,0.6456072330474854,3.5750885009765625,3.380355834960937,Fixation,1236.0507363539475,927.4630803328293,204.0,1.0,True,1,image,,10.0
156.0,1229.8902130126953,932.9585552215576,0.4941681027412414,0.6869657635688782,0.4804258644580841,0.6478878855705261,3.57647705078125,3.3757476806640625,Fixation,1236.0507363539475,927.4630803328293,204.0,1.0,True,1,image,,10.0
160.0,1230.7395935058594,927.2720146179199,0.4907216429710388,0.6872095465660095,0.4807576537132263,0.6439388990402222,3.592559814453125,3.3811492919921875,Fixation,1236.0507363539475,927.4630803328293,204.0,1.0,True,1,image,,10.0
164.0,1229.0901947021482,927.8227043151855,0.4925556182861328,0.682616651058197,0.4801133573055267,0.6443213224411011,3.5968170166015625,3.3845367431640625,Fixation,1236.0507363539475,927.4630803328293,204.0,1.0,True,1,image,,10.0
168.0,1234.408721923828,933.7857055664062,0.4879754185676574,0.6794331073760986,0.4821909070014953,0.6484622955322266,3.5681610107421875,3.397567749023437,Fixation,1236.0507363539475,927.4630803328293,204.0,1.0,True,1,image,,10.0
172.0,1240.0778198242185,931.8703937530518,0.4921140372753143,0.682138204574585,0.4844053983688354,0.6471322178840637,3.5876922607421875,3.3785400390625,Fixation,1236.0507363539475,927.4630803328293,204.0,1.0,True,1,image,,10.0
176.0,1231.328125,935.3353786468506,0.4895005822181701,0.6825889945030212,0.480987548828125,0.6495384573936462,3.5866851806640625,3.39398193359375,Fixation,1236.0507363539475,927.4630803328293,204.0,1.0,True,1,image,,10.0
180.0,1234.3908691406248,932.9215621948242,0.4895026981830597,0.6865432262420654,0.4821839332580566,0.6478621959686279,3.611328125,3.39093017578125,Fixation,1236.0507363539475,927.4630803328293,204.0,1.0,True,1,image,,10.0
184.0,1226.4350128173826,930.1462268829346,0.4867691993713379,0.6852073669433594,0.4790761768817901,0.6459348797798157,3.597076416015625,3.4029693603515625,Fixation,1236.0507363539475,927.4630803328293,204.0,1.0,True,1,image,,10.0
188.0,1230.0138854980466,923.0322360992432,0.4894529283046722,0.6845707297325134,0.4804741740226745,0.6409946084022522,3.59747314453125,3.403289794921875,Fixation,1236.0507363539475,927.4630803328293,204.0,1.0,True,1,image,,10.0
192.0,1231.2114715576172,925.5124855041504,0.4907473921775818,0.6940546631813049,0.4809419810771942,0.6427170038223267,3.602767944335937,3.390228271484375,Fixation,1236.0507363539475,927.4630803328293,204.0,1.0,True,1,image,,10.0
196.0,1238.4452056884763,919.1520881652832,0.4951512515544891,0.689661979675293,0.4837676584720611,0.6383000612258911,3.60791015625,3.39703369140625,Fixation,1236.0507363539475,927.4630803328293,204.0,1.0,True,1,image,,10.0
200.0,1223.030548095703,935.6665134429932,0.4881687462329864,0.7050460577011108,0.477746307849884,0.6497684121131897,3.613479614257813,3.405990600585937,Fixation,1236.0507363539475,927.4630803328293,204.0,1.0,True,1,image,,10.0
204.0,1206.5351104736328,962.0040035247803,0.4739956855773926,0.730178952217102,0.4713027775287628,0.6680583357810974,3.627349853515625,3.4122772216796875,Fixation,1236.0507363539475,927.4630803328293,204.0,1.0,True,1,image,,10.0
208.0,1115.3788757324219,1012.108097076416,0.44782355427742,0.7549155950546265,0.4356948733329773,0.7028528451919556,3.648101806640625,3.42706298828125,Saccade,,,,0.0,False,2,,,
212.0,1023.2009887695311,1043.7081241607666,0.4148976802825928,0.773859441280365,0.3996878862380981,0.7247973084449768,3.646697998046875,3.4500885009765625,Saccade,,,,0.0,False,2,,,
216.0,937.5408935546875,1052.4656867980957,0.3842376172542572,0.7865194082260132,0.3662269115447998,0.7308789491653442,3.643020629882813,3.465545654296875,Saccade,,,,0.0,False,2,,,
220.0,891.2256622314453,1064.0175533294678,0.3722485303878784,0.797502338886261,0.3481350243091583,0.7389010787010193,3.628494262695313,3.457138061523437,Saccade,,,,0.0,False,2,,,
224.0,848.1356811523438,1073.719253540039,0.3545794188976288,0.8025240898132324,0.3313030004501343,0.745638370513916,3.63153076171875,3.46044921875,Saccade,,,,0.0,False,2,,,
228.0,817.7039337158203,1089.1095542907715,0.3379159569740295,0.807204008102417,0.3194155991077423,0.7563260793685913,3.6326904296875,3.4803924560546875,Fixation,807.3946928977966,1102.15562582016,124.0,2.0,True,3,word,banana,1.0
232.0,795.2043914794921,1101.3218879699707,0.3298064768314361,0.8169447779655457,0.3106267154216766,0.764806866645813,3.603195190429687,3.467254638671875,Fixation,807.3946928977966,1102.15562582016,124.0,2.0,True,3,word,banana,1.0
236.0,787.0301818847656,1108.0641460418701,0.3271768093109131,0.8189620971679688,0.3074336647987366,0.7694889903068542,3.6038818359375,3.47052001953125,Fixation,807.3946928977966,1102.15562582016,124.0,2.0,True,3,word,banana,1.0
240.0,791.2044525146483,1114.2842960357666,0.3284600079059601,0.8209652304649353,0.3090642392635345,0.7738085389137268,3.601287841796875,3.4676055908203125,Fixation,807.3946928977966,1102.15562582016,124.0,2.0,True,3,word,banana,1.0
244.0,821.5740966796874,1100.6124114990234,0.3332870006561279,0.8163426518440247,0.3209273815155029,0.7643141746520996,3.61810302734375,3.47808837890625,Fixation,807.3946928977966,1102.15562582016,124.0,2.0,True,3,word,banana,1.0
248.0,833.8626861572266,1101.3968181610107,0.3361790478229522,0.8210121989250183,0.3257276117801666,0.7648589015007019,3.615310668945313,3.478622436523437,Fixation,807.3946928977966,1102.15562582016,124.0,2.0,True,3,word,banana,1.0
252.0,821.2075805664061,1093.1193923950195,0.3294309973716736,0.8199818730354309,0.3207842111587524,0.759110689163208,3.607009887695313,3.490463256835937,Fixation,807.3946928977966,1102.15562582016,124.0,2.0,True,3,word,banana,1.0
256.0,816.1785125732421,1104.001178741455,0.3319636285305023,0.8163802027702332,0.3188197314739227,0.7666674852371216,3.619583129882813,3.48590087890625,Fixation,807.3946928977966,1102.15562582016,124.0,2.0,True,3,word,banana,1.0
260.0,807.0796203613281,1104.900770187378,0.3336765170097351,0.8183150887489319,0.3152654767036438,0.7672922015190125,3.625778198242187,3.4825897216796875,Fixation,807.3946928977966,1102.15562582016,124.0,2.0,True,3,word,banana,1.0
264.0,823.3100128173827,1102.5375938415527,0.3345553874969482,0.8234197497367859,0.3216054737567901,0.7656511068344116,3.643768310546875,3.470855712890625,Fixation,807.3946928977966,1102.15562582016,124.0,2.0,True,3,word,banana,1.0
268.0,807.1287536621094,1093.3481311798096,0.3357631266117096,0.8155573010444641,0.3152846693992615,0.7592695355415344,3.631103515625,3.464080810546875,Fixation,807.3946928977966,1102.15562582016,124.0,2.0,True,3,word,banana,1.0
272.0,810.1554870605469,1096.5375995635986,0.331578642129898,0.8176286220550537,0.3164669871330261,0.7614844441413879,3.6213226318359375,3.4829559326171875,Fixation,807.3946928977966,1102.15562582016,124.0,2.0,True,3,word,banana,1.0
276.0,816.0692596435546,1101.9721412658691,0.3313741087913513,0.812833309173584,0.3187770545482635,0.7652584314346313,3.616622924804687,3.47705078125,Fixation,807.3946928977966,1102.15562582016,124.0,2.0,True,3,word,banana,1.0
280.0,817.4450683593749,1100.725965499878,0.3315290808677673,0.8150612115859985,0.3193144798278808,0.7643930315971375,3.631866455078125,3.4666748046875,Fixation,807.3946928977966,1102.15562582016,124.0,2.0,True,3,word,banana,1.0
284.0,810.5712890624999,1098.3740329742432,0.3351435363292694,0.8183385729789734,0.316629409790039,0.7627597451210022,3.62139892578125,3.459228515625,Fixation,807.3946928977966,1102.15562582016,124.0,2.0,True,3,word,banana,1.0
288.0,818.5188293457031,1096.1595153808594,0.3380913138389587,0.8226606249809265,0.3197339177131653,0.7612218856811523,3.616180419921875,3.469757080078125,Fixation,807.3946928977966,1102.15562582016,124.0,2.0,True,3,word,banana,1.0
292.0,819.171905517578,1096.3841342926025,0.33494633436203,0.8195622563362122,0.3199890255928039,0.7613778710365295,3.6001739501953125,3.4603729248046875,Fixation,807.3946928977966,1102.15562582016,124.0,2.0,True,3,word,banana,1.0
296.0,818.4919738769531,1104.283390045166,0.3314656913280487,0.8165837526321411,0.3197234272956848,0.7668634653091431,3.5807647705078125,3.4580535888671875,Fixation,807.3946928977966,1102.15562582016,124.0,2.0,True,3,word,banana,1.0
300.0,823.7617492675781,1096.534252166748,0.3342059552669525,0.8222100734710693,0.3217819333076477,0.7614821195602417,3.5944061279296875,3.458282470703125,Fixation,807.3946928977966,1102.15562582016,124.0,2.0,True,3,word,banana,1.0
304.0,817.4930572509766,1095.4623985290527,0.3364443480968475,0.8237179517745972,0.3193332254886627,0.7607377767562866,3.596435546875,3.4490509033203125,Fixation,807.3946928977966,1102.15562582016,124.0,2.0,True,3,word,banana,1.0
308.0,821.6564178466796,1096.9678688049316,0.3327949941158294,0.8321496844291687,0.3209595382213592,0.761783242225647,3.579925537109375,3.446136474609375,Fixation,807.3946928977966,1102.15562582016,124.0,2.0,True,3,word,banana,1.0
312.0,820.7570648193359,1100.8649253845215,0.3368545174598694,0.8218327760696411,0.3206082284450531,0.7644895315170288,3.603073120117187,3.4347076416015625,Fixation,807.3946928977966,1102.15562582016,124.0,2.0,True,3,word,banana,1.0
316.0,821.7016601562499,1102.5564765930176,0.3342609703540802,0.8242250084877014,0.3209772109985351,0.7656642198562622,3.564804077148437,3.422332763671875,Fixation,807.3946928977966,1102.15562582016,124.0,2.0,True,3,word,banana,1.0
320.0,815.4250335693358,1102.628059387207,0.3312523066997528,0.8323241472244263,0.3185254037380218,0.7657139301300049,3.54248046875,3.39031982421875,Fixation,807.3946928977966,1102.15562582016,124.0,2.0,True,3,word,banana,1.0
324.0,819.256591796875,1109.4706535339355,0.3337646126747131,0.8326290845870972,0.3200221061706543,0.7704657316207886,3.5455474853515625,3.388641357421875,Fixation,807.3946928977966,1102.15562582016,124.0,2.0,True,3,word,banana,1.0
328.0,812.22412109375,1104.0165424346924,0.3359641134738922,0.8281338810920715,0.3172750473022461,0.7666781544685364,3.531356811523437,3.38037109375,Fixation,807.3946928977966,1102.15562582016,124.0,2.0,True,3,word,banana,1.0
332.0,807.2782897949218,1108.6601543426514,0.3339806795120239,0.83066326379776,0.3153430819511413,0.7699028849601746,3.51092529296875,3.377792358398437,Fixation,807.3946928977966,1102.15562582016,124.0,2.0,True,3,word,banana,1.0
336.0,811.9709014892577,1116.003999710083,0.3326689004898071,0.8400903940200806,0.3171761333942413,0.7750027775764465,3.5099334716796875,3.3449859619140625,Fixation,807.3946928977966,1102.15562582016,124.0,2.0,True,3,word,banana,1.0
340.0,794.1336059570311,1110.9215354919434,0.3263463377952575,0.8336878418922424,0.3102084398269653,0.7714732885360718,3.4867095947265625,3.341400146484375,Fixation,807.3946928977966,1102.15562582016,124.0,2.0,True,3,word,banana,1.0
344.0,761.4696502685547,1099.2819499969482,0.3171511590480804,0.8217289447784424,0.2974490821361542,0.7633902430534363,3.4759063720703125,3.3153839111328125,Fixation,807.3946928977966,1102.15562582016,124.0,2.0,True,3,word,banana,1.0
348.0,739.8204040527343,1106.334400177002,0.3040164411067962,0.8181604146957397,0.2889923453330993,0.7682877779006958,3.4633331298828125,3.3158416748046875,Fixation,807.3946928977966,1102.15562582016,124.0,2.0,True,3,word,banana,1.0
352.0,737.7735900878906,1112.143850326538,0.2991883456707001,0.8106482028961182,0.2881928086280823,0.7723221182823181,3.4318389892578125,3.3134765625,Fixation,807.3946928977966,1102.15562582016,124.0,2.0,True,3,word,banana,1.0
356.0,729.7465515136719,1099.0881443023682,0.3035424649715423,0.8264601230621338,0.2850572466850281,0.7632556557655334,3.4124298095703125,3.2876129150390625,Fixation,735.6541906338986,1102.4302565494431,424.0,3.0,True,4,word,sliced,0.0
360.0,750.9894561767578,1102.9488945007324,0.307386577129364,0.8195813894271851,0.293355256319046,0.7659367322921753,3.42376708984375,3.2809600830078125,Fixation,735.6541906338986,1102.4302565494431,424.0,3.0,True,4,word,sliced,0.0
364.0,740.2983093261719,1101.7928409576416,0.3141548037528991,0.8169763684272766,0.2891790270805359,0.7651339173316956,3.4174346923828125,3.244293212890625,Fixation,735.6541906338986,1102.4302565494431,424.0,3.0,True,4,word,sliced,0.0
368.0,734.8570251464843,1099.6487045288086,0.3123760223388672,0.8168179392814636,0.2870535254478454,0.7636449337005615,3.4001922607421875,3.2546844482421875,Fixation,735.6541906338986,1102.4302565494431,424.0,3.0,True,4,word,sliced,0.0
372.0,744.453125,1102.3796653747559,0.310867428779602,0.8213953971862793,0.290802001953125,0.7655414342880249,3.389678955078125,3.2317657470703125,Fixation,735.6541906338986,1102.4302565494431,424.0,3.0,True,4,word,sliced,0.0
376.0,746.4492797851561,1104.0089893341064,0.3102149665355682,0.8153175711631775,0.2915817499160766,0.7666729092597961,3.3516387939453125,3.222747802734375,Fixation,735.6541906338986,1102.4302565494431,424.0,3.0,True,4,word,sliced,0.0
380.0,751.4080047607422,1106.487865447998,0.3075000345706939,0.8105065822601318,0.2935187518596649,0.7683943510055542,3.3473052978515625,3.21484375,Fixation,735.6541906338986,1102.4302565494431,424.0,3.0,True,4,word,sliced,0.0
384.0,741.1355590820311,1100.1554489135742,0.3060485124588012,0.8196653127670288,0.2895060777664184,0.7639968395233154,3.327255249023437,3.190185546875,Fixation,735.6541906338986,1102.4302565494431,424.0,3.0,True,4,word,sliced,0.0
388.0,739.7129058837891,1094.1276454925537,0.3065298795700073,0.8201245665550232,0.2889503538608551,0.7598108649253845,3.317245483398437,3.181137084960937,Fixation,735.6541906338986,1102.4302565494431,424.0,3.0,True,4,word,sliced,0.0
392.0,738.931427001953,1097.4140167236328,0.3115579783916473,0.8167389035224915,0.2886450886726379,0.7620930671691895,3.33306884765625,3.16168212890625,Fixation,735.6541906338986,1102.4302565494431,424.0,3.0,True,4,word,sliced,0.0
396.0,738.2929992675781,1111.2831401824951,0.3052792251110077,0.8130383491516113,0.2883957028388977,0.7717244029045105,3.305282592773437,3.15643310546875,Fixation,735.6541906338986,1102.4302565494431,424.0,3.0,True,4,word,sliced,0.0
400.0,745.3658294677734,1099.4408226013184,0.3069508969783783,0.8126445412635803,0.291158527135849,0.7635005712509155,3.29278564453125,3.1747589111328125,Fixation,735.6541906338986,1102.4302565494431,424.0,3.0,True,4,word,sliced,0.0
404.0,734.7655487060547,1096.1675834655762,0.3046042323112488,0.8123882412910461,0.2870177924633026,0.7612274885177612,3.273468017578125,3.140106201171875,Fixation,735.6541906338986,1102.4302565494431,424.0,3.0,True,4,word,sliced,0.0
408.0,740.1178741455078,1103.332815170288,0.3041432797908783,0.813004732131958,0.289108544588089,0.7662033438682556,3.2664337158203125,3.1478271484375,Fixation,735.6541906338986,1102.4302565494431,424.0,3.0,True,4,word,sliced,0.0
412.0,742.2441864013671,1100.0463581085205,0.308412492275238,0.8107742667198181,0.289939135313034,0.7639210820198059,3.264129638671875,3.122802734375,Fixation,735.6541906338986,1102.4302565494431,424.0,3.0,True,4,word,sliced,0.0
416.0,740.8943939208983,1093.597640991211,0.3039107024669647,0.8128432631492615,0.2894118726253509,0.7594428062438965,3.23797607421875,3.09661865234375,Fixation,735.6541906338986,1102.4302565494431,424.0,3.0,True,4,word,sliced,0.0
420.0,739.0546417236327,1096.311435699463,0.2991631031036377,0.8102428913116455,0.288693219423294,0.7613273859024048,3.2187042236328125,3.093841552734375,Fixation,735.6541906338986,1102.4302565494431,424.0,3.0,True,4,word,sliced,0.0
424.0,742.7108001708984,1100.0963115692139,0.3068290650844574,0.8103452324867249,0.2901214063167572,0.7639557719230652,3.210433959960937,3.0858306884765625,Fixation,735.6541906338986,1102.4302565494431,424.0,3.0,True,4,word,sliced,0.0
428.0,742.4851226806641,1101.0930633544922,0.3084315955638885,0.8124715089797974,0.2900332510471344,0.7646479606628418,3.225570678710937,3.064682006835937,Fixation,735.6541906338986,1102.4302565494431,424.0,3.0,True,4,word,sliced,0.0
432.0,746.7794799804688,1097.7257537841797,0.3093710541725158,0.8153313398361206,0.2917107343673706,0.7623095512390137,3.2179718017578125,3.069564819335937,Fixation,735.6541906338986,1102.4302565494431,424.0,3.0,True,4,word,sliced,0.0
436.0,745.595703125,1110.1590156555176,0.306919515132904,0.8116765022277832,0.2912483215332031,0.7709437608718872,3.1798095703125,3.057830810546875,Fixation,735.6541906338986,1102.4302565494431,424.0,3.0,True,4,word,sliced,0.0
440.0,754.7523498535155,1106.1797332763672,0.3004444539546966,0.8160754442214966,0.2948251366615295,0.7681803703308105,3.186920166015625,3.032257080078125,Fixation,735.6541906338986,1102.4302565494431,424.0,3.0,True,4,word,sliced,0.0
444.0,750.2076721191406,1106.6271686553955,0.3039281070232391,0.8078899383544922,0.2930498719215393,0.7684910893440247,3.172332763671875,3.042266845703125,Fixation,735.6541906338986,1102.4302565494431,424.0,3.0,True,4,word,sliced,0.0
448.0,752.7444458007812,1107.2802543640137,0.305727481842041,0.8123229742050171,0.2940407991409302,0.7689446210861206,3.17169189453125,3.018646240234375,Fixation,735.6541906338986,1102.4302565494431,424.0,3.0,True,4,word,sliced,0.0
452.0,752.9288482666014,1106.718406677246,0.3011378943920135,0.8029677271842957,0.2941128313541412,0.7685544490814209,3.143783569335937,3.0291900634765625,Fixation,735.6541906338986,1102.4302565494431,424.0,3.0,True,4,word,sliced,0.0
456.0,755.3061676025391,1098.5170269012451,0.301244854927063,0.8153162598609924,0.2950414717197418,0.762859046459198,3.149505615234375,3.0016021728515625,Fixation,735.6541906338986,1102.4302565494431,424.0,3.0,True,4,word,sliced,0.0
460.0,746.6915130615234,1104.252233505249,0.3045655786991119,0.8050665259361267,0.2916763722896576,0.7668418288230896,3.157699584960937,2.988616943359375,Fixation,735.6541906338986,1102.4302565494431,424.0,3.0,True,4,word,sliced,0.0
464.0,744.7803497314453,1107.4801540374756,0.3078413903713226,0.8129504323005676,0.2909298241138458,0.7690834403038025,3.141204833984375,2.9931182861328125,Fixation,735.6541906338986,1102.4302565494431,424.0,3.0,True,4,word,sliced,0.0
468.0,751.7159271240233,1115.2389907836914,0.3082292377948761,0.8092195987701416,0.2936390340328216,0.7744715213775635,3.128890991210937,2.9863433837890625,Fixation,735.6541906338986,1102.4302565494431,424.0,3.0,True,4,word,sliced,0.0
472.0,743.5649871826171,1108.0229473114014,0.3085978329181671,0.8065996766090393,0.2904550731182098,0.7694603800773621,3.1278076171875,2.9933624267578125,Fixation,735.6541906338986,1102.4302565494431,424.0,3.0,True,4,word,sliced,0.0
476.0,746.1584472656249,1107.6612567901611,0.3013620674610138,0.8062885403633118,0.2914681434631347,0.7692092061042786,3.1065826416015625,2.9718780517578125,Fixation,735.6541906338986,1102.4302565494431,424.0,3.0,True,4,word,sliced,0.0
480.0,741.3813018798828,1097.9883098602295,0.3103226721286773,0.8118000030517578,0.2896020710468292,0.7624918818473816,3.13330078125,2.9617462158203125,Fixation,735.6541906338986,1102.4302565494431,424.0,3.0,True,4,word,sliced,0.0
484.0,747.0269775390625,1101.5114879608154,0.3041717708110809,0.8089408278465271,0.2918074131011963,0.7649385333061218,3.109481811523437,2.946029663085937,Fixation,735.6541906338986,1102.4302565494431,424.0,3.0,True,4,word,sliced,0.0
488.0,742.33642578125,1102.5836849212646,0.3063993453979492,0.8137138485908508,0.2899751663208008,0.765683114528656,3.11065673828125,2.960662841796875,Fixation,735.6541906338986,1102.4302565494431,424.0,3.0,True,4,word,sliced,0.0
492.0,741.3793182373046,1108.0089569091797,0.3075975477695465,0.809203565120697,0.2896012961864471,0.7694506645202637,3.1115264892578125,2.958831787109375,Fixation,735.6541906338986,1102.4302565494431,424.0,3.0,True,4,word,sliced,0.0
496.0,745.9304046630858,1104.1549015045166,0.3049890995025635,0.8083512783050537,0.2913790643215179,0.7667742371559143,3.1043243408203125,2.9378814697265625,Fixation,735.6541906338986,1102.4302565494431,424.0,3.0,True,4,word,sliced,0.0
500.0,749.3582153320312,1111.309232711792,0.3038858473300934,0.8057721853256226,0.2927180528640747,0.7717425227165222,3.096435546875,2.93353271484375,Fixation,735.6541906338986,1102.4302565494431,424.0,3.0,True,4,word,sliced,0.0
504.0,753.3720397949218,1103.184928894043,0.3037249147891998,0.8095706701278687,0.2942859530448913,0.7661006450653076,3.1012725830078125,2.9300537109375,Fixation,735.6541906338986,1102.4302565494431,424.0,3.0,True,4,word,sliced,0.0
508.0,748.0670166015624,1114.0764999389648,0.3046290278434753,0.8080581426620483,0.2922136783599853,0.7736642360687256,3.0968780517578125,2.928009033203125,Fixation,735.6541906338986,1102.4302565494431,424.0,3.0,True,4,word,sliced,0.0
512.0,742.2950744628905,1110.864372253418,0.3043229281902313,0.8099502921104431,0.2899590134620666,0.7714335918426514,3.082382202148437,2.9088592529296875,Fixation,735.6541906338986,1102.4302565494431,424.0,3.0,True,4,word,sliced,0.0
516.0,748.9703369140624,1103.041763305664,0.3069310784339905,0.8103611469268799,0.2925665378570556,0.7660012245178223,3.08099365234375,2.908599853515625,Fixation,735.6541906338986,1102.4302565494431,424.0,3.0,True,4,word,sliced,0.0
520.0,736.884765625,1096.4164066314697,0.3084474503993988,0.8093901872634888,0.2878456115722656,0.7614002823829651,3.0675506591796875,2.894561767578125,Fixation,735.6541906338986,1102.4302565494431,424.0,3.0,True,4,word,sliced,0.0
524.0,740.1372528076171,1091.2075996398926,0.3036855459213257,0.8013564944267273,0.2891161143779754,0.757783055305481,3.064239501953125,2.915496826171875,Fixation,735.6541906338986,1102.4302565494431,424.0,3.0,True,4,word,sliced,0.0
528.0,723.67919921875,1094.7922325134277,0.3050349652767181,0.7974073886871338,0.2826871871948242,0.7602723836898804,3.0666046142578125,2.91644287109375,Fixation,735.6541906338986,1102.4302565494431,424.0,3.0,True,4,word,sliced,0.0
532.0,733.5572052001953,1094.2389678955078,0.3004439175128937,0.8019545078277588,0.2865457832813263,0.7598881721496582,3.0823516845703125,2.8914947509765625,Fixation,735.6541906338986,1102.4302565494431,424.0,3.0,True,4,word,sliced,0.0
536.0,720.4682922363281,1107.0851612091064,0.3026796877384186,0.8065873980522156,0.2814329266548157,0.7688091397285461,3.0836639404296875,2.90924072265625,Fixation,735.6541906338986,1102.4302565494431,424.0,3.0,True,4,word,sliced,0.0
540.0,736.6526794433593,1096.83500289917,0.3049966692924499,0.8086928129196167,0.2877549529075622,0.7616909742355347,3.0498504638671875,2.893524169921875,Fixation,735.6541906338986,1102.4302565494431,424.0,3.0,True,4,word,sliced,0.0
544.0,730.1532745361328,1092.3072624206543,0.3025518357753753,0.8100464344024658,0.2852161228656769,0.7585467100143433,3.057220458984375,2.892608642578125,Fixation,735.6541906338986,1102.4302565494431,424.0,3.0,True,4,word,sliced,0.0
548.0,733.1600952148436,1101.8548965454102,0.301309198141098,0.8134246468544006,0.2863906621932983,0.7651770114898682,3.056869506835937,2.9052734375,Fixation,735.6541906338986,1102.4302565494431,424.0,3.0,True,4,word,sliced,0.0
552.0,728.5182952880858,1093.124885559082,0.2987017035484314,0.8087517619132996,0.2845774590969085,0.7591145038604736,3.0590362548828125,2.894149780273437,Fixation,735.6541906338986,1102.4302565494431,424.0,3.0,True,4,word,sliced,0.0
556.0,737.0447540283203,1102.9606533050537,0.2999840378761291,0.8104112148284912,0.2879081070423126,0.7659448981285095,3.048812866210937,2.8901519775390625,Fixation,735.6541906338986,1102.4302565494431,424.0,3.0,True,4,word,sliced,0.0
560.0,727.6786041259766,1095.619125366211,0.3001528680324554,0.816243588924408,0.2842494547367096,0.7608466148376465,3.062362670898437,2.8774566650390625,Fixation,735.6541906338986,1102.4302565494431,424.0,3.0,True,4,word,sliced,0.0
564.0,731.9024658203124,1103.9509677886963,0.2932207882404327,0.8135446310043335,0.2858994007110595,0.766632616519928,3.0391845703125,2.891708374023437,Fixation,735.6541906338986,1102.4302565494431,424.0,3.0,True,4,word,sliced,0.0
568.0,729.8489379882811,1092.6530742645264,0.2963332235813141,0.8131433725357056,0.2850972414016723,0.7587868571281433,3.033416748046875,2.874374389648437,Fixation,735.6541906338986,1102.4302565494431,424.0,3.0,True,4,word,sliced,0.0
572.0,737.4100494384766,1102.3527145385742,0.2957654595375061,0.8150884509086609,0.2880508005619049,0.7655227184295654,3.0184326171875,2.85968017578125,Fixation,735.6541906338986,1102.4302565494431,424.0,3.0,True,4,word,sliced,0.0
576.0,731.5077209472655,1107.0012187957764,0.3001652061939239,0.8159111738204956,0.2857452034950256,0.7687508463859558,3.0313720703125,2.871688842773437,Fixation,735.6541906338986,1102.4302565494431,424.0,3.0,True,4,word,sliced,0.0
580.0,734.3902587890624,1100.302906036377,0.3003133833408355,0.8152000904083252,0.2868711948394775,0.7640992403030396,3.0345916748046875,2.8682098388671875,Fixation,735.6541906338986,1102.4302565494431,424.0,3.0,True,4,word,sliced,0.0
584.0,730.181427001953,1097.217378616333,0.2996597290039062,0.8135444521903992,0.2852271199226379,0.761956512928009,3.036972045898437,2.870361328125,Fixation,735.6541906338986,1102.4302565494431,424.0,3.0,True,4,word,sliced,0.0
588.0,725.5117034912109,1093.4936141967773,0.3016010522842407,0.8111624717712402,0.2834030091762543,0.7593705654144287,3.042465209960937,2.861968994140625,Fixation,735.6541906338986,1102.4302565494431,424.0,3.0,True,4,word,sliced,0.0
592.0,730.5017852783202,1101.6305351257324,0.3013840317726135,0.8041872382164001,0.2853522598743438,0.7650212049484253,3.0359344482421875,2.863143920898437,Fixation,735.6541906338986,1102.4302565494431,424.0,3.0,True,4,word,sliced,0.0
596.0,730.5950927734375,1095.5187034606934,0.2995014786720276,0.8098089694976807,0.285388708114624,0.7607768774032593,3.0336456298828125,2.85040283203125,Fixation,735.6541906338986,1102.4302565494431,424.0,3.0,True,4,word,sliced,0.0
600.0,733.1814575195312,1101.8927478790283,0.2976733446121216,0.8063787817955017,0.2863990068435669,0.7652032971382141,3.0150299072265625,2.86602783203125,Fixation,735.6541906338986,1102.4302565494431,424.0,3.0,True,4,word,sliced,0.0
604.0,723.4609222412109,1100.569667816162,0.3001357018947601,0.8023234605789185,0.282601922750473,0.7642844915390015,3.020050048828125,2.8618621826171875,Fixation,735.6541906338986,1102.4302565494431,424.0,3.0,True,4,word,sliced,0.0
608.0,720.6454467773438,1102.4892711639404,0.2996091544628143,0.8003853559494019,0.2815021276473999,0.7656175494194031,3.018417358398437,2.8343048095703125,Fixation,735.6541906338986,1102.4302565494431,424.0,3.0,True,4,word,sliced,0.0
612.0,732.864761352539,1095.2091979980469,0.3004842102527618,0.802886962890625,0.2862752974033355,0.7605619430541992,3.03887939453125,2.84649658203125,Fixation,735.6541906338986,1102.4302565494431,424.0,3.0,True,4,word,sliced,0.0
616.0,734.9612426757811,1092.8740882873535,0.299240231513977,0.8005958199501038,0.287094235420227,0.7589403390884399,3.02362060546875,2.860198974609375,Fixation,735.6541906338986,1102.4302565494431,424.0,3.0,True,4,word,sliced,0.0
620.0,730.0405120849608,1099.6796035766602,0.3013170659542084,0.7978284955024719,0.2851720750331878,0.7636663913726807,3.0176239013671875,2.8492584228515625,Fixation,735.6541906338986,1102.4302565494431,424.0,3.0,True,4,word,sliced,0.0
624.0,725.3855895996094,1097.2905921936035,0.2989555597305298,0.8062992691993713,0.2833537459373474,0.7620073556900024,3.031478881835937,2.848236083984375,Fixation,735.6541906338986,1102.4302565494431,424.0,3.0,True,4,word,sliced,0.0
628.0,733.2051086425781,1102.9177379608154,0.3011247813701629,0.7997282147407532,0.2864082455635071,0.7659150958061218,3.021636962890625,2.843124389648437,Fixation,735.6541906338986,1102.4302565494431,424.0,3.0,True,4,word,sliced,0.0
632.0,731.7327880859374,1093.4422016143799,0.3032864928245544,0.7926867008209229,0.2858331203460693,0.7593348622322083,3.0107879638671875,2.8372802734375,Fixation,735.6541906338986,1102.4302565494431,424.0,3.0,True,4,word,sliced,0.0
636.0,738.35205078125,1100.4464149475098,0.303972989320755,0.8008692264556885,0.2884187698364258,0.764198899269104,3.0211334228515625,2.8460845947265625,Fixation,735.6541906338986,1102.4302565494431,424.0,3.0,True,4,word,sliced,0.0
640.0,717.9811096191406,1101.364631652832,0.3000423610210418,0.8002828359603882,0.2804613709449768,0.7648365497589111,3.010726928710937,2.83502197265625,Fixation,735.6541906338986,1102.4302565494431,424.0,3.0,True,4,word,sliced,0.0
644.0,723.9541625976562,1112.376365661621,0.3017621338367462,0.7983205914497375,0.2827945947647095,0.7724835872650146,3.0156707763671875,2.8525390625,Fixation,735.6541906338986,1102.4302565494431,424.0,3.0,True,4,word,sliced,0.0
648.0,717.096710205078,1105.453519821167,0.3005429208278656,0.7960402369499207,0.2801159024238586,0.767676055431366,3.0204010009765625,2.852691650390625,Fixation,735.6541906338986,1102.4302565494431,424.0,3.0,True,4,word,sliced,0.0
652.0,729.0304565429686,1105.4391860961914,0.2984397709369659,0.8068297505378723,0.2847775220870971,0.7676661014556885,3.024627685546875,2.835800170898437,Fixation,735.6541906338986,1102.4302565494431,424.0,3.0,True,4,word,sliced,0.0
656.0,719.3778228759764,1108.0586528778076,0.2995393276214599,0.8032777309417725,0.2810069620609283,0.7694851756095886,3.0013427734375,2.83746337890625,Fixation,735.6541906338986,1102.4302565494431,424.0,3.0,True,4,word,sliced,0.0
660.0,719.3502807617188,1111.870994567871,0.2986366152763366,0.801114022731781,0.2809962034225464,0.7721326351165771,2.9991607666015625,2.8396759033203125,Fixation,735.6541906338986,1102.4302565494431,424.0,3.0,True,4,word,sliced,0.0
664.0,729.8776245117186,1112.4376487731934,0.2998483180999756,0.79726642370224,0.2851084470748901,0.7725261449813843,3.0159912109375,2.857025146484375,Fixation,735.6541906338986,1102.4302565494431,424.0,3.0,True,4,word,sliced,0.0
668.0,730.7970428466796,1102.9218578338623,0.3016945719718933,0.7981308698654175,0.2854675948619842,0.765917956829071,3.0244598388671875,2.8163299560546875,Fixation,735.6541906338986,1102.4302565494431,424.0,3.0,True,4,word,sliced,0.0
672.0,727.0030975341796,1104.563455581665,0.3000141978263855,0.802528440952301,0.2839855849742889,0.7670579552650452,3.01763916015625,2.8213653564453125,Fixation,735.6541906338986,1102.4302565494431,424.0,3.0,True,4,word,sliced,0.0
676.0,720.8995056152344,1104.836826324463,0.3041825592517853,0.8003101944923401,0.2816013693809509,0.7672477960586548,2.994476318359375,2.8144989013671875,Fixation,735.6541906338986,1102.4302565494431,424.0,3.0,True,4,word,sliced,0.0
680.0,727.4725341796874,1107.2287559509277,0.3016909062862396,0.7978509664535522,0.2841689586639404,0.7689088582992554,3.00213623046875,2.838653564453125,Fixation,735.6541906338986,1102.4302565494431,424.0,3.0,True,4,word,sliced,0.0
684.0,730.8361816406249,1110.4133319854736,0.3012013733386993,0.8036655187606812,0.2854828834533691,0.7711203694343567,3.0113983154296875,2.8300323486328125,Fixation,735.6541906338986,1102.4302565494431,424.0,3.0,True,4,word,sliced,0.0
688.0,735.0936889648438,1106.4661502838135,0.3014522492885589,0.8009558320045471,0.2871459722518921,0.768379271030426,3.0191192626953125,2.8401641845703125,Fixation,735.6541906338986,1102.4302565494431,424.0,3.0,True,4,word,sliced,0.0
692.0,728.3236694335936,1103.9470195770264,0.2978961169719696,0.8020012378692627,0.2845014333724975,0.7666298747062683,3.0030975341796875,2.81890869140625,Fixation,735.6541906338986,1102.4302565494431,424.0,3.0,True,4,word,sliced,0.0
696.0,726.0044860839844,1109.0917110443115,0.3000100255012512,0.7945432066917419,0.2835955023765564,0.7702025771141052,3.003936767578125,2.824920654296875,Fixation,735.6541906338986,1102.4302565494431,424.0,3.0,True,4,word,sliced,0.0
700.0,737.0586395263672,1105.7016563415527,0.3006425201892853,0.7965588569641113,0.2879135310649872,0.7678483724594116,2.9962615966796875,2.8119354248046875,Fixation,735.6541906338986,1102.4302565494431,424.0,3.0,True,4,word,sliced,0.0
704.0,735.8423614501952,1104.8401737213135,0.2987098693847656,0.8034980297088623,0.2874384224414825,0.767250120639801,3.005126953125,2.823104858398437,Fixation,735.6541906338986,1102.4302565494431,424.0,3.0,True,4,word,sliced,0.0
708.0,732.7394104003906,1107.3565578460693,0.3008218705654144,0.7991302609443665,0.2862263321876526,0.7689976096153259,3.02130126953125,2.813385009765625,Fixation,735.6541906338986,1102.4302565494431,424.0,3.0,True,4,word,sliced,0.0
712.0,726.4481353759764,1106.1318397521973,0.3030765652656555,0.7992473840713501,0.2837688028812408,0.7681471109390259,3.009429931640625,2.82427978515625,Fixation,735.6541906338986,1102.4302565494431,424.0,3.0,True,4,word,sliced,0.0
716.0,722.1712493896484,1102.229290008545,0.3005443215370178,0.8012822270393372,0.2820981442928314,0.7654370069503784,2.99798583984375,2.829696655273437,Fixation,735.6541906338986,1102.4302565494431,424.0,3.0,True,4,word,sliced,0.0
720.0,723.6873626708984,1096.494426727295,0.2948796153068542,0.7960643768310547,0.2826903760433197,0.7614544630050659,2.99090576171875,2.8177947998046875,Fixation,735.6541906338986,1102.4302565494431,424.0,3.0,True,4,word,sliced,0.0
724.0,717.2576141357422,1108.2395839691162,0.3025260865688324,0.8021979928016663,0.2801787555217743,0.7696108222007751,3.00775146484375,2.8247222900390625,Fixation,735.6541906338986,1102.4302565494431,424.0,3.0,True,4,word,sliced,0.0
728.0,723.9345550537108,1100.2245426177979,0.300064206123352,0.8051619529724121,0.2827869355678558,0.7640448212623596,3.0069122314453125,2.8111572265625,Fixation,735.6541906338986,1102.4302565494431,424.0,3.0,True,4,word,sliced,0.0
732.0,717.7135467529296,1102.6543235778809,0.3000228106975555,0.8054846525192261,0.2803568542003631,0.7657321691513062,2.9992828369140625,2.834808349609375,Fixation,735.6541906338986,1102.4302565494431,424.0,3.0,True,4,word,sliced,0.0
736.0,727.4306488037109,1111.1807441711426,0.2960866093635559,0.806657612323761,0.2841525971889496,0.7716532945632935,2.991607666015625,2.8353271484375,Fixation,735.6541906338986,1102.4302565494431,424.0,3.0,True,4,word,sliced,0.0
740.0,713.4250640869141,1111.1937046051025,0.3017258048057556,0.8009189367294312,0.2786816656589508,0.7716622948646545,3.014266967773437,2.809051513671875,Fixation,735.6541906338986,1102.4302565494431,424.0,3.0,True,4,word,sliced,0.0
744.0,728.9909362792968,1101.8366146087646,0.2992399930953979,0.8015671968460083,0.2847620844841003,0.765164315700531,3.006622314453125,2.80810546875,Fixation,735.6541906338986,1102.4302565494431,424.0,3.0,True,4,word,sliced,0.0
748.0,728.0821228027344,1097.8730392456055,0.2997733652591705,0.7988036274909973,0.2844070792198181,0.7624118328094482,2.9929656982421875,2.8217010498046875,Fixation,735.6541906338986,1102.4302565494431,424.0,3.0,True,4,word,sliced,0.0
752.0,730.4728698730468,1104.041347503662,0.2986324429512024,0.7959069013595581,0.2853409647941589,0.7666953802108765,2.9870758056640625,2.8279571533203125,Fixation,735.6541906338986,1102.4302565494431,424.0,3.0,True,4,word,sliced,0.0
756.0,738.7922668457031,1104.0919876098633,0.2989646792411804,0.7973204851150513,0.2885907292366028,0.766730546951294,2.993637084960937,2.819580078125,Fixation,735.6541906338986,1102.4302565494431,424.0,3.0,True,4,word,sliced,0.0
760.0,723.1643676757811,1101.117181777954,0.30070960521698,0.8039623498916626,0.282486081123352,0.7646647095680237,2.986968994140625,2.818023681640625,Fixation,735.6541906338986,1102.4302565494431,424.0,3.0,True,4,word,sliced,0.0
764.0,748.5978698730468,1098.1904411315918,0.2977438867092132,0.7965067625045776,0.2924210429191589,0.7626322507858276,2.996566772460937,2.809539794921875,Fixation,735.6541906338986,1102.4302565494431,424.0,3.0,True,4,word,sliced,0.0
768.0,724.988555908203,1096.8850421905518,0.2988550662994385,0.805231511592865,0.2831986546516418,0.7617257237434387,2.988876342773437,2.801864624023437,Fixation,735.6541906338986,1102.4302565494431,424.0,3.0,True,4,word,sliced,0.0
772.0,731.9454193115233,1106.2158679962158,0.303438663482666,0.8011434078216553,0.2859161794185638,0.768205463886261,3.013641357421875,2.813201904296875,Fixation,735.6541906338986,1102.4302565494431,424.0,3.0,True,4,word,sliced,0.0
776.0,746.1968994140624,1103.2261276245117,0.3069382011890411,0.8119863271713257,0.2914831638336181,0.7661292552947998,3.0087127685546875,2.801498413085937,Fixation,735.6541906338986,1102.4302565494431,424.0,3.0,True,4,word,sliced,0.0
780.0,784.0903472900391,1094.4595527648926,0.3204964399337768,0.8041893839836121,0.3062852919101715,0.760041356086731,3.030746459960937,2.8175811767578125,Fixation,735.6541906338986,1102.4302565494431,424.0,3.0,True,4,word,sliced,0.0
784.0,826.8695831298828,1074.3648719787598,0.3335469365119934,0.8050529956817627,0.3229959309101105,0.7460867166519165,3.004852294921875,2.7995147705078125,Fixation,862.776010447535,1079.8058440767486,344.0,4.0,True,5,word,banana,1.0
788.0,858.190460205078,1069.94553565979,0.342987447977066,0.8005542159080505,0.3352306485176086,0.7430177330970764,2.996337890625,2.7848052978515625,Fixation,862.776010447535,1079.8058440767486,344.0,4.0,True,5,word,banana,1.0
792.0,881.7456817626952,1074.3138027191162,0.3494655787944793,0.795755922794342,0.3444319069385528,0.7460512518882751,2.993637084960937,2.79498291015625,Fixation,862.776010447535,1079.8058440767486,344.0,4.0,True,5,word,banana,1.0
796.0,876.0172271728514,1063.509864807129,0.3545543551445007,0.7998117804527283,0.3421942293643951,0.7385485172271729,3.0229644775390625,2.7669677734375,Fixation,862.776010447535,1079.8058440767486,344.0,4.0,True,5,word,banana,1.0
800.0,860.9172821044921,1072.4065589904785,0.3472905158996582,0.7987759709358215,0.3362958133220672,0.7447267770767212,3.0149383544921875,2.798065185546875,Fixation,862.776010447535,1079.8058440767486,344.0,4.0,True,5,word,banana,1.0
804.0,852.6037597656249,1078.6873054504395,0.3498554825782776,0.8078497052192688,0.3330483436584472,0.7490884065628052,3.0145721435546875,2.7727508544921875,Fixation,862.776010447535,1079.8058440767486,344.0,4.0,True,5,word,banana,1.0
808.0,861.9709014892577,1086.3399696350098,0.3523800373077392,0.8047415614128113,0.3367073833942413,0.754402756690979,3.00494384765625,2.7901153564453125,Fixation,862.776010447535,1079.8058440767486,344.0,4.0,True,5,word,banana,1.0
812.0,876.7136383056641,1081.4838409423828,0.3506303429603576,0.8058125972747803,0.34246626496315,0.751030445098877,3.005233764648437,2.8016510009765625,Fixation,862.776010447535,1079.8058440767486,344.0,4.0,True,5,word,banana,1.0
816.0,866.5727996826171,1084.4108390808105,0.3503765165805816,0.8023908138275146,0.3385049998760223,0.7530630826950073,2.9980010986328125,2.763290405273437,Fixation,862.776010447535,1079.8058440767486,344.0,4.0,True,5,word,banana,1.0
820.0,855.3483581542969,1088.9789199829102,0.3444674015045166,0.8038888573646545,0.3341204524040222,0.7562353610992432,3.002716064453125,2.7808380126953125,Fixation,862.776010447535,1079.8058440767486,344.0,4.0,True,5,word,banana,1.0
824.0,854.2979431152344,1086.064109802246,0.3433998227119446,0.7962176203727722,0.3337101340293884,0.7542111873626709,2.9924468994140625,2.7796630859375,Fixation,862.776010447535,1079.8058440767486,344.0,4.0,True,5,word,banana,1.0
828.0,851.4200592041016,1087.2564697265625,0.3490372598171234,0.7996330857276917,0.3325859606266022,0.7550392150878906,2.99554443359375,2.796630859375,Fixation,862.776010447535,1079.8058440767486,344.0,4.0,True,5,word,banana,1.0
832.0,845.8120727539061,1086.9279098510742,0.3440154790878296,0.7942477464675903,0.3303953409194946,0.7548110485076904,2.996444702148437,2.799530029296875,Fixation,862.776010447535,1079.8058440767486,344.0,4.0,True,5,word,banana,1.0
836.0,856.6725158691405,1082.4882316589355,0.3482509851455688,0.7984597682952881,0.334637701511383,0.7517279386520386,3.0075225830078125,2.7940826416015625,Fixation,862.776010447535,1079.8058440767486,344.0,4.0,True,5,word,banana,1.0
840.0,851.6402435302733,1079.0144062042236,0.34758061170578,0.7990147471427917,0.332671970129013,0.7493155598640442,3.013778686523437,2.772201538085937,Fixation,862.776010447535,1079.8058440767486,344.0,4.0,True,5,word,banana,1.0
844.0,862.7519989013671,1091.5310955047607,0.347993403673172,0.7974739074707031,0.3370124995708465,0.7580077052116394,3.0067901611328125,2.7988433837890625,Fixation,862.776010447535,1079.8058440767486,344.0,4.0,True,5,word,banana,1.0
848.0,863.1758117675781,1080.255947113037,0.3493883609771728,0.7963637709617615,0.3371780514717102,0.7501777410507202,3.012680053710937,2.7898406982421875,Fixation,862.776010447535,1079.8058440767486,344.0,4.0,True,5,word,banana,1.0
852.0,869.1080474853514,1090.0005626678467,0.351635605096817,0.7984939813613892,0.3394953310489654,0.7569448351860046,3.0097808837890625,2.782684326171875,Fixation,862.776010447535,1079.8058440767486,344.0,4.0,True,5,word,banana,1.0
856.0,875.8381652832031,1081.929817199707,0.3477850258350372,0.7957255244255066,0.3421242833137512,0.7513401508331299,2.994979858398437,2.793670654296875,Fixation,862.776010447535,1079.8058440767486,344.0,4.0,True,5,word,banana,1.0
860.0,856.3416290283203,1087.787504196167,0.3485631644725799,0.8024664521217346,0.3345084488391876,0.755407989025116,3.0126495361328125,2.7976226806640625,Fixation,862.776010447535,1079.8058440767486,344.0,4.0,True,5,word,banana,1.0
864.0,846.6563415527343,1086.9534015655518,0.3490168452262878,0.8077912926673889,0.3307251334190368,0.7548287510871887,3.026763916015625,2.77911376953125,Fixation,862.776010447535,1079.8058440767486,344.0,4.0,True,5,word,banana,1.0
868.0,854.6932983398436,1081.5450382232666,0.3480547368526459,0.8081722259521484,0.3338645696640014,0.7510729432106018,3.004379272460937,2.796966552734375,Fixation,862.776010447535,1079.8058440767486,344.0,4.0,True,5,word,banana,1.0
872.0,857.3402404785155,1083.6723518371582,0.3463486135005951,0.8118695616722107,0.3348985314369201,0.7525502443313599,3.0127410888671875,2.7904052734375,Fixation,862.776010447535,1079.8058440767486,344.0,4.0,True,5,word,banana,1.0
876.0,869.4145965576172,1081.459550857544,0.3512118458747864,0.8016625046730042,0.3396150767803192,0.7510135769844055,2.987579345703125,2.779647827148437,Fixation,862.776010447535,1079.8058440767486,344.0,4.0,True,5,word,banana,1.0
880.0,865.8193206787108,1073.842077255249,0.3490574359893799,0.8015316724777222,0.3382106721401214,0.7457236647605896,3.006591796875,2.761322021484375,Fixation,862.776010447535,1079.8058440767486,344.0,4.0,True,5,word,banana,1.0
884.0,871.4983367919921,1088.9820957183838,0.3434002995491028,0.7999054789543152,0.3404290378093719,0.7562375664710999,2.992904663085937,2.800277709960937,Fixation,862.776010447535,1079.8058440767486,344.0,4.0,True,5,word,banana,1.0
888.0,848.6430358886718,1090.1412391662598,0.3491025865077972,0.8029580116271973,0.3315011858940124,0.7570425271987915,3.013336181640625,2.79541015625,Fixation,862.776010447535,1079.8058440767486,344.0,4.0,True,5,word,banana,1.0
892.0,856.0386657714844,1090.0893115997314,0.3496148586273193,0.7947973608970642,0.3343901038169861,0.7570064663887024,3.013778686523437,2.789031982421875,Fixation,862.776010447535,1079.8058440767486,344.0,4.0,True,5,word,banana,1.0
896.0,851.7850494384766,1090.9837532043457,0.3463815152645111,0.7931532263755798,0.3327285349369049,0.7576276063919067,3.0055389404296875,2.783935546875,Fixation,862.776010447535,1079.8058440767486,344.0,4.0,True,5,word,banana,1.0
900.0,876.4323425292969,1079.2193698883057,0.3522688150405884,0.7942366003990173,0.3423563838005066,0.7494578957557678,3.0370025634765625,2.7807769775390625,Fixation,862.776010447535,1079.8058440767486,344.0,4.0,True,5,word,banana,1.0
904.0,868.7690734863281,1078.3086204528809,0.3485802114009857,0.7946394085884094,0.3393629193305969,0.7488254308700562,3.001708984375,2.7875213623046875,Fixation,862.776010447535,1079.8058440767486,344.0,4.0,True,5,word,banana,1.0
908.0,865.8438110351562,1087.2656536102295,0.3514100611209869,0.7927502989768982,0.3382202386856079,0.7550455927848816,3.038803100585937,2.81219482421875,Fixation,862.776010447535,1079.8058440767486,344.0,4.0,True,5,word,banana,1.0
912.0,860.6343078613281,1089.2436218261719,0.3475506007671356,0.7954290509223938,0.3361852765083313,0.7564191818237305,3.0146484375,2.820159912109375,Fixation,862.776010447535,1079.8058440767486,344.0,4.0,True,5,word,banana,1.0
916.0,851.2858581542969,1084.5316886901855,0.3506397902965545,0.7965226173400879,0.3325335383415222,0.7531470060348511,3.016204833984375,2.80853271484375,Fixation,862.776010447535,1079.8058440767486,344.0,4.0,True,5,word,banana,1.0
920.0,870.1629638671875,1068.1262683868408,0.3511338829994201,0.799665629863739,0.3399074077606201,0.7417543530464172,3.04180908203125,2.7904510498046875,Fixation,862.776010447535,1079.8058440767486,344.0,4.0,True,5,word,banana,1.0
924.0,877.5102233886718,1080.1604175567627,0.3522356152534485,0.8017128109931946,0.3427774310111999,0.7501114010810852,3.030426025390625,2.811019897460937,Fixation,862.776010447535,1079.8058440767486,344.0,4.0,True,5,word,banana,1.0
928.0,878.5511779785155,1079.5232105255127,0.3495215773582458,0.8020926117897034,0.3431840538978576,0.7496688961982727,3.016998291015625,2.7988433837890625,Fixation,862.776010447535,1079.8058440767486,344.0,4.0,True,5,word,banana,1.0
932.0,869.5623016357422,1071.7574214935303,0.3515889942646026,0.8038105964660645,0.3396727740764618,0.7442759871482849,3.0408172607421875,2.8083038330078125,Fixation,862.776010447535,1079.8058440767486,344.0,4.0,True,5,word,banana,1.0
936.0,852.1316528320312,1084.6679878234863,0.3547654449939728,0.8070077300071716,0.3328639268875122,0.7532416582107544,3.03021240234375,2.8189239501953125,Fixation,862.776010447535,1079.8058440767486,344.0,4.0,True,5,word,banana,1.0
940.0,861.3091278076171,1067.2662448883057,0.3476893305778503,0.805976390838623,0.3364488780498504,0.7411571145057678,3.032318115234375,2.7978057861328125,Fixation,862.776010447535,1079.8058440767486,344.0,4.0,True,5,word,banana,1.0
944.0,869.2192840576172,1076.169204711914,0.3511561155319214,0.80092853307724,0.3395387828350067,0.7473397254943848,3.04986572265625,2.7882232666015625,Fixation,862.776010447535,1079.8058440767486,344.0,4.0,True,5,word,banana,1.0
948.0,860.3936767578125,1062.2092723846436,0.3512283861637115,0.8007414937019348,0.3360912799835205,0.7376453280448914,3.0270538330078125,2.759521484375,Fixation,862.776010447535,1079.8058440767486,344.0,4.0,True,5,word,banana,1.0
952.0,861.0569763183593,1080.8123016357422,0.3522367477416992,0.8010028004646301,0.3363503813743591,0.7505640983581543,3.0220184326171875,2.8124542236328125,Fixation,862.776010447535,1079.8058440767486,344.0,4.0,True,5,word,banana,1.0
956.0,858.5332489013671,1084.5983791351318,0.3492259383201599,0.8040435910224915,0.3353645503520965,0.7531933188438416,3.0328369140625,2.82733154296875,Fixation,862.776010447535,1079.8058440767486,344.0,4.0,True,5,word,banana,1.0
960.0,858.643569946289,1079.6423435211182,0.346840500831604,0.8031246066093445,0.3354076445102691,0.749751627445221,3.0437164306640625,2.81573486328125,Fixation,862.776010447535,1079.8058440767486,344.0,4.0,True,5,word,banana,1.0
964.0,865.9817504882811,1067.191400527954,0.3460766077041626,0.798100471496582,0.3382741212844848,0.7411051392555237,3.0358428955078125,2.8039093017578125,Fixation,862.776010447535,1079.8058440767486,344.0,4.0,True,5,word,banana,1.0
968.0,869.5832824707031,1076.4648056030273,0.347979187965393,0.7954797148704529,0.3396809697151184,0.7475450038909912,3.031707763671875,2.826644897460937,Fixation,862.776010447535,1079.8058440767486,344.0,4.0,True,5,word,banana,1.0
972.0,866.0227966308593,1075.3596496582031,0.3513669669628143,0.7944533824920654,0.3382901549339294,0.7467775344848633,3.0263671875,2.797088623046875,Fixation,862.776010447535,1079.8058440767486,344.0,4.0,True,5,word,banana,1.0
976.0,856.6859436035156,1072.5000286102295,0.3505126237869262,0.7937249541282654,0.3346429467201233,0.7447916865348816,3.056915283203125,2.8046875,Fixation,862.776010447535,1079.8058440767486,344.0,4.0,True,5,word,banana,1.0
980.0,850.6584167480469,1073.3794498443604,0.3500626385211944,0.7953345775604248,0.3322884440422058,0.7454023957252502,3.0323638916015625,2.8027801513671875,Fixation,862.776010447535,1079.8058440767486,344.0,4.0,True,5,word,banana,1.0
984.0,857.5735473632811,1076.0741901397705,0.3498994410037994,0.7968019843101501,0.3349896669387817,0.7472737431526184,3.0519561767578125,2.831939697265625,Fixation,862.776010447535,1079.8058440767486,344.0,4.0,True,5,word,banana,1.0
988.0,862.5444030761718,1079.8620700836182,0.3476730287075043,0.79731684923172,0.3369314074516296,0.749904215335846,3.0410919189453125,2.803863525390625,Fixation,862.776010447535,1079.8058440767486,344.0,4.0,True,5,word,banana,1.0
992.0,862.0504760742188,1071.0402202606201,0.344573974609375,0.7909928560256958,0.3367384672164917,0.7437779307365417,3.0351104736328125,2.814544677734375,Fixation,862.776010447535,1079.8058440767486,344.0,4.0,True,5,word,banana,1.0
996.0,856.9721221923827,1067.7802848815918,0.3514212965965271,0.7903356552124023,0.3347547352313995,0.7415140867233276,3.0507965087890625,2.794921875,Fixation,862.776010447535,1079.8058440767486,344.0,4.0,True,5,word,banana,1.0
1000.0,860.5517578125,1072.8672122955322,0.3516192436218261,0.7969387173652649,0.3361530303955078,0.7450466752052307,3.0529937744140625,2.7987213134765625,Fixation,862.776010447535,1079.8058440767486,344.0,4.0,True,5,word,banana,1.0
1004.0,851.8689727783202,1068.1453227996826,0.3506190180778503,0.798422634601593,0.3327613174915313,0.7417675852775574,3.067169189453125,2.8018341064453125,Fixation,862.776010447535,1079.8058440767486,344.0,4.0,True,5,word,banana,1.0
1008.0,872.1294403076171,1074.5288944244385,0.3485998511314392,0.7990821003913879,0.3406755626201629,0.7462006211280823,3.0230712890625,2.815292358398437,Fixation,862.776010447535,1079.8058440767486,344.0,4.0,True,5,word,banana,1.0
1012.0,886.4821624755858,1077.1242427825928,0.3511631786823272,0.7955822944641113,0.3462820947170257,0.7480029463768005,3.0577545166015625,2.8177032470703125,Fixation,862.776010447535,1079.8058440767486,344.0,4.0,True,5,word,banana,1.0
1016.0,858.8973236083983,1073.8104915618896,0.3551394939422607,0.7971202731132507,0.3355067670345306,0.7457017302513123,3.0598602294921875,2.821502685546875,Fixation,862.776010447535,1079.8058440767486,344.0,4.0,True,5,word,banana,1.0
1020.0,868.5189819335936,1076.4302158355713,0.3520841002464294,0.803217351436615,0.33926522731781,0.7475209832191467,3.0860748291015625,2.827850341796875,Fixation,862.776010447535,1079.8058440767486,344.0,4.0,True,5,word,banana,1.0
1024.0,850.6536102294922,1080.8614826202393,0.3535996079444885,0.8039877414703369,0.3322865664958954,0.7505982518196106,3.0704498291015625,2.8474578857421875,Fixation,862.776010447535,1079.8058440767486,344.0,4.0,True,5,word,banana,1.0
1028.0,871.3216400146483,1074.7405529022217,0.3456771373748779,0.804874837398529,0.340360015630722,0.7463476061820984,3.0531158447265625,2.8380584716796875,Fixation,862.776010447535,1079.8058440767486,344.0,4.0,True,5,word,banana,1.0
1032.0,861.2670898437499,1089.9910354614258,0.34940305352211,0.8075773119926453,0.3364324569702148,0.7569382190704346,3.079696655273437,2.842742919921875,Fixation,862.776010447535,1079.8058440767486,344.0,4.0,True,5,word,banana,1.0
1036.0,870.5784606933594,1089.3420696258545,0.3474032580852508,0.8112759590148926,0.3400697112083435,0.7564875483512878,3.0712127685546875,2.8574371337890625,Fixation,862.776010447535,1079.8058440767486,344.0,4.0,True,5,word,banana,1.0
1040.0,865.2648162841797,1087.0723628997803,0.3497781753540039,0.8075212836265564,0.3379940688610077,0.7549113631248474,3.0532989501953125,2.835556030273437,Fixation,862.776010447535,1079.8058440767486,344.0,4.0,True,5,word,banana,1.0
1044.0,869.6800231933594,1072.8999137878418,0.3501534461975097,0.805849015712738,0.339718759059906,0.7450693845748901,3.064483642578125,2.841903686523437,Fixation,862.776010447535,1079.8058440767486,344.0,4.0,True,5,word,banana,1.0
1048.0,851.9846343994141,1071.1454486846924,0.3542613983154297,0.8141578435897827,0.3328064978122711,0.7438510060310364,3.086410522460937,2.82781982421875,Fixation,862.776010447535,1079.8058440767486,344.0,4.0,True,5,word,banana,1.0
1052.0,862.0284271240233,1073.8704872131348,0.3481675386428833,0.8053551912307739,0.3367298543453216,0.7457433938980103,3.07305908203125,2.8515167236328125,Fixation,862.776010447535,1079.8058440767486,344.0,4.0,True,5,word,banana,1.0
1056.0,859.0391540527343,1080.1880550384521,0.351100742816925,0.8097590804100037,0.3355621695518493,0.7501305937767029,3.078765869140625,2.8401336669921875,Fixation,862.776010447535,1079.8058440767486,344.0,4.0,True,5,word,banana,1.0
1060.0,866.1082458496093,1065.1624488830566,0.3462874889373779,0.8053722381591797,0.3383235335350036,0.7396961450576782,3.05743408203125,2.820297241210937,Fixation,862.776010447535,1079.8058440767486,344.0,4.0,True,5,word,banana,1.0
1064.0,864.8399353027344,1082.722806930542,0.3441205322742462,0.805952787399292,0.3378280997276306,0.7518908381462097,3.0934600830078125,2.84820556640625,Fixation,862.776010447535,1079.8058440767486,344.0,4.0,True,5,word,banana,1.0
1068.0,876.1544036865234,1079.522180557251,0.3481374680995941,0.8045238256454468,0.3422478139400482,0.7496681809425354,3.069091796875,2.850860595703125,Fixation,862.776010447535,1079.8058440767486,344.0,4.0,True,5,word,banana,1.0
1072.0,866.1192321777344,1075.4463386535645,0.349460631608963,0.7967348098754883,0.3383278250694275,0.7468377351760864,3.061630249023437,2.8500213623046875,Fixation,862.776010447535,1079.8058440767486,344.0,4.0,True,5,word,banana,1.0
1076.0,851.1649322509766,1089.2897987365723,0.3523658514022827,0.7993977665901184,0.3324863016605377,0.7564512491226196,3.091293334960937,2.8595733642578125,Fixation,862.776010447535,1079.8058440767486,344.0,4.0,True,5,word,banana,1.0
1080.0,866.6130828857421,1084.3186569213867,0.3487302958965301,0.7998978495597839,0.338520735502243,0.7529990673065186,3.065643310546875,2.8545379638671875,Fixation,862.776010447535,1079.8058440767486,344.0,4.0,True,5,word,banana,1.0
1084.0,852.8703308105469,1086.027889251709,0.3481093645095825,0.7910380959510803,0.3331524729728699,0.7541860342025757,3.0806884765625,2.873886108398437,Fixation,862.776010447535,1079.8058440767486,344.0,4.0,True,5,word,banana,1.0
1088.0,861.3714599609375,1084.7056674957275,0.3482038974761963,0.7957020401954651,0.3364732265472412,0.7532678246498108,3.0898895263671875,2.8599395751953125,Fixation,862.776010447535,1079.8058440767486,344.0,4.0,True,5,word,banana,1.0
1092.0,869.4726562499999,1083.6790466308594,0.3464792370796203,0.7958167791366577,0.3396377563476562,0.7525548934936523,3.088897705078125,2.870346069335937,Fixation,862.776010447535,1079.8058440767486,344.0,4.0,True,5,word,banana,1.0
1096.0,871.3133239746094,1075.7049465179443,0.3497587442398071,0.7933904528617859,0.3403567671775818,0.7470173239707947,3.085922241210937,2.8681793212890625,Fixation,862.776010447535,1079.8058440767486,344.0,4.0,True,5,word,banana,1.0
1100.0,871.7957305908203,1089.032907485962,0.350474089384079,0.7897768020629883,0.3405452072620392,0.7562728524208069,3.10052490234375,2.8924102783203125,Fixation,862.776010447535,1079.8058440767486,344.0,4.0,True,5,word,banana,1.0
1104.0,863.0549621582031,1084.9326038360596,0.3496490120887756,0.7936691045761108,0.3371308445930481,0.7534254193305969,3.086700439453125,2.874053955078125,Fixation,862.776010447535,1079.8058440767486,344.0,4.0,True,5,word,banana,1.0
1108.0,867.0246124267577,1084.7036933898926,0.3540030121803283,0.7955937385559082,0.3386814892292022,0.753266453742981,3.10552978515625,2.890243530273437,Fixation,862.776010447535,1079.8058440767486,344.0,4.0,True,5,word,banana,1.0
1112.0,849.9501037597655,1076.7783451080322,0.3533728122711181,0.8010486364364624,0.3320117592811584,0.7477627396583557,3.0970916748046875,2.855575561523437,Fixation,862.776010447535,1079.8058440767486,344.0,4.0,True,5,word,banana,1.0
1116.0,852.099151611328,1088.1776905059814,0.3518832921981811,0.7972478866577148,0.332851231098175,0.7556789517402649,3.096160888671875,2.877685546875,Fixation,862.776010447535,1079.8058440767486,344.0,4.0,True,5,word,banana,1.0
1120.0,866.1884307861327,1074.3104553222656,0.3491116762161255,0.8115233182907104,0.3383548557758331,0.7460489273071289,3.1057586669921875,2.888885498046875,Fixation,862.776010447535,1079.8058440767486,344.0,4.0,True,5,word,banana,1.0
1124.0,874.1563415527343,1091.6994953155518,0.3535742163658142,0.8104467391967773,0.3414673209190368,0.7581246495246887,3.1047821044921875,2.8903045654296875,Fixation,862.776010447535,1079.8058440767486,344.0,4.0,True,5,word,banana,1.0
1128.0,896.9400787353516,1075.3551864624023,0.360432505607605,0.8030073046684265,0.3503672182559967,0.746774435043335,3.1120758056640625,2.8871612548828125,Fixation,862.776010447535,1079.8058440767486,344.0,4.0,True,5,word,banana,1.0
1132.0,949.0447998046874,1080.9703159332275,0.3781177699565887,0.800072968006134,0.370720624923706,0.7506738305091858,3.1184844970703125,2.9099273681640625,Saccade,,,,0.0,False,6,,,
1136.0,996.0792541503905,1075.5594635009766,0.3982374370098114,0.8016002774238586,0.3890934586524963,0.7469162940979004,3.12384033203125,2.915618896484375,Saccade,,,,0.0,False,6,,,
1140.0,1041.0401916503904,1045.195140838623,0.4021459221839905,0.7961681485176086,0.4066563248634338,0.7258299589157104,3.123321533203125,2.8948974609375,Fixation,1027.739588873727,1061.4025328840528,220.0,5.0,True,7,word,and,2.0
1144.0,1036.43196105957,1053.0434131622314,0.4106281399726867,0.7976306080818176,0.4048562347888946,0.7312801480293274,3.12774658203125,2.876693725585937,Fixation,1027.739588873727,1061.4025328840528,220.0,5.0,True,7,word,and,2.0
1148.0,1028.6180114746094,1056.7686367034912,0.4059110879898071,0.7864729166030884,0.4018039107322693,0.7338671088218689,3.1355438232421875,2.899627685546875,Fixation,1027.739588873727,1061.4025328840528,220.0,5.0,True,7,word,and,2.0
1152.0,1029.290313720703,1052.5147819519043,0.4104603826999664,0.79510897397995,0.4020665287971496,0.7309130430221558,3.135971069335937,2.878387451171875,Fixation,1027.739588873727,1061.4025328840528,220.0,5.0,True,7,word,and,2.0
1156.0,1020.0354766845703,1073.0024814605713,0.4109157025814056,0.7899546027183533,0.3984513580799103,0.7451406121253967,3.158538818359375,2.8918609619140625,Fixation,1027.739588873727,1061.4025328840528,220.0,5.0,True,7,word,and,2.0
1160.0,1003.6123657226562,1080.7202911376953,0.4091713428497314,0.7900081872940063,0.3920360803604126,0.7505002021789551,3.1278839111328125,2.9239044189453125,Fixation,1027.739588873727,1061.4025328840528,220.0,5.0,True,7,word,and,2.0
1164.0,1031.0846710205076,1047.5640678405762,0.4082556068897247,0.783176839351654,0.4027674496173858,0.7274750471115112,3.128509521484375,2.8690948486328125,Fixation,1027.739588873727,1061.4025328840528,220.0,5.0,True,7,word,and,2.0
1168.0,1027.4234771728513,1069.4245433807373,0.4098214209079742,0.7880616784095764,0.4013372957706451,0.7426559329032898,3.160369873046875,2.8881072998046875,Fixation,1027.739588873727,1061.4025328840528,220.0,5.0,True,7,word,and,2.0
1172.0,1027.0044708251953,1065.6904792785645,0.4066680371761322,0.792952299118042,0.4011736214160919,0.7400628328323364,3.1610565185546875,2.896087646484375,Fixation,1027.739588873727,1061.4025328840528,220.0,5.0,True,7,word,and,2.0
1176.0,1022.9681396484375,1066.3398742675781,0.4052175879478454,0.7850799560546875,0.3995969295501709,0.740513801574707,3.159271240234375,2.901275634765625,Fixation,1027.739588873727,1061.4025328840528,220.0,5.0,True,7,word,and,2.0
1180.0,1033.0268859863281,1058.0067443847656,0.4069809317588806,0.7846165895462036,0.4035261273384094,0.7347269058227539,3.162338256835937,2.901397705078125,Fixation,1027.739588873727,1061.4025328840528,220.0,5.0,True,7,word,and,2.0
1184.0,1032.1045684814453,1062.1636962890625,0.4032301306724548,0.7880339622497559,0.4031658470630646,0.7376136779785156,3.157684326171875,2.9036407470703125,Fixation,1027.739588873727,1061.4025328840528,220.0,5.0,True,7,word,and,2.0
1188.0,1015.5026245117186,1067.259292602539,0.4064890742301941,0.7893350124359131,0.3966807126998901,0.741152286529541,3.1634521484375,2.9150390625,Fixation,1027.739588873727,1061.4025328840528,220.0,5.0,True,7,word,and,2.0
1192.0,1007.0704650878906,1065.066146850586,0.4096122980117798,0.7953302264213562,0.3933869004249573,0.7396292686462402,3.1599273681640625,2.9269256591796875,Fixation,1027.739588873727,1061.4025328840528,220.0,5.0,True,7,word,and,2.0
1196.0,1021.1794281005859,1065.7787990570068,0.4122375845909118,0.7982112169265747,0.3988982141017914,0.7401241660118103,3.1746368408203125,2.9181365966796875,Fixation,1027.739588873727,1061.4025328840528,220.0,5.0,True,7,word,and,2.0
1200.0,1029.0763092041016,1065.323724746704,0.4147008657455444,0.7978397607803345,0.4019829332828522,0.7398081421852112,3.175506591796875,2.9176483154296875,Fixation,1027.739588873727,1061.4025328840528,220.0,5.0,True,7,word,and,2.0
1204.0,1026.2696838378906,1066.2270069122314,0.4144003987312317,0.8031526207923889,0.400886595249176,0.7404354214668274,3.1981658935546875,2.9177398681640625,Fixation,1027.739588873727,1061.4025328840528,220.0,5.0,True,7,word,and,2.0
1208.0,1031.7571258544922,1063.9892292022705,0.4126046597957611,0.7946895956993103,0.403030127286911,0.7388814091682434,3.185333251953125,2.9195556640625,Fixation,1027.739588873727,1061.4025328840528,220.0,5.0,True,7,word,and,2.0
1212.0,1028.6764526367185,1065.8760452270508,0.4094997942447662,0.7947148680686951,0.4018267393112182,0.7401916980743408,3.17559814453125,2.9334716796875,Fixation,1027.739588873727,1061.4025328840528,220.0,5.0,True,7,word,and,2.0
1216.0,1048.6270904541016,1055.1967334747314,0.411033570766449,0.7978271842002869,0.4096199572086334,0.7327755093574524,3.18768310546875,2.915390014648437,Fixation,1027.739588873727,1061.4025328840528,220.0,5.0,True,7,word,and,2.0
1220.0,1040.3843688964844,1054.8904037475586,0.4036474823951721,0.7918099164962769,0.4064001441001892,0.732562780380249,3.2168426513671875,2.9158935546875,Fixation,1027.739588873727,1061.4025328840528,220.0,5.0,True,7,word,and,2.0
1224.0,1021.0105133056641,1076.9396209716797,0.4017862379550934,0.7964339256286621,0.398832231760025,0.7478747367858887,3.203521728515625,2.951751708984375,Fixation,1027.739588873727,1061.4025328840528,220.0,5.0,True,7,word,and,2.0
1228.0,1027.3719787597654,1059.3030452728271,0.3992458879947662,0.7953936457633972,0.4013171792030334,0.7356271147727966,3.202301025390625,2.9389190673828125,Fixation,1027.739588873727,1061.4025328840528,220.0,5.0,True,7,word,and,2.0
1232.0,1026.983413696289,1063.9957523345947,0.4050380289554596,0.7999532222747803,0.4011653959751129,0.7388859391212463,3.204010009765625,2.9390411376953125,Fixation,1027.739588873727,1061.4025328840528,220.0,5.0,True,7,word,and,2.0
1236.0,1026.0494995117185,1054.1548347473145,0.4030598700046539,0.7930266857147217,0.4008005857467651,0.7320519685745239,3.1957244873046875,2.914886474609375,Fixation,1027.739588873727,1061.4025328840528,220.0,5.0,True,7,word,and,2.0
1240.0,1022.9048156738281,1059.7632694244385,0.4053522050380707,0.796885073184967,0.3995721936225891,0.7359467148780823,3.20379638671875,2.942413330078125,Fixation,1027.739588873727,1061.4025328840528,220.0,5.0,True,7,word,and,2.0
1244.0,1014.8633575439452,1064.2896366119385,0.4097883999347687,0.7963161468505859,0.3964309990406036,0.7390900254249573,3.2201690673828125,2.953460693359375,Fixation,1027.739588873727,1061.4025328840528,220.0,5.0,True,7,word,and,2.0
1248.0,1018.0829620361328,1067.081880569458,0.4109234809875488,0.7941734790802002,0.3976886570453644,0.7410290837287903,3.2170867919921875,2.9451446533203125,Fixation,1027.739588873727,1061.4025328840528,220.0,5.0,True,7,word,and,2.0
1252.0,1016.806640625,1062.0619869232178,0.4104572832584381,0.7973968386650085,0.3971900939941406,0.7375430464744568,3.2213897705078125,2.950958251953125,Fixation,1027.739588873727,1061.4025328840528,220.0,5.0,True,7,word,and,2.0
1256.0,1022.8216552734375,1068.3653926849365,0.4120940864086151,0.7991196513175964,0.3995397090911865,0.7419204115867615,3.221771240234375,2.96502685546875,Fixation,1027.739588873727,1061.4025328840528,220.0,5.0,True,7,word,and,2.0
1260.0,1024.9894714355469,1063.7482166290283,0.4124231338500976,0.7989135980606079,0.4003865122795105,0.7387140393257141,3.227279663085937,2.9626922607421875,Fixation,1027.739588873727,1061.4025328840528,220.0,5.0,True,7,word,and,2.0
1264.0,1025.4894256591795,1063.3736515045166,0.4111196398735046,0.7926387190818787,0.400581806898117,0.7384539246559143,3.20233154296875,2.961883544921875,Fixation,1027.739588873727,1061.4025328840528,220.0,5.0,True,7,word,and,2.0
1268.0,1020.9547424316406,1064.2259502410889,0.4140536189079284,0.7967017292976379,0.3988104462623596,0.7390457987785339,3.2235107421875,2.9716949462890625,Fixation,1027.739588873727,1061.4025328840528,220.0,5.0,True,7,word,and,2.0
1272.0,1024.4110107421875,1059.8198318481445,0.4135736525058746,0.7981603145599365,0.400160551071167,0.7359859943389893,3.229156494140625,2.952865600585937,Fixation,1027.739588873727,1061.4025328840528,220.0,5.0,True,7,word,and,2.0
1276.0,1037.350387573242,1067.44966506958,0.4136918187141418,0.7919561862945557,0.4052149951457977,0.7412844896316528,3.222412109375,2.9758758544921875,Fixation,1027.739588873727,1061.4025328840528,220.0,5.0,True,7,word,and,2.0
1280.0,1030.4127502441404,1065.8579349517822,0.4111620485782623,0.7899169325828552,0.4025049805641174,0.7401791214942932,3.2438507080078125,2.981292724609375,Fixation,1027.739588873727,1061.4025328840528,220.0,5.0,True,7,word,and,2.0
1284.0,1042.3336791992188,1058.9679622650146,0.4141046106815338,0.7933856248855591,0.4071615934371948,0.7353944182395935,3.2439117431640625,2.9586181640625,Fixation,1027.739588873727,1061.4025328840528,220.0,5.0,True,7,word,and,2.0
1288.0,1018.0431365966797,1069.0507507324219,0.4170789718627929,0.7962386012077332,0.397673100233078,0.742396354675293,3.25738525390625,2.96575927734375,Fixation,1027.739588873727,1061.4025328840528,220.0,5.0,True,7,word,and,2.0
1292.0,1029.988784790039,1061.1229133605957,0.4128024578094482,0.7956802845001221,0.402339369058609,0.7368909120559692,3.233856201171875,2.9638824462890625,Fixation,1027.739588873727,1061.4025328840528,220.0,5.0,True,7,word,and,2.0
1296.0,1038.027572631836,1063.3891010284424,0.4138528406620025,0.7955985069274902,0.4054795205593109,0.7384646534919739,3.236236572265625,2.971649169921875,Fixation,1027.739588873727,1061.4025328840528,220.0,5.0,True,7,word,and,2.0
1300.0,1031.3616943359375,1068.572244644165,0.4165763854980469,0.7998736500740051,0.4028756618499756,0.7420640587806702,3.2348785400390625,2.984039306640625,Fixation,1027.739588873727,1061.4025328840528,220.0,5.0,True,7,word,and,2.0
1304.0,1030.3139495849607,1063.4420585632324,0.4173828661441803,0.7974857687950134,0.4024663865566253,0.7385014295578003,3.249908447265625,2.98248291015625,Fixation,1027.739588873727,1061.4025328840528,220.0,5.0,True,7,word,and,2.0
1308.0,1026.4520263671875,1064.848051071167,0.4177239239215851,0.7928568720817566,0.4009578227996826,0.739477813243866,3.2438201904296875,2.98944091796875,Fixation,1027.739588873727,1061.4025328840528,220.0,5.0,True,7,word,and,2.0
1312.0,1023.8613128662108,1062.5559425354004,0.4139090776443481,0.7948734760284424,0.3999458253383636,0.7378860712051392,3.23455810546875,2.988143920898437,Fixation,1027.739588873727,1061.4025328840528,220.0,5.0,True,7,word,and,2.0
1316.0,1036.0251617431638,1057.1450901031494,0.4155940413475036,0.794791042804718,0.4046973288059234,0.7341285347938538,3.2260894775390625,2.9481964111328125,Fixation,1027.739588873727,1061.4025328840528,220.0,5.0,True,7,word,and,2.0
1320.0,1027.3593139648438,1054.4932651519775,0.4162382185459137,0.7994659543037415,0.4013122320175171,0.7322869896888733,3.2308502197265625,2.981903076171875,Fixation,1027.739588873727,1061.4025328840528,220.0,5.0,True,7,word,and,2.0
1324.0,1018.871841430664,1055.8101654052734,0.4151684641838074,0.792934000492096,0.3979968130588531,0.7332015037536621,3.2442169189453125,2.963623046875,Fixation,1027.739588873727,1061.4025328840528,220.0,5.0,True,7,word,and,2.0
1328.0,1027.820053100586,1051.5950202941895,0.4180257618427276,0.7955468893051147,0.4014922082424164,0.7302743196487427,3.254638671875,2.9769287109375,Fixation,1027.739588873727,1061.4025328840528,220.0,5.0,True,7,word,and,2.0
1332.0,1037.6757812499998,1052.6264476776123,0.4105299711227417,0.7972227334976196,0.4053421020507812,0.7309905886650085,3.2350616455078125,2.9700164794921875,Fixation,1027.739588873727,1061.4025328840528,220.0,5.0,True,7,word,and,2.0
1336.0,1024.1144561767578,1050.450553894043,0.414095789194107,0.795570969581604,0.400044709444046,0.7294795513153076,3.22802734375,2.9955291748046875,Fixation,1027.739588873727,1061.4025328840528,220.0,5.0,True,7,word,and,2.0
1340.0,1027.5865173339841,1049.606237411499,0.4120504260063171,0.7903431057929993,0.4014009833335876,0.7288932204246521,3.245391845703125,2.98785400390625,Fixation,1027.739588873727,1061.4025328840528,220.0,5.0,True,7,word,and,2.0
1344.0,1016.6810607910156,1061.445722579956,0.4149553179740906,0.785990297794342,0.3971410393714905,0.7371150851249695,3.25421142578125,2.989959716796875,Fixation,1027.739588873727,1061.4025328840528,220.0,5.0,True,7,word,and,2.0
1348.0,1013.7870788574219,1059.9609375,0.409112811088562,0.7891901731491089,0.3960105776786804,0.736083984375,3.2391815185546875,2.99298095703125,Fixation,1027.739588873727,1061.4025328840528,220.0,5.0,True,7,word,and,2.0
1352.0,1016.2855529785155,1062.5451278686523,0.411017894744873,0.7892452478408813,0.3969865441322326,0.7378785610198975,3.2541046142578125,3.00579833984375,Fixation,1027.739588873727,1061.4025328840528,220.0,5.0,True,7,word,and,2.0
1356.0,1051.2928009033203,1054.4251155853271,0.4098537862300873,0.7859864830970764,0.4106612503528595,0.7322396636009216,3.244049072265625,2.96221923828125,Fixation,1027.739588873727,1061.4025328840528,220.0,5.0,True,7,word,and,2.0
1360.0,1073.8484954833984,1056.0169315338135,0.420761376619339,0.7836097478866577,0.4194720685482025,0.733345091342926,3.228378295898437,2.9821319580078125,Fixation,1027.739588873727,1061.4025328840528,220.0,5.0,True,7,word,and,2.0
1364.0,1108.0092620849607,1069.217004776001,0.4422590136528015,0.7861902713775635,0.4328161180019378,0.7425118088722229,3.248504638671875,2.9766082763671875,Fixation,1142.0979567307693,1059.6685717656062,256.0,6.0,True,8,word,knife,4.0
1368.0,1125.8398437499998,1054.0896034240723,0.4523188173770904,0.7820493578910828,0.4397811889648437,0.7320066690444946,3.2557525634765625,2.970977783203125,Fixation,1142.0979567307693,1059.6685717656062,256.0,6.0,True,8,word,knife,4.0
1372.0,1137.254409790039,1057.4349403381348,0.4546662271022796,0.7816650867462158,0.444240003824234,0.7343298196792603,3.2482452392578125,2.981430053710937,Fixation,1142.0979567307693,1059.6685717656062,256.0,6.0,True,8,word,knife,4.0
1376.0,1145.7479858398435,1056.5174961090088,0.4551509618759155,0.7826483249664307,0.4475578069686889,0.7336927056312561,3.236480712890625,2.965118408203125,Fixation,1142.0979567307693,1059.6685717656062,256.0,6.0,True,8,word,knife,4.0
1380.0,1152.6561737060547,1054.5360088348389,0.4518378674983978,0.7813315987586975,0.4502563178539276,0.7323166728019714,3.254913330078125,2.991180419921875,Fixation,1142.0979567307693,1059.6685717656062,256.0,6.0,True,8,word,knife,4.0
1384.0,1146.1188507080076,1050.2849006652832,0.4535128176212311,0.7789361476898193,0.4477026760578155,0.7293645143508911,3.2423858642578125,2.968414306640625,Fixation,1142.0979567307693,1059.6685717656062,256.0,6.0,True,8,word,knife,4.0
1388.0,1151.7941284179685,1051.4515972137451,0.4508234560489654,0.7762020230293274,0.449919581413269,0.730174720287323,3.23846435546875,2.978012084960937,Fixation,1142.0979567307693,1059.6685717656062,256.0,6.0,True,8,word,knife,4.0
1392.0,1142.7965545654295,1049.789400100708,0.445831686258316,0.7880778312683105,0.4464049041271209,0.7290204167366028,3.23834228515625,2.96746826171875,Fixation,1142.0979567307693,1059.6685717656062,256.0,6.0,True,8,word,knife,4.0
1396.0,1142.6280212402341,1052.1486282348633,0.4521467387676239,0.7885310053825378,0.4463390707969665,0.730658769607544,3.241851806640625,2.997177124023437,Fixation,1142.0979567307693,1059.6685717656062,256.0,6.0,True,8,word,knife,4.0
1400.0,1135.526351928711,1046.0667514801025,0.451248824596405,0.796485424041748,0.4435649812221527,0.7264352440834045,3.244369506835937,2.9766082763671875,Fixation,1142.0979567307693,1059.6685717656062,256.0,6.0,True,8,word,knife,4.0
1404.0,1152.6663970947263,1046.7303085327148,0.4465502500534057,0.7949620485305786,0.4502603113651275,0.7268960475921631,3.24395751953125,2.9796295166015625,Fixation,1142.0979567307693,1059.6685717656062,256.0,6.0,True,8,word,knife,4.0
1408.0,1148.323059082031,1053.2273483276367,0.4488221108913421,0.7956399321556091,0.4485636949539184,0.731407880783081,3.24884033203125,2.9696807861328125,Fixation,1142.0979567307693,1059.6685717656062,256.0,6.0,True,8,word,knife,4.0
1412.0,1145.7340240478516,1064.9839210510254,0.4496060609817505,0.787635862827301,0.447552353143692,0.7395721673965454,3.244140625,2.988998413085937,Fixation,1142.0979567307693,1059.6685717656062,256.0,6.0,True,8,word,knife,4.0
1416.0,1142.8668975830078,1055.6845092773438,0.4518407583236694,0.7870268821716309,0.4464323818683624,0.7331142425537109,3.242538452148437,2.9810791015625,Fixation,1142.0979567307693,1059.6685717656062,256.0,6.0,True,8,word,knife,4.0
1420.0,1141.7375183105469,1055.3294277191162,0.4554848670959472,0.7932325005531311,0.4459912180900574,0.7328676581382751,3.2574615478515625,2.994735717773437,Fixation,1142.0979567307693,1059.6685717656062,256.0,6.0,True,8,word,knife,4.0
1424.0,1141.9971466064453,1057.435541152954,0.4531345665454864,0.7853498458862305,0.4460926353931427,0.7343302369117737,3.245513916015625,2.977203369140625,Fixation,1142.0979567307693,1059.6685717656062,256.0,6.0,True,8,word,knife,4.0
1428.0,1143.9763641357422,1062.0572662353516,0.451255738735199,0.7845762372016907,0.4468657672405243,0.7375397682189941,3.239288330078125,2.994247436523437,Fixation,1142.0979567307693,1059.6685717656062,256.0,6.0,True,8,word,knife,4.0
1432.0,1145.1502990722654,1063.3451557159424,0.4504615664482116,0.7809631824493408,0.4473243355751037,0.7384341359138489,3.2439117431640625,2.998992919921875,Fixation,1142.0979567307693,1059.6685717656062,256.0,6.0,True,8,word,knife,4.0
1436.0,1140.2648162841797,1053.1026363372803,0.4546139240264892,0.7837485671043396,0.4454159438610077,0.7313212752342224,3.233139038085937,2.974884033203125,Fixation,1142.0979567307693,1059.6685717656062,256.0,6.0,True,8,word,knife,4.0
1440.0,1138.8119506835938,1060.1026439666748,0.4589157402515411,0.7836034893989563,0.4448484182357788,0.7361823916435242,3.24310302734375,2.994110107421875,Fixation,1142.0979567307693,1059.6685717656062,256.0,6.0,True,8,word,knife,4.0
1444.0,1127.7122497558591,1068.3407592773438,0.4587633609771728,0.7833444476127625,0.4405125975608825,0.7419033050537109,3.2437744140625,3.00885009765625,Fixation,1142.0979567307693,1059.6685717656062,256.0,6.0,True,8,word,knife,4.0
1448.0,1137.594985961914,1058.2755661010742,0.4552763998508453,0.7798748016357422,0.4443730413913727,0.7349135875701904,3.22918701171875,3.021148681640625,Fixation,1142.0979567307693,1059.6685717656062,256.0,6.0,True,8,word,knife,4.0
1452.0,1142.8480529785154,1065.1132678985596,0.45623779296875,0.7836599349975586,0.4464250206947326,0.7396619915962219,3.249908447265625,2.9996337890625,Fixation,1142.0979567307693,1059.6685717656062,256.0,6.0,True,8,word,knife,4.0
1456.0,1141.5634155273435,1060.4784965515137,0.4576699733734131,0.7865214347839355,0.4459232091903686,0.7364434003829956,3.2371826171875,2.9969024658203125,Fixation,1142.0979567307693,1059.6685717656062,256.0,6.0,True,8,word,knife,4.0
1460.0,1138.5016632080076,1063.115644454956,0.4514222741127014,0.7836057543754578,0.444727212190628,0.7382747530937195,3.23663330078125,2.9884796142578125,Fixation,1142.0979567307693,1059.6685717656062,256.0,6.0,True,8,word,knife,4.0
1464.0,1141.202697753906,1063.1333255767822,0.4531860053539276,0.7834466099739075,0.4457823038101196,0.7382870316505432,3.241912841796875,2.99420166015625,Fixation,1142.0979567307693,1059.6685717656062,256.0,6.0,True,8,word,knife,4.0
1468.0,1146.5166473388672,1054.7511863708496,0.4516976177692413,0.7899342775344849,0.447858065366745,0.7324661016464233,3.244171142578125,2.99346923828125,Fixation,1142.0979567307693,1059.6685717656062,256.0,6.0,True,8,word,knife,4.0
1472.0,1148.3055877685547,1065.8344173431396,0.4517209231853485,0.7932562232017517,0.4485568702220917,0.7401627898216248,3.2466278076171875,3.01287841796875,Fixation,1142.0979567307693,1059.6685717656062,256.0,6.0,True,8,word,knife,4.0
1476.0,1145.972442626953,1055.3550910949707,0.4476966261863708,0.7868161797523499,0.4476454854011535,0.732885479927063,3.234375,2.9859161376953125,Fixation,1142.0979567307693,1059.6685717656062,256.0,6.0,True,8,word,knife,4.0
1480.0,1141.450424194336,1064.3145275115967,0.4512767493724823,0.7902751564979553,0.4458790719509125,0.7391073107719421,3.241928100585937,3.01971435546875,Fixation,1142.0979567307693,1059.6685717656062,256.0,6.0,True,8,word,knife,4.0
1484.0,1148.796615600586,1061.431131362915,0.4511695206165313,0.7852123975753784,0.4487486779689789,0.7371049523353577,3.241317749023437,3.012924194335937,Fixation,1142.0979567307693,1059.6685717656062,256.0,6.0,True,8,word,knife,4.0
1488.0,1131.5200042724607,1070.9579944610596,0.4511926472187042,0.7909585237503052,0.44200000166893,0.7437208294868469,3.2477569580078125,3.01971435546875,Fixation,1142.0979567307693,1059.6685717656062,256.0,6.0,True,8,word,knife,4.0
1492.0,1141.2684631347656,1057.8246116638184,0.4500803053379059,0.7864339351654053,0.4458079934120178,0.7346004247665405,3.2362213134765625,3.0025787353515625,Fixation,1142.0979567307693,1059.6685717656062,256.0,6.0,True,8,word,knife,4.0
1496.0,1135.2685546875,1064.154453277588,0.4529034197330475,0.7895907759666443,0.4434642791748047,0.738996148109436,3.249359130859375,3.023193359375,Fixation,1142.0979567307693,1059.6685717656062,256.0,6.0,True,8,word,knife,4.0
1500.0,1131.996078491211,1059.256353378296,0.454204797744751,0.7892099618911743,0.4421859681606293,0.7355946898460388,3.246673583984375,3.026947021484375,Fixation,1142.0979567307693,1059.6685717656062,256.0,6.0,True,8,word,knife,4.0
1504.0,1129.3624877929688,1067.7285289764404,0.4583061635494232,0.7879276275634766,0.4411572217941284,0.7414781451225281,3.2607421875,3.017120361328125,Fixation,1142.0979567307693,1059.6685717656062,256.0,6.0,True,8,word,knife,4.0
1508.0,1134.748077392578,1057.9861450195312,0.4548506736755371,0.7955442667007446,0.4432609677314758,0.7347126007080078,3.252288818359375,3.003082275390625,Fixation,1142.0979567307693,1059.6685717656062,256.0,6.0,True,8,word,knife,4.0
1512.0,1136.3903808593748,1057.3437881469727,0.4533140957355499,0.7839090824127197,0.4439024925231933,0.7342665195465088,3.236572265625,3.02001953125,Fixation,1142.0979567307693,1059.6685717656062,256.0,6.0,True,8,word,knife,4.0
1516.0,1145.4776000976562,1063.4955310821533,0.4523508250713348,0.7873879075050354,0.447452187538147,0.7385385632514954,3.25042724609375,3.0353546142578125,Fixation,1142.0979567307693,1059.6685717656062,256.0,6.0,True,8,word,knife,4.0
1520.0,1152.3377990722654,1061.101369857788,0.4454893469810486,0.7796041369438171,0.4501319527626037,0.7368759512901306,3.2292938232421875,3.00958251953125,Fixation,1142.0979567307693,1059.6685717656062,256.0,6.0,True,8,word,knife,4.0
1524.0,1140.9423065185547,1058.3509254455566,0.4544201195240021,0.7937381267547607,0.4456805884838104,0.7349659204483032,3.25146484375,3.022491455078125,Fixation,1142.0979567307693,1059.6685717656062,256.0,6.0,True,8,word,knife,4.0
1528.0,1142.2220611572266,1065.2180671691895,0.450564295053482,0.7882676720619202,0.4461804926395416,0.7397347688674927,3.235870361328125,3.008407592773437,Fixation,1142.0979567307693,1059.6685717656062,256.0,6.0,True,8,word,knife,4.0
1532.0,1145.3235626220703,1058.9102840423584,0.4518924653530121,0.7759109735488892,0.4473920166492462,0.7353543639183044,3.2305908203125,3.0042724609375,Fixation,1142.0979567307693,1059.6685717656062,256.0,6.0,True,8,word,knife,4.0
1536.0,1138.131103515625,1067.4899196624756,0.4536366164684295,0.7847301363945007,0.444582462310791,0.7413124442100525,3.242828369140625,3.0334014892578125,Fixation,1142.0979567307693,1059.6685717656062,256.0,6.0,True,8,word,knife,4.0
1540.0,1138.2618713378906,1052.2145462036133,0.457373559474945,0.7820141315460205,0.4446335434913635,0.7307045459747314,3.2509918212890625,3.01287841796875,Fixation,1142.0979567307693,1059.6685717656062,256.0,6.0,True,8,word,knife,4.0
1544.0,1147.2644805908203,1055.2684020996094,0.4572446942329407,0.7830678224563599,0.4481501877307892,0.7328252792358398,3.237289428710937,3.013519287109375,Fixation,1142.0979567307693,1059.6685717656062,256.0,6.0,True,8,word,knife,4.0
1548.0,1146.2595367431638,1056.022253036499,0.4536312222480774,0.7872979640960693,0.4477576315402984,0.7333487868309021,3.241790771484375,3.0194854736328125,Fixation,1142.0979567307693,1059.6685717656062,256.0,6.0,True,8,word,knife,4.0
1552.0,1149.1831970214841,1066.4269924163818,0.4530978202819824,0.780480146408081,0.4488996863365173,0.740574300289154,3.2406768798828125,3.0437164306640625,Fixation,1142.0979567307693,1059.6685717656062,256.0,6.0,True,8,word,knife,4.0
1556.0,1138.4329986572266,1054.5623588562012,0.4535845816135406,0.7849172949790955,0.4447003901004791,0.7323349714279175,3.229248046875,3.0139923095703125,Fixation,1142.0979567307693,1059.6685717656062,256.0,6.0,True,8,word,knife,4.0
1560.0,1134.7761535644531,1052.319860458374,0.4523921906948089,0.7832600474357605,0.4432719349861145,0.7307776808738708,3.23712158203125,3.031600952148437,Fixation,1142.0979567307693,1059.6685717656062,256.0,6.0,True,8,word,knife,4.0
1564.0,1136.3879394531248,1063.273572921753,0.4515417814254761,0.7752492427825928,0.4439015388488769,0.7383844256401062,3.248031616210937,3.036529541015625,Fixation,1142.0979567307693,1059.6685717656062,256.0,6.0,True,8,word,knife,4.0
1568.0,1148.5545349121094,1044.292631149292,0.4536393582820892,0.776705265045166,0.4486541152000427,0.7252032160758972,3.23388671875,3.0166015625,Fixation,1142.0979567307693,1059.6685717656062,256.0,6.0,True,8,word,knife,4.0
1572.0,1160.3544616699216,1063.1147003173828,0.4555144011974334,0.7761728167533875,0.4532634615898132,0.738274097442627,3.2414093017578125,3.015899658203125,Fixation,1142.0979567307693,1059.6685717656062,256.0,6.0,True,8,word,knife,4.0
1576.0,1151.6069030761716,1071.2360000610352,0.4518998861312866,0.7764732241630554,0.4498464465141296,0.7439138889312744,3.233016967773437,3.026351928710937,Fixation,1142.0979567307693,1059.6685717656062,256.0,6.0,True,8,word,knife,4.0
1580.0,1137.3777770996094,1065.6685066223145,0.450983464717865,0.7775901556015015,0.4442881941795349,0.7400475740432739,3.224029541015625,3.0164947509765625,Fixation,1142.0979567307693,1059.6685717656062,256.0,6.0,True,8,word,knife,4.0
1584.0,1146.0343170166016,1058.75244140625,0.4509187042713165,0.7798358201980591,0.44766965508461,0.7352447509765625,3.239608764648437,3.0247039794921875,Fixation,1142.0979567307693,1059.6685717656062,256.0,6.0,True,8,word,knife,4.0
1588.0,1139.3820190429685,1059.9145889282227,0.448174774646759,0.7757911682128906,0.4450711011886596,0.7360517978668213,3.23162841796875,3.028533935546875,Fixation,1142.0979567307693,1059.6685717656062,256.0,6.0,True,8,word,knife,4.0
1592.0,1142.8955841064453,1061.4933586120605,0.4521017968654632,0.7788693308830261,0.4464435875415802,0.7371481657028198,3.253021240234375,3.0106964111328125,Fixation,1142.0979567307693,1059.6685717656062,256.0,6.0,True,8,word,knife,4.0
1596.0,1144.7660064697263,1065.5625915527344,0.4530240595340729,0.7783936262130737,0.4471742212772369,0.7399740219116211,3.222991943359375,3.0092926025390625,Fixation,1142.0979567307693,1059.6685717656062,256.0,6.0,True,8,word,knife,4.0
1600.0,1151.3007354736328,1064.344825744629,0.4527267515659332,0.7866664528846741,0.4497268497943878,0.7391283512115479,3.242294311523437,3.012237548828125,Fixation,1142.0979567307693,1059.6685717656062,256.0,6.0,True,8,word,knife,4.0
1604.0,1127.4137878417969,1071.4394187927246,0.4491446912288666,0.7857909202575684,0.4403960108757019,0.7440551519393921,3.243316650390625,3.0214996337890625,Fixation,1142.0979567307693,1059.6685717656062,256.0,6.0,True,8,word,knife,4.0
1608.0,1148.1935119628904,1058.468255996704,0.4520670771598816,0.7899574041366577,0.4485130906105041,0.7350473999977112,3.250213623046875,3.023345947265625,Fixation,1142.0979567307693,1059.6685717656062,256.0,6.0,True,8,word,knife,4.0
1612.0,1133.2057952880857,1058.1763458251953,0.4505403041839599,0.7894258499145508,0.4426585137844085,0.7348446846008301,3.228118896484375,3.03338623046875,Fixation,1142.0979567307693,1059.6685717656062,256.0,6.0,True,8,word,knife,4.0
1616.0,1152.0441436767578,1066.3952350616455,0.451710969209671,0.7877079844474792,0.4500172436237335,0.7405522465705872,3.2068328857421875,3.0209503173828125,Fixation,1142.0979567307693,1059.6685717656062,256.0,6.0,True,8,word,knife,4.0
1620.0,1167.3181152343748,1066.0138034820557,0.4609200656414032,0.7903452515602112,0.4559836387634277,0.7402873635292053,3.2192840576171875,2.99993896484375,Fixation,1142.0979567307693,1059.6685717656062,256.0,6.0,True,8,word,knife,4.0
1624.0,1221.0418701171873,1066.0033321380615,0.4736037850379944,0.7863260507583618,0.4769694805145263,0.7402800917625427,3.212509155273437,3.024200439453125,Saccade,,,,0.0,False,9,,,
1628.0,1272.7879333496091,1067.430009841919,0.5019552111625671,0.7875097990036011,0.4971827864646911,0.7412708401679993,3.22650146484375,3.040023803710937,Saccade,,,,0.0,False,9,,,
1632.0,1357.1249389648438,1056.8251132965088,0.526606559753418,0.7746981382369995,0.5301269292831421,0.7339063286781311,3.23040771484375,3.036849975585937,Fixation,1333.1886994838715,1073.1661297380924,508.0,7.0,True,10,word,resting,5.0
1636.0,1350.2099609375,1062.6311302185059,0.5379771590232849,0.7710261344909668,0.5274257659912109,0.7379382848739624,3.20745849609375,3.0416717529296875,Fixation,1333.1886994838715,1073.1661297380924,508.0,7.0,True,10,word,resting,5.0
1640.0,1365.9715270996094,1073.157148361206,0.5402818322181702,0.7648754119873047,0.5335826277732849,0.745248019695282,3.20623779296875,3.0259246826171875,Fixation,1333.1886994838715,1073.1661297380924,508.0,7.0,True,10,word,resting,5.0
1644.0,1350.8993530273438,1073.532829284668,0.5352428555488586,0.7700319886207581,0.5276950597763062,0.7455089092254639,3.1967926025390625,3.0342559814453125,Fixation,1333.1886994838715,1073.1661297380924,508.0,7.0,True,10,word,resting,5.0
1648.0,1334.0155029296875,1081.228837966919,0.5272383689880371,0.7763450145721436,0.5210998058319092,0.7508533596992493,3.217010498046875,3.014312744140625,Fixation,1333.1886994838715,1073.1661297380924,508.0,7.0,True,10,word,resting,5.0
1652.0,1323.4452819824219,1075.151424407959,0.5267802476882935,0.7736528515815735,0.5169708132743835,0.7466329336166382,3.23681640625,3.03350830078125,Fixation,1333.1886994838715,1073.1661297380924,508.0,7.0,True,10,word,resting,5.0
1656.0,1306.65283203125,1081.9999408721924,0.5253344178199768,0.7763218879699707,0.510411262512207,0.7513888478279114,3.2262420654296875,3.03009033203125,Fixation,1333.1886994838715,1073.1661297380924,508.0,7.0,True,10,word,resting,5.0
1660.0,1328.6834716796875,1081.887502670288,0.5331456661224365,0.7769555449485779,0.5190169811248779,0.7513107657432556,3.2163238525390625,3.0162506103515625,Fixation,1333.1886994838715,1073.1661297380924,508.0,7.0,True,10,word,resting,5.0
1664.0,1340.3694152832031,1076.1010551452637,0.5316791534423828,0.7738726735115051,0.5235818028450012,0.7472923994064331,3.196624755859375,3.018661499023437,Fixation,1333.1886994838715,1073.1661297380924,508.0,7.0,True,10,word,resting,5.0
1668.0,1339.6421813964844,1074.1053199768066,0.5323537588119507,0.7757078409194946,0.5232977271080017,0.7459064722061157,3.223236083984375,3.021469116210937,Fixation,1333.1886994838715,1073.1661297380924,508.0,7.0,True,10,word,resting,5.0
1672.0,1337.2885131835938,1081.676959991455,0.5281076431274414,0.774223268032074,0.5223783254623413,0.7511645555496216,3.191558837890625,3.0223846435546875,Fixation,1333.1886994838715,1073.1661297380924,508.0,7.0,True,10,word,resting,5.0
1676.0,1335.1699829101562,1077.8374099731445,0.5268000960350037,0.7728797197341919,0.5215507745742798,0.7484982013702393,3.1787109375,3.005111694335937,Fixation,1333.1886994838715,1073.1661297380924,508.0,7.0,True,10,word,resting,5.0
1680.0,1320.7164001464844,1082.1872234344482,0.5294168591499329,0.7713876366615295,0.5159048438072205,0.7515189051628113,3.185089111328125,3.0296630859375,Fixation,1333.1886994838715,1073.1661297380924,508.0,7.0,True,10,word,resting,5.0
1684.0,1327.9843139648438,1084.7153663635254,0.5266287922859192,0.7791210412979126,0.5187438726425171,0.7532745599746704,3.196929931640625,3.028411865234375,Fixation,1333.1886994838715,1073.1661297380924,508.0,7.0,True,10,word,resting,5.0
1688.0,1338.4695434570312,1073.8277435302734,0.532285213470459,0.7730661630630493,0.5228396654129028,0.7457137107849121,3.187286376953125,3.004867553710937,Fixation,1333.1886994838715,1073.1661297380924,508.0,7.0,True,10,word,resting,5.0
1692.0,1342.8070068359375,1074.7128295898438,0.5320006012916565,0.7785680890083313,0.5245339870452881,0.7463283538818359,3.1960601806640625,3.0148468017578125,Fixation,1333.1886994838715,1073.1661297380924,508.0,7.0,True,10,word,resting,5.0
1696.0,1333.1979370117188,1064.5529651641846,0.5290456414222717,0.7822545170783997,0.5207804441452026,0.7392728924751282,3.1915283203125,3.0181121826171875,Fixation,1333.1886994838715,1073.1661297380924,508.0,7.0,True,10,word,resting,5.0
1700.0,1329.9356079101562,1069.4855690002441,0.5289755463600159,0.7774603962898254,0.5195060968399048,0.7426983118057251,3.204681396484375,2.999786376953125,Fixation,1333.1886994838715,1073.1661297380924,508.0,7.0,True,10,word,resting,5.0
1704.0,1323.5501098632812,1072.0888996124268,0.5272002816200256,0.7731145024299622,0.5170117616653442,0.7445061802864075,3.195220947265625,3.0151519775390625,Fixation,1333.1886994838715,1073.1661297380924,508.0,7.0,True,10,word,resting,5.0
1708.0,1331.5921020507812,1077.1919631958008,0.527923583984375,0.7762296199798584,0.5201531648635864,0.7480499744415283,3.2010040283203125,3.0059356689453125,Fixation,1333.1886994838715,1073.1661297380924,508.0,7.0,True,10,word,resting,5.0
1712.0,1338.4962463378906,1073.2877826690674,0.5299030542373657,0.7788110375404358,0.5228500962257385,0.7453387379646301,3.203231811523437,3.0191192626953125,Fixation,1333.1886994838715,1073.1661297380924,508.0,7.0,True,10,word,resting,5.0
1716.0,1341.9204711914062,1066.6996765136719,0.5282661318778992,0.7780122756958008,0.5241876840591431,0.7407636642456055,3.195648193359375,3.0082550048828125,Fixation,1333.1886994838715,1073.1661297380924,508.0,7.0,True,10,word,resting,5.0
1720.0,1336.6966247558594,1067.9449081420898,0.5299124121665955,0.772776186466217,0.5221471190452576,0.7416284084320068,3.173828125,3.004608154296875,Fixation,1333.1886994838715,1073.1661297380924,508.0,7.0,True,10,word,resting,5.0
1724.0,1330.0173950195312,1070.8020401000977,0.5235859751701355,0.7725513577461243,0.5195380449295044,0.74361252784729,3.19110107421875,2.9947509765625,Fixation,1333.1886994838715,1073.1661297380924,508.0,7.0,True,10,word,resting,5.0
1728.0,1318.7590026855469,1075.6846046447754,0.5216417908668518,0.7768818140029907,0.5151402354240417,0.7470031976699829,3.20037841796875,3.007431030273437,Fixation,1333.1886994838715,1073.1661297380924,508.0,7.0,True,10,word,resting,5.0
1732.0,1332.9298400878906,1065.714340209961,0.5280126929283142,0.7762938141822815,0.5206757187843323,0.740079402923584,3.196502685546875,3.0130157470703125,Fixation,1333.1886994838715,1073.1661297380924,508.0,7.0,True,10,word,resting,5.0
1736.0,1337.5382995605469,1081.6783332824707,0.527393639087677,0.7738214731216431,0.5224758982658386,0.751165509223938,3.1854705810546875,3.0220489501953125,Fixation,1333.1886994838715,1073.1661297380924,508.0,7.0,True,10,word,resting,5.0
1740.0,1334.0557861328125,1082.885971069336,0.53058260679245,0.7709522247314453,0.5211155414581299,0.7520041465759277,3.168243408203125,3.0202178955078125,Fixation,1333.1886994838715,1073.1661297380924,508.0,7.0,True,10,word,resting,5.0
1744.0,1328.1884765625,1067.734022140503,0.5339353084564209,0.778340756893158,0.5188236236572266,0.7414819598197937,3.199066162109375,3.00885009765625,Fixation,1333.1886994838715,1073.1661297380924,508.0,7.0,True,10,word,resting,5.0
1748.0,1322.9469299316406,1076.7810916900635,0.5277837514877319,0.768519401550293,0.5167761445045471,0.7477646470069885,3.1634674072265625,3.0066680908203125,Fixation,1333.1886994838715,1073.1661297380924,508.0,7.0,True,10,word,resting,5.0
1752.0,1315.4866027832031,1076.650800704956,0.5245568156242371,0.7707383036613464,0.5138619542121887,0.7476741671562195,3.172760009765625,3.0426483154296875,Fixation,1333.1886994838715,1073.1661297380924,508.0,7.0,True,10,word,resting,5.0
1756.0,1336.383056640625,1070.0953102111816,0.5273395776748657,0.7695068717002869,0.5220246315002441,0.7431217432022095,3.18536376953125,3.010467529296875,Fixation,1333.1886994838715,1073.1661297380924,508.0,7.0,True,10,word,resting,5.0
1760.0,1332.9594421386719,1083.9023780822754,0.5244081020355225,0.7746906280517578,0.5206872820854187,0.7527099847793579,3.1553497314453125,3.02288818359375,Fixation,1333.1886994838715,1073.1661297380924,508.0,7.0,True,10,word,resting,5.0
1764.0,1336.8669128417969,1068.2075500488281,0.5256609320640564,0.7787011861801147,0.5222136378288269,0.7418107986450195,3.152801513671875,3.011199951171875,Fixation,1333.1886994838715,1073.1661297380924,508.0,7.0,True,10,word,resting,5.0
1768.0,1335.8811950683594,1073.5299968719482,0.525328516960144,0.7740702629089355,0.5218285918235779,0.7455069422721863,3.154693603515625,3.005950927734375,Fixation,1333.1886994838715,1073.1661297380924,508.0,7.0,True,10,word,resting,5.0
1772.0,1327.3065185546875,1069.3205165863037,0.5281047821044922,0.7776418924331665,0.5184791088104248,0.742583692073822,3.1668243408203125,3.008773803710937,Fixation,1333.1886994838715,1073.1661297380924,508.0,7.0,True,10,word,resting,5.0
1776.0,1331.3162231445312,1067.863712310791,0.5253559350967407,0.7737181186676025,0.5200453996658325,0.7415720224380493,3.158203125,2.9989166259765625,Fixation,1333.1886994838715,1073.1661297380924,508.0,7.0,True,10,word,resting,5.0
1780.0,1321.0585021972656,1064.3286037445068,0.5306539535522461,0.7810697555541992,0.5160384774208069,0.7391170859336853,3.173370361328125,2.9988555908203125,Fixation,1333.1886994838715,1073.1661297380924,508.0,7.0,True,10,word,resting,5.0
1784.0,1327.0840454101562,1074.6487140655518,0.5272532105445862,0.7781247496604919,0.5183922052383423,0.7462838292121887,3.1605682373046875,3.0121612548828125,Fixation,1333.1886994838715,1073.1661297380924,508.0,7.0,True,10,word,resting,5.0
1788.0,1341.0823059082031,1070.4268741607666,0.5241833925247192,0.7828313112258911,0.5238602757453918,0.7433519959449768,3.15850830078125,3.022323608398437,Fixation,1333.1886994838715,1073.1661297380924,508.0,7.0,True,10,word,resting,5.0
1792.0,1342.2917175292969,1062.081470489502,0.5253269672393799,0.7803652882575989,0.5243327021598816,0.7375565767288208,3.1622467041015625,3.002777099609375,Fixation,1333.1886994838715,1073.1661297380924,508.0,7.0,True,10,word,resting,5.0
1796.0,1326.3160705566406,1073.2222938537598,0.5210079550743103,0.7782389521598816,0.5180922150611877,0.7452932596206665,3.155502319335937,2.99517822265625,Fixation,1333.1886994838715,1073.1661297380924,508.0,7.0,True,10,word,resting,5.0
1800.0,1332.9856872558594,1067.7712726593018,0.5277258157730103,0.7789548635482788,0.5206975340843201,0.7415078282356262,3.169906616210937,2.995712280273437,Fixation,1333.1886994838715,1073.1661297380924,508.0,7.0,True,10,word,resting,5.0
1804.0,1326.8539428710938,1064.0720558166504,0.5284215807914734,0.7723832726478577,0.518302321434021,0.7389389276504517,3.164779663085937,2.9972381591796875,Fixation,1333.1886994838715,1073.1661297380924,508.0,7.0,True,10,word,resting,5.0
1808.0,1316.7678833007812,1059.519338607788,0.5289749503135681,0.7839514017105103,0.5143624544143677,0.7357773184776306,3.167999267578125,2.9924468994140625,Fixation,1333.1886994838715,1073.1661297380924,508.0,7.0,True,10,word,resting,5.0
1812.0,1335.6756591796875,1072.734260559082,0.5278649926185608,0.7826718091964722,0.5217483043670654,0.7449543476104736,3.13623046875,2.983734130859375,Fixation,1333.1886994838715,1073.1661297380924,508.0,7.0,True,10,word,resting,5.0
1816.0,1345.0675964355469,1072.2993564605713,0.5307291746139526,0.7823787927627563,0.5254170298576355,0.7446523308753967,3.1482391357421875,2.9849090576171875,Fixation,1333.1886994838715,1073.1661297380924,508.0,7.0,True,10,word,resting,5.0
1820.0,1341.920166015625,1069.2561435699463,0.5245807766914368,0.7835653424263,0.5241875648498535,0.7425389885902405,3.159408569335937,2.984283447265625,Fixation,1333.1886994838715,1073.1661297380924,508.0,7.0,True,10,word,resting,5.0
1824.0,1340.9100341796875,1063.42360496521,0.5205190181732178,0.7887322902679443,0.5237929821014404,0.7384886145591736,3.164825439453125,2.98870849609375,Fixation,1333.1886994838715,1073.1661297380924,508.0,7.0,True,10,word,resting,5.0
1828.0,1333.829345703125,1076.8492412567139,0.5260372161865234,0.7848437428474426,0.5210270881652832,0.7478119730949402,3.1659393310546875,2.99737548828125,Fixation,1333.1886994838715,1073.1661297380924,508.0,7.0,True,10,word,resting,5.0
1832.0,1327.7935791015625,1075.1464462280273,0.5306147933006287,0.7797139883041382,0.5186693668365479,0.7466294765472412,3.1541900634765625,2.98175048828125,Fixation,1333.1886994838715,1073.1661297380924,508.0,7.0,True,10,word,resting,5.0
1836.0,1333.3186340332031,1073.5066509246826,0.5293955206871033,0.782935380935669,0.52082759141922,0.7454907298088074,3.135589599609375,2.9963836669921875,Fixation,1333.1886994838715,1073.1661297380924,508.0,7.0,True,10,word,resting,5.0
1840.0,1333.7840270996094,1072.3908519744873,0.5311886072158813,0.7837439775466919,0.5210093855857849,0.7447158694267273,3.1475830078125,2.993255615234375,Fixation,1333.1886994838715,1073.1661297380924,508.0,7.0,True,10,word,resting,5.0
1844.0,1329.8782348632812,1080.1451396942139,0.5277509689331055,0.7790352702140808,0.5194836854934692,0.7501007914543152,3.137786865234375,3.00067138671875,Fixation,1333.1886994838715,1073.1661297380924,508.0,7.0,True,10,word,resting,5.0
1848.0,1336.7005920410156,1078.421745300293,0.5173895955085754,0.7710186839103699,0.5221486687660217,0.7489039897918701,3.131134033203125,2.96417236328125,Fixation,1333.1886994838715,1073.1661297380924,508.0,7.0,True,10,word,resting,5.0
1852.0,1333.3695983886719,1081.629753112793,0.5237721800804138,0.776509165763855,0.520847499370575,0.7511317729949951,3.13262939453125,2.9740142822265625,Fixation,1333.1886994838715,1073.1661297380924,508.0,7.0,True,10,word,resting,5.0
1856.0,1335.9115600585938,1076.670799255371,0.524808943271637,0.7754574418067932,0.5218404531478882,0.7476880550384521,3.127777099609375,2.984359741210937,Fixation,1333.1886994838715,1073.1661297380924,508.0,7.0,True,10,word,resting,5.0
1860.0,1328.4503173828125,1078.2669925689697,0.5221856832504272,0.7721132636070251,0.5189259052276611,0.7487965226173401,3.108184814453125,2.9792633056640625,Fixation,1333.1886994838715,1073.1661297380924,508.0,7.0,True,10,word,resting,5.0
1864.0,1324.6644592285156,1075.1669597625732,0.5195109248161316,0.77663254737854,0.5174470543861389,0.7466437220573425,3.139251708984375,2.983642578125,Fixation,1333.1886994838715,1073.1661297380924,508.0,7.0,True,10,word,resting,5.0
1868.0,1329.3911743164062,1074.2066860198975,0.5261743664741516,0.784518837928772,0.5192934274673462,0.7459768652915955,3.1380157470703125,2.9909820556640625,Fixation,1333.1886994838715,1073.1661297380924,508.0,7.0,True,10,word,resting,5.0
1872.0,1339.4126892089844,1067.8979587554932,0.5308226346969604,0.7772344946861267,0.5232080817222595,0.7415958046913147,3.1382293701171875,2.9785614013671875,Fixation,1333.1886994838715,1073.1661297380924,508.0,7.0,True,10,word,resting,5.0
1876.0,1321.5260314941406,1070.0198650360107,0.5262196660041809,0.7847685813903809,0.5162211060523987,0.7430693507194519,3.118927001953125,2.995758056640625,Fixation,1333.1886994838715,1073.1661297380924,508.0,7.0,True,10,word,resting,5.0
1880.0,1334.8658752441406,1066.7417335510254,0.5273415446281433,0.7773541212081909,0.5214319825172424,0.7407928705215454,3.1180419921875,2.9766082763671875,Fixation,1333.1886994838715,1073.1661297380924,508.0,7.0,True,10,word,resting,5.0
1884.0,1325.7743835449219,1070.286111831665,0.5207247138023376,0.7731095552444458,0.5178806185722351,0.7432542443275452,3.0867462158203125,2.9896392822265625,Fixation,1333.1886994838715,1073.1661297380924,508.0,7.0,True,10,word,resting,5.0
1888.0,1317.8813171386719,1067.8778743743896,0.5225245356559753,0.7719901204109192,0.5147973895072937,0.7415818572044373,3.11517333984375,2.998199462890625,Fixation,1333.1886994838715,1073.1661297380924,508.0,7.0,True,10,word,resting,5.0
1892.0,1321.65771484375,1063.5944080352783,0.5301985740661621,0.7804772853851318,0.5162725448608398,0.7386072278022766,3.123519897460937,2.983749389648437,Fixation,1333.1886994838715,1073.1661297380924,508.0,7.0,True,10,word,resting,5.0
1896.0,1342.05078125,1069.1467952728271,0.5264633893966675,0.7786113619804382,0.5242385864257812,0.7424630522727966,3.090789794921875,2.9677886962890625,Fixation,1333.1886994838715,1073.1661297380924,508.0,7.0,True,10,word,resting,5.0
1900.0,1345.3636169433594,1069.8419380187988,0.5292880535125732,0.7804625630378723,0.5255326628684998,0.7429457902908325,3.124862670898437,2.9761199951171875,Fixation,1333.1886994838715,1073.1661297380924,508.0,7.0,True,10,word,resting,5.0
1904.0,1329.2019653320312,1077.8495121002197,0.5279795527458191,0.7768764495849609,0.5192195177078247,0.7485066056251526,3.112823486328125,2.9867706298828125,Fixation,1333.1886994838715,1073.1661297380924,508.0,7.0,True,10,word,resting,5.0
1908.0,1333.5137939453125,1073.203239440918,0.5297725796699524,0.7803800106048584,0.5209038257598877,0.7452800273895264,3.1090087890625,2.963851928710937,Fixation,1333.1886994838715,1073.1661297380924,508.0,7.0,True,10,word,resting,5.0
1912.0,1332.2795104980469,1075.2457523345947,0.5239754915237427,0.7719956636428833,0.5204216837882996,0.7466984391212463,3.1018218994140625,2.96405029296875,Fixation,1333.1886994838715,1073.1661297380924,508.0,7.0,True,10,word,resting,5.0
1916.0,1323.4341430664062,1070.076084136963,0.52721107006073,0.7841512560844421,0.5169664621353149,0.7431083917617798,3.14093017578125,2.993255615234375,Fixation,1333.1886994838715,1073.1661297380924,508.0,7.0,True,10,word,resting,5.0
1920.0,1335.0712585449219,1081.369857788086,0.5254759192466736,0.7818803191184998,0.5215122103691101,0.7509512901306152,3.1189422607421875,2.981796264648437,Fixation,1333.1886994838715,1073.1661297380924,508.0,7.0,True,10,word,resting,5.0
1924.0,1343.9398193359375,1079.95210647583,0.5257894396781921,0.7755807042121887,0.5249764919281006,0.7499667406082153,3.106674194335937,2.9873199462890625,Fixation,1333.1886994838715,1073.1661297380924,508.0,7.0,True,10,word,resting,5.0
1928.0,1336.2983703613281,1081.715841293335,0.5315537452697754,0.7830687165260315,0.5219915509223938,0.7511915564537048,3.11956787109375,2.9739532470703125,Fixation,1333.1886994838715,1073.1661297380924,508.0,7.0,True,10,word,resting,5.0
1932.0,1329.4137573242188,1071.07515335083,0.5283002257347107,0.7739795446395874,0.519302248954773,0.7438021898269653,3.1002655029296875,2.979476928710937,Fixation,1333.1886994838715,1073.1661297380924,508.0,7.0,True,10,word,resting,5.0
1936.0,1322.5065612792969,1065.1312923431396,0.5286966562271118,0.7774818539619446,0.5166041254997253,0.7396745085716248,3.099105834960937,2.990692138671875,Fixation,1333.1886994838715,1073.1661297380924,508.0,7.0,True,10,word,resting,5.0
1940.0,1330.4336547851562,1064.218397140503,0.5272657871246338,0.7806139588356018,0.5197006464004517,0.7390405535697937,3.10113525390625,2.9681396484375,Fixation,1333.1886994838715,1073.1661297380924,508.0,7.0,True,10,word,resting,5.0
1944.0,1337.1873474121094,1065.8882331848145,0.5239347219467163,0.7809980511665344,0.5223388075828552,0.7402001619338989,3.120101928710937,2.980224609375,Fixation,1333.1886994838715,1073.1661297380924,508.0,7.0,True,10,word,resting,5.0
1948.0,1333.4782409667969,1071.661033630371,0.5273460745811462,0.7775176167488098,0.520889937877655,0.7442090511322021,3.1522979736328125,2.9957427978515625,Fixation,1333.1886994838715,1073.1661297380924,508.0,7.0,True,10,word,resting,5.0
1952.0,1337.76611328125,1063.7349128723145,0.5270008444786072,0.7827485203742981,0.5225648880004883,0.7387048006057739,3.126617431640625,2.99169921875,Fixation,1333.1886994838715,1073.1661297380924,508.0,7.0,True,10,word,resting,5.0
1956.0,1327.7491760253906,1071.3333320617676,0.5267150402069092,0.7879295349121094,0.5186520218849182,0.7439814805984497,3.1295166015625,2.981201171875,Fixation,1333.1886994838715,1073.1661297380924,508.0,7.0,True,10,word,resting,5.0
1960.0,1321.759033203125,1070.9401416778564,0.531265377998352,0.783062219619751,0.5163121223449707,0.7437084317207336,3.117889404296875,2.9925079345703125,Fixation,1333.1886994838715,1073.1661297380924,508.0,7.0,True,10,word,resting,5.0
1964.0,1342.0504760742188,1066.351203918457,0.5291934609413147,0.7878507375717163,0.5242384672164917,0.7405216693878174,3.1291961669921875,2.974838256835937,Fixation,1333.1886994838715,1073.1661297380924,508.0,7.0,True,10,word,resting,5.0
1968.0,1330.1728820800781,1072.6841354370117,0.5286756157875061,0.790422260761261,0.5195987820625305,0.7449195384979248,3.1463623046875,2.998992919921875,Fixation,1333.1886994838715,1073.1661297380924,508.0,7.0,True,10,word,resting,5.0
1972.0,1332.9318237304688,1069.0197658538818,0.5239962339401245,0.7849255204200745,0.5206764936447144,0.742374837398529,3.128173828125,2.9842987060546875,Fixation,1333.1886994838715,1073.1661297380924,508.0,7.0,True,10,word,resting,5.0
1976.0,1339.295654296875,1074.87135887146,0.5256412029266357,0.7843594551086426,0.5231623649597168,0.7464384436607361,3.121856689453125,2.9759521484375,Fixation,1333.1886994838715,1073.1661297380924,508.0,7.0,True,10,word,resting,5.0
1980.0,1324.2710876464844,1068.8429546356201,0.5217507481575012,0.7877557277679443,0.517293393611908,0.7422520518302917,3.131805419921875,2.9962158203125,Fixation,1333.1886994838715,1073.1661297380924,508.0,7.0,True,10,word,resting,5.0
1984.0,1327.3741149902344,1074.2369842529297,0.5278023481369019,0.780542254447937,0.5185055136680603,0.7459979057312012,3.1082763671875,2.988800048828125,Fixation,1333.1886994838715,1073.1661297380924,508.0,7.0,True,10,word,resting,5.0
1988.0,1333.1114196777344,1079.5188331604004,0.5306949615478516,0.7817907929420471,0.520746648311615,0.7496658563613892,3.121734619140625,3.009765625,Fixation,1333.1886994838715,1073.1661297380924,508.0,7.0,True,10,word,resting,5.0
1992.0,1329.967041015625,1077.0929145812988,0.5287699699401855,0.7858007550239563,0.5195183753967285,0.7479811906814575,3.1269073486328125,3.0013427734375,Fixation,1333.1886994838715,1073.1661297380924,508.0,7.0,True,10,word,resting,5.0
1996.0,1336.5383911132812,1082.2838687896729,0.5332215428352356,0.7810724377632141,0.5220853090286255,0.7515860199928284,3.12677001953125,3.0083465576171875,Fixation,1333.1886994838715,1073.1661297380924,508.0,7.0,True,10,word,resting,5.0
2000.0,1330.6546020507812,1080.360918045044,0.5273274779319763,0.7841027975082397,0.5197869539260864,0.7502506375312805,3.1329345703125,2.992431640625,Fixation,1333.1886994838715,1073.1661297380924,508.0,7.0,True,10,word,resting,5.0
2004.0,1327.7375793457031,1077.6263523101807,0.5263343453407288,0.7824754118919373,0.5186474919319153,0.7483516335487366,3.131103515625,2.9997711181640625,Fixation,1333.1886994838715,1073.1661297380924,508.0,7.0,True,10,word,resting,5.0
2008.0,1334.7183227539062,1073.2094192504883,0.5276453495025635,0.7836509346961975,0.5213743448257446,0.7452843189239502,3.1416168212890625,2.9924468994140625,Fixation,1333.1886994838715,1073.1661297380924,508.0,7.0,True,10,word,resting,5.0
2012.0,1326.6639709472656,1077.184238433838,0.5307261347770691,0.7763241529464722,0.5182281136512756,0.7480446100234985,3.136383056640625,3.0115203857421875,Fixation,1333.1886994838715,1073.1661297380924,508.0,7.0,True,10,word,resting,5.0
2016.0,1337.4729919433594,1066.5616607666016,0.5325372815132141,0.7856132984161377,0.5224503874778748,0.7406678199768066,3.14984130859375,3.00469970703125,Fixation,1333.1886994838715,1073.1661297380924,508.0,7.0,True,10,word,resting,5.0
2020.0,1340.9449768066406,1070.487985610962,0.5307825207710266,0.7879605293273926,0.523806631565094,0.7433944344520569,3.164703369140625,3.0035552978515625,Fixation,1333.1886994838715,1073.1661297380924,508.0,7.0,True,10,word,resting,5.0
2024.0,1332.7925109863281,1071.2221813201904,0.5325794219970703,0.7854882478713989,0.5206220746040344,0.7439042925834656,3.1373748779296875,2.98602294921875,Fixation,1333.1886994838715,1073.1661297380924,508.0,7.0,True,10,word,resting,5.0
2028.0,1336.2217712402344,1069.0772724151611,0.5243248343467712,0.7851774096488953,0.5219616293907166,0.7424147725105286,3.146240234375,2.9982452392578125,Fixation,1333.1886994838715,1073.1661297380924,508.0,7.0,True,10,word,resting,5.0
2032.0,1331.1692810058594,1064.1802024841309,0.531066358089447,0.7886753678321838,0.5199880003929138,0.7390140295028687,3.150054931640625,3.0053863525390625,Fixation,1333.1886994838715,1073.1661297380924,508.0,7.0,True,10,word,resting,5.0
2036.0,1322.6129150390625,1061.559362411499,0.5255385041236877,0.7805266976356506,0.5166456699371338,0.7371940016746521,3.116973876953125,3.00384521484375,Fixation,1333.1886994838715,1073.1661297380924,508.0,7.0,True,10,word,resting,5.0
2040.0,1340.9317016601562,1067.3440074920654,0.532008945941925,0.787114143371582,0.5238014459609985,0.7412111163139343,3.143524169921875,2.996734619140625,Fixation,1333.1886994838715,1073.1661297380924,508.0,7.0,True,10,word,resting,5.0
2044.0,1342.1353149414062,1072.0727634429932,0.5310887694358826,0.7879652380943298,0.5242716073989868,0.7444949746131897,3.1363983154296875,3.010467529296875,Fixation,1333.1886994838715,1073.1661297380924,508.0,7.0,True,10,word,resting,5.0
2048.0,1345.8213806152344,1066.8574333190918,0.5244198441505432,0.7942463755607605,0.5257114768028259,0.7408732175827026,3.157623291015625,3.010238647460937,Fixation,1333.1886994838715,1073.1661297380924,508.0,7.0,True,10,word,resting,5.0
2052.0,1337.1958923339844,1062.178373336792,0.5314733982086182,0.7887922525405884,0.5223421454429626,0.7376238703727722,3.16070556640625,3.0183258056640625,Fixation,1333.1886994838715,1073.1661297380924,508.0,7.0,True,10,word,resting,5.0
2056.0,1335.4315185546875,1070.2800178527832,0.5276384949684143,0.7824981808662415,0.5216529369354248,0.7432500123977661,3.165512084960937,3.0115966796875,Fixation,1333.1886994838715,1073.1661297380924,508.0,7.0,True,10,word,resting,5.0
2060.0,1330.8514404296875,1073.5116291046143,0.5250499844551086,0.7832802534103394,0.5198638439178467,0.7454941868782043,3.161972045898437,3.0059967041015625,Fixation,1333.1886994838715,1073.1661297380924,508.0,7.0,True,10,word,resting,5.0
2064.0,1331.2879943847656,1069.134693145752,0.5252790451049805,0.7845732569694519,0.5200343728065491,0.7424546480178833,3.14849853515625,3.0105743408203125,Fixation,1333.1886994838715,1073.1661297380924,508.0,7.0,True,10,word,resting,5.0
2068.0,1326.0643005371094,1083.3795833587646,0.5253678560256958,0.796698808670044,0.5179938673973083,0.752346932888031,3.1523590087890625,3.01177978515625,Fixation,1333.1886994838715,1073.1661297380924,508.0,7.0,True,10,word,resting,5.0
2072.0,1330.0003051757812,1069.3710708618164,0.526734471321106,0.7901554107666016,0.5195313692092896,0.7426187992095947,3.153182983398437,3.0067901611328125,Fixation,1333.1886994838715,1073.1661297380924,508.0,7.0,True,10,word,resting,5.0
2076.0,1335.1870727539062,1081.127643585205,0.5279425382614136,0.790682315826416,0.5215574502944946,0.7507830858230591,3.1627655029296875,3.000152587890625,Fixation,1333.1886994838715,1073.1661297380924,508.0,7.0,True,10,word,resting,5.0
2080.0,1337.8759765625,1068.0329704284668,0.5306982398033142,0.7884747982025146,0.5226078033447266,0.7416895627975464,3.1429901123046875,3.0078277587890625,Fixation,1333.1886994838715,1073.1661297380924,508.0,7.0,True,10,word,resting,5.0
2084.0,1339.3455505371094,1072.3346328735352,0.5288181304931641,0.7965856790542603,0.5231818556785583,0.7446768283843994,3.142547607421875,3.0120849609375,Fixation,1333.1886994838715,1073.1661297380924,508.0,7.0,True,10,word,resting,5.0
2088.0,1336.11328125,1082.7515602111816,0.5311660170555115,0.7916472554206848,0.5219192504882812,0.7519108057022095,3.1624908447265625,3.019638061523437,Fixation,1333.1886994838715,1073.1661297380924,508.0,7.0,True,10,word,resting,5.0
2092.0,1320.5577087402344,1092.4396133422852,0.526586651802063,0.7932596206665039,0.515842854976654,0.7586386203765869,3.1456298828125,3.026962280273437,Fixation,1333.1886994838715,1073.1661297380924,508.0,7.0,True,10,word,resting,5.0
2096.0,1324.6891784667969,1083.3563232421875,0.5207850933074951,0.7907963395118713,0.5174567103385925,0.7523307800292969,3.14190673828125,3.010345458984375,Fixation,1333.1886994838715,1073.1661297380924,508.0,7.0,True,10,word,resting,5.0
2100.0,1321.3835144042969,1079.2388534545898,0.5282721519470215,0.7932601571083069,0.5161654353141785,0.7494714260101318,3.16925048828125,2.9984130859375,Fixation,1333.1886994838715,1073.1661297380924,508.0,7.0,True,10,word,resting,5.0
2104.0,1331.9952392578125,1080.1694297790527,0.5256791114807129,0.7936424016952515,0.520310640335083,0.7501176595687866,3.161834716796875,3.016342163085937,Fixation,1333.1886994838715,1073.1661297380924,508.0,7.0,True,10,word,resting,5.0
2108.0,1333.3837890625,1077.0361804962158,0.5261642932891846,0.793146014213562,0.5208530426025391,0.747941792011261,3.1571502685546875,3.012069702148437,Fixation,1333.1886994838715,1073.1661297380924,508.0,7.0,True,10,word,resting,5.0
2112.0,1336.9671630859375,1084.8738098144531,0.5245412588119507,0.7900083661079407,0.5222527980804443,0.7533845901489258,3.15301513671875,3.00823974609375,Fixation,1333.1886994838715,1073.1661297380924,508.0,7.0,True,10,word,resting,5.0
2116.0,1329.5100402832031,1078.0506134033203,0.5300373435020447,0.7935935854911804,0.5193398594856262,0.7486462593078613,3.1561737060546875,3.022918701171875,Fixation,1333.1886994838715,1073.1661297380924,508.0,7.0,True,10,word,resting,5.0
2120.0,1334.03564453125,1075.7438278198242,0.5260668396949768,0.7889150381088257,0.5211076736450195,0.7470443248748779,3.135955810546875,3.0314483642578125,Fixation,1333.1886994838715,1073.1661297380924,508.0,7.0,True,10,word,resting,5.0
2124.0,1332.1446228027344,1071.390323638916,0.5318372249603271,0.7879049777984619,0.5203689932823181,0.7440210580825806,3.14898681640625,3.0066680908203125,Fixation,1333.1886994838715,1073.1661297380924,508.0,7.0,True,10,word,resting,5.0
2128.0,1334.4807434082031,1075.2220630645752,0.531136155128479,0.7936816811561584,0.5212815403938293,0.7466819882392883,3.153350830078125,3.00665283203125,Fixation,1333.1886994838715,1073.1661297380924,508.0,7.0,True,10,word,resting,5.0
2132.0,1319.7245788574219,1081.248664855957,0.5305489897727966,0.7964456081390381,0.5155174136161804,0.7508671283721924,3.1633758544921875,3.0087890625,Fixation,1333.1886994838715,1073.1661297380924,508.0,7.0,True,10,word,resting,5.0
2136.0,1339.0950012207031,1086.8181324005127,0.5306856632232666,0.787350058555603,0.5230839848518372,0.7547348141670227,3.14007568359375,3.02044677734375,Fixation,1333.1886994838715,1073.1661297380924,508.0,7.0,True,10,word,resting,5.0
2140.0,1382.0974731445312,1066.261682510376,0.5530907511711121,0.7935889363288879,0.5398818254470825,0.7404595017433167,3.1487274169921875,3.0079345703125,Fixation,1333.1886994838715,1073.1661297380924,508.0,7.0,True,10,word,resting,5.0
2144.0,1445.2857971191406,1074.3101978302002,0.5758568048477173,0.7777641415596008,0.5645647644996643,0.7460487484931946,3.130096435546875,3.0098114013671875,Saccade,,,,0.0,False,11,,,
2148.0,1501.3568115234375,1069.7165393829346,0.6006248593330383,0.7778800129890442,0.5864675045013428,0.7428587079048157,3.162322998046875,3.021820068359375,Saccade,,,,0.0,False,11,,,
2152.0,1534.1780090332031,1076.55029296875,0.61497962474823,0.7732961773872375,0.599288284778595,0.7476043701171875,3.1374969482421875,3.01507568359375,Saccade,,,,0.0,False,11,,,
2156.0,1550.9764099121094,1071.5176105499268,0.6156632900238037,0.7758437991142273,0.6058501601219177,0.7441094517707825,3.1356201171875,3.030502319335937,Saccade,,,,0.0,False,11,,,
2160.0,1559.8530578613281,1071.0480308532715,0.6335254311561584,0.7660079598426819,0.6093176007270813,0.7437833547592163,3.15643310546875,3.02691650390625,Saccade,,,,0.0,False,11,,,
2164.0,1591.2577819824219,1071.1565208435059,0.6409589648246765,0.7743402123451233,0.6215850710868835,0.7438586950302124,3.153305053710937,3.009246826171875,Fixation,1579.2792040236452,1082.268435701411,184.0,8.0,True,12,word,the,7.0
2168.0,1596.9044494628906,1071.6090202331543,0.6374397277832031,0.777527391910553,0.6237908005714417,0.7441729307174683,3.159271240234375,3.00048828125,Fixation,1579.2792040236452,1082.268435701411,184.0,8.0,True,12,word,the,7.0
2172.0,1588.9662170410156,1082.6710510253906,0.6322513222694397,0.7775478363037109,0.6206899285316467,0.7518548965454102,3.1619110107421875,3.0106201171875,Fixation,1579.2792040236452,1082.268435701411,184.0,8.0,True,12,word,the,7.0
2176.0,1572.3455810546875,1085.7757186889648,0.6285011172294617,0.7743335366249084,0.6141974925994873,0.7540109157562256,3.1367340087890625,2.9951934814453125,Fixation,1579.2792040236452,1082.268435701411,184.0,8.0,True,12,word,the,7.0
2180.0,1573.994140625,1085.6068897247314,0.6272080540657043,0.7725406885147095,0.6148414611816406,0.7538936734199524,3.1364288330078125,2.991119384765625,Fixation,1579.2792040236452,1082.268435701411,184.0,8.0,True,12,word,the,7.0
2184.0,1574.4245910644531,1081.952133178711,0.6272594332695007,0.7682801485061646,0.615009605884552,0.7513556480407715,3.1429595947265625,2.992095947265625,Fixation,1579.2792040236452,1082.268435701411,184.0,8.0,True,12,word,the,7.0
2188.0,1572.8132629394531,1085.606803894043,0.6315779089927673,0.7765665054321289,0.6143801808357239,0.7538936138153076,3.1443328857421875,2.997055053710937,Fixation,1579.2792040236452,1082.268435701411,184.0,8.0,True,12,word,the,7.0
2192.0,1570.3645324707031,1079.485445022583,0.6330276727676392,0.7805554866790771,0.6134236454963684,0.7496426701545715,3.1651153564453125,3.0110321044921875,Fixation,1579.2792040236452,1082.268435701411,184.0,8.0,True,12,word,the,7.0
2196.0,1562.847900390625,1093.2925128936768,0.6382570266723633,0.7647402286529541,0.6104874610900879,0.75923091173172,3.1491851806640625,3.021240234375,Fixation,1579.2792040236452,1082.268435701411,184.0,8.0,True,12,word,the,7.0
2200.0,1570.7554626464844,1081.1030960083008,0.6340411901473999,0.7720698118209839,0.613576352596283,0.7507660388946533,3.149749755859375,3.0006561279296875,Fixation,1579.2792040236452,1082.268435701411,184.0,8.0,True,12,word,the,7.0
2204.0,1575.7322692871094,1087.1820545196533,0.6342699527740479,0.7796036601066589,0.6155204176902771,0.7549875378608704,3.1359405517578125,2.992401123046875,Fixation,1579.2792040236452,1082.268435701411,184.0,8.0,True,12,word,the,7.0
2208.0,1571.953125,1086.3977336883545,0.6305633187294006,0.7742125988006592,0.614044189453125,0.7544428706169128,3.1244354248046875,3.006088256835937,Fixation,1579.2792040236452,1082.268435701411,184.0,8.0,True,12,word,the,7.0
2212.0,1574.1375732421875,1076.3139152526855,0.6281225085258484,0.774488627910614,0.6148974895477295,0.7474402189254761,3.1556854248046875,3.008270263671875,Fixation,1579.2792040236452,1082.268435701411,184.0,8.0,True,12,word,the,7.0
2216.0,1566.802978515625,1082.4725246429443,0.6271209716796875,0.7724478840827942,0.612032413482666,0.7517170310020447,3.142303466796875,3.0199432373046875,Fixation,1579.2792040236452,1082.268435701411,184.0,8.0,True,12,word,the,7.0
2220.0,1577.2572326660156,1075.1064491271973,0.6360770463943481,0.7737283706665039,0.6161161065101624,0.7466017007827759,3.1527099609375,2.999114990234375,Fixation,1579.2792040236452,1082.268435701411,184.0,8.0,True,12,word,the,7.0
2224.0,1576.087646484375,1073.7720394134521,0.6364114880561829,0.7740473747253418,0.615659236907959,0.7456750273704529,3.1453399658203125,2.988250732421875,Fixation,1579.2792040236452,1082.268435701411,184.0,8.0,True,12,word,the,7.0
2228.0,1579.3475341796875,1082.4527835845947,0.6325817704200745,0.7772716283798218,0.6169326305389404,0.7517033219337463,3.16015625,2.99267578125,Fixation,1579.2792040236452,1082.268435701411,184.0,8.0,True,12,word,the,7.0
2232.0,1563.7092590332031,1088.860731124878,0.6364925503730774,0.7737862467765808,0.610823929309845,0.7561532855033875,3.1515350341796875,3.007415771484375,Fixation,1579.2792040236452,1082.268435701411,184.0,8.0,True,12,word,the,7.0
2236.0,1572.2688293457031,1085.7322883605957,0.6312288641929626,0.7685757279396057,0.6141675114631653,0.7539807558059692,3.1427764892578125,3.001220703125,Fixation,1579.2792040236452,1082.268435701411,184.0,8.0,True,12,word,the,7.0
2240.0,1575.45654296875,1080.7992553710938,0.6305396556854248,0.7701675295829773,0.615412712097168,0.7505550384521484,3.14862060546875,2.990570068359375,Fixation,1579.2792040236452,1082.268435701411,184.0,8.0,True,12,word,the,7.0
2244.0,1585.1052856445312,1084.044942855835,0.6305906772613525,0.7677748203277588,0.619181752204895,0.7528089880943298,3.1332550048828125,2.9910888671875,Fixation,1579.2792040236452,1082.268435701411,184.0,8.0,True,12,word,the,7.0
2248.0,1577.2573852539062,1089.5416259765625,0.6307432651519775,0.7749958634376526,0.6161161661148071,0.7566261291503906,3.1472625732421875,2.99578857421875,Fixation,1579.2792040236452,1082.268435701411,184.0,8.0,True,12,word,the,7.0
2252.0,1571.6136169433594,1079.9073028564453,0.6339862942695618,0.7744538187980652,0.6139115691184998,0.7499356269836426,3.150146484375,3.010009765625,Fixation,1579.2792040236452,1082.268435701411,184.0,8.0,True,12,word,the,7.0
2256.0,1578.5626220703125,1081.3162994384766,0.6326170563697815,0.7694854736328125,0.6166260242462158,0.7509140968322754,3.1465301513671875,2.9942169189453125,Fixation,1579.2792040236452,1082.268435701411,184.0,8.0,True,12,word,the,7.0
2260.0,1580.3445434570312,1086.4167022705078,0.6363921761512756,0.7801403403282166,0.6173220872879028,0.7544560432434082,3.1516876220703125,2.996185302734375,Fixation,1579.2792040236452,1082.268435701411,184.0,8.0,True,12,word,the,7.0
2264.0,1581.7547607421875,1087.3524284362793,0.6334963440895081,0.7773010730743408,0.617872953414917,0.7551058530807495,3.159530639648437,3.000961303710937,Fixation,1579.2792040236452,1082.268435701411,184.0,8.0,True,12,word,the,7.0
2268.0,1579.7895812988281,1079.0452194213867,0.632529616355896,0.774761438369751,0.6171053051948547,0.7493369579315186,3.154083251953125,2.998748779296875,Fixation,1579.2792040236452,1082.268435701411,184.0,8.0,True,12,word,the,7.0
2272.0,1579.2367553710938,1075.0655937194824,0.632793664932251,0.7769445776939392,0.6168893575668335,0.7465733289718628,3.1407012939453125,3.01348876953125,Fixation,1579.2792040236452,1082.268435701411,184.0,8.0,True,12,word,the,7.0
2276.0,1572.20947265625,1067.6940250396729,0.6327399015426636,0.7713779211044312,0.6141443252563477,0.7414541840553284,3.1413116455078125,3.0084686279296875,Fixation,1579.2792040236452,1082.268435701411,184.0,8.0,True,12,word,the,7.0
2280.0,1574.6531677246094,1076.2329769134521,0.6314230561256409,0.773780882358551,0.6150988936424255,0.7473840117454529,3.155868530273437,3.0022430419921875,Fixation,1579.2792040236452,1082.268435701411,184.0,8.0,True,12,word,the,7.0
2284.0,1580.7798767089844,1080.5816745758057,0.632785975933075,0.7806565761566162,0.617492139339447,0.7504039406776428,3.164886474609375,3.011505126953125,Fixation,1579.2792040236452,1082.268435701411,184.0,8.0,True,12,word,the,7.0
2288.0,1578.2595825195312,1073.5601234436035,0.6368657946586609,0.7759928703308105,0.6165076494216919,0.7455278635025024,3.146469116210937,3.00946044921875,Fixation,1579.2792040236452,1082.268435701411,184.0,8.0,True,12,word,the,7.0
2292.0,1581.4639282226562,1081.2114143371582,0.6347786784172058,0.7773544192314148,0.6177593469619751,0.7508412599563599,3.14801025390625,3.0088043212890625,Fixation,1579.2792040236452,1082.268435701411,184.0,8.0,True,12,word,the,7.0
2296.0,1582.0115661621094,1082.3632621765137,0.6360939145088196,0.7752556800842285,0.617973268032074,0.7516411542892456,3.152313232421875,2.9976959228515625,Fixation,1579.2792040236452,1082.268435701411,184.0,8.0,True,12,word,the,7.0
2300.0,1577.2587585449219,1083.4140872955322,0.6314998865127563,0.7691505551338196,0.6161167025566101,0.7523708939552307,3.15264892578125,2.9923553466796875,Fixation,1579.2792040236452,1082.268435701411,184.0,8.0,True,12,word,the,7.0
2304.0,1574.3783569335938,1078.9496898651123,0.6350266933441162,0.7772980332374573,0.6149915456771851,0.7492706179618835,3.1452789306640625,3.010467529296875,Fixation,1579.2792040236452,1082.268435701411,184.0,8.0,True,12,word,the,7.0
2308.0,1574.6470642089844,1086.0649681091309,0.6297302842140198,0.7734460234642029,0.6150965094566345,0.7542117834091187,3.1584625244140625,3.022323608398437,Fixation,1579.2792040236452,1082.268435701411,184.0,8.0,True,12,word,the,7.0
2312.0,1580.1856994628906,1074.9722957611084,0.6339932680130005,0.77242511510849,0.6172600388526917,0.7465085387229919,3.1381072998046875,2.996734619140625,Fixation,1579.2792040236452,1082.268435701411,184.0,8.0,True,12,word,the,7.0
2316.0,1574.5011901855469,1082.213830947876,0.6345515847206116,0.7792723178863525,0.6150395274162292,0.7515373826026917,3.154571533203125,3.0077362060546875,Fixation,1579.2792040236452,1082.268435701411,184.0,8.0,True,12,word,the,7.0
2320.0,1572.3551940917969,1082.0831108093262,0.6342976689338684,0.7723481059074402,0.6142012476921082,0.7514466047286987,3.1479644775390625,3.0079803466796875,Fixation,1579.2792040236452,1082.268435701411,184.0,8.0,True,12,word,the,7.0
2324.0,1574.6791076660156,1082.0886898040771,0.6349563598632812,0.7797102928161621,0.6151090264320374,0.7514504790306091,3.158203125,3.025909423828125,Fixation,1579.2792040236452,1082.268435701411,184.0,8.0,True,12,word,the,7.0
2328.0,1582.867431640625,1086.1365509033203,0.6336260437965393,0.776898980140686,0.6183075904846191,0.7542614936828613,3.17138671875,3.012451171875,Fixation,1579.2792040236452,1082.268435701411,184.0,8.0,True,12,word,the,7.0
2332.0,1576.4945983886719,1090.9975719451904,0.6359847784042358,0.7699861526489258,0.615818202495575,0.7576372027397156,3.14300537109375,3.020614624023437,Fixation,1579.2792040236452,1082.268435701411,184.0,8.0,True,12,word,the,7.0
2336.0,1572.7134704589844,1091.0667514801025,0.6368398666381836,0.7686064839363098,0.6143411993980408,0.7576852440834045,3.1385040283203125,3.029998779296875,Fixation,1579.2792040236452,1082.268435701411,184.0,8.0,True,12,word,the,7.0
2340.0,1594.6119689941406,1087.776861190796,0.6357266306877136,0.7757055163383484,0.6228953003883362,0.7554005980491638,3.164047241210937,3.0176239013671875,Fixation,1579.2792040236452,1082.268435701411,184.0,8.0,True,12,word,the,7.0
2344.0,1606.3726806640625,1090.6217193603516,0.6487525105476379,0.7728893160820007,0.6274893283843994,0.7573761940002441,3.18170166015625,3.031890869140625,Fixation,1579.2792040236452,1082.268435701411,184.0,8.0,True,12,word,the,7.0
2348.0,1654.5880126953125,1088.5477924346924,0.6678399443626404,0.7733970284461975,0.6463234424591064,0.7559359669685364,3.1754608154296875,3.0300750732421875,Fixation,1579.2792040236452,1082.268435701411,184.0,8.0,True,12,word,the,7.0
2352.0,1685.0282287597656,1084.7046375274658,0.6780714988708496,0.7659373879432678,0.6582141518592834,0.7532671093940735,3.1586456298828125,3.034332275390625,Fixation,,,296.0,9.0,True,13,,,
2356.0,1692.8416442871094,1083.5015487670898,0.6820231676101685,0.7728715538978577,0.6612662672996521,0.7524316310882568,3.19561767578125,3.0305633544921875,Fixation,,,296.0,9.0,True,13,,,
2360.0,1696.9985961914062,1090.4300594329834,0.6878858804702759,0.7716559767723083,0.6628900766372681,0.7572430968284607,3.1709136962890625,3.042633056640625,Fixation,,,296.0,9.0,True,13,,,
2364.0,1685.1118469238281,1091.391191482544,0.6774693727493286,0.7741560935974121,0.6582468152046204,0.7579105496406555,3.1856231689453125,3.0293731689453125,Fixation,,,296.0,9.0,True,13,,,
2368.0,1694.8283386230469,1091.081771850586,0.6759276986122131,0.7785331606864929,0.6620423197746277,0.7576956748962402,3.174407958984375,3.0178680419921875,Fixation,,,296.0,9.0,True,13,,,
2372.0,1690.05859375,1087.7738571166992,0.676430344581604,0.7750915288925171,0.6601791381835938,0.7553985118865967,3.1753692626953125,3.0461883544921875,Fixation,,,296.0,9.0,True,13,,,
2376.0,1684.5124816894531,1086.7650032043457,0.6738678216934204,0.7707723379135132,0.6580126881599426,0.7546979188919067,3.17852783203125,3.0452880859375,Fixation,,,296.0,9.0,True,13,,,
2380.0,1685.45654296875,1089.7147464752197,0.6817834377288818,0.7658305764198303,0.658381462097168,0.7567463517189026,3.1777496337890625,3.04913330078125,Fixation,,,296.0,9.0,True,13,,,
2384.0,1681.5220642089844,1089.186201095581,0.6805946826934814,0.7676486372947693,0.6568445563316345,0.7563793063163757,3.16424560546875,3.0546112060546875,Fixation,,,296.0,9.0,True,13,,,
2388.0,1684.759521484375,1082.9420185089111,0.6795924305915833,0.7690939903259277,0.658109188079834,0.7520430684089661,3.1625213623046875,3.0459442138671875,Fixation,,,296.0,9.0,True,13,,,
2392.0,1677.2410583496094,1085.5163383483887,0.6827818751335144,0.766403079032898,0.6551722884178162,0.7538307905197144,3.1865234375,3.0338592529296875,Fixation,,,296.0,9.0,True,13,,,
2396.0,1676.5866088867188,1082.4891757965088,0.6766968369483948,0.7671112418174744,0.6549166440963745,0.7517285943031311,3.1989898681640625,3.026473999023437,Fixation,,,296.0,9.0,True,13,,,
2400.0,1681.5142822265625,1079.994592666626,0.6758653521537781,0.7705580592155457,0.656841516494751,0.7499962449073792,3.177474975585937,3.0533447265625,Fixation,,,296.0,9.0,True,13,,,
2404.0,1675.0077819824219,1078.8548469543457,0.6786630153656006,0.7656557559967041,0.6542999148368835,0.7492047548294067,3.180389404296875,3.046600341796875,Fixation,,,296.0,9.0,True,13,,,
2408.0,1680.9846496582031,1090.2897262573242,0.6791363954544067,0.7691441774368286,0.6566346287727356,0.7571456432342529,3.186264038085937,3.0641632080078125,Fixation,,,296.0,9.0,True,13,,,
2412.0,1685.9123229980469,1086.7304992675781,0.6781967282295227,0.7687035799026489,0.6585595011711121,0.754673957824707,3.17657470703125,3.0559234619140625,Fixation,,,296.0,9.0,True,13,,,
2416.0,1683.7245178222656,1080.8413982391357,0.6800899505615234,0.7709074020385742,0.6577048897743225,0.7505843043327332,3.18548583984375,3.0522613525390625,Fixation,,,296.0,9.0,True,13,,,
2420.0,1679.0089416503906,1080.4165363311768,0.6788623332977295,0.7687150239944458,0.6558628678321838,0.750289261341095,3.201400756835937,3.053924560546875,Fixation,,,296.0,9.0,True,13,,,
2424.0,1678.9385986328125,1086.358938217163,0.67974853515625,0.7718395590782166,0.6558353900909424,0.7544159293174744,3.18402099609375,3.065185546875,Fixation,,,296.0,9.0,True,13,,,
2428.0,1668.8813781738281,1078.6897945404053,0.6765249967575073,0.7712054252624512,0.6519067883491516,0.7490901350975037,3.193603515625,3.067352294921875,Fixation,,,296.0,9.0,True,13,,,
2432.0,1681.3864135742188,1084.8760414123535,0.6775665283203125,0.775315523147583,0.6567915678024292,0.7533861398696899,3.2010498046875,3.053680419921875,Fixation,,,296.0,9.0,True,13,,,
2436.0,1684.3739318847656,1088.0879974365234,0.6772883534431458,0.7801463603973389,0.6579585671424866,0.7556166648864746,3.214569091796875,3.076171875,Fixation,,,296.0,9.0,True,13,,,
2440.0,1686.1030578613281,1082.6735401153564,0.6781753301620483,0.7775788307189941,0.6586340069770813,0.7518566250801086,3.19940185546875,3.061676025390625,Fixation,,,296.0,9.0,True,13,,,
2444.0,1692.236328125,1088.594570159912,0.6784736514091492,0.7709270119667053,0.6610298156738281,0.755968451499939,3.19403076171875,3.0652008056640625,Fixation,,,296.0,9.0,True,13,,,
2448.0,1692.6258850097656,1097.043743133545,0.680216372013092,0.7831673622131348,0.6611819863319397,0.7618359327316284,3.202499389648437,3.082015991210937,Fixation,,,296.0,9.0,True,13,,,
2452.0,1686.1186218261719,1091.2653636932373,0.6782931089401245,0.7757760882377625,0.6586400866508484,0.7578231692314148,3.2086944580078125,3.0691680908203125,Fixation,,,296.0,9.0,True,13,,,
2456.0,1689.4480895996094,1090.5100536346436,0.6780586242675781,0.7676306366920471,0.6599406599998474,0.7572986483573914,3.20672607421875,3.0786895751953125,Fixation,,,296.0,9.0,True,13,,,
2460.0,1686.2753295898438,1081.7326641082764,0.6761613488197327,0.7672665119171143,0.6587013006210327,0.7512032389640808,3.212432861328125,3.0797271728515625,Fixation,,,296.0,9.0,True,13,,,
2464.0,1685.9971618652344,1090.2957344055176,0.6780022978782654,0.7706381678581238,0.6585926413536072,0.7571498155593872,3.208099365234375,3.0989227294921875,Fixation,,,296.0,9.0,True,13,,,
2468.0,1686.8362426757812,1084.857759475708,0.6810017824172974,0.771089494228363,0.658920407295227,0.7533734440803528,3.19940185546875,3.08587646484375,Fixation,,,296.0,9.0,True,13,,,
2472.0,1687.0973205566406,1084.9590396881104,0.6780651211738586,0.7675264477729797,0.6590223908424377,0.7534437775611877,3.230255126953125,3.0911407470703125,Fixation,,,296.0,9.0,True,13,,,
2476.0,1688.4432983398438,1091.5204524993896,0.6802135109901428,0.7699512839317322,0.6595481634140015,0.7580003142356873,3.186065673828125,3.0988311767578125,Fixation,,,296.0,9.0,True,13,,,
2480.0,1676.2774658203125,1085.0041007995605,0.6800474524497986,0.7591091990470886,0.6547958850860596,0.7534750699996948,3.22216796875,3.093490600585937,Fixation,,,296.0,9.0,True,13,,,
2484.0,1667.3670959472656,1085.588264465332,0.6786639094352722,0.7686514854431152,0.6513152718544006,0.7538807392120361,3.207626342773437,3.11749267578125,Fixation,,,296.0,9.0,True,13,,,
2488.0,1683.6848449707031,1089.765214920044,0.674546480178833,0.7658578157424927,0.6576893925666809,0.7567813992500305,3.207763671875,3.09368896484375,Fixation,,,296.0,9.0,True,13,,,
2492.0,1678.6639404296875,1087.5193691253662,0.680462658405304,0.7693923711776733,0.6557281017303467,0.7552217841148376,3.2275390625,3.108062744140625,Fixation,,,296.0,9.0,True,13,,,
2496.0,1685.751953125,1092.97682762146,0.6804755330085754,0.7681707143783569,0.6584968566894531,0.7590116858482361,3.2201080322265625,3.110443115234375,Fixation,,,296.0,9.0,True,13,,,
2500.0,1683.2371520996094,1092.590675354004,0.6794340014457703,0.7713528275489807,0.6575145125389099,0.7587435245513916,3.213958740234375,3.09930419921875,Fixation,,,296.0,9.0,True,13,,,
2504.0,1678.5853576660156,1100.288314819336,0.6770337820053101,0.7759371399879456,0.6556974053382874,0.7640891075134277,3.2313385009765625,3.1097564697265625,Fixation,,,296.0,9.0,True,13,,,
2508.0,1694.2239379882812,1094.1227531433105,0.6806562542915344,0.7723941802978516,0.6618062257766724,0.7598074674606323,3.20703125,3.102264404296875,Fixation,,,296.0,9.0,True,13,,,
2512.0,1678.4922790527344,1108.8406562805176,0.6881640553474426,0.7765690684318542,0.6556610465049744,0.7700282335281372,3.176177978515625,3.100448608398437,Fixation,,,296.0,9.0,True,13,,,
2516.0,1671.513671875,1130.5324745178223,0.6832689642906189,0.794413149356842,0.6529350280761719,0.7850919961929321,3.169342041015625,3.0716552734375,Fixation,,,296.0,9.0,True,13,,,
2520.0,1664.3112182617188,1151.6342067718506,0.6782152652740479,0.7927268147468567,0.6501215696334839,0.7997459769248962,3.167205810546875,3.0267486572265625,Fixation,,,296.0,9.0,True,13,,,
2524.0,1690.0306701660156,1137.299280166626,0.7070540189743042,0.8271036148071289,0.6601682305335999,0.7897911667823792,2.96478271484375,3.03582763671875,Fixation,,,296.0,9.0,True,13,,,
2528.0,,,,,,,,,Fixation,,,296.0,9.0,True,13,,,
2532.0,,,,,,,,,Fixation,,,296.0,9.0,True,13,,,
2536.0,,,,,,,,,Fixation,,,296.0,9.0,True,13,,,
2540.0,,,,,,,,,Fixation,,,296.0,9.0,True,13,,,
2544.0,,,,,,,,,Fixation,,,296.0,9.0,True,13,,,
2548.0,,,,,,,,,Fixation,,,296.0,9.0,True,13,,,
2552.0,,,,,,,,,Fixation,,,296.0,9.0,True,13,,,
2556.0,,,,,,,,,Fixation,,,296.0,9.0,True,13,,,
2560.0,,,,,,,,,Fixation,,,296.0,9.0,True,13,,,
2564.0,,,,,,,,,Fixation,,,296.0,9.0,True,13,,,
2568.0,,,,,,,,,Fixation,,,296.0,9.0,True,13,,,
2572.0,,,,,,,,,Fixation,,,296.0,9.0,True,13,,,
2576.0,,,,,,,,,Fixation,,,296.0,9.0,True,13,,,
2580.0,,,,,,,,,Fixation,,,296.0,9.0,True,13,,,
2584.0,,,,,,,,,Fixation,,,296.0,9.0,True,13,,,
2588.0,,,,,,,,,Fixation,,,296.0,9.0,True,13,,,
2592.0,,,,,,,,,Fixation,,,296.0,9.0,True,13,,,
2596.0,,,,,,,,,Fixation,,,296.0,9.0,True,13,,,
2600.0,,,,,,,,,Fixation,,,296.0,9.0,True,13,,,
2604.0,,,,,,,,,Fixation,,,296.0,9.0,True,13,,,
2608.0,,,,,,,,,Fixation,,,296.0,9.0,True,13,,,
2612.0,,,,,,,,,Fixation,,,296.0,9.0,True,13,,,
2616.0,,,,,,,,,Fixation,,,296.0,9.0,True,13,,,
2620.0,,,,,,,,,Fixation,,,296.0,9.0,True,13,,,
2624.0,,,,,,,,,Fixation,,,296.0,9.0,True,13,,,
2628.0,,,,,,,,,Fixation,,,296.0,9.0,True,13,,,
2632.0,,,,,,,,,Fixation,,,296.0,9.0,True,13,,,
2636.0,,,,,,,,,Fixation,,,296.0,9.0,True,13,,,
2640.0,,,,,,,,,Fixation,,,296.0,9.0,True,13,,,
2644.0,,,,,,,,,Fixation,,,296.0,9.0,True,13,,,
2648.0,,,,,,,,,Fixation,,,296.0,9.0,True,13,,,
2652.0,1943.5092163085938,1234.0104675292969,0.7591832876205444,0.8569517135620117,,,2.927825927734375,,Saccade,,,,0.0,False,14,,,
2656.0,1930.0343322753906,1229.899606704712,0.7539196610450745,0.8540969491004944,,,2.9130096435546875,,Saccade,,,,0.0,False,14,,,
2660.0,1891.6091918945312,1147.6879692077637,0.7389098405838013,0.7970055341720581,,,3.1383209228515625,,Saccade,,,,0.0,False,14,,,
2664.0,,,,,,,,,Saccade,,,,0.0,False,14,,,
2668.0,1858.6381530761719,1111.909875869751,0.7260305285453796,0.7721596360206604,,,3.1953887939453125,,Saccade,,,,0.0,False,14,,,
2672.0,1686.2019348144531,1258.8691806793213,0.7373015284538269,0.8098077774047852,0.6586726307868958,0.8742147088050842,3.0301055908203125,2.6238555908203125,Saccade,,,,0.0,False,14,,,
2676.0,1757.5862121582031,1164.6084594726562,0.7297788858413696,0.7876870632171631,0.6865571141242981,0.8087558746337891,3.132720947265625,3.0278472900390625,Saccade,,,,0.0,False,14,,,
2680.0,1773.8441467285156,1127.3138236999512,0.7312202453613281,0.8099042177200317,0.6929078698158264,0.782856822013855,3.103973388671875,3.0771942138671875,Saccade,,,,0.0,False,14,,,
2684.0,1793.7147521972656,1208.3481216430664,0.7270459532737732,0.780279815196991,0.7006698250770569,0.8391306400299072,3.1515350341796875,2.9243621826171875,Saccade,,,,0.0,False,14,,,
2688.0,1761.7486572265625,1141.7589569091797,0.7259376049041748,0.8050814270973206,0.688183069229126,0.7928881645202637,3.0910186767578125,3.024887084960937,Saccade,,,,0.0,False,14,,,
2692.0,1777.9360961914062,1146.1182975769043,0.7237337827682495,0.7631229758262634,0.6945062875747681,0.7959154844284058,3.1493682861328125,3.0339813232421875,Saccade,,,,0.0,False,14,,,
2696.0,1784.2338562011719,1144.1550922393799,0.7194799184799194,0.8005496263504028,0.6969663500785828,0.7945521473884583,3.1400146484375,3.035614013671875,Saccade,,,,0.0,False,14,,,
2700.0,1795.7806396484375,1164.497652053833,0.7158424854278564,0.779518187046051,0.7014768123626709,0.808678925037384,3.17388916015625,3.026397705078125,Saccade,,,,0.0,False,14,,,
2704.0,1799.9481201171875,1122.9630661010742,0.7266986966133118,0.7982974648475647,0.7031047344207764,0.7798354625701904,3.139129638671875,3.0678253173828125,Fixation,1784.8923368232195,1129.3263836794122,168.0,10.0,True,15,word,board,9.0
2708.0,1789.5407104492188,1132.2696018218994,0.7199546694755554,0.7794408798217773,0.6990393400192261,0.7862983345985413,3.1610260009765625,3.08203125,Fixation,1784.8923368232195,1129.3263836794122,168.0,10.0,True,15,word,board,9.0
2712.0,1803.8026428222656,1133.395185470581,0.7243818640708923,0.7725397348403931,0.7046104073524475,0.7870799899101257,3.163848876953125,3.0513153076171875,Fixation,1784.8923368232195,1129.3263836794122,168.0,10.0,True,15,word,board,9.0
2716.0,1804.7654724121094,1138.0750179290771,0.7240710258483887,0.7907360792160034,0.7049865126609802,0.7903298735618591,3.1792144775390625,3.060028076171875,Fixation,1784.8923368232195,1129.3263836794122,168.0,10.0,True,15,word,board,9.0
2720.0,1795.8955383300781,1147.1547031402588,0.7252478003501892,0.7848532199859619,0.7015216946601868,0.7966352105140686,3.14251708984375,3.065643310546875,Fixation,1784.8923368232195,1129.3263836794122,168.0,10.0,True,15,word,board,9.0
2724.0,1794.9853515625,1148.7575054168701,0.7251335978507996,0.7875820994377136,0.7011661529541016,0.7977482676506042,3.139022827148437,3.051849365234375,Fixation,1784.8923368232195,1129.3263836794122,168.0,10.0,True,15,word,board,9.0
2728.0,1799.974365234375,1145.3961181640625,0.7229664921760559,0.7953724265098572,0.7031149864196777,0.7954139709472656,3.132064819335937,3.06396484375,Fixation,1784.8923368232195,1129.3263836794122,168.0,10.0,True,15,word,board,9.0
2732.0,1789.5957946777344,1154.690637588501,0.7237063646316528,0.7807493209838867,0.69906085729599,0.8018684983253479,3.17071533203125,3.0528717041015625,Fixation,1784.8923368232195,1129.3263836794122,168.0,10.0,True,15,word,board,9.0
2736.0,1788.721923828125,1145.479974746704,0.7290752530097961,0.7900072336196899,0.6987195014953613,0.7954722046852112,3.136474609375,3.0547027587890625,Fixation,1784.8923368232195,1129.3263836794122,168.0,10.0,True,15,word,board,9.0
2740.0,1784.9166870117188,1148.6912441253662,0.7306531071662903,0.7925066351890564,0.6972330808639526,0.7977022528648376,3.1568603515625,3.05865478515625,Fixation,1784.8923368232195,1129.3263836794122,168.0,10.0,True,15,word,board,9.0
2744.0,1777.0390319824219,1140.9731769561768,0.7274779081344604,0.787083625793457,0.6941558718681335,0.792342483997345,3.16259765625,3.0493927001953125,Fixation,1784.8923368232195,1129.3263836794122,168.0,10.0,True,15,word,board,9.0
2748.0,1776.9316101074219,1149.221420288086,0.7275194525718689,0.7853423357009888,0.6941139101982117,0.7980704307556152,3.157257080078125,3.0727081298828125,Fixation,1784.8923368232195,1129.3263836794122,168.0,10.0,True,15,word,board,9.0
2752.0,1784.0312194824219,1134.439401626587,0.7232812643051147,0.7928914427757263,0.696887195110321,0.7878051400184631,3.158782958984375,3.076751708984375,Fixation,1784.8923368232195,1129.3263836794122,168.0,10.0,True,15,word,board,9.0
2756.0,1784.57763671875,1155.72172164917,0.7265231013298035,0.7878410816192627,0.6971006393432617,0.8025845289230347,3.1531219482421875,3.0712432861328125,Fixation,1784.8923368232195,1129.3263836794122,168.0,10.0,True,15,word,board,9.0
2760.0,1788.1718444824219,1135.7956981658936,0.7288356423377991,0.7773913145065308,0.698504626750946,0.7887470126152039,3.166046142578125,3.086776733398437,Fixation,1784.8923368232195,1129.3263836794122,168.0,10.0,True,15,word,board,9.0
2764.0,1792.8709411621094,1150.785083770752,0.7329453825950623,0.7894994616508484,0.700340211391449,0.7991563081741333,3.152450561523437,3.075347900390625,Fixation,1784.8923368232195,1129.3263836794122,168.0,10.0,True,15,word,board,9.0
2768.0,1784.5317077636719,1141.135139465332,0.7278204560279846,0.7948120832443237,0.6970826983451843,0.7924549579620361,3.1754913330078125,3.09423828125,Fixation,1784.8923368232195,1129.3263836794122,168.0,10.0,True,15,word,board,9.0
2772.0,1797.1794128417969,1140.790786743164,0.7275844216346741,0.7904072999954224,0.7020232081413269,0.7922158241271973,3.154052734375,3.086654663085937,Fixation,1784.8923368232195,1129.3263836794122,168.0,10.0,True,15,word,board,9.0
2776.0,1787.7583312988281,1131.9449043273926,0.7248556613922119,0.7710058689117432,0.6983430981636047,0.786072850227356,3.17633056640625,3.10284423828125,Fixation,1784.8923368232195,1129.3263836794122,168.0,10.0,True,15,word,board,9.0
2780.0,1778.1510925292969,1142.4881744384766,0.7261090874671936,0.7753962278366089,0.6945902705192566,0.7933945655822754,3.205780029296875,3.10650634765625,Fixation,1784.8923368232195,1129.3263836794122,168.0,10.0,True,15,word,board,9.0
2784.0,1778.194580078125,1133.6031532287598,0.7290106415748596,0.7912651300430298,0.6946072578430176,0.7872244119644165,3.198455810546875,3.1103057861328125,Fixation,1784.8923368232195,1129.3263836794122,168.0,10.0,True,15,word,board,9.0
2788.0,1775.9396362304688,1126.2685775756836,0.7300266027450562,0.7935466766357422,0.6937264204025269,0.7821309566497803,3.20623779296875,3.119476318359375,Fixation,1784.8923368232195,1129.3263836794122,168.0,10.0,True,15,word,board,9.0
2792.0,1771.0752868652344,1132.6245975494385,0.7308456301689148,0.7824305891990662,0.6918262839317322,0.7865448594093323,3.1944122314453125,3.12164306640625,Fixation,1784.8923368232195,1129.3263836794122,168.0,10.0,True,15,word,board,9.0
2796.0,1780.1559448242188,1133.2190608978271,0.7259584069252014,0.7762554287910461,0.6953734159469604,0.7869576811790466,3.2006072998046875,3.1137237548828125,Fixation,1784.8923368232195,1129.3263836794122,168.0,10.0,True,15,word,board,9.0
2800.0,1773.314208984375,1126.4107131958008,0.7238280177116394,0.7717652916908264,0.6927008628845215,0.7822296619415283,3.1881256103515625,3.1060333251953125,Fixation,1784.8923368232195,1129.3263836794122,168.0,10.0,True,15,word,board,9.0
2804.0,1775.845947265625,1116.4118671417236,0.7305545806884766,0.7746286988258362,0.6936898231506348,0.7752860188484192,3.1806182861328125,3.1202392578125,Fixation,1784.8923368232195,1129.3263836794122,168.0,10.0,True,15,word,board,9.0
2808.0,1773.0503845214844,1115.954475402832,0.7250546813011169,0.7885442972183228,0.6925978064537048,0.7749683856964111,3.198486328125,3.1181640625,Fixation,1784.8923368232195,1129.3263836794122,168.0,10.0,True,15,word,board,9.0
2812.0,1784.59716796875,1120.8536052703857,0.7242850661277771,0.7929233908653259,0.697108268737793,0.7783705592155457,3.20587158203125,3.1243133544921875,Fixation,1784.8923368232195,1129.3263836794122,168.0,10.0,True,15,word,board,9.0
2816.0,1775.4426574707031,1128.8135433197021,0.7310371994972229,0.7883319854736328,0.6935322880744934,0.7838982939720154,3.2101593017578125,3.120574951171875,Fixation,1784.8923368232195,1129.3263836794122,168.0,10.0,True,15,word,board,9.0
2820.0,1782.3495483398438,1113.720989227295,0.731900155544281,0.773299515247345,0.6962302923202515,0.7734173536300659,3.20953369140625,3.133285522460937,Fixation,1784.8923368232195,1129.3263836794122,168.0,10.0,True,15,word,board,9.0
2824.0,1775.3143310546875,1115.7836723327637,0.7348160147666931,0.7671909928321838,0.6934821605682373,0.7748497724533081,3.194686889648437,3.1436309814453125,Fixation,1784.8923368232195,1129.3263836794122,168.0,10.0,True,15,word,board,9.0
2828.0,1781.4682006835938,1116.4390754699707,0.7306113839149475,0.7638276219367981,0.6958860158920288,0.775304913520813,3.201522827148437,3.149261474609375,Fixation,1784.8923368232195,1129.3263836794122,168.0,10.0,True,15,word,board,9.0
2832.0,1788.829345703125,1119.567518234253,0.7308861017227173,0.768722414970398,0.6987614631652832,0.7774774432182312,3.2064208984375,3.140594482421875,Fixation,1784.8923368232195,1129.3263836794122,168.0,10.0,True,15,word,board,9.0
2836.0,1779.4996643066406,1114.1721153259277,0.7281135320663452,0.7827219367027283,0.6951170563697815,0.7737306356430054,3.212005615234375,3.1454010009765625,Fixation,1784.8923368232195,1129.3263836794122,168.0,10.0,True,15,word,board,9.0
2840.0,1787.9679870605469,1119.0423202514648,0.7318629622459412,0.779080331325531,0.6984249949455261,0.7771127223968506,3.1884918212890625,3.1531219482421875,Fixation,1784.8923368232195,1129.3263836794122,168.0,10.0,True,15,word,board,9.0
2844.0,1785.8406066894531,1112.2992897033691,0.7296537160873413,0.7861104607582092,0.6975939869880676,0.7724300622940063,3.218017578125,3.159652709960937,Fixation,1784.8923368232195,1129.3263836794122,168.0,10.0,True,15,word,board,9.0
2848.0,1794.2872619628906,1123.2572937011719,0.7351614832878113,0.7846507430076599,0.7008934617042542,0.7800397872924805,3.20855712890625,3.1502685546875,Fixation,1784.8923368232195,1129.3263836794122,168.0,10.0,True,15,word,board,9.0
2852.0,1788.0464172363281,1099.0405082702637,0.7363786101341248,0.7801160216331482,0.6984556317329407,0.7632225751876831,3.2272186279296875,3.1634674072265625,Fixation,1784.8923368232195,1129.3263836794122,168.0,10.0,True,15,word,board,9.0
2856.0,1791.3897705078125,1109.9628925323486,0.737719714641571,0.7718635201454163,0.6997616291046143,0.7708075642585754,3.2133941650390625,3.16180419921875,Fixation,1784.8923368232195,1129.3263836794122,168.0,10.0,True,15,word,board,9.0
2860.0,1781.8673706054688,1105.9899616241455,0.7324947714805603,0.7634158730506897,0.6960419416427612,0.7680485844612122,3.223236083984375,3.1733856201171875,Fixation,1784.8923368232195,1129.3263836794122,168.0,10.0,True,15,word,board,9.0
2864.0,1780.55908203125,1121.5617084503174,0.7283559441566467,0.764477550983429,0.695530891418457,0.7788622975349426,3.2357635498046875,3.1723785400390625,Fixation,1784.8923368232195,1129.3263836794122,168.0,10.0,True,15,word,board,9.0
2868.0,1786.0873413085938,1108.1402778625488,0.7205410003662109,0.7531022429466248,0.6976903676986694,0.76954185962677,3.2138824462890625,3.170684814453125,Fixation,1784.8923368232195,1129.3263836794122,168.0,10.0,True,15,word,board,9.0
2872.0,1755.8583068847656,1107.7287197113037,0.7086778283119202,0.7746927738189697,0.6858821511268616,0.769256055355072,3.219146728515625,3.1806793212890625,Fixation,1784.8923368232195,1129.3263836794122,168.0,10.0,True,15,word,board,9.0
2876.0,1706.3487243652344,1092.082815170288,0.6936662197113037,0.7694897651672363,0.6665424704551697,0.7583908438682556,3.2203826904296875,3.15863037109375,Fixation,1665.7496088201349,1099.4015979766846,84.0,11.0,True,16,word,cutting,8.0
2880.0,1671.5530395507812,1104.239101409912,0.6767321228981018,0.7769926190376282,0.6529504060745239,0.766832709312439,3.2223358154296875,3.1744842529296875,Fixation,1665.7496088201349,1099.4015979766846,84.0,11.0,True,16,word,cutting,8.0
2884.0,1645.784912109375,1104.8976802825928,0.6688748002052307,0.7786391377449036,0.6428847312927246,0.7672900557518005,3.2206573486328125,3.179962158203125,Fixation,1665.7496088201349,1099.4015979766846,84.0,11.0,True,16,word,cutting,8.0
2888.0,1665.1451110839844,1101.884765625,0.6724591255187988,0.7826677560806274,0.6504473090171814,0.76519775390625,3.21075439453125,3.171661376953125,Fixation,1665.7496088201349,1099.4015979766846,84.0,11.0,True,16,word,cutting,8.0
2892.0,1648.4219360351562,1099.3688106536865,0.67328941822052,0.7811853289604187,0.6439148187637329,0.763450562953949,3.2342987060546875,3.1715240478515625,Fixation,1665.7496088201349,1099.4015979766846,84.0,11.0,True,16,word,cutting,8.0
2896.0,1653.6932373046875,1102.1593379974365,0.6726701259613037,0.7836631536483765,0.6459739208221436,0.7653884291648865,3.2432098388671875,3.185409545898437,Fixation,1665.7496088201349,1099.4015979766846,84.0,11.0,True,16,word,cutting,8.0
2900.0,1675.2458190917969,1102.5296115875244,0.6737765669822693,0.7776753306388855,0.6543928980827332,0.7656455636024475,3.2243194580078125,3.193344116210937,Fixation,1665.7496088201349,1099.4015979766846,84.0,11.0,True,16,word,cutting,8.0
2904.0,1671.7771911621094,1106.3237571716309,0.6715890169143677,0.77231365442276,0.653037965297699,0.7682803869247437,3.22894287109375,3.187240600585937,Fixation,1665.7496088201349,1099.4015979766846,84.0,11.0,True,16,word,cutting,8.0
2908.0,1657.7862548828125,1105.0274562835693,0.6766564249992371,0.7743454575538635,0.6475727558135986,0.7673801779747009,3.2251434326171875,3.1851806640625,Fixation,1665.7496088201349,1099.4015979766846,84.0,11.0,True,16,word,cutting,8.0
2912.0,1670.2981567382812,1104.5699787139893,0.6763207316398621,0.7736272811889648,0.6524602174758911,0.7670624852180481,3.2434234619140625,3.1833953857421875,Fixation,1665.7496088201349,1099.4015979766846,84.0,11.0,True,16,word,cutting,8.0
2916.0,1664.3655395507812,1103.4366703033447,0.6702930331230164,0.7799864411354065,0.6501427888870239,0.7662754654884338,3.2499237060546875,3.19049072265625,Fixation,1665.7496088201349,1099.4015979766846,84.0,11.0,True,16,word,cutting,8.0
2920.0,1651.0820007324219,1093.8086128234863,0.6752076148986816,0.7704716324806213,0.6449539065361023,0.7595893144607544,3.246200561523437,3.1823883056640625,Fixation,1665.7496088201349,1099.4015979766846,84.0,11.0,True,16,word,cutting,8.0
2924.0,1674.6504211425781,1106.122055053711,0.6759705543518066,0.7726559638977051,0.6541603207588196,0.7681403160095215,3.2454833984375,3.184417724609375,Fixation,1665.7496088201349,1099.4015979766846,84.0,11.0,True,16,word,cutting,8.0
2928.0,1663.2778930664062,1084.8387050628662,0.6749634742736816,0.7658225893974304,0.6497179269790649,0.7533602118492126,3.26031494140625,3.2061004638671875,Fixation,1665.7496088201349,1099.4015979766846,84.0,11.0,True,16,word,cutting,8.0
2932.0,1672.1615600585938,1103.2183170318604,0.6746888756752014,0.7666952610015869,0.6531881093978882,0.7661238312721252,3.274032592773437,3.1909637451171875,Fixation,1665.7496088201349,1099.4015979766846,84.0,11.0,True,16,word,cutting,8.0
2936.0,1659.9775695800781,1114.9487113952637,0.6729671955108643,0.766438901424408,0.648428738117218,0.7742699384689331,3.264739990234375,3.2047882080078125,Fixation,1665.7496088201349,1099.4015979766846,84.0,11.0,True,16,word,cutting,8.0
2940.0,1661.5399169921875,1095.6840991973877,0.6743432879447937,0.7628616094589233,0.6490390300750732,0.7608917355537415,3.271102905273437,3.20526123046875,Fixation,1665.7496088201349,1099.4015979766846,84.0,11.0,True,16,word,cutting,8.0
2944.0,1673.2463073730469,1101.766061782837,0.6749902367591858,0.7671625018119812,0.6536118388175964,0.7651153206825256,3.2777099609375,3.21282958984375,Fixation,1665.7496088201349,1099.4015979766846,84.0,11.0,True,16,word,cutting,8.0
2948.0,1669.7001647949219,1101.9371223449707,0.6738066673278809,0.7643765211105347,0.6522266268730164,0.765234112739563,3.2832794189453125,3.191650390625,Fixation,1665.7496088201349,1099.4015979766846,84.0,11.0,True,16,word,cutting,8.0
2952.0,1662.2969055175781,1094.2727851867676,0.6721031665802002,0.7681081295013428,0.649334728717804,0.7599116563796997,3.27972412109375,3.205551147460937,Fixation,1665.7496088201349,1099.4015979766846,84.0,11.0,True,16,word,cutting,8.0
2956.0,1672.4461364746094,1088.3520126342773,0.673008918762207,0.7685754299163818,0.6532992720603943,0.7558000087738037,3.27545166015625,3.1954498291015625,Fixation,1665.7496088201349,1099.4015979766846,84.0,11.0,True,16,word,cutting,8.0
2960.0,1655.6925964355469,1075.3666877746582,0.6638395190238953,0.7500551342964172,0.6467549204826355,0.7467824220657349,3.272216796875,3.1964263916015625,Fixation,1665.7496088201349,1099.4015979766846,84.0,11.0,True,16,word,cutting,8.0
2964.0,1651.4939880371094,1016.1220550537109,0.6542400121688843,0.694617509841919,0.6451148390769958,0.7056403160095215,3.276718139648437,3.2151641845703125,Saccade,,,,0.0,False,17,,,
2968.0,1650.4705810546875,929.9472713470459,0.6471132636070251,0.6628749966621399,0.6447150707244873,0.6457967162132263,3.2616729736328125,3.22723388671875,Saccade,,,,0.0,False,17,,,
2972.0,1638.2920837402344,855.2037620544434,0.6542511582374573,0.5879817605018616,0.639957845211029,0.5938915014266968,3.24298095703125,3.213409423828125,Saccade,,,,0.0,False,17,,,
2976.0,1624.9227905273438,771.8316078186035,0.6471024751663208,0.5570462942123413,0.6347354650497437,0.5359941720962524,3.251312255859375,3.21429443359375,Saccade,,,,0.0,False,17,,,
2980.0,1589.0257263183594,708.3867645263671,0.6361189484596252,0.523847222328186,0.6207131743431091,0.4919352531433105,3.2849578857421875,3.164291381835937,Saccade,,,,0.0,False,17,,,
2984.0,1572.1990966796875,680.4203367233276,0.6329591274261475,0.5084765553474426,0.6141402721405029,0.4725141227245331,3.2756500244140625,3.16168212890625,Saccade,,,,0.0,False,17,,,
2988.0,1546.8917846679688,638.4117937088012,0.6220003366470337,0.4767246842384338,0.6042546033859253,0.4433415234088897,3.2672271728515625,3.1781768798828125,Saccade,,,,0.0,False,17,,,
2992.0,1535.0694274902344,614.1910171508788,0.6108167171478271,0.4620186388492584,0.5996364951133728,0.4265215396881103,3.29754638671875,3.1566162109375,Fixation,1520.8940124511719,593.9110220179838,200.0,12.0,True,18,image,,10.0
2996.0,1517.5405883789062,596.8230485916138,0.6015023589134216,0.4786862134933471,0.5927892923355103,0.4144604504108429,3.303131103515625,3.170394897460937,Fixation,1520.8940124511719,593.9110220179838,200.0,12.0,True,18,image,,10.0
3000.0,1484.9354553222656,597.8809118270874,0.603035569190979,0.4803985953330993,0.58005291223526,0.4151950776576996,3.3260040283203125,3.1803436279296875,Fixation,1520.8940124511719,593.9110220179838,200.0,12.0,True,18,image,,10.0
3004.0,1488.7158203125,590.372142791748,0.6023683547973633,0.4660967588424682,0.5815296173095703,0.4099806547164917,3.303558349609375,3.1815185546875,Fixation,1520.8940124511719,593.9110220179838,200.0,12.0,True,18,image,,10.0
3008.0,1532.4276733398438,591.1521720886229,0.5992918014526367,0.4566013514995575,0.5986045598983765,0.4105223417282104,3.295684814453125,3.1763153076171875,Fixation,1520.8940124511719,593.9110220179838,200.0,12.0,True,18,image,,10.0
3012.0,1526.1701965332031,594.3183803558348,0.6107820868492126,0.4482772052288055,0.5961602330207825,0.4127210974693298,3.2749481201171875,3.207626342773437,Fixation,1520.8940124511719,593.9110220179838,200.0,12.0,True,18,image,,10.0
3016.0,1507.9733276367188,584.3070459365845,0.610087513923645,0.4398442506790161,0.5890520811080933,0.4057687819004059,3.298202514648437,3.183013916015625,Fixation,1520.8940124511719,593.9110220179838,200.0,12.0,True,18,image,,10.0
3020.0,1512.8366088867188,592.1998643875121,0.5985520482063293,0.4295239448547363,0.5909518003463745,0.4112499058246612,3.2832794189453125,3.214141845703125,Fixation,1520.8940124511719,593.9110220179838,200.0,12.0,True,18,image,,10.0
3024.0,1522.0094299316406,587.1943473815917,0.600565493106842,0.4318585395812988,0.5945349335670471,0.4077738523483276,3.3079986572265625,3.2075958251953125,Fixation,1520.8940124511719,593.9110220179838,200.0,12.0,True,18,image,,10.0
3028.0,1516.4720153808594,584.8873472213745,0.6093961596488953,0.4353511035442352,0.5923718810081482,0.4061717689037323,3.336166381835937,3.187850952148437,Fixation,1520.8940124511719,593.9110220179838,200.0,12.0,True,18,image,,10.0
3032.0,1507.7667236328125,598.6672496795654,0.6105695366859436,0.427429050207138,0.5889713764190674,0.4157411456108093,3.3419952392578125,3.1943359375,Fixation,1520.8940124511719,593.9110220179838,200.0,12.0,True,18,image,,10.0
3036.0,1512.0449829101562,596.2440776824951,0.6010804772377014,0.4248723983764648,0.5906425714492798,0.4140583872795105,3.34490966796875,3.1732635498046875,Fixation,1520.8940124511719,593.9110220179838,200.0,12.0,True,18,image,,10.0
3040.0,1522.8153991699219,580.7419824600219,0.5989260077476501,0.4127888083457947,0.5948497653007507,0.4032930433750152,3.322418212890625,3.1822509765625,Fixation,1520.8940124511719,593.9110220179838,200.0,12.0,True,18,image,,10.0
3044.0,1517.5369262695312,608.8000774383544,0.6037370562553406,0.4010152220726013,0.5927878618240356,0.4227778315544128,3.323638916015625,3.2100372314453125,Fixation,1520.8940124511719,593.9110220179838,200.0,12.0,True,18,image,,10.0
3048.0,1525.3433227539062,587.5856065750121,0.6106492280960083,0.4024749100208282,0.5958372354507446,0.4080455601215362,3.31103515625,3.1636962890625,Fixation,1520.8940124511719,593.9110220179838,200.0,12.0,True,18,image,,10.0
3052.0,1513.3592224121094,604.185905456543,0.6099849939346313,0.4008685350418091,0.5911559462547302,0.4195735454559326,3.3185577392578125,3.185333251953125,Fixation,1520.8940124511719,593.9110220179838,200.0,12.0,True,18,image,,10.0
3056.0,1521.7269897460938,585.7241106033325,0.6061815619468689,0.404228925704956,0.5944246053695679,0.4067528545856476,3.3449249267578125,3.1699371337890625,Fixation,1520.8940124511719,593.9110220179838,200.0,12.0,True,18,image,,10.0
3060.0,1512.3249816894531,592.9734134674071,0.6045199632644653,0.4014338254928589,0.5907519459724426,0.4117870926856994,3.3365936279296875,3.1799774169921875,Fixation,1520.8940124511719,593.9110220179838,200.0,12.0,True,18,image,,10.0
3064.0,1522.1946716308594,576.8032979965209,0.6032311320304871,0.3938901722431183,0.5946072936058044,0.4005578458309173,3.316619873046875,3.1308746337890625,Fixation,1520.8940124511719,593.9110220179838,200.0,12.0,True,18,image,,10.0
3068.0,1516.2855529785156,590.7975625991821,0.6066502332687378,0.3954095542430877,0.5922990441322327,0.4102760851383209,3.3257598876953125,3.16656494140625,Fixation,1520.8940124511719,593.9110220179838,200.0,12.0,True,18,image,,10.0
3072.0,1518.931884765625,595.6091022491454,0.6070824861526489,0.404397040605545,0.5933327674865723,0.4136174321174621,3.3485260009765625,3.1684722900390625,Fixation,1520.8940124511719,593.9110220179838,200.0,12.0,True,18,image,,10.0
3076.0,1523.6442565917969,576.711287498474,0.6066098809242249,0.4013098776340484,0.5951735377311707,0.4004939496517181,3.316802978515625,3.136077880859375,Fixation,1520.8940124511719,593.9110220179838,200.0,12.0,True,18,image,,10.0
3080.0,1532.9129028320312,570.1518917083739,0.6109937429428101,0.4157524108886719,0.5987941026687622,0.3959388136863708,3.34271240234375,3.1357879638671875,Fixation,1520.8940124511719,593.9110220179838,200.0,12.0,True,18,image,,10.0
3084.0,1520.9184265136719,600.8777761459351,0.6062179207801819,0.4090385735034942,0.5941087603569031,0.4172762334346771,3.3143768310546875,3.196319580078125,Fixation,1520.8940124511719,593.9110220179838,200.0,12.0,True,18,image,,10.0
3088.0,1517.059326171875,592.7436876296996,0.6051285862922668,0.4201213419437408,0.5926012992858887,0.4116275608539581,3.333526611328125,3.15216064453125,Fixation,1520.8940124511719,593.9110220179838,200.0,12.0,True,18,image,,10.0
3092.0,1530.411376953125,569.9036264419555,0.6068734526634216,0.4133187234401703,0.5978169441223145,0.395766407251358,3.322128295898437,3.1343994140625,Fixation,1520.8940124511719,593.9110220179838,200.0,12.0,True,18,image,,10.0
3096.0,1525.6344604492188,589.090690612793,0.607189953327179,0.4217817783355713,0.5959509611129761,0.4090907573699951,3.3149566650390625,3.14923095703125,Fixation,1520.8940124511719,593.9110220179838,200.0,12.0,True,18,image,,10.0
3100.0,1520.3984069824219,576.286940574646,0.6035045981407166,0.4198217988014221,0.5939056277275085,0.4001992642879486,3.2967529296875,3.110458374023437,Fixation,1520.8940124511719,593.9110220179838,200.0,12.0,True,18,image,,10.0
3104.0,1525.4562377929688,578.8021659851073,0.6029832363128662,0.4102266728878021,0.5958813428878784,0.401945948600769,3.270050048828125,3.1186676025390625,Fixation,1520.8940124511719,593.9110220179838,200.0,12.0,True,18,image,,10.0
3108.0,1519.6893310546875,605.7471227645874,0.6073510050773621,0.4189177453517914,0.5936286449432373,0.4206577241420746,3.3037109375,3.1497955322265625,Fixation,1520.8940124511719,593.9110220179838,200.0,12.0,True,18,image,,10.0
3112.0,1516.3572692871094,596.9507646560669,0.6023408770561218,0.4172499179840088,0.5923270583152771,0.4145491421222687,3.293121337890625,3.12542724609375,Fixation,1520.8940124511719,593.9110220179838,200.0,12.0,True,18,image,,10.0
3116.0,1526.0847473144531,599.7893571853638,0.602912425994873,0.4139354228973388,0.5961268544197083,0.4165203869342804,3.3005828857421875,3.138763427734375,Fixation,1520.8940124511719,593.9110220179838,200.0,12.0,True,18,image,,10.0
3120.0,1517.0870971679688,604.6432542800903,0.6034386157989502,0.423478364944458,0.5926121473312378,0.4198911488056183,3.3076629638671875,3.1234283447265625,Fixation,1520.8940124511719,593.9110220179838,200.0,12.0,True,18,image,,10.0
3124.0,1521.5585327148438,586.3541507720946,0.6030678749084473,0.4181081652641296,0.5943588018417358,0.4071903824806213,3.3078765869140625,3.0979461669921875,Fixation,1520.8940124511719,593.9110220179838,200.0,12.0,True,18,image,,10.0
3128.0,1516.2551879882812,599.4307136535645,0.605884313583374,0.4165450036525726,0.5922871828079224,0.4162713289260864,3.3001861572265625,3.12786865234375,Fixation,1520.8940124511719,593.9110220179838,200.0,12.0,True,18,image,,10.0
3132.0,1518.1004333496094,604.6350574493407,0.6031599640846252,0.4191271662712097,0.5930079817771912,0.4198854565620422,3.31842041015625,3.1258697509765625,Fixation,1520.8940124511719,593.9110220179838,200.0,12.0,True,18,image,,10.0
3136.0,1521.6810607910156,601.8866300582885,0.6063373684883118,0.4111480116844177,0.5944066643714905,0.417976826429367,3.30743408203125,3.124481201171875,Fixation,1520.8940124511719,593.9110220179838,200.0,12.0,True,18,image,,10.0
3140.0,1519.676513671875,599.8070383071899,0.604209840297699,0.4100758135318756,0.5936236381530762,0.4165326654911041,3.3069000244140625,3.1172332763671875,Fixation,1520.8940124511719,593.9110220179838,200.0,12.0,True,18,image,,10.0
3144.0,1515.6065368652344,612.7447271347045,0.6032382249832153,0.4137663245201111,0.5920338034629822,0.4255171716213226,3.30877685546875,3.125595092773437,Fixation,1520.8940124511719,593.9110220179838,200.0,12.0,True,18,image,,10.0
3148.0,1524.0977478027344,596.6237497329711,0.605334460735321,0.4080755710601806,0.5953506827354431,0.4143220484256744,3.3096160888671875,3.112899780273437,Fixation,1520.8940124511719,593.9110220179838,200.0,12.0,True,18,image,,10.0
3152.0,1522.4488830566406,589.8184919357299,0.6052807569503784,0.4105426669120788,0.5947065949440002,0.409596174955368,3.312896728515625,3.086151123046875,Fixation,1520.8940124511719,593.9110220179838,200.0,12.0,True,18,image,,10.0
3156.0,1531.4726257324219,579.2084455490111,0.6045782566070557,0.4032639563083648,0.5982314944267273,0.4022280871868133,3.31500244140625,3.082061767578125,Fixation,1520.8940124511719,593.9110220179838,200.0,12.0,True,18,image,,10.0
3160.0,1537.4560546875,576.9753456115722,0.6017491221427917,0.4016150534152984,0.6005687713623047,0.4006773233413696,3.2933807373046875,3.0667724609375,Fixation,1520.8940124511719,593.9110220179838,200.0,12.0,True,18,image,,10.0
3164.0,1525.4902648925781,613.7943077087402,0.6023055911064148,0.3907278776168823,0.5958946347236633,0.4262460470199585,3.2710723876953125,3.108123779296875,Fixation,1520.8940124511719,593.9110220179838,200.0,12.0,True,18,image,,10.0
3168.0,1533.0516052246094,603.5471963882445,0.604076087474823,0.3990723192691803,0.598848283290863,0.4191299974918365,3.293975830078125,3.112091064453125,Fixation,1520.8940124511719,593.9110220179838,200.0,12.0,True,18,image,,10.0
3172.0,1532.0309448242188,618.527569770813,0.6060481071472168,0.3991647660732269,0.5984495878219604,0.4295330345630646,3.2924957275390625,3.1230926513671875,Fixation,1520.8940124511719,593.9110220179838,200.0,12.0,True,18,image,,10.0
3176.0,1532.6509094238281,592.9498100280761,0.6048473119735718,0.4042523205280304,0.5986917614936829,0.4117707014083862,3.306991577148437,3.09259033203125,Fixation,1520.8940124511719,593.9110220179838,200.0,12.0,True,18,image,,10.0
3180.0,1528.424072265625,594.824652671814,0.6037430167198181,0.4073748290538788,0.5970406532287598,0.4130726754665375,3.28912353515625,3.0811004638671875,Fixation,1520.8940124511719,593.9110220179838,200.0,12.0,True,18,image,,10.0
3184.0,1528.8754272460938,590.7908248901366,0.6087921261787415,0.4123061001300812,0.5972169637680054,0.410271406173706,3.29400634765625,3.063262939453125,Fixation,1520.8940124511719,593.9110220179838,200.0,12.0,True,18,image,,10.0
3188.0,1518.5943603515625,619.6043157577514,0.6044143438339233,0.4190651774406433,0.5932009220123291,0.4302807748317718,3.2705535888671875,3.127059936523437,Fixation,1520.8940124511719,593.9110220179838,200.0,12.0,True,18,image,,10.0
3192.0,1527.9884338378906,594.7818660736083,0.6057761907577515,0.4110944867134094,0.596870481967926,0.4130429625511169,3.292633056640625,3.1046295166015625,Fixation,1520.8940124511719,593.9110220179838,200.0,12.0,True,18,image,,10.0
3196.0,1527.2804260253906,524.0781497955322,0.602087676525116,0.3856991827487945,0.5965939164161682,0.3639431595802307,3.28240966796875,3.082305908203125,Fixation,1511.2062290736608,502.07986082349504,220.0,13.0,True,19,image,,10.0
3200.0,1521.9671630859375,521.4824581146239,0.6050041913986206,0.3609543442726135,0.5945184230804443,0.3621405959129333,3.30010986328125,3.096923828125,Fixation,1511.2062290736608,502.07986082349504,220.0,13.0,True,19,image,,10.0
3204.0,1516.2825012207031,504.84344959259033,0.6021506786346436,0.3480264842510223,0.5922978520393372,0.3505857288837433,3.293487548828125,3.0948486328125,Fixation,1511.2062290736608,502.07986082349504,220.0,13.0,True,19,image,,10.0
3208.0,1525.0569152832031,476.20492458343506,0.6036421656608582,0.3430752158164978,0.5957253575325012,0.3306978642940521,3.29681396484375,3.0577850341796875,Fixation,1511.2062290736608,502.07986082349504,220.0,13.0,True,19,image,,10.0
3212.0,1503.4553527832031,480.34664154052734,0.5989758968353271,0.3326175212860107,0.5872872471809387,0.3335740566253662,3.2782440185546875,3.0700225830078125,Fixation,1511.2062290736608,502.07986082349504,220.0,13.0,True,19,image,,10.0
3216.0,1507.5146484375,462.6169395446777,0.5989953279495239,0.3342055380344391,0.5888729095458984,0.3212617635726928,3.2851104736328125,3.04608154296875,Fixation,1511.2062290736608,502.07986082349504,220.0,13.0,True,19,image,,10.0
3220.0,1519.0751647949219,466.80157184600824,0.5999992489814758,0.341631531715393,0.5933887362480164,0.3241677582263946,3.2755889892578125,3.049789428710937,Fixation,1511.2062290736608,502.07986082349504,220.0,13.0,True,19,image,,10.0
3224.0,1509.2977905273438,492.5894880294799,0.599896252155304,0.3406302034854889,0.5895694494247437,0.3420760333538055,3.2543487548828125,3.0988311767578125,Fixation,1511.2062290736608,502.07986082349504,220.0,13.0,True,19,image,,10.0
3228.0,1513.2563781738281,496.16579532623285,0.5990674495697021,0.3503852188587188,0.5911157727241516,0.3445595800876617,3.26513671875,3.060882568359375,Fixation,1511.2062290736608,502.07986082349504,220.0,13.0,True,19,image,,10.0
3232.0,1508.2933044433594,503.75009536743164,0.5958682894706726,0.3546087145805359,0.5891770720481873,0.349826455116272,3.2790069580078125,3.05712890625,Fixation,1511.2062290736608,502.07986082349504,220.0,13.0,True,19,image,,10.0
3236.0,1518.2331848144531,504.86035823822016,0.6027032136917114,0.3537812829017639,0.5930598378181458,0.350597470998764,3.260223388671875,3.0723419189453125,Fixation,1511.2062290736608,502.07986082349504,220.0,13.0,True,19,image,,10.0
3240.0,1524.5625305175781,491.1368894577026,0.5986931324005127,0.3552210628986358,0.595532238483429,0.3410672843456268,3.2645416259765625,3.06646728515625,Fixation,1511.2062290736608,502.07986082349504,220.0,13.0,True,19,image,,10.0
3244.0,1516.1248779296875,513.2157611846924,0.600605845451355,0.3637412190437317,0.5922362804412842,0.3563998341560364,3.27655029296875,3.0962066650390625,Fixation,1511.2062290736608,502.07986082349504,220.0,13.0,True,19,image,,10.0
3248.0,1517.4620056152344,496.5905284881591,0.5991703867912292,0.371933251619339,0.5927585959434509,0.3448545336723327,3.271224975585937,3.0638580322265625,Fixation,1511.2062290736608,502.07986082349504,220.0,13.0,True,19,image,,10.0
3252.0,1513.7164306640625,517.178692817688,0.600563108921051,0.3688875138759613,0.5912954807281494,0.3591518700122833,3.2718048095703125,3.0797271728515625,Fixation,1511.2062290736608,502.07986082349504,220.0,13.0,True,19,image,,10.0
3256.0,1511.9520568847656,504.42403793334955,0.6009314060211182,0.3722099363803863,0.5906062722206116,0.3502944707870483,3.275909423828125,3.065902709960937,Fixation,1511.2062290736608,502.07986082349504,220.0,13.0,True,19,image,,10.0
3260.0,1516.4120483398438,512.6903915405273,0.5990030169487,0.3601364195346832,0.5923484563827515,0.3560349941253662,3.258758544921875,3.0643768310546875,Fixation,1511.2062290736608,502.07986082349504,220.0,13.0,True,19,image,,10.0
3264.0,1512.6681518554688,494.9829626083374,0.6024631857872009,0.3744170665740967,0.5908859968185425,0.3437381684780121,3.2789459228515625,3.049957275390625,Fixation,1511.2062290736608,502.07986082349504,220.0,13.0,True,19,image,,10.0
3268.0,1509.0568542480469,503.37746143341064,0.5992921590805054,0.3688686192035675,0.5894753336906433,0.3495676815509796,3.2532501220703125,3.036590576171875,Fixation,1511.2062290736608,502.07986082349504,220.0,13.0,True,19,image,,10.0
3272.0,1510.3538513183594,522.3821783065796,0.597403883934021,0.3678215146064758,0.5899819731712341,0.3627654016017914,3.238800048828125,3.0634765625,Fixation,1511.2062290736608,502.07986082349504,220.0,13.0,True,19,image,,10.0
3276.0,1511.5682983398438,503.45561027526855,0.5999360084533691,0.3566842973232269,0.5904563665390015,0.3496219515800476,3.2257232666015625,3.06060791015625,Fixation,1511.2062290736608,502.07986082349504,220.0,13.0,True,19,image,,10.0
3280.0,1513.9872741699219,505.9883022308349,0.5982285141944885,0.3589132130146026,0.5914012789726257,0.3513807654380798,3.2359161376953125,3.0288543701171875,Fixation,1511.2062290736608,502.07986082349504,220.0,13.0,True,19,image,,10.0
3284.0,1509.6696472167969,509.08769130706787,0.5989207625389099,0.3659327924251556,0.5897147059440613,0.3535331189632416,3.23504638671875,3.06195068359375,Fixation,1511.2062290736608,502.07986082349504,220.0,13.0,True,19,image,,10.0
3288.0,1507.1635437011719,506.3283205032348,0.5983728170394897,0.3736924529075622,0.5887357592582703,0.3516168892383575,3.26171875,3.033905029296875,Fixation,1511.2062290736608,502.07986082349504,220.0,13.0,True,19,image,,10.0
3292.0,1510.4829406738281,502.87981510162354,0.5974025726318359,0.3672670423984527,0.5900323987007141,0.3492220938205719,3.236419677734375,3.01983642578125,Fixation,1511.2062290736608,502.07986082349504,220.0,13.0,True,19,image,,10.0
3296.0,1504.3354797363281,512.5572681427002,0.5986793637275696,0.371623158454895,0.5876310467720032,0.3559425473213196,3.236053466796875,3.037948608398437,Fixation,1511.2062290736608,502.07986082349504,220.0,13.0,True,19,image,,10.0
3300.0,1506.5249633789062,493.3893871307373,0.6003854870796204,0.3706911206245422,0.5884863138198853,0.3426315188407898,3.226776123046875,3.0050811767578125,Fixation,1511.2062290736608,502.07986082349504,220.0,13.0,True,19,image,,10.0
3304.0,1510.8354187011719,506.80249214172363,0.5988655686378479,0.3625917434692383,0.5901700854301453,0.3519461750984192,3.21881103515625,3.0240478515625,Fixation,1511.2062290736608,502.07986082349504,220.0,13.0,True,19,image,,10.0
3308.0,1507.3593139648438,490.23223400115967,0.59861159324646,0.3418963551521301,0.5888122320175171,0.3404390513896942,3.1563873291015625,2.98834228515625,Fixation,1511.2062290736608,502.07986082349504,220.0,13.0,True,19,image,,10.0
3312.0,1502.8379821777344,509.31484222412104,0.5969908833503723,0.3647915720939636,0.5870460867881775,0.3536908626556396,3.21502685546875,3.006072998046875,Fixation,1511.2062290736608,502.07986082349504,220.0,13.0,True,19,image,,10.0
3316.0,1512.3365783691406,504.70938205718994,0.5984281301498413,0.3686290383338928,0.5907564759254456,0.3504926264286041,3.217636108398437,3.021240234375,Fixation,1511.2062290736608,502.07986082349504,220.0,13.0,True,19,image,,10.0
3320.0,1516.8240356445312,491.73959255218506,0.5973346829414368,0.3698600232601166,0.592509388923645,0.3414858281612396,3.223373413085937,2.9846649169921875,Fixation,1511.2062290736608,502.07986082349504,220.0,13.0,True,19,image,,10.0
3324.0,1507.2099304199219,490.73211193084717,0.5997433066368103,0.371590256690979,0.588753879070282,0.3407861888408661,3.221343994140625,3.000839233398437,Fixation,1511.2062290736608,502.07986082349504,220.0,13.0,True,19,image,,10.0
3328.0,1513.497314453125,498.3530616760254,0.5978742241859436,0.3690319061279297,0.591209888458252,0.3460785150527954,3.2010498046875,2.9926300048828125,Fixation,1511.2062290736608,502.07986082349504,220.0,13.0,True,19,image,,10.0
3332.0,1507.5410461425781,498.513822555542,0.5990620255470276,0.368498682975769,0.5888832211494446,0.3461901545524597,3.2063446044921875,3.00018310546875,Fixation,1511.2062290736608,502.07986082349504,220.0,13.0,True,19,image,,10.0
3336.0,1510.804443359375,493.99415016174316,0.6002085208892822,0.3591451346874237,0.5901579856872559,0.3430514931678772,3.186370849609375,2.976165771484375,Fixation,1511.2062290736608,502.07986082349504,220.0,13.0,True,19,image,,10.0
3340.0,1514.1925048828125,495.28195381164545,0.5988286733627319,0.3626153767108917,0.5914814472198486,0.3439458012580871,3.1796417236328125,2.9772491455078125,Fixation,1511.2062290736608,502.07986082349504,220.0,13.0,True,19,image,,10.0
3344.0,1512.7487182617188,487.0075750350952,0.5989091396331787,0.3485982120037079,0.5909174680709839,0.3381997048854828,3.147186279296875,2.9666748046875,Fixation,1511.2062290736608,502.07986082349504,220.0,13.0,True,19,image,,10.0
3348.0,1506.6705322265625,511.86332702636713,0.5968005657196045,0.3553911745548248,0.588543176651001,0.3554606437683105,3.171859741210937,2.9994354248046875,Fixation,1511.2062290736608,502.07986082349504,220.0,13.0,True,19,image,,10.0
3352.0,1504.7384643554688,519.3481492996216,0.5975719094276428,0.3560277819633484,0.587788462638855,0.3606584370136261,3.156097412109375,3.0067596435546875,Fixation,1511.2062290736608,502.07986082349504,220.0,13.0,True,19,image,,10.0
3356.0,1512.0442199707031,520.7454729080199,0.601037859916687,0.3499538600444793,0.5906422734260559,0.3616288006305694,3.1470489501953125,3.000717163085937,Fixation,1511.2062290736608,502.07986082349504,220.0,13.0,True,19,image,,10.0
3360.0,1499.9702453613281,516.6583442687988,0.5973110198974609,0.3606348037719726,0.5859258770942688,0.3587905168533325,3.154571533203125,2.983123779296875,Fixation,1511.2062290736608,502.07986082349504,220.0,13.0,True,19,image,,10.0
3364.0,1506.424560546875,513.6235427856444,0.5994044542312622,0.345527172088623,0.588447093963623,0.3566830158233642,3.138290405273437,2.9381256103515625,Fixation,1511.2062290736608,502.07986082349504,220.0,13.0,True,19,image,,10.0
3368.0,1505.2337646484375,495.6786632537842,0.599133312702179,0.3327218294143677,0.5879819393157959,0.344221293926239,3.136566162109375,2.935165405273437,Fixation,1511.2062290736608,502.07986082349504,220.0,13.0,True,19,image,,10.0
3372.0,1512.2564697265625,518.2729482650757,0.5959028005599976,0.3503203690052032,0.5907251834869385,0.3599117696285248,3.163360595703125,2.9566650390625,Fixation,1511.2062290736608,502.07986082349504,220.0,13.0,True,19,image,,10.0
3376.0,1507.1153259277344,523.0473232269286,0.5983278751373291,0.3483108878135681,0.5887169241905212,0.3632273077964782,3.1801910400390625,2.962371826171875,Fixation,1511.2062290736608,502.07986082349504,220.0,13.0,True,19,image,,10.0
3380.0,1511.44287109375,494.41738128662104,0.595737874507904,0.3466194272041321,0.5904073715209961,0.3433454036712646,3.1715087890625,2.9185791015625,Fixation,1511.2062290736608,502.07986082349504,220.0,13.0,True,19,image,,10.0
3384.0,1508.0842590332031,504.1565036773681,0.595308780670166,0.3365607261657715,0.589095413684845,0.3501086831092834,3.1461181640625,2.9399566650390625,Fixation,1511.2062290736608,502.07986082349504,220.0,13.0,True,19,image,,10.0
3388.0,1513.59130859375,496.37217521667475,0.5978149175643921,0.3519881665706634,0.5912466049194336,0.3447028994560241,3.16217041015625,2.914093017578125,Fixation,1511.2062290736608,502.07986082349504,220.0,13.0,True,19,image,,10.0
3392.0,1520.777587890625,498.5588836669922,0.598111093044281,0.3561218082904815,0.5940537452697754,0.3462214469909668,3.16156005859375,2.932708740234375,Fixation,1511.2062290736608,502.07986082349504,220.0,13.0,True,19,image,,10.0
3396.0,1508.4254455566406,504.69779491424555,0.598943293094635,0.3605224192142486,0.5892286896705627,0.3504845798015594,3.161117553710937,2.946746826171875,Fixation,1511.2062290736608,502.07986082349504,220.0,13.0,True,19,image,,10.0
3400.0,1511.1793518066406,522.4571084976196,0.5997930765151978,0.3578113913536072,0.590304434299469,0.3628174364566803,3.14031982421875,2.95574951171875,Fixation,1511.2062290736608,502.07986082349504,220.0,13.0,True,19,image,,10.0
3404.0,1512.4806213378906,493.68237018585205,0.5997104048728943,0.368901789188385,0.5908127427101135,0.3428349792957306,3.1529693603515625,2.930877685546875,Fixation,1511.2062290736608,502.07986082349504,220.0,13.0,True,19,image,,10.0
3408.0,1516.4456176757812,481.8903064727783,0.6027734875679016,0.3724689483642578,0.592361569404602,0.3346460461616516,3.151123046875,2.897933959960937,Fixation,1511.2062290736608,502.07986082349504,220.0,13.0,True,19,image,,10.0
3412.0,1510.7046508789062,489.38710212707514,0.5957154035568237,0.3802021741867065,0.5901190042495728,0.3398521542549133,3.133148193359375,2.907867431640625,Fixation,1511.2062290736608,502.07986082349504,220.0,13.0,True,19,image,,10.0
3416.0,1478.0224609375,521.5284204483031,0.5820252895355225,0.372999370098114,0.5773525238037109,0.3621725142002105,3.1123199462890625,2.916488647460937,Fixation,1511.2062290736608,502.07986082349504,220.0,13.0,True,19,image,,10.0
3420.0,1414.1560363769531,581.2450790405273,0.5678281784057617,0.3930186629295349,0.5524047017097473,0.4036424160003662,3.1392822265625,2.9430694580078125,Fixation,1403.0384887695313,599.871689414978,96.0,14.0,True,20,image,,10.0
3424.0,1377.8921508789062,588.0235576629639,0.5585558414459229,0.3934963345527649,0.5382391214370728,0.4083496928215027,3.1197662353515625,2.9261016845703125,Fixation,1403.0384887695313,599.871689414978,96.0,14.0,True,20,image,,10.0
3428.0,1379.9531555175781,621.5025043487549,0.5540814399719238,0.4076847732067108,0.539044201374054,0.431598961353302,3.11932373046875,2.950347900390625,Fixation,1403.0384887695313,599.871689414978,96.0,14.0,True,20,image,,10.0
3432.0,1400.8604431152344,612.38694190979,0.5556839108467102,0.4117364287376404,0.5472111105918884,0.4252687096595764,3.1074981689453125,2.9144439697265625,Fixation,1403.0384887695313,599.871689414978,96.0,14.0,True,20,image,,10.0
3436.0,1417.5848388671875,611.1523962020874,0.5603703260421753,0.4082562923431396,0.5537440776824951,0.4244113862514496,3.096099853515625,2.9332275390625,Fixation,1403.0384887695313,599.871689414978,96.0,14.0,True,20,image,,10.0
3440.0,1413.0224609375,571.3188028335571,0.55681973695755,0.4038012027740478,0.5519618988037109,0.3967491686344147,3.100494384765625,2.9376220703125,Fixation,1403.0384887695313,599.871689414978,96.0,14.0,True,20,image,,10.0
3444.0,1412.4320983886719,577.7746868133544,0.5614590644836426,0.4081897735595703,0.551731288433075,0.4012324213981628,3.09832763671875,2.936920166015625,Fixation,1403.0384887695313,599.871689414978,96.0,14.0,True,20,image,,10.0
3448.0,1401.1796569824219,598.8858175277709,0.5573710799217224,0.4139986336231231,0.5473358035087585,0.4158929288387298,3.104705810546875,2.95941162109375,Fixation,1403.0384887695313,599.871689414978,96.0,14.0,True,20,image,,10.0
3452.0,1411.1862182617188,589.7678947448729,0.5581063628196716,0.4121465384960174,0.5512446165084839,0.4095610380172729,3.0882720947265625,2.927154541015625,Fixation,1403.0384887695313,599.871689414978,96.0,14.0,True,20,image,,10.0
3456.0,1400.4849243164062,583.706874847412,0.5608475804328918,0.4176872372627258,0.5470644235610962,0.4053519964218139,3.08929443359375,2.899810791015625,Fixation,1403.0384887695313,599.871689414978,96.0,14.0,True,20,image,,10.0
3460.0,1404.1041564941406,600.951633453369,0.5603283643722534,0.4146690666675567,0.5484781861305237,0.4173275232315063,3.1075439453125,2.92596435546875,Fixation,1403.0384887695313,599.871689414978,96.0,14.0,True,20,image,,10.0
3464.0,1386.5155029296875,608.2102060317992,0.5609791874885559,0.406045913696289,0.5416076183319092,0.4223681986331939,3.0720977783203125,2.931732177734375,Fixation,1403.0384887695313,599.871689414978,96.0,14.0,True,20,image,,10.0
3468.0,1402.449951171875,601.0881471633911,0.5621260404586792,0.4146629273891449,0.5478320121765137,0.4174223244190216,3.0850067138671875,2.930267333984375,Fixation,1403.0384887695313,599.871689414978,96.0,14.0,True,20,image,,10.0
3472.0,1407.2456359863281,601.4847278594971,0.5599810481071472,0.4253720641136169,0.5497053265571594,0.4176977276802063,3.11920166015625,2.9237518310546875,Fixation,1403.0384887695313,599.871689414978,96.0,14.0,True,20,image,,10.0
3476.0,1412.4285888671875,596.777901649475,0.5632729530334473,0.4116640090942383,0.5517299175262451,0.414429098367691,3.0681304931640625,2.91656494140625,Fixation,1403.0384887695313,599.871689414978,96.0,14.0,True,20,image,,10.0
3480.0,1408.7763977050781,602.7587127685547,0.557060182094574,0.4231842458248138,0.5503032803535461,0.4185824394226074,3.083358764648437,2.9029998779296875,Fixation,1403.0384887695313,599.871689414978,96.0,14.0,True,20,image,,10.0
3484.0,1406.0722351074219,604.5537757873534,0.55880206823349,0.4115983545780182,0.5492469668388367,0.4198290109634399,3.075302124023437,2.913421630859375,Fixation,1403.0384887695313,599.871689414978,96.0,14.0,True,20,image,,10.0
3488.0,1406.27197265625,611.5720224380492,0.556559145450592,0.4107709228992462,0.5493249893188477,0.4247027933597564,3.0817108154296875,2.9142303466796875,Fixation,1403.0384887695313,599.871689414978,96.0,14.0,True,20,image,,10.0
3492.0,1405.1104736328125,600.5009365081786,0.5561401844024658,0.4118101596832275,0.5488712787628174,0.4170145392417907,3.092926025390625,2.88824462890625,Fixation,1403.0384887695313,599.871689414978,96.0,14.0,True,20,image,,10.0
3496.0,1408.53271484375,599.1178607940674,0.5562158823013306,0.408191829919815,0.5502080917358398,0.4160540699958801,3.0900115966796875,2.8961944580078125,Fixation,1403.0384887695313,599.871689414978,96.0,14.0,True,20,image,,10.0
3500.0,1405.528564453125,597.5216245651245,0.5571430921554565,0.4081181287765503,0.549034595489502,0.4149455726146698,3.095321655273437,2.8973541259765625,Fixation,1403.0384887695313,599.871689414978,96.0,14.0,True,20,image,,10.0
3504.0,1394.2449951171875,616.7797136306763,0.5560891032218933,0.405516117811203,0.5446269512176514,0.4283192455768585,3.0756072998046875,2.919036865234375,Fixation,1403.0384887695313,599.871689414978,96.0,14.0,True,20,image,,10.0
3508.0,1409.3000793457031,597.4699974060059,0.5632044076919556,0.4067288935184479,0.5505078434944153,0.4149097204208374,3.0809326171875,2.888671875,Fixation,1403.0384887695313,599.871689414978,96.0,14.0,True,20,image,,10.0
3512.0,1392.2998046875,620.4461002349854,0.5602723956108093,0.411927580833435,0.5438671112060547,0.4308653473854065,3.101104736328125,2.90814208984375,Fixation,1403.0384887695313,599.871689414978,96.0,14.0,True,20,image,,10.0
3516.0,1398.3291625976562,601.7943191528319,0.5609111189842224,0.3977269828319549,0.5462223291397095,0.4179127216339111,3.0593719482421875,2.8678131103515625,Fixation,1403.0384887695313,599.871689414978,96.0,14.0,True,20,image,,10.0
