timestamp,x,y,l_x,l_y,r_x,r_y,pupil_l,pupil_r,event_type,fixation_x,fixation_y,event_duration,fixation_id,merged,event_id,aoi_type,aoi,aoi_id
0.0,1276.3676452636719,672.7453994750975,0.5085785984992981,0.4780364036560058,0.4985811114311218,0.46718430519104,3.2591094970703125,3.0936737060546875,Fixation,1271.2642741203308,694.7709247469902,252.0,1.0,True,1,word,image,11.0
4.0,1270.3475189208982,697.5609397888184,0.5059048533439636,0.4881791472434997,0.4962294995784759,0.4844173192977905,3.240463256835937,3.1365966796875,Fixation,1271.2642741203308,694.7709247469902,252.0,1.0,True,1,word,image,11.0
8.0,1263.8932800292969,695.2095222473145,0.5043330788612366,0.4818534255027771,0.4937083125114441,0.4827843904495239,3.23089599609375,3.1185760498046875,Fixation,1271.2642741203308,694.7709247469902,252.0,1.0,True,1,word,image,11.0
12.0,1275.5896759033203,693.4702920913696,0.5044873356819153,0.4849686920642853,0.4982772171497345,0.4815765917301178,3.2638092041015625,3.1273193359375,Fixation,1271.2642741203308,694.7709247469902,252.0,1.0,True,1,word,image,11.0
16.0,1275.7101440429685,684.759850502014,0.5051398873329163,0.5000662207603455,0.4983242750167846,0.475527673959732,3.271209716796875,3.12481689453125,Fixation,1271.2642741203308,694.7709247469902,252.0,1.0,True,1,word,image,11.0
20.0,1266.6966247558591,701.6557502746581,0.5058740973472595,0.4851785004138946,0.4948033690452575,0.4872609376907348,3.2386627197265625,3.103729248046875,Fixation,1271.2642741203308,694.7709247469902,252.0,1.0,True,1,word,image,11.0
24.0,1267.4677276611328,698.3787345886229,0.5058699250221252,0.5008909106254578,0.49510458111763,0.4849852323532104,3.251693725585937,3.1248321533203125,Fixation,1271.2642741203308,694.7709247469902,252.0,1.0,True,1,word,image,11.0
28.0,1282.154541015625,700.2466249465942,0.507427453994751,0.4923660457134247,0.5008416175842285,0.4862823784351349,3.24322509765625,3.129379272460937,Fixation,1271.2642741203308,694.7709247469902,252.0,1.0,True,1,word,image,11.0
32.0,1272.8765106201172,684.7828102111816,0.5049614310264587,0.4988403618335724,0.4972173869609833,0.4755436182022095,3.2786865234375,3.0977020263671875,Fixation,1271.2642741203308,694.7709247469902,252.0,1.0,True,1,word,image,11.0
36.0,1267.24250793457,692.2284507751464,0.50542813539505,0.4897777140140533,0.4950166046619415,0.480714201927185,3.270614624023437,3.100814819335937,Fixation,1271.2642741203308,694.7709247469902,252.0,1.0,True,1,word,image,11.0
40.0,1271.001968383789,697.7875757217406,0.5087817907333374,0.4964198470115661,0.4964851438999176,0.4845747053623199,3.25177001953125,3.083404541015625,Fixation,1271.2642741203308,694.7709247469902,252.0,1.0,True,1,word,image,11.0
44.0,1265.3332519531248,682.2602462768554,0.5066048502922058,0.4836146831512451,0.4942708015441894,0.4737918376922607,3.2412261962890625,3.0861358642578125,Fixation,1271.2642741203308,694.7709247469902,252.0,1.0,True,1,word,image,11.0
48.0,1258.3397674560545,702.1524953842162,0.5055230259895325,0.4895062446594238,0.4915389716625213,0.4876058995723724,3.2462310791015625,3.134384155273437,Fixation,1271.2642741203308,694.7709247469902,252.0,1.0,True,1,word,image,11.0
52.0,1269.663619995117,701.4984226226807,0.5054620504379272,0.4932327568531036,0.4959623515605926,0.4871516823768616,3.2454071044921875,3.122299194335937,Fixation,1271.2642741203308,694.7709247469902,252.0,1.0,True,1,word,image,11.0
56.0,1272.2485351562498,690.824818611145,0.5062105655670166,0.5004861354827881,0.4969720840454101,0.4797394573688507,3.2513885498046875,3.1092071533203125,Fixation,1271.2642741203308,694.7709247469902,252.0,1.0,True,1,word,image,11.0
60.0,1266.151657104492,697.2902297973632,0.5059865117073059,0.497950792312622,0.4945904910564422,0.4842293262481689,3.244857788085937,3.1071014404296875,Fixation,1271.2642741203308,694.7709247469902,252.0,1.0,True,1,word,image,11.0
64.0,1267.2447967529295,683.2521486282347,0.5090128183364868,0.4869769811630249,0.4950174987316131,0.4744806587696075,3.2637176513671875,3.0950927734375,Fixation,1271.2642741203308,694.7709247469902,252.0,1.0,True,1,word,image,11.0
68.0,1271.5354919433591,701.3445711135864,0.5050725936889648,0.5020521879196167,0.4966935515403747,0.4870448410511017,3.2455596923828125,3.1277618408203125,Fixation,1271.2642741203308,694.7709247469902,252.0,1.0,True,1,word,image,11.0
72.0,1265.532989501953,686.5410947799681,0.5081200003623962,0.4862069487571716,0.4943488240242004,0.4767646491527557,3.27093505859375,3.1049957275390625,Fixation,1271.2642741203308,694.7709247469902,252.0,1.0,True,1,word,image,11.0
76.0,1274.3391418457031,698.0530071258544,0.5051940679550171,0.4935720562934875,0.4977887272834778,0.4847590327262878,3.2199249267578125,3.134429931640625,Fixation,1271.2642741203308,694.7709247469902,252.0,1.0,True,1,word,image,11.0
80.0,1268.1649017333982,690.9928750991821,0.5060155987739563,0.4930475652217865,0.4953769147396087,0.4798561632633209,3.268783569335937,3.099578857421875,Fixation,1271.2642741203308,694.7709247469902,252.0,1.0,True,1,word,image,11.0
84.0,1269.6442413330078,700.6674098968505,0.5071625113487244,0.50468909740448,0.4959547817707062,0.4865745902061462,3.2564239501953125,3.116317749023437,Fixation,1271.2642741203308,694.7709247469902,252.0,1.0,True,1,word,image,11.0
88.0,1269.8502349853513,687.92893409729,0.508401095867157,0.4969981610774994,0.4960352480411529,0.4777284264564514,3.2955780029296875,3.10650634765625,Fixation,1271.2642741203308,694.7709247469902,252.0,1.0,True,1,word,image,11.0
92.0,1269.516677856445,697.1083974838257,0.5076391100883484,0.487245112657547,0.4959049522876739,0.4841030538082123,3.2852935791015625,3.102142333984375,Fixation,1271.2642741203308,694.7709247469902,252.0,1.0,True,1,word,image,11.0
96.0,1260.2105712890623,692.9372835159302,0.5046506524085999,0.4852116405963897,0.49226975440979,0.4812064468860626,3.224273681640625,3.103271484375,Fixation,1271.2642741203308,694.7709247469902,252.0,1.0,True,1,word,image,11.0
100.0,1264.2023468017576,694.8442268371581,0.5082091093063354,0.4861456155776977,0.4938290417194366,0.4825307130813598,3.2650299072265625,3.10455322265625,Fixation,1271.2642741203308,694.7709247469902,252.0,1.0,True,1,word,image,11.0
104.0,1266.5277099609375,689.0241765975952,0.5074880123138428,0.4926163554191589,0.4947373867034912,0.4784890115261078,3.278564453125,3.08868408203125,Fixation,1271.2642741203308,694.7709247469902,252.0,1.0,True,1,word,image,11.0
108.0,1261.0527038574219,685.0632190704346,0.5074180960655212,0.4897830486297607,0.4925987124443054,0.4757383465766907,3.273590087890625,3.1163330078125,Fixation,1271.2642741203308,694.7709247469902,252.0,1.0,True,1,word,image,11.0
112.0,1267.1044921875,701.2211465835571,0.5093562602996826,0.50168377161026,0.4949626922607422,0.4869591295719147,3.275299072265625,3.1322174072265625,Fixation,1271.2642741203308,694.7709247469902,252.0,1.0,True,1,word,image,11.0
116.0,1273.4709930419922,699.6465826034545,0.5074735879898071,0.4902191758155823,0.4974496066570282,0.4858656823635101,3.2661285400390625,3.134613037109375,Fixation,1271.2642741203308,694.7709247469902,252.0,1.0,True,1,word,image,11.0
120.0,1263.70849609375,694.0426540374756,0.5112353563308716,0.508436918258667,0.4936361312866211,0.4819740653038025,3.326080322265625,3.1125030517578125,Fixation,1271.2642741203308,694.7709247469902,252.0,1.0,True,1,word,image,11.0
124.0,1269.0451049804688,678.3791542053222,0.512614369392395,0.4917844831943512,0.4957207441329956,0.4710966348648071,3.277816772460937,3.0893707275390625,Fixation,1271.2642741203308,694.7709247469902,252.0,1.0,True,1,word,image,11.0
128.0,1265.8592987060547,697.6284456253051,0.5123484134674072,0.4928222298622131,0.4944762885570526,0.4844641983509063,3.2821197509765625,3.125701904296875,Fixation,1271.2642741203308,694.7709247469902,252.0,1.0,True,1,word,image,11.0
132.0,1269.1163635253906,687.6630735397338,0.5074400901794434,0.4945022463798523,0.4957485795021057,0.4775438010692596,3.2823638916015625,3.132904052734375,Fixation,1271.2642741203308,694.7709247469902,252.0,1.0,True,1,word,image,11.0
136.0,1266.6268157958984,694.0150165557861,0.5087866187095642,0.4917292892932892,0.4947760999202728,0.4819548726081848,3.25628662109375,3.109619140625,Fixation,1271.2642741203308,694.7709247469902,252.0,1.0,True,1,word,image,11.0
140.0,1269.4540405273435,698.4854650497435,0.5101185441017151,0.4834240674972534,0.4958804845809936,0.4850593507289886,3.261810302734375,3.1176300048828125,Fixation,1271.2642741203308,694.7709247469902,252.0,1.0,True,1,word,image,11.0
144.0,1266.662139892578,689.4677495956421,0.5106257200241089,0.4994258284568786,0.4947898983955383,0.478797048330307,3.2950439453125,3.0872039794921875,Fixation,1271.2642741203308,694.7709247469902,252.0,1.0,True,1,word,image,11.0
148.0,1270.5238342285156,695.2162599563599,0.5121191740036011,0.5014856457710266,0.4962983727455139,0.4827890694141388,3.3057403564453125,3.116195678710937,Fixation,1271.2642741203308,694.7709247469902,252.0,1.0,True,1,word,image,11.0
152.0,1268.9293670654295,699.7866153717041,0.5086812376976013,0.4869864881038666,0.4956755340099334,0.4859629273414612,3.2962188720703125,3.12347412109375,Fixation,1271.2642741203308,694.7709247469902,252.0,1.0,True,1,word,image,11.0
156.0,1277.2100830078123,682.920241355896,0.5123611688613892,0.4801445007324219,0.4989101886749267,0.4742501676082611,3.29449462890625,3.1115875244140625,Fixation,1271.2642741203308,694.7709247469902,252.0,1.0,True,1,word,image,11.0
160.0,1269.8893737792966,686.7836093902588,0.5079795122146606,0.4923210442066192,0.4960505366325378,0.4769330620765686,3.2576904296875,3.0977935791015625,Fixation,1271.2642741203308,694.7709247469902,252.0,1.0,True,1,word,image,11.0
164.0,1275.1642608642578,698.3219146728514,0.5092392563819885,0.4736024439334869,0.4981110394001007,0.4849457740783691,3.3281402587890625,3.131698608398437,Fixation,1271.2642741203308,694.7709247469902,252.0,1.0,True,1,word,image,11.0
168.0,1272.7487182617188,689.2249774932861,0.5102395415306091,0.476109504699707,0.4971674680709839,0.4786284565925598,3.24560546875,3.103988647460937,Fixation,1271.2642741203308,694.7709247469902,252.0,1.0,True,1,word,image,11.0
172.0,1286.9029235839844,675.6053209304808,0.5133788585662842,0.494610846042633,0.5026964545249939,0.4691703617572784,3.29144287109375,3.0846099853515625,Fixation,1271.2642741203308,694.7709247469902,252.0,1.0,True,1,word,image,11.0
176.0,1275.7135009765625,690.6337594985962,0.5111583471298218,0.5005525946617126,0.4983255863189697,0.4796067774295807,3.304290771484375,3.116546630859375,Fixation,1271.2642741203308,694.7709247469902,252.0,1.0,True,1,word,image,11.0
180.0,1285.4603576660156,697.9868316650391,0.5124373435974121,0.4916129410266876,0.5021329522132874,0.484713077545166,3.30853271484375,3.11920166015625,Fixation,1271.2642741203308,694.7709247469902,252.0,1.0,True,1,word,image,11.0
184.0,1282.5239562988281,682.5665760040283,0.509946882724762,0.4829277694225311,0.5009859204292297,0.4740045666694641,3.283843994140625,3.0953521728515625,Fixation,1271.2642741203308,694.7709247469902,252.0,1.0,True,1,word,image,11.0
188.0,1275.0667572021482,702.3168611526489,0.5113954544067383,0.489425390958786,0.4980729520320892,0.4877200424671173,3.2963409423828125,3.1218414306640625,Fixation,1271.2642741203308,694.7709247469902,252.0,1.0,True,1,word,image,11.0
192.0,1286.3389587402344,694.5212030410767,0.5099985599517822,0.4998091459274292,0.502476155757904,0.4823063910007477,3.2758331298828125,3.1363067626953125,Fixation,1271.2642741203308,694.7709247469902,252.0,1.0,True,1,word,image,11.0
196.0,1285.9544372558594,694.8538827896118,0.5126773715019226,0.4876577854156494,0.5023259520530701,0.4825374186038971,3.3015594482421875,3.1067657470703125,Fixation,1271.2642741203308,694.7709247469902,252.0,1.0,True,1,word,image,11.0
200.0,1289.4784545898438,688.5756683349609,0.5137520432472229,0.484781265258789,0.5037025213241577,0.478177547454834,3.2959442138671875,3.1070556640625,Fixation,1271.2642741203308,694.7709247469902,252.0,1.0,True,1,word,image,11.0
204.0,1285.4731750488281,691.9415616989136,0.5158665180206299,0.4927444159984588,0.5021379590034485,0.4805149734020233,3.259994506835937,3.105255126953125,Fixation,1271.2642741203308,694.7709247469902,252.0,1.0,True,1,word,image,11.0
208.0,1281.4961242675781,698.3114433288573,0.5102843046188354,0.4945157468318939,0.5005844235420227,0.4849385023117065,3.3224029541015625,3.15057373046875,Fixation,1271.2642741203308,694.7709247469902,252.0,1.0,True,1,word,image,11.0
212.0,1285.2513122558594,696.3957023620605,0.5092512369155884,0.4912099540233612,0.5020512938499451,0.4836081266403198,3.2782440185546875,3.1305694580078125,Fixation,1271.2642741203308,694.7709247469902,252.0,1.0,True,1,word,image,11.0
216.0,1273.0482482910156,690.6616973876953,0.5122150182723999,0.4884988367557525,0.497284471988678,0.4796261787414551,3.32073974609375,3.1136627197265625,Fixation,1271.2642741203308,694.7709247469902,252.0,1.0,True,1,word,image,11.0
220.0,1289.6110534667969,700.5924797058105,0.5130618214607239,0.4785765409469604,0.5037543177604675,0.4865225553512573,3.308990478515625,3.14703369140625,Fixation,1271.2642741203308,694.7709247469902,252.0,1.0,True,1,word,image,11.0
224.0,1284.1590881347656,703.2127618789672,0.5131561756134033,0.4843665659427643,0.5016246438026428,0.4883421957492828,3.301971435546875,3.099349975585937,Fixation,1271.2642741203308,694.7709247469902,252.0,1.0,True,1,word,image,11.0
228.0,1276.6363525390625,704.3739223480225,0.5086284279823303,0.4814510345458984,0.4986860752105713,0.4891485571861267,3.28131103515625,3.101531982421875,Fixation,1271.2642741203308,694.7709247469902,252.0,1.0,True,1,word,image,11.0
232.0,1267.7890014648438,708.0464029312133,0.5085598230361938,0.4770811200141907,0.4952300786972046,0.4916988909244537,3.2855377197265625,3.149078369140625,Fixation,1271.2642741203308,694.7709247469902,252.0,1.0,True,1,word,image,11.0
236.0,1262.0018768310545,705.7304334640502,0.5034855008125305,0.4705662131309509,0.4929694831371307,0.4900905787944793,3.3029022216796875,3.12591552734375,Fixation,1271.2642741203308,694.7709247469902,252.0,1.0,True,1,word,image,11.0
240.0,1262.6967620849607,712.3327445983886,0.5060994625091553,0.4616760611534118,0.4932409226894378,0.4946755170822143,3.294464111328125,3.1446990966796875,Fixation,1271.2642741203308,694.7709247469902,252.0,1.0,True,1,word,image,11.0
244.0,1250.3241729736328,710.271692276001,0.5044684410095215,0.4848536849021911,0.4884078800678253,0.4932442307472229,3.3181304931640625,3.1468963623046875,Fixation,1271.2642741203308,694.7709247469902,252.0,1.0,True,1,word,image,11.0
248.0,1254.9820709228516,700.4633903503417,0.506301999092102,0.4958544075489044,0.4902273714542389,0.4864329099655151,3.2850494384765625,3.141204833984375,Fixation,1271.2642741203308,694.7709247469902,252.0,1.0,True,1,word,image,11.0
252.0,1245.5847930908203,722.532434463501,0.4953699707984924,0.4969436824321747,0.4865565598011017,0.5017586350440979,3.3134002685546875,3.1296539306640625,Fixation,1271.2642741203308,694.7709247469902,252.0,1.0,True,1,word,image,11.0
256.0,1192.7745819091797,742.1519565582275,0.4747932255268097,0.5507915616035461,0.4659275710582733,0.5153833031654358,3.2834014892578125,3.1106719970703125,Saccade,,,,0.0,False,2,,,
260.0,1139.0214538574219,781.4036178588867,0.4342887699604034,0.5662110447883606,0.4449302554130554,0.5426414012908936,3.346710205078125,3.112396240234375,Saccade,,,,0.0,False,2,,,
264.0,1059.7992706298828,808.6981201171875,0.4190014898777008,0.6000293493270874,0.413984090089798,0.5615959167480469,3.3548736572265625,3.147567749023437,Saccade,,,,0.0,False,2,,,
268.0,1025.5227661132812,842.6579761505127,0.3940801322460174,0.6034384965896606,0.4005948305130005,0.5851791501045227,3.3734130859375,3.134552001953125,Saccade,,,,0.0,False,2,,,
272.0,961.2978363037109,871.3997554779053,0.3695003092288971,0.6292098760604858,0.3755069673061371,0.6051387190818787,3.3933868408203125,3.136215209960937,Saccade,,,,0.0,False,2,,,
276.0,931.731948852539,906.1802387237549,0.3534469604492187,0.6513189673423767,0.363957792520523,0.629291832447052,3.378158569335937,3.1311492919921875,Saccade,,,,0.0,False,2,,,
280.0,884.6286773681641,940.6736183166504,0.3499516248703003,0.6772286295890808,0.3455580770969391,0.6532455682754517,3.396942138671875,3.149658203125,Saccade,,,,0.0,False,2,,,
284.0,879.7046661376952,975.4323863983154,0.3508621454238891,0.7124909162521362,0.3436346352100372,0.6773836016654968,3.3623504638671875,3.1568756103515625,Fixation,874.7458067394439,1023.0452299118042,164.0,2.0,True,3,word,image,11.0
288.0,888.9060974121094,1000.8515739440918,0.3518640697002411,0.719719648361206,0.3472289443016052,0.6950358152389526,3.3758544921875,3.12548828125,Fixation,874.7458067394439,1023.0452299118042,164.0,2.0,True,3,word,image,11.0
292.0,895.1902770996094,1018.2765769958496,0.3600802421569824,0.728273868560791,0.3496837019920349,0.7071365118026733,3.4019775390625,3.160263061523437,Fixation,874.7458067394439,1023.0452299118042,164.0,2.0,True,3,word,image,11.0
296.0,889.4440460205077,1036.0695362091064,0.3522802591323852,0.7391587495803833,0.3474390804767608,0.7194927334785461,3.3447418212890625,3.148300170898437,Fixation,874.7458067394439,1023.0452299118042,164.0,2.0,True,3,word,image,11.0
300.0,884.3631744384766,1018.7305355072021,0.3530381619930267,0.7290882468223572,0.3454543650150299,0.7074517607688904,3.382675170898437,3.098236083984375,Fixation,874.7458067394439,1023.0452299118042,164.0,2.0,True,3,word,image,11.0
304.0,877.836456298828,1033.3793449401855,0.3567841053009033,0.7240873575210571,0.3429048657417297,0.7176245450973511,3.40081787109375,3.14129638671875,Fixation,874.7458067394439,1023.0452299118042,164.0,2.0,True,3,word,image,11.0
308.0,874.9930572509766,1026.2835502624512,0.3457005321979522,0.7374038696289062,0.3417941629886627,0.71269690990448,3.3676910400390625,3.1248931884765625,Fixation,874.7458067394439,1023.0452299118042,164.0,2.0,True,3,word,image,11.0
312.0,884.3608856201172,1032.158317565918,0.3435952961444855,0.7253084182739258,0.3454534709453583,0.7167766094207764,3.3745269775390625,3.1183624267578125,Fixation,874.7458067394439,1023.0452299118042,164.0,2.0,True,3,word,image,11.0
316.0,890.9612274169922,1049.1614627838135,0.3341989517211914,0.751289427280426,0.3480317294597626,0.728584349155426,3.318603515625,3.1645660400390625,Fixation,874.7458067394439,1023.0452299118042,164.0,2.0,True,3,word,image,11.0
320.0,876.098403930664,1025.8925914764404,0.3454054892063141,0.7554885149002075,0.3422259390354156,0.7124254107475281,3.30828857421875,3.1262359619140625,Fixation,874.7458067394439,1023.0452299118042,164.0,2.0,True,3,word,image,11.0
324.0,873.2772064208983,1023.5111331939697,0.3554938733577728,0.7497414350509644,0.3411239087581634,0.7107716202735901,3.3345947265625,3.1301727294921875,Fixation,874.7458067394439,1023.0452299118042,164.0,2.0,True,3,word,image,11.0
328.0,879.1087341308593,1034.946527481079,0.3496031761169433,0.750901997089386,0.3434018492698669,0.7187128663063049,3.34130859375,3.1312713623046875,Fixation,874.7458067394439,1023.0452299118042,164.0,2.0,True,3,word,image,11.0
332.0,879.7117614746094,1026.7738151550293,0.3585162758827209,0.7667675018310547,0.3436374068260193,0.713037371635437,3.2717742919921875,3.1217041015625,Fixation,874.7458067394439,1023.0452299118042,164.0,2.0,True,3,word,image,11.0
336.0,880.1614379882811,1028.1305408477783,0.3570667207241058,0.740278959274292,0.3438130617141723,0.7139795422554016,3.3503570556640625,3.1209259033203125,Fixation,874.7458067394439,1023.0452299118042,164.0,2.0,True,3,word,image,11.0
340.0,883.3805847167969,1030.7003116607666,0.3520031273365021,0.7309550642967224,0.3450705409049988,0.7157641053199768,3.387924194335937,3.130645751953125,Fixation,874.7458067394439,1023.0452299118042,164.0,2.0,True,3,word,image,11.0
344.0,880.6755828857421,1027.2466564178467,0.3512352406978607,0.7489908337593079,0.344013899564743,0.7133657336235046,3.33758544921875,3.1000213623046875,Fixation,874.7458067394439,1023.0452299118042,164.0,2.0,True,3,word,image,11.0
348.0,887.7956390380859,1018.7392044067383,0.3576065897941589,0.7541056275367737,0.3467951714992523,0.7074577808380127,3.3131561279296875,3.1063690185546875,Fixation,874.7458067394439,1023.0452299118042,164.0,2.0,True,3,word,image,11.0
352.0,883.1517028808594,1023.5205745697021,0.3511331975460052,0.7528161406517029,0.3449811339378357,0.7107781767845154,3.32769775390625,3.088729858398437,Fixation,874.7458067394439,1023.0452299118042,164.0,2.0,True,3,word,image,11.0
356.0,879.9630737304686,1017.4630737304688,0.345188170671463,0.7788671255111694,0.3437355756759643,0.7065715789794922,3.238739013671875,3.0735626220703125,Fixation,874.7458067394439,1023.0452299118042,164.0,2.0,True,3,word,image,11.0
360.0,878.8460540771484,1018.7611770629883,0.3508222997188568,0.7534876465797424,0.3432992398738861,0.7074730396270752,3.2636260986328125,3.106475830078125,Fixation,874.7458067394439,1023.0452299118042,164.0,2.0,True,3,word,image,11.0
364.0,864.1822814941406,1025.5131340026855,0.3441587090492248,0.7375597953796387,0.3375712037086487,0.7121618986129761,3.30908203125,3.0906982421875,Fixation,874.7458067394439,1023.0452299118042,164.0,2.0,True,3,word,image,11.0
368.0,875.1315307617188,1010.7159233093262,0.3423171639442444,0.7326762080192566,0.3418482542037964,0.7018860578536987,3.3082427978515625,3.089508056640625,Fixation,874.7458067394439,1023.0452299118042,164.0,2.0,True,3,word,image,11.0
372.0,889.4814300537108,1023.0080795288086,0.3442245125770569,0.7495641708374023,0.3474536836147308,0.7104222774505615,3.3035888671875,3.0670318603515625,Fixation,874.7458067394439,1023.0452299118042,164.0,2.0,True,3,word,image,11.0
376.0,878.9029693603514,1012.692174911499,0.3407705128192901,0.7582687735557556,0.3433214724063873,0.7032584547996521,3.26708984375,3.0500640869140625,Fixation,874.7458067394439,1023.0452299118042,164.0,2.0,True,3,word,image,11.0
380.0,873.2263946533202,1011.3974189758301,0.3474860191345215,0.7578951716423035,0.3411040604114532,0.7023593187332153,3.29498291015625,3.033676147460937,Fixation,874.7458067394439,1023.0452299118042,164.0,2.0,True,3,word,image,11.0
384.0,866.5606689453125,1017.6190280914307,0.3477257788181305,0.7731795907020569,0.3385002613067627,0.7066798806190491,3.2306060791015625,3.06591796875,Fixation,874.7458067394439,1023.0452299118042,164.0,2.0,True,3,word,image,11.0
388.0,858.4437561035156,1021.9758796691895,0.3547535538673401,0.7276729941368103,0.3353295922279358,0.7097054719924927,3.3384246826171875,3.0416412353515625,Fixation,874.7458067394439,1023.0452299118042,164.0,2.0,True,3,word,image,11.0
392.0,859.7162628173827,1015.9344291687012,0.3542540073394775,0.7504333853721619,0.3358266651630401,0.7055100202560425,3.27337646484375,3.0244293212890625,Fixation,874.7458067394439,1023.0452299118042,164.0,2.0,True,3,word,image,11.0
396.0,865.2534484863281,1004.139575958252,0.3511828482151031,0.7681939601898193,0.3379896283149719,0.6973191499710083,3.222396850585937,3.02410888671875,Fixation,874.7458067394439,1023.0452299118042,164.0,2.0,True,3,word,image,11.0
400.0,861.9306182861327,1012.4477291107178,0.3517299890518188,0.7684003710746765,0.3366916477680206,0.7030887007713318,3.218246459960937,3.024200439453125,Fixation,874.7458067394439,1023.0452299118042,164.0,2.0,True,3,word,image,11.0
404.0,870.9508514404296,1021.6756439208984,0.3561908304691314,0.7322435975074768,0.3402151763439178,0.7094969749450684,3.2962646484375,3.029296875,Fixation,874.7458067394439,1023.0452299118042,164.0,2.0,True,3,word,image,11.0
408.0,860.0353240966797,1035.9072303771973,0.3561935424804687,0.7448769211769104,0.3359512984752655,0.7193800210952759,3.29010009765625,3.048828125,Fixation,874.7458067394439,1023.0452299118042,164.0,2.0,True,3,word,image,11.0
412.0,862.1488189697264,1031.6283988952637,0.3569962084293365,0.7191881537437439,0.3367768824100494,0.7164086103439331,3.317108154296875,3.0367584228515625,Fixation,874.7458067394439,1023.0452299118042,164.0,2.0,True,3,word,image,11.0
416.0,879.3224334716797,1024.4782733917236,0.3543553948402405,0.7283879518508911,0.3434853255748749,0.7114432454109192,3.2790069580078125,3.024322509765625,Fixation,874.7458067394439,1023.0452299118042,164.0,2.0,True,3,word,image,11.0
420.0,861.0560607910156,1026.9568920135498,0.3493427038192749,0.7527589797973633,0.3363500237464905,0.7131645083427429,3.2327117919921875,3.03485107421875,Fixation,874.7458067394439,1023.0452299118042,164.0,2.0,True,3,word,image,11.0
424.0,855.0532531738281,1018.8773059844971,0.3579137921333313,0.7797914147377014,0.3340051770210266,0.7075536847114563,3.1938629150390625,3.0068359375,Fixation,874.7458067394439,1023.0452299118042,164.0,2.0,True,3,word,image,11.0
428.0,882.2698974609375,1028.7383079528809,0.3560180068016052,0.7676180601119995,0.3446366786956787,0.7144016027450562,3.2207183837890625,2.995834350585937,Fixation,874.7458067394439,1023.0452299118042,164.0,2.0,True,3,word,image,11.0
432.0,869.1585540771484,1019.2301559448242,0.3530792891979217,0.7459189891815186,0.3395150601863861,0.7077987194061279,3.2310943603515625,2.9811248779296875,Fixation,874.7458067394439,1023.0452299118042,164.0,2.0,True,3,word,image,11.0
436.0,883.4941101074218,1024.4302082061768,0.3505266904830932,0.7427382469177246,0.3451148867607116,0.711409866809845,3.2589874267578125,2.9683380126953125,Fixation,874.7458067394439,1023.0452299118042,164.0,2.0,True,3,word,image,11.0
440.0,869.9715423583984,1026.2323951721191,0.3528318107128143,0.7544572949409485,0.3398326337337494,0.7126613855361938,3.260009765625,2.9893798828125,Fixation,874.7458067394439,1023.0452299118042,164.0,2.0,True,3,word,image,11.0
444.0,868.6744689941406,1035.305986404419,0.3399065732955932,0.7553966641426086,0.3393259644508362,0.7189624905586243,3.2322540283203125,2.9463653564453125,Fixation,874.7458067394439,1023.0452299118042,164.0,2.0,True,3,word,image,11.0
448.0,836.4291381835938,1052.966594696045,0.3207494616508484,0.7969636917114258,0.3267301321029663,0.7312268018722534,3.126251220703125,2.9482879638671875,Fixation,874.7458067394439,1023.0452299118042,164.0,2.0,True,3,word,image,11.0
452.0,819.3824768066406,1068.8426113128662,0.3178679943084717,0.7905895113945007,0.320071280002594,0.7422518134117126,3.178085327148437,2.967147827148437,Fixation,829.6909289889866,1054.6364164352417,356.0,3.0,True,4,word,image,11.0
456.0,811.0155487060547,1047.505874633789,0.3249774575233459,0.8017838001251221,0.3168029487133026,0.7274346351623535,3.119171142578125,2.9506988525390625,Fixation,829.6909289889866,1054.6364164352417,356.0,3.0,True,4,word,image,11.0
460.0,815.8800506591796,1058.4515190124512,0.3294441103935241,0.7702518105506897,0.318703144788742,0.73503577709198,3.198028564453125,2.9702606201171875,Fixation,829.6909289889866,1054.6364164352417,356.0,3.0,True,4,word,image,11.0
464.0,805.7937622070312,1063.974723815918,0.3309459090232849,0.7946701049804688,0.3147631883621216,0.7388713359832764,3.1573486328125,2.975814819335937,Fixation,829.6909289889866,1054.6364164352417,356.0,3.0,True,4,word,image,11.0
468.0,829.695816040039,1064.5582866668701,0.3268768191337585,0.7938955426216125,0.3240999281406402,0.7392765879631042,3.11114501953125,2.987213134765625,Fixation,829.6909289889866,1054.6364164352417,356.0,3.0,True,4,word,image,11.0
472.0,817.8441619873047,1064.9002361297607,0.3231871724128723,0.8016113638877869,0.3194703757762909,0.7395140528678894,3.1025390625,2.9478759765625,Fixation,829.6909289889866,1054.6364164352417,356.0,3.0,True,4,word,image,11.0
476.0,806.7864990234375,1059.4047546386719,0.3258326351642608,0.8137832283973694,0.3151509761810303,0.7356977462768555,3.0792694091796875,2.94427490234375,Fixation,829.6909289889866,1054.6364164352417,356.0,3.0,True,4,word,image,11.0
480.0,807.7585601806641,1062.1257591247559,0.3280636668205261,0.7895827293395996,0.3155306875705719,0.7375873327255249,3.1255645751953125,2.9249420166015625,Fixation,829.6909289889866,1054.6364164352417,356.0,3.0,True,4,word,image,11.0
484.0,806.1338806152344,1057.8745651245117,0.3299702703952789,0.7945870757102966,0.3148960471153259,0.7346351146697998,3.114410400390625,2.92767333984375,Fixation,829.6909289889866,1054.6364164352417,356.0,3.0,True,4,word,image,11.0
488.0,820.4718780517578,1052.5724601745605,0.3321894705295563,0.766655445098877,0.3204968273639679,0.7309530973434448,3.170074462890625,2.9202423095703125,Fixation,829.6909289889866,1054.6364164352417,356.0,3.0,True,4,word,image,11.0
492.0,812.2640991210936,1056.8744659423828,0.3326007723808288,0.79815673828125,0.3172906637191772,0.733940601348877,3.0869293212890625,2.948272705078125,Fixation,829.6909289889866,1054.6364164352417,356.0,3.0,True,4,word,image,11.0
496.0,802.6422882080077,1051.113510131836,0.3245113492012024,0.779123067855835,0.313532143831253,0.7299399375915527,3.1176300048828125,2.91119384765625,Fixation,829.6909289889866,1054.6364164352417,356.0,3.0,True,4,word,image,11.0
500.0,803.625030517578,1073.8698863983154,0.3318281471729278,0.7816156148910522,0.3139160275459289,0.7457429766654968,3.115478515625,2.9639129638671875,Fixation,829.6909289889866,1054.6364164352417,356.0,3.0,True,4,word,image,11.0
504.0,823.0752563476562,1048.6365222930908,0.3284474909305572,0.7936381101608276,0.3215137720108032,0.7282198071479797,3.0814208984375,2.8997955322265625,Fixation,829.6909289889866,1054.6364164352417,356.0,3.0,True,4,word,image,11.0
508.0,817.9611968994141,1039.7929573059082,0.3282902240753174,0.7781902551651001,0.3195160925388336,0.7220784425735474,3.0844268798828125,2.87884521484375,Fixation,829.6909289889866,1054.6364164352417,356.0,3.0,True,4,word,image,11.0
512.0,811.0868072509766,1061.5312099456787,0.3310721516609192,0.7600772380828857,0.3168307840824127,0.7371744513511658,3.14520263671875,2.9190673828125,Fixation,829.6909289889866,1054.6364164352417,356.0,3.0,True,4,word,image,11.0
516.0,814.8349761962891,1055.2467727661133,0.3371643424034118,0.7704852223396301,0.3182949125766754,0.7328102588653564,3.138885498046875,2.893341064453125,Fixation,829.6909289889866,1054.6364164352417,356.0,3.0,True,4,word,image,11.0
520.0,813.8979339599608,1056.0808753967285,0.3246876299381256,0.7713749408721924,0.3179288804531097,0.7333894968032837,3.0954742431640625,2.91009521484375,Fixation,829.6909289889866,1054.6364164352417,356.0,3.0,True,4,word,image,11.0
524.0,808.2923889160156,1064.1148853302002,0.3318158686161041,0.768712043762207,0.3157392144203186,0.7389686703681946,3.120819091796875,2.917388916015625,Fixation,829.6909289889866,1054.6364164352417,356.0,3.0,True,4,word,image,11.0
528.0,820.4944610595702,1075.059585571289,0.3355498909950256,0.8013547658920288,0.3205056488513946,0.7465691566467285,3.0569000244140625,2.906600952148437,Fixation,829.6909289889866,1054.6364164352417,356.0,3.0,True,4,word,image,11.0
532.0,818.3756256103516,1058.7933826446533,0.3352304697036743,0.7872477173805237,0.3196779787540436,0.7352731823921204,3.067413330078125,2.8704833984375,Fixation,829.6909289889866,1054.6364164352417,356.0,3.0,True,4,word,image,11.0
536.0,821.4260864257812,1063.8606548309326,0.3386713564395904,0.7683764696121216,0.3208695650100708,0.7387921214103699,3.1220855712890625,2.9082794189453125,Fixation,829.6909289889866,1054.6364164352417,356.0,3.0,True,4,word,image,11.0
540.0,823.590850830078,1047.5966835021973,0.3287458121776581,0.7376128435134888,0.3217151761054992,0.7274976968765259,3.174423217773437,2.884490966796875,Fixation,829.6909289889866,1054.6364164352417,356.0,3.0,True,4,word,image,11.0
544.0,822.9560089111327,1041.27516746521,0.3337451219558716,0.7850658297538757,0.3214671909809112,0.7231077551841736,3.0539093017578125,2.8654937744140625,Fixation,829.6909289889866,1054.6364164352417,356.0,3.0,True,4,word,image,11.0
548.0,800.1778411865234,1070.870189666748,0.3347460925579071,0.7463348507881165,0.3125694692134857,0.7436598539352417,3.150543212890625,2.8874969482421875,Fixation,829.6909289889866,1054.6364164352417,356.0,3.0,True,4,word,image,11.0
552.0,821.3908386230469,1082.162160873413,0.324256956577301,0.7728214859962463,0.3208557963371277,0.7515015006065369,3.0732574462890625,2.927352905273437,Fixation,829.6909289889866,1054.6364164352417,356.0,3.0,True,4,word,image,11.0
556.0,822.7137756347656,1058.8666820526123,0.3338988423347473,0.777307391166687,0.3213725686073303,0.7353240847587585,3.09185791015625,2.8504791259765625,Fixation,829.6909289889866,1054.6364164352417,356.0,3.0,True,4,word,image,11.0
560.0,820.966796875,1057.349452972412,0.329044371843338,0.7770625948905945,0.3206901550292969,0.734270453453064,3.069610595703125,2.88641357421875,Fixation,829.6909289889866,1054.6364164352417,356.0,3.0,True,4,word,image,11.0
564.0,824.4583892822264,1047.5966835021973,0.3295675814151764,0.7851086854934692,0.3220540583133697,0.7274976968765259,3.0309600830078125,2.8459930419921875,Fixation,829.6909289889866,1054.6364164352417,356.0,3.0,True,4,word,image,11.0
568.0,829.338150024414,1059.847469329834,0.3265027105808258,0.7763846516609192,0.3239602148532867,0.7360051870346069,3.065155029296875,2.856231689453125,Fixation,829.6909289889866,1054.6364164352417,356.0,3.0,True,4,word,image,11.0
572.0,810.8554840087891,1059.869613647461,0.3365115225315094,0.7818960547447205,0.3167404234409332,0.736020565032959,3.054718017578125,2.8723907470703125,Fixation,829.6909289889866,1054.6364164352417,356.0,3.0,True,4,word,image,11.0
576.0,815.6373596191406,1039.1165256500244,0.3269616365432739,0.7595146298408508,0.3186083436012268,0.7216086983680725,3.09027099609375,2.8028717041015625,Fixation,829.6909289889866,1054.6364164352417,356.0,3.0,True,4,word,image,11.0
580.0,832.8570556640625,1046.690912246704,0.3334309160709381,0.7789936661720276,0.3253347873687744,0.7268686890602112,3.0430908203125,2.8719482421875,Fixation,829.6909289889866,1054.6364164352417,356.0,3.0,True,4,word,image,11.0
584.0,815.3849029541016,1059.6573543548584,0.3318120539188385,0.7734165191650391,0.3185097277164459,0.7358731627464294,3.0453338623046875,2.8499298095703125,Fixation,829.6909289889866,1054.6364164352417,356.0,3.0,True,4,word,image,11.0
588.0,816.8840789794921,1055.4426383972168,0.3244281411170959,0.7560963034629822,0.3190953433513641,0.7329462766647339,3.0748291015625,2.83544921875,Fixation,829.6909289889866,1054.6364164352417,356.0,3.0,True,4,word,image,11.0
592.0,821.72607421875,1044.9082946777344,0.3299813270568847,0.7716834545135498,0.3209867477416992,0.7256307601928711,3.0790557861328125,2.81805419921875,Fixation,829.6909289889866,1054.6364164352417,356.0,3.0,True,4,word,image,11.0
596.0,837.3512268066406,1038.5155391693115,0.333721399307251,0.7822672128677368,0.327090322971344,0.7211913466453552,3.029541015625,2.848617553710937,Fixation,829.6909289889866,1054.6364164352417,356.0,3.0,True,4,word,image,11.0
600.0,835.9117889404296,1057.0433807373047,0.3149410784244537,0.7711946964263916,0.3265280425548553,0.7340579032897949,3.0406036376953125,2.8580322265625,Fixation,829.6909289889866,1054.6364164352417,356.0,3.0,True,4,word,image,11.0
604.0,833.6557769775391,1055.7175540924072,0.318785011768341,0.7644007205963135,0.3256467878818512,0.7331371903419495,3.01220703125,2.8400115966796875,Fixation,829.6909289889866,1054.6364164352417,356.0,3.0,True,4,word,image,11.0
608.0,831.4284515380859,1066.0514831542969,0.3199653327465057,0.7753435969352722,0.3247767388820648,0.7403135299682617,3.016510009765625,2.8536529541015625,Fixation,829.6909289889866,1054.6364164352417,356.0,3.0,True,4,word,image,11.0
612.0,833.9971923828124,1048.6490535736084,0.3169088661670685,0.7844070792198181,0.3257801532745361,0.7282285094261169,3.006622314453125,2.81585693359375,Fixation,829.6909289889866,1054.6364164352417,356.0,3.0,True,4,word,image,11.0
616.0,827.6454162597655,1034.4896507263184,0.3270004689693451,0.7726878523826599,0.3232989907264709,0.7183955907821655,3.05596923828125,2.822021484375,Fixation,829.6909289889866,1054.6364164352417,356.0,3.0,True,4,word,image,11.0
620.0,814.2407989501952,1041.7471504211426,0.3341569900512695,0.7768599390983582,0.31806281208992,0.7234355211257935,3.0251922607421875,2.811386108398437,Fixation,829.6909289889866,1054.6364164352417,356.0,3.0,True,4,word,image,11.0
624.0,817.3319244384766,1038.503179550171,0.33409184217453,0.7805161476135254,0.3192702829837799,0.7211827635765076,2.9945831298828125,2.793792724609375,Fixation,829.6909289889866,1054.6364164352417,356.0,3.0,True,4,word,image,11.0
628.0,812.6575469970703,1044.2847347259521,0.3220548927783966,0.7407723665237427,0.3174443542957306,0.7251977324485779,3.081527709960937,2.834564208984375,Fixation,829.6909289889866,1054.6364164352417,356.0,3.0,True,4,word,image,11.0
632.0,797.2512054443359,1048.1313228607178,0.3347903788089752,0.7582471370697021,0.3114262521266937,0.7278689742088318,3.0746307373046875,2.81610107421875,Fixation,829.6909289889866,1054.6364164352417,356.0,3.0,True,4,word,image,11.0
636.0,804.1927337646484,1026.3688659667969,0.33028444647789,0.7769214510917664,0.3141377866268158,0.7127561569213867,3.01318359375,2.798690795898437,Fixation,829.6909289889866,1054.6364164352417,356.0,3.0,True,4,word,image,11.0
640.0,809.7669219970703,1048.8710117340088,0.3316385746002197,0.7505066394805908,0.3163152039051056,0.7283826470375061,3.07550048828125,2.8343658447265625,Fixation,829.6909289889866,1054.6364164352417,356.0,3.0,True,4,word,image,11.0
644.0,828.797378540039,1065.9280586242676,0.34255450963974,0.7788999676704407,0.3237489759922027,0.7402278184890747,3.002792358398437,2.833740234375,Fixation,829.6909289889866,1054.6364164352417,356.0,3.0,True,4,word,image,11.0
648.0,803.6234283447266,1047.0268535614014,0.3401760756969452,0.7576514482498169,0.3139154016971588,0.7271019816398621,3.055816650390625,2.8206939697265625,Fixation,829.6909289889866,1054.6364164352417,356.0,3.0,True,4,word,image,11.0
652.0,806.7919921875,1041.5814971923828,0.3270377814769745,0.7502333521842957,0.3151531219482422,0.723320484161377,3.07763671875,2.800994873046875,Fixation,829.6909289889866,1054.6364164352417,356.0,3.0,True,4,word,image,11.0
656.0,817.5755310058594,1044.2830181121826,0.3312995135784149,0.7699347138404846,0.3193654417991638,0.7251965403556824,3.038436889648437,2.832550048828125,Fixation,829.6909289889866,1054.6364164352417,356.0,3.0,True,4,word,image,11.0
660.0,827.3260498046874,1041.8825912475586,0.3272099494934082,0.7564496994018555,0.323174238204956,0.723529577255249,3.0464324951171875,2.829696655273437,Fixation,829.6909289889866,1054.6364164352417,356.0,3.0,True,4,word,image,11.0
664.0,812.9122924804688,1051.1320495605469,0.3267562091350555,0.7718024253845215,0.3175438642501831,0.7299528121948242,3.032379150390625,2.8140869140625,Fixation,829.6909289889866,1054.6364164352417,356.0,3.0,True,4,word,image,11.0
668.0,841.5877532958984,1028.9405250549316,0.3289414346218109,0.7698980569839478,0.3287452161312103,0.714542031288147,3.0201873779296875,2.8039703369140625,Fixation,829.6909289889866,1054.6364164352417,356.0,3.0,True,4,word,image,11.0
672.0,839.0618896484375,1031.4967346191406,0.3239292204380035,0.7727275490760803,0.3277585506439209,0.7163171768188477,2.9959869384765625,2.82073974609375,Fixation,829.6909289889866,1054.6364164352417,356.0,3.0,True,4,word,image,11.0
676.0,840.7585144042968,1049.4085693359375,0.330490380525589,0.783355712890625,0.3284212946891784,0.7287559509277344,3.0148468017578125,2.836654663085937,Fixation,829.6909289889866,1054.6364164352417,356.0,3.0,True,4,word,image,11.0
680.0,827.7735900878906,1055.7836437225342,0.3189886808395386,0.7793485522270203,0.3233490586280823,0.7331830859184265,2.9805908203125,2.8291473388671875,Fixation,829.6909289889866,1054.6364164352417,356.0,3.0,True,4,word,image,11.0
684.0,818.8224792480469,1041.221523284912,0.3231299519538879,0.7724421620368958,0.3198525309562683,0.723070502281189,3.0045623779296875,2.8346099853515625,Fixation,829.6909289889866,1054.6364164352417,356.0,3.0,True,4,word,image,11.0
688.0,804.5054626464843,1050.7737922668457,0.324317067861557,0.7647954225540161,0.3142599463462829,0.7297040224075317,3.0429840087890625,2.796417236328125,Fixation,829.6909289889866,1054.6364164352417,356.0,3.0,True,4,word,image,11.0
692.0,803.9414215087891,1047.9560565948486,0.3352468311786651,0.7741591930389404,0.3140396177768707,0.7277472615242004,3.030303955078125,2.8119049072265625,Fixation,829.6909289889866,1054.6364164352417,356.0,3.0,True,4,word,image,11.0
696.0,807.7513122558593,1045.436668395996,0.3327595889568329,0.7738823890686035,0.315527856349945,0.7259976863861084,3.0037384033203125,2.8192901611328125,Fixation,829.6909289889866,1054.6364164352417,356.0,3.0,True,4,word,image,11.0
700.0,808.8735198974609,1060.871000289917,0.3329789340496063,0.7711970806121826,0.3159662187099457,0.7367159724235535,3.028289794921875,2.8112335205078125,Fixation,829.6909289889866,1054.6364164352417,356.0,3.0,True,4,word,image,11.0
704.0,815.2642059326172,1033.648509979248,0.3378924429416656,0.7904516458511353,0.3184625804424286,0.7178114652633667,2.976165771484375,2.8194122314453125,Fixation,829.6909289889866,1054.6364164352417,356.0,3.0,True,4,word,image,11.0
708.0,827.6461791992188,1046.726188659668,0.3270402252674103,0.74910569190979,0.3232992887496948,0.7268931865692139,3.0332794189453125,2.84393310546875,Fixation,829.6909289889866,1054.6364164352417,356.0,3.0,True,4,word,image,11.0
712.0,823.2975006103516,1051.3617324829102,0.3337384462356567,0.7679747939109802,0.3216005861759186,0.7301123142242432,3.015731811523437,2.8214569091796875,Fixation,829.6909289889866,1054.6364164352417,356.0,3.0,True,4,word,image,11.0
716.0,830.5165863037109,1042.825870513916,0.3346063196659088,0.7830342650413513,0.3244205415248871,0.7241846323013306,3.02813720703125,2.8124237060546875,Fixation,829.6909289889866,1054.6364164352417,356.0,3.0,True,4,word,image,11.0
720.0,833.7249755859374,1042.0839500427246,0.3297435045242309,0.7823073863983154,0.3256738185882568,0.7236694097518921,2.99554443359375,2.785980224609375,Fixation,829.6909289889866,1054.6364164352417,356.0,3.0,True,4,word,image,11.0
724.0,840.5023956298828,1049.946985244751,0.3198712170124054,0.7495855093002319,0.328321248292923,0.7291298508644104,3.0172271728515625,2.7989654541015625,Fixation,829.6909289889866,1054.6364164352417,356.0,3.0,True,4,word,image,11.0
728.0,834.6409606933594,1067.4945545196533,0.3242064416408539,0.7743249535560608,0.3260316252708435,0.7413156628608704,2.99267578125,2.8177947998046875,Fixation,829.6909289889866,1054.6364164352417,356.0,3.0,True,4,word,image,11.0
732.0,833.4349060058594,1053.656930923462,0.3326247334480285,0.7785391211509705,0.3255605101585388,0.7317062020301819,2.9924774169921875,2.7892303466796875,Fixation,829.6909289889866,1054.6364164352417,356.0,3.0,True,4,word,image,11.0
736.0,859.3026733398436,1053.0388641357422,0.3471417725086212,0.7877797484397888,0.3356651067733764,0.7312769889831543,3.02410888671875,2.814910888671875,Fixation,829.6909289889866,1054.6364164352417,356.0,3.0,True,4,word,image,11.0
740.0,879.0881347656249,1064.7835063934326,0.3552384078502655,0.7936533689498901,0.3433938026428222,0.7394329905509949,2.9778594970703125,2.834823608398437,Fixation,829.6909289889866,1054.6364164352417,356.0,3.0,True,4,word,image,11.0
744.0,886.2470245361328,1070.3273963928223,0.3604917526245117,0.7918221950531006,0.3461902439594269,0.7432829141616821,3.02197265625,2.7772216796875,Fixation,829.6909289889866,1054.6364164352417,356.0,3.0,True,4,word,image,11.0
748.0,881.4192962646484,1062.4355220794678,0.3611415326595306,0.7536599040031433,0.3443044126033783,0.7378024458885193,3.113037109375,2.812286376953125,Fixation,829.6909289889866,1054.6364164352417,356.0,3.0,True,4,word,image,11.0
752.0,876.4313507080077,1065.3932476043701,0.3489139676094055,0.7720026969909668,0.3423559963703155,0.7398564219474792,3.04437255859375,2.7969970703125,Fixation,829.6909289889866,1054.6364164352417,356.0,3.0,True,4,word,image,11.0
756.0,886.026382446289,1066.2126731872559,0.3361070156097412,0.7726532816886902,0.3461040556430816,0.7404254674911499,2.993499755859375,2.80645751953125,Fixation,829.6909289889866,1054.6364164352417,356.0,3.0,True,4,word,image,11.0
760.0,869.5159149169922,1062.063274383545,0.341337502002716,0.7882010340690613,0.3396546542644501,0.7375439405441284,2.979705810546875,2.8013153076171875,Fixation,829.6909289889866,1054.6364164352417,356.0,3.0,True,4,word,image,11.0
764.0,858.8607788085936,1054.4185066223145,0.3458614945411682,0.786098837852478,0.3354924917221069,0.7322350740432739,3.004257202148437,2.7544403076171875,Fixation,829.6909289889866,1054.6364164352417,356.0,3.0,True,4,word,image,11.0
768.0,869.2205810546875,1058.5575199127197,0.3561870753765106,0.7711138129234314,0.3395392894744873,0.7351093888282776,3.0529022216796875,2.7747344970703125,Fixation,829.6909289889866,1054.6364164352417,356.0,3.0,True,4,word,image,11.0
772.0,885.5596923828124,1068.871192932129,0.354932963848114,0.7949808835983276,0.3459217548370361,0.7422716617584229,3.002716064453125,2.8043670654296875,Fixation,829.6909289889866,1054.6364164352417,356.0,3.0,True,4,word,image,11.0
776.0,861.7169189453125,1054.0429973602295,0.3490843176841736,0.76148921251297,0.3366081714630127,0.7319743037223816,3.0880279541015625,2.804916381835937,Fixation,829.6909289889866,1054.6364164352417,356.0,3.0,True,4,word,image,11.0
780.0,864.8587036132812,1064.5871257781982,0.3487868010997772,0.7749866843223572,0.337835431098938,0.7392966151237488,3.024200439453125,2.7765350341796875,Fixation,829.6909289889866,1054.6364164352417,356.0,3.0,True,4,word,image,11.0
784.0,886.1580657958984,1055.4468441009521,0.3555610179901123,0.7754194736480713,0.3461554944515228,0.7329491972923279,3.0377349853515625,2.797332763671875,Fixation,829.6909289889866,1054.6364164352417,356.0,3.0,True,4,word,image,11.0
788.0,849.4562530517578,1053.9890956878662,0.3612118661403656,0.7811119556427002,0.3318188488483429,0.7319368720054626,3.04388427734375,2.8082427978515625,Fixation,829.6909289889866,1054.6364164352417,356.0,3.0,True,4,word,image,11.0
792.0,859.7261810302733,1056.9385814666748,0.3521123826503753,0.767021894454956,0.3358305394649505,0.7339851260185242,3.021636962890625,2.76611328125,Fixation,829.6909289889866,1054.6364164352417,356.0,3.0,True,4,word,image,11.0
796.0,860.5389404296875,1070.8068466186523,0.3559312224388122,0.8021078109741211,0.3361480236053467,0.7436158657073975,2.96929931640625,2.7706298828125,Fixation,829.6909289889866,1054.6364164352417,356.0,3.0,True,4,word,image,11.0
800.0,838.017578125,1064.1348838806152,0.3518816828727722,0.7831287980079651,0.3273506164550781,0.7389825582504272,2.991439819335937,2.764862060546875,Fixation,829.6909289889866,1054.6364164352417,356.0,3.0,True,4,word,image,11.0
804.0,861.0207366943359,1072.538480758667,0.3525406420230865,0.8084653615951538,0.336336225271225,0.744818389415741,2.939971923828125,2.81732177734375,Fixation,829.6909289889866,1054.6364164352417,356.0,3.0,True,4,word,image,11.0
808.0,866.7807006835938,1082.415361404419,0.3566907942295074,0.7789367437362671,0.3385862112045288,0.7516773343086243,3.0088043212890625,2.8166046142578125,Fixation,829.6909289889866,1054.6364164352417,356.0,3.0,True,4,word,image,11.0
812.0,880.0173950195312,1084.540786743164,0.3589432835578918,0.7745342254638672,0.3437567949295044,0.7531533241271973,3.058380126953125,2.8096923828125,Fixation,875.3124406602648,1052.6470680236816,176.0,4.0,True,5,word,image,11.0
816.0,874.3370056152344,1058.939208984375,0.3501870930194855,0.7938334941864014,0.3415378928184509,0.7353744506835938,2.9967498779296875,2.7888946533203125,Fixation,875.3124406602648,1052.6470680236816,176.0,4.0,True,5,word,image,11.0
820.0,888.2249450683594,1058.107852935791,0.3518076241016388,0.7593482732772827,0.3469628691673279,0.7347971200942993,3.0550079345703125,2.7755126953125,Fixation,875.3124406602648,1052.6470680236816,176.0,4.0,True,5,word,image,11.0
824.0,882.882080078125,1052.127857208252,0.3504442274570465,0.8145108222961426,0.3448758125305176,0.7306443452835083,2.9510955810546875,2.7995758056640625,Fixation,875.3124406602648,1052.6470680236816,176.0,4.0,True,5,word,image,11.0
828.0,890.8220672607422,1063.8080406188965,0.3448251187801361,0.7654126882553101,0.3479773700237274,0.7387555837631226,3.087371826171875,2.789276123046875,Fixation,875.3124406602648,1052.6470680236816,176.0,4.0,True,5,word,image,11.0
832.0,889.4343566894531,1043.0541801452637,0.3528826832771301,0.7583593130111694,0.3474352955818176,0.7243431806564331,3.09320068359375,2.773406982421875,Fixation,875.3124406602648,1052.6470680236816,176.0,4.0,True,5,word,image,11.0
836.0,892.1109771728514,1052.6340866088867,0.3462058901786804,0.7504896521568298,0.3484808504581451,0.7309958934783936,3.089813232421875,2.772216796875,Fixation,875.3124406602648,1052.6470680236816,176.0,4.0,True,5,word,image,11.0
840.0,886.0144805908203,1041.4494895935059,0.3528132140636444,0.7886491417884827,0.3460994064807892,0.7232288122177124,3.0213623046875,2.7727508544921875,Fixation,875.3124406602648,1052.6470680236816,176.0,4.0,True,5,word,image,11.0
844.0,885.0158691406249,1049.596881866455,0.3548822700977325,0.7754344940185547,0.3457093238830566,0.7288867235183716,3.0484619140625,2.7921295166015625,Fixation,875.3124406602648,1052.6470680236816,176.0,4.0,True,5,word,image,11.0
848.0,881.4792633056641,1056.6741371154785,0.3442267477512359,0.7697994112968445,0.344327837228775,0.7338014841079712,3.025497436523437,2.7978668212890625,Fixation,875.3124406602648,1052.6470680236816,176.0,4.0,True,5,word,image,11.0
852.0,877.0473480224609,1046.0234069824219,0.34581258893013,0.7906558513641357,0.3425966203212738,0.726405143737793,3.0080108642578125,2.779449462890625,Fixation,875.3124406602648,1052.6470680236816,176.0,4.0,True,5,word,image,11.0
856.0,886.5532684326172,1046.7897033691406,0.3488215804100036,0.7981670498847961,0.3463098704814911,0.7269372940063477,2.962982177734375,2.77984619140625,Fixation,875.3124406602648,1052.6470680236816,176.0,4.0,True,5,word,image,11.0
860.0,873.0550384521484,1046.1013412475586,0.3474904298782348,0.8152937293052673,0.3410371243953705,0.726459264755249,2.957870483398437,2.76434326171875,Fixation,875.3124406602648,1052.6470680236816,176.0,4.0,True,5,word,image,11.0
864.0,884.6742248535155,1044.5080661773682,0.3553326427936554,0.8027403354644775,0.3455758690834045,0.7253528237342834,2.970733642578125,2.776107788085937,Fixation,875.3124406602648,1052.6470680236816,176.0,4.0,True,5,word,image,11.0
868.0,874.3036651611328,1055.954704284668,0.3548864722251892,0.7941848039627075,0.3415248692035675,0.7333018779754639,2.9673309326171875,2.790390014648437,Fixation,875.3124406602648,1052.6470680236816,176.0,4.0,True,5,word,image,11.0
872.0,888.9400482177733,1051.4664459228516,0.3586018681526184,0.7835611701011658,0.3472422063350677,0.7301850318908691,3.02142333984375,2.7932281494140625,Fixation,875.3124406602648,1052.6470680236816,176.0,4.0,True,5,word,image,11.0
876.0,867.2952270507812,1067.6737689971924,0.3518368303775787,0.8074795603752136,0.3387871980667114,0.7414401173591614,2.9851226806640625,2.785629272460937,Fixation,875.3124406602648,1052.6470680236816,176.0,4.0,True,5,word,image,11.0
880.0,883.1587982177733,1054.4391059875488,0.3540314435958862,0.7909749150276184,0.3449839055538177,0.73224937915802,2.999969482421875,2.8040313720703125,Fixation,875.3124406602648,1052.6470680236816,176.0,4.0,True,5,word,image,11.0
884.0,872.8175354003906,1078.9281463623047,0.3475304543972015,0.796948254108429,0.3409443497657776,0.7492556571960449,2.9720001220703125,2.8269195556640625,Fixation,875.3124406602648,1052.6470680236816,176.0,4.0,True,5,word,image,11.0
888.0,876.5420532226562,1053.5304164886475,0.355047732591629,0.7708860635757446,0.3423992395401001,0.731618344783783,3.036239624023437,2.78546142578125,Fixation,875.3124406602648,1052.6470680236816,176.0,4.0,True,5,word,image,11.0
892.0,854.5270538330078,1056.064395904541,0.3548175096511841,0.8014327883720398,0.3337996304035187,0.7333780527114868,2.9715576171875,2.7413482666015625,Fixation,875.3124406602648,1052.6470680236816,176.0,4.0,True,5,word,image,11.0
896.0,873.1521606445312,1048.4660625457764,0.3556209206581116,0.8070991039276123,0.34107506275177,0.7281014323234558,2.9360809326171875,2.756332397460937,Fixation,875.3124406602648,1052.6470680236816,176.0,4.0,True,5,word,image,11.0
900.0,858.7504577636719,1052.953634262085,0.3495940268039703,0.7466979622840881,0.3354493975639343,0.7312178015708923,3.054656982421875,2.748397827148437,Fixation,875.3124406602648,1052.6470680236816,176.0,4.0,True,5,word,image,11.0
904.0,866.7151641845703,1047.2131061553955,0.349400520324707,0.7929486036300659,0.3385606110095978,0.7272313237190247,2.948272705078125,2.758392333984375,Fixation,875.3124406602648,1052.6470680236816,176.0,4.0,True,5,word,image,11.0
908.0,889.0478515624999,1041.3360214233398,0.3643782436847687,0.777431309223175,0.3472843170166015,0.7231500148773193,3.0734405517578125,2.7679901123046875,Fixation,875.3124406602648,1052.6470680236816,176.0,4.0,True,5,word,image,11.0
912.0,896.9634246826171,1067.1190452575684,0.361611008644104,0.7894359230995178,0.3503763377666473,0.741054892539978,3.0093536376953125,2.7638397216796875,Fixation,875.3124406602648,1052.6470680236816,176.0,4.0,True,5,word,image,11.0
916.0,868.9687347412109,1062.0783805847168,0.3622605204582214,0.7628805637359619,0.3394409120082855,0.7375544309616089,3.0634002685546875,2.813949584960937,Fixation,875.3124406602648,1052.6470680236816,176.0,4.0,True,5,word,image,11.0
920.0,884.5800018310546,1045.9183502197266,0.352827787399292,0.7850015759468079,0.3455390632152557,0.7263321876525879,3.0274810791015625,2.7722930908203125,Fixation,875.3124406602648,1052.6470680236816,176.0,4.0,True,5,word,image,11.0
924.0,864.8846435546875,1036.2098693847656,0.358956903219223,0.7722299098968506,0.3378455638885498,0.7195901870727539,3.02923583984375,2.758514404296875,Fixation,875.3124406602648,1052.6470680236816,176.0,4.0,True,5,word,image,11.0
928.0,874.5417022705078,1049.56787109375,0.3550691306591034,0.7620213031768799,0.3416178524494171,0.7288665771484375,3.0470428466796875,2.78167724609375,Fixation,875.3124406602648,1052.6470680236816,176.0,4.0,True,5,word,image,11.0
932.0,883.521728515625,1046.7694473266602,0.3507126569747925,0.8155548572540283,0.345125675201416,0.7269232273101807,2.9095611572265625,2.76251220703125,Fixation,875.3124406602648,1052.6470680236816,176.0,4.0,True,5,word,image,11.0
936.0,875.3447723388672,1047.7861976623535,0.3580274581909179,0.8132463693618774,0.34193155169487,0.7276293039321899,2.96173095703125,2.7401123046875,Fixation,875.3124406602648,1052.6470680236816,176.0,4.0,True,5,word,image,11.0
940.0,882.7827453613281,1051.3812160491943,0.3559152781963348,0.8104079365730286,0.3448370099067688,0.7301258444786072,2.924057006835937,2.791168212890625,Fixation,875.3124406602648,1052.6470680236816,176.0,4.0,True,5,word,image,11.0
944.0,885.187530517578,1041.094150543213,0.3616586625576019,0.7616564631462097,0.3457763791084289,0.7229820489883423,3.058990478515625,2.786361694335937,Fixation,875.3124406602648,1052.6470680236816,176.0,4.0,True,5,word,image,11.0
948.0,860.938720703125,1050.0448322296143,0.359494537115097,0.8249018788337708,0.3363041877746582,0.7291978001594543,2.8979949951171875,2.757171630859375,Fixation,875.3124406602648,1052.6470680236816,176.0,4.0,True,5,word,image,11.0
952.0,869.7528839111327,1063.0872344970703,0.3615777790546417,0.7921441197395325,0.3397472202777862,0.7382550239562988,2.996856689453125,2.7904205322265625,Fixation,875.3124406602648,1052.6470680236816,176.0,4.0,True,5,word,image,11.0
956.0,883.7532806396483,1057.1503257751465,0.3588398396968841,0.773772120475769,0.3452161252498626,0.7341321706771851,3.0595245361328125,2.80670166015625,Fixation,875.3124406602648,1052.6470680236816,176.0,4.0,True,5,word,image,11.0
960.0,864.2981719970703,1051.9622039794922,0.3579780757427215,0.7751848697662354,0.3376164734363556,0.7305293083190918,2.9991912841796875,2.764877319335937,Fixation,875.3124406602648,1052.6470680236816,176.0,4.0,True,5,word,image,11.0
964.0,858.794937133789,1032.6634311676025,0.3561408519744873,0.7979705333709717,0.3354667723178863,0.7171273827552795,2.988037109375,2.7580108642578125,Fixation,875.3124406602648,1052.6470680236816,176.0,4.0,True,5,word,image,11.0
968.0,872.0989990234375,1044.262933731079,0.3577090203762054,0.7822629809379578,0.3406636714935303,0.7251825928688049,3.0034942626953125,2.78179931640625,Fixation,875.3124406602648,1052.6470680236816,176.0,4.0,True,5,word,image,11.0
972.0,879.0393829345702,1043.3174228668213,0.3562977313995361,0.7874360084533691,0.3433747589588165,0.7245259881019592,3.0116119384765625,2.7943572998046875,Fixation,875.3124406602648,1052.6470680236816,176.0,4.0,True,5,word,image,11.0
976.0,868.8947296142577,1056.066026687622,0.3532016277313232,0.7892107963562012,0.3394120037555694,0.7333791851997375,3.010284423828125,2.7620391845703125,Fixation,875.3124406602648,1052.6470680236816,176.0,4.0,True,5,word,image,11.0
980.0,870.9386444091797,1044.785385131836,0.3460774719715118,0.7484749555587769,0.3402104079723358,0.7255454063415527,3.068344116210937,2.7734527587890625,Fixation,875.3124406602648,1052.6470680236816,176.0,4.0,True,5,word,image,11.0
984.0,857.2550964355469,1051.0703372955322,0.3401118218898773,0.7396346926689148,0.3348652720451355,0.7299099564552307,3.129119873046875,2.785995483398437,Fixation,875.3124406602648,1052.6470680236816,176.0,4.0,True,5,word,image,11.0
988.0,809.6013641357422,1074.402551651001,0.3295004069805145,0.7791121602058411,0.3162505328655243,0.7461128830909729,3.0210723876953125,2.778427124023437,Fixation,875.3124406602648,1052.6470680236816,176.0,4.0,True,5,word,image,11.0
992.0,770.6374359130859,1058.3856010437012,0.3257649540901184,0.7741331458091736,0.3010302484035492,0.7349900007247925,3.0244598388671875,2.752593994140625,Fixation,763.220234185877,1060.074539856172,280.0,5.0,True,6,word,image,11.0
996.0,767.0664215087891,1066.3275146484375,0.3084603250026703,0.8192499279975891,0.2996353209018707,0.7405052185058594,2.887557983398437,2.827987670898437,Fixation,763.220234185877,1060.074539856172,280.0,5.0,True,6,word,image,11.0
1000.0,751.1347198486328,1062.2030925750732,0.320108562707901,0.7862080931663513,0.2934119999408722,0.7376410365104675,3.0262908935546875,2.791961669921875,Fixation,763.220234185877,1060.074539856172,280.0,5.0,True,6,word,image,11.0
1004.0,761.2416076660155,1050.4243755340576,0.3036442697048187,0.8208025097846985,0.2973600029945373,0.7294613718986511,2.886077880859375,2.766998291015625,Fixation,763.220234185877,1060.074539856172,280.0,5.0,True,6,word,image,11.0
1008.0,762.5557708740234,1055.9396839141846,0.3122186958789825,0.7962087988853455,0.2978733479976654,0.7332914471626282,2.963485717773437,2.790878295898437,Fixation,763.220234185877,1060.074539856172,280.0,5.0,True,6,word,image,11.0
1012.0,761.5817260742188,1059.0174865722656,0.3063085973262787,0.8211430311203003,0.2974928617477417,0.7354288101196289,2.8854217529296875,2.7921142578125,Fixation,763.220234185877,1060.074539856172,280.0,5.0,True,6,word,image,11.0
1016.0,757.5952911376952,1045.0130939483643,0.3187452256679535,0.7942569255828857,0.2959356606006622,0.7257035374641418,2.983871459960937,2.8157501220703125,Fixation,763.220234185877,1060.074539856172,280.0,5.0,True,6,word,image,11.0
1020.0,767.9935455322266,1055.8995151519775,0.3203521966934204,0.7986897826194763,0.299997478723526,0.7332635521888733,2.967437744140625,2.8200225830078125,Fixation,763.220234185877,1060.074539856172,280.0,5.0,True,6,word,image,11.0
1024.0,741.6975402832031,1068.7900829315186,0.3104396760463714,0.7986139059066772,0.2897256016731262,0.7422153353691101,2.957305908203125,2.7746734619140625,Fixation,763.220234185877,1060.074539856172,280.0,5.0,True,6,word,image,11.0
1028.0,733.7349700927734,1062.3803329467773,0.3151342570781708,0.796107828617096,0.2866152226924896,0.7377641201019287,2.9952850341796875,2.7956085205078125,Fixation,763.220234185877,1060.074539856172,280.0,5.0,True,6,word,image,11.0
1032.0,763.9524841308593,1064.450912475586,0.3126126825809479,0.7719374299049377,0.2984189391136169,0.7392020225524902,3.025909423828125,2.79052734375,Fixation,763.220234185877,1060.074539856172,280.0,5.0,True,6,word,image,11.0
1036.0,761.4952087402343,1050.7971382141113,0.317603588104248,0.7970207929611206,0.297459065914154,0.7297202348709106,2.9983367919921875,2.7865753173828125,Fixation,763.220234185877,1060.074539856172,280.0,5.0,True,6,word,image,11.0
1040.0,757.8907775878906,1065.3636360168457,0.3032022714614868,0.8050540089607239,0.2960510849952698,0.7398358583450317,2.959823608398437,2.8010711669921875,Fixation,763.220234185877,1060.074539856172,280.0,5.0,True,6,word,image,11.0
1044.0,761.3673400878906,1069.7722434997559,0.3151349425315857,0.7884924411773682,0.2974091172218323,0.7428973913192749,3.00714111328125,2.821563720703125,Fixation,763.220234185877,1060.074539856172,280.0,5.0,True,6,word,image,11.0
1048.0,771.3617706298828,1060.936574935913,0.3109191060066223,0.7925410270690918,0.301313191652298,0.7367615103721619,3.014511108398437,2.8203582763671875,Fixation,763.220234185877,1060.074539856172,280.0,5.0,True,6,word,image,11.0
1052.0,768.51806640625,1066.0325145721436,0.3105238378047943,0.7760235667228699,0.3002023696899414,0.7403003573417664,3.040130615234375,2.790283203125,Fixation,763.220234185877,1060.074539856172,280.0,5.0,True,6,word,image,11.0
1056.0,745.9637451171874,1062.8487968444824,0.3114473521709442,0.805854320526123,0.2913920879364013,0.7380894422531128,2.967437744140625,2.796783447265625,Fixation,763.220234185877,1060.074539856172,280.0,5.0,True,6,word,image,11.0
1060.0,752.7520751953124,1050.0218296051025,0.3152494430541992,0.806538462638855,0.2940437793731689,0.7291818261146545,2.974212646484375,2.814361572265625,Fixation,763.220234185877,1060.074539856172,280.0,5.0,True,6,word,image,11.0
1064.0,755.121841430664,1063.512954711914,0.3097657561302185,0.787276566028595,0.2949694693088531,0.7385506629943848,2.9782867431640625,2.82794189453125,Fixation,763.220234185877,1060.074539856172,280.0,5.0,True,6,word,image,11.0
1068.0,761.0771942138671,1055.9465503692627,0.3144850432872772,0.7837187051773071,0.2972957789897918,0.7332962155342102,3.0477752685546875,2.780502319335937,Fixation,763.220234185877,1060.074539856172,280.0,5.0,True,6,word,image,11.0
1072.0,777.3162841796874,1070.375633239746,0.3054108619689941,0.8087415099143982,0.3036391735076904,0.7433164119720459,2.9560699462890625,2.820831298828125,Fixation,763.220234185877,1060.074539856172,280.0,5.0,True,6,word,image,11.0
1076.0,762.1352386474608,1042.3877048492432,0.3079266846179962,0.8244709968566895,0.2977090775966644,0.7238803505897522,2.927154541015625,2.7975616455078125,Fixation,763.220234185877,1060.074539856172,280.0,5.0,True,6,word,image,11.0
1080.0,768.7995910644531,1056.3565635681152,0.3061526119709015,0.789923369884491,0.300312340259552,0.7335809469223022,2.9814605712890625,2.83599853515625,Fixation,763.220234185877,1060.074539856172,280.0,5.0,True,6,word,image,11.0
1084.0,774.9584197998047,1038.1887817382812,0.3078387677669525,0.8223164677619934,0.3027181327342987,0.7209644317626953,2.9326629638671875,2.819091796875,Fixation,763.220234185877,1060.074539856172,280.0,5.0,True,6,word,image,11.0
1088.0,742.5434875488281,1050.395793914795,0.3168103694915771,0.7906337380409241,0.290056049823761,0.7294415235519409,3.049057006835937,2.8139190673828125,Fixation,763.220234185877,1060.074539856172,280.0,5.0,True,6,word,image,11.0
1092.0,753.0755615234375,1036.0072231292725,0.3064659535884857,0.8196380734443665,0.2941701412200928,0.7194494605064392,2.9563140869140625,2.79840087890625,Fixation,763.220234185877,1060.074539856172,280.0,5.0,True,6,word,image,11.0
1096.0,746.3891601562499,1056.1359786987305,0.3063744306564331,0.807571291923523,0.2915582656860351,0.7334277629852295,2.984115600585937,2.807113647460937,Fixation,763.220234185877,1060.074539856172,280.0,5.0,True,6,word,image,11.0
1100.0,763.0705261230469,1042.7961730957031,0.3096221685409546,0.7959749102592468,0.2980744242668152,0.7241640090942383,3.0223846435546875,2.773681640625,Fixation,763.220234185877,1060.074539856172,280.0,5.0,True,6,word,image,11.0
1104.0,762.6865386962891,1065.6730556488037,0.3041791319847107,0.8164083957672119,0.2979244291782379,0.740050733089447,2.9429473876953125,2.84979248046875,Fixation,763.220234185877,1060.074539856172,280.0,5.0,True,6,word,image,11.0
1108.0,753.1214141845703,1068.123779296875,0.3101944327354431,0.8058924674987793,0.2941880524158478,0.7417526245117188,3.0187530517578125,2.821884155273437,Fixation,763.220234185877,1060.074539856172,280.0,5.0,True,6,word,image,11.0
1112.0,765.8374786376952,1053.069248199463,0.3072319328784942,0.806806206703186,0.2991552650928497,0.7312980890274048,3.0083465576171875,2.835678100585937,Fixation,763.220234185877,1060.074539856172,280.0,5.0,True,6,word,image,11.0
1116.0,749.1632080078124,1050.106544494629,0.3047979176044464,0.8102523684501648,0.2926418781280517,0.7292406558990479,3.0182647705078125,2.8347625732421875,Fixation,763.220234185877,1060.074539856172,280.0,5.0,True,6,word,image,11.0
1120.0,760.0096893310546,1049.8604679107666,0.3105435371398926,0.8102186322212219,0.2968787848949432,0.7290697693824768,3.0062408447265625,2.80657958984375,Fixation,763.220234185877,1060.074539856172,280.0,5.0,True,6,word,image,11.0
1124.0,741.3175964355469,1057.6818752288818,0.3068241775035858,0.8001728057861328,0.2895771861076355,0.734501302242279,3.0266876220703125,2.83782958984375,Fixation,763.220234185877,1060.074539856172,280.0,5.0,True,6,word,image,11.0
1128.0,757.8783416748047,1057.703161239624,0.3080894649028778,0.7905086278915405,0.2960462272167206,0.7345160841941833,3.040756225585937,2.855575561523437,Fixation,763.220234185877,1060.074539856172,280.0,5.0,True,6,word,image,11.0
1132.0,772.7806854248046,1075.4217052459717,0.3077883124351501,0.8081583380699158,0.3018674552440643,0.7468206286430359,3.028671264648437,2.88348388671875,Fixation,763.220234185877,1060.074539856172,280.0,5.0,True,6,word,image,11.0
1136.0,769.2751312255859,1078.0143070220947,0.2984177470207214,0.8129547238349915,0.3004980981349945,0.7486210465431213,2.98858642578125,2.896469116210937,Fixation,763.220234185877,1060.074539856172,280.0,5.0,True,6,word,image,11.0
1140.0,761.8891143798828,1063.644962310791,0.3104065358638763,0.7938188910484314,0.2976129353046417,0.7386423349380493,3.057846069335937,2.84136962890625,Fixation,763.220234185877,1060.074539856172,280.0,5.0,True,6,word,image,11.0
1144.0,752.2909545898438,1069.3845462799072,0.3167133629322052,0.8055821061134338,0.2938636541366577,0.7426281571388245,3.049072265625,2.84368896484375,Fixation,763.220234185877,1060.074539856172,280.0,5.0,True,6,word,image,11.0
1148.0,766.0944366455078,1061.0180282592773,0.3089976608753204,0.7908907532691956,0.2992556393146515,0.7368180751800537,3.069244384765625,2.83612060546875,Fixation,763.220234185877,1060.074539856172,280.0,5.0,True,6,word,image,11.0
1152.0,757.2597503662108,1059.1040897369385,0.3111372292041778,0.8044812679290771,0.2958045899868011,0.7354889512062073,3.0471954345703125,2.84283447265625,Fixation,763.220234185877,1060.074539856172,280.0,5.0,True,6,word,image,11.0
1156.0,757.9796600341796,1063.0855178833008,0.3091951906681061,0.8178322911262512,0.2960858047008514,0.7382538318634033,3.01318359375,2.8199615478515625,Fixation,763.220234185877,1060.074539856172,280.0,5.0,True,6,word,image,11.0
1160.0,757.1568298339843,1078.981876373291,0.3080215156078338,0.7861485481262207,0.2957643866539001,0.7492929697036743,3.065170288085937,2.8451080322265625,Fixation,763.220234185877,1060.074539856172,280.0,5.0,True,6,word,image,11.0
1164.0,770.7291412353516,1065.5140113830566,0.3067942559719085,0.8263354897499084,0.3010660707950592,0.7399402856826782,2.988632202148437,2.8476104736328125,Fixation,763.220234185877,1060.074539856172,280.0,5.0,True,6,word,image,11.0
1168.0,737.4542999267577,1061.8888664245605,0.320698618888855,0.7811936140060425,0.2880680859088897,0.7374228239059448,3.1242218017578125,2.817291259765625,Fixation,763.220234185877,1060.074539856172,280.0,5.0,True,6,word,image,11.0
1172.0,775.146484375,1065.2267360687256,0.3063153922557831,0.8107017874717712,0.3027915954589844,0.739740788936615,3.034774780273437,2.853485107421875,Fixation,763.220234185877,1060.074539856172,280.0,5.0,True,6,word,image,11.0
1176.0,766.2567138671875,1073.2440948486328,0.3113511502742767,0.7929778695106506,0.2993190288543701,0.7453083992004395,3.0548248291015625,2.824081420898437,Fixation,763.220234185877,1060.074539856172,280.0,5.0,True,6,word,image,11.0
1180.0,760.2483367919921,1051.5059280395508,0.3105115592479706,0.7787058353424072,0.2969720065593719,0.7302124500274658,3.0804595947265625,2.83587646484375,Fixation,763.220234185877,1060.074539856172,280.0,5.0,True,6,word,image,11.0
1184.0,779.7467041015624,1068.8367748260498,0.3052777647972107,0.8099889159202576,0.3045885562896728,0.7422477602958679,3.0043182373046875,2.841400146484375,Fixation,763.220234185877,1060.074539856172,280.0,5.0,True,6,word,image,11.0
1188.0,751.7692565917968,1076.226282119751,0.3086996674537658,0.7993752956390381,0.2936598658561706,0.7473793625831604,3.0500030517578125,2.85308837890625,Fixation,763.220234185877,1060.074539856172,280.0,5.0,True,6,word,image,11.0
1192.0,763.1990814208983,1050.9494876861572,0.3069937825202942,0.7731496095657349,0.2981246411800384,0.729826033115387,3.082138061523437,2.847640991210937,Fixation,763.220234185877,1060.074539856172,280.0,5.0,True,6,word,image,11.0
1196.0,779.8074340820311,1052.2594356536865,0.3093428313732147,0.776636004447937,0.3046122789382934,0.730735719203949,3.0844879150390625,2.8496246337890625,Fixation,763.220234185877,1060.074539856172,280.0,5.0,True,6,word,image,11.0
1200.0,771.5358734130859,1060.9431838989258,0.306644856929779,0.7880316376686096,0.3013812005519867,0.7367660999298096,3.0807342529296875,2.82281494140625,Fixation,763.220234185877,1060.074539856172,280.0,5.0,True,6,word,image,11.0
1204.0,754.9923706054686,1056.4151000976562,0.3118626773357391,0.7901189923286438,0.2949188947677612,0.7336215972900391,3.055892944335937,2.83868408203125,Fixation,763.220234185877,1060.074539856172,280.0,5.0,True,6,word,image,11.0
1208.0,756.3420867919921,1055.181541442871,0.3063129782676697,0.7737835049629211,0.2954461276531219,0.7327649593353271,3.1306915283203125,2.826873779296875,Fixation,763.220234185877,1060.074539856172,280.0,5.0,True,6,word,image,11.0
1212.0,762.4208831787108,1061.0384559631348,0.3045331537723541,0.7909582257270813,0.2978206574916839,0.7368322610855103,3.0565185546875,2.852401733398437,Fixation,763.220234185877,1060.074539856172,280.0,5.0,True,6,word,image,11.0
1216.0,753.3747100830078,1061.1028289794922,0.304685115814209,0.8033594489097595,0.2942869961261749,0.7368769645690918,3.0153961181640625,2.829925537109375,Fixation,763.220234185877,1060.074539856172,280.0,5.0,True,6,word,image,11.0
1220.0,772.1459197998047,1070.291862487793,0.3087632954120636,0.8022313117980957,0.3016194999217987,0.7432582378387451,3.0782928466796875,2.8958282470703125,Fixation,763.220234185877,1060.074539856172,280.0,5.0,True,6,word,image,11.0
1224.0,778.7466430664061,1063.2399272918701,0.3082140684127807,0.7824170589447021,0.3041979074478149,0.7383610606193542,3.070556640625,2.848846435546875,Fixation,763.220234185877,1060.074539856172,280.0,5.0,True,6,word,image,11.0
1228.0,778.8427734374999,1059.6753787994385,0.307492733001709,0.8012195229530334,0.3042354583740234,0.7358856797218323,3.0821685791015625,2.88641357421875,Fixation,763.220234185877,1060.074539856172,280.0,5.0,True,6,word,image,11.0
1232.0,776.5746307373046,1053.969440460205,0.3022676706314087,0.8006280064582825,0.3033494651317596,0.7319232225418091,3.035400390625,2.84747314453125,Fixation,763.220234185877,1060.074539856172,280.0,5.0,True,6,word,image,11.0
1236.0,786.9189453125,1066.0155200958252,0.2999043762683868,0.8061613440513611,0.3073902130126953,0.7402885556221008,3.0268096923828125,2.8867950439453125,Fixation,763.220234185877,1060.074539856172,280.0,5.0,True,6,word,image,11.0
1240.0,766.5599822998047,1068.8533401489258,0.3007988333702087,0.8041514158248901,0.2994374930858612,0.7422592639923096,3.0341033935546875,2.8919677734375,Fixation,763.220234185877,1060.074539856172,280.0,5.0,True,6,word,image,11.0
1244.0,770.8685302734375,1062.5574016571045,0.310589998960495,0.7984503507614136,0.3011205196380615,0.7378870844841003,3.07232666015625,2.8879547119140625,Fixation,763.220234185877,1060.074539856172,280.0,5.0,True,6,word,image,11.0
1248.0,759.4014739990233,1066.0300254821777,0.3123853504657745,0.776860237121582,0.2966412007808685,0.7402986288070679,3.1253814697265625,2.8506317138671875,Fixation,763.220234185877,1060.074539856172,280.0,5.0,True,6,word,image,11.0
1252.0,783.4669494628905,1063.1245708465576,0.3056159019470215,0.791614830493927,0.3060417771339416,0.7382809519767761,3.098907470703125,2.910186767578125,Fixation,763.220234185877,1060.074539856172,280.0,5.0,True,6,word,image,11.0
1256.0,767.0953369140624,1079.7867965698242,0.306017518043518,0.8106864094734192,0.2996466159820556,0.7498519420623779,3.0300750732421875,2.9312286376953125,Fixation,763.220234185877,1060.074539856172,280.0,5.0,True,6,word,image,11.0
1260.0,766.1175537109374,1068.9620876312256,0.3128884136676788,0.7790358662605286,0.2992646694183349,0.74233478307724,3.134262084960937,2.8858184814453125,Fixation,763.220234185877,1060.074539856172,280.0,5.0,True,6,word,image,11.0
1264.0,744.6444702148436,1049.7263145446777,0.3033927381038666,0.8282223343849182,0.2908767461776733,0.7289766073226929,3.0237579345703125,2.87518310546875,Fixation,763.220234185877,1060.074539856172,280.0,5.0,True,6,word,image,11.0
1268.0,779.3906402587891,1049.6496677398682,0.309735357761383,0.8267219662666321,0.3044494688510895,0.7289233803749084,3.01055908203125,2.8731231689453125,Fixation,763.220234185877,1060.074539856172,280.0,5.0,True,6,word,image,11.0
1272.0,827.0707702636719,1045.4963207244873,0.3246435225009918,0.8069570660591125,0.3230745196342468,0.7260391116142273,3.108642578125,2.8794403076171875,Fixation,763.220234185877,1060.074539856172,280.0,5.0,True,6,word,image,11.0
1276.0,886.7057037353516,1047.5704193115234,0.3456311821937561,0.8192084431648254,0.3463694155216217,0.7274794578552246,3.0155792236328125,2.9039306640625,Fixation,963.5585909111555,1047.3557747242062,168.0,6.0,True,7,word,image,11.0
1280.0,917.1623992919921,1029.142141342163,0.3634664714336395,0.7922471761703491,0.3582665622234344,0.7146820425987244,3.099365234375,2.8882598876953125,Fixation,963.5585909111555,1047.3557747242062,168.0,6.0,True,7,word,image,11.0
1284.0,930.2569580078124,1042.6247692108154,0.3711204826831817,0.7825966477394104,0.3633816242218017,0.7240449786186218,3.166839599609375,2.8773193359375,Fixation,963.5585909111555,1047.3557747242062,168.0,6.0,True,7,word,image,11.0
1288.0,935.15380859375,1058.7354469299316,0.3643229305744171,0.7984343767166138,0.3652944564819336,0.735232949256897,3.0765838623046875,2.8984527587890625,Fixation,963.5585909111555,1047.3557747242062,168.0,6.0,True,7,word,image,11.0
1292.0,939.8623657226562,1043.7059783935547,0.3729409277439117,0.7740764021873474,0.3671337366104126,0.7247958183288574,3.1314849853515625,2.88409423828125,Fixation,963.5585909111555,1047.3557747242062,168.0,6.0,True,7,word,image,11.0
1296.0,972.0921325683594,1039.1900825500488,0.376638114452362,0.78648841381073,0.3797234892845154,0.721659779548645,3.102767944335937,2.896209716796875,Fixation,963.5585909111555,1047.3557747242062,168.0,6.0,True,7,word,image,11.0
1300.0,973.3847808837891,1036.8692207336426,0.392810970544815,0.7509400248527527,0.3802284300327301,0.7200480699539185,3.191314697265625,2.912139892578125,Fixation,963.5585909111555,1047.3557747242062,168.0,6.0,True,7,word,image,11.0
1304.0,967.0700073242186,1036.41526222229,0.390751838684082,0.7659202218055725,0.3777617216110229,0.7197328209877014,3.194000244140625,2.9058990478515625,Fixation,963.5585909111555,1047.3557747242062,168.0,6.0,True,7,word,image,11.0
1308.0,958.6017608642578,1044.8884677886963,0.3845708668231964,0.7875848412513733,0.3744538128376007,0.725616991519928,3.1160888671875,2.9266510009765625,Fixation,963.5585909111555,1047.3557747242062,168.0,6.0,True,7,word,image,11.0
1312.0,968.0747222900391,1040.5432033538818,0.385423868894577,0.804655909538269,0.3781541883945465,0.722599446773529,3.0863037109375,2.918685913085937,Fixation,963.5585909111555,1047.3557747242062,168.0,6.0,True,7,word,image,11.0
1316.0,965.3802490234375,1021.4465618133545,0.3920795023441314,0.7750747203826904,0.3771016597747803,0.7093378901481628,3.1601715087890625,2.913558959960937,Fixation,963.5585909111555,1047.3557747242062,168.0,6.0,True,7,word,image,11.0
1320.0,966.3920593261719,1038.1523895263672,0.3862754106521606,0.7694454789161682,0.3774968981742859,0.7209391593933105,3.158935546875,2.9048004150390625,Fixation,963.5585909111555,1047.3557747242062,168.0,6.0,True,7,word,image,11.0
1324.0,959.3434906005859,1058.3168506622314,0.3911567330360412,0.7625732421875,0.3747435510158539,0.7349422574043274,3.213714599609375,2.9031219482421875,Fixation,963.5585909111555,1047.3557747242062,168.0,6.0,True,7,word,image,11.0
1328.0,966.8837738037109,1040.4701614379883,0.3879604041576385,0.758266270160675,0.3776889741420746,0.7225487232208252,3.203582763671875,2.9322662353515625,Fixation,963.5585909111555,1047.3557747242062,168.0,6.0,True,7,word,image,11.0
1332.0,972.0296478271483,1054.1189575195312,0.3955719470977783,0.7737627029418945,0.3796990811824798,0.7320270538330078,3.160430908203125,2.92303466796875,Fixation,963.5585909111555,1047.3557747242062,168.0,6.0,True,7,word,image,11.0
1336.0,969.2364501953124,1050.53071975708,0.3871509134769439,0.8168672919273376,0.3786079883575439,0.7295352220535278,3.0290069580078125,2.87957763671875,Fixation,963.5585909111555,1047.3557747242062,168.0,6.0,True,7,word,image,11.0
1340.0,969.7078704833984,1045.0972080230713,0.3875900506973266,0.7740875482559204,0.3787921369075775,0.7257619500160217,3.1405029296875,2.902740478515625,Fixation,963.5585909111555,1047.3557747242062,168.0,6.0,True,7,word,image,11.0
1344.0,977.4340820312499,1037.9358386993408,0.3934222161769867,0.7795209288597107,0.381810188293457,0.7207887768745422,3.156341552734375,2.9066314697265625,Fixation,963.5585909111555,1047.3557747242062,168.0,6.0,True,7,word,image,11.0
1348.0,957.735595703125,1047.5547122955322,0.3825887739658355,0.7966915369033813,0.3741154670715332,0.7274685502052307,3.1203155517578125,2.87799072265625,Fixation,963.5585909111555,1047.3557747242062,168.0,6.0,True,7,word,image,11.0
1352.0,955.9424591064453,1026.4545249938965,0.3839342892169952,0.7664195895195007,0.3734150230884552,0.7128156423568726,3.205795288085937,2.873626708984375,Fixation,963.5585909111555,1047.3557747242062,168.0,6.0,True,7,word,image,11.0
1356.0,957.7436065673828,1060.8591556549072,0.3804566562175751,0.7879670858383179,0.3741185963153839,0.7367077469825745,3.118026733398437,2.961288452148437,Fixation,963.5585909111555,1047.3557747242062,168.0,6.0,True,7,word,image,11.0
1360.0,973.6558532714844,1047.614107131958,0.3821673989295959,0.7959696650505066,0.3803343176841736,0.7275097966194153,3.1309356689453125,2.878036499023437,Fixation,963.5585909111555,1047.3557747242062,168.0,6.0,True,7,word,image,11.0
1364.0,964.843521118164,1036.430025100708,0.3799881041049957,0.76100754737854,0.3768920004367828,0.7197430729866028,3.1862335205078125,2.888214111328125,Fixation,963.5585909111555,1047.3557747242062,168.0,6.0,True,7,word,image,11.0
1368.0,975.8081054687499,1046.6108322143555,0.3849953114986419,0.7829259634017944,0.3811750411987304,0.7268130779266357,3.1687469482421875,2.9071044921875,Fixation,963.5585909111555,1047.3557747242062,168.0,6.0,True,7,word,image,11.0
1372.0,972.0524597167969,1045.9080505371094,0.3852070271968841,0.8192320466041565,0.3797079920768738,0.7263250350952148,3.0850830078125,2.9083404541015625,Fixation,963.5585909111555,1047.3557747242062,168.0,6.0,True,7,word,image,11.0
1376.0,975.2129364013671,1052.2117137908936,0.3831964135169983,0.7995587587356567,0.380942553281784,0.7307025790214539,3.1230621337890625,2.9177703857421875,Fixation,963.5585909111555,1047.3557747242062,168.0,6.0,True,7,word,image,11.0
1380.0,976.3674163818358,1045.9900188446045,0.3870971500873565,0.7862200736999512,0.3813935220241546,0.7263819575309753,3.155548095703125,2.90771484375,Fixation,963.5585909111555,1047.3557747242062,168.0,6.0,True,7,word,image,11.0
1384.0,967.1871185302733,1031.5765571594238,0.3815935552120209,0.8029066920280457,0.377807468175888,0.7163726091384888,3.0764617919921875,2.9041748046875,Fixation,963.5585909111555,1047.3557747242062,168.0,6.0,True,7,word,image,11.0
1388.0,975.3055572509766,1032.770118713379,0.3918466567993164,0.7753938436508179,0.3809787333011627,0.7172014713287354,3.169219970703125,2.9005584716796875,Fixation,963.5585909111555,1047.3557747242062,168.0,6.0,True,7,word,image,11.0
1392.0,958.8271331787108,1056.4097785949707,0.3805250227451324,0.8060343265533447,0.3745418488979339,0.733617901802063,3.120513916015625,2.908065795898437,Fixation,963.5585909111555,1047.3557747242062,168.0,6.0,True,7,word,image,11.0
1396.0,973.0683135986327,1046.620273590088,0.3822810351848602,0.8053116202354431,0.3801048099994659,0.726819634437561,3.1130828857421875,2.8915557861328125,Fixation,963.5585909111555,1047.3557747242062,168.0,6.0,True,7,word,image,11.0
1400.0,973.3257293701172,1057.633810043335,0.3803398311138153,0.7731615900993347,0.380205363035202,0.7344679236412048,3.1563262939453125,2.8971099853515625,Fixation,963.5585909111555,1047.3557747242062,168.0,6.0,True,7,word,image,11.0
1404.0,963.6940765380859,1051.008710861206,0.3890500068664551,0.8031081557273865,0.3764429986476898,0.729867160320282,3.078948974609375,2.8975982666015625,Fixation,963.5585909111555,1047.3557747242062,168.0,6.0,True,7,word,image,11.0
1408.0,963.6277008056641,1049.0891933441162,0.3751972615718841,0.7814204096794128,0.3764170706272125,0.7285341620445251,3.1178131103515625,2.8888397216796875,Fixation,963.5585909111555,1047.3557747242062,168.0,6.0,True,7,word,image,11.0
1412.0,971.7353057861327,1054.4482898712158,0.3817293345928192,0.7962411642074585,0.3795841038227081,0.732255756855011,3.093856811523437,2.9354248046875,Fixation,963.5585909111555,1047.3557747242062,168.0,6.0,True,7,word,image,11.0
1416.0,970.8220672607422,1060.8165836334229,0.3812134861946106,0.7894383668899536,0.3792273700237274,0.7366781830787659,3.1491241455078125,2.9362945556640625,Fixation,963.5585909111555,1047.3557747242062,168.0,6.0,True,7,word,image,11.0
1420.0,970.4050445556641,1043.33664894104,0.3831619024276733,0.7797773480415344,0.3790644705295563,0.7245393395423889,3.1574859619140625,2.889999389648437,Fixation,963.5585909111555,1047.3557747242062,168.0,6.0,True,7,word,image,11.0
1424.0,983.3314514160156,1064.7872829437256,0.3796819150447845,0.774434506893158,0.3841138482093811,0.739435613155365,3.1503143310546875,2.88262939453125,Fixation,963.5585909111555,1047.3557747242062,168.0,6.0,True,7,word,image,11.0
1428.0,980.225372314453,1060.9251594543457,0.391815721988678,0.7901575565338135,0.3829005360603332,0.7367535829544067,3.1009979248046875,2.949737548828125,Fixation,963.5585909111555,1047.3557747242062,168.0,6.0,True,7,word,image,11.0
1432.0,973.637466430664,1066.9818878173828,0.3866673707962036,0.7901864647865295,0.3803271353244781,0.740959644317627,3.1151885986328125,2.910491943359375,Fixation,963.5585909111555,1047.3557747242062,168.0,6.0,True,7,word,image,11.0
1436.0,963.9140319824218,1053.6986446380615,0.3838114738464355,0.7900977730751038,0.3765289187431335,0.7317351698875427,3.1356964111328125,2.907562255859375,Fixation,963.5585909111555,1047.3557747242062,168.0,6.0,True,7,word,image,11.0
1440.0,981.6207122802734,1064.789171218872,0.3845067024230957,0.7788993120193481,0.3834455907344818,0.73943692445755,3.1491241455078125,2.9289703369140625,Fixation,963.5585909111555,1047.3557747242062,168.0,6.0,True,7,word,image,11.0
1444.0,958.1581115722655,1066.0193824768066,0.3860214352607727,0.7977973222732544,0.3742805123329162,0.7402912378311157,3.0988922119140625,2.8957977294921875,Fixation,963.5585909111555,1047.3557747242062,168.0,6.0,True,7,word,image,11.0
1448.0,990.9498596191406,1042.1979331970215,0.382420152425766,0.7960872650146484,0.3870897889137268,0.7237485647201538,3.1167755126953125,2.915390014648437,Saccade,,,,0.0,False,8,,,
1452.0,972.7944183349609,1055.081205368042,0.378962367773056,0.7811046242713928,0.3799978196620941,0.7326952815055847,3.1123046875,2.9077606201171875,Saccade,,,,0.0,False,8,,,
1456.0,969.2293548583984,1041.995029449463,0.3908378481864929,0.7657192945480347,0.3786052167415619,0.7236076593399048,3.2132110595703125,2.92547607421875,Saccade,,,,0.0,False,8,,,
1460.0,960.2761840820311,1057.267484664917,0.3901067972183227,0.7791673541069031,0.3751078844070434,0.7342135310173035,3.141448974609375,2.9271697998046875,Saccade,,,,0.0,False,8,,,
1464.0,964.6999359130859,1058.341999053955,0.3924206495285034,0.7696406245231628,0.3768359124660492,0.7349597215652466,3.137542724609375,2.937728881835937,Saccade,,,,0.0,False,8,,,
1468.0,972.3253631591796,1043.8136959075928,0.3933813571929931,0.7794071435928345,0.3798145949840545,0.7248706221580505,3.16973876953125,2.919540405273437,Saccade,,,,0.0,False,8,,,
1472.0,971.0446166992188,1063.712854385376,0.3939801752567291,0.7536184191703796,0.3793143033981323,0.7386894822120667,3.169158935546875,2.923095703125,Saccade,,,,0.0,False,8,,,
1476.0,961.1914062499999,1055.559196472168,0.3896591365337372,0.7803986668586731,0.3754653930664062,0.7330272197723389,3.1698150634765625,2.923004150390625,Saccade,,,,0.0,False,8,,,
1480.0,959.2619323730468,1062.881498336792,0.3916303515434265,0.7704381346702576,0.3747116923332214,0.7381121516227722,3.182968139648437,2.9198455810546875,Saccade,,,,0.0,False,8,,,
1484.0,990.1573181152344,1076.3754558563232,0.3945426344871521,0.7998879551887512,0.3867802023887634,0.74748295545578,3.144500732421875,2.9188232421875,Saccade,,,,0.0,False,8,,,
1488.0,1036.8627166748047,1040.3772068023682,0.4024295508861542,0.7445411086082458,0.4050244987010956,0.7224841713905334,3.24456787109375,2.903472900390625,Saccade,,,,0.0,False,8,,,
1492.0,1081.5016174316406,1046.0782527923584,0.420102447271347,0.7752975225448608,0.4224615693092346,0.7264432311058044,3.1988067626953125,2.9217071533203125,Fixation,1134.8907800622887,1054.586491198153,292.0,7.0,True,9,word,image,11.0
1496.0,1119.6929931640625,1042.3840141296387,0.4289771914482116,0.7991037964820862,0.4373800754547119,0.7238777875900269,3.0885009765625,2.8928985595703125,Fixation,1134.8907800622887,1054.586491198153,292.0,7.0,True,9,word,image,11.0
1500.0,1136.8927764892576,1076.1864566802979,0.4352319538593292,0.7883928418159485,0.4440987408161163,0.7473517060279846,3.136581420898437,2.9283599853515625,Fixation,1134.8907800622887,1054.586491198153,292.0,7.0,True,9,word,image,11.0
1504.0,1125.2651214599607,1062.4902820587158,0.4428663253784179,0.8166921734809875,0.4395566880702972,0.737840473651886,3.0750885009765625,2.896820068359375,Fixation,1134.8907800622887,1054.586491198153,292.0,7.0,True,9,word,image,11.0
1508.0,1121.0765075683594,1067.819938659668,0.4398258328437805,0.7943272590637207,0.4379205107688904,0.7415416240692139,3.1215057373046875,2.915252685546875,Fixation,1134.8907800622887,1054.586491198153,292.0,7.0,True,9,word,image,11.0
1512.0,1129.8114776611328,1077.088623046875,0.4422487020492553,0.8090876340866089,0.44133260846138,0.7479782104492188,3.0915069580078125,2.8970489501953125,Fixation,1134.8907800622887,1054.586491198153,292.0,7.0,True,9,word,image,11.0
1516.0,1128.990707397461,1051.071538925171,0.446540355682373,0.8060861825942993,0.4410119950771332,0.7299107909202576,3.089691162109375,2.883529663085937,Fixation,1134.8907800622887,1054.586491198153,292.0,7.0,True,9,word,image,11.0
1520.0,1125.1044464111326,1059.9775886535645,0.4535861611366272,0.7794508337974548,0.4394939243793487,0.7360955476760864,3.14813232421875,2.892333984375,Fixation,1134.8907800622887,1054.586491198153,292.0,7.0,True,9,word,image,11.0
1524.0,1118.9348602294922,1062.819528579712,0.4402929544448852,0.7818769216537476,0.4370839297771454,0.7380691170692444,3.14239501953125,2.912933349609375,Fixation,1134.8907800622887,1054.586491198153,292.0,7.0,True,9,word,image,11.0
1528.0,1136.5779113769531,1081.534824371338,0.4442940950393677,0.7904059290885925,0.4439757466316223,0.7510658502578735,3.117218017578125,2.9209747314453125,Fixation,1134.8907800622887,1054.586491198153,292.0,7.0,True,9,word,image,11.0
1532.0,1122.4438476562498,1048.3681297302246,0.4470306634902954,0.7930022478103638,0.4384546279907226,0.7280334234237671,3.100692749023437,2.8769073486328125,Fixation,1134.8907800622887,1054.586491198153,292.0,7.0,True,9,word,image,11.0
1536.0,1125.4028320312498,1065.0747299194336,0.4524616003036499,0.8009011149406433,0.439610481262207,0.7396352291107178,3.141845703125,2.924652099609375,Fixation,1134.8907800622887,1054.586491198153,292.0,7.0,True,9,word,image,11.0
1540.0,1125.178985595703,1051.3506603240967,0.4508093297481537,0.7965667247772217,0.4395230412483215,0.7301046252250671,3.103912353515625,2.9110260009765625,Fixation,1134.8907800622887,1054.586491198153,292.0,7.0,True,9,word,image,11.0
1544.0,1127.1581268310545,1073.3765316009521,0.4484881460666656,0.7946230173110962,0.4402961432933807,0.7454003691673279,3.1003875732421875,2.925079345703125,Fixation,1134.8907800622887,1054.586491198153,292.0,7.0,True,9,word,image,11.0
1548.0,1119.4612121582031,1067.1142387390137,0.4425913095474243,0.8019518256187439,0.4372895359992981,0.7410515546798706,3.099349975585937,2.9029083251953125,Fixation,1134.8907800622887,1054.586491198153,292.0,7.0,True,9,word,image,11.0
1552.0,1123.8951873779297,1039.8611068725586,0.4456465542316437,0.7912129759788513,0.4390215575695038,0.722125768661499,3.097412109375,2.89935302734375,Fixation,1134.8907800622887,1054.586491198153,292.0,7.0,True,9,word,image,11.0
1556.0,1117.9841613769531,1058.0357551574707,0.44470876455307,0.8165769577026367,0.4367125630378723,0.734747052192688,3.078460693359375,2.896469116210937,Fixation,1134.8907800622887,1054.586491198153,292.0,7.0,True,9,word,image,11.0
1560.0,1117.2879791259766,1036.8535995483398,0.4461901783943176,0.7696904540061951,0.4364406168460846,0.7200372219085693,3.139389038085937,2.891845703125,Fixation,1134.8907800622887,1054.586491198153,292.0,7.0,True,9,word,image,11.0
1564.0,1121.576461791992,1055.4887294769287,0.443818986415863,0.7925609350204468,0.4381158053874969,0.7329782843589783,3.104736328125,2.8883819580078125,Fixation,1134.8907800622887,1054.586491198153,292.0,7.0,True,9,word,image,11.0
1568.0,1134.3701934814453,1044.8154258728027,0.4455288350582123,0.7984078526496887,0.4431133568286896,0.7255662679672241,3.0918731689453125,2.90716552734375,Fixation,1134.8907800622887,1054.586491198153,292.0,7.0,True,9,word,image,11.0
1572.0,1144.4091033935547,1069.4242000579834,0.4449794292449951,0.7755843997001648,0.4470348060131073,0.7426556944847107,3.149017333984375,2.8790283203125,Fixation,1134.8907800622887,1054.586491198153,292.0,7.0,True,9,word,image,11.0
1576.0,1139.866485595703,1055.0743389129639,0.4574716091156006,0.791106641292572,0.4452603459358215,0.7326905131340027,3.157989501953125,2.919708251953125,Fixation,1134.8907800622887,1054.586491198153,292.0,7.0,True,9,word,image,11.0
1580.0,1131.9379425048826,1050.6567192077637,0.4511328339576721,0.7950401306152344,0.4421632587909698,0.7296227216720581,3.068634033203125,2.926910400390625,Fixation,1134.8907800622887,1054.586491198153,292.0,7.0,True,9,word,image,11.0
1584.0,1154.1234588623045,1034.5632934570312,0.4603044390678406,0.7577244639396667,0.4508294761180877,0.7184467315673828,3.210205078125,2.9303131103515625,Fixation,1134.8907800622887,1054.586491198153,292.0,7.0,True,9,word,image,11.0
1588.0,1144.2458343505857,1037.3731327056885,0.4509298205375671,0.7787219285964966,0.4469710290431976,0.7203980088233948,3.166290283203125,2.930908203125,Fixation,1134.8907800622887,1054.586491198153,292.0,7.0,True,9,word,image,11.0
1592.0,1153.5930633544922,1058.7633419036865,0.4512359201908111,0.7884474992752075,0.4506222903728485,0.735252320766449,3.1152496337890625,2.920379638671875,Fixation,1134.8907800622887,1054.586491198153,292.0,7.0,True,9,word,image,11.0
1596.0,1142.9380035400388,1042.7037334442139,0.4535019695758819,0.7906937599182129,0.4464601576328277,0.7240998148918152,3.126922607421875,2.891815185546875,Fixation,1134.8907800622887,1054.586491198153,292.0,7.0,True,9,word,image,11.0
1600.0,1141.0965728759763,1041.7744445800781,0.4499549269676208,0.774445652961731,0.4457408487796783,0.723454475402832,3.1488037109375,2.9223785400390625,Fixation,1134.8907800622887,1054.586491198153,292.0,7.0,True,9,word,image,11.0
1604.0,1146.3721466064453,1062.4301147460938,0.4466407299041748,0.7899587154388428,0.4478016197681427,0.7377986907958984,3.103759765625,2.9264678955078125,Fixation,1134.8907800622887,1054.586491198153,292.0,7.0,True,9,word,image,11.0
1608.0,1144.2962646484375,1048.9023399353027,0.4500928521156311,0.7855951189994812,0.4469907283782959,0.7284044027328491,3.1131134033203125,2.869293212890625,Fixation,1134.8907800622887,1054.586491198153,292.0,7.0,True,9,word,image,11.0
1612.0,1129.6122741699216,1032.5509929656982,0.4449837803840637,0.7644728422164917,0.4412547945976257,0.7170493006706238,3.18890380859375,2.9148101806640625,Fixation,1134.8907800622887,1054.586491198153,292.0,7.0,True,9,word,image,11.0
1616.0,1128.5933685302732,1049.639539718628,0.438323438167572,0.7932837009429932,0.440856784582138,0.728916347026825,3.0889434814453125,2.9019927978515625,Fixation,1134.8907800622887,1054.586491198153,292.0,7.0,True,9,word,image,11.0
1620.0,1128.2753753662107,1056.353816986084,0.4457568824291229,0.7878649830818176,0.4407325685024261,0.7335790395736694,3.139511108398437,2.9055328369140625,Fixation,1134.8907800622887,1054.586491198153,292.0,7.0,True,9,word,image,11.0
1624.0,1141.8808746337888,1057.3376083374023,0.4423356354236603,0.7839036583900452,0.4460472166538238,0.734262228012085,3.1192779541015625,2.90899658203125,Fixation,1134.8907800622887,1054.586491198153,292.0,7.0,True,9,word,image,11.0
1628.0,1131.5229797363281,1077.7331256866455,0.4460145831108093,0.7802092432975769,0.4420011639595032,0.7484257817268372,3.1354217529296875,2.921295166015625,Fixation,1134.8907800622887,1054.586491198153,292.0,7.0,True,9,word,image,11.0
1632.0,1126.7470550537107,1039.6557140350342,0.4473235309123993,0.7834413647651672,0.4401355683803558,0.7219831347465515,3.1402740478515625,2.9277801513671875,Fixation,1134.8907800622887,1054.586491198153,292.0,7.0,True,9,word,image,11.0
1636.0,1147.903366088867,1052.9679679870605,0.4471561014652252,0.7754829525947571,0.4483997523784637,0.7312277555465698,3.1251220703125,2.922958374023437,Fixation,1134.8907800622887,1054.586491198153,292.0,7.0,True,9,word,image,11.0
1640.0,1154.9339294433591,1066.1443519592285,0.4457930326461792,0.7760108709335327,0.4511460661888122,0.7403780221939087,3.1124267578125,2.92138671875,Fixation,1134.8907800622887,1054.586491198153,292.0,7.0,True,9,word,image,11.0
1644.0,1155.6278228759763,1038.0621814727783,0.4548978805541992,0.7798281908035278,0.4514171183109283,0.7208765149116516,3.111541748046875,2.9390411376953125,Fixation,1134.8907800622887,1054.586491198153,292.0,7.0,True,9,word,image,11.0
1648.0,1145.5429077148435,1049.1655826568604,0.4504289627075195,0.7964255213737488,0.4474776983261108,0.7285872101783752,3.09375,2.915756225585937,Fixation,1134.8907800622887,1054.586491198153,292.0,7.0,True,9,word,image,11.0
1652.0,1159.5607757568357,1036.8333435058594,0.4515393376350403,0.7944808602333069,0.452953428030014,0.7200231552124023,3.0708770751953125,2.92626953125,Fixation,1134.8907800622887,1054.586491198153,292.0,7.0,True,9,word,image,11.0
1656.0,1132.8777313232422,1052.2215843200684,0.4525521993637085,0.7806785106658936,0.4425303637981415,0.730709433555603,3.1324462890625,2.9222412109375,Fixation,1134.8907800622887,1054.586491198153,292.0,7.0,True,9,word,image,11.0
1660.0,1153.1771087646484,1058.6865234375,0.4457472264766693,0.7948609590530396,0.4504598081111908,0.735198974609375,3.111419677734375,2.8925323486328125,Fixation,1134.8907800622887,1054.586491198153,292.0,7.0,True,9,word,image,11.0
1664.0,1122.1527099609375,1047.295160293579,0.4422872066497803,0.7754434943199158,0.4383409023284912,0.7272883057594299,3.16656494140625,2.8990020751953125,Fixation,1134.8907800622887,1054.586491198153,292.0,7.0,True,9,word,image,11.0
1668.0,1120.9027862548828,1037.1717739105225,0.4408731162548065,0.7931588292121887,0.4378526508808136,0.7202581763267517,3.12591552734375,2.884857177734375,Fixation,1134.8907800622887,1054.586491198153,292.0,7.0,True,9,word,image,11.0
1672.0,1121.084060668945,1024.471836090088,0.4453177452087402,0.7878269553184509,0.4379234611988067,0.711438775062561,3.1334381103515625,2.8983917236328125,Fixation,1134.8907800622887,1054.586491198153,292.0,7.0,True,9,word,image,11.0
1676.0,1139.4194030761716,1053.7116050720215,0.4460656642913818,0.7700907588005066,0.4450857043266296,0.7317441701889038,3.159652709960937,2.903900146484375,Fixation,1134.8907800622887,1054.586491198153,292.0,7.0,True,9,word,image,11.0
1680.0,1152.597427368164,1042.867841720581,0.4564231932163238,0.7853026390075684,0.4502333700656891,0.7242137789726257,3.155380249023437,2.8718719482421875,Fixation,1134.8907800622887,1054.586491198153,292.0,7.0,True,9,word,image,11.0
1684.0,1135.1763916015623,1059.7405242919922,0.4587221443653106,0.7784993648529053,0.4434282779693603,0.7359309196472168,3.1468505859375,2.8899383544921875,Fixation,1134.8907800622887,1054.586491198153,292.0,7.0,True,9,word,image,11.0
1688.0,1123.0631256103516,1024.3720149993896,0.4531363546848297,0.8008710741996765,0.4386965334415436,0.7113694548606873,3.085678100585937,2.93890380859375,Fixation,1134.8907800622887,1054.586491198153,292.0,7.0,True,9,word,image,11.0
1692.0,1147.9192352294922,1056.5959453582764,0.449128121137619,0.7893427014350891,0.4484059512615204,0.7337471842765808,3.09259033203125,2.901641845703125,Fixation,1134.8907800622887,1054.586491198153,292.0,7.0,True,9,word,image,11.0
1696.0,1145.8026885986326,1050.078649520874,0.4592411518096924,0.7870094776153564,0.4475791752338409,0.7292212843894958,3.13482666015625,2.869369506835937,Fixation,1134.8907800622887,1054.586491198153,292.0,7.0,True,9,word,image,11.0
1700.0,1160.4531860351562,1039.5633602142334,0.452077567577362,0.7914502024650574,0.4533020257949829,0.7219190001487732,3.1371612548828125,2.898773193359375,Fixation,1134.8907800622887,1054.586491198153,292.0,7.0,True,9,word,image,11.0
1704.0,1153.631591796875,1056.2176036834717,0.4445736408233642,0.7852439284324646,0.4506373405456543,0.7334844470024109,3.086898803710937,2.9217071533203125,Fixation,1134.8907800622887,1054.586491198153,292.0,7.0,True,9,word,image,11.0
1708.0,1153.1523132324219,1073.0327796936035,0.4446980953216553,0.7886977791786194,0.4504501223564148,0.7451616525650024,3.141510009765625,2.902740478515625,Fixation,1134.8907800622887,1054.586491198153,292.0,7.0,True,9,word,image,11.0
1712.0,1129.5219421386719,1080.3068447113037,0.4507711827754974,0.7988975644111633,0.4412195086479187,0.750213086605072,3.10546875,2.934799194335937,Fixation,1134.8907800622887,1054.586491198153,292.0,7.0,True,9,word,image,11.0
1716.0,1136.0667419433591,1059.7974300384521,0.4316069185733795,0.797540009021759,0.4437760710716247,0.7359704375267029,3.087509155273437,2.8890838623046875,Fixation,1134.8907800622887,1054.586491198153,292.0,7.0,True,9,word,image,11.0
1720.0,1120.3479766845703,1050.9845924377441,0.4482592344284057,0.78706294298172,0.4376359283924103,0.7298504114151001,3.150390625,2.874603271484375,Fixation,1134.8907800622887,1054.586491198153,292.0,7.0,True,9,word,image,11.0
1724.0,1136.3290405273435,1061.550350189209,0.4502552151679992,0.7876139283180237,0.4438785314559936,0.7371877431869507,3.11468505859375,2.8997344970703125,Fixation,1134.8907800622887,1054.586491198153,292.0,7.0,True,9,word,image,11.0
1728.0,1128.6224365234375,1057.2360706329346,0.4448673725128174,0.789473295211792,0.4408681392669678,0.7341917157173157,3.1278076171875,2.9019927978515625,Fixation,1134.8907800622887,1054.586491198153,292.0,7.0,True,9,word,image,11.0
1732.0,1121.2634277343748,1043.8740348815918,0.4397553205490112,0.7973207831382751,0.4379935264587402,0.7249125242233276,3.0937042236328125,2.874176025390625,Fixation,1134.8907800622887,1054.586491198153,292.0,7.0,True,9,word,image,11.0
1736.0,1123.0166625976562,1041.4337825775146,0.451200932264328,0.7859265208244324,0.4386783838272095,0.7232179045677185,3.1546783447265625,2.8966522216796875,Fixation,1134.8907800622887,1054.586491198153,292.0,7.0,True,9,word,image,11.0
1740.0,1135.4493713378906,1056.8046855926514,0.4559981822967529,0.7892259359359741,0.4435349106788635,0.7338921427726746,3.14044189453125,2.876571655273437,Fixation,1134.8907800622887,1054.586491198153,292.0,7.0,True,9,word,image,11.0
1744.0,1119.6764373779297,1034.5433807373047,0.4450934827327728,0.8003779053688049,0.4373736083507538,0.7184329032897949,3.096923828125,2.85931396484375,Fixation,1134.8907800622887,1054.586491198153,292.0,7.0,True,9,word,image,11.0
1748.0,1129.4242095947263,1061.6675090789795,0.4487241208553314,0.8149202466011047,0.44118133187294,0.7372691035270691,3.101409912109375,2.9142303466796875,Fixation,1134.8907800622887,1054.586491198153,292.0,7.0,True,9,word,image,11.0
1752.0,1139.1507720947263,1047.6531600952148,0.4480245113372803,0.8056812882423401,0.4449807703495025,0.7275369167327881,3.1054229736328125,2.920684814453125,Fixation,1134.8907800622887,1054.586491198153,292.0,7.0,True,9,word,image,11.0
1756.0,1145.3514099121094,1081.2333011627197,0.4553952217102051,0.8022398352622986,0.4474028944969177,0.7508564591407776,3.11981201171875,2.885223388671875,Fixation,1134.8907800622887,1054.586491198153,292.0,7.0,True,9,word,image,11.0
1760.0,1151.0848999023438,1053.169584274292,0.4479703903198242,0.7731391191482544,0.449642539024353,0.7313677668571472,3.12176513671875,2.904998779296875,Fixation,1134.8907800622887,1054.586491198153,292.0,7.0,True,9,word,image,11.0
1764.0,1152.845764160156,1086.686897277832,0.4576487839221954,0.805378794670105,0.450330376625061,0.7546436786651611,3.0935211181640625,2.938232421875,Fixation,1134.8907800622887,1054.586491198153,292.0,7.0,True,9,word,image,11.0
1768.0,1154.6855163574219,1074.040002822876,0.4414951205253601,0.7959632873535156,0.4510490298271179,0.7458611130714417,3.0823516845703125,2.9042510986328125,Fixation,1134.8907800622887,1054.586491198153,292.0,7.0,True,9,word,image,11.0
1772.0,1142.4747467041016,1050.884599685669,0.4437728822231293,0.8075971603393555,0.4462791979312897,0.7297809720039368,3.0857086181640625,2.871490478515625,Fixation,1134.8907800622887,1054.586491198153,292.0,7.0,True,9,word,image,11.0
1776.0,1147.0893859863281,1077.575969696045,0.4415518641471863,0.8021193146705627,0.4480817914009094,0.7483166456222534,3.0979766845703125,2.8932037353515625,Fixation,1134.8907800622887,1054.586491198153,292.0,7.0,True,9,word,image,11.0
1780.0,1129.3745422363281,1054.1569805145264,0.4390554130077362,0.7940905690193176,0.4411619305610657,0.7320534586906433,3.120590209960937,2.893768310546875,Fixation,1134.8907800622887,1054.586491198153,292.0,7.0,True,9,word,image,11.0
1784.0,1127.045669555664,1063.8741302490234,0.4416627883911133,0.812288224697113,0.4402522146701813,0.7388014793395996,3.0546112060546875,2.8956451416015625,Fixation,1134.8907800622887,1054.586491198153,292.0,7.0,True,9,word,image,11.0
1788.0,1144.4902038574219,1092.6571941375732,0.441575825214386,0.815943717956543,0.4470664858818054,0.7587897181510925,3.0535125732421875,2.918563842773437,Saccade,,,,0.0,False,10,,,
1792.0,1131.781768798828,1037.1656799316406,0.4476363360881805,0.7896024584770203,0.4421022534370422,0.7202539443969727,3.1226959228515625,2.897430419921875,Saccade,,,,0.0,False,10,,,
1796.0,1123.0670166015623,1080.2826404571533,0.4544591903686523,0.8032800555229187,0.4386980533599853,0.7501962780952454,3.0850982666015625,2.882598876953125,Saccade,,,,0.0,False,10,,,
1800.0,1122.547836303711,1060.3270053863525,0.4450665116310119,0.8037330508232117,0.4384952485561371,0.736338198184967,3.086181640625,2.88848876953125,Saccade,,,,0.0,False,10,,,
1804.0,1114.4171142578125,1058.0544662475586,0.4496694505214691,0.80424964427948,0.435319185256958,0.734760046005249,3.0673065185546875,2.896453857421875,Saccade,,,,0.0,False,10,,,
1808.0,1136.0733795166016,1074.748706817627,0.4486764371395111,0.7859402894973755,0.4437786638736725,0.746353268623352,3.09893798828125,2.92333984375,Saccade,,,,0.0,False,10,,,
1812.0,1156.097717285156,1073.0085754394531,0.4562640190124511,0.8024399876594543,0.4516006708145141,0.7451448440551758,3.065643310546875,2.9050445556640625,Saccade,,,,0.0,False,10,,,
1816.0,1199.0678405761716,1082.1463680267334,0.4578133523464203,0.7935853004455566,0.4683858752250671,0.7514905333518982,3.10919189453125,2.919906616210937,Saccade,,,,0.0,False,10,,,
1820.0,1248.22639465332,1079.897174835205,0.4703432917594909,0.7995743751525879,0.4875884354114532,0.7499285936355591,3.09112548828125,2.930419921875,Saccade,,,,0.0,False,10,,,
1824.0,1269.995422363281,1119.4539642333984,0.4869951903820038,0.7952399253845215,0.4960919618606567,0.7773985862731934,3.1501007080078125,2.92230224609375,Saccade,,,,0.0,False,10,,,
1828.0,1266.125564575195,1091.4854335784912,0.5007383227348328,0.7920159101486206,0.4945802986621856,0.7579759955406189,3.1545562744140625,2.920257568359375,Saccade,,,,0.0,False,10,,,
1832.0,1298.62060546875,1086.3471794128418,0.5051358938217163,0.800499439239502,0.5072736740112305,0.7544077634811401,3.1055908203125,2.8983154296875,Saccade,,,,0.0,False,10,,,
1836.0,1309.134521484375,1053.7742614746094,0.5068758726119995,0.8172812461853027,0.511380672454834,0.7317876815795898,3.0681915283203125,2.9696044921875,Saccade,,,,0.0,False,10,,,
1840.0,1315.1319885253906,1082.5501155853271,0.51360023021698,0.802182674407959,0.5137234330177307,0.7517709136009216,3.114608764648437,2.90966796875,Saccade,,,,0.0,False,10,,,
1844.0,1280.1222229003906,1059.7353744506836,0.513637125492096,0.8031165599822998,0.5000477433204651,0.7359273433685303,3.0838623046875,2.9333953857421875,Saccade,,,,0.0,False,10,,,
1848.0,1303.4681701660156,1074.9843120574951,0.5115710496902466,0.7783441543579102,0.5091672539710999,0.7465168833732605,3.1451568603515625,2.8683624267578125,Saccade,,,,0.0,False,10,,,
1852.0,1290.8296203613281,1084.0876007080078,0.5049290060997009,0.7930805087089539,0.5042303204536438,0.7528386116027832,3.10064697265625,2.9227447509765625,Saccade,,,,0.0,False,10,,,
1856.0,1289.8326110839844,1035.527687072754,0.4968530535697937,0.7980388402938843,0.5038408637046814,0.7191164493560791,3.0618133544921875,2.897247314453125,Fixation,1301.1826182520667,1083.0375819982485,168.0,8.0,True,11,word,white,6.0
1860.0,1310.2743530273438,1095.9859657287598,0.5027218461036682,0.8072935938835144,0.5118259191513062,0.7611013650894165,3.062408447265625,2.870574951171875,Fixation,1301.1826182520667,1083.0375819982485,168.0,8.0,True,11,word,white,6.0
1864.0,1289.9681091308594,1098.9419746398926,0.5057603120803833,0.8208039402961731,0.5038937926292419,0.763154149055481,3.0376739501953125,2.9334259033203125,Fixation,1301.1826182520667,1083.0375819982485,168.0,8.0,True,11,word,white,6.0
1868.0,1304.8640441894531,1109.0647602081299,0.5030174851417542,0.7973530292510986,0.5097125172615051,0.7701838612556458,3.1166229248046875,2.8961944580078125,Fixation,1301.1826182520667,1083.0375819982485,168.0,8.0,True,11,word,white,6.0
1872.0,1296.8606567382812,1096.5594005584717,0.5020956993103027,0.8084961175918579,0.5065861940383911,0.7614995837211609,3.0644073486328125,2.906646728515625,Fixation,1301.1826182520667,1083.0375819982485,168.0,8.0,True,11,word,white,6.0
1876.0,1301.7451477050781,1086.4420223236084,0.5005480647087097,0.7826017737388611,0.5084941983222961,0.7544736266136169,3.1264801025390625,2.9120635986328125,Fixation,1301.1826182520667,1083.0375819982485,168.0,8.0,True,11,word,white,6.0
1880.0,1305.9291076660156,1111.380558013916,0.5040162801742554,0.7884436845779419,0.5101285576820374,0.7717920541763306,3.109130859375,2.931671142578125,Fixation,1301.1826182520667,1083.0375819982485,168.0,8.0,True,11,word,white,6.0
1884.0,1305.1875305175781,1074.869041442871,0.5066207051277161,0.7822738289833069,0.509838879108429,0.7464368343353271,3.104736328125,2.8990020751953125,Fixation,1301.1826182520667,1083.0375819982485,168.0,8.0,True,11,word,white,6.0
1888.0,1301.884765625,1087.5500965118408,0.5112863183021545,0.8117488622665405,0.5085487365722656,0.7552431225776672,3.0244140625,2.899993896484375,Fixation,1301.1826182520667,1083.0375819982485,168.0,8.0,True,11,word,white,6.0
1892.0,1300.0010681152344,1086.0250568389893,0.5051470994949341,0.8051928877830505,0.5078129172325134,0.7541840672492981,3.0609130859375,2.9121551513671875,Fixation,1301.1826182520667,1083.0375819982485,168.0,8.0,True,11,word,white,6.0
1896.0,1311.6134643554688,1092.1280479431152,0.5033766627311707,0.7877970933914185,0.512349009513855,0.7584222555160522,3.0861053466796875,2.949691772460937,Fixation,1301.1826182520667,1083.0375819982485,168.0,8.0,True,11,word,white,6.0
1900.0,1304.5851135253906,1097.5993251800537,0.5121434330940247,0.8095991611480713,0.5096035599708557,0.7622217535972595,3.049285888671875,2.899627685546875,Fixation,1301.1826182520667,1083.0375819982485,168.0,8.0,True,11,word,white,6.0
1904.0,1310.3373718261719,1070.537338256836,0.5097339749336243,0.7984427809715271,0.5118505358695984,0.7434287071228027,3.0523223876953125,2.9051513671875,Fixation,1301.1826182520667,1083.0375819982485,168.0,8.0,True,11,word,white,6.0
1908.0,1316.5003967285156,1077.5303077697754,0.5052554607391357,0.8017683625221252,0.5142579674720764,0.7482849359512329,3.0818634033203125,2.912078857421875,Fixation,1301.1826182520667,1083.0375819982485,168.0,8.0,True,11,word,white,6.0
1912.0,1316.1100769042969,1091.3953113555908,0.5079119801521301,0.7961059808731079,0.514105498790741,0.7579134106636047,3.04779052734375,2.88519287109375,Fixation,1301.1826182520667,1083.0375819982485,168.0,8.0,True,11,word,white,6.0
1916.0,1332.3333740234375,1096.1806297302246,0.5147863030433655,0.7659616470336914,0.5204427242279053,0.7612365484237671,3.110260009765625,2.8782501220703125,Fixation,1301.1826182520667,1083.0375819982485,168.0,8.0,True,11,word,white,6.0
1920.0,1317.1525573730469,1063.5861682891846,0.5131324529647827,0.7902807593345642,0.5145127177238464,0.7386015057563782,3.10504150390625,2.8874969482421875,Fixation,1301.1826182520667,1083.0375819982485,168.0,8.0,True,11,word,white,6.0
1924.0,1306.934814453125,1078.3141136169434,0.5120089650154114,0.7675285339355469,0.510521411895752,0.7488292455673218,3.12255859375,2.902450561523437,Fixation,1301.1826182520667,1083.0375819982485,168.0,8.0,True,11,word,white,6.0
1928.0,1309.3801879882812,1077.7925205230713,0.5117046236991882,0.7812978029251099,0.5114766359329224,0.7484670281410217,3.079498291015625,2.86956787109375,Fixation,1301.1826182520667,1083.0375819982485,168.0,8.0,True,11,word,white,6.0
1932.0,1289.2454528808594,1096.9462394714355,0.5161187052726746,0.778718888759613,0.5036115050315857,0.7617682218551636,3.0941314697265625,2.91070556640625,Fixation,1301.1826182520667,1083.0375819982485,168.0,8.0,True,11,word,white,6.0
1936.0,1293.2093811035156,1061.3152599334717,0.5141072869300842,0.7567065954208374,0.5051599144935608,0.7370244860649109,3.15850830078125,2.910385131835937,Fixation,1301.1826182520667,1083.0375819982485,168.0,8.0,True,11,word,white,6.0
1940.0,1285.8251953125,1096.7169857025146,0.5181642174720764,0.7800613045692444,0.5022754669189453,0.7616090178489685,3.0990447998046875,2.911361694335937,Fixation,1301.1826182520667,1083.0375819982485,168.0,8.0,True,11,word,white,6.0
1944.0,1288.0413818359375,1065.576410293579,0.5152644515037537,0.7837385535240173,0.5031411647796631,0.7399836182594299,3.1149444580078125,2.877426147460937,Fixation,1301.1826182520667,1083.0375819982485,168.0,8.0,True,11,word,white,6.0
1948.0,1278.1530761718748,1077.4022483825684,0.5083106756210327,0.7915375828742981,0.4992785453796386,0.748196005821228,3.0420379638671875,2.883651733398437,Fixation,1301.1826182520667,1083.0375819982485,168.0,8.0,True,11,word,white,6.0
1952.0,1306.4028930664062,1088.212022781372,0.5151234865188599,0.786422073841095,0.5103136301040649,0.755702793598175,3.094390869140625,2.8801422119140625,Fixation,1301.1826182520667,1083.0375819982485,168.0,8.0,True,11,word,white,6.0
1956.0,1289.4552612304688,1085.6426811218262,0.5104681849479675,0.7906532287597656,0.5036934614181519,0.7539185285568237,3.0879364013671875,2.8974609375,Fixation,1301.1826182520667,1083.0375819982485,168.0,8.0,True,11,word,white,6.0
1960.0,1297.0429992675781,1086.2433242797852,0.5076382756233215,0.7888113260269165,0.5066574215888977,0.7543356418609619,3.0750732421875,2.874237060546875,Fixation,1301.1826182520667,1083.0375819982485,168.0,8.0,True,11,word,white,6.0
1964.0,1295.2696228027344,1093.6291408538818,0.5098322629928589,0.7858352661132812,0.5059646964073181,0.759464681148529,3.08843994140625,2.8808135986328125,Fixation,1301.1826182520667,1083.0375819982485,168.0,8.0,True,11,word,white,6.0
1968.0,1289.5770263671875,1091.8940734863281,0.5059373378753662,0.7847309112548828,0.5037410259246826,0.7582597732543945,3.066375732421875,2.884384155273437,Fixation,1301.1826182520667,1083.0375819982485,168.0,8.0,True,11,word,white,6.0
1972.0,1273.4891510009763,1091.8003463745117,0.5095246434211731,0.7595159411430359,0.4974566996097564,0.7581946849822998,3.15447998046875,2.873199462890625,Fixation,1301.1826182520667,1083.0375819982485,168.0,8.0,True,11,word,white,6.0
1976.0,1280.8448791503906,1089.8876094818115,0.5160650610923767,0.787240207195282,0.5003300309181213,0.7568663954734802,3.087066650390625,2.87994384765625,Fixation,1301.1826182520667,1083.0375819982485,168.0,8.0,True,11,word,white,6.0
1980.0,1298.1706237792969,1086.4550685882568,0.5102272629737854,0.7975426912307739,0.5070978999137878,0.7544826865196228,3.0643463134765625,2.8622283935546875,Fixation,1301.1826182520667,1083.0375819982485,168.0,8.0,True,11,word,white,6.0
1984.0,1301.3644409179688,1081.8510246276855,0.5125280618667603,0.7887641191482544,0.5083454847335815,0.7512854337692261,3.06658935546875,2.8524627685546875,Fixation,1301.1826182520667,1083.0375819982485,168.0,8.0,True,11,word,white,6.0
1988.0,1311.4622497558594,1090.3173637390137,0.5093024969100952,0.7543638944625854,0.5122899413108826,0.7571648359298706,3.155258178710937,2.8372344970703125,Fixation,1301.1826182520667,1083.0375819982485,168.0,8.0,True,11,word,white,6.0
1992.0,1288.2658386230469,1074.9229431152344,0.5120221972465515,0.7948847413063049,0.5032288432121277,0.7464742660522461,3.063339233398437,2.874237060546875,Fixation,1301.1826182520667,1083.0375819982485,168.0,8.0,True,11,word,white,6.0
1996.0,1303.1736755371094,1065.6384658813477,0.5061716437339783,0.7942402958869934,0.5090522170066833,0.7400267124176025,3.080474853515625,2.88665771484375,Fixation,1301.1826182520667,1083.0375819982485,168.0,8.0,True,11,word,white,6.0
2000.0,1288.3909606933594,1076.4934730529785,0.5106308460235596,0.796538233757019,0.5032777190208435,0.7475649118423462,3.036956787109375,2.8986968994140625,Fixation,1301.1826182520667,1083.0375819982485,168.0,8.0,True,11,word,white,6.0
2004.0,1284.2742919921875,1061.3271045684814,0.5110554695129395,0.7927224636077881,0.5016696453094482,0.7370327115058899,3.089996337890625,2.890625,Fixation,1301.1826182520667,1083.0375819982485,168.0,8.0,True,11,word,white,6.0
2008.0,1299.0524291992188,1070.6267738342285,0.5006271600723267,0.8005837798118591,0.5074423551559448,0.7434908151626587,3.0222625732421875,2.845184326171875,Fixation,1301.1826182520667,1083.0375819982485,168.0,8.0,True,11,word,white,6.0
2012.0,1313.4329223632812,1087.3002433776855,0.5064198970794678,0.7852333784103394,0.5130597352981567,0.7550696134567261,3.047454833984375,2.8811492919921875,Fixation,1301.1826182520667,1083.0375819982485,168.0,8.0,True,11,word,white,6.0
2016.0,1307.593994140625,1065.675630569458,0.5110046863555908,0.7930639982223511,0.5107789039611816,0.7400525212287903,3.0472412109375,2.8466796875,Fixation,1301.1826182520667,1083.0375819982485,168.0,8.0,True,11,word,white,6.0
2020.0,1314.5046997070312,1080.0243759155273,0.5173982381820679,0.7924851179122925,0.5134783983230591,0.7500169277191162,3.059326171875,2.8622589111328125,Fixation,1301.1826182520667,1083.0375819982485,168.0,8.0,True,11,word,white,6.0
2024.0,1343.1153869628906,1077.306890487671,0.5153695940971375,0.7843214869499207,0.5246544480323792,0.7481297850608826,3.06243896484375,2.825057983398437,Fixation,1301.1826182520667,1083.0375819982485,168.0,8.0,True,11,word,white,6.0
2028.0,1371.0169982910156,1072.9746723175049,0.5311382412910461,0.7597429156303406,0.535553514957428,0.7451213002204895,3.088348388671875,2.8730621337890625,Fixation,1363.0130608876545,1084.1364240646362,188.0,9.0,True,12,word,white,6.0
2032.0,1367.3605346679688,1073.5431289672852,0.536507785320282,0.7787429094314575,0.5341252088546753,0.7455160617828369,3.091339111328125,2.869125366210937,Fixation,1363.0130608876545,1084.1364240646362,188.0,9.0,True,12,word,white,6.0
2036.0,1353.5777282714844,1070.6405925750732,0.5272511839866638,0.7768707275390625,0.5287413001060486,0.7435004115104675,3.063018798828125,2.897125244140625,Fixation,1363.0130608876545,1084.1364240646362,188.0,9.0,True,12,word,white,6.0
2040.0,1352.3274230957031,1084.083480834961,0.5383635759353638,0.7766353487968445,0.528252899646759,0.752835750579834,3.0736541748046875,2.854217529296875,Fixation,1363.0130608876545,1084.1364240646362,188.0,9.0,True,12,word,white,6.0
2044.0,1363.6865234375,1107.5132846832275,0.5346705317497253,0.782211184501648,0.5326900482177734,0.7691064476966858,3.0473785400390625,2.853256225585937,Fixation,1363.0130608876545,1084.1364240646362,188.0,9.0,True,12,word,white,6.0
2048.0,1349.9952697753906,1085.7688522338867,0.5408462882041931,0.7795808911323547,0.527341902256012,0.7540061473846436,3.05718994140625,2.89471435546875,Fixation,1363.0130608876545,1084.1364240646362,188.0,9.0,True,12,word,white,6.0
2052.0,1367.5691223144531,1080.153980255127,0.538669228553772,0.7831851243972778,0.5342066884040833,0.750106930732727,3.0492095947265625,2.8799591064453125,Fixation,1363.0130608876545,1084.1364240646362,188.0,9.0,True,12,word,white,6.0
2056.0,1366.5617370605469,1089.9373054504395,0.5275907516479492,0.7777404189109802,0.5338131785392761,0.7569009065628052,3.0692291259765625,2.8657684326171875,Fixation,1363.0130608876545,1084.1364240646362,188.0,9.0,True,12,word,white,6.0
2060.0,1376.2590026855469,1089.2515182495117,0.533722460269928,0.7879937291145325,0.5376011729240417,0.7564246654510498,3.0149688720703125,2.8454742431640625,Fixation,1363.0130608876545,1084.1364240646362,188.0,9.0,True,12,word,white,6.0
2064.0,1379.984130859375,1091.686019897461,0.5362989902496338,0.762653648853302,0.5390563011169434,0.758115291595459,3.1163482666015625,2.865386962890625,Fixation,1363.0130608876545,1084.1364240646362,188.0,9.0,True,12,word,white,6.0
2068.0,1379.2874145507812,1086.2332820892334,0.5341662168502808,0.7781186103820801,0.5387841463088989,0.7543286681175232,3.071014404296875,2.8623504638671875,Fixation,1363.0130608876545,1084.1364240646362,188.0,9.0,True,12,word,white,6.0
2072.0,1380.3271484375,1092.3834800720215,0.5362218618392944,0.7669628858566284,0.5391902923583984,0.7585996389389038,3.0808868408203125,2.8624725341796875,Fixation,1363.0130608876545,1084.1364240646362,188.0,9.0,True,12,word,white,6.0
2076.0,1385.5833435058594,1082.165765762329,0.5326822400093079,0.7772175073623657,0.5412434935569763,0.7515040040016174,3.03802490234375,2.850372314453125,Fixation,1363.0130608876545,1084.1364240646362,188.0,9.0,True,12,word,white,6.0
2080.0,1379.0090942382812,1081.4400672912598,0.5318403244018555,0.7775282263755798,0.5386754274368286,0.7510000467300415,3.04815673828125,2.8689117431640625,Fixation,1363.0130608876545,1084.1364240646362,188.0,9.0,True,12,word,white,6.0
2084.0,1368.7959289550781,1081.76682472229,0.5316209197044373,0.7821907997131348,0.5346859097480774,0.7512269616127014,3.027816772460937,2.8927154541015625,Fixation,1363.0130608876545,1084.1364240646362,188.0,9.0,True,12,word,white,6.0
2088.0,1374.4783020019531,1091.394281387329,0.5236437320709229,0.7691603302955627,0.5369055867195129,0.7579126954078674,3.0697174072265625,2.8542022705078125,Fixation,1363.0130608876545,1084.1364240646362,188.0,9.0,True,12,word,white,6.0
2092.0,1368.409423828125,1108.9461421966553,0.5328513979911804,0.7655892968177795,0.5345349311828613,0.7701014876365662,3.081329345703125,2.8573150634765625,Fixation,1363.0130608876545,1084.1364240646362,188.0,9.0,True,12,word,white,6.0
2096.0,1385.5314636230469,1076.4025783538818,0.5274810194969177,0.7807290554046631,0.5412232279777527,0.747501790523529,3.044296264648437,2.850738525390625,Fixation,1363.0130608876545,1084.1364240646362,188.0,9.0,True,12,word,white,6.0
2100.0,1370.0361633300781,1087.6839923858643,0.5303016304969788,0.7843102812767029,0.5351703763008118,0.7553361058235168,3.0238494873046875,2.8513336181640625,Fixation,1363.0130608876545,1084.1364240646362,188.0,9.0,True,12,word,white,6.0
2104.0,1368.3085632324219,1106.5365314483643,0.5403161644935608,0.7699857950210571,0.5344955325126648,0.7684281468391418,3.056854248046875,2.8513641357421875,Fixation,1363.0130608876545,1084.1364240646362,188.0,9.0,True,12,word,white,6.0
2108.0,1380.3797912597656,1067.2603225708008,0.5327640771865845,0.7573976516723633,0.539210855960846,0.7411530017852783,3.06304931640625,2.825790405273437,Fixation,1363.0130608876545,1084.1364240646362,188.0,9.0,True,12,word,white,6.0
2112.0,1359.1304016113281,1089.9713802337646,0.5290511846542358,0.7562116980552673,0.530910313129425,0.756924569606781,3.0942840576171875,2.865570068359375,Fixation,1363.0130608876545,1084.1364240646362,188.0,9.0,True,12,word,white,6.0
2116.0,1380.6451416015625,1092.9126262664795,0.5327391028404236,0.7755209803581238,0.5393145084381104,0.7589671015739441,3.053573608398437,2.842132568359375,Fixation,1363.0130608876545,1084.1364240646362,188.0,9.0,True,12,word,white,6.0
2120.0,1366.9033813476562,1099.5032215118408,0.5265378355979919,0.7833820581436157,0.5339466333389282,0.7635439038276672,3.018218994140625,2.833114624023437,Fixation,1363.0130608876545,1084.1364240646362,188.0,9.0,True,12,word,white,6.0
2124.0,1371.8919372558594,1098.0010986328125,0.5306267142295837,0.7881317734718323,0.5358952879905701,0.7625007629394531,3.00311279296875,2.8238525390625,Fixation,1363.0130608876545,1084.1364240646362,188.0,9.0,True,12,word,white,6.0
2128.0,1375.5455017089844,1074.5187664031982,0.5347877144813538,0.7835239768028259,0.537322461605072,0.7461935877799988,3.0355224609375,2.837387084960937,Fixation,1363.0130608876545,1084.1364240646362,188.0,9.0,True,12,word,white,6.0
2132.0,1366.7436218261719,1083.1691265106201,0.5268461108207703,0.7500539422035217,0.5338842272758484,0.7522007822990417,3.0762481689453125,2.859100341796875,Fixation,1363.0130608876545,1084.1364240646362,188.0,9.0,True,12,word,white,6.0
2136.0,1363.6976623535156,1081.358871459961,0.5283529758453369,0.7724301218986511,0.532694399356842,0.750943660736084,3.0370025634765625,2.822296142578125,Fixation,1363.0130608876545,1084.1364240646362,188.0,9.0,True,12,word,white,6.0
2140.0,1371.029052734375,1081.2257480621338,0.5263876914978027,0.766136646270752,0.5355582237243652,0.7508512139320374,3.0106353759765625,2.8561248779296875,Fixation,1363.0130608876545,1084.1364240646362,188.0,9.0,True,12,word,white,6.0
2144.0,1346.4826965332031,1081.1933898925781,0.532692015171051,0.7704935669898987,0.5259698033332825,0.750828742980957,3.0728759765625,2.827239990234375,Fixation,1363.0130608876545,1084.1364240646362,188.0,9.0,True,12,word,white,6.0
2148.0,1349.3777465820312,1084.2558288574219,0.5242120027542114,0.7756327390670776,0.527100682258606,0.752955436706543,3.009979248046875,2.826202392578125,Fixation,1363.0130608876545,1084.1364240646362,188.0,9.0,True,12,word,white,6.0
2152.0,1351.2687683105469,1082.9142093658447,0.5317440629005432,0.7881315350532532,0.5278393626213074,0.7520237565040588,2.9820556640625,2.825790405273437,Fixation,1363.0130608876545,1084.1364240646362,188.0,9.0,True,12,word,white,6.0
2156.0,1360.2951049804688,1071.818618774414,0.5364176034927368,0.7931075692176819,0.5313652753829956,0.7443184852600098,2.9915008544921875,2.820831298828125,Fixation,1363.0130608876545,1084.1364240646362,188.0,9.0,True,12,word,white,6.0
2160.0,1356.8875122070312,1089.06569480896,0.5328051447868347,0.7926422357559204,0.5300341844558716,0.7562956213951111,3.0018310546875,2.81341552734375,Fixation,1363.0130608876545,1084.1364240646362,188.0,9.0,True,12,word,white,6.0
2164.0,1351.9639587402344,1103.3577060699463,0.5305072069168091,0.785948634147644,0.528110921382904,0.7662206292152405,2.97967529296875,2.8392791748046875,Fixation,1363.0130608876545,1084.1364240646362,188.0,9.0,True,12,word,white,6.0
2168.0,1350.5381774902344,1081.9299030303955,0.5339264869689941,0.7957969903945923,0.5275539755821228,0.7513402104377747,3.003265380859375,2.80340576171875,Fixation,1363.0130608876545,1084.1364240646362,188.0,9.0,True,12,word,white,6.0
2172.0,1360.2583312988281,1082.550458908081,0.5315799713134766,0.7823173403739929,0.5313509106636047,0.7517711520195007,3.0067138671875,2.8320465087890625,Fixation,1363.0130608876545,1084.1364240646362,188.0,9.0,True,12,word,white,6.0
2176.0,1355.7290649414062,1088.4424781799316,0.5297731757164001,0.7692041397094727,0.5295816659927368,0.755862832069397,3.007232666015625,2.8077545166015625,Fixation,1363.0130608876545,1084.1364240646362,188.0,9.0,True,12,word,white,6.0
2180.0,1344.5094299316406,1071.1256217956543,0.5298880934715271,0.7620132565498352,0.5251989960670471,0.7438372373580933,3.027008056640625,2.7821807861328125,Fixation,1363.0130608876545,1084.1364240646362,188.0,9.0,True,12,word,white,6.0
2184.0,1333.0015563964844,1089.6394729614258,0.5359061360359192,0.7656036615371704,0.5207037329673767,0.7566940784454346,3.021514892578125,2.8538055419921875,Fixation,1363.0130608876545,1084.1364240646362,188.0,9.0,True,12,word,white,6.0
2188.0,1353.2447814941406,1056.4245414733887,0.5348185300827026,0.7949820756912231,0.5286112427711487,0.7336281538009644,2.944305419921875,2.795440673828125,Fixation,1363.0130608876545,1084.1364240646362,188.0,9.0,True,12,word,white,6.0
2192.0,1348.3436584472656,1082.3736476898193,0.533592164516449,0.7844283580780029,0.5266967415809631,0.7516483664512634,2.989471435546875,2.7954864501953125,Fixation,1363.0130608876545,1084.1364240646362,188.0,9.0,True,12,word,white,6.0
2196.0,1338.1243896484375,1075.0380420684814,0.5348643064498901,0.7823362350463867,0.5227048397064209,0.7465541958808899,2.9874420166015625,2.813690185546875,Fixation,1363.0130608876545,1084.1364240646362,188.0,9.0,True,12,word,white,6.0
2200.0,1349.1072082519531,1079.4142055511475,0.5316845178604126,0.7472029328346252,0.5269950032234192,0.749593198299408,3.0308074951171875,2.822250366210937,Fixation,1363.0130608876545,1084.1364240646362,188.0,9.0,True,12,word,white,6.0
2204.0,1355.5880737304688,1086.4740371704102,0.5358646512031555,0.7640325427055359,0.5295265913009644,0.7544958591461182,3.0293426513671875,2.8060302734375,Fixation,1363.0130608876545,1084.1364240646362,188.0,9.0,True,12,word,white,6.0
2208.0,1343.7104797363281,1065.2535152435303,0.5351292490959167,0.7812535166740417,0.5248869061470032,0.7397593855857849,2.9892578125,2.7669219970703125,Fixation,1363.0130608876545,1084.1364240646362,188.0,9.0,True,12,word,white,6.0
2212.0,1347.7947998046875,1082.5379276275635,0.53425133228302,0.7678011655807495,0.526482343673706,0.7517624497413635,3.020294189453125,2.8358154296875,Fixation,1363.0130608876545,1084.1364240646362,188.0,9.0,True,12,word,white,6.0
2216.0,1384.3293762207031,1076.3121128082275,0.5498428344726562,0.7718265056610107,0.5407536625862122,0.7474389672279358,2.998275756835937,2.8038482666015625,Fixation,1363.0130608876545,1084.1364240646362,188.0,9.0,True,12,word,white,6.0
2220.0,1438.6541748046875,1059.4005489349365,0.5588740706443787,0.7773146629333496,0.561974287033081,0.7356948256492615,2.977386474609375,2.82098388671875,Fixation,1495.166015625,1074.2524552345276,204.0,10.0,True,13,word,spoon,7.0
2224.0,1477.784423828125,1034.0471935272217,0.5666730999946594,0.7591889500617981,0.5772595405578613,0.7180883288383484,2.9767303466796875,2.821014404296875,Fixation,1495.166015625,1074.2524552345276,204.0,10.0,True,13,word,spoon,7.0
2228.0,1493.4716796875,1065.3141117095947,0.5751475095748901,0.747383177280426,0.5833873748779297,0.7398014664649963,2.951171875,2.8409881591796875,Fixation,1495.166015625,1074.2524552345276,204.0,10.0,True,13,word,spoon,7.0
2232.0,1484.4587707519531,1076.0038948059082,0.5903308987617493,0.7457426190376282,0.5798667073249817,0.7472249269485474,2.962799072265625,2.8009796142578125,Fixation,1495.166015625,1074.2524552345276,204.0,10.0,True,13,word,spoon,7.0
2236.0,1520.3668212890625,1069.5788669586182,0.5938228368759155,0.747103214263916,0.59389328956604,0.742763102054596,2.9728546142578125,2.7921142578125,Fixation,1495.166015625,1074.2524552345276,204.0,10.0,True,13,word,spoon,7.0
2240.0,1515.3651428222656,1066.452054977417,0.5946527123451233,0.7558165788650513,0.5919395089149475,0.7405917048454285,2.978729248046875,2.8162994384765625,Fixation,1495.166015625,1074.2524552345276,204.0,10.0,True,13,word,spoon,7.0
2244.0,1503.5026550292969,1038.4579467773438,0.5907876491546631,0.746010422706604,0.5873057246208191,0.7211513519287109,2.96697998046875,2.7758331298828125,Fixation,1495.166015625,1074.2524552345276,204.0,10.0,True,13,word,spoon,7.0
2248.0,1495.6365966796875,1061.4490699768066,0.5870952606201172,0.7403973937034607,0.5842330455780029,0.7371174097061157,2.9698638916015625,2.7409820556640625,Fixation,1495.166015625,1074.2524552345276,204.0,10.0,True,13,word,spoon,7.0
2252.0,1491.7640686035156,1065.7422351837158,0.5910717248916626,0.7470222115516663,0.5827203392982483,0.740098774433136,2.9864959716796875,2.7743682861328125,Fixation,1495.166015625,1074.2524552345276,204.0,10.0,True,13,word,spoon,7.0
2256.0,1519.8677062988281,1076.995496749878,0.5999593138694763,0.737575352191925,0.5936983227729797,0.7479135394096375,2.980377197265625,2.7802734375,Fixation,1495.166015625,1074.2524552345276,204.0,10.0,True,13,word,spoon,7.0
2260.0,1501.124267578125,1085.9597396850586,0.5924054384231567,0.7477623224258423,0.5863766670227051,0.754138708114624,2.94671630859375,2.8089599609375,Fixation,1495.166015625,1074.2524552345276,204.0,10.0,True,13,word,spoon,7.0
2264.0,1506.3986206054688,1083.8827228546143,0.5879750847816467,0.7391223907470703,0.5884369611740112,0.7526963353157043,2.978912353515625,2.811630249023437,Fixation,1495.166015625,1074.2524552345276,204.0,10.0,True,13,word,spoon,7.0
2268.0,1505.4689025878906,1095.1249980926514,0.5835500359535217,0.7467758059501648,0.5880737900733948,0.7605034708976746,2.9712677001953125,2.8045196533203125,Fixation,1495.166015625,1074.2524552345276,204.0,10.0,True,13,word,spoon,7.0
2272.0,1495.3866577148438,1091.4325618743896,0.5941700339317322,0.743524968624115,0.5841354131698608,0.7579392790794373,2.98480224609375,2.787841796875,Fixation,1495.166015625,1074.2524552345276,204.0,10.0,True,13,word,spoon,7.0
2276.0,1502.9853820800781,1092.0647048950195,0.5855634808540344,0.7438355088233948,0.5871036648750305,0.758378267288208,2.939544677734375,2.7761383056640625,Fixation,1495.166015625,1074.2524552345276,204.0,10.0,True,13,word,spoon,7.0
2280.0,1488.96240234375,1034.4045066833496,0.5874693393707275,0.7305836081504822,0.5816259384155273,0.7183364629745483,2.97149658203125,2.7220916748046875,Fixation,1495.166015625,1074.2524552345276,204.0,10.0,True,13,word,spoon,7.0
2284.0,1503.1843566894531,1097.706699371338,0.5831445455551147,0.7315660119056702,0.5871813893318176,0.7622963190078735,2.968353271484375,2.79144287109375,Fixation,1495.166015625,1074.2524552345276,204.0,10.0,True,13,word,spoon,7.0
2288.0,1467.3516845703125,1085.5393409729004,0.5880985856056213,0.7311159372329712,0.5731842517852783,0.7538467645645142,2.963485717773437,2.7750396728515625,Fixation,1495.166015625,1074.2524552345276,204.0,10.0,True,13,word,spoon,7.0
2292.0,1488.6123657226562,1074.6927452087402,0.5928434133529663,0.7444750666618347,0.5814892053604126,0.7463144063949585,2.9477996826171875,2.74749755859375,Fixation,1495.166015625,1074.2524552345276,204.0,10.0,True,13,word,spoon,7.0
2296.0,1476.7425537109375,1084.584560394287,0.5949938297271729,0.7418245077133179,0.576852560043335,0.7531837224960327,2.955108642578125,2.7591094970703125,Fixation,1495.166015625,1074.2524552345276,204.0,10.0,True,13,word,spoon,7.0
2300.0,1481.4862060546875,1073.4156703948975,0.5983846783638,0.7662338614463806,0.5787055492401123,0.7454275488853455,2.9275054931640625,2.78759765625,Fixation,1495.166015625,1074.2524552345276,204.0,10.0,True,13,word,spoon,7.0
2304.0,1468.6929321289062,1081.9836330413818,0.5861387252807617,0.7650865912437439,0.573708176612854,0.751377522945404,2.8950347900390625,2.7755584716796875,Fixation,1495.166015625,1074.2524552345276,204.0,10.0,True,13,word,spoon,7.0
2308.0,1485.8367919921875,1060.8539199829102,0.5926380753517151,0.7446340322494507,0.5804049968719482,0.7367041110992432,2.95458984375,2.7284698486328125,Fixation,1495.166015625,1074.2524552345276,204.0,10.0,True,13,word,spoon,7.0
2312.0,1468.9540100097656,1069.9124908447266,0.5903294682502747,0.7451761960983276,0.5738101601600647,0.7429947853088379,2.9589385986328125,2.765655517578125,Fixation,1495.166015625,1074.2524552345276,204.0,10.0,True,13,word,spoon,7.0
2316.0,1473.8630676269531,1083.2886028289795,0.5884691476821899,0.7461633086204529,0.5757277607917786,0.7522837519645691,2.94525146484375,2.744049072265625,Fixation,1495.166015625,1074.2524552345276,204.0,10.0,True,13,word,spoon,7.0
2320.0,1468.5162353515625,1071.1295700073242,0.5955615043640137,0.7513720393180847,0.5736391544342041,0.7438399791717529,2.9005889892578125,2.7264404296875,Fixation,1495.166015625,1074.2524552345276,204.0,10.0,True,13,word,spoon,7.0
2324.0,1510.8369445800781,1073.111572265625,0.593490481376648,0.7527955770492554,0.590170681476593,0.7452163696289062,2.919677734375,2.7647705078125,Fixation,1495.166015625,1074.2524552345276,204.0,10.0,True,13,word,spoon,7.0
2328.0,1486.990966796875,1071.7808532714844,0.5952498316764832,0.7670225501060486,0.5808558464050293,0.7442922592163086,2.8919677734375,2.758056640625,Fixation,1495.166015625,1074.2524552345276,204.0,10.0,True,13,word,spoon,7.0
2332.0,1490.5070495605469,1073.4651947021484,0.594376802444458,0.7393746972084045,0.5822293162345886,0.7454619407653809,2.97662353515625,2.76348876953125,Fixation,1495.166015625,1074.2524552345276,204.0,10.0,True,13,word,spoon,7.0
2336.0,1497.5849914550781,1073.0487442016602,0.5897001624107361,0.7391312718391418,0.5849941372871399,0.7451727390289307,2.955780029296875,2.7669830322265625,Fixation,1495.166015625,1074.2524552345276,204.0,10.0,True,13,word,spoon,7.0
2340.0,1498.0995178222656,1065.721206665039,0.5942664742469788,0.7480143904685974,0.5851951241493225,0.740084171295166,2.93280029296875,2.7498931884765625,Fixation,1495.166015625,1074.2524552345276,204.0,10.0,True,13,word,spoon,7.0
2344.0,1489.1949462890625,1082.6697635650635,0.5860487222671509,0.7476903200149536,0.581716775894165,0.7518540024757385,2.9588775634765625,2.7573394775390625,Fixation,1495.166015625,1074.2524552345276,204.0,10.0,True,13,word,spoon,7.0
2348.0,1501.3235473632812,1082.3511600494385,0.5869580507278442,0.732491135597229,0.5864545106887817,0.7516327500343323,2.9710235595703125,2.727996826171875,Fixation,1495.166015625,1074.2524552345276,204.0,10.0,True,13,word,spoon,7.0
2352.0,1506.2571716308594,1072.1079540252686,0.593773365020752,0.7411081194877625,0.5883817076683044,0.7445194125175476,2.9556427001953125,2.753662109375,Fixation,1495.166015625,1074.2524552345276,204.0,10.0,True,13,word,spoon,7.0
2356.0,1496.4530944824219,1091.8599128723145,0.5957656502723694,0.7407054901123047,0.584551990032196,0.7582360506057739,2.9344940185546875,2.753646850585937,Fixation,1495.166015625,1074.2524552345276,204.0,10.0,True,13,word,spoon,7.0
2360.0,1510.8149719238281,1057.6546669006348,0.5855647325515747,0.750302791595459,0.5901620984077454,0.7344824075698853,2.887557983398437,2.76165771484375,Fixation,1495.166015625,1074.2524552345276,204.0,10.0,True,13,word,spoon,7.0
2364.0,1503.6260986328125,1081.9992542266846,0.5820499062538147,0.7550528049468994,0.5873539447784424,0.7513883709907532,2.8932342529296875,2.7420196533203125,Fixation,1495.166015625,1074.2524552345276,204.0,10.0,True,13,word,spoon,7.0
2368.0,1502.7984619140625,1072.9536437988281,0.5864718556404114,0.7393696904182434,0.5870306491851807,0.7451066970825195,2.8986053466796875,2.747055053710937,Fixation,1495.166015625,1074.2524552345276,204.0,10.0,True,13,word,spoon,7.0
2372.0,1506.7329406738281,1077.1780586242676,0.5720587372779846,0.7445177435874939,0.5885675549507141,0.7480403184890747,2.936614990234375,2.765960693359375,Fixation,1495.166015625,1074.2524552345276,204.0,10.0,True,13,word,spoon,7.0
2376.0,1502.1983337402344,1083.7139797210693,0.5919743776321411,0.7461064457893372,0.586796224117279,0.7525791525840759,2.869354248046875,2.77105712890625,Fixation,1495.166015625,1074.2524552345276,204.0,10.0,True,13,word,spoon,7.0
2380.0,1514.217529296875,1063.1926345825195,0.5875441431999207,0.7460561990737915,0.5914912223815918,0.738328218460083,2.917465209960937,2.742523193359375,Fixation,1495.166015625,1074.2524552345276,204.0,10.0,True,13,word,spoon,7.0
2384.0,1506.4765930175781,1094.9175453186035,0.5889089107513428,0.7318762540817261,0.5884674191474915,0.7603594064712524,2.9371337890625,2.7232818603515625,Fixation,1495.166015625,1074.2524552345276,204.0,10.0,True,13,word,spoon,7.0
2388.0,1516.7713928222656,1084.9101161956787,0.5844680070877075,0.7374967336654663,0.5924888253211975,0.7534098029136658,2.957626342773437,2.7422332763671875,Fixation,1495.166015625,1074.2524552345276,204.0,10.0,True,13,word,spoon,7.0
2392.0,1515.013427734375,1072.8138256072998,0.5814205408096313,0.731521725654602,0.5918021202087402,0.7450096011161804,2.91314697265625,2.735137939453125,Fixation,1495.166015625,1074.2524552345276,204.0,10.0,True,13,word,spoon,7.0
2396.0,1506.466064453125,1077.4709129333496,0.5861632227897644,0.7288000583648682,0.588463306427002,0.7482436895370483,2.962265014648437,2.7330322265625,Fixation,1495.166015625,1074.2524552345276,204.0,10.0,True,13,word,spoon,7.0
2400.0,1501.06689453125,1082.8183364868164,0.5876291394233704,0.7385360598564148,0.5863542556762695,0.7519571781158447,2.9001617431640625,2.722076416015625,Fixation,1495.166015625,1074.2524552345276,204.0,10.0,True,13,word,spoon,7.0
2404.0,1512.7738952636719,1082.9672527313232,0.588355302810669,0.7644068002700806,0.5909273028373718,0.75206059217453,2.8668670654296875,2.7081451416015625,Fixation,1495.166015625,1074.2524552345276,204.0,10.0,True,13,word,spoon,7.0
2408.0,1496.3754272460938,1073.8141822814941,0.5910221934318542,0.7427194714546204,0.5845216512680054,0.7457042932510376,2.911224365234375,2.7440948486328125,Fixation,1495.166015625,1074.2524552345276,204.0,10.0,True,13,word,spoon,7.0
2412.0,1501.0197448730469,1096.2365055084229,0.5861527919769287,0.748530924320221,0.5863358378410339,0.7612753510475159,2.9099578857421875,2.74298095703125,Fixation,1495.166015625,1074.2524552345276,204.0,10.0,True,13,word,spoon,7.0
2416.0,1487.506103515625,1062.0016479492188,0.5822467803955078,0.7602580189704895,0.581057071685791,0.7375011444091797,2.885009765625,2.71697998046875,Fixation,1495.166015625,1074.2524552345276,204.0,10.0,True,13,word,spoon,7.0
2420.0,1496.3056945800781,1068.814287185669,0.5768476724624634,0.7224043607711792,0.584494411945343,0.7422321438789368,2.9232940673828125,2.75640869140625,Fixation,1495.166015625,1074.2524552345276,204.0,10.0,True,13,word,spoon,7.0
2424.0,1466.7825317382812,1062.136573791504,0.5736886858940125,0.7155006527900696,0.5729619264602661,0.7375948429107666,2.914276123046875,2.7520294189453125,Fixation,1495.166015625,1074.2524552345276,204.0,10.0,True,13,word,spoon,7.0
2428.0,1425.31494140625,1054.603214263916,0.5568787455558777,0.7423545718193054,0.5567636489868164,0.7323633432388306,2.907623291015625,2.7382354736328125,Fixation,1400.5692896349676,1050.176388477457,228.0,11.0,True,14,word,image,11.0
2432.0,1408.88671875,1031.617670059204,0.5507998466491699,0.7293394804000854,0.5503463745117188,0.7164011597633362,2.9200439453125,2.68634033203125,Fixation,1400.5692896349676,1050.176388477457,228.0,11.0,True,14,word,image,11.0
2436.0,1419.3064880371094,1035.7401180267334,0.5534473061561584,0.7502887845039368,0.5544165968894958,0.7192639708518982,2.899871826171875,2.675689697265625,Fixation,1400.5692896349676,1050.176388477457,228.0,11.0,True,14,word,image,11.0
2440.0,1411.2089538574219,1067.1526908874512,0.5465329885482788,0.7368022203445435,0.5512534976005554,0.74107825756073,2.8535614013671875,2.729965209960937,Fixation,1400.5692896349676,1050.176388477457,228.0,11.0,True,14,word,image,11.0
2444.0,1414.5310974121094,1030.1158046722412,0.5462602376937866,0.7539595365524292,0.5525512099266052,0.7153581976890564,2.88812255859375,2.6669921875,Fixation,1400.5692896349676,1050.176388477457,228.0,11.0,True,14,word,image,11.0
2448.0,1408.6785888671875,1037.9548931121826,0.5456666946411133,0.7396963238716125,0.5502650737762451,0.7208020091056824,2.877899169921875,2.695663452148437,Fixation,1400.5692896349676,1050.176388477457,228.0,11.0,True,14,word,image,11.0
2452.0,1405.05859375,1022.7553081512451,0.5577722191810608,0.7473940849304199,0.5488510131835938,0.710246741771698,2.91241455078125,2.6455230712890625,Fixation,1400.5692896349676,1050.176388477457,228.0,11.0,True,14,word,image,11.0
2456.0,1408.70849609375,1038.4685039520264,0.5519657135009766,0.7239378094673157,0.5502767562866211,0.7211586833000183,2.8861846923828125,2.6622314453125,Fixation,1400.5692896349676,1050.176388477457,228.0,11.0,True,14,word,image,11.0
2460.0,1399.5106506347656,1047.6977062225342,0.5458600521087646,0.7392212152481079,0.5466838479042053,0.7275678515434265,2.8763885498046875,2.6837921142578125,Fixation,1400.5692896349676,1050.176388477457,228.0,11.0,True,14,word,image,11.0
2464.0,1383.1410217285156,1062.0779514312744,0.5345022082328796,0.736476719379425,0.5402894616127014,0.737554132938385,2.9560089111328125,2.6759796142578125,Fixation,1400.5692896349676,1050.176388477457,228.0,11.0,True,14,word,image,11.0
2468.0,1411.0316467285156,1078.3032131195068,0.5439565181732178,0.7346343398094177,0.5511842370033264,0.7488216757774353,2.837997436523437,2.651397705078125,Fixation,1400.5692896349676,1050.176388477457,228.0,11.0,True,14,word,image,11.0
2472.0,1401.1245727539062,1069.6073627471924,0.5440751910209656,0.7206240296363831,0.5473142862319946,0.7427828907966614,2.8616943359375,2.667938232421875,Fixation,1400.5692896349676,1050.176388477457,228.0,11.0,True,14,word,image,11.0
2476.0,1419.6560668945312,1040.9312438964844,0.5412918925285339,0.7235081791877747,0.5545531511306763,0.7228689193725586,2.878662109375,2.631439208984375,Fixation,1400.5692896349676,1050.176388477457,228.0,11.0,True,14,word,image,11.0
2480.0,1396.7079162597656,1056.4320087432861,0.5438899397850037,0.7019309997558594,0.545589029788971,0.7336333394050598,2.977996826171875,2.676300048828125,Fixation,1400.5692896349676,1050.176388477457,228.0,11.0,True,14,word,image,11.0
2484.0,1388.6370849609375,1064.067850112915,0.5361194014549255,0.7335880398750305,0.5424363613128662,0.7389360070228577,2.848388671875,2.675262451171875,Fixation,1400.5692896349676,1050.176388477457,228.0,11.0,True,14,word,image,11.0
2488.0,1406.5931701660156,1044.5826530456543,0.5412226319313049,0.7203847169876099,0.5494504570960999,0.7254046201705933,2.919189453125,2.6715850830078125,Fixation,1400.5692896349676,1050.176388477457,228.0,11.0,True,14,word,image,11.0
2492.0,1401.4373779296875,1057.0480155944824,0.5398709177970886,0.7322781085968018,0.5474364757537842,0.7340611219406128,2.8620147705078125,2.6694488525390625,Fixation,1400.5692896349676,1050.176388477457,228.0,11.0,True,14,word,image,11.0
2496.0,1403.7525939941406,1073.488712310791,0.5487354397773743,0.733108401298523,0.5483408570289612,0.7454782724380493,2.8604278564453125,2.6917877197265625,Fixation,1400.5692896349676,1050.176388477457,228.0,11.0,True,14,word,image,11.0
2500.0,1398.6520385742188,1054.465627670288,0.5453070998191833,0.7193441987037659,0.5463484525680542,0.7322677969932556,2.8690948486328125,2.6451568603515625,Fixation,1400.5692896349676,1050.176388477457,228.0,11.0,True,14,word,image,11.0
2504.0,1411.1616516113281,1045.9444427490234,0.540739119052887,0.7228235602378845,0.551235020160675,0.7263503074645996,2.86041259765625,2.665679931640625,Fixation,1400.5692896349676,1050.176388477457,228.0,11.0,True,14,word,image,11.0
2508.0,1417.1379089355469,1067.6271629333496,0.5451430678367615,0.7292433381080627,0.553569495677948,0.7414077520370483,2.884750366210937,2.674545288085937,Fixation,1400.5692896349676,1050.176388477457,228.0,11.0,True,14,word,image,11.0
2512.0,1401.5176391601562,1059.0296745300293,0.542937695980072,0.719193696975708,0.547467827796936,0.735437273979187,2.889984130859375,2.6741180419921875,Fixation,1400.5692896349676,1050.176388477457,228.0,11.0,True,14,word,image,11.0
2516.0,1407.92236328125,1046.7782020568848,0.54384845495224,0.7258719801902771,0.5499696731567383,0.7269293069839478,2.829437255859375,2.662445068359375,Fixation,1400.5692896349676,1050.176388477457,228.0,11.0,True,14,word,image,11.0
2520.0,1408.25439453125,1056.6489028930664,0.5440360307693481,0.6994428038597107,0.5500993728637695,0.7337839603424072,2.9375762939453125,2.6732635498046875,Fixation,1400.5692896349676,1050.176388477457,228.0,11.0,True,14,word,image,11.0
2524.0,1410.4621887207031,1047.2434902191162,0.5365014672279358,0.7103224992752075,0.5509617924690247,0.7272524237632751,2.8977508544921875,2.6787872314453125,Fixation,1400.5692896349676,1050.176388477457,228.0,11.0,True,14,word,image,11.0
2528.0,1400.2473449707031,1039.257116317749,0.5393310189247131,0.7338472604751587,0.5469716191291809,0.7217063307762146,2.8712615966796875,2.662506103515625,Fixation,1400.5692896349676,1050.176388477457,228.0,11.0,True,14,word,image,11.0
2532.0,1391.9563293457031,1046.6738319396973,0.5382247567176819,0.7123104929924011,0.5437329411506653,0.7268568277359009,2.8721466064453125,2.6764373779296875,Fixation,1400.5692896349676,1050.176388477457,228.0,11.0,True,14,word,image,11.0
2536.0,1391.2882995605469,1063.3084201812744,0.5386859178543091,0.719243586063385,0.5434719920158386,0.738408625125885,2.872833251953125,2.69097900390625,Fixation,1400.5692896349676,1050.176388477457,228.0,11.0,True,14,word,image,11.0
2540.0,1385.0933837890625,1054.665184020996,0.5484815835952759,0.7201159000396729,0.5410521030426025,0.7324063777923584,2.8842315673828125,2.6769256591796875,Fixation,1400.5692896349676,1050.176388477457,228.0,11.0,True,14,word,image,11.0
2544.0,1412.1517944335938,1053.9741611480713,0.5374549627304077,0.7286624312400818,0.5516217947006226,0.7319265007972717,2.892913818359375,2.696884155273437,Fixation,1400.5692896349676,1050.176388477457,228.0,11.0,True,14,word,image,11.0
2548.0,1384.7840881347656,1053.4521389007568,0.5404577255249023,0.747140645980835,0.5409312844276428,0.7315639853477478,2.882843017578125,2.66387939453125,Fixation,1400.5692896349676,1050.176388477457,228.0,11.0,True,14,word,image,11.0
2552.0,1402.4008178710938,1047.3367881774902,0.5435077548027039,0.7162103652954102,0.547812819480896,0.727317214012146,2.8910064697265625,2.68701171875,Fixation,1400.5692896349676,1050.176388477457,228.0,11.0,True,14,word,image,11.0
2556.0,1391.8882751464844,1064.6002578735352,0.548445999622345,0.7373612523078918,0.5437063574790955,0.7393057346343994,2.86767578125,2.6928863525390625,Fixation,1400.5692896349676,1050.176388477457,228.0,11.0,True,14,word,image,11.0
2560.0,1408.4132385253906,1019.9355983734131,0.5355647802352905,0.7265548706054688,0.5501614212989807,0.7082886099815369,2.87451171875,2.6295166015625,Fixation,1400.5692896349676,1050.176388477457,228.0,11.0,True,14,word,image,11.0
2564.0,1401.2055969238281,1049.5611763000488,0.5421656370162964,0.7100184559822083,0.5473459362983704,0.728861927986145,2.91156005859375,2.65240478515625,Fixation,1400.5692896349676,1050.176388477457,228.0,11.0,True,14,word,image,11.0
2568.0,1407.0805358886719,1079.6735858917236,0.5495895147323608,0.7261727452278137,0.5496408343315125,0.7497733235359192,2.886871337890625,2.6993865966796875,Fixation,1400.5692896349676,1050.176388477457,228.0,11.0,True,14,word,image,11.0
2572.0,1397.9708862304688,1049.2447185516357,0.547629177570343,0.7300587892532349,0.5460823774337769,0.7286421656608582,2.8892364501953125,2.66925048828125,Fixation,1400.5692896349676,1050.176388477457,228.0,11.0,True,14,word,image,11.0
2576.0,1405.6962585449219,1051.7145824432373,0.5436306595802307,0.7398145198822021,0.5491001009941101,0.7303573489189148,2.8927764892578125,2.68133544921875,Fixation,1400.5692896349676,1050.176388477457,228.0,11.0,True,14,word,image,11.0
2580.0,1407.8543090820312,1055.227289199829,0.5447102785110474,0.737829864025116,0.5499430894851685,0.7327967286109924,2.8949432373046875,2.670928955078125,Fixation,1400.5692896349676,1050.176388477457,228.0,11.0,True,14,word,image,11.0
2584.0,1410.1130676269531,1077.0759201049805,0.5552900433540344,0.7328397035598755,0.5508254170417786,0.747969388961792,2.8826904296875,2.709136962890625,Fixation,1400.5692896349676,1050.176388477457,228.0,11.0,True,14,word,image,11.0
2588.0,1415.6553649902344,1043.0746936798096,0.5475348234176636,0.7339403033256531,0.5529903769493103,0.7243574261665344,2.88885498046875,2.668060302734375,Fixation,1400.5692896349676,1050.176388477457,228.0,11.0,True,14,word,image,11.0
2592.0,1408.2107543945312,1043.5278797149658,0.5469284653663635,0.736632227897644,0.5500823259353638,0.7246721386909485,2.8865966796875,2.6784210205078125,Fixation,1400.5692896349676,1050.176388477457,228.0,11.0,True,14,word,image,11.0
2596.0,1423.22021484375,1067.358512878418,0.5487019419670105,0.7376869320869446,0.5559453964233398,0.7412211894989014,2.881011962890625,2.7075347900390625,Fixation,1400.5692896349676,1050.176388477457,228.0,11.0,True,14,word,image,11.0
2600.0,1399.6406555175781,1049.6237468719482,0.550446629524231,0.7142057418823242,0.546734631061554,0.7289053797721863,2.906402587890625,2.674163818359375,Fixation,1400.5692896349676,1050.176388477457,228.0,11.0,True,14,word,image,11.0
2604.0,1416.5574645996094,1057.5514125823975,0.5504211783409119,0.7477645874023438,0.5533427596092224,0.7344107031822205,2.855941772460937,2.6404571533203125,Fixation,1400.5692896349676,1050.176388477457,228.0,11.0,True,14,word,image,11.0
2608.0,1396.7816162109375,1057.7931118011475,0.548497200012207,0.7408149242401123,0.5456178188323975,0.734578549861908,2.895370483398437,2.6874542236328125,Fixation,1400.5692896349676,1050.176388477457,228.0,11.0,True,14,word,image,11.0
2612.0,1390.1779174804688,1057.151870727539,0.5502129197120667,0.7475031614303589,0.5430382490158081,0.734133243560791,2.884765625,2.680755615234375,Fixation,1400.5692896349676,1050.176388477457,228.0,11.0,True,14,word,image,11.0
2616.0,1399.1671752929688,1059.1338729858398,0.5447582006454468,0.7181209921836853,0.5465496778488159,0.7355096340179443,2.962432861328125,2.706817626953125,Fixation,1400.5692896349676,1050.176388477457,228.0,11.0,True,14,word,image,11.0
2620.0,1394.3629455566406,1051.583776473999,0.545761227607727,0.7217496037483215,0.5446730256080627,0.7302665114402771,2.8649444580078125,2.704742431640625,Fixation,1400.5692896349676,1050.176388477457,228.0,11.0,True,14,word,image,11.0
2624.0,1378.5098266601562,1060.7566738128662,0.5528018474578857,0.7276986837387085,0.5384804010391235,0.7366365790367126,2.90496826171875,2.699615478515625,Fixation,1400.5692896349676,1050.176388477457,228.0,11.0,True,14,word,image,11.0
2628.0,1381.6206359863281,1049.3837642669678,0.5454028248786926,0.7453134059906006,0.5396955609321594,0.7287387251853943,2.833587646484375,2.6924285888671875,Fixation,1400.5692896349676,1050.176388477457,228.0,11.0,True,14,word,image,11.0
2632.0,1387.225341796875,1032.9458141326904,0.5430982708930969,0.7217829823493958,0.5418848991394043,0.7173234820365906,2.91644287109375,2.6783905029296875,Fixation,1400.5692896349676,1050.176388477457,228.0,11.0,True,14,word,image,11.0
2636.0,1388.7077331542969,1046.6406154632568,0.5449543595314026,0.7208434343338013,0.5424639582633972,0.7268337607383728,2.906356811523437,2.6527252197265625,Fixation,1400.5692896349676,1050.176388477457,228.0,11.0,True,14,word,image,11.0
2640.0,1370.8074951171875,1033.2530879974365,0.5461756587028503,0.7179552912712097,0.5354716777801514,0.7175368666648865,2.9020233154296875,2.6728515625,Fixation,1400.5692896349676,1050.176388477457,228.0,11.0,True,14,word,image,11.0
2644.0,1382.3973083496094,1021.878547668457,0.5474717020988464,0.7193086743354797,0.5399989485740662,0.7096378803253174,2.9101104736328125,2.6655731201171875,Fixation,1400.5692896349676,1050.176388477457,228.0,11.0,True,14,word,image,11.0
2648.0,1390.2888488769531,1040.0357723236084,0.5476810932159424,0.7391310334205627,0.5430815815925598,0.7222470641136169,2.849456787109375,2.6510162353515625,Fixation,1400.5692896349676,1050.176388477457,228.0,11.0,True,14,word,image,11.0
2652.0,1374.4648742675781,1047.8965759277344,0.5503216981887817,0.7031481862068176,0.5369003415107727,0.7277059555053711,2.89239501953125,2.6980133056640625,Fixation,1400.5692896349676,1050.176388477457,228.0,11.0,True,14,word,image,11.0
2656.0,1368.6842346191406,994.5576095581055,0.5205100178718567,0.7078267335891724,0.5346422791481018,0.6906650066375732,2.91168212890625,2.688385009765625,Fixation,1400.5692896349676,1050.176388477457,228.0,11.0,True,14,word,image,11.0
2660.0,1332.545166015625,895.2624034881592,0.5195482969284058,0.6304687857627869,0.5205254554748535,0.6217100024223328,2.9030914306640625,2.6330108642578125,Saccade,,,,0.0,False,15,,,
2664.0,1343.4364318847656,830.1791381835938,0.5073602795600891,0.6345629096031189,0.5247798562049866,0.5765132904052734,2.885971069335937,2.638671875,Saccade,,,,0.0,False,15,,,
2668.0,1315.673828125,724.870719909668,0.4926017224788666,0.635753333568573,0.5139350891113281,0.5033824443817139,2.8388824462890625,2.647735595703125,Saccade,,,,0.0,False,15,,,
2672.0,1276.0830688476562,672.5929212570189,0.4810757339000702,0.5843112468719482,0.4984699487686157,0.4670784175395965,2.83154296875,2.6637725830078125,Saccade,,,,0.0,False,15,,,
2676.0,1279.5671844482422,650.0978565216063,,,0.4998309314250946,0.4514568448066711,,2.651092529296875,Saccade,,,,0.0,False,15,,,
2680.0,1269.9729919433591,585.1265573501587,0.4723780155181885,0.4547025561332702,0.4960831999778747,0.4063378870487213,2.8704986572265625,2.6351776123046875,Saccade,,,,0.0,False,15,,,
2684.0,1239.6215057373045,527.8422117233276,0.4689348042011261,0.4385713636875152,0.4842271506786346,0.3665570914745331,2.793701171875,2.627471923828125,Saccade,,,,0.0,False,15,,,
2688.0,1245.1817321777344,491.78267955780024,0.5004459619522095,0.3695966601371765,0.4863991141319275,0.3415157496929168,2.5939483642578125,2.6585693359375,Saccade,,,,0.0,False,15,,,
2692.0,1227.915802001953,458.80318164825434,,,0.4796546101570129,0.3186133205890655,,2.6927947998046875,Fixation,1207.3615380782114,507.8549241416062,312.0,12.0,True,16,word,image,11.0
2696.0,1219.3830108642578,480.754165649414,0.4693783819675445,0.3976140916347503,0.4763214886188507,0.3338570594787597,2.6076202392578125,2.646759033203125,Fixation,1207.3615380782114,507.8549241416062,312.0,12.0,True,16,word,image,11.0
2700.0,1222.2777557373045,435.4435014724731,0.4584946632385254,0.4140109121799469,0.4774522483348846,0.3023913204669952,2.7826385498046875,2.708602905273437,Fixation,1207.3615380782114,507.8549241416062,312.0,12.0,True,16,word,image,11.0
2704.0,1203.6551666259766,462.4780225753784,,,0.4701777994632721,0.3211652934551239,,2.6574859619140625,Fixation,1207.3615380782114,507.8549241416062,312.0,12.0,True,16,word,image,11.0
2708.0,1212.7811431884763,478.89726161956787,0.4659015536308288,0.4393334984779358,0.4737426340579986,0.3325675427913666,2.8227081298828125,2.707489013671875,Fixation,1207.3615380782114,507.8549241416062,312.0,12.0,True,16,word,image,11.0
2712.0,1195.3800201416016,489.60700035095215,0.4650363326072693,0.4068881571292877,0.4669453203678131,0.3400048613548279,2.80194091796875,2.7097320556640625,Fixation,1207.3615380782114,507.8549241416062,312.0,12.0,True,16,word,image,11.0
2716.0,1204.2948150634763,509.34200763702387,0.4647715091705322,0.362606018781662,0.4704276621341705,0.353709727525711,2.777069091796875,2.683868408203125,Fixation,1207.3615380782114,507.8549241416062,312.0,12.0,True,16,word,image,11.0
2720.0,1201.5702819824216,520.6054401397705,0.4655124545097351,0.3708405196666717,0.4693633913993835,0.3615315556526184,2.79815673828125,2.720611572265625,Fixation,1207.3615380782114,507.8549241416062,312.0,12.0,True,16,word,image,11.0
2724.0,1211.842575073242,463.0042505264282,0.4657495319843292,0.3808247447013855,0.4733760058879852,0.3215307295322418,2.806427001953125,2.693099975585937,Fixation,1207.3615380782114,507.8549241416062,312.0,12.0,True,16,word,image,11.0
2728.0,1210.182647705078,482.91727066040033,0.4642015099525451,0.3657341003417969,0.4727275967597961,0.3353592157363891,2.8050079345703125,2.6862945556640625,Fixation,1207.3615380782114,507.8549241416062,312.0,12.0,True,16,word,image,11.0
2732.0,1214.0521240234375,493.1472587585449,0.4622498452663421,0.3783829510211944,0.4742391109466553,0.3424633741378784,2.8229217529296875,2.654571533203125,Fixation,1207.3615380782114,507.8549241416062,312.0,12.0,True,16,word,image,11.0
2736.0,1217.1849060058594,505.21784305572504,0.4689528048038482,0.3976121544837951,0.4754628539085388,0.3508457243442535,2.859466552734375,2.698699951171875,Fixation,1207.3615380782114,507.8549241416062,312.0,12.0,True,16,word,image,11.0
2740.0,1200.1727294921873,508.89092445373535,0.4640803933143616,0.3605390787124634,0.4688174724578857,0.353396475315094,2.8353424072265625,2.6841278076171875,Fixation,1207.3615380782114,507.8549241416062,312.0,12.0,True,16,word,image,11.0
2744.0,1196.6078186035156,525.4380512237549,0.4651659727096557,0.3794135153293609,0.4674249291419983,0.364887535572052,2.8176422119140625,2.714340209960937,Fixation,1207.3615380782114,507.8549241416062,312.0,12.0,True,16,word,image,11.0
2748.0,1205.8831024169922,537.3433256149292,0.4662953317165375,0.3537305891513824,0.4710480868816376,0.3731550872325897,2.820068359375,2.722763061523437,Fixation,1207.3615380782114,507.8549241416062,312.0,12.0,True,16,word,image,11.0
2752.0,1207.4483489990232,540.9900140762328,0.4617847502231598,0.3329096138477325,0.4716595113277435,0.3756875097751617,2.79461669921875,2.7251434326171875,Fixation,1207.3615380782114,507.8549241416062,312.0,12.0,True,16,word,image,11.0
2756.0,1212.7551269531248,517.1010160446167,0.4589234590530395,0.3492656648159027,0.4737324714660644,0.3590979278087616,2.8281707763671875,2.671905517578125,Fixation,1207.3615380782114,507.8549241416062,312.0,12.0,True,16,word,image,11.0
2760.0,1211.4318084716797,515.4188632965088,0.4623889327049255,0.3643737733364105,0.4732155501842499,0.3579297661781311,2.81536865234375,2.6852264404296875,Fixation,1207.3615380782114,507.8549241416062,312.0,12.0,True,16,word,image,11.0
2764.0,1206.3902282714844,495.9963226318359,0.4644907712936401,0.3462913632392883,0.4712461829185486,0.3444418907165527,2.7938385009765625,2.6449127197265625,Fixation,1207.3615380782114,507.8549241416062,312.0,12.0,True,16,word,image,11.0
2768.0,1206.6625976562498,530.7730293273925,0.4666898548603058,0.3462067544460296,0.4713525772094726,0.3685923814773559,2.8206329345703125,2.709701538085937,Fixation,1207.3615380782114,507.8549241416062,312.0,12.0,True,16,word,image,11.0
2772.0,1202.3658752441404,515.7957458496093,0.4696427285671234,0.3273485600948334,0.4696741700172424,0.3581914901733398,2.80657958984375,2.6963348388671875,Fixation,1207.3615380782114,507.8549241416062,312.0,12.0,True,16,word,image,11.0
2776.0,1199.1828155517578,498.2278776168823,0.4702628254890442,0.363427460193634,0.4684307873249054,0.3459915816783905,2.7960662841796875,2.6426544189453125,Fixation,1207.3615380782114,507.8549241416062,312.0,12.0,True,16,word,image,11.0
2780.0,1207.2055053710938,508.366756439209,0.4736094176769256,0.3735797107219696,0.4715646505355835,0.3530324697494507,2.8075714111328125,2.6706695556640625,Fixation,1207.3615380782114,507.8549241416062,312.0,12.0,True,16,word,image,11.0
2784.0,1200.5533599853513,519.0615606307982,0.4704205393791199,0.3644337058067322,0.4689661562442779,0.360459417104721,2.8289337158203125,2.694808959960937,Fixation,1207.3615380782114,507.8549241416062,312.0,12.0,True,16,word,image,11.0
2788.0,1214.4842529296875,522.330207824707,0.4645084738731384,0.3261129260063171,0.4744079113006592,0.3627293109893799,2.7675323486328125,2.6993560791015625,Fixation,1207.3615380782114,507.8549241416062,312.0,12.0,True,16,word,image,11.0
2792.0,1209.0592956542969,513.7784671783446,0.4719286859035492,0.3861531913280487,0.4722887873649597,0.3567906022071838,2.848861694335937,2.699737548828125,Fixation,1207.3615380782114,507.8549241416062,312.0,12.0,True,16,word,image,11.0
2796.0,1216.91650390625,510.09697437286377,0.4665860533714294,0.3561833500862121,0.4753580093383789,0.3542340099811554,2.782989501953125,2.65301513671875,Fixation,1207.3615380782114,507.8549241416062,312.0,12.0,True,16,word,image,11.0
2800.0,1210.697784423828,519.447283744812,0.4637150466442108,0.3476584851741791,0.4729288220405578,0.3607272803783417,2.770263671875,2.69287109375,Fixation,1207.3615380782114,507.8549241416062,312.0,12.0,True,16,word,image,11.0
2804.0,1204.305953979492,507.8649473190307,0.4704518616199493,0.3769504725933075,0.4704320132732391,0.3526839911937713,2.8014068603515625,2.686309814453125,Fixation,1207.3615380782114,507.8549241416062,312.0,12.0,True,16,word,image,11.0
2808.0,1214.5477294921873,504.87606525421137,0.4674932360649109,0.3637842833995819,0.4744327068328857,0.3506083786487579,2.774322509765625,2.6763458251953125,Fixation,1207.3615380782114,507.8549241416062,312.0,12.0,True,16,word,image,11.0
2812.0,1205.095443725586,541.2403821945189,0.4614987373352051,0.3488328754901886,0.470740407705307,0.3758613765239715,2.769744873046875,2.7288970947265625,Fixation,1207.3615380782114,507.8549241416062,312.0,12.0,True,16,word,image,11.0
2816.0,1209.4602966308591,499.3405866622924,0.4671562314033508,0.3864574730396271,0.4724454283714294,0.3467642962932586,2.8109588623046875,2.6662750244140625,Fixation,1207.3615380782114,507.8549241416062,312.0,12.0,True,16,word,image,11.0
2820.0,1207.0308685302732,505.4505729675293,0.4649399518966675,0.3905091881752014,0.471496433019638,0.351007342338562,2.7934112548828125,2.6627349853515625,Fixation,1207.3615380782114,507.8549241416062,312.0,12.0,True,16,word,image,11.0
2824.0,1210.428771972656,508.3146142959594,0.4639716148376465,0.3924277126789093,0.4728237390518188,0.3529962599277496,2.816986083984375,2.6744384765625,Fixation,1207.3615380782114,507.8549241416062,312.0,12.0,True,16,word,image,11.0
2828.0,1196.2459564208982,513.0028152465819,0.4599766135215759,0.347965657711029,0.4672835767269134,0.3562519550323486,2.762939453125,2.681732177734375,Fixation,1207.3615380782114,507.8549241416062,312.0,12.0,True,16,word,image,11.0
2832.0,1204.8709869384766,524.829511642456,0.4676347076892853,0.3876039087772369,0.4706527292728424,0.3644649386405945,2.8230743408203125,2.7162628173828125,Fixation,1207.3615380782114,507.8549241416062,312.0,12.0,True,16,word,image,11.0
2836.0,1199.6149444580078,526.4672899246216,0.4669158160686493,0.3910226225852966,0.4685995876789093,0.3656022846698761,2.83306884765625,2.711532592773437,Fixation,1207.3615380782114,507.8549241416062,312.0,12.0,True,16,word,image,11.0
2840.0,1207.5541687011716,509.088807106018,0.4698274731636047,0.3909309208393097,0.4717008471488952,0.3535338938236236,2.8107452392578125,2.697021484375,Fixation,1207.3615380782114,507.8549241416062,312.0,12.0,True,16,word,image,11.0
2844.0,1209.1567993164062,531.8270301818847,0.4672780632972717,0.3714350461959839,0.4723268747329712,0.3693243265151977,2.7537078857421875,2.7441864013671875,Fixation,1207.3615380782114,507.8549241416062,312.0,12.0,True,16,word,image,11.0
2848.0,1205.919723510742,515.5238771438599,0.4657707810401916,0.3822759091854095,0.4710623919963836,0.3580026924610138,2.796493530273437,2.6892547607421875,Fixation,1207.3615380782114,507.8549241416062,312.0,12.0,True,16,word,image,11.0
2852.0,1213.3333587646484,488.75710487365717,0.4741754829883575,0.407844603061676,0.4739583432674408,0.3394146561622619,2.8409423828125,2.65985107421875,Fixation,1207.3615380782114,507.8549241416062,312.0,12.0,True,16,word,image,11.0
2856.0,1208.6896514892576,498.0932092666626,0.4647150933742523,0.4065588414669037,0.4721443951129913,0.3458980619907379,2.835067749023437,2.6793670654296875,Fixation,1207.3615380782114,507.8549241416062,312.0,12.0,True,16,word,image,11.0
2860.0,1212.6940155029297,501.7460346221924,0.4690966606140136,0.3986487090587616,0.4737085998058319,0.3484347462654114,2.800933837890625,2.67694091796875,Fixation,1207.3615380782114,507.8549241416062,312.0,12.0,True,16,word,image,11.0
2864.0,1205.2526092529295,492.33594417572016,0.4647965133190155,0.3755206763744354,0.4708018004894256,0.341899961233139,2.7561187744140625,2.6728515625,Fixation,1207.3615380782114,507.8549241416062,312.0,12.0,True,16,word,image,11.0
2868.0,1214.1780853271482,502.62133598327637,0.4618266820907593,0.3766669929027557,0.4742883145809173,0.3490425944328308,2.7676544189453125,2.6896209716796875,Fixation,1207.3615380782114,507.8549241416062,312.0,12.0,True,16,word,image,11.0
2872.0,1209.7686004638672,494.94558334350586,0.4649085402488708,0.396426260471344,0.4725658595561981,0.3437122106552124,2.7926483154296875,2.6539306640625,Fixation,1207.3615380782114,507.8549241416062,312.0,12.0,True,16,word,image,11.0
2876.0,1212.787857055664,509.0625,0.4662675857543945,0.4146558046340942,0.4737452566623688,0.353515625,2.825897216796875,2.69049072265625,Fixation,1207.3615380782114,507.8549241416062,312.0,12.0,True,16,word,image,11.0
2880.0,1196.5921783447266,523.1375741958618,0.465500146150589,0.4054037630558014,0.4674188196659088,0.3632899820804596,2.8104705810546875,2.6980133056640625,Fixation,1207.3615380782114,507.8549241416062,312.0,12.0,True,16,word,image,11.0
2884.0,1200.497589111328,504.4651508331298,0.468470960855484,0.3990496098995209,0.4689443707466125,0.3503230214118957,2.7828521728515625,2.662109375,Fixation,1207.3615380782114,507.8549241416062,312.0,12.0,True,16,word,image,11.0
2888.0,1211.4391326904297,526.3193607330322,0.4702123701572418,0.3959972858428955,0.4732184112071991,0.3654995560646057,2.8004302978515625,2.7063446044921875,Fixation,1207.3615380782114,507.8549241416062,312.0,12.0,True,16,word,image,11.0
2892.0,1194.8905944824216,538.8959169387816,0.4688522815704345,0.4192002713680267,0.466754138469696,0.3742332756519317,2.830062866210937,2.7535552978515625,Fixation,1207.3615380782114,507.8549241416062,312.0,12.0,True,16,word,image,11.0
2896.0,1205.9227752685547,519.8480272293091,0.4642100036144256,0.4155680239200592,0.4710635840892792,0.361005574464798,2.826934814453125,2.702850341796875,Fixation,1207.3615380782114,507.8549241416062,312.0,12.0,True,16,word,image,11.0
2900.0,1211.8788146972656,541.8540716171265,0.4681613445281982,0.3950987458229065,0.4733901619911194,0.3762875497341156,2.8015594482421875,2.7409820556640625,Fixation,1207.3615380782114,507.8549241416062,312.0,12.0,True,16,word,image,11.0
2904.0,1208.989562988281,515.5384254455566,0.4633346498012543,0.385795533657074,0.4722615480422973,0.3580127954483032,2.7857666015625,2.725494384765625,Fixation,1207.3615380782114,507.8549241416062,312.0,12.0,True,16,word,image,11.0
2908.0,1208.8674163818357,511.09861850738525,0.4666517972946167,0.3942050635814667,0.4722138345241546,0.3549295961856842,2.824493408203125,2.680999755859375,Fixation,1207.3615380782114,507.8549241416062,312.0,12.0,True,16,word,image,11.0
2912.0,1198.2624816894531,513.7674808502197,0.4632550179958343,0.3737461864948272,0.4680712819099426,0.3567829728126526,2.76458740234375,2.70147705078125,Fixation,1207.3615380782114,507.8549241416062,312.0,12.0,True,16,word,image,11.0
2916.0,1215.5242919921873,494.7652530670166,0.4659841954708099,0.3751062750816345,0.4748141765594482,0.3435869812965393,2.75897216796875,2.6713409423828125,Fixation,1207.3615380782114,507.8549241416062,312.0,12.0,True,16,word,image,11.0
2920.0,1217.5008392333982,521.849341392517,0.4707873463630676,0.3925918638706207,0.4755862653255462,0.3623953759670257,2.780502319335937,2.7122039794921875,Fixation,1207.3615380782114,507.8549241416062,312.0,12.0,True,16,word,image,11.0
2924.0,1210.0826263427734,520.555272102356,0.4671063125133514,0.3934675455093384,0.4726885259151459,0.3614967167377472,2.766708374023437,2.73358154296875,Fixation,1207.3615380782114,507.8549241416062,312.0,12.0,True,16,word,image,11.0
2928.0,1208.4298706054685,505.7469463348388,0.4641538560390472,0.4058164060115814,0.4720429182052612,0.3512131571769714,2.8282470703125,2.6893463134765625,Fixation,1207.3615380782114,507.8549241416062,312.0,12.0,True,16,word,image,11.0
2932.0,1206.7205047607422,504.96047973632807,0.4670175909996032,0.3975846767425537,0.4713751971721649,0.3506669998168945,2.8073272705078125,2.7004852294921875,Fixation,1207.3615380782114,507.8549241416062,312.0,12.0,True,16,word,image,11.0
2936.0,1212.6139831542969,504.33086872100824,0.4626573622226715,0.3762773871421814,0.4736773371696472,0.3502297699451446,2.78497314453125,2.688232421875,Fixation,1207.3615380782114,507.8549241416062,312.0,12.0,True,16,word,image,11.0
2940.0,1210.8950042724607,493.8266944885254,0.4724242687225342,0.4046494960784912,0.47300586104393,0.3429352045059204,2.8299102783203125,2.6747589111328125,Fixation,1207.3615380782114,507.8549241416062,312.0,12.0,True,16,word,image,11.0
2944.0,1196.4286804199219,506.5032434463501,0.4662782847881317,0.3834816217422485,0.467354953289032,0.3517383635044098,2.784912109375,2.7073516845703125,Fixation,1207.3615380782114,507.8549241416062,312.0,12.0,True,16,word,image,11.0
2948.0,1210.5742645263672,500.05062103271484,0.4630765318870544,0.3751710951328277,0.4728805720806122,0.3472573757171631,2.785919189453125,2.677703857421875,Fixation,1207.3615380782114,507.8549241416062,312.0,12.0,True,16,word,image,11.0
2952.0,1211.9448089599607,504.4219779968261,0.466846227645874,0.3678547143936157,0.4734159409999847,0.3502930402755737,2.773910522460937,2.677825927734375,Fixation,1207.3615380782114,507.8549241416062,312.0,12.0,True,16,word,image,11.0
2956.0,1204.1795349121094,499.8764276504516,0.4662685394287109,0.373849481344223,0.4703826308250427,0.3471364080905914,2.766510009765625,2.6847686767578125,Fixation,1207.3615380782114,507.8549241416062,312.0,12.0,True,16,word,image,11.0
2960.0,1214.1185760498045,492.4938297271728,0.4670293033123016,0.3688778281211853,0.4742650687694549,0.3420096039772033,2.7480010986328125,2.66351318359375,Fixation,1207.3615380782114,507.8549241416062,312.0,12.0,True,16,word,image,11.0
2964.0,1199.0343475341795,507.4930429458618,0.4680112898349762,0.3803762793540954,0.4683727920055389,0.3524257242679596,2.8319244384765625,2.6546783447265625,Fixation,1207.3615380782114,507.8549241416062,312.0,12.0,True,16,word,image,11.0
2968.0,1216.7157745361328,492.03738212585444,0.4697093665599823,0.3938122987747192,0.4752795994281769,0.3416926264762878,2.8228912353515625,2.6663818359375,Fixation,1207.3615380782114,507.8549241416062,312.0,12.0,True,16,word,image,11.0
2972.0,1198.9910888671875,522.0069694519042,0.4693051874637604,0.3597849309444427,0.4683558940887451,0.3625048398971557,2.7734375,2.6910858154296875,Fixation,1207.3615380782114,507.8549241416062,312.0,12.0,True,16,word,image,11.0
2976.0,1198.9957427978513,507.7608346939087,0.4688782691955566,0.3573043644428253,0.4683577120304107,0.3526116907596588,2.7771453857421875,2.677719116210937,Fixation,1207.3615380782114,507.8549241416062,312.0,12.0,True,16,word,image,11.0
2980.0,1204.6537017822263,507.91674613952637,0.4623727798461914,0.3296868205070495,0.4705678522586822,0.3527199625968933,2.753768920898437,2.658294677734375,Fixation,1207.3615380782114,507.8549241416062,312.0,12.0,True,16,word,image,11.0
2984.0,1195.1753234863281,507.21362113952637,0.4669191837310791,0.3554133474826813,0.4668653607368469,0.3522316813468933,2.7621307373046875,2.6760711669921875,Fixation,1207.3615380782114,507.8549241416062,312.0,12.0,True,16,word,image,11.0
2988.0,1200.022048950195,522.8266096115111,0.4686498045921325,0.3334111869335174,0.46875861287117,0.3630740344524383,2.7964324951171875,2.695953369140625,Fixation,1207.3615380782114,507.8549241416062,312.0,12.0,True,16,word,image,11.0
2992.0,1196.3687896728513,516.4293909072875,0.4664319157600403,0.3447127938270569,0.4673315584659576,0.3586315214633941,2.8046112060546875,2.6794586181640625,Fixation,1207.3615380782114,507.8549241416062,312.0,12.0,True,16,word,image,11.0
2996.0,1194.1119384765625,515.9980058670043,0.4640250205993652,0.3492840528488159,0.4664499759674072,0.358331948518753,2.7684783935546875,2.655609130859375,Fixation,1207.3615380782114,507.8549241416062,312.0,12.0,True,16,word,image,11.0
3000.0,1197.3426055908203,519.5978736877441,0.466260552406311,0.3917626440525055,0.4677119553089142,0.3608318567276001,2.775787353515625,2.683380126953125,Fixation,1207.3615380782114,507.8549241416062,312.0,12.0,True,16,word,image,11.0
3004.0,1224.5233917236326,522.291111946106,,,0.478329449892044,0.3627021610736847,,2.66046142578125,Fixation,1207.3615380782114,507.8549241416062,312.0,12.0,True,16,word,image,11.0
3008.0,1280.3155517578125,484.5474958419799,0.4887398779392242,0.5578396916389465,0.5001232624053955,0.3364913165569305,2.7113189697265625,2.693832397460937,Saccade,,,,0.0,False,17,,,
3012.0,1335.4678344726562,500.76451778411865,0.516009509563446,0.6924285888671875,0.5216671228408813,0.3477531373500824,2.80230712890625,2.696014404296875,Saccade,,,,0.0,False,17,,,
3016.0,1366.4179992675781,600.6032466888427,,,0.5337570309638977,0.417085587978363,,2.607284545898437,Saccade,,,,0.0,False,17,,,
3020.0,,,,,,,,,Saccade,,,,0.0,False,17,,,
3024.0,,,,,,,,,Saccade,,,,0.0,False,17,,,
3028.0,,,,,,,,,Saccade,,,,0.0,False,17,,,
3032.0,,,,,,,,,Saccade,,,,0.0,False,17,,,
3036.0,,,,,,,,,Saccade,,,,0.0,False,17,,,
3040.0,,,,,,,,,Saccade,,,,0.0,False,17,,,
3044.0,,,,,,,,,Saccade,,,,0.0,False,17,,,
3048.0,,,,,,,,,Saccade,,,,0.0,False,17,,,
3052.0,,,,,,,,,Saccade,,,,0.0,False,17,,,
3056.0,,,,,,,,,Saccade,,,,0.0,False,17,,,
3060.0,1490.0807189941406,921.1929702758789,0.5966090559959412,1.0086655616760254,0.5820627808570862,0.6397173404693604,1.5444793701171875,2.082382202148437,Saccade,,,,0.0,False,17,,,
3064.0,,,,,,,,,Saccade,,,,0.0,False,17,,,
3068.0,,,,,,,,,Saccade,,,,0.0,False,17,,,
3072.0,1642.2825622558594,978.570613861084,,,0.6415166258811951,0.6795629262924194,,2.557357788085937,Saccade,,,,0.0,False,17,,,
3076.0,,,,,,,,,Saccade,,,,0.0,False,17,,,
3080.0,1674.8997497558594,1079.5390892028809,,,0.6542577147483826,0.7496799230575562,,2.449798583984375,Saccade,,,,0.0,False,17,,,
3084.0,1581.9181823730469,1009.4950675964355,,,0.6179367899894714,0.7010382413864136,,2.6135406494140625,Saccade,,,,0.0,False,17,,,
3088.0,1621.5798950195312,1114.4319248199463,,,0.6334296464920044,0.7739110589027405,,2.587127685546875,Saccade,,,,0.0,False,17,,,
3092.0,,,,,,,,,Saccade,,,,0.0,False,17,,,
3096.0,1603.34716796875,898.8796520233154,,,0.626307487487793,0.6242219805717468,,2.59814453125,Fixation,1600.542460123698,942.9255437850952,116.0,13.0,True,18,word,image,11.0
3100.0,1619.3698120117188,976.2696647644043,,,0.6325663328170776,0.6779650449752808,,2.6934356689453125,Fixation,1600.542460123698,942.9255437850952,116.0,13.0,True,18,word,image,11.0
3104.0,1625.2067565917969,911.9882297515869,0.6723871827125549,0.8344219923019409,0.6348463892936707,0.6333251595497131,2.4395751953125,2.66656494140625,Fixation,1600.542460123698,942.9255437850952,116.0,13.0,True,18,word,image,11.0
3108.0,1620.7218933105469,939.44993019104,,,0.6330944895744324,0.6523957848548889,,2.6682281494140625,Fixation,1600.542460123698,942.9255437850952,116.0,13.0,True,18,word,image,11.0
3112.0,1598.6680603027344,961.5860080718994,0.6320988535881042,0.7600484490394592,0.6244797110557556,0.6677680611610413,2.7192535400390625,2.7198638916015625,Fixation,1600.542460123698,942.9255437850952,116.0,13.0,True,18,word,image,11.0
3116.0,1595.6729125976562,935.9279537200928,0.6442202925682068,0.7251206040382385,0.6233097314834595,0.6499499678611755,2.738388061523437,2.74041748046875,Fixation,1600.542460123698,942.9255437850952,116.0,13.0,True,18,word,image,11.0
3120.0,1587.2125244140625,910.5743408203125,0.6324770450592041,0.7519324421882629,0.6200048923492432,0.6323432922363281,2.7441558837890625,2.7488555908203125,Fixation,1600.542460123698,942.9255437850952,116.0,13.0,True,18,word,image,11.0
3124.0,1591.9346618652344,936.3074111938477,0.6334747076034546,0.7213708162307739,0.6218494772911072,0.6502134799957275,2.769515991210937,2.7469940185546875,Fixation,1600.542460123698,942.9255437850952,116.0,13.0,True,18,word,image,11.0
3128.0,1598.9862060546875,913.9924621582031,0.6304311752319336,0.7082023024559021,0.6246039867401123,0.6347169876098633,2.8358154296875,2.716888427734375,Fixation,1600.542460123698,942.9255437850952,116.0,13.0,True,18,word,image,11.0
3132.0,1579.5819091796875,959.3550109863281,0.6367285251617432,0.7173364758491516,0.6170241832733154,0.6662187576293945,2.800994873046875,2.750274658203125,Fixation,1600.542460123698,942.9255437850952,116.0,13.0,True,18,word,image,11.0
3136.0,1595.3138732910156,911.810302734375,0.6357565522193909,0.6941441297531128,0.623169481754303,0.6332015991210938,2.863510131835937,2.6929168701171875,Fixation,1600.542460123698,942.9255437850952,116.0,13.0,True,18,word,image,11.0
3140.0,1579.5411682128906,928.553638458252,0.6395322680473328,0.7353838086128235,0.6170082688331604,0.6448289155960083,2.8094024658203125,2.739837646484375,Fixation,1600.542460123698,942.9255437850952,116.0,13.0,True,18,word,image,11.0
3144.0,1594.3916320800781,979.0132427215576,0.6304561495780945,0.7246212959289551,0.6228092312812805,0.6798703074455261,2.822296142578125,2.664825439453125,Fixation,1600.542460123698,942.9255437850952,116.0,13.0,True,18,word,image,11.0
3148.0,1602.4166870117188,880.6275844573975,0.6310809850692749,0.7256994247436523,0.6259440183639526,0.6115469336509705,2.8166046142578125,2.639511108398437,Fixation,1600.542460123698,942.9255437850952,116.0,13.0,True,18,word,image,11.0
3152.0,1592.0097351074219,964.1573238372803,0.6280238628387451,0.6984031796455383,0.6218788027763367,0.6695536971092224,2.815948486328125,2.727203369140625,Fixation,1600.542460123698,942.9255437850952,116.0,13.0,True,18,word,image,11.0
3156.0,1582.3779296875,947.4254894256592,0.6355432868003845,0.7119194269180298,0.6181163787841797,0.6579343676567078,2.8183135986328125,2.735504150390625,Fixation,1600.542460123698,942.9255437850952,116.0,13.0,True,18,word,image,11.0
3160.0,1590.1168823242188,957.8607845306396,0.6342692375183105,0.7129021286964417,0.621139407157898,0.6651811003684998,2.803070068359375,2.67852783203125,Fixation,1600.542460123698,942.9255437850952,116.0,13.0,True,18,word,image,11.0
3164.0,1605.2775573730469,948.4219837188721,0.6337875723838806,0.7271392941474915,0.6270615458488464,0.65862637758255,2.8065185546875,2.682037353515625,Fixation,1600.542460123698,942.9255437850952,116.0,13.0,True,18,word,image,11.0
3168.0,1617.666015625,907.4445247650146,0.6200692057609558,0.7153687477111816,0.6319007873535156,0.6301698088645935,2.83160400390625,2.689071655273437,Fixation,1600.542460123698,942.9255437850952,116.0,13.0,True,18,word,image,11.0
3172.0,1598.0206298828125,975.236005783081,0.6300914883613586,0.6911723017692566,0.6242268085479736,0.6772472262382507,2.81304931640625,2.70635986328125,Fixation,1600.542460123698,942.9255437850952,116.0,13.0,True,18,word,image,11.0
3176.0,1610.3233337402344,949.5001029968262,0.6303286552429199,0.6776397824287415,0.629032552242279,0.6593750715255737,2.8417510986328125,2.6879119873046875,Fixation,1600.542460123698,942.9255437850952,116.0,13.0,True,18,word,image,11.0
3180.0,1593.9869689941406,947.1599292755127,0.635481595993042,0.7125481367111206,0.6226511597633362,0.6577499508857727,2.83392333984375,2.707244873046875,Fixation,1600.542460123698,942.9255437850952,116.0,13.0,True,18,word,image,11.0
3184.0,1608.5533142089844,952.4332809448242,0.6376317739486694,0.7143269777297974,0.6283411383628845,0.6614120006561279,2.81378173828125,2.6862030029296875,Fixation,1600.542460123698,942.9255437850952,116.0,13.0,True,18,word,image,11.0
3188.0,1592.8994750976562,967.5114154815674,0.6345292925834656,0.7088612914085388,0.622226357460022,0.6718829274177551,2.782821655273437,2.7017364501953125,Fixation,1600.542460123698,942.9255437850952,116.0,13.0,True,18,word,image,11.0
3192.0,1597.5840759277344,954.8974800109863,0.6198108792304993,0.6935352683067322,0.6240562796592712,0.6631232500076294,2.8217010498046875,2.7008056640625,Fixation,1600.542460123698,942.9255437850952,116.0,13.0,True,18,word,image,11.0
3196.0,1604.2279052734375,941.1698055267334,0.6343986392021179,0.6934195756912231,0.6266515254974365,0.6535901427268982,2.8376007080078125,2.6584014892578125,Fixation,1600.542460123698,942.9255437850952,116.0,13.0,True,18,word,image,11.0
3200.0,1612.3088073730469,933.6727523803711,0.6321924924850464,0.6901031136512756,0.6298081278800964,0.6483838558197021,2.817626953125,2.71478271484375,Fixation,1600.542460123698,942.9255437850952,116.0,13.0,True,18,word,image,11.0
3204.0,1603.5479736328125,953.6149978637695,0.623944878578186,0.668883204460144,0.6263859272003174,0.6622326374053955,2.884033203125,2.699081420898437,Fixation,1600.542460123698,942.9255437850952,116.0,13.0,True,18,word,image,11.0
3208.0,1612.0161437988281,965.0102233886719,0.6351031064987183,0.7395217418670654,0.6296938061714172,0.6701459884643555,2.753280639648437,2.67718505859375,Fixation,1600.542460123698,942.9255437850952,116.0,13.0,True,18,word,image,11.0
3212.0,1602.9917907714844,977.9147815704346,0.627869725227356,0.6725645065307617,0.6261686682701111,0.6791074872016907,2.8592529296875,2.693084716796875,Fixation,1600.542460123698,942.9255437850952,116.0,13.0,True,18,word,image,11.0
3216.0,1586.7222595214844,983.8333225250244,0.6374502778053284,0.7221948504447937,0.6198133826255798,0.6832175850868225,2.77752685546875,2.712677001953125,Saccade,,,,0.0,False,19,,,
3220.0,1587.1380615234375,987.6466083526611,0.6233571767807007,0.6876464486122131,0.6199758052825928,0.6858657002449036,2.85382080078125,2.7347412109375,Saccade,,,,0.0,False,19,,,
3224.0,1570.8279418945312,1000.9994602203369,0.6358276009559631,0.694581151008606,0.6136046648025513,0.6951385140419006,2.83642578125,2.6865997314453125,Saccade,,,,0.0,False,19,,,
3228.0,1600.6602478027344,1020.8137321472168,0.631759524345398,0.7100709676742554,0.6252579092979431,0.7088984251022339,2.855987548828125,2.710601806640625,Saccade,,,,0.0,False,19,,,
3232.0,1612.3419189453125,1029.545545578003,0.6429879665374756,0.7399275898933411,0.6298210620880127,0.7149621844291687,2.871124267578125,2.703155517578125,Saccade,,,,0.0,False,19,,,
3236.0,1636.4138793945312,1086.1018753051758,0.6400885581970215,0.7641926407814026,0.6392241716384888,0.7542374134063721,2.8774871826171875,2.718017578125,Fixation,1663.494830607676,1047.1544910090497,232.0,14.0,True,20,word,image,11.0
3240.0,1640.9831237792969,1074.4541358947754,0.6607776284217834,0.7880514860153198,0.6410090327262878,0.7461487054824829,2.735702514648437,2.738876342773437,Fixation,1663.494830607676,1047.1544910090497,232.0,14.0,True,20,word,image,11.0
3244.0,1663.2763671875,1055.2416229248047,0.6727938652038574,0.7459940314292908,0.6497173309326172,0.7328066825866699,2.8376617431640625,2.7325897216796875,Fixation,1663.494830607676,1047.1544910090497,232.0,14.0,True,20,word,image,11.0
3248.0,1644.1421508789062,1017.8516292572021,0.667496383190155,0.7444943785667419,0.6422430276870728,0.7068414092063904,2.8533172607421875,2.697509765625,Fixation,1663.494830607676,1047.1544910090497,232.0,14.0,True,20,word,image,11.0
3252.0,1652.9397583007812,1017.2849750518799,0.6576560735702515,0.7400339245796204,0.6456795930862427,0.7064478993415833,2.852645874023437,2.6961669921875,Fixation,1663.494830607676,1047.1544910090497,232.0,14.0,True,20,word,image,11.0
3256.0,1646.1723327636719,1032.1698188781738,0.663902759552002,0.7188516855239868,0.6430360674858093,0.7167845964431763,2.8856201171875,2.72210693359375,Fixation,1663.494830607676,1047.1544910090497,232.0,14.0,True,20,word,image,11.0
3260.0,1646.6548156738281,1053.3991813659668,0.6761776208877563,0.7495945692062378,0.6432245373725891,0.7315272092819214,2.8195037841796875,2.701171875,Fixation,1663.494830607676,1047.1544910090497,232.0,14.0,True,20,word,image,11.0
3264.0,1660.5340576171875,1032.2272396087646,0.6646702885627747,0.7176535725593567,0.6486461162567139,0.716824471950531,2.8995819091796875,2.7352294921875,Fixation,1663.494830607676,1047.1544910090497,232.0,14.0,True,20,word,image,11.0
3268.0,1661.0969543457031,1029.6435642242432,0.6579298973083496,0.7196619510650635,0.6488659977912903,0.7150302529335022,2.8897857666015625,2.7049713134765625,Fixation,1663.494830607676,1047.1544910090497,232.0,14.0,True,20,word,image,11.0
3272.0,1655.6843566894531,1046.2081146240234,0.6577496528625488,0.7178170084953308,0.6467517018318176,0.7265334129333496,2.918914794921875,2.7286529541015625,Fixation,1663.494830607676,1047.1544910090497,232.0,14.0,True,20,word,image,11.0
3276.0,1650.7403564453125,1053.7677383422852,0.6674627065658569,0.7281398773193359,0.6448204517364502,0.7317831516265869,2.876708984375,2.70831298828125,Fixation,1663.494830607676,1047.1544910090497,232.0,14.0,True,20,word,image,11.0
3280.0,1665.6050109863281,1051.741189956665,0.6790132522583008,0.7911912798881531,0.6506269574165344,0.7303758263587952,2.7025146484375,2.73236083984375,Fixation,1663.494830607676,1047.1544910090497,232.0,14.0,True,20,word,image,11.0
3284.0,1660.2131652832031,1049.2926120758057,0.6670224070549011,0.7544107437133789,0.6485207676887512,0.7286754250526428,2.820175170898437,2.703369140625,Fixation,1663.494830607676,1047.1544910090497,232.0,14.0,True,20,word,image,11.0
3288.0,1641.2220764160156,1044.8810005187988,0.6649340391159058,0.7592941522598267,0.6411023736000061,0.7256118059158325,2.8173980712890625,2.741302490234375,Fixation,1663.494830607676,1047.1544910090497,232.0,14.0,True,20,word,image,11.0
3292.0,1667.1034240722656,1056.9365215301514,0.6582437753677368,0.7118516564369202,0.6512122750282288,0.7339836955070496,2.916000366210937,2.72509765625,Fixation,1663.494830607676,1047.1544910090497,232.0,14.0,True,20,word,image,11.0
3296.0,1669.5744323730469,1043.78511428833,0.660557746887207,0.7272956967353821,0.6521775126457214,0.7248507738113403,2.890167236328125,2.7445220947265625,Fixation,1663.494830607676,1047.1544910090497,232.0,14.0,True,20,word,image,11.0
3300.0,1664.1217041015625,1057.994041442871,0.6618954539299011,0.7433313727378845,0.6500475406646729,0.7347180843353271,2.8966522216796875,2.707015991210937,Fixation,1663.494830607676,1047.1544910090497,232.0,14.0,True,20,word,image,11.0
3304.0,1673.1005859375,1025.7905387878418,0.659674882888794,0.749035656452179,0.6535549163818359,0.7123545408248901,2.8246307373046875,2.727691650390625,Fixation,1663.494830607676,1047.1544910090497,232.0,14.0,True,20,word,image,11.0
3308.0,1656.3308715820312,1065.9828186035156,0.6559668779373169,0.7297140955924988,0.647004246711731,0.7402658462524414,2.880584716796875,2.7675933837890625,Fixation,1663.494830607676,1047.1544910090497,232.0,14.0,True,20,word,image,11.0
3312.0,1668.5963439941406,991.3772392272949,0.6614730954170227,0.7422884106636047,0.6517954468727112,0.6884564161300659,2.863998413085937,2.68060302734375,Fixation,1663.494830607676,1047.1544910090497,232.0,14.0,True,20,word,image,11.0
3316.0,1669.4819641113281,1032.3231983184814,0.6747695803642273,0.7388468980789185,0.6521413922309875,0.7168911099433899,2.86944580078125,2.7351837158203125,Fixation,1663.494830607676,1047.1544910090497,232.0,14.0,True,20,word,image,11.0
3320.0,1689.6894836425781,1025.1843166351318,0.6539191603660583,0.7219170928001404,0.6600349545478821,0.7119335532188416,2.857635498046875,2.7080535888671875,Fixation,1663.494830607676,1047.1544910090497,232.0,14.0,True,20,word,image,11.0
3324.0,1678.4660339355469,1047.8900527954102,0.6552779078483582,0.7289224863052368,0.655650794506073,0.7277014255523682,2.9013824462890625,2.723175048828125,Fixation,1663.494830607676,1047.1544910090497,232.0,14.0,True,20,word,image,11.0
3328.0,1670.6271362304688,1038.4963989257812,0.6682374477386475,0.7318614721298218,0.6525887250900269,0.7211780548095703,2.8516998291015625,2.7182769775390625,Fixation,1663.494830607676,1047.1544910090497,232.0,14.0,True,20,word,image,11.0
3332.0,1685.7023620605469,1059.1580772399902,0.6625086665153503,0.7639275789260864,0.6584774851799011,0.735526442527771,2.826690673828125,2.75164794921875,Fixation,1663.494830607676,1047.1544910090497,232.0,14.0,True,20,word,image,11.0
3336.0,1670.4887390136719,1060.109338760376,0.6660181283950806,0.7638589143753052,0.6525346636772156,0.7361870408058167,2.833114624023437,2.720703125,Fixation,1663.494830607676,1047.1544910090497,232.0,14.0,True,20,word,image,11.0
3340.0,1669.5634460449219,1053.3302593231201,0.659406304359436,0.7295531630516052,0.6521732211112976,0.7314793467521667,2.89813232421875,2.69720458984375,Fixation,1663.494830607676,1047.1544910090497,232.0,14.0,True,20,word,image,11.0
3344.0,1653.9057922363281,1046.7621517181396,0.6778619289398193,0.7499039769172668,0.6460569500923157,0.7269181609153748,2.8366851806640625,2.74652099609375,Fixation,1663.494830607676,1047.1544910090497,232.0,14.0,True,20,word,image,11.0
3348.0,1665.5372619628906,1045.0986671447754,0.6595732569694519,0.7198067903518677,0.6506004929542542,0.7257629632949829,2.9099578857421875,2.73980712890625,Fixation,1663.494830607676,1047.1544910090497,232.0,14.0,True,20,word,image,11.0
3352.0,1651.3406372070312,1020.5564117431641,0.665031909942627,0.7377527356147766,0.6450549364089966,0.7087197303771973,2.899398803710937,2.703216552734375,Fixation,1663.494830607676,1047.1544910090497,232.0,14.0,True,20,word,image,11.0
3356.0,1666.6192626953125,1030.3925228118896,0.6697622537612915,0.7562799453735352,0.6510231494903564,0.7155503630638123,2.8767852783203125,2.751800537109375,Fixation,1663.494830607676,1047.1544910090497,232.0,14.0,True,20,word,image,11.0
3360.0,1675.0517272949219,1030.1572608947754,0.6589857339859009,0.7331350445747375,0.6543170809745789,0.7153869867324829,2.8897705078125,2.745025634765625,Fixation,1663.494830607676,1047.1544910090497,232.0,14.0,True,20,word,image,11.0
3364.0,1688.8920593261719,1041.730842590332,0.6658501625061035,0.7578334808349609,0.6597234606742859,0.7234241962432861,2.8420867919921875,2.730941772460937,Fixation,1663.494830607676,1047.1544910090497,232.0,14.0,True,20,word,image,11.0
3368.0,1691.4241027832031,1051.0558319091797,0.6605551242828369,0.7178826928138733,0.6607125401496887,0.7298998832702637,2.8992156982421875,2.725982666015625,Fixation,1663.494830607676,1047.1544910090497,232.0,14.0,True,20,word,image,11.0
3372.0,1677.1185302734375,1059.576244354248,0.6569839119911194,0.7227156758308411,0.6551244258880615,0.7358168363571167,2.920440673828125,2.7439117431640625,Fixation,1663.494830607676,1047.1544910090497,232.0,14.0,True,20,word,image,11.0
3376.0,1686.8608093261719,1041.9990634918213,0.6651044487953186,0.7446982264518738,0.6589300036430359,0.7236104607582092,2.828598022460937,2.7274932861328125,Fixation,1663.494830607676,1047.1544910090497,232.0,14.0,True,20,word,image,11.0
3380.0,1650.0929260253906,1076.0160827636719,0.673858106136322,0.7446231245994568,0.6445675492286682,0.7472333908081055,2.8418731689453125,2.7551422119140625,Fixation,1663.494830607676,1047.1544910090497,232.0,14.0,True,20,word,image,11.0
3384.0,1649.4871520996094,1051.6979312896729,0.6586889028549194,0.7251617908477783,0.6443309187889099,0.7303457856178284,2.9205474853515625,2.7383270263671875,Fixation,1663.494830607676,1047.1544910090497,232.0,14.0,True,20,word,image,11.0
3388.0,1669.4758605957031,1054.8226833343506,0.6570934057235718,0.7425380945205688,0.6521390080451965,0.7325157523155212,2.889251708984375,2.73089599609375,Fixation,1663.494830607676,1047.1544910090497,232.0,14.0,True,20,word,image,11.0
3392.0,1643.4329223632812,1064.676218032837,0.6602668762207031,0.7309730648994446,0.6419659852981567,0.7393584847450256,2.9266510009765625,2.773178100585937,Fixation,1663.494830607676,1047.1544910090497,232.0,14.0,True,20,word,image,11.0
3396.0,1653.8871765136719,1051.0423564910889,0.6634610295295715,0.7659426927566528,0.6460496783256531,0.7298905253410339,2.870880126953125,2.755966186523437,Fixation,1663.494830607676,1047.1544910090497,232.0,14.0,True,20,word,image,11.0
3400.0,1667.3619079589844,1055.6855392456055,0.6558962464332581,0.7490681409835815,0.6513132452964783,0.7331149578094482,2.88507080078125,2.7566070556640625,Fixation,1663.494830607676,1047.1544910090497,232.0,14.0,True,20,word,image,11.0
3404.0,1683.4031677246094,1049.6320724487305,0.6671403646469116,0.747187614440918,0.6575793623924255,0.7289111614227295,2.864715576171875,2.735458374023437,Fixation,1663.494830607676,1047.1544910090497,232.0,14.0,True,20,word,image,11.0
3408.0,1673.5897827148438,1071.0967826843262,0.664926290512085,0.7313487529754639,0.6537460088729858,0.7438172101974487,2.966796875,2.709808349609375,Fixation,1663.494830607676,1047.1544910090497,232.0,14.0,True,20,word,image,11.0
3412.0,1655.7002258300781,1065.6217288970947,0.6802662014961243,0.765586793422699,0.6467579007148743,0.7400150895118713,2.837982177734375,2.7415008544921875,Fixation,1663.494830607676,1047.1544910090497,232.0,14.0,True,20,word,image,11.0
3416.0,1671.5516662597656,1064.1105937957764,0.6641728281974792,0.7743113040924072,0.652949869632721,0.7389656901359558,2.8352813720703125,2.7523345947265625,Fixation,1663.494830607676,1047.1544910090497,232.0,14.0,True,20,word,image,11.0
3420.0,1669.5242309570312,1087.148494720459,0.6709774136543274,0.7491020560264587,0.6521579027175903,0.7549642324447632,2.88287353515625,2.748397827148437,Fixation,1663.494830607676,1047.1544910090497,232.0,14.0,True,20,word,image,11.0
3424.0,1654.4224548339844,1087.7553176879883,0.6571246981620789,0.7440416812896729,0.6462587714195251,0.7553856372833252,2.87847900390625,2.73541259765625,Fixation,1663.494830607676,1047.1544910090497,232.0,14.0,True,20,word,image,11.0
3428.0,1670.2583312988281,1053.069248199463,0.6656512022018433,0.749268651008606,0.6524446606636047,0.7312980890274048,2.86297607421875,2.7734375,Fixation,1663.494830607676,1047.1544910090497,232.0,14.0,True,20,word,image,11.0
3432.0,1665.133056640625,1033.7309074401855,0.6610303521156311,0.7492128014564514,0.6504426002502441,0.7178686857223511,2.848114013671875,2.7928009033203125,Fixation,1663.494830607676,1047.1544910090497,232.0,14.0,True,20,word,image,11.0
3436.0,1667.3309326171875,1048.6988353729248,0.6644718050956726,0.7432807683944702,0.6513011455535889,0.7282630801200867,2.899322509765625,2.77435302734375,Fixation,1663.494830607676,1047.1544910090497,232.0,14.0,True,20,word,image,11.0
3440.0,1677.7328491210938,1042.4902725219727,0.6641061902046204,0.7332707047462463,0.6553643941879272,0.7239515781402588,2.949859619140625,2.771484375,Fixation,1663.494830607676,1047.1544910090497,232.0,14.0,True,20,word,image,11.0
3444.0,1662.2245788574219,1038.145866394043,0.6635299324989319,0.7394168972969055,0.6493064761161804,0.7209346294403076,2.90399169921875,2.7519989013671875,Fixation,1663.494830607676,1047.1544910090497,232.0,14.0,True,20,word,image,11.0
3448.0,1692.2262573242188,1033.9759540557861,0.6716213226318359,0.7515309453010559,0.661025881767273,0.7180388569831848,2.8837890625,2.7103424072265625,Fixation,1663.494830607676,1047.1544910090497,232.0,14.0,True,20,word,image,11.0
3452.0,1686.3392639160156,1066.50484085083,0.6671852469444275,0.7435688972473145,0.6587262749671936,0.7406283617019653,2.9408416748046875,2.7567596435546875,Fixation,1663.494830607676,1047.1544910090497,232.0,14.0,True,20,word,image,11.0
3456.0,1655.5616760253906,1036.0122871398926,0.6619069576263428,0.7290148138999939,0.6467037796974182,0.719452977180481,2.9402313232421875,2.8101959228515625,Fixation,1663.494830607676,1047.1544910090497,232.0,14.0,True,20,word,image,11.0
3460.0,1642.0086669921875,1021.1820316314697,0.6704105138778687,0.7538866996765137,0.6414096355438232,0.7091541886329651,2.8617095947265625,2.841583251953125,Fixation,1663.494830607676,1047.1544910090497,232.0,14.0,True,20,word,image,11.0
3464.0,1627.1368408203125,1030.716791152954,0.6724406480789185,0.7828288674354553,0.6356003284454346,0.7157755494117737,2.87603759765625,2.824981689453125,Fixation,1663.494830607676,1047.1544910090497,232.0,14.0,True,20,word,image,11.0
3468.0,1639.9879455566406,1026.7598247528076,0.6550816297531128,0.7900816202163696,0.6406202912330627,0.7130276560783386,2.87359619140625,2.804656982421875,Fixation,1663.494830607676,1047.1544910090497,232.0,14.0,True,20,word,image,11.0
3472.0,1674.5033264160156,1115.2997589111328,,,0.6541028618812561,0.7745137214660645,,2.681427001953125,Saccade,,,,0.0,False,21,,,
3476.0,1743.8067626953125,1182.2630596160889,,,0.6811745166778564,0.8210160136222839,,2.4124298095703125,Saccade,,,,0.0,False,21,,,
3480.0,1584.3637084960938,1282.4934768676758,0.6188920736312866,0.8906204700469971,,,2.2531280517578125,,Fixation,,,120.0,15.0,True,22,,,
3484.0,,,,,,,,,Fixation,,,120.0,15.0,True,22,,,
3488.0,,,,,,,,,Fixation,,,120.0,15.0,True,22,,,
3492.0,,,,,,,,,Fixation,,,120.0,15.0,True,22,,,
3496.0,,,,,,,,,Fixation,,,120.0,15.0,True,22,,,
3500.0,,,,,,,,,Fixation,,,120.0,15.0,True,22,,,
3504.0,,,,,,,,,Fixation,,,120.0,15.0,True,22,,,
3508.0,,,,,,,,,Fixation,,,120.0,15.0,True,22,,,
3512.0,,,,,,,,,Fixation,,,120.0,15.0,True,22,,,
3516.0,,,,,,,,,Fixation,,,120.0,15.0,True,22,,,
3520.0,,,,,,,,,Fixation,,,120.0,15.0,True,22,,,
3524.0,,,,,,,,,Fixation,,,120.0,15.0,True,22,,,
3528.0,,,,,,,,,Fixation,,,120.0,15.0,True,22,,,
3532.0,,,,,,,,,Fixation,,,120.0,15.0,True,22,,,
3536.0,,,,,,,,,Fixation,,,120.0,15.0,True,22,,,
3540.0,,,,,,,,,Fixation,,,120.0,15.0,True,22,,,
3544.0,,,,,,,,,Fixation,,,120.0,15.0,True,22,,,
3548.0,,,,,,,,,Fixation,,,120.0,15.0,True,22,,,
3552.0,,,,,,,,,Fixation,,,120.0,15.0,True,22,,,
3556.0,,,,,,,,,Fixation,,,120.0,15.0,True,22,,,
3560.0,,,,,,,,,Fixation,,,120.0,15.0,True,22,,,
3564.0,,,,,,,,,Fixation,,,120.0,15.0,True,22,,,
3568.0,,,,,,,,,Fixation,,,120.0,15.0,True,22,,,
3572.0,,,,,,,,,Fixation,,,120.0,15.0,True,22,,,
3576.0,,,,,,,,,Fixation,,,120.0,15.0,True,22,,,
3580.0,,,,,,,,,Fixation,,,120.0,15.0,True,22,,,
3584.0,,,,,,,,,Fixation,,,120.0,15.0,True,22,,,
3588.0,,,,,,,,,Fixation,,,120.0,15.0,True,22,,,
3592.0,,,,,,,,,Fixation,,,120.0,15.0,True,22,,,
3596.0,,,,,,,,,Fixation,,,120.0,15.0,True,22,,,
3600.0,,,,,,,,,Fixation,,,120.0,15.0,True,22,,,
3604.0,1381.1744689941406,685.8526468276976,,,0.5395212769508362,0.4762865602970123,,2.5959930419921875,Saccade,,,,0.0,False,23,,,
3608.0,1359.6284484863281,585.8326005935669,,,0.5311048626899719,0.4068281948566437,,2.588973999023437,Saccade,,,,0.0,False,23,,,
3612.0,1349.4975280761719,565.4306888580322,,,0.5271474719047546,0.3926602005958557,,2.6337127685546875,Saccade,,,,0.0,False,23,,,
3616.0,1342.4990844726562,544.2076778411865,,,0.5244137048721313,0.377921998500824,,2.630584716796875,Saccade,,,,0.0,False,23,,,
3620.0,1337.3080444335938,517.6270723342894,,,0.5223859548568726,0.3594632446765899,,2.6447906494140625,Saccade,,,,0.0,False,23,,,
3624.0,1355.9727478027344,500.8792304992676,,,0.5296768546104431,0.3478327989578247,,2.68328857421875,Saccade,,,,0.0,False,23,,,
3628.0,1350.3495788574219,474.8856210708618,,,0.5274803042411804,0.3297816812992096,,2.6657257080078125,Saccade,,,,0.0,False,23,,,
3632.0,1349.2332458496094,435.67322731018066,0.5195004343986511,0.5133878588676453,0.5270442366600037,0.3025508522987366,2.782089233398437,2.667266845703125,Saccade,,,,0.0,False,23,,,
3636.0,1343.4468078613281,416.8612432479858,0.4954573214054107,0.4456099569797516,0.5247839093208313,0.2894869744777679,2.7910614013671875,2.7027130126953125,Saccade,,,,0.0,False,23,,,
3640.0,1336.761474609375,489.3431138992309,,,0.5221724510192871,0.3398216068744659,,2.725738525390625,Saccade,,,,0.0,False,23,,,
3644.0,1332.2758483886719,455.8857107162475,,,0.520420253276825,0.3165872991085052,,2.7054901123046875,Saccade,,,,0.0,False,23,,,
3648.0,1337.8010559082031,456.1857748031616,0.506909966468811,0.4138095676898956,0.5225785374641418,0.31679567694664,2.795745849609375,2.6980438232421875,Saccade,,,,0.0,False,23,,,
3652.0,1351.1967468261719,501.0586166381836,0.513587236404419,0.4320235252380371,0.5278112292289734,0.3479573726654053,2.835968017578125,2.641952514648437,Saccade,,,,0.0,False,23,,,
3656.0,1322.1574401855469,505.1953125,0.5148914456367493,0.4214622378349304,0.5164677500724792,0.350830078125,2.839691162109375,2.6619110107421875,Saccade,,,,0.0,False,23,,,
3660.0,1339.6214294433594,519.334545135498,0.5115169882774353,0.4017291963100433,0.5232896208763123,0.3606489896774292,2.8164215087890625,2.686370849609375,Saccade,,,,0.0,False,23,,,
3664.0,1330.6710815429688,524.4097137451171,0.5228155255317688,0.3822923302650451,0.5197933912277222,0.364173412322998,2.769073486328125,2.670806884765625,Saccade,,,,0.0,False,23,,,
3668.0,1316.13525390625,560.146222114563,0.5152367353439331,0.411081850528717,0.5141153335571289,0.3889904320240021,2.806747436523437,2.6978759765625,Fixation,1326.7838614327568,557.7890615803855,108.0,16.0,True,24,word,image,11.0
3672.0,1320.9268188476562,559.7904109954834,0.5104052424430847,0.3720956146717071,0.5159870386123657,0.3887433409690857,2.764007568359375,2.6475830078125,Fixation,1326.7838614327568,557.7890615803855,108.0,16.0,True,24,word,image,11.0
3676.0,1330.001220703125,552.222590446472,0.5166038870811462,0.3400098383426666,0.5195317268371582,0.3834879100322723,2.73931884765625,2.6498565673828125,Fixation,1326.7838614327568,557.7890615803855,108.0,16.0,True,24,word,image,11.0
3680.0,1315.8836364746094,561.3204717636108,0.5172192454338074,0.3600651919841766,0.5140170454978943,0.3898058831691742,2.836517333984375,2.66265869140625,Fixation,1326.7838614327568,557.7890615803855,108.0,16.0,True,24,word,image,11.0
3684.0,1307.7894592285156,582.96160697937,0.5194733142852783,0.3459116220474243,0.5108552575111389,0.4048344492912292,2.8533935546875,2.716217041015625,Fixation,1326.7838614327568,557.7890615803855,108.0,16.0,True,24,word,image,11.0
3688.0,1318.0984497070312,591.3483810424805,0.5201585292816162,0.3695327937602997,0.5148822069168091,0.410658597946167,2.8592529296875,2.713470458984375,Fixation,1326.7838614327568,557.7890615803855,108.0,16.0,True,24,word,image,11.0
3692.0,1320.626220703125,562.1176242828368,0.5170397162437439,0.3576029539108276,0.5158696174621582,0.3903594613075256,2.846664428710937,2.687347412109375,Fixation,1326.7838614327568,557.7890615803855,108.0,16.0,True,24,word,image,11.0
3696.0,1331.8093872070312,591.217532157898,0.5144766569137573,0.3177739083766937,0.5202380418777466,0.4105677306652069,2.795562744140625,2.7332305908203125,Fixation,1326.7838614327568,557.7890615803855,108.0,16.0,True,24,word,image,11.0
3700.0,1312.1826171875,573.8741111755371,0.5171714425086975,0.3094432055950165,0.5125713348388672,0.3985236883163452,2.782806396484375,2.722137451171875,Fixation,1326.7838614327568,557.7890615803855,108.0,16.0,True,24,word,image,11.0
3704.0,1337.1551513671875,558.3312892913817,0.516980767250061,0.3271331787109375,0.5223262310028076,0.387730062007904,2.7826690673828125,2.6748809814453125,Fixation,1326.7838614327568,557.7890615803855,108.0,16.0,True,24,word,image,11.0
3708.0,1334.0672302246094,529.3848037719727,0.5190370678901672,0.3388026356697082,0.521120011806488,0.3676283359527588,2.796295166015625,2.6592559814453125,Fixation,1326.7838614327568,557.7890615803855,108.0,16.0,True,24,word,image,11.0
3712.0,1334.6730041503906,538.2412004470825,0.5152672529220581,0.3567085862159729,0.5213566422462463,0.3737786114215851,2.83831787109375,2.6805572509765625,Fixation,1326.7838614327568,557.7890615803855,108.0,16.0,True,24,word,image,11.0
3716.0,1325.2890014648438,528.7755346298218,0.5183588862419128,0.3576768934726715,0.5176910161972046,0.3672052323818207,2.808074951171875,2.6101531982421875,Fixation,1326.7838614327568,557.7890615803855,108.0,16.0,True,24,word,image,11.0
3720.0,1314.7021484375,541.5186882019042,0.5204640626907349,0.37619149684906,0.5135555267333984,0.3760546445846557,2.840362548828125,2.665557861328125,Fixation,1326.7838614327568,557.7890615803855,108.0,16.0,True,24,word,image,11.0
3724.0,1331.1033630371094,564.4769382476807,0.5219718813896179,0.3940015733242035,0.5199622511863708,0.3919978737831116,2.8505401611328125,2.674774169921875,Fixation,1326.7838614327568,557.7890615803855,108.0,16.0,True,24,word,image,11.0
3728.0,1329.7160339355469,592.3566341400146,0.5123419761657715,0.3782538175582886,0.519420325756073,0.4113587737083435,2.84271240234375,2.7410430908203125,Fixation,1326.7838614327568,557.7890615803855,108.0,16.0,True,24,word,image,11.0
3732.0,1352.7729797363281,555.7526350021362,0.511166512966156,0.3579384088516235,0.5284269452095032,0.3859393298625946,2.746978759765625,2.67352294921875,Fixation,1326.7838614327568,557.7890615803855,108.0,16.0,True,24,word,image,11.0
3736.0,1322.1455383300781,539.9794864654541,0.519166886806488,0.3899157345294952,0.5164631009101868,0.3749857544898987,2.804306030273437,2.649154663085937,Fixation,1326.7838614327568,557.7890615803855,108.0,16.0,True,24,word,image,11.0
3740.0,1303.446044921875,578.4815883636473,0.5172725319862366,0.3933964371681213,0.5091586112976074,0.4017233252525329,2.838348388671875,2.713607788085937,Fixation,1326.7838614327568,557.7890615803855,108.0,16.0,True,24,word,image,11.0
3744.0,1334.0689086914062,551.5338850021362,0.5192848443984985,0.4036534428596496,0.5211206674575806,0.3830096423625946,2.84259033203125,2.6559295654296875,Fixation,1326.7838614327568,557.7890615803855,108.0,16.0,True,24,word,image,11.0
3748.0,1335.5445861816406,536.7630672454834,0.5228819251060486,0.4279351532459259,0.5216971039772034,0.3727521300315857,2.872421264648437,2.6485748291015625,Fixation,1326.7838614327568,557.7890615803855,108.0,16.0,True,24,word,image,11.0
3752.0,1338.1999206542969,527.5945472717285,0.511620044708252,0.4094391167163849,0.5227343440055847,0.3663851022720337,2.80108642578125,2.6240234375,Fixation,1326.7838614327568,557.7890615803855,108.0,16.0,True,24,word,image,11.0
3756.0,1333.0793762207031,544.311146736145,0.5159074664115906,0.4288581609725952,0.5207341313362122,0.3779938519001007,2.82574462890625,2.681137084960937,Fixation,1326.7838614327568,557.7890615803855,108.0,16.0,True,24,word,image,11.0
3760.0,1311.424560546875,545.3972053527832,0.5213088393211365,0.4203974902629852,0.512275218963623,0.3787480592727661,2.835968017578125,2.6806182861328125,Fixation,1326.7838614327568,557.7890615803855,108.0,16.0,True,24,word,image,11.0
3764.0,1328.8255310058594,548.8153266906737,0.5185327529907227,0.4240961670875549,0.5190724730491638,0.3811217546463012,2.824569702148437,2.69622802734375,Fixation,1326.7838614327568,557.7890615803855,108.0,16.0,True,24,word,image,11.0
3768.0,1328.2859802246094,574.764733314514,0.5183789134025574,0.4347496330738067,0.518861711025238,0.399142175912857,2.82904052734375,2.7079620361328125,Fixation,1326.7838614327568,557.7890615803855,108.0,16.0,True,24,word,image,11.0
3772.0,1339.5687866210938,556.8246173858641,0.5187350511550903,0.4191602170467376,0.5232690572738647,0.3866837620735168,2.84014892578125,2.6689605712890625,Fixation,1326.7838614327568,557.7890615803855,108.0,16.0,True,24,word,image,11.0
3776.0,1342.4269104003906,569.7914457321167,0.5216639637947083,0.4168001711368561,0.5243855118751526,0.3956885039806366,2.8426055908203125,2.709503173828125,Fixation,1326.7838614327568,557.7890615803855,108.0,16.0,True,24,word,image,11.0
3780.0,1405.0190734863281,582.4179983139038,0.531197190284729,0.4252281785011291,0.5488355755805969,0.4044569432735443,2.86370849609375,2.6973419189453125,Saccade,,,,0.0,False,25,,,
3784.0,1470.90087890625,596.7897033691405,0.5583779215812683,0.4206126630306244,0.5745706558227539,0.4144372940063476,2.8107147216796875,2.750762939453125,Saccade,,,,0.0,False,25,,,
3788.0,1520.1959228515625,574.5940160751343,0.5764211416244507,0.4253042340278625,0.5938265323638916,0.3990236222743988,2.846771240234375,2.695831298828125,Saccade,,,,0.0,False,25,,,
3792.0,1567.3271179199219,591.7887783050537,0.5941495895385742,0.424138605594635,0.6122371554374695,0.4109644293785095,2.826751708984375,2.73712158203125,Fixation,1610.0234494890485,561.3651849542346,220.0,17.0,True,26,word,image,11.0
3796.0,1572.2137451171875,549.6621751785277,0.6080564856529236,0.4288531541824341,0.6141459941864014,0.3817098438739776,2.853012084960937,2.7070465087890625,Fixation,1610.0234494890485,561.3651849542346,220.0,17.0,True,26,word,image,11.0
3800.0,1597.9029846191406,554.2358350753784,0.6128666996955872,0.4065858721733093,0.6241808533668518,0.3848859965801239,2.850128173828125,2.7050323486328125,Fixation,1610.0234494890485,561.3651849542346,220.0,17.0,True,26,word,image,11.0
3804.0,1614.0318298339844,554.6892356872559,0.6247848272323608,0.4171159565448761,0.6304811835289001,0.3852008581161499,2.8939971923828125,2.6859893798828125,Fixation,1610.0234494890485,561.3651849542346,220.0,17.0,True,26,word,image,11.0
3808.0,1609.3728637695312,577.1361923217773,0.6257250308990479,0.4101236760616302,0.6286612749099731,0.4007890224456787,2.8921051025390625,2.6958465576171875,Fixation,1610.0234494890485,561.3651849542346,220.0,17.0,True,26,word,image,11.0
3812.0,1603.2414245605469,568.5360431671141,0.6251437067985535,0.3928357362747192,0.6262661814689636,0.3948166966438293,2.864898681640625,2.70452880859375,Fixation,1610.0234494890485,561.3651849542346,220.0,17.0,True,26,word,image,11.0
3816.0,1598.1944274902344,559.3659782409668,0.6225360631942749,0.4220165014266968,0.6242946982383728,0.3884485960006714,2.871124267578125,2.68597412109375,Fixation,1610.0234494890485,561.3651849542346,220.0,17.0,True,26,word,image,11.0
3820.0,1604.5230102539062,576.538724899292,0.6299545764923096,0.4209351241588592,0.6267668008804321,0.4003741145133972,2.85723876953125,2.73638916015625,Fixation,1610.0234494890485,561.3651849542346,220.0,17.0,True,26,word,image,11.0
3824.0,1600.8006286621094,556.5203046798706,0.6318001747131348,0.4362732768058777,0.6253127455711365,0.3864724338054657,2.9133453369140625,2.698822021484375,Fixation,1610.0234494890485,561.3651849542346,220.0,17.0,True,26,word,image,11.0
3828.0,1601.9229125976562,566.2740182876587,0.6285595297813416,0.4308949410915375,0.6257511377334595,0.3932458460330963,2.869232177734375,2.723358154296875,Fixation,1610.0234494890485,561.3651849542346,220.0,17.0,True,26,word,image,11.0
3832.0,1617.7162170410156,568.1884288787842,0.6284171342849731,0.4062098562717438,0.6319203972816467,0.394575297832489,2.8430938720703125,2.6973876953125,Fixation,1610.0234494890485,561.3651849542346,220.0,17.0,True,26,word,image,11.0
3836.0,1622.9554748535156,556.7226505279541,0.6252259612083435,0.4128642082214355,0.6339669823646545,0.3866129517555237,2.875762939453125,2.7213897705078125,Fixation,1610.0234494890485,561.3651849542346,220.0,17.0,True,26,word,image,11.0
3840.0,1628.6103820800781,547.098455429077,0.6315872073173523,0.4258575737476349,0.6361759305000305,0.3799294829368591,2.886825561523437,2.6898651123046875,Fixation,1610.0234494890485,561.3651849542346,220.0,17.0,True,26,word,image,11.0
3844.0,1606.6839599609375,563.2992553710936,0.6291221976280212,0.4119054973125458,0.6276109218597412,0.3911800384521484,2.875732421875,2.714111328125,Fixation,1610.0234494890485,561.3651849542346,220.0,17.0,True,26,word,image,11.0
3848.0,1607.8924560546875,570.6944274902344,0.6284915804862976,0.4153885543346405,0.6280829906463623,0.3963155746459961,2.8552703857421875,2.713836669921875,Fixation,1610.0234494890485,561.3651849542346,220.0,17.0,True,26,word,image,11.0
3852.0,1595.6404113769531,566.2617444992064,0.6323882341384888,0.4216881990432739,0.6232970356941223,0.3932373225688934,2.8376922607421875,2.722869873046875,Fixation,1610.0234494890485,561.3651849542346,220.0,17.0,True,26,word,image,11.0
3856.0,1603.92333984375,570.8197832107543,0.6277109384536743,0.4280710220336914,0.6265325546264648,0.3964026272296905,2.8800048828125,2.743515014648437,Fixation,1610.0234494890485,561.3651849542346,220.0,17.0,True,26,word,image,11.0
3860.0,1603.199462890625,568.6797237396239,0.6297385096549988,0.4083576500415802,0.6262497901916504,0.3949164748191833,2.8497314453125,2.71240234375,Fixation,1610.0234494890485,561.3651849542346,220.0,17.0,True,26,word,image,11.0
3864.0,1620.5224609375,562.7937984466552,0.6349106431007385,0.4170726239681244,0.6330165863037109,0.3908290266990661,2.865936279296875,2.734283447265625,Fixation,1610.0234494890485,561.3651849542346,220.0,17.0,True,26,word,image,11.0
3868.0,1627.8402709960938,567.6849460601807,0.6261071562767029,0.4086367189884186,0.6358751058578491,0.3942256569862366,2.854156494140625,2.6869354248046875,Fixation,1610.0234494890485,561.3651849542346,220.0,17.0,True,26,word,image,11.0
3872.0,1619.4400024414062,582.8777933120728,0.6258066892623901,0.414833515882492,0.6325937509536743,0.4047762453556061,2.911117553710937,2.750946044921875,Fixation,1610.0234494890485,561.3651849542346,220.0,17.0,True,26,word,image,11.0
3876.0,1628.68896484375,569.745397567749,0.6294673085212708,0.4250196814537048,0.6362066268920898,0.3956565260887146,2.8839111328125,2.744964599609375,Fixation,1610.0234494890485,561.3651849542346,220.0,17.0,True,26,word,image,11.0
3880.0,1616.1233520507812,550.9563302993774,0.6297007203102112,0.4030558466911316,0.6312981843948364,0.382608562707901,2.8448944091796875,2.7273406982421875,Fixation,1610.0234494890485,561.3651849542346,220.0,17.0,True,26,word,image,11.0
3884.0,1609.8458862304688,552.7147436141967,0.6322821974754333,0.4287420809268951,0.6288460493087769,0.3838296830654144,2.8983917236328125,2.70550537109375,Fixation,1610.0234494890485,561.3651849542346,220.0,17.0,True,26,word,image,11.0
3888.0,1610.3111267089844,562.5094842910767,0.6314465999603271,0.4141705632209778,0.629027783870697,0.3906315863132477,2.874969482421875,2.7250213623046875,Fixation,1610.0234494890485,561.3651849542346,220.0,17.0,True,26,word,image,11.0
3892.0,1615.4061889648438,561.4453125,0.6327204704284668,0.4191978275775909,0.6310180425643921,0.389892578125,2.8640899658203125,2.710433959960937,Fixation,1610.0234494890485,561.3651849542346,220.0,17.0,True,26,word,image,11.0
3896.0,1598.2791137695312,564.514102935791,0.6324682235717773,0.4049020409584045,0.6243277788162231,0.3920236825942993,2.893218994140625,2.728271484375,Fixation,1610.0234494890485,561.3651849542346,220.0,17.0,True,26,word,image,11.0
3900.0,1602.1591186523438,575.984387397766,0.6302241086959839,0.4067835211753845,0.6258434057235718,0.3999891579151153,2.8851776123046875,2.715194702148437,Fixation,1610.0234494890485,561.3651849542346,220.0,17.0,True,26,word,image,11.0
3904.0,1606.3241577148438,566.072015762329,0.6293273568153381,0.4052299857139587,0.6274703741073608,0.3931055665016174,2.845489501953125,2.70977783203125,Fixation,1610.0234494890485,561.3651849542346,220.0,17.0,True,26,word,image,11.0
3908.0,1613.0239868164062,566.0742044448853,0.6319180727005005,0.4080410003662109,0.6300874948501587,0.3931070864200592,2.86663818359375,2.7086334228515625,Fixation,1610.0234494890485,561.3651849542346,220.0,17.0,True,26,word,image,11.0
3912.0,1622.418212890625,564.0102767944336,0.6324920058250427,0.4054831564426422,0.6337571144104004,0.3916738033294678,2.881988525390625,2.718994140625,Fixation,1610.0234494890485,561.3651849542346,220.0,17.0,True,26,word,image,11.0
3916.0,1627.0062255859375,571.134009361267,0.6311821341514587,0.4097045361995697,0.6355493068695068,0.3966208398342132,2.881088256835937,2.7303619384765625,Fixation,1610.0234494890485,561.3651849542346,220.0,17.0,True,26,word,image,11.0
3920.0,1631.3594055175781,551.6558074951171,0.6277948617935181,0.4138316214084625,0.637249767780304,0.383094310760498,2.8709259033203125,2.732025146484375,Fixation,1610.0234494890485,561.3651849542346,220.0,17.0,True,26,word,image,11.0
3924.0,1634.8384094238281,538.4210586547852,0.6303141713142395,0.4156971275806427,0.6386087536811829,0.3739035129547119,2.8825836181640625,2.707427978515625,Fixation,1610.0234494890485,561.3651849542346,220.0,17.0,True,26,word,image,11.0
3928.0,1622.3866271972656,537.6879358291626,0.6318012475967407,0.4132299721240997,0.6337447762489319,0.3733943998813629,2.892913818359375,2.7063140869140625,Fixation,1610.0234494890485,561.3651849542346,220.0,17.0,True,26,word,image,11.0
3932.0,1612.933349609375,545.3696537017822,0.6277203559875488,0.4141696691513061,0.6300520896911621,0.3787289261817932,2.891204833984375,2.711654663085937,Fixation,1610.0234494890485,561.3651849542346,220.0,17.0,True,26,word,image,11.0
3936.0,1620.0479125976562,557.0425415039061,0.6300511360168457,0.407809168100357,0.6328312158584595,0.3868350982666015,2.8911590576171875,2.714950561523437,Fixation,1610.0234494890485,561.3651849542346,220.0,17.0,True,26,word,image,11.0
3940.0,1608.2034301757812,568.6629009246826,0.629458487033844,0.4179263412952423,0.6282044649124146,0.3949047923088074,2.9197235107421875,2.7367401123046875,Fixation,1610.0234494890485,561.3651849542346,220.0,17.0,True,26,word,image,11.0
3944.0,1608.9453125,568.4209012985228,0.6290812492370605,0.4099484384059906,0.6284942626953125,0.3947367370128631,2.909576416015625,2.7523651123046875,Fixation,1610.0234494890485,561.3651849542346,220.0,17.0,True,26,word,image,11.0
3948.0,1604.0879821777344,566.4257669448853,0.628434419631958,0.4187586009502411,0.6265968680381775,0.3933512270450592,2.90460205078125,2.738311767578125,Fixation,1610.0234494890485,561.3651849542346,220.0,17.0,True,26,word,image,11.0
3952.0,1600.1998901367188,582.4177837371826,0.6307974457740784,0.4094913899898529,0.6250780820846558,0.4044567942619324,2.883148193359375,2.7830047607421875,Fixation,1610.0234494890485,561.3651849542346,220.0,17.0,True,26,word,image,11.0
3956.0,1604.4830322265625,558.6118698120117,0.6326004266738892,0.412749171257019,0.626751184463501,0.3879249095916748,2.879669189453125,2.7194976806640625,Fixation,1610.0234494890485,561.3651849542346,220.0,17.0,True,26,word,image,11.0
3960.0,1603.760986328125,574.0686464309691,0.6283416748046875,0.420146107673645,0.6264691352844238,0.3986587822437286,2.908599853515625,2.732666015625,Fixation,1610.0234494890485,561.3651849542346,220.0,17.0,True,26,word,image,11.0
3964.0,1607.0242309570312,556.8440580368041,0.6256005167961121,0.4241391122341156,0.6277438402175903,0.3866972625255584,2.896514892578125,2.701873779296875,Fixation,1610.0234494890485,561.3651849542346,220.0,17.0,True,26,word,image,11.0
3968.0,1597.5263977050781,549.8664093017578,0.6318111419677734,0.4139254689216614,0.6240337491035461,0.3818516731262207,2.8851318359375,2.705535888671875,Fixation,1610.0234494890485,561.3651849542346,220.0,17.0,True,26,word,image,11.0
3972.0,1602.3455810546875,553.911566734314,0.6308922171592712,0.4235000610351562,0.6259162425994873,0.3846608102321625,2.886871337890625,2.6920318603515625,Fixation,1610.0234494890485,561.3651849542346,220.0,17.0,True,26,word,image,11.0
3976.0,1610.8253479003906,555.8456754684447,0.632405161857605,0.4104505479335785,0.6292286515235901,0.3860039412975311,2.879302978515625,2.71234130859375,Fixation,1610.0234494890485,561.3651849542346,220.0,17.0,True,26,word,image,11.0
3980.0,1620.6768798828125,554.2498254776001,0.6280955672264099,0.4132466614246368,0.6330769062042236,0.3848957121372223,2.90081787109375,2.7362518310546875,Fixation,1610.0234494890485,561.3651849542346,220.0,17.0,True,26,word,image,11.0
3984.0,1634.8844909667969,546.3638305664061,0.6314222812652588,0.4074442088603973,0.638626754283905,0.3794193267822265,2.872283935546875,2.719512939453125,Fixation,1610.0234494890485,561.3651849542346,220.0,17.0,True,26,word,image,11.0
3988.0,1623.5693359375,559.7695112228394,0.6264582872390747,0.4177344441413879,0.6342067718505859,0.3887288272380829,2.9033966064453125,2.740142822265625,Fixation,1610.0234494890485,561.3651849542346,220.0,17.0,True,26,word,image,11.0
3992.0,1623.1338500976562,553.8535022735596,0.6329641938209534,0.4181105494499206,0.634036660194397,0.3846204876899719,2.906097412109375,2.7232208251953125,Fixation,1610.0234494890485,561.3651849542346,220.0,17.0,True,26,word,image,11.0
3996.0,1623.0010986328125,565.1708364486694,0.6284804940223694,0.4212319850921631,0.6339848041534424,0.3924797475337982,2.8957061767578125,2.735626220703125,Fixation,1610.0234494890485,561.3651849542346,220.0,17.0,True,26,word,image,11.0
4000.0,1611.1074829101562,564.3695211410521,0.6331470012664795,0.4188883304595947,0.6293388605117798,0.3919232785701751,2.9216461181640625,2.7370758056640625,Fixation,1610.0234494890485,561.3651849542346,220.0,17.0,True,26,word,image,11.0
4004.0,1613.9532470703125,553.9660692214965,0.6332080364227295,0.4180174767971039,0.6304504871368408,0.3846986591815948,2.9103240966796875,2.7182769775390625,Fixation,1610.0234494890485,561.3651849542346,220.0,17.0,True,26,word,image,11.0
4008.0,1603.1089782714844,551.8942451477051,0.619537889957428,0.4055448472499847,0.6262144446372986,0.3832598924636841,2.875244140625,2.733627319335937,Fixation,1610.0234494890485,561.3651849542346,220.0,17.0,True,26,word,image,11.0
4012.0,1565.3681945800781,536.5318822860718,0.602956235408783,0.412802904844284,0.611471951007843,0.3725915849208832,2.9181060791015625,2.7432403564453125,Fixation,1610.0234494890485,561.3651849542346,220.0,17.0,True,26,word,image,11.0
4016.0,1491.2509155273438,518.8640642166138,0.5698713064193726,0.403751939535141,0.5825198888778687,0.3603222668170929,2.8997955322265625,2.7362060546875,Saccade,,,,0.0,False,27,,,
4020.0,1433.9776611328125,505.56730270385737,0.5429112911224365,0.3972481191158294,0.5601475238800049,0.3510884046554565,2.8921051025390625,2.727401733398437,Saccade,,,,0.0,False,27,,,
4024.0,1392.9635620117188,509.327974319458,0.5326971411705017,0.3653590679168701,0.5441263914108276,0.3536999821662903,2.891952514648437,2.7389373779296875,Saccade,,,,0.0,False,27,,,
4028.0,1354.8263549804688,509.39603805541987,0.5209192037582397,0.3716188073158264,0.5292290449142456,0.3537472486495971,2.874267578125,2.740325927734375,Fixation,1279.851727919145,495.6835907155817,172.0,18.0,True,28,word,image,11.0
4032.0,1321.2367248535156,508.21569442749023,0.5078495740890503,0.356682151556015,0.5161080956459045,0.352927565574646,2.86126708984375,2.734130859375,Fixation,1279.851727919145,495.6835907155817,172.0,18.0,True,28,word,image,11.0
4036.0,1291.6813659667969,487.8537797927856,0.4884476363658905,0.3568335473537445,0.50456303358078,0.3387873470783233,2.8594207763671875,2.723968505859375,Fixation,1279.851727919145,495.6835907155817,172.0,18.0,True,28,word,image,11.0
4040.0,1276.217269897461,503.47620964050293,0.4849240481853485,0.3168432116508484,0.4985223710536957,0.3496362566947937,2.80126953125,2.7552490234375,Fixation,1279.851727919145,495.6835907155817,172.0,18.0,True,28,word,image,11.0
4044.0,1296.50634765625,487.9963445663452,0.4989574253559112,0.3298846185207367,0.5064477920532227,0.3388863503932953,2.834808349609375,2.7302398681640625,Fixation,1279.851727919145,495.6835907155817,172.0,18.0,True,28,word,image,11.0
4048.0,1289.2745971679688,491.01346492767334,0.4966091811656952,0.3337085545063019,0.5036228895187378,0.3409815728664398,2.849105834960937,2.7371826171875,Fixation,1279.851727919145,495.6835907155817,172.0,18.0,True,28,word,image,11.0
4052.0,1282.2053527832031,493.2733869552612,0.4987849295139313,0.3712851405143738,0.5008614659309387,0.3425509631633758,2.879241943359375,2.7554168701171875,Fixation,1279.851727919145,495.6835907155817,172.0,18.0,True,28,word,image,11.0
4056.0,1287.4305725097656,480.6900072097778,0.4921992123126983,0.3306092023849487,0.5029025673866272,0.3338125050067901,2.8501739501953125,2.7292633056640625,Fixation,1279.851727919145,495.6835907155817,172.0,18.0,True,28,word,image,11.0
4060.0,1274.8604583740234,491.84941291809076,0.4890076518058777,0.3512866795063019,0.4979923665523529,0.3415620923042297,2.826995849609375,2.719696044921875,Fixation,1279.851727919145,495.6835907155817,172.0,18.0,True,28,word,image,11.0
4064.0,1275.6124114990232,489.10712242126465,0.4921694993972778,0.3364865779876709,0.498286098241806,0.339657723903656,2.8246002197265625,2.718978881835937,Fixation,1279.851727919145,495.6835907155817,172.0,18.0,True,28,word,image,11.0
4068.0,1267.7912902832031,475.98639965057373,0.4932167530059814,0.3435299396514892,0.4952309727668762,0.330546110868454,2.8591766357421875,2.707733154296875,Fixation,1279.851727919145,495.6835907155817,172.0,18.0,True,28,word,image,11.0
4072.0,1270.954818725586,478.62165927886963,0.4924870431423187,0.3510303497314453,0.496466726064682,0.3323761522769928,2.80804443359375,2.70306396484375,Fixation,1279.851727919145,495.6835907155817,172.0,18.0,True,28,word,image,11.0
4076.0,1273.1232452392578,490.2993535995483,0.4962417483329773,0.3505435287952423,0.4973137676715851,0.3404856622219085,2.811630249023437,2.7068023681640625,Fixation,1279.851727919145,495.6835907155817,172.0,18.0,True,28,word,image,11.0
4080.0,1272.1362304687498,483.88883113861084,0.4939691126346588,0.3360995054244995,0.4969282150268554,0.3360339105129242,2.815277099609375,2.7052764892578125,Fixation,1279.851727919145,495.6835907155817,172.0,18.0,True,28,word,image,11.0
4084.0,1265.3985595703125,492.1098661422729,0.4977182149887085,0.3590215146541595,0.4942963123321533,0.3417429625988006,2.8306121826171875,2.6965789794921875,Fixation,1279.851727919145,495.6835907155817,172.0,18.0,True,28,word,image,11.0
4088.0,1255.8099365234375,509.84514713287354,0.4961845874786377,0.3620263338088989,0.4905507564544678,0.3540591299533844,2.8331451416015625,2.74578857421875,Fixation,1279.851727919145,495.6835907155817,172.0,18.0,True,28,word,image,11.0
4092.0,1267.9146575927734,502.1840715408325,0.5009710788726807,0.3531854748725891,0.4952791631221771,0.3487389385700226,2.850372314453125,2.7371368408203125,Fixation,1279.851727919145,495.6835907155817,172.0,18.0,True,28,word,image,11.0
4096.0,1271.3258361816404,497.7916860580444,0.5006705522537231,0.355109691619873,0.4966116547584533,0.3456886708736419,2.8355865478515625,2.7402801513671875,Fixation,1279.851727919145,495.6835907155817,172.0,18.0,True,28,word,image,11.0
4100.0,1268.709716796875,502.31831073760986,0.5017052292823792,0.3681985735893249,0.4955897331237793,0.3488321602344513,2.853485107421875,2.74798583984375,Fixation,1279.851727919145,495.6835907155817,172.0,18.0,True,28,word,image,11.0
4104.0,1271.7661285400388,483.14343452453613,0.5014252662658691,0.3797886073589325,0.4967836439609527,0.3355162739753723,2.8772430419921875,2.7059783935546875,Fixation,1279.851727919145,495.6835907155817,172.0,18.0,True,28,word,image,11.0
4108.0,1274.0267944335935,493.61619472503656,0.5024417042732239,0.3710801303386688,0.4976667165756225,0.3427890241146087,2.8514404296875,2.7142791748046875,Fixation,1279.851727919145,495.6835907155817,172.0,18.0,True,28,word,image,11.0
4112.0,1274.0515136718748,495.6865167617797,0.4968684613704681,0.3409557640552521,0.4976763725280761,0.3442267477512359,2.83306884765625,2.734359741210937,Fixation,1279.851727919145,495.6835907155817,172.0,18.0,True,28,word,image,11.0
4116.0,1263.415298461914,507.0220470428466,0.5032859444618225,0.3538804650306701,0.4935216009616852,0.3520986437797546,2.8484649658203125,2.733856201171875,Fixation,1279.851727919145,495.6835907155817,172.0,18.0,True,28,word,image,11.0
4120.0,1273.6388397216795,504.98768806457514,0.5044912695884705,0.3701486885547638,0.4975151717662811,0.3506858944892883,2.8693389892578125,2.73223876953125,Fixation,1279.851727919145,495.6835907155817,172.0,18.0,True,28,word,image,11.0
4124.0,1272.2457122802734,507.84336090087885,0.5023255348205566,0.3729905486106872,0.4969709813594818,0.3526690006256103,2.858978271484375,2.7561798095703125,Fixation,1279.851727919145,495.6835907155817,172.0,18.0,True,28,word,image,11.0
4128.0,1273.0578613281248,505.4439640045166,0.501224160194397,0.357061505317688,0.4972882270812988,0.3510027527809143,2.829574584960937,2.723114013671875,Fixation,1279.851727919145,495.6835907155817,172.0,18.0,True,28,word,image,11.0
4132.0,1277.5746917724607,505.7512378692627,0.5041111707687378,0.3848782181739807,0.4990526139736175,0.3512161374092102,2.8667755126953125,2.737060546875,Fixation,1279.851727919145,495.6835907155817,172.0,18.0,True,28,word,image,11.0
4136.0,1283.1477355957031,491.53038024902344,0.4966435730457306,0.3544864356517792,0.5012295842170715,0.3413405418395996,2.804718017578125,2.71087646484375,Fixation,1279.851727919145,495.6835907155817,172.0,18.0,True,28,word,image,11.0
4140.0,1286.832275390625,518.1395673751831,0.4991700649261474,0.3769632875919342,0.5026688575744629,0.3598191440105438,2.827117919921875,2.7372283935546875,Fixation,1279.851727919145,495.6835907155817,172.0,18.0,True,28,word,image,11.0
4144.0,1278.1729888916013,506.5654277801513,0.4995678961277008,0.3714355826377868,0.4992863237857818,0.3517815470695495,2.8307342529296875,2.75189208984375,Fixation,1279.851727919145,495.6835907155817,172.0,18.0,True,28,word,image,11.0
4148.0,1281.9802856445312,489.5753717422485,0.498143583536148,0.3531175851821899,0.500773549079895,0.3399828970432281,2.783798217773437,2.723907470703125,Fixation,1279.851727919145,495.6835907155817,172.0,18.0,True,28,word,image,11.0
4152.0,1287.4278259277344,508.3906173706054,0.4966347515583038,0.3970678150653839,0.5029014945030212,0.3530490398406982,2.862884521484375,2.7323455810546875,Fixation,1279.851727919145,495.6835907155817,172.0,18.0,True,28,word,image,11.0
4156.0,1276.8852233886716,511.459150314331,0.5011155605316162,0.3736458420753479,0.4987832903861999,0.3551799654960632,2.849212646484375,2.74359130859375,Fixation,1279.851727919145,495.6835907155817,172.0,18.0,True,28,word,image,11.0
4160.0,1282.0828247070312,503.7940835952758,0.5004156231880188,0.3782369494438171,0.5008136034011841,0.3498570024967193,2.828720092773437,2.725006103515625,Fixation,1279.851727919145,495.6835907155817,172.0,18.0,True,28,word,image,11.0
4164.0,1271.5460205078123,506.6701412200927,0.4975109994411468,0.3505471348762512,0.4966976642608642,0.3518542647361755,2.8126983642578125,2.732162475585937,Fixation,1279.851727919145,495.6835907155817,172.0,18.0,True,28,word,image,11.0
4168.0,1275.4386138916013,488.1343603134155,0.4966563582420349,0.3423795104026794,0.4982182085514068,0.3389821946620941,2.7775115966796875,2.7022705078125,Fixation,1279.851727919145,495.6835907155817,172.0,18.0,True,28,word,image,11.0
4172.0,1272.4586486816404,506.5843963623047,0.4938816428184509,0.3615416884422302,0.4970541596412658,0.3517947196960449,2.7935028076171875,2.7262115478515625,Fixation,1279.851727919145,495.6835907155817,172.0,18.0,True,28,word,image,11.0
4176.0,1284.7042846679688,485.2928495407104,0.5024881958961487,0.3644279837608337,0.5018376111984253,0.33700892329216,2.81658935546875,2.692596435546875,Fixation,1279.851727919145,495.6835907155817,172.0,18.0,True,28,word,image,11.0
4180.0,1276.2328338623045,475.5026578903198,0.4999172687530517,0.3872445225715637,0.4985284507274627,0.3302101790904999,2.8442840576171875,2.702499389648437,Fixation,1279.851727919145,495.6835907155817,172.0,18.0,True,28,word,image,11.0
4184.0,1279.4742584228516,493.3009815216064,0.5030921101570129,0.3828883171081543,0.4997946321964264,0.3425701260566711,2.831649780273437,2.693023681640625,Fixation,1279.851727919145,495.6835907155817,172.0,18.0,True,28,word,image,11.0
4188.0,1268.9463806152344,491.97815895080566,0.4975343942642212,0.3582059741020202,0.4956821799278259,0.3416514992713928,2.785385131835937,2.738800048828125,Fixation,1279.851727919145,495.6835907155817,172.0,18.0,True,28,word,image,11.0
4192.0,1287.5709533691406,480.0893211364746,0.5014994740486145,0.3732813894748688,0.5029574036598206,0.3333953619003296,2.8319091796875,2.7038726806640625,Fixation,1279.851727919145,495.6835907155817,172.0,18.0,True,28,word,image,11.0
4196.0,1292.8756713867188,486.92122936248774,0.5029351115226746,0.3812807500362396,0.505029559135437,0.3381397426128387,2.846542358398437,2.7281646728515625,Fixation,1279.851727919145,495.6835907155817,172.0,18.0,True,28,word,image,11.0
4200.0,1284.9066162109375,486.73806667327875,0.4979963600635528,0.3828823268413543,0.5019166469573975,0.338012546300888,2.850326538085937,2.70379638671875,Fixation,1279.851727919145,495.6835907155817,172.0,18.0,True,28,word,image,11.0
4204.0,1282.8059387207031,460.2438926696777,0.5011220574378967,0.389609158039093,0.5010960698127747,0.3196138143539428,2.872161865234375,2.6658935546875,Saccade,,,,0.0,False,29,,,
4208.0,1294.4732666015625,484.7851610183716,0.4981710910797119,0.3588020801544189,0.5056536197662354,0.3366563618183136,2.7939910888671875,2.6986846923828125,Saccade,,,,0.0,False,29,,,
4212.0,1280.8871459960938,505.53327083587646,0.4935056567192077,0.3229692876338959,0.5003465414047241,0.3510647714138031,2.7775421142578125,2.7605133056640625,Saccade,,,,0.0,False,29,,,
4216.0,1280.5885314941406,491.3131856918335,0.4969107210636139,0.3632568418979645,0.5002298951148987,0.3411897122859955,2.7854461669921875,2.7428436279296875,Saccade,,,,0.0,False,29,,,
4220.0,1281.3545227050781,505.1081943511963,0.497032105922699,0.367641419172287,0.5005291104316711,0.350769579410553,2.816741943359375,2.7261199951171875,Saccade,,,,0.0,False,29,,,
4224.0,1278.0816650390625,524.7182321548462,0.5002055168151855,0.378009557723999,0.4992506504058838,0.3643876612186432,2.837249755859375,2.7579498291015625,Saccade,,,,0.0,False,29,,,
4228.0,1271.1627197265625,504.01256561279297,0.500862181186676,0.3688991963863373,0.4965479373931885,0.3500087261199951,2.8456268310546875,2.6981201171875,Saccade,,,,0.0,False,29,,,
4232.0,1268.5581207275388,493.5669279098511,0.5020852088928223,0.370546817779541,0.4955305159091949,0.3427548110485077,2.8466033935546875,2.7188720703125,Saccade,,,,0.0,False,29,,,
4236.0,1272.2349548339841,500.26026248931885,0.5063005089759827,0.381904125213623,0.4969667792320251,0.347402960062027,2.846786499023437,2.725006103515625,Saccade,,,,0.0,False,29,,,
4240.0,1280.5526733398438,487.9724836349487,0.502008318901062,0.3502596020698547,0.5002158880233765,0.3388697803020477,2.7855224609375,2.72088623046875,Saccade,,,,0.0,False,29,,,
4244.0,1271.2276458740234,502.23642826080317,0.4998875260353088,0.3535287380218506,0.4965732991695404,0.3487752974033355,2.8403778076171875,2.7459716796875,Saccade,,,,0.0,False,29,,,
4248.0,1274.644546508789,501.1835432052612,0.5005075931549072,0.3738565742969513,0.4979080259799957,0.3480441272258758,2.8391876220703125,2.6770172119140625,Saccade,,,,0.0,False,29,,,
4252.0,1288.8372802734375,569.5639944076538,0.5114540457725525,0.4132775962352752,0.5034520626068115,0.3955305516719818,2.8491363525390625,2.7343292236328125,Saccade,,,,0.0,False,29,,,
4256.0,1333.2264709472656,641.4558219909668,0.518552303314209,0.4560447633266449,0.5207915902137756,0.4454554319381714,2.8189239501953125,2.723358154296875,Saccade,,,,0.0,False,29,,,
4260.0,1349.354248046875,680.3434753417969,0.5270810723304749,0.4901015758514404,0.5270915031433105,0.4724607467651367,2.8212127685546875,2.712142944335937,Saccade,,,,0.0,False,29,,,
4264.0,1377.3825073242188,724.9993801116943,0.5328786969184875,0.5294746160507202,0.538040041923523,0.5034717917442322,2.865478515625,2.708892822265625,Saccade,,,,0.0,False,29,,,
4268.0,1395.989990234375,750.7236957550049,0.5554800629615784,0.5471271872520447,0.5453085899353027,0.5213358998298645,2.8491668701171875,2.6930084228515625,Saccade,,,,0.0,False,29,,,
4272.0,1424.2723083496094,813.7162113189697,0.5477465987205505,0.5926172137260437,0.5563563704490662,0.5650807023048401,2.840606689453125,2.6808013916015625,Saccade,,,,0.0,False,29,,,
4276.0,1446.5740966796875,881.8188285827637,0.5583269000053406,0.6441715955734253,0.5650680065155029,0.6123741865158081,2.8503570556640625,2.6920928955078125,Saccade,,,,0.0,False,29,,,
4280.0,1447.4641418457031,927.5995445251465,0.5623872876167297,0.6796748042106628,0.5654156804084778,0.6441663503646851,2.838226318359375,2.702239990234375,Saccade,,,,0.0,False,29,,,
4284.0,1453.5310363769531,968.5062789916992,0.5615834593772888,0.7049208879470825,0.5677855610847473,0.6725738048553467,2.854248046875,2.7071685791015625,Saccade,,,,0.0,False,29,,,
4288.0,1459.3257141113281,1032.3717784881592,0.556358277797699,0.7297907471656799,0.5700491070747375,0.7169248461723328,2.8282470703125,2.73516845703125,Saccade,,,,0.0,False,29,,,
4292.0,1464.9127197265625,1089.316062927246,0.5692026019096375,0.7492725849151611,0.5722315311431885,0.7564694881439209,2.839218139648437,2.74951171875,Saccade,,,,0.0,False,29,,,
4296.0,1484.4821166992188,1125.3506183624268,0.5751756429672241,0.775266706943512,0.5798758268356323,0.7814934849739075,2.86260986328125,2.746734619140625,Saccade,,,,0.0,False,29,,,
4300.0,1479.2852783203125,1137.209243774414,0.5784391164779663,0.7854653000831604,0.5778458118438721,0.7897286415100098,2.8651885986328125,2.699737548828125,Saccade,,,,0.0,False,29,,,
4304.0,1483.6085510253906,1154.373836517334,0.5855656266212463,0.7993085384368896,0.5795345902442932,0.8016484975814819,2.846435546875,2.7292022705078125,Fixation,1465.6839540269639,1153.1833624839783,140.0,19.0,True,30,word,spoon,7.0
4308.0,1475.5180358886719,1136.16605758667,0.5882617831230164,0.7999299168586731,0.5763742327690125,0.7890042066574097,2.84912109375,2.7356719970703125,Fixation,1465.6839540269639,1153.1833624839783,140.0,19.0,True,30,word,spoon,7.0
4312.0,1465.9527587890625,1131.1627292633057,0.579205334186554,0.7767792344093323,0.5726377964019775,0.7855296730995178,2.851715087890625,2.71990966796875,Fixation,1465.6839540269639,1153.1833624839783,140.0,19.0,True,30,word,spoon,7.0
4316.0,1458.9555358886719,1134.8480415344238,0.5835514664649963,0.7865179777145386,0.5699045062065125,0.7880889177322388,2.80377197265625,2.7292938232421875,Fixation,1465.6839540269639,1153.1833624839783,140.0,19.0,True,30,word,spoon,7.0
4320.0,1460.5891418457031,1149.1624546051025,0.5799123644828796,0.7682320475578308,0.5705426335334778,0.7980294823646545,2.88616943359375,2.744293212890625,Fixation,1465.6839540269639,1153.1833624839783,140.0,19.0,True,30,word,spoon,7.0
4324.0,1459.512939453125,1160.3122901916504,0.5760170221328735,0.795873761177063,0.570122241973877,0.8057724237442017,2.854583740234375,2.747589111328125,Fixation,1465.6839540269639,1153.1833624839783,140.0,19.0,True,30,word,spoon,7.0
4328.0,1476.9015502929688,1151.581163406372,0.5662379264831543,0.7889907956123352,0.5769146680831909,0.799709141254425,2.827056884765625,2.7611236572265625,Fixation,1465.6839540269639,1153.1833624839783,140.0,19.0,True,30,word,spoon,7.0
4332.0,1447.1614074707031,1142.138500213623,0.5688031911849976,0.8013222813606262,0.5652974247932434,0.7931517362594604,2.833160400390625,2.69970703125,Fixation,1465.6839540269639,1153.1833624839783,140.0,19.0,True,30,word,spoon,7.0
4336.0,1474.3338012695312,1161.5015602111816,0.5679029822349548,0.793158233165741,0.5759116411209106,0.8065983057022095,2.84600830078125,2.754150390625,Fixation,1465.6839540269639,1153.1833624839783,140.0,19.0,True,30,word,spoon,7.0
4340.0,1467.44140625,1155.1463985443115,0.578440248966217,0.7898905277252197,0.5732192993164062,0.8021849989891052,2.805648803710937,2.7304840087890625,Fixation,1465.6839540269639,1153.1833624839783,140.0,19.0,True,30,word,spoon,7.0
4344.0,1467.4896240234375,1155.9071159362793,0.5708125233650208,0.7974692583084106,0.5732381343841553,0.8027132749557495,2.881210327148437,2.735809326171875,Fixation,1465.6839540269639,1153.1833624839783,140.0,19.0,True,30,word,spoon,7.0
4348.0,1462.5733947753906,1152.0984649658203,0.5844293236732483,0.801311194896698,0.571317732334137,0.8000683784484863,2.832244873046875,2.737335205078125,Fixation,1465.6839540269639,1153.1833624839783,140.0,19.0,True,30,word,spoon,7.0
4352.0,1446.3671875,1174.68412399292,0.5766207575798035,0.7963517904281616,0.5649871826171875,0.8157528638839722,2.9011993408203125,2.7791748046875,Fixation,1465.6839540269639,1153.1833624839783,140.0,19.0,True,30,word,spoon,7.0
4356.0,1459.8663330078125,1156.4293098449707,0.5799040794372559,0.8165103793144226,0.5702602863311768,0.803075909614563,2.8419647216796875,2.743804931640625,Fixation,1465.6839540269639,1153.1833624839783,140.0,19.0,True,30,word,spoon,7.0
4360.0,1466.1268615722656,1159.7950744628906,0.5659640431404114,0.8064291477203369,0.5727058053016663,0.8054132461547852,2.843658447265625,2.7556915283203125,Fixation,1465.6839540269639,1153.1833624839783,140.0,19.0,True,30,word,spoon,7.0
4364.0,1468.7127685546875,1137.3031425476074,0.5813103914260864,0.7858912348747253,0.5737159252166748,0.789793848991394,2.8668365478515625,2.731674194335937,Fixation,1465.6839540269639,1153.1833624839783,140.0,19.0,True,30,word,spoon,7.0
4368.0,1473.8716125488281,1158.3428192138672,0.5731643438339233,0.7959054708480835,0.575731098651886,0.8044047355651855,2.8578643798828125,2.7375640869140625,Fixation,1465.6839540269639,1153.1833624839783,140.0,19.0,True,30,word,spoon,7.0
4372.0,1465.3416442871094,1162.8315925598145,0.583535373210907,0.7978664636611938,0.5723990797996521,0.8075219392776489,2.862548828125,2.7608642578125,Fixation,1465.6839540269639,1153.1833624839783,140.0,19.0,True,30,word,spoon,7.0
4376.0,1473.8487243652344,1146.05375289917,0.5763029456138611,0.8111124038696289,0.5757221579551697,0.7958706617355347,2.836532592773437,2.7357330322265625,Fixation,1465.6839540269639,1153.1833624839783,140.0,19.0,True,30,word,spoon,7.0
4380.0,1464.9922180175781,1161.608247756958,0.5789341330528259,0.7920418381690979,0.5722625851631165,0.8066723942756653,2.8702850341796875,2.74884033203125,Fixation,1465.6839540269639,1153.1833624839783,140.0,19.0,True,30,word,spoon,7.0
4384.0,1476.6702270507812,1152.3822212219238,0.5888398289680481,0.8062013983726501,0.5768243074417114,0.8002654314041138,2.8330078125,2.7467193603515625,Fixation,1465.6839540269639,1153.1833624839783,140.0,19.0,True,30,word,spoon,7.0
4388.0,1460.4624938964844,1152.8123188018799,0.5757274627685547,0.7906028032302856,0.5704931616783142,0.8005641102790833,2.849822998046875,2.732330322265625,Fixation,1465.6839540269639,1153.1833624839783,140.0,19.0,True,30,word,spoon,7.0
4392.0,1485.0958251953125,1164.8734188079834,0.5764843225479126,0.7672178745269775,0.580115556716919,0.8089398741722107,2.9012908935546875,2.7656707763671875,Fixation,1465.6839540269639,1153.1833624839783,140.0,19.0,True,30,word,spoon,7.0
4396.0,1476.06201171875,1169.2948150634766,0.5820938348770142,0.7890092134475708,0.5765867233276367,0.8120102882385254,2.88323974609375,2.7468414306640625,Fixation,1465.6839540269639,1153.1833624839783,140.0,19.0,True,30,word,spoon,7.0
4400.0,1478.9889526367188,1160.4895305633545,0.578450620174408,0.7961098551750183,0.5777300596237183,0.8058955073356628,2.852569580078125,2.7431793212890625,Fixation,1465.6839540269639,1153.1833624839783,140.0,19.0,True,30,word,spoon,7.0
4404.0,1470.9103393554688,1161.4932346343994,0.5740278959274292,0.7906944155693054,0.57457435131073,0.8065925240516663,2.8594970703125,2.73980712890625,Fixation,1465.6839540269639,1153.1833624839783,140.0,19.0,True,30,word,spoon,7.0
4408.0,1472.3855590820312,1156.0782623291016,0.5780011415481567,0.7938238978385925,0.5751506090164185,0.8028321266174316,2.8857879638671875,2.770721435546875,Fixation,1465.6839540269639,1153.1833624839783,140.0,19.0,True,30,word,spoon,7.0
4412.0,1466.3587951660156,1166.709508895874,0.5755549669265747,0.7938247919082642,0.5727964043617249,0.8102149367332458,2.831024169921875,2.751815795898437,Fixation,1465.6839540269639,1153.1833624839783,140.0,19.0,True,30,word,spoon,7.0
4416.0,1476.7793273925781,1159.931287765503,0.5813462138175964,0.7853263020515442,0.5768669247627258,0.8055078387260437,2.829330444335937,2.727203369140625,Fixation,1465.6839540269639,1153.1833624839783,140.0,19.0,True,30,word,spoon,7.0
4420.0,1478.5816955566406,1167.2577953338623,0.5838930606842041,0.7749691605567932,0.5775709748268127,0.810595691204071,2.85931396484375,2.743316650390625,Fixation,1465.6839540269639,1153.1833624839783,140.0,19.0,True,30,word,spoon,7.0
4424.0,1453.1919860839844,1161.7405986785889,0.5778815746307373,0.7870970964431763,0.5676531195640564,0.8067643046379089,2.867904663085937,2.763534545898437,Fixation,1465.6839540269639,1153.1833624839783,140.0,19.0,True,30,word,spoon,7.0
4428.0,1456.7987060546875,1150.4191875457764,0.5776477456092834,0.7847747802734375,0.5690619945526123,0.7989022135734558,2.875701904296875,2.7768096923828125,Fixation,1465.6839540269639,1153.1833624839783,140.0,19.0,True,30,word,spoon,7.0
4432.0,1459.1818237304688,1168.6323738098145,0.5720757246017456,0.7799592614173889,0.5699928998947144,0.8115502595901489,2.8798370361328125,2.7686309814453125,Fixation,1465.6839540269639,1153.1833624839783,140.0,19.0,True,30,word,spoon,7.0
4436.0,1462.9440307617188,1148.11128616333,0.569041907787323,0.7849587202072144,0.5714625120162964,0.7972995042800903,2.8461456298828125,2.748809814453125,Fixation,1465.6839540269639,1153.1833624839783,140.0,19.0,True,30,word,spoon,7.0
4440.0,1458.2334899902344,1129.1097450256348,0.5566158294677734,0.7774845957756042,0.5696224570274353,0.7841039896011353,2.85186767578125,2.753692626953125,Fixation,1465.6839540269639,1153.1833624839783,140.0,19.0,True,30,word,spoon,7.0
4444.0,1412.8115844726562,1103.8187885284424,0.5507175326347351,0.7581703662872314,0.5518795251846313,0.7665408253669739,2.8352508544921875,2.744476318359375,Fixation,1465.6839540269639,1153.1833624839783,140.0,19.0,True,30,word,spoon,7.0
4448.0,1373.6146545410156,1092.2476959228516,0.5426808595657349,0.7519402503967285,0.5365682244300842,0.7585053443908691,2.8890380859375,2.735626220703125,Fixation,1376.3069199070785,1097.1849203109741,260.0,20.0,True,31,word,white,6.0
4452.0,1374.6231079101562,1102.0179748535156,0.5354133248329163,0.7760987877845764,0.5369621515274048,0.7652902603149414,2.8811492919921875,2.704132080078125,Fixation,1376.3069199070785,1097.1849203109741,260.0,20.0,True,31,word,white,6.0
4456.0,1389.5156860351562,1109.3454265594482,0.5297597646713257,0.7466227412223816,0.5427795648574829,0.7703787684440613,2.901123046875,2.72064208984375,Fixation,1376.3069199070785,1097.1849203109741,260.0,20.0,True,31,word,white,6.0
4460.0,1387.5244140625,1107.5795459747314,0.5363596081733704,0.7690250277519226,0.5420017242431641,0.7691524624824524,2.825225830078125,2.74560546875,Fixation,1376.3069199070785,1097.1849203109741,260.0,20.0,True,31,word,white,6.0
4464.0,1381.1676025390625,1094.5553398132324,0.5380599498748779,0.7765809893608093,0.5395185947418213,0.7601078748703003,2.863861083984375,2.728973388671875,Fixation,1376.3069199070785,1097.1849203109741,260.0,20.0,True,31,word,white,6.0
4468.0,1395.9455871582031,1092.8600978851318,0.5419070720672607,0.7605569958686829,0.5452912449836731,0.7589306235313416,2.851837158203125,2.7364959716796875,Fixation,1376.3069199070785,1097.1849203109741,260.0,20.0,True,31,word,white,6.0
4472.0,1383.8375854492188,1108.8091564178467,0.5371732115745544,0.7530616521835327,0.5405615568161011,0.7700063586235046,2.8954315185546875,2.738800048828125,Fixation,1376.3069199070785,1097.1849203109741,260.0,20.0,True,31,word,white,6.0
4476.0,1389.1110229492188,1089.4872951507568,0.5366705656051636,0.7570032477378845,0.5426214933395386,0.7565883994102478,2.858001708984375,2.7643280029296875,Fixation,1376.3069199070785,1097.1849203109741,260.0,20.0,True,31,word,white,6.0
4480.0,1401.1062622070312,1105.2456378936768,0.5331752896308899,0.7475679516792297,0.5473071336746216,0.76753169298172,2.8922271728515625,2.7797393798828125,Fixation,1376.3069199070785,1097.1849203109741,260.0,20.0,True,31,word,white,6.0
4484.0,1381.7692565917969,1096.806936264038,0.5447037220001221,0.7692400217056274,0.5397536158561707,0.7616714835166931,2.8881378173828125,2.7497711181640625,Fixation,1376.3069199070785,1097.1849203109741,260.0,20.0,True,31,word,white,6.0
4488.0,1378.4735107421875,1094.8988342285156,0.5396141409873962,0.7551371455192566,0.538466215133667,0.7603464126586914,2.901702880859375,2.750823974609375,Fixation,1376.3069199070785,1097.1849203109741,260.0,20.0,True,31,word,white,6.0
4492.0,1374.1220092773438,1099.5644187927246,0.5399059057235718,0.7576515078544617,0.5367664098739624,0.7635864019393921,2.8701629638671875,2.7785797119140625,Fixation,1376.3069199070785,1097.1849203109741,260.0,20.0,True,31,word,white,6.0
4496.0,1382.4893188476562,1090.1869010925293,0.5472179055213928,0.7567619681358337,0.5400348901748657,0.757074236869812,2.892791748046875,2.75933837890625,Fixation,1376.3069199070785,1097.1849203109741,260.0,20.0,True,31,word,white,6.0
4500.0,1372.8166198730469,1077.6375102996826,0.5462201237678528,0.7576070427894592,0.5362564921379089,0.7483593821525574,2.8694000244140625,2.7522430419921875,Fixation,1376.3069199070785,1097.1849203109741,260.0,20.0,True,31,word,white,6.0
4504.0,1374.9765014648438,1074.6850204467773,0.5324447154998779,0.7370947599411011,0.5371001958847046,0.7463090419769287,2.864486694335937,2.72698974609375,Fixation,1376.3069199070785,1097.1849203109741,260.0,20.0,True,31,word,white,6.0
4508.0,1377.4319458007812,1082.5254821777344,0.5409685969352722,0.760295569896698,0.5380593538284302,0.7517538070678711,2.89056396484375,2.7561798095703125,Fixation,1376.3069199070785,1097.1849203109741,260.0,20.0,True,31,word,white,6.0
4512.0,1380.2745056152344,1075.2439498901367,0.535225510597229,0.7559307813644409,0.5391697287559509,0.746697187423706,2.8755340576171875,2.7601318359375,Fixation,1376.3069199070785,1097.1849203109741,260.0,20.0,True,31,word,white,6.0
4516.0,1359.6647644042969,1082.4303817749023,0.530046820640564,0.7532898187637329,0.5311190485954285,0.75168776512146,2.888916015625,2.77215576171875,Fixation,1376.3069199070785,1097.1849203109741,260.0,20.0,True,31,word,white,6.0
4520.0,1372.7447509765625,1083.490390777588,0.527631938457489,0.7419946789741516,0.5362284183502197,0.752423882484436,2.8716583251953125,2.763092041015625,Fixation,1376.3069199070785,1097.1849203109741,260.0,20.0,True,31,word,white,6.0
4524.0,1374.0606689453125,1070.3545188903809,0.5345026254653931,0.7624644041061401,0.5367424488067627,0.7433017492294312,2.8883514404296875,2.737457275390625,Fixation,1376.3069199070785,1097.1849203109741,260.0,20.0,True,31,word,white,6.0
4528.0,1372.166748046875,1079.9423217773438,0.5423356294631958,0.7611531019210815,0.5360026359558105,0.7499599456787109,2.880828857421875,2.7801513671875,Fixation,1376.3069199070785,1097.1849203109741,260.0,20.0,True,31,word,white,6.0
4532.0,1368.419189453125,1087.7647590637207,0.5397982001304626,0.746470034122467,0.534538745880127,0.7553921937942505,2.9024200439453125,2.7754058837890625,Fixation,1376.3069199070785,1097.1849203109741,260.0,20.0,True,31,word,white,6.0
4536.0,1379.6499633789062,1087.3301982879639,0.5406805276870728,0.7553447484970093,0.5389257669448853,0.7550904154777527,2.9354248046875,2.815460205078125,Fixation,1376.3069199070785,1097.1849203109741,260.0,20.0,True,31,word,white,6.0
4540.0,1365.0669860839844,1082.3050689697266,0.5437412858009338,0.7569354176521301,0.5332292914390564,0.7516007423400879,2.89361572265625,2.7760772705078125,Fixation,1376.3069199070785,1097.1849203109741,260.0,20.0,True,31,word,white,6.0
4544.0,1362.5347900390625,1096.8670177459717,0.5380043983459473,0.7562313675880432,0.5322401523590088,0.7617132067680359,2.8949127197265625,2.7796783447265625,Fixation,1376.3069199070785,1097.1849203109741,260.0,20.0,True,31,word,white,6.0
4548.0,1378.4312438964844,1092.5875854492188,0.5385693907737732,0.7621967196464539,0.5384497046470642,0.7587413787841797,2.915512084960937,2.80120849609375,Fixation,1376.3069199070785,1097.1849203109741,260.0,20.0,True,31,word,white,6.0
4552.0,1363.6331176757812,1072.6102352142334,0.5409221649169922,0.7427083253860474,0.532669186592102,0.7448682188987732,2.945541381835937,2.760040283203125,Fixation,1376.3069199070785,1097.1849203109741,260.0,20.0,True,31,word,white,6.0
4556.0,1367.7908325195312,1088.7500095367432,0.5390218496322632,0.7693488001823425,0.5342932939529419,0.7560763955116272,2.878158569335937,2.794158935546875,Fixation,1376.3069199070785,1097.1849203109741,260.0,20.0,True,31,word,white,6.0
4560.0,1369.7372436523438,1092.5749683380127,0.5409604907035828,0.7546100616455078,0.5350536108016968,0.7587326169013977,2.9491424560546875,2.797637939453125,Fixation,1376.3069199070785,1097.1849203109741,260.0,20.0,True,31,word,white,6.0
4564.0,1379.3257141113281,1075.3662586212158,0.5575498342514038,0.841490626335144,0.5387991070747375,0.746782124042511,2.642913818359375,2.7300567626953125,Fixation,1376.3069199070785,1097.1849203109741,260.0,20.0,True,31,word,white,6.0
4568.0,1370.211181640625,1103.7087535858154,0.5487818121910095,0.740501880645752,0.5352387428283691,0.7664644122123718,2.9359893798828125,2.80487060546875,Fixation,1376.3069199070785,1097.1849203109741,260.0,20.0,True,31,word,white,6.0
4572.0,1373.4144592285156,1081.131935119629,0.5411927103996277,0.7523413300514221,0.5364900231361389,0.7507860660552979,2.939422607421875,2.75457763671875,Fixation,1376.3069199070785,1097.1849203109741,260.0,20.0,True,31,word,white,6.0
4576.0,1371.2347412109375,1092.3452854156494,0.5436388254165649,0.7578185796737671,0.5356385707855225,0.7585731148719788,2.9031524658203125,2.80535888671875,Fixation,1376.3069199070785,1097.1849203109741,260.0,20.0,True,31,word,white,6.0
4580.0,1384.7975158691406,1106.2775802612305,0.5418781042098999,0.7412458658218384,0.5409365296363831,0.7682483196258545,2.91455078125,2.822723388671875,Fixation,1376.3069199070785,1097.1849203109741,260.0,20.0,True,31,word,white,6.0
4584.0,1390.1324462890625,1094.2114162445068,0.5367540717124939,0.7557151913642883,0.543020486831665,0.7598690390586853,2.9040679931640625,2.7841033935546875,Fixation,1376.3069199070785,1097.1849203109741,260.0,20.0,True,31,word,white,6.0
4588.0,1372.2554016113281,1101.139326095581,0.54498690366745,0.7479334473609924,0.536037266254425,0.7646800875663757,2.916839599609375,2.778793334960937,Fixation,1376.3069199070785,1097.1849203109741,260.0,20.0,True,31,word,white,6.0
4592.0,1390.8039855957031,1101.7554187774658,0.5406123399734497,0.7388938665390015,0.5432828068733215,0.7651079297065735,2.9713897705078125,2.792465209960937,Fixation,1376.3069199070785,1097.1849203109741,260.0,20.0,True,31,word,white,6.0
4596.0,1389.0470886230469,1102.2631072998047,0.5396556854248047,0.7297732830047607,0.5425965189933777,0.7654604911804199,2.9250030517578125,2.78948974609375,Fixation,1376.3069199070785,1097.1849203109741,260.0,20.0,True,31,word,white,6.0
4600.0,1401.1509704589844,1102.8105354309082,0.5359658598899841,0.7629255056381226,0.5473245978355408,0.7658406496047974,2.9099273681640625,2.796112060546875,Fixation,1376.3069199070785,1097.1849203109741,260.0,20.0,True,31,word,white,6.0
4604.0,1390.0349426269531,1109.450569152832,0.5349045395851135,0.7674886584281921,0.5429823994636536,0.7704517841339111,2.8921356201171875,2.79400634765625,Fixation,1376.3069199070785,1097.1849203109741,260.0,20.0,True,31,word,white,6.0
4608.0,1392.2996520996094,1086.7542743682861,0.5355122685432434,0.737754225730896,0.5438670516014099,0.7546904683113098,2.9645538330078125,2.7708892822265625,Fixation,1376.3069199070785,1097.1849203109741,260.0,20.0,True,31,word,white,6.0
4612.0,1389.6208190917969,1119.3425559997559,0.5366437435150146,0.7512072920799255,0.5428206324577332,0.7773212194442749,2.9517974853515625,2.7891845703125,Fixation,1376.3069199070785,1097.1849203109741,260.0,20.0,True,31,word,white,6.0
4616.0,1396.1289978027344,1100.2319240570068,0.5296851396560669,0.7498121857643127,0.5453628897666931,0.7640499472618103,2.927581787109375,2.7864990234375,Fixation,1376.3069199070785,1097.1849203109741,260.0,20.0,True,31,word,white,6.0
4620.0,1396.9841003417969,1098.098087310791,0.5346181392669678,0.7537094354629517,0.5456969141960144,0.7625681161880493,2.944488525390625,2.8227691650390625,Fixation,1376.3069199070785,1097.1849203109741,260.0,20.0,True,31,word,white,6.0
4624.0,1388.863525390625,1110.9549236297607,0.5373353362083435,0.7625922560691833,0.5425248146057129,0.7714964747428894,2.9316864013671875,2.7963409423828125,Fixation,1376.3069199070785,1097.1849203109741,260.0,20.0,True,31,word,white,6.0
4628.0,1373.0604553222656,1115.7096862792969,0.5369592905044556,0.7639426589012146,0.53635174036026,0.7747983932495117,2.92169189453125,2.8046417236328125,Fixation,1376.3069199070785,1097.1849203109741,260.0,20.0,True,31,word,white,6.0
4632.0,1371.8803405761719,1101.302661895752,0.5357438325881958,0.754754364490509,0.5358907580375671,0.7647935152053833,2.92327880859375,2.77618408203125,Fixation,1376.3069199070785,1097.1849203109741,260.0,20.0,True,31,word,white,6.0
4636.0,1372.7053833007812,1097.743263244629,0.5385491251945496,0.744552493095398,0.5362130403518677,0.7623217105865479,2.95635986328125,2.773590087890625,Fixation,1376.3069199070785,1097.1849203109741,260.0,20.0,True,31,word,white,6.0
4640.0,1357.9049682617188,1119.074764251709,0.5416784286499023,0.7621421813964844,0.5304316282272339,0.7771352529525757,2.93475341796875,2.82781982421875,Fixation,1376.3069199070785,1097.1849203109741,260.0,20.0,True,31,word,white,6.0
4644.0,1368.7910461425781,1124.9056720733643,0.5445971488952637,0.7799153327941895,0.5346840023994446,0.7811844944953918,2.907379150390625,2.771820068359375,Fixation,1376.3069199070785,1097.1849203109741,260.0,20.0,True,31,word,white,6.0
4648.0,1358.5353088378906,1104.834508895874,0.5383555293083191,0.7574409246444702,0.530677855014801,0.7672461867332458,2.929916381835937,2.773193359375,Fixation,1376.3069199070785,1097.1849203109741,260.0,20.0,True,31,word,white,6.0
4652.0,1345.0257873535156,1099.636173248291,0.5402233004570007,0.755548357963562,0.525400698184967,0.7636362314224243,2.9304351806640625,2.796295166015625,Fixation,1376.3069199070785,1097.1849203109741,260.0,20.0,True,31,word,white,6.0
4656.0,1361.6398620605469,1100.8159160614014,0.5401024222373962,0.7657225728034973,0.5318905711174011,0.7644554972648621,2.919891357421875,2.775634765625,Fixation,1376.3069199070785,1097.1849203109741,260.0,20.0,True,31,word,white,6.0
4660.0,1368.2147216796875,1098.4115409851074,0.5316532850265503,0.7362080216407776,0.5344588756561279,0.762785792350769,2.98358154296875,2.7723846435546875,Fixation,1376.3069199070785,1097.1849203109741,260.0,20.0,True,31,word,white,6.0
4664.0,1376.8170166015625,1100.9753036499023,0.5314636826515198,0.7621670961380005,0.5378191471099854,0.76456618309021,2.930023193359375,2.8023834228515625,Fixation,1376.3069199070785,1097.1849203109741,260.0,20.0,True,31,word,white,6.0
4668.0,1381.4710998535156,1114.7572231292725,0.5297309756278992,0.7754164934158325,0.5396371483802795,0.7741369605064392,2.8741455078125,2.8196258544921875,Fixation,1376.3069199070785,1097.1849203109741,260.0,20.0,True,31,word,white,6.0
4672.0,1371.373291015625,1101.7445182800293,0.5325301885604858,0.7600807547569275,0.5356926918029785,0.765100359916687,2.943450927734375,2.7611541748046875,Fixation,1376.3069199070785,1097.1849203109741,260.0,20.0,True,31,word,white,6.0
4676.0,1360.9864807128906,1095.819969177246,0.5424401760101318,0.7473944425582886,0.5316353440284729,0.7609860897064209,2.9485015869140625,2.7742462158203125,Fixation,1376.3069199070785,1097.1849203109741,260.0,20.0,True,31,word,white,6.0
4680.0,1385.6852722167969,1103.720941543579,0.5415685772895813,0.7671045064926147,0.5412833094596863,0.7664728760719299,2.8946075439453125,2.8018951416015625,Fixation,1376.3069199070785,1097.1849203109741,260.0,20.0,True,31,word,white,6.0
4684.0,1359.0879821777344,1112.3859786987305,0.5409085750579834,0.7520464658737183,0.5308937430381775,0.7724902629852295,2.934234619140625,2.814071655273437,Fixation,1376.3069199070785,1097.1849203109741,260.0,20.0,True,31,word,white,6.0
4688.0,1359.5429992675781,1096.5665245056152,0.5399134159088135,0.7621024250984192,0.5310714840888977,0.7615045309066772,2.95037841796875,2.79443359375,Fixation,1376.3069199070785,1097.1849203109741,260.0,20.0,True,31,word,white,6.0
4692.0,1357.3666381835938,1099.0416240692139,0.5422279238700867,0.777318000793457,0.5302213430404663,0.7632233500480652,2.8822174072265625,2.7936553955078125,Fixation,1376.3069199070785,1097.1849203109741,260.0,20.0,True,31,word,white,6.0
4696.0,1349.5704650878906,1126.2077236175537,0.5411583781242371,0.7561962604522705,0.5271759629249573,0.7820886969566345,2.98712158203125,2.814697265625,Fixation,1376.3069199070785,1097.1849203109741,260.0,20.0,True,31,word,white,6.0
4700.0,1369.5304870605469,1112.9321193695068,0.5340675711631775,0.756820023059845,0.5349728465080261,0.7728695273399353,2.939239501953125,2.840072631835937,Fixation,1376.3069199070785,1097.1849203109741,260.0,20.0,True,31,word,white,6.0
4704.0,1388.1901550292969,1108.253574371338,0.5339491963386536,0.780444324016571,0.5422617793083191,0.7696205377578735,2.913070678710937,2.802459716796875,Fixation,1376.3069199070785,1097.1849203109741,260.0,20.0,True,31,word,white,6.0
4708.0,1389.8715209960938,1082.8184223175049,0.5286563038825989,0.7567897439002991,0.5429185628890991,0.7519572377204895,2.9158172607421875,2.80828857421875,Fixation,1376.3069199070785,1097.1849203109741,260.0,20.0,True,31,word,white,6.0
4712.0,1371.1537170410156,1021.2857151031494,0.520118772983551,0.7034173011779785,0.5356069207191467,0.7092261910438538,2.918701171875,2.7993927001953125,Saccade,,,,0.0,False,32,,,
4716.0,1360.2946472167969,916.5134811401367,0.5272580981254578,0.661342203617096,0.5313650965690613,0.636467695236206,2.988616943359375,2.7843017578125,Saccade,,,,0.0,False,32,,,
4720.0,1382.6264953613281,688.2846593856812,0.5220541954040527,0.6139758229255676,0.5400884747505188,0.477975457906723,2.8802642822265625,2.6992340087890625,Saccade,,,,0.0,False,32,,,
4724.0,1337.2358703613281,691.554250717163,0.5193737149238586,0.6037459373474121,0.5223577618598938,0.4802460074424743,2.900604248046875,2.744354248046875,Saccade,,,,0.0,False,32,,,
4728.0,1314.6771240234375,679.4371032714844,0.5106136798858643,0.5610349178314209,0.5135457515716553,0.4718313217163086,2.905136108398437,2.768096923828125,Saccade,,,,0.0,False,32,,,
4732.0,1337.3931884765625,599.7880697250365,0.517399251461029,0.550279438495636,0.5224192142486572,0.4165194928646087,2.839935302734375,2.8125152587890625,Saccade,,,,0.0,False,32,,,
4736.0,1339.3576049804688,577.1761894226073,0.512008011341095,0.4972935020923614,0.5231865644454956,0.400816798210144,2.83477783203125,2.7333526611328125,Saccade,,,,0.0,False,32,,,
4740.0,1325.2557373046875,489.42830085754395,0.5116205811500549,0.4407891929149627,0.5176780223846436,0.3398807644844055,2.8461151123046875,2.7644195556640625,Saccade,,,,0.0,False,32,,,
4744.0,1319.93408203125,462.92644500732416,0.4998809099197387,0.4448425471782684,0.515599250793457,0.3214766979217529,2.8660888671875,2.81707763671875,Saccade,,,,0.0,False,32,,,
4748.0,1317.0968627929688,476.8079710006714,0.4976351857185364,0.3880164623260498,0.5144909620285034,0.331116646528244,2.9051971435546875,2.7501983642578125,Saccade,,,,0.0,False,32,,,
4752.0,1306.6177368164062,496.3080167770385,0.4983715713024139,0.4377545416355133,0.5103975534439087,0.3446583449840545,2.8806610107421875,2.8096923828125,Saccade,,,,0.0,False,32,,,
4756.0,1320.6172180175781,524.9163722991943,0.5061728954315186,0.435815691947937,0.5158661007881165,0.3645252585411072,2.868682861328125,2.8031158447265625,Saccade,,,,0.0,False,32,,,
4760.0,1311.8853759765625,526.4190101623534,0.508273184299469,0.4206805527210235,0.5124552249908447,0.3655687570571899,2.88031005859375,2.778472900390625,Saccade,,,,0.0,False,32,,,
4764.0,1309.5565795898438,554.695200920105,0.5041887164115906,0.3933373093605041,0.5115455389022827,0.3852050006389618,2.931304931640625,2.797943115234375,Saccade,,,,0.0,False,32,,,
4768.0,1300.7792663574219,556.7197751998901,0.4988733232021332,0.3507298827171325,0.5081169009208679,0.3866109549999237,2.820175170898437,2.792343139648437,Saccade,,,,0.0,False,32,,,
4772.0,1279.2974853515625,560.4792022705078,0.505124032497406,0.3739417791366577,0.4997255802154541,0.3892216682434082,2.86676025390625,2.795684814453125,Saccade,,,,0.0,False,32,,,
4776.0,1286.7626953125,558.5406732559204,0.5059797763824463,0.3742977678775787,0.5026416778564453,0.3878754675388336,2.929412841796875,2.7635040283203125,Saccade,,,,0.0,False,32,,,
4780.0,1284.6942138671875,551.849055290222,0.5095865726470947,0.3455690443515777,0.5018336772918701,0.3832285106182098,2.9156036376953125,2.76275634765625,Saccade,,,,0.0,False,32,,,
4784.0,1305.6634521484375,576.9014024734496,0.502747118473053,0.3543244898319244,0.5100247859954834,0.4006259739398956,2.888168334960937,2.8106689453125,Fixation,1296.3846953018851,573.3380593424258,88.0,21.0,True,33,word,image,11.0
4788.0,1317.9367065429688,544.1578531265258,0.5065301656723022,0.3555076420307159,0.5148190259933472,0.3778873980045318,2.923583984375,2.77203369140625,Fixation,1296.3846953018851,573.3380593424258,88.0,21.0,True,33,word,image,11.0
4792.0,1317.8422546386719,582.5705194473267,0.5028833150863647,0.346051424741745,0.5147821307182312,0.4045628607273102,2.8746795654296875,2.80865478515625,Fixation,1296.3846953018851,573.3380593424258,88.0,21.0,True,33,word,image,11.0
4796.0,1295.4487609863281,575.0569009780884,0.5082622766494751,0.3613496422767639,0.5060346722602844,0.3993450701236725,2.921630859375,2.842025756835937,Fixation,1296.3846953018851,573.3380593424258,88.0,21.0,True,33,word,image,11.0
4800.0,1294.4522094726562,552.2864055633544,0.51497882604599,0.3726702928543091,0.5056453943252563,0.3835322260856628,2.932159423828125,2.793914794921875,Fixation,1296.3846953018851,573.3380593424258,88.0,21.0,True,33,word,image,11.0
4804.0,1287.45849609375,566.3495922088622,0.5154549479484558,0.3611366748809814,0.5029134750366211,0.393298327922821,2.88031005859375,2.79705810546875,Fixation,1296.3846953018851,573.3380593424258,88.0,21.0,True,33,word,image,11.0
4808.0,1280.7502746582031,585.8595514297484,0.5124712586402893,0.3739878237247467,0.5002930760383606,0.4068469107151031,2.9219970703125,2.8520660400390625,Fixation,1296.3846953018851,573.3380593424258,88.0,21.0,True,33,word,image,11.0
4812.0,1290.2291870117188,575.7994651794434,0.5038918256759644,0.3968106806278229,0.5039957761764526,0.3998607397079468,2.9563751220703125,2.8267822265625,Fixation,1296.3846953018851,573.3380593424258,88.0,21.0,True,33,word,image,11.0
4816.0,1311.6380310058594,558.0148315429688,0.5034526586532593,0.3552982211112976,0.5123586058616638,0.3875102996826172,2.8955841064453125,2.8262939453125,Fixation,1296.3846953018851,573.3380593424258,88.0,21.0,True,33,word,image,11.0
4820.0,1309.7065734863281,574.0250015258788,0.5084339380264282,0.3512389659881592,0.5116041302680969,0.3986284732818603,2.885894775390625,2.815887451171875,Fixation,1296.3846953018851,573.3380593424258,88.0,21.0,True,33,word,image,11.0
4824.0,1296.929931640625,576.0255002975463,0.5101099610328674,0.3985053896903991,0.5066132545471191,0.4000177085399627,2.921844482421875,2.8131561279296875,Fixation,1296.3846953018851,573.3380593424258,88.0,21.0,True,33,word,image,11.0
4828.0,1299.3731689453125,573.8339853286743,0.5109259486198425,0.4006059467792511,0.5075676441192627,0.3984958231449127,2.933700561523437,2.8048095703125,Fixation,1296.3846953018851,573.3380593424258,88.0,21.0,True,33,word,image,11.0
4832.0,1288.5006713867188,590.680832862854,0.510676383972168,0.3945625424385071,0.503320574760437,0.4101950228214264,2.9242095947265625,2.833343505859375,Fixation,1296.3846953018851,573.3380593424258,88.0,21.0,True,33,word,image,11.0
4836.0,1285.9915161132812,574.1874361038208,0.5085119605064392,0.3999645709991455,0.5023404359817505,0.3987412750720978,2.9274139404296875,2.8088836669921875,Fixation,1296.3846953018851,573.3380593424258,88.0,21.0,True,33,word,image,11.0
4840.0,1287.4278259277344,547.1947574615479,0.5003370046615601,0.39864382147789,0.5029014945030212,0.3799963593482971,2.895248413085937,2.779571533203125,Fixation,1296.3846953018851,573.3380593424258,88.0,21.0,True,33,word,image,11.0
4844.0,1289.3611145019531,597.5717496871947,0.5081020593643188,0.4077391326427459,0.5036566853523254,0.4149803817272186,2.9223785400390625,2.8558349609375,Fixation,1296.3846953018851,573.3380593424258,88.0,21.0,True,33,word,image,11.0
4848.0,1304.9093627929688,579.1850137710571,0.5121696591377258,0.4064780473709106,0.5097302198410034,0.4022118151187897,2.931640625,2.817047119140625,Fixation,1296.3846953018851,573.3380593424258,88.0,21.0,True,33,word,image,11.0
4852.0,1308.155517578125,585.1614904403687,0.5100910663604736,0.4030710458755493,0.5109982490539551,0.4063621461391449,2.91082763671875,2.7889404296875,Fixation,1296.3846953018851,573.3380593424258,88.0,21.0,True,33,word,image,11.0
4856.0,1294.37744140625,603.1268405914307,0.5112773180007935,0.3951398432254791,0.5056161880493164,0.4188380837440491,2.91278076171875,2.8523101806640625,Fixation,1296.3846953018851,573.3380593424258,88.0,21.0,True,33,word,image,11.0
4860.0,1281.6024780273438,580.6451654434204,0.511650025844574,0.3842951953411102,0.5006259679794312,0.4032258093357086,2.8777618408203125,2.79766845703125,Fixation,1296.3846953018851,573.3380593424258,88.0,21.0,True,33,word,image,11.0
4864.0,1287.7171325683594,576.762056350708,0.5058298110961914,0.4155265390872955,0.5030145049095154,0.4005292057991028,2.91351318359375,2.794219970703125,Fixation,1296.3846953018851,573.3380593424258,88.0,21.0,True,33,word,image,11.0
4868.0,1290.6439208984375,535.5196380615234,0.5092820525169373,0.4098414778709411,0.5041577816009521,0.3718886375427246,2.91656494140625,2.734527587890625,Fixation,1296.3846953018851,573.3380593424258,88.0,21.0,True,33,word,image,11.0
4872.0,1290.7319641113281,575.859375,0.5072782039642334,0.4167225956916809,0.5041921734809875,0.39990234375,2.9364776611328125,2.799545288085937,Fixation,1296.3846953018851,573.3380593424258,88.0,21.0,True,33,word,image,11.0
