timestamp,x,y,l_x,l_y,r_x,r_y,pupil_l,pupil_r,event_type,fixation_x,fixation_y,event_duration,fixation_id,merged,event_id,aoi_type,aoi,aoi_id
0.0,1256.35871887207,628.4755611419678,0.5024751424789429,0.4318885207176208,0.4907651245594024,0.4364413619041443,3.35028076171875,3.2528533935546875,Fixation,1260.5523645310175,672.5567013876779,248.0,1.0,True,1,image,,9.0
4.0,1254.6897888183591,677.3503017425537,0.5072425603866577,0.4304717779159546,0.4901131987571716,0.4703821539878845,3.3858642578125,3.292465209960937,Fixation,1260.5523645310175,672.5567013876779,248.0,1.0,True,1,image,,9.0
8.0,1244.524002075195,696.2598323822021,0.505821704864502,0.4408417046070099,0.4861421883106231,0.4835137724876404,3.37109375,3.3505096435546875,Fixation,1260.5523645310175,672.5567013876779,248.0,1.0,True,1,image,,9.0
12.0,1264.6590423583984,652.7329444885254,0.5096370577812195,0.4317575693130493,0.4940074384212494,0.4532867670059204,3.3361053466796875,3.3081207275390625,Fixation,1260.5523645310175,672.5567013876779,248.0,1.0,True,1,image,,9.0
16.0,1266.6900634765625,679.5604419708251,0.5085403323173523,0.4209336340427398,0.4948008060455322,0.4719169735908508,3.3632354736328125,3.322174072265625,Fixation,1260.5523645310175,672.5567013876779,248.0,1.0,True,1,image,,9.0
20.0,1263.0812072753904,678.3461952209473,0.5102906823158264,0.4348722100257873,0.4933910965919494,0.4710737466812134,3.369384765625,3.308502197265625,Fixation,1260.5523645310175,672.5567013876779,248.0,1.0,True,1,image,,9.0
24.0,1264.850158691406,694.430694580078,0.5046244263648987,0.4360683560371399,0.4940820932388305,0.482243537902832,3.332672119140625,3.30609130859375,Fixation,1260.5523645310175,672.5567013876779,248.0,1.0,True,1,image,,9.0
28.0,1255.6114196777344,686.7254590988159,0.5076656341552734,0.4298200011253357,0.490473210811615,0.4768926799297333,3.40576171875,3.3358306884765625,Fixation,1260.5523645310175,672.5567013876779,248.0,1.0,True,1,image,,9.0
32.0,1272.8093719482422,673.4252214431763,0.5032044649124146,0.4390206634998321,0.4971911609172821,0.4676564037799835,3.347885131835937,3.3070068359375,Fixation,1260.5523645310175,672.5567013876779,248.0,1.0,True,1,image,,9.0
36.0,1274.3803405761716,668.8460254669188,0.5038946270942688,0.4450421035289764,0.4978048205375671,0.4644764065742492,3.3753662109375,3.3162384033203125,Fixation,1260.5523645310175,672.5567013876779,248.0,1.0,True,1,image,,9.0
40.0,1267.6739501953123,674.8936557769775,0.5038869976997375,0.4270662665367126,0.4951851367950439,0.4686761498451233,3.38897705078125,3.30377197265625,Fixation,1260.5523645310175,672.5567013876779,248.0,1.0,True,1,image,,9.0
44.0,1279.0232086181638,635.0017404556274,0.5023446679115295,0.4377001225948334,0.4996184408664703,0.4409734308719635,3.3687896728515625,3.25836181640625,Fixation,1260.5523645310175,672.5567013876779,248.0,1.0,True,1,image,,9.0
48.0,1274.5355224609375,678.0049753189087,0.4980439841747284,0.4184400737285614,0.4978654384613037,0.4708367884159088,3.3689422607421875,3.3056640625,Fixation,1260.5523645310175,672.5567013876779,248.0,1.0,True,1,image,,9.0
52.0,1272.0204162597654,670.128936767578,0.5030004382133484,0.4199672639369964,0.4968829751014709,0.465367317199707,3.3463134765625,3.282196044921875,Fixation,1260.5523645310175,672.5567013876779,248.0,1.0,True,1,image,,9.0
56.0,1275.5860900878906,661.5032958984375,0.5018655061721802,0.4302604794502258,0.4982758164405823,0.4593772888183594,3.357406616210937,3.3034820556640625,Fixation,1260.5523645310175,672.5567013876779,248.0,1.0,True,1,image,,9.0
60.0,1272.87971496582,671.7540979385375,0.4992915689945221,0.4405310153961181,0.4972186386585235,0.4664959013462066,3.3707275390625,3.3363189697265625,Fixation,1260.5523645310175,672.5567013876779,248.0,1.0,True,1,image,,9.0
64.0,1271.5209197998047,687.5208950042725,0.5013455748558044,0.4247994422912597,0.4966878592967987,0.4774450659751892,3.38604736328125,3.312484741210937,Fixation,1260.5523645310175,672.5567013876779,248.0,1.0,True,1,image,,9.0
68.0,1265.27099609375,644.0020322799681,0.5032066106796265,0.4266597330570221,0.4942464828491211,0.4472236335277557,3.3840789794921875,3.2947235107421875,Fixation,1260.5523645310175,672.5567013876779,248.0,1.0,True,1,image,,9.0
72.0,1267.1431732177732,678.3413887023925,0.4976539611816406,0.4494116306304931,0.4949778020381927,0.4710704088211059,3.34228515625,3.328582763671875,Fixation,1260.5523645310175,672.5567013876779,248.0,1.0,True,1,image,,9.0
76.0,1265.714340209961,667.3266935348511,0.5012972950935364,0.4338932633399963,0.494419664144516,0.4634213149547577,3.380722045898437,3.319061279296875,Fixation,1260.5523645310175,672.5567013876779,248.0,1.0,True,1,image,,9.0
80.0,1264.4892120361328,689.5184755325316,0.4997070729732513,0.4388227164745331,0.4939410984516144,0.4788322746753692,3.354965209960937,3.320053100585937,Fixation,1260.5523645310175,672.5567013876779,248.0,1.0,True,1,image,,9.0
84.0,1266.2456512451172,673.2839012145995,0.497578352689743,0.4407444596290588,0.4946272075176239,0.4675582647323608,3.3783111572265625,3.3167724609375,Fixation,1260.5523645310175,672.5567013876779,248.0,1.0,True,1,image,,9.0
88.0,1271.9310760498045,681.9617271423339,0.495945394039154,0.434614896774292,0.4968480765819549,0.4735845327377319,3.3653717041015625,3.3350830078125,Fixation,1260.5523645310175,672.5567013876779,248.0,1.0,True,1,image,,9.0
92.0,1265.1452636718748,704.6464347839355,0.4995902478694916,0.4364713132381439,0.4941973686218261,0.4893378019332886,3.345611572265625,3.352874755859375,Fixation,1260.5523645310175,672.5567013876779,248.0,1.0,True,1,image,,9.0
96.0,1266.708526611328,668.9745998382568,0.4970072507858276,0.4609667360782623,0.49480801820755,0.4645656943321228,3.4013671875,3.307861328125,Fixation,1260.5523645310175,672.5567013876779,248.0,1.0,True,1,image,,9.0
100.0,1257.4501800537107,670.3449296951294,0.5059624910354614,0.4448513686656952,0.4911914765834808,0.4655173122882843,3.374725341796875,3.34161376953125,Fixation,1260.5523645310175,672.5567013876779,248.0,1.0,True,1,image,,9.0
104.0,1266.6040802001953,665.7701539993286,0.5027602314949036,0.4332801103591919,0.4947672188282013,0.462340384721756,3.356201171875,3.35791015625,Fixation,1260.5523645310175,672.5567013876779,248.0,1.0,True,1,image,,9.0
108.0,1263.906555175781,669.7199106216431,0.5018465518951416,0.4324798285961151,0.4937134981155395,0.4650832712650299,3.36016845703125,3.3238525390625,Fixation,1260.5523645310175,672.5567013876779,248.0,1.0,True,1,image,,9.0
112.0,1258.0767822265625,659.9546957015991,0.501727283000946,0.4276829957962036,0.491436243057251,0.4583018720149994,3.3929901123046875,3.333847045898437,Fixation,1260.5523645310175,672.5567013876779,248.0,1.0,True,1,image,,9.0
116.0,1266.99462890625,674.5116662979126,0.5037890076637268,0.438397616147995,0.4949197769165039,0.4684108793735504,3.3889923095703125,3.307235717773437,Fixation,1260.5523645310175,672.5567013876779,248.0,1.0,True,1,image,,9.0
120.0,1261.9916534423828,690.6955146789551,0.5019714832305908,0.4330648481845855,0.4929654896259308,0.4796496629714966,3.35888671875,3.312408447265625,Fixation,1260.5523645310175,672.5567013876779,248.0,1.0,True,1,image,,9.0
124.0,1270.9355926513672,650.3992080688475,0.5089021921157837,0.4457222819328308,0.4964592158794403,0.4516661167144775,3.3726959228515625,3.375473022460937,Fixation,1260.5523645310175,672.5567013876779,248.0,1.0,True,1,image,,9.0
128.0,1264.4286346435545,667.6455974578856,0.5103304386138916,0.4327742755413055,0.4939174354076385,0.4636427760124206,3.3820037841796875,3.326034545898437,Fixation,1260.5523645310175,672.5567013876779,248.0,1.0,True,1,image,,9.0
132.0,1272.5661468505857,649.5978927612305,0.5077062249183655,0.4293428361415863,0.4970961511135101,0.4511096477508545,3.3709259033203125,3.2958984375,Fixation,1260.5523645310175,672.5567013876779,248.0,1.0,True,1,image,,9.0
136.0,1256.179733276367,655.454421043396,0.5098963975906372,0.4318248033523559,0.4906952083110809,0.4551766812801361,3.368072509765625,3.3184814453125,Fixation,1260.5523645310175,672.5567013876779,248.0,1.0,True,1,image,,9.0
140.0,1262.1844482421875,670.5320835113524,0.5079165697097778,0.4345271289348602,0.4930408000946045,0.465647280216217,3.339202880859375,3.3365478515625,Fixation,1260.5523645310175,672.5567013876779,248.0,1.0,True,1,image,,9.0
144.0,1259.450988769531,663.1557083129883,0.5092962980270386,0.4296749234199524,0.4919730424880981,0.4605247974395752,3.327178955078125,3.30535888671875,Fixation,1260.5523645310175,672.5567013876779,248.0,1.0,True,1,image,,9.0
148.0,1249.898452758789,675.1375436782836,0.5067232251167297,0.4319408237934112,0.488241583108902,0.4688455164432525,3.3260650634765625,3.321533203125,Fixation,1260.5523645310175,672.5567013876779,248.0,1.0,True,1,image,,9.0
152.0,1254.0648651123047,681.0885286331177,0.509835958480835,0.4320949614048004,0.489869087934494,0.4729781448841095,3.3775634765625,3.3137359619140625,Fixation,1260.5523645310175,672.5567013876779,248.0,1.0,True,1,image,,9.0
156.0,1248.597717285156,640.8121347427367,0.5088528394699097,0.4211668670177459,0.4877334833145141,0.4450084269046783,3.3541717529296875,3.3339996337890625,Fixation,1260.5523645310175,672.5567013876779,248.0,1.0,True,1,image,,9.0
160.0,1257.8623962402341,658.4397411346434,0.5112488865852356,0.4375966787338257,0.4913524985313415,0.4572498202323913,3.3543853759765625,3.3201904296875,Fixation,1260.5523645310175,672.5567013876779,248.0,1.0,True,1,image,,9.0
164.0,1251.6809844970703,682.4390316009521,0.5103644132614136,0.4231680631637573,0.4889378845691681,0.4739159941673279,3.344223022460937,3.322174072265625,Fixation,1260.5523645310175,672.5567013876779,248.0,1.0,True,1,image,,9.0
168.0,1252.7762603759763,674.4033479690551,0.5058301091194153,0.4224761426448822,0.4893657267093658,0.4683356583118438,3.3353271484375,3.3079986572265625,Fixation,1260.5523645310175,672.5567013876779,248.0,1.0,True,1,image,,9.0
172.0,1245.3134918212888,685.3282642364502,0.5072135925292969,0.434072881937027,0.486450582742691,0.4759224057197571,3.351913452148437,3.293121337890625,Fixation,1260.5523645310175,672.5567013876779,248.0,1.0,True,1,image,,9.0
176.0,1250.836410522461,693.978796005249,0.5063912272453308,0.4297235608100891,0.4886079728603363,0.4819297194480896,3.3455810546875,3.2804107666015625,Fixation,1260.5523645310175,672.5567013876779,248.0,1.0,True,1,image,,9.0
180.0,1249.9696350097656,673.2996082305907,0.5074102878570557,0.4401165246963501,0.4882693886756897,0.4675691723823547,3.355209350585937,3.3173370361328125,Fixation,1260.5523645310175,672.5567013876779,248.0,1.0,True,1,image,,9.0
184.0,1246.9508361816404,703.6698961257933,0.5005306005477905,0.4155629277229309,0.4870901703834533,0.4886596500873565,3.327667236328125,3.291046142578125,Fixation,1260.5523645310175,672.5567013876779,248.0,1.0,True,1,image,,9.0
188.0,1241.3277435302732,662.228865623474,0.5051928758621216,0.4245359599590301,0.484893649816513,0.4598811566829681,3.3426055908203125,3.3203887939453125,Fixation,1260.5523645310175,672.5567013876779,248.0,1.0,True,1,image,,9.0
192.0,1255.4657745361328,685.8635902404785,0.5051496028900146,0.4368792176246643,0.4904163181781769,0.4762941598892212,3.327117919921875,3.274810791015625,Fixation,1260.5523645310175,672.5567013876779,248.0,1.0,True,1,image,,9.0
196.0,1247.5374603271482,682.1905517578125,0.504946231842041,0.4293617010116577,0.4873193204402923,0.4737434387207031,3.348876953125,3.2805938720703125,Fixation,1260.5523645310175,672.5567013876779,248.0,1.0,True,1,image,,9.0
200.0,1252.600631713867,685.5716800689697,0.5042405724525452,0.4343210160732269,0.4892971217632293,0.4760914444923401,3.342758178710937,3.302398681640625,Fixation,1260.5523645310175,672.5567013876779,248.0,1.0,True,1,image,,9.0
204.0,1252.9533386230469,699.1732692718505,0.5022236704826355,0.4283781349658966,0.4894348978996277,0.4855369925498962,3.3331451416015625,3.26373291015625,Fixation,1260.5523645310175,672.5567013876779,248.0,1.0,True,1,image,,9.0
208.0,1252.4668884277341,661.6012716293335,0.5032628774642944,0.4420274496078491,0.4892448782920837,0.4594453275203705,3.301910400390625,3.269775390625,Fixation,1260.5523645310175,672.5567013876779,248.0,1.0,True,1,image,,9.0
212.0,1251.5812683105469,686.0781240463257,0.4994099736213684,0.4448944330215454,0.4888989329338074,0.4764431416988373,3.338241577148437,3.280731201171875,Fixation,1260.5523645310175,672.5567013876779,248.0,1.0,True,1,image,,9.0
216.0,1270.530014038086,661.5893840789795,0.5034832954406738,0.4343276023864746,0.4963007867336273,0.4594370722770691,3.331268310546875,3.3016510009765625,Fixation,1260.5523645310175,672.5567013876779,248.0,1.0,True,1,image,,9.0
220.0,1270.0843811035156,661.7709589004515,0.5010664463043213,0.4400856792926788,0.4961267113685608,0.4595631659030914,3.36126708984375,3.283920288085937,Fixation,1260.5523645310175,672.5567013876779,248.0,1.0,True,1,image,,9.0
224.0,1257.1985626220703,685.4158544540404,0.4976495802402496,0.4281745553016662,0.4910931885242462,0.4759832322597503,3.3503875732421875,3.2888946533203125,Fixation,1260.5523645310175,672.5567013876779,248.0,1.0,True,1,image,,9.0
228.0,1262.5650787353516,641.9594764709473,0.5029866099357605,0.4335127472877502,0.4931894838809967,0.4458051919937134,3.3725738525390625,3.2630767822265625,Fixation,1260.5523645310175,672.5567013876779,248.0,1.0,True,1,image,,9.0
232.0,1274.0354919433591,653.5209989547728,0.4960528612136841,0.4290444850921631,0.4976701140403747,0.4538340270519256,3.3231201171875,3.238311767578125,Fixation,1260.5523645310175,672.5567013876779,248.0,1.0,True,1,image,,9.0
236.0,1250.5461883544922,674.5847940444945,0.5007860660552979,0.431205004453659,0.4884946048259735,0.468461662530899,3.3144989013671875,3.2951812744140625,Fixation,1260.5523645310175,672.5567013876779,248.0,1.0,True,1,image,,9.0
240.0,1242.7127838134766,688.7144565582275,0.500471293926239,0.4222837686538696,0.4854346811771393,0.4782739281654358,3.340728759765625,3.233306884765625,Fixation,1260.5523645310175,672.5567013876779,248.0,1.0,True,1,image,,9.0
244.0,1263.8482666015623,688.5202217102051,0.499605119228363,0.4167074859142303,0.4936907291412353,0.4781390428543091,3.32012939453125,3.2819366455078125,Fixation,1260.5523645310175,672.5567013876779,248.0,1.0,True,1,image,,9.0
248.0,1237.0824432373045,672.8944873809814,0.4962724149227142,0.4480334818363189,0.4832353293895721,0.4672878384590149,3.3278961181640625,3.3099517822265625,Fixation,1260.5523645310175,672.5567013876779,248.0,1.0,True,1,image,,9.0
252.0,1201.6001892089844,728.2962226867676,0.481623113155365,0.4481577575206756,0.4693750739097595,0.5057612657546997,3.321502685546875,3.2678985595703125,Saccade,,,,0.0,False,2,,,
256.0,1116.7234039306638,772.161455154419,0.444832444190979,0.4710026383399963,0.4362200796604156,0.5362232327461243,3.3710479736328125,3.269866943359375,Saccade,,,,0.0,False,2,,,
260.0,1078.5758972167969,798.9717864990234,0.4183118939399719,0.4857411980628967,0.4213187098503113,0.5548415184020996,3.45452880859375,3.278411865234375,Saccade,,,,0.0,False,2,,,
264.0,1001.6108703613281,847.8660106658936,0.3960126638412475,0.5048152804374695,0.3912542462348938,0.5887958407402039,3.47296142578125,3.233367919921875,Saccade,,,,0.0,False,2,,,
268.0,927.6689147949218,908.5490798950195,0.3610385656356811,0.5287085175514221,0.3623706698417663,0.630936861038208,3.453277587890625,3.2359619140625,Saccade,,,,0.0,False,2,,,
272.0,880.2016448974609,945.9880828857422,0.3356006741523742,0.5566104054450989,0.3438287675380707,0.6569361686706543,3.46038818359375,3.26483154296875,Saccade,,,,0.0,False,2,,,
276.0,808.0356597900391,986.1239719390869,0.322979211807251,0.6055346131324768,0.315638929605484,0.6848083138465881,3.4100494384765625,3.2789459228515625,Saccade,,,,0.0,False,2,,,
280.0,795.0358581542969,1016.8628597259521,0.3078851997852325,0.6457090973854065,0.3105608820915222,0.7061547636985779,3.3773956298828125,3.292999267578125,Saccade,,,,0.0,False,2,,,
284.0,746.6259002685547,1066.1032390594482,0.2945501506328583,0.6717056035995483,0.2916507422924042,0.7403494715690613,3.36767578125,3.257431030273437,Saccade,,,,0.0,False,2,,,
288.0,740.206069946289,1096.3559818267822,0.2964087724685669,0.7126404047012329,0.2891429960727691,0.7613583207130432,3.3240966796875,3.2783203125,Fixation,744.0884884920987,1079.0667005018754,84.0,2.0,True,3,word,older,1.0
292.0,757.0596313476562,1107.9196071624756,0.289919376373291,0.7178047895431519,0.2957264184951782,0.7693886160850525,3.3115997314453125,3.28497314453125,Fixation,744.0884884920987,1079.0667005018754,84.0,2.0,True,3,word,older,1.0
296.0,751.5673828125,1105.7795906066895,0.2912518382072449,0.7116192579269409,0.2935810089111328,0.7679024934768677,3.339462280273437,3.2632293701171875,Fixation,744.0884884920987,1079.0667005018754,84.0,2.0,True,3,word,older,1.0
300.0,751.4282989501952,1066.5590000152588,0.2902847528457641,0.7194707989692688,0.29352667927742,0.7406659722328186,3.2940826416015625,3.31353759765625,Fixation,744.0884884920987,1079.0667005018754,84.0,2.0,True,3,word,older,1.0
304.0,758.2244110107421,1054.328727722168,0.2940862476825714,0.7113989591598511,0.2961814105510711,0.7321727275848389,3.3043670654296875,3.298797607421875,Fixation,744.0884884920987,1079.0667005018754,84.0,2.0,True,3,word,older,1.0
308.0,739.9083709716797,1088.5825538635254,0.2965562045574188,0.7037838697433472,0.2890267074108124,0.7559601068496704,3.32977294921875,3.25537109375,Fixation,744.0884884920987,1079.0667005018754,84.0,2.0,True,3,word,older,1.0
312.0,746.0292816162109,1051.8053913116455,0.2923106849193573,0.7244073748588562,0.2914176881313324,0.7304204106330872,3.2999420166015625,3.313827514648437,Fixation,744.0884884920987,1079.0667005018754,84.0,2.0,True,3,word,older,1.0
316.0,742.6529693603514,1062.506332397461,0.2924931049346924,0.7258491516113281,0.2900988161563873,0.737851619720459,3.2988433837890625,3.283111572265625,Fixation,744.0884884920987,1079.0667005018754,84.0,2.0,True,3,word,older,1.0
320.0,782.5093841552734,1063.037452697754,0.2749425768852234,0.7469177842140198,0.3056677281856537,0.7382204532623291,3.2136688232421875,3.303070068359375,Fixation,744.0884884920987,1079.0667005018754,84.0,2.0,True,3,word,older,1.0
324.0,770.5475616455078,1075.4863357543945,0.2851429581642151,0.7304076552391052,0.3009951412677765,0.7468655109405518,3.2658843994140625,3.2777557373046875,Fixation,744.0884884920987,1079.0667005018754,84.0,2.0,True,3,word,older,1.0
328.0,739.816665649414,1116.5335750579834,0.2904128134250641,0.7417287230491638,0.2889908850193023,0.7753705382347107,3.23980712890625,3.20574951171875,Fixation,744.0884884920987,1079.0667005018754,84.0,2.0,True,3,word,older,1.0
332.0,735.2160644531249,1078.485860824585,0.2956145405769348,0.7291159629821777,0.2871937751770019,0.7489485144615173,3.283721923828125,3.2401275634765625,Fixation,744.0884884920987,1079.0667005018754,84.0,2.0,True,3,word,older,1.0
336.0,757.7111816406249,1037.0351314544678,0.2858950495719909,0.7271919250488281,0.2959809303283691,0.7201632857322693,3.276229858398437,3.277191162109375,Fixation,744.0884884920987,1079.0667005018754,84.0,2.0,True,3,word,older,1.0
340.0,736.4386749267577,1061.3092517852783,0.2944703698158264,0.7343152761459351,0.2876713573932647,0.7370203137397766,3.24462890625,3.25927734375,Fixation,744.0884884920987,1079.0667005018754,84.0,2.0,True,3,word,older,1.0
344.0,734.8452758789061,1084.4947814941406,0.2892416417598724,0.70822674036026,0.2870489358901977,0.7531213760375977,3.310943603515625,3.201904296875,Fixation,744.0884884920987,1079.0667005018754,84.0,2.0,True,3,word,older,1.0
348.0,743.4518432617188,1060.1663303375244,0.2868240177631378,0.7363608479499817,0.2904108762741089,0.7362266182899475,3.21923828125,3.2649688720703125,Fixation,744.0884884920987,1079.0667005018754,84.0,2.0,True,3,word,older,1.0
352.0,741.1288452148436,1079.034662246704,0.2809744775295257,0.7363837361335754,0.2895034551620483,0.7493296265602112,3.22015380859375,3.2232666015625,Fixation,744.0884884920987,1079.0667005018754,84.0,2.0,True,3,word,older,1.0
356.0,732.9264068603514,1074.0333938598633,0.2916577756404876,0.7477496266365051,0.2862993776798248,0.745856523513794,3.180267333984375,3.197174072265625,Fixation,744.0884884920987,1079.0667005018754,84.0,2.0,True,3,word,older,1.0
360.0,717.1018218994141,1091.7185497283936,0.2944085001945495,0.7144683003425598,0.2801178991794586,0.7581378817558289,3.276641845703125,3.1612548828125,Fixation,744.0884884920987,1079.0667005018754,84.0,2.0,True,3,word,older,1.0
364.0,717.5099182128906,1078.8357067108154,0.2969100773334503,0.7021018862724304,0.2802773118019104,0.7491914629936218,3.3092193603515625,3.2186279296875,Fixation,744.0884884920987,1079.0667005018754,84.0,2.0,True,3,word,older,1.0
368.0,746.5351104736328,1091.5791606903076,0.2968639731407165,0.7320466041564941,0.2916152775287628,0.7580410838127136,3.212890625,3.1836700439453125,Fixation,744.0884884920987,1079.0667005018754,84.0,2.0,True,3,word,older,1.0
372.0,727.1315765380859,1113.880033493042,0.2869042456150055,0.7409147024154663,0.2840357720851898,0.7735278010368347,3.1884765625,3.1501617431640625,Fixation,744.0884884920987,1079.0667005018754,84.0,2.0,True,3,word,older,1.0
376.0,728.7957763671875,1136.1221981048584,0.2860501408576965,0.7299681305885315,0.2846858501434326,0.7889737486839294,3.20074462890625,3.147003173828125,Fixation,726.2690175374349,1124.863431930542,56.0,3.0,True,4,word,older,1.0
380.0,734.2619323730468,1117.8357982635498,0.2901564836502075,0.7186279892921448,0.2868210673332214,0.7762748599052429,3.228179931640625,3.1274871826171875,Fixation,726.2690175374349,1124.863431930542,56.0,3.0,True,4,word,older,1.0
384.0,748.7399291992188,1113.0988025665283,0.2831665277481079,0.7514457106590271,0.2924765348434448,0.7729852795600891,3.1415557861328125,3.154296875,Fixation,726.2690175374349,1124.863431930542,56.0,3.0,True,4,word,older,1.0
388.0,744.8921203613281,1128.7241077423096,0.2854774296283722,0.7289611101150513,0.2909734845161438,0.7838361859321594,3.203475952148437,3.152694702148437,Fixation,726.2690175374349,1124.863431930542,56.0,3.0,True,4,word,older,1.0
392.0,745.585708618164,1117.615385055542,0.2866080701351166,0.7370890378952026,0.2912444174289703,0.7761217951774597,3.18212890625,3.1280517578125,Fixation,726.2690175374349,1124.863431930542,56.0,3.0,True,4,word,older,1.0
396.0,725.1885986328125,1101.9614124298096,0.2956579029560089,0.7019281387329102,0.2832767963409424,0.7652509808540344,3.24365234375,3.1334381103515625,Fixation,726.2690175374349,1124.863431930542,56.0,3.0,True,4,word,older,1.0
400.0,715.4280853271483,1138.1135559082031,0.2890121936798095,0.7262604832649231,0.2794640958309173,0.7903566360473633,3.1568603515625,3.09027099609375,Fixation,726.2690175374349,1124.863431930542,56.0,3.0,True,4,word,older,1.0
404.0,708.3419799804688,1114.0355587005615,0.2913373708724975,0.7278808951377869,0.2766960859298706,0.7736358046531677,3.144989013671875,3.133880615234375,Fixation,726.2690175374349,1124.863431930542,56.0,3.0,True,4,word,older,1.0
408.0,712.068634033203,1131.6288757324219,0.2952688336372375,0.6890235543251038,0.2781518101692199,0.785853385925293,3.26434326171875,3.0998077392578125,Fixation,726.2690175374349,1124.863431930542,56.0,3.0,True,4,word,older,1.0
412.0,724.3459320068359,1117.1342182159424,0.2907820045948028,0.7330422401428223,0.2829476296901703,0.7757876515388489,3.1572723388671875,3.1355743408203125,Fixation,726.2690175374349,1124.863431930542,56.0,3.0,True,4,word,older,1.0
416.0,721.4131164550781,1120.6865787506104,0.2803857028484344,0.7355263233184814,0.2818019986152649,0.7782545685768127,3.140228271484375,3.08612060546875,Fixation,726.2690175374349,1124.863431930542,56.0,3.0,True,4,word,older,1.0
420.0,732.9198455810547,1114.674482345581,0.2811457514762878,0.7224723696708679,0.2862968146800995,0.7740795016288757,3.146957397460937,3.0886383056640625,Fixation,726.2690175374349,1124.863431930542,56.0,3.0,True,4,word,older,1.0
424.0,736.2583923339843,1117.4313640594482,0.2927649021148681,0.7226341366767883,0.2876009345054626,0.7759940028190613,3.1852569580078125,3.082260131835937,Fixation,726.2690175374349,1124.863431930542,56.0,3.0,True,4,word,older,1.0
428.0,708.7928009033203,1151.2096881866455,0.2932933270931244,0.7380004525184631,0.2768721878528595,0.7994511723518372,3.1134185791015625,3.042221069335937,Fixation,726.2690175374349,1124.863431930542,56.0,3.0,True,4,word,older,1.0
432.0,707.0024108886718,1152.6794528961182,0.2851687371730804,0.7043657898902893,0.2761728167533874,0.800471842288971,3.196395874023437,3.08441162109375,Fixation,726.2690175374349,1124.863431930542,56.0,3.0,True,4,word,older,1.0
436.0,654.8250579833984,1164.0279865264893,0.281128466129303,0.7066850662231445,0.255791038274765,0.8083527684211731,3.202392578125,3.02996826171875,Fixation,673.161085261855,1118.8159468007643,168.0,4.0,True,5,word,older,1.0
440.0,641.6571807861327,1130.798635482788,0.2676116824150085,0.7201716303825378,0.2506473362445831,0.7852768301963806,3.151351928710937,3.0921173095703125,Fixation,673.161085261855,1118.8159468007643,168.0,4.0,True,5,word,older,1.0
444.0,663.1272888183593,1123.381576538086,0.2765045166015625,0.710672914981842,0.2590340971946716,0.7801260948181152,3.1569061279296875,3.076400756835937,Fixation,673.161085261855,1118.8159468007643,168.0,4.0,True,5,word,older,1.0
448.0,679.0750122070312,1130.036973953247,0.2729108035564422,0.7009873986244202,0.2652636766433716,0.7847478985786438,3.1903839111328125,3.069854736328125,Fixation,673.161085261855,1118.8159468007643,168.0,4.0,True,5,word,older,1.0
452.0,672.9508972167969,1140.884256362915,0.2683302462100982,0.7160624265670776,0.2628714442253113,0.7922807335853577,3.13812255859375,3.0140380859375,Fixation,673.161085261855,1118.8159468007643,168.0,4.0,True,5,word,older,1.0
456.0,667.0130157470702,1141.5568256378174,0.2760490775108337,0.7200198769569397,0.2605519592761993,0.7927477955818176,3.116973876953125,3.0187225341796875,Fixation,673.161085261855,1118.8159468007643,168.0,4.0,True,5,word,older,1.0
460.0,687.1497344970703,1134.677324295044,0.2701063454151153,0.7243923544883728,0.2684178650379181,0.7879703640937805,3.106307983398437,3.056747436523437,Fixation,673.161085261855,1118.8159468007643,168.0,4.0,True,5,word,older,1.0
464.0,674.5399475097656,1122.5436115264893,0.2709920704364776,0.7175837159156799,0.2634921669960022,0.7795441746711731,3.1267547607421875,3.0258026123046875,Fixation,673.161085261855,1118.8159468007643,168.0,4.0,True,5,word,older,1.0
468.0,668.3838653564452,1146.5035915374756,0.2714938521385193,0.7324391603469849,0.2610874474048614,0.7961830496788025,3.08837890625,2.999725341796875,Fixation,673.161085261855,1118.8159468007643,168.0,4.0,True,5,word,older,1.0
472.0,658.3425903320312,1140.8384227752686,0.2755905985832214,0.7153111696243286,0.2571650743484497,0.7922489047050476,3.132186889648437,3.000152587890625,Fixation,673.161085261855,1118.8159468007643,168.0,4.0,True,5,word,older,1.0
476.0,674.2440032958984,1135.8756923675537,0.2760924696922302,0.7054880857467651,0.2633765637874603,0.7888025641441345,3.145858764648437,3.0461883544921875,Fixation,673.161085261855,1118.8159468007643,168.0,4.0,True,5,word,older,1.0
480.0,672.1751403808594,1135.0442504882812,0.2752380073070526,0.731443464756012,0.2625684142112732,0.7882251739501953,3.073516845703125,3.0161590576171875,Fixation,673.161085261855,1118.8159468007643,168.0,4.0,True,5,word,older,1.0
484.0,649.2906188964844,1140.7283878326416,0.2823752462863922,0.7224538326263428,0.2536291480064392,0.7921724915504456,3.1193389892578125,3.0081939697265625,Fixation,673.161085261855,1118.8159468007643,168.0,4.0,True,5,word,older,1.0
488.0,668.3975219726561,1137.1793746948242,0.2771313488483429,0.7366827726364136,0.2610927820205688,0.7897078990936279,3.067352294921875,2.994171142578125,Fixation,673.161085261855,1118.8159468007643,168.0,4.0,True,5,word,older,1.0
492.0,684.7516632080077,1129.4713497161865,0.2767212688922882,0.7072931528091431,0.267481118440628,0.784355103969574,3.14599609375,3.0181427001953125,Fixation,673.161085261855,1118.8159468007643,168.0,4.0,True,5,word,older,1.0
496.0,685.4551696777344,1110.512466430664,0.2762913703918457,0.738486111164093,0.267755925655365,0.7711892127990723,3.076812744140625,3.01641845703125,Fixation,673.161085261855,1118.8159468007643,168.0,4.0,True,5,word,older,1.0
500.0,673.4677886962891,1113.5775661468506,0.2731539309024811,0.697725772857666,0.2630733549594879,0.7733177542686462,3.1421051025390625,2.9728240966796875,Fixation,673.161085261855,1118.8159468007643,168.0,4.0,True,5,word,older,1.0
504.0,673.9543914794921,1107.1005249023438,0.2666137218475342,0.7321028709411621,0.2632634341716766,0.7688198089599609,3.064971923828125,2.9665069580078125,Fixation,673.161085261855,1118.8159468007643,168.0,4.0,True,5,word,older,1.0
508.0,690.270538330078,1099.0262603759766,0.2709142863750458,0.7215267419815063,0.2696369290351867,0.7632126808166504,3.0730438232421875,3.0177764892578125,Fixation,673.161085261855,1118.8159468007643,168.0,4.0,True,5,word,older,1.0
512.0,670.7119750976562,1102.6016235351562,0.2670610249042511,0.7020593285560608,0.261996865272522,0.7656955718994141,3.0975494384765625,2.962615966796875,Fixation,673.161085261855,1118.8159468007643,168.0,4.0,True,5,word,older,1.0
516.0,689.484405517578,1101.1941719055176,0.2744050025939941,0.722357988357544,0.2693298459053039,0.7647181749343872,3.0778961181640625,3.003662109375,Fixation,673.161085261855,1118.8159468007643,168.0,4.0,True,5,word,older,1.0
520.0,672.5758361816405,1101.2242984771729,0.2691788375377655,0.7321450710296631,0.2627249360084533,0.7647390961647034,2.986114501953125,2.9702911376953125,Fixation,673.161085261855,1118.8159468007643,168.0,4.0,True,5,word,older,1.0
524.0,675.5814361572266,1113.3860778808594,0.2760084867477417,0.6974795460700989,0.2638989984989166,0.7731847763061523,3.1232147216796875,2.97308349609375,Fixation,673.161085261855,1118.8159468007643,168.0,4.0,True,5,word,older,1.0
528.0,669.7217559814453,1091.1211681365967,0.2700750827789306,0.7195472717285156,0.2616100609302521,0.7577230334281921,3.042449951171875,2.9707489013671875,Fixation,673.161085261855,1118.8159468007643,168.0,4.0,True,5,word,older,1.0
532.0,678.7666320800781,1119.5556735992432,0.2762584686279297,0.7606468796730042,0.2651432156562805,0.7774692177772522,2.965972900390625,2.96295166015625,Fixation,673.161085261855,1118.8159468007643,168.0,4.0,True,5,word,older,1.0
536.0,681.3378143310546,1111.3905143737793,0.2617985904216766,0.6923482418060303,0.2661475837230682,0.7717989683151245,3.0359344482421875,2.999725341796875,Fixation,673.161085261855,1118.8159468007643,168.0,4.0,True,5,word,older,1.0
540.0,684.756622314453,1116.726951599121,0.2700362801551819,0.7359389066696167,0.2674830555915832,0.7755048274993896,3.003936767578125,2.974761962890625,Fixation,673.161085261855,1118.8159468007643,168.0,4.0,True,5,word,older,1.0
544.0,670.5107879638672,1102.906150817871,0.2695624828338623,0.7203953266143799,0.2619182765483856,0.7659070491790771,2.99053955078125,2.9588775634765625,Fixation,673.161085261855,1118.8159468007643,168.0,4.0,True,5,word,older,1.0
548.0,670.5265808105469,1103.7060928344727,0.2709324359893799,0.6982645988464355,0.2619244456291199,0.7664625644683838,3.035247802734375,2.972991943359375,Fixation,673.161085261855,1118.8159468007643,168.0,4.0,True,5,word,older,1.0
552.0,661.7498016357422,1103.0263996124268,0.2747159004211426,0.6982141137123108,0.2584960162639618,0.7659905552864075,3.0856475830078125,2.9834442138671875,Fixation,673.161085261855,1118.8159468007643,168.0,4.0,True,5,word,older,1.0
556.0,673.522720336914,1105.5061340332031,0.2675304412841797,0.715397298336029,0.263094812631607,0.7677125930786133,3.00775146484375,2.9667205810546875,Fixation,673.161085261855,1118.8159468007643,168.0,4.0,True,5,word,older,1.0
560.0,654.9001312255859,1113.6671733856201,0.2722488343715668,0.7062579393386841,0.2558203637599945,0.7733799815177917,3.0312957763671875,2.9626922607421875,Fixation,673.161085261855,1118.8159468007643,168.0,4.0,True,5,word,older,1.0
564.0,676.7125701904297,1113.4269332885742,0.2679271697998047,0.7320055961608887,0.2643408477306366,0.7732131481170654,2.974609375,2.987030029296875,Fixation,673.161085261855,1118.8159468007643,168.0,4.0,True,5,word,older,1.0
568.0,675.4269409179686,1119.1106414794922,0.2711712419986725,0.7289798259735107,0.2638386487960815,0.7771601676940918,2.987762451171875,2.9484100341796875,Fixation,673.161085261855,1118.8159468007643,168.0,4.0,True,5,word,older,1.0
572.0,679.0277099609375,1100.3316593170166,0.2639792859554291,0.7347153425216675,0.2652451992034912,0.7641192078590393,2.9807281494140625,2.9386749267578125,Fixation,673.161085261855,1118.8159468007643,168.0,4.0,True,5,word,older,1.0
576.0,678.515396118164,1109.0014171600342,0.2712181508541107,0.7130486965179443,0.2650450766086578,0.7701398730278015,3.0175323486328125,2.9752197265625,Fixation,673.161085261855,1118.8159468007643,168.0,4.0,True,5,word,older,1.0
580.0,663.6373138427734,1112.3552513122559,0.2722228169441223,0.7279601693153381,0.2592333257198334,0.7724689245223999,3.027450561523437,2.96771240234375,Fixation,673.161085261855,1118.8159468007643,168.0,4.0,True,5,word,older,1.0
584.0,680.3662109374999,1117.5216579437256,0.2746669352054596,0.7358733415603638,0.2657680511474609,0.776056706905365,2.97637939453125,3.0044097900390625,Fixation,673.161085261855,1118.8159468007643,168.0,4.0,True,5,word,older,1.0
588.0,688.0517578125,1109.5874691009521,0.2708475887775421,0.6838016510009766,0.2687702178955078,0.7705468535423279,3.0460968017578125,2.98504638671875,Fixation,673.161085261855,1118.8159468007643,168.0,4.0,True,5,word,older,1.0
592.0,672.7468109130859,1115.5977630615234,0.2746014297008514,0.7158028483390808,0.2627917230129242,0.7747206687927246,3.012481689453125,2.95111083984375,Fixation,673.161085261855,1118.8159468007643,168.0,4.0,True,5,word,older,1.0
596.0,669.366455078125,1117.6689434051514,0.27764692902565,0.7383074760437012,0.2614712715148926,0.7761589884757996,2.9608917236328125,2.945892333984375,Fixation,673.161085261855,1118.8159468007643,168.0,4.0,True,5,word,older,1.0
600.0,681.917724609375,1106.4189434051514,0.2790600061416626,0.6970381736755371,0.2663741111755371,0.7683464884757996,3.037094116210937,2.9537811279296875,Fixation,673.161085261855,1118.8159468007643,168.0,4.0,True,5,word,older,1.0
604.0,686.9398498535155,1118.287525177002,0.2866130471229553,0.711942732334137,0.2683358788490295,0.7765885591506958,3.03118896484375,2.9193115234375,Fixation,673.161085261855,1118.8159468007643,168.0,4.0,True,5,word,older,1.0
608.0,736.3114166259766,1117.0364570617676,0.2858155369758606,0.7235310077667236,0.2876216471195221,0.7757197618484497,2.9956207275390625,2.962371826171875,Saccade,,,,0.0,False,6,,,
612.0,763.1017303466796,1136.0470962524414,0.3001455664634704,0.7159046530723572,0.2980866134166717,0.788921594619751,3.021392822265625,2.9695587158203125,Saccade,,,,0.0,False,6,,,
616.0,812.042007446289,1123.024435043335,0.3184686303138733,0.7167903184890747,0.3172039091587066,0.7798780798912048,3.02056884765625,2.9449005126953125,Saccade,,,,0.0,False,6,,,
620.0,849.2496490478516,1117.4858665466309,0.3222114145755768,0.7290336489677429,0.331738144159317,0.7760318517684937,2.998626708984375,2.9107666015625,Saccade,,,,0.0,False,6,,,
624.0,825.7266235351562,1117.8172588348389,0.3298978507518768,0.7213172316551208,0.3225494623184204,0.7762619853019714,3.0019073486328125,2.926498413085937,Saccade,,,,0.0,False,6,,,
628.0,858.6345672607422,1108.529691696167,0.3460976183414459,0.7466636896133423,0.3354041278362274,0.769812285900116,2.9852294921875,2.9344940185546875,Saccade,,,,0.0,False,6,,,
632.0,876.8598175048827,1126.333293914795,0.3479463160037994,0.7166920900344849,0.3425233662128448,0.7821758985519409,3.0033416748046875,2.891098022460937,Fixation,891.6340606066645,1115.047432451832,192.0,5.0,True,7,word,gentleman,2.0
636.0,902.1705627441405,1113.852653503418,0.35052689909935,0.7421961426734924,0.3524103760719299,0.7735087871551514,2.9422149658203125,2.892074584960937,Fixation,891.6340606066645,1115.047432451832,192.0,5.0,True,7,word,gentleman,2.0
640.0,893.0578613281249,1117.2458839416504,0.3413330912590027,0.7482420802116394,0.3488507270812988,0.7758651971817017,2.9022216796875,2.9092254638671875,Fixation,891.6340606066645,1115.047432451832,192.0,5.0,True,7,word,gentleman,2.0
644.0,869.5614624023438,1120.7385921478271,0.3500415682792663,0.7308830618858337,0.3396724462509155,0.7782906889915466,2.962890625,2.9231414794921875,Fixation,891.6340606066645,1115.047432451832,192.0,5.0,True,7,word,gentleman,2.0
648.0,882.4559020996094,1099.8635387420654,0.3533384203910827,0.736173152923584,0.3447093367576599,0.7637941241264343,2.975738525390625,2.929672241210937,Fixation,891.6340606066645,1115.047432451832,192.0,5.0,True,7,word,gentleman,2.0
652.0,870.9782409667968,1121.0955619812012,0.3604733049869537,0.715282678604126,0.340225875377655,0.7785385847091675,3.038970947265625,2.8806304931640625,Fixation,891.6340606066645,1115.047432451832,192.0,5.0,True,7,word,gentleman,2.0
656.0,869.5209503173827,1120.2892684936523,0.3526582717895508,0.7502084374427795,0.3396566212177276,0.7779786586761475,2.9619598388671875,2.8970184326171875,Fixation,891.6340606066645,1115.047432451832,192.0,5.0,True,7,word,gentleman,2.0
660.0,878.7342071533202,1119.7376346588135,0.3612704873085022,0.7169111371040344,0.3432555496692657,0.777595579624176,3.039276123046875,2.884384155273437,Fixation,891.6340606066645,1115.047432451832,192.0,5.0,True,7,word,gentleman,2.0
664.0,885.4586791992188,1133.4571552276611,0.3456949591636657,0.7706603407859802,0.3458822965621948,0.7871230244636536,2.924179077148437,2.8989410400390625,Fixation,891.6340606066645,1115.047432451832,192.0,5.0,True,7,word,gentleman,2.0
668.0,897.9202270507812,1124.9939060211182,0.3592366576194763,0.737780749797821,0.3507500886917114,0.781245768070221,2.96173095703125,2.9045562744140625,Fixation,891.6340606066645,1115.047432451832,192.0,5.0,True,7,word,gentleman,2.0
672.0,890.4762268066406,1125.3093338012695,0.3560368120670318,0.7481124997138977,0.347842276096344,0.7814648151397705,2.9444580078125,2.8975067138671875,Fixation,891.6340606066645,1115.047432451832,192.0,5.0,True,7,word,gentleman,2.0
676.0,891.3541412353516,1129.6170043945312,0.3517130315303802,0.7478151321411133,0.3481852114200592,0.7844562530517578,2.9653472900390625,2.9105224609375,Fixation,891.6340606066645,1115.047432451832,192.0,5.0,True,7,word,gentleman,2.0
680.0,875.9156036376952,1115.8684730529785,0.3579331040382385,0.7311306595802307,0.3421545326709747,0.7749086618423462,2.992340087890625,2.867218017578125,Fixation,891.6340606066645,1115.047432451832,192.0,5.0,True,7,word,gentleman,2.0
684.0,883.1556701660155,1132.3143196105957,0.3561819791793823,0.7617480754852295,0.3449826836585998,0.7863293886184692,2.9207916259765625,2.9018096923828125,Fixation,891.6340606066645,1115.047432451832,192.0,5.0,True,7,word,gentleman,2.0
688.0,886.3242340087891,1140.2332305908203,0.3563741743564605,0.7500503659248352,0.3462204039096832,0.7918286323547363,2.95867919921875,2.887802124023437,Fixation,891.6340606066645,1115.047432451832,192.0,5.0,True,7,word,gentleman,2.0
692.0,899.2410278320312,1126.3738918304443,0.353175550699234,0.7509561777114868,0.3512660264968872,0.7822040915489197,2.9544219970703125,2.9049835205078125,Fixation,891.6340606066645,1115.047432451832,192.0,5.0,True,7,word,gentleman,2.0
696.0,907.652130126953,1120.6178283691406,0.3562586009502411,0.7401151657104492,0.354551613330841,0.7782068252563477,3.010833740234375,2.859527587890625,Fixation,891.6340606066645,1115.047432451832,192.0,5.0,True,7,word,gentleman,2.0
700.0,881.1226654052733,1137.7119541168213,0.3570440113544464,0.7302653193473816,0.3441885411739349,0.7900777459144592,2.98028564453125,2.902191162109375,Fixation,891.6340606066645,1115.047432451832,192.0,5.0,True,7,word,gentleman,2.0
704.0,916.609878540039,1100.9754753112793,0.355985015630722,0.7512844204902649,0.3580507338047027,0.7645663022994995,2.9376220703125,2.9155731201171875,Fixation,891.6340606066645,1115.047432451832,192.0,5.0,True,7,word,gentleman,2.0
708.0,890.5960083007812,1114.3246364593506,0.3468959331512451,0.7159639596939087,0.3478890657424927,0.7738365530967712,2.9799346923828125,2.9239044189453125,Fixation,891.6340606066645,1115.047432451832,192.0,5.0,True,7,word,gentleman,2.0
712.0,897.4063110351562,1114.8633098602295,0.353598028421402,0.7218297719955444,0.3505493402481079,0.7742106318473816,2.984100341796875,2.8895721435546875,Fixation,891.6340606066645,1115.047432451832,192.0,5.0,True,7,word,gentleman,2.0
716.0,915.5370330810547,1099.2420387268066,0.3666496574878692,0.7396860122680664,0.357631653547287,0.7633625268936157,2.9751129150390625,2.926116943359375,Fixation,891.6340606066645,1115.047432451832,192.0,5.0,True,7,word,gentleman,2.0
720.0,884.7267150878906,1099.9528884887695,0.3545073866844177,0.7428313493728638,0.3455963730812073,0.7638561725616455,2.9174346923828125,2.874618530273437,Fixation,891.6340606066645,1115.047432451832,192.0,5.0,True,7,word,gentleman,2.0
724.0,889.0631103515625,1098.1428909301758,0.3508360683917999,0.73739093542099,0.3472902774810791,0.7625992298126221,2.955429077148437,2.8826141357421875,Fixation,891.6340606066645,1115.047432451832,192.0,5.0,True,7,word,gentleman,2.0
728.0,878.5378265380859,1099.6749687194824,0.3467023074626922,0.7520630359649658,0.3431788384914398,0.7636631727218628,2.916839599609375,2.8962554931640625,Fixation,891.6340606066645,1115.047432451832,192.0,5.0,True,7,word,gentleman,2.0
732.0,914.1386413574219,1099.4714641571045,0.3509172797203064,0.7216820120811462,0.3570854067802429,0.7635218501091003,2.98675537109375,2.89056396484375,Fixation,891.6340606066645,1115.047432451832,192.0,5.0,True,7,word,gentleman,2.0
736.0,903.9359283447266,1094.1353702545166,0.355295866727829,0.7338619828224182,0.3530999720096588,0.7598162293434143,2.973541259765625,2.8639068603515625,Fixation,891.6340606066645,1115.047432451832,192.0,5.0,True,7,word,gentleman,2.0
740.0,900.2086639404296,1112.464256286621,0.3566775918006897,0.7337865233421326,0.3516440093517303,0.7725446224212646,2.9618072509765625,2.8655242919921875,Fixation,891.6340606066645,1115.047432451832,192.0,5.0,True,7,word,gentleman,2.0
744.0,875.5422973632811,1119.6394443511963,0.3570166230201721,0.7261644601821899,0.3420087099075317,0.777527391910553,2.9746856689453125,2.8964080810546875,Fixation,891.6340606066645,1115.047432451832,192.0,5.0,True,7,word,gentleman,2.0
748.0,869.2650604248046,1123.7196636199951,0.3619345724582672,0.7553740739822388,0.3395566642284393,0.7803608775138855,2.9104766845703125,2.8765411376953125,Fixation,891.6340606066645,1115.047432451832,192.0,5.0,True,7,word,gentleman,2.0
752.0,882.1161651611328,1117.3974609375,0.3511994183063507,0.7349404096603394,0.3445766270160675,0.775970458984375,2.937408447265625,2.8914337158203125,Fixation,891.6340606066645,1115.047432451832,192.0,5.0,True,7,word,gentleman,2.0
756.0,887.7970886230469,1131.9749450683594,0.3538568913936615,0.7386892437934875,0.3467957377433777,0.7860937118530273,2.91253662109375,2.8455810546875,Fixation,891.6340606066645,1115.047432451832,192.0,5.0,True,7,word,gentleman,2.0
760.0,866.8417358398436,1153.6473655700684,0.3605977296829223,0.7463425397872925,0.3386100530624389,0.801144003868103,2.9488067626953125,2.866912841796875,Fixation,891.6340606066645,1115.047432451832,192.0,5.0,True,7,word,gentleman,2.0
764.0,913.401870727539,1141.234016418457,0.3528955578804016,0.7438778877258301,0.3567976057529449,0.7925236225128174,2.9435577392578125,2.918731689453125,Fixation,891.6340606066645,1115.047432451832,192.0,5.0,True,7,word,gentleman,2.0
768.0,910.4089355468749,1113.4096813201904,0.3519529402256012,0.7685577273368835,0.355628490447998,0.7732011675834656,2.90509033203125,2.876190185546875,Fixation,891.6340606066645,1115.047432451832,192.0,5.0,True,7,word,gentleman,2.0
772.0,892.7140045166016,1118.8580417633057,0.3517216444015503,0.7373440265655518,0.3487164080142975,0.7769847512245178,2.9172821044921875,2.8712615966796875,Fixation,891.6340606066645,1115.047432451832,192.0,5.0,True,7,word,gentleman,2.0
776.0,908.6932373046874,1110.9626483917236,0.3524665534496307,0.7265307903289795,0.3549582958221435,0.7715018391609192,2.9886474609375,2.912582397460937,Fixation,891.6340606066645,1115.047432451832,192.0,5.0,True,7,word,gentleman,2.0
780.0,898.4565734863281,1106.0591411590576,0.3647764325141907,0.747444748878479,0.3509595990180969,0.7680966258049011,2.963623046875,2.85760498046875,Fixation,891.6340606066645,1115.047432451832,192.0,5.0,True,7,word,gentleman,2.0
784.0,883.3897399902344,1089.9669170379639,0.3619811832904815,0.740575909614563,0.3450741171836853,0.7569214701652527,2.966552734375,2.884994506835937,Fixation,891.6340606066645,1115.047432451832,192.0,5.0,True,7,word,gentleman,2.0
788.0,897.0179748535155,1095.1839637756348,0.3593709766864776,0.7408932447433472,0.3503976464271545,0.7605444192886353,2.93475341796875,2.866928100585937,Fixation,891.6340606066645,1115.047432451832,192.0,5.0,True,7,word,gentleman,2.0
792.0,895.50048828125,1098.4069061279297,0.3515662550926208,0.7407479882240295,0.3498048782348633,0.7627825736999512,2.9320831298828125,2.8884735107421875,Fixation,891.6340606066645,1115.047432451832,192.0,5.0,True,7,word,gentleman,2.0
796.0,897.1606445312499,1109.7060012817383,0.3519369661808014,0.7356618046760559,0.3504533767700195,0.7706291675567627,2.9232330322265625,2.8970947265625,Fixation,891.6340606066645,1115.047432451832,192.0,5.0,True,7,word,gentleman,2.0
800.0,884.478302001953,1103.7020587921143,0.3473825454711914,0.7432883977890015,0.3454993367195129,0.7664597630500793,2.91217041015625,2.890472412109375,Fixation,891.6340606066645,1115.047432451832,192.0,5.0,True,7,word,gentleman,2.0
804.0,888.5508728027344,1094.3235111236572,0.3525915145874023,0.7436858415603638,0.3470901846885681,0.759946882724762,2.916229248046875,2.885650634765625,Fixation,891.6340606066645,1115.047432451832,192.0,5.0,True,7,word,gentleman,2.0
808.0,866.6027069091797,1105.1286506652832,0.3472960591316223,0.7394943237304688,0.3385166823863983,0.7674504518508911,2.934326171875,2.86126708984375,Fixation,891.6340606066645,1115.047432451832,192.0,5.0,True,7,word,gentleman,2.0
812.0,890.8382415771484,1103.1007289886475,0.3594723641872406,0.7554042339324951,0.3479836881160736,0.766042172908783,2.894561767578125,2.878036499023437,Fixation,891.6340606066645,1115.047432451832,192.0,5.0,True,7,word,gentleman,2.0
816.0,909.9485015869141,1123.5177040100098,0.3520755171775818,0.7554708123207092,0.3554486334323883,0.780220627784729,2.898468017578125,2.8803253173828125,Fixation,891.6340606066645,1115.047432451832,192.0,5.0,True,7,word,gentleman,2.0
820.0,917.4853515624999,1113.0964851379395,0.356770247220993,0.7492453455924988,0.3583927154541015,0.7729836702346802,2.9398345947265625,2.8548736572265625,Fixation,891.6340606066645,1115.047432451832,192.0,5.0,True,7,word,gentleman,2.0
824.0,921.1394500732421,1105.3880310058594,0.3649649322032928,0.7454266548156738,0.3598200976848602,0.7676305770874023,2.9275665283203125,2.8722076416015625,Fixation,891.6340606066645,1115.047432451832,192.0,5.0,True,7,word,gentleman,2.0
828.0,969.0869903564452,1108.222417831421,0.3744649887084961,0.7404317259788513,0.3785496056079864,0.7695989012718201,2.9312286376953125,2.864227294921875,Fixation,1017.5462704613095,1107.5425222941808,164.0,6.0,True,8,word,gentleman,2.0
832.0,1000.5763244628905,1128.8728523254395,0.3842542171478271,0.7427246570587158,0.3908501267433166,0.7839394807815552,2.954071044921875,2.8361968994140625,Fixation,1017.5462704613095,1107.5425222941808,164.0,6.0,True,8,word,gentleman,2.0
836.0,1011.829376220703,1124.674186706543,0.3889306485652923,0.7472286224365234,0.3952458500862121,0.7810237407684326,2.928985595703125,2.831451416015625,Fixation,1017.5462704613095,1107.5425222941808,164.0,6.0,True,8,word,gentleman,2.0
840.0,1006.3344573974609,1131.6984844207764,0.3971388936042785,0.7313700914382935,0.3930993974208832,0.7859017252922058,2.97003173828125,2.8646392822265625,Fixation,1017.5462704613095,1107.5425222941808,164.0,6.0,True,8,word,gentleman,2.0
844.0,1003.9842224121094,1135.995512008667,0.3990923762321472,0.7586973309516907,0.3921813368797302,0.788885772228241,2.91534423828125,2.8443145751953125,Fixation,1017.5462704613095,1107.5425222941808,164.0,6.0,True,8,word,gentleman,2.0
848.0,1015.4181671142577,1128.3825874328613,0.3967768847942352,0.7526218891143799,0.3966477215290069,0.7835990190505981,2.901336669921875,2.8337860107421875,Fixation,1017.5462704613095,1107.5425222941808,164.0,6.0,True,8,word,gentleman,2.0
852.0,1021.2847137451172,1134.5670318603516,0.3949272632598877,0.7147175073623657,0.3989393413066864,0.7878937721252441,2.979354858398437,2.8423309326171875,Fixation,1017.5462704613095,1107.5425222941808,164.0,6.0,True,8,word,gentleman,2.0
856.0,999.5762634277343,1127.6450443267822,0.3999829590320587,0.735595166683197,0.3904594779014587,0.7830868363380432,2.975799560546875,2.8206024169921875,Fixation,1017.5462704613095,1107.5425222941808,164.0,6.0,True,8,word,gentleman,2.0
860.0,1008.6215209960938,1125.6162643432617,0.4056784808635711,0.7282405495643616,0.3939927816390991,0.7816779613494873,2.9509429931640625,2.827606201171875,Fixation,1017.5462704613095,1107.5425222941808,164.0,6.0,True,8,word,gentleman,2.0
864.0,1021.3375854492188,1106.7557430267334,0.3980877697467804,0.7528150677680969,0.3989599943161011,0.7685803771018982,2.898040771484375,2.824859619140625,Fixation,1017.5462704613095,1107.5425222941808,164.0,6.0,True,8,word,gentleman,2.0
868.0,1008.1337738037109,1128.5435199737549,0.4072949290275574,0.7280626893043518,0.3938022553920746,0.783710777759552,2.930633544921875,2.821746826171875,Fixation,1017.5462704613095,1107.5425222941808,164.0,6.0,True,8,word,gentleman,2.0
872.0,1014.4985961914061,1116.6913318634033,0.4112890660762787,0.7453734874725342,0.396288514137268,0.7754800915718079,2.925872802734375,2.786239624023437,Fixation,1017.5462704613095,1107.5425222941808,164.0,6.0,True,8,word,gentleman,2.0
876.0,1018.5185241699218,1124.6559047698975,0.4037206172943115,0.7418304681777954,0.3978587985038757,0.7810110449790955,2.9072418212890625,2.849472045898437,Fixation,1017.5462704613095,1107.5425222941808,164.0,6.0,True,8,word,gentleman,2.0
880.0,1026.7638397216795,1113.3111476898193,0.3990012407302856,0.7329081296920776,0.4010796248912811,0.7731327414512634,2.948089599609375,2.7995147705078125,Fixation,1017.5462704613095,1107.5425222941808,164.0,6.0,True,8,word,gentleman,2.0
884.0,1008.3902740478516,1105.1512241363525,0.3995508849620819,0.7497988939285278,0.393902450799942,0.767466127872467,2.914291381835937,2.80853271484375,Fixation,1017.5462704613095,1107.5425222941808,164.0,6.0,True,8,word,gentleman,2.0
888.0,1019.102554321289,1099.4015979766846,0.4043385982513428,0.742611289024353,0.3980869352817535,0.7634733319282532,2.907562255859375,2.854843139648437,Fixation,1017.5462704613095,1107.5425222941808,164.0,6.0,True,8,word,gentleman,2.0
892.0,1017.498550415039,1098.156452178955,0.4040517508983612,0.7354549765586853,0.3974603712558746,0.7626086473464966,2.921981811523437,2.804290771484375,Fixation,1017.5462704613095,1107.5425222941808,164.0,6.0,True,8,word,gentleman,2.0
896.0,999.7807312011718,1097.541561126709,0.4028142690658569,0.7520819306373596,0.3905393481254577,0.7621816396713257,2.8789825439453125,2.828277587890625,Fixation,1017.5462704613095,1107.5425222941808,164.0,6.0,True,8,word,gentleman,2.0
900.0,1019.2242431640625,1105.6298160552979,0.4055328071117401,0.7460644841194153,0.3981344699859619,0.7677984833717346,2.9100799560546875,2.7962646484375,Fixation,1017.5462704613095,1107.5425222941808,164.0,6.0,True,8,word,gentleman,2.0
904.0,1029.5343017578125,1081.89359664917,0.4015839397907257,0.7336058616638184,0.4021618366241455,0.7513149976730347,2.908966064453125,2.808441162109375,Fixation,1017.5462704613095,1107.5425222941808,164.0,6.0,True,8,word,gentleman,2.0
908.0,1029.7454833984373,1091.3291358947754,0.4021853804588318,0.7178366780281067,0.4022443294525146,0.7578674554824829,2.940338134765625,2.8264617919921875,Fixation,1017.5462704613095,1107.5425222941808,164.0,6.0,True,8,word,gentleman,2.0
912.0,1008.4132385253906,1097.9285717010498,0.3989964425563812,0.7320706248283386,0.3939114212989807,0.7624503970146179,2.9143524169921875,2.827545166015625,Fixation,1017.5462704613095,1107.5425222941808,164.0,6.0,True,8,word,gentleman,2.0
916.0,1031.586456298828,1096.6419696807861,0.4009385406970978,0.7391788363456726,0.4029634594917297,0.7615569233894348,2.89599609375,2.844329833984375,Fixation,1017.5462704613095,1107.5425222941808,164.0,6.0,True,8,word,gentleman,2.0
920.0,1016.3126373291016,1085.4311084747314,0.4097818732261657,0.7458601593971252,0.3969971239566803,0.7537716031074524,2.905868530273437,2.8195037841796875,Fixation,1017.5462704613095,1107.5425222941808,164.0,6.0,True,8,word,gentleman,2.0
924.0,1027.7522277832031,1086.4913749694824,0.406777560710907,0.7306894659996033,0.4014657139778137,0.7545078992843628,2.9250640869140625,2.8299713134765625,Fixation,1017.5462704613095,1107.5425222941808,164.0,6.0,True,8,word,gentleman,2.0
928.0,1018.5207366943359,1096.6568183898926,0.4015469551086426,0.7459874749183655,0.397859662771225,0.761567234992981,2.904083251953125,2.814544677734375,Fixation,1017.5462704613095,1107.5425222941808,164.0,6.0,True,8,word,gentleman,2.0
932.0,1031.893844604492,1093.4601402282715,0.4053688049316406,0.7088296413421631,0.4030835330486297,0.7593473196029663,2.944305419921875,2.814422607421875,Fixation,1017.5462704613095,1107.5425222941808,164.0,6.0,True,8,word,gentleman,2.0
936.0,1032.4277496337888,1089.912929534912,0.4041730463504791,0.7242305278778076,0.4032920897006988,0.756883978843689,2.944244384765625,2.8135986328125,Fixation,1017.5462704613095,1107.5425222941808,164.0,6.0,True,8,word,gentleman,2.0
940.0,1006.1042022705078,1092.311897277832,0.4014324843883514,0.7300739288330078,0.3930094540119171,0.7585499286651611,2.9033203125,2.79351806640625,Fixation,1017.5462704613095,1107.5425222941808,164.0,6.0,True,8,word,gentleman,2.0
944.0,1035.6319427490234,1103.3242321014404,0.4040695428848266,0.7309324145317078,0.4045437276363373,0.7661973834037781,2.9244537353515625,2.8264312744140625,Fixation,1017.5462704613095,1107.5425222941808,164.0,6.0,True,8,word,gentleman,2.0
948.0,1024.9735260009763,1083.794231414795,0.403847187757492,0.727170467376709,0.4003802835941314,0.7526348829269409,2.897918701171875,2.8018951416015625,Fixation,1017.5462704613095,1107.5425222941808,164.0,6.0,True,8,word,gentleman,2.0
952.0,1007.3706817626952,1093.973150253296,0.4024921059608459,0.7337865233421326,0.3935041725635528,0.7597035765647888,2.8704986572265625,2.811126708984375,Fixation,1017.5462704613095,1107.5425222941808,164.0,6.0,True,8,word,gentleman,2.0
956.0,1013.9469909667968,1108.6737155914307,0.4141563177108764,0.6979606747627258,0.396073043346405,0.7699123024940491,3.000473022460937,2.784027099609375,Fixation,1017.5462704613095,1107.5425222941808,164.0,6.0,True,8,word,gentleman,2.0
960.0,1016.9217681884764,1092.4066543579102,0.4076352119445801,0.7181635499000549,0.3972350656986236,0.7586157321929932,2.926742553710937,2.828704833984375,Fixation,1017.5462704613095,1107.5425222941808,164.0,6.0,True,8,word,gentleman,2.0
964.0,1003.4310150146483,1114.3039512634277,0.4019322693347931,0.7287747859954834,0.391965240240097,0.7738221883773804,2.9187164306640625,2.7774810791015625,Fixation,1017.5462704613095,1107.5425222941808,164.0,6.0,True,8,word,gentleman,2.0
968.0,1014.9044799804688,1097.37135887146,0.4027532935142517,0.7344756126403809,0.3964470624923706,0.7620634436607361,2.8858795166015625,2.7965087890625,Fixation,1017.5462704613095,1107.5425222941808,164.0,6.0,True,8,word,gentleman,2.0
972.0,1019.2090606689452,1124.8174381256104,0.404392272233963,0.7456080317497253,0.3981285393238067,0.7811232209205627,2.8699188232421875,2.8418121337890625,Fixation,1017.5462704613095,1107.5425222941808,164.0,6.0,True,8,word,gentleman,2.0
976.0,1032.2178649902344,1106.1425685882568,0.3962500393390655,0.720808207988739,0.4032101035118103,0.7681545615196228,2.893218994140625,2.7823638916015625,Fixation,1017.5462704613095,1107.5425222941808,164.0,6.0,True,8,word,gentleman,2.0
980.0,1034.210968017578,1102.6817035675049,0.4002374112606048,0.735742449760437,0.4039886593818664,0.7657511830329895,2.8564605712890625,2.790512084960937,Fixation,1017.5462704613095,1107.5425222941808,164.0,6.0,True,8,word,gentleman,2.0
984.0,1035.1972961425781,1093.0278968811035,0.3974946141242981,0.740778386592865,0.4043739438056946,0.7590471506118774,2.8829498291015625,2.816390991210937,Fixation,1017.5462704613095,1107.5425222941808,164.0,6.0,True,8,word,gentleman,2.0
988.0,1030.9500122070312,1126.856689453125,0.4043219089508056,0.7262303233146667,0.4027148485183716,0.7825393676757812,2.8871612548828125,2.8191375732421875,Fixation,1017.5462704613095,1107.5425222941808,164.0,6.0,True,8,word,gentleman,2.0
992.0,1045.7261657714844,1115.8421230316162,0.4168336093425751,0.7474647164344788,0.4084867835044861,0.7748903632164001,2.8741912841796875,2.807647705078125,Fixation,1017.5462704613095,1107.5425222941808,164.0,6.0,True,8,word,gentleman,2.0
996.0,1075.0885009765625,1130.0858116149902,0.4187560677528381,0.7307576537132263,0.4199564456939697,0.784781813621521,2.895050048828125,2.7645721435546875,Saccade,,,,0.0,False,9,,,
1000.0,1112.716598510742,1100.8472442626953,0.4245225191116333,0.7110289335250854,0.4346549212932586,0.7644772529602051,2.9347076416015625,2.80108642578125,Saccade,,,,0.0,False,9,,,
1004.0,1148.2386016845703,1123.582935333252,0.4394530057907104,0.7185062766075134,0.4485307037830353,0.7802659273147583,2.920501708984375,2.7789306640625,Saccade,,,,0.0,False,9,,,
1008.0,1136.4986419677734,1118.7288665771484,0.4475244581699371,0.7430291771888733,0.4439447820186615,0.7768950462341309,2.8750762939453125,2.748382568359375,Saccade,,,,0.0,False,9,,,
1012.0,1155.0881958007812,1141.581630706787,0.4465662240982055,0.7361969947814941,0.4512063264846802,0.7927650213241577,2.865707397460937,2.780136108398437,Saccade,,,,0.0,False,9,,,
1016.0,1157.2373199462888,1128.5680675506592,0.4419654011726379,0.7192893028259277,0.4520458281040191,0.7837278246879578,2.855926513671875,2.788818359375,Saccade,,,,0.0,False,9,,,
1020.0,1174.8786163330078,1166.1095523834229,0.4568137228488922,0.7196037769317627,0.4589369595050812,0.8097983002662659,2.917572021484375,2.7941436767578125,Fixation,1178.6051018293513,1139.073356584061,168.0,7.0,True,10,word,carrying,3.0
1024.0,1161.838684082031,1159.3764781951904,0.4646638035774231,0.7204622030258179,0.4538432359695434,0.8051225543022156,2.8948974609375,2.771026611328125,Fixation,1178.6051018293513,1139.073356584061,168.0,7.0,True,10,word,carrying,3.0
1028.0,1191.6350555419922,1148.6127948760986,0.4553844928741455,0.7162084579467773,0.4654824435710907,0.7976477742195129,2.9036865234375,2.79864501953125,Fixation,1178.6051018293513,1139.073356584061,168.0,7.0,True,10,word,carrying,3.0
1032.0,1193.2350158691404,1149.3881034851074,0.4555632174015045,0.7343854308128357,0.466107428073883,0.798186182975769,2.8898162841796875,2.80218505859375,Fixation,1178.6051018293513,1139.073356584061,168.0,7.0,True,10,word,carrying,3.0
1036.0,1175.809097290039,1141.575107574463,0.4630074501037597,0.7346839904785156,0.4593004286289215,0.7927604913711548,2.835113525390625,2.785140991210937,Fixation,1178.6051018293513,1139.073356584061,168.0,7.0,True,10,word,carrying,3.0
1040.0,1195.6834411621094,1165.2031803131104,0.4629113972187042,0.722368061542511,0.467063844203949,0.8091688752174377,2.891021728515625,2.787872314453125,Fixation,1178.6051018293513,1139.073356584061,168.0,7.0,True,10,word,carrying,3.0
1044.0,1191.4176940917966,1140.6790351867676,0.4708405435085296,0.7131465077400208,0.4653975367546081,0.7921382188796997,2.9495086669921875,2.7681884765625,Fixation,1178.6051018293513,1139.073356584061,168.0,7.0,True,10,word,carrying,3.0
1048.0,1191.0673522949216,1133.3452320098877,0.4694975018501282,0.7070598006248474,0.4652606844902038,0.7870453000068665,2.90899658203125,2.750640869140625,Fixation,1178.6051018293513,1139.073356584061,168.0,7.0,True,10,word,carrying,3.0
1052.0,1173.3455657958984,1150.1176643371582,0.4671868979930877,0.728104293346405,0.4583381116390228,0.7986928224563599,2.876800537109375,2.782440185546875,Fixation,1178.6051018293513,1139.073356584061,168.0,7.0,True,10,word,carrying,3.0
1056.0,1171.085510253906,1149.42458152771,0.4678836166858673,0.7010217308998108,0.4574552774429321,0.7982115149497986,2.919219970703125,2.7804718017578125,Fixation,1178.6051018293513,1139.073356584061,168.0,7.0,True,10,word,carrying,3.0
1060.0,1181.723937988281,1136.4102458953857,0.471817284822464,0.7310494780540466,0.4616109132766723,0.7891737818717957,2.8653106689453125,2.7904052734375,Fixation,1178.6051018293513,1139.073356584061,168.0,7.0,True,10,word,carrying,3.0
1064.0,1154.8062896728513,1123.536672592163,0.4707576930522918,0.7206740975379944,0.4510962069034576,0.7802338004112244,2.9005889892578125,2.7841949462890625,Fixation,1178.6051018293513,1139.073356584061,168.0,7.0,True,10,word,carrying,3.0
1068.0,1172.1063995361328,1138.1999015808105,0.4633458256721496,0.7169248461723328,0.4578540623188019,0.7904165983200073,2.88751220703125,2.74359130859375,Fixation,1178.6051018293513,1139.073356584061,168.0,7.0,True,10,word,carrying,3.0
1072.0,1177.3979187011716,1118.8379573822021,0.4662682116031647,0.7271002531051636,0.4599210619926452,0.7769708037376404,2.870880126953125,2.792205810546875,Fixation,1178.6051018293513,1139.073356584061,168.0,7.0,True,10,word,carrying,3.0
1076.0,1167.4710845947263,1128.0267333984375,0.4694421291351318,0.7208089828491211,0.456043392419815,0.7833518981933594,2.86895751953125,2.7773590087890625,Fixation,1178.6051018293513,1139.073356584061,168.0,7.0,True,10,word,carrying,3.0
1080.0,1167.117004394531,1101.1444759368896,0.4758522510528564,0.7091307044029236,0.4559050798416137,0.7646836638450623,2.9402618408203125,2.78570556640625,Fixation,1178.6051018293513,1139.073356584061,168.0,7.0,True,10,word,carrying,3.0
1084.0,1158.746643066406,1122.4775218963623,0.471288800239563,0.715088427066803,0.4526354074478149,0.779498279094696,2.9086151123046875,2.766220092773437,Fixation,1178.6051018293513,1139.073356584061,168.0,7.0,True,10,word,carrying,3.0
1088.0,1147.5618743896484,1120.4622173309326,0.4745511412620544,0.7032128572463989,0.4482663571834564,0.7780987620353699,2.952850341796875,2.7611083984375,Fixation,1178.6051018293513,1139.073356584061,168.0,7.0,True,10,word,carrying,3.0
1092.0,1174.384994506836,1108.861427307129,0.4703448116779327,0.7293501496315002,0.4587441384792328,0.7700426578521729,2.8704376220703125,2.7603302001953125,Fixation,1178.6051018293513,1139.073356584061,168.0,7.0,True,10,word,carrying,3.0
1096.0,1162.9311370849607,1129.8605060577393,0.4690585732460022,0.7165834903717041,0.4542699754238128,0.7846253514289856,2.9067535400390625,2.754257202148437,Fixation,1178.6051018293513,1139.073356584061,168.0,7.0,True,10,word,carrying,3.0
1100.0,1164.2319488525388,1124.3408203125,0.4632151424884796,0.7094587087631226,0.454778105020523,0.780792236328125,2.925994873046875,2.793197631835937,Fixation,1178.6051018293513,1139.073356584061,168.0,7.0,True,10,word,carrying,3.0
1104.0,1181.6561126708984,1115.9083843231201,0.4607748389244079,0.74409019947052,0.4615844190120697,0.7749363780021667,2.850433349609375,2.7980499267578125,Fixation,1178.6051018293513,1139.073356584061,168.0,7.0,True,10,word,carrying,3.0
1108.0,1175.6047058105469,1140.6414413452148,0.4709338247776031,0.7300668954849243,0.4592205882072449,0.7921121120452881,2.8720855712890625,2.78582763671875,Fixation,1178.6051018293513,1139.073356584061,168.0,7.0,True,10,word,carrying,3.0
1112.0,1196.8295288085935,1183.3771419525146,0.4674424529075622,0.7174357771873474,0.4675115346908569,0.8217896819114685,2.9134521484375,2.8130035400390625,Fixation,1178.6051018293513,1139.073356584061,168.0,7.0,True,10,word,carrying,3.0
1116.0,1162.204666137695,1147.663335800171,0.462891012430191,0.7414554357528687,0.4539861977100372,0.7969884276390076,2.8677215576171875,2.802276611328125,Fixation,1178.6051018293513,1139.073356584061,168.0,7.0,True,10,word,carrying,3.0
1120.0,1181.3324737548828,1161.0109519958496,0.4665920734405517,0.7489374279975891,0.4614579975605011,0.8062576055526733,2.8724517822265625,2.79998779296875,Fixation,1178.6051018293513,1139.073356584061,168.0,7.0,True,10,word,carrying,3.0
1124.0,1190.6988525390625,1162.6280879974365,0.4611475169658661,0.7324428558349609,0.4651167392730713,0.8073806166648865,2.8783416748046875,2.787261962890625,Fixation,1178.6051018293513,1139.073356584061,168.0,7.0,True,10,word,carrying,3.0
1128.0,1191.0527801513672,1176.0566425323486,0.4676347970962524,0.7271454334259033,0.4652549922466278,0.8167060017585754,2.874542236328125,2.7900390625,Fixation,1178.6051018293513,1139.073356584061,168.0,7.0,True,10,word,carrying,3.0
1132.0,1174.4965362548828,1137.4648475646973,0.4658817648887634,0.7259346842765808,0.4587877094745636,0.7899061441421509,2.8953094482421875,2.826644897460937,Fixation,1178.6051018293513,1139.073356584061,168.0,7.0,True,10,word,carrying,3.0
1136.0,1171.4201354980466,1167.8178405761719,0.4675127863883972,0.749531626701355,0.4575859904289245,0.8109846115112305,2.834716796875,2.790008544921875,Fixation,1178.6051018293513,1139.073356584061,168.0,7.0,True,10,word,carrying,3.0
1140.0,1180.6302642822263,1138.832130432129,0.4709771871566772,0.7291454672813416,0.4611836969852447,0.7908556461334229,2.9002227783203125,2.780670166015625,Fixation,1178.6051018293513,1139.073356584061,168.0,7.0,True,10,word,carrying,3.0
1144.0,1186.6487121582031,1140.847520828247,0.4662906229496002,0.7373173236846924,0.4635346531867981,0.7922552227973938,2.849609375,2.7644195556640625,Fixation,1178.6051018293513,1139.073356584061,168.0,7.0,True,10,word,carrying,3.0
1148.0,1186.7667388916013,1147.3485946655273,0.4652585685253143,0.7290578484535217,0.4635807573795318,0.7967698574066162,2.853240966796875,2.804443359375,Fixation,1178.6051018293513,1139.073356584061,168.0,7.0,True,10,word,carrying,3.0
1152.0,1175.242233276367,1127.394676208496,0.4677663445472717,0.7228332757949829,0.4590789973735809,0.7829129695892334,2.903656005859375,2.75726318359375,Fixation,1178.6051018293513,1139.073356584061,168.0,7.0,True,10,word,carrying,3.0
1156.0,1180.8141326904297,1126.0650730133057,0.4730655550956726,0.7255774140357971,0.4612555205821991,0.7819896340370178,2.8857879638671875,2.773422241210937,Fixation,1178.6051018293513,1139.073356584061,168.0,7.0,True,10,word,carrying,3.0
1160.0,1191.3336181640625,1123.0519008636475,0.4690094292163849,0.7269677519798279,0.4653646945953369,0.779897153377533,2.879241943359375,2.80242919921875,Fixation,1178.6051018293513,1139.073356584061,168.0,7.0,True,10,word,carrying,3.0
1164.0,1196.3270568847656,1133.2382011413574,0.4611585736274719,0.7288629412651062,0.4673152565956116,0.7869709730148315,2.8519744873046875,2.824493408203125,Fixation,1178.6051018293513,1139.073356584061,168.0,7.0,True,10,word,carrying,3.0
1168.0,1184.6986389160156,1117.2853660583496,0.4734869003295898,0.7303704023361206,0.4627729058265686,0.7758926153182983,2.9014892578125,2.822265625,Fixation,1178.6051018293513,1139.073356584061,168.0,7.0,True,10,word,carrying,3.0
1172.0,1188.3403015136719,1137.5902462005615,0.465289443731308,0.7275375127792358,0.4641954302787781,0.7899932265281677,2.8619384765625,2.77471923828125,Fixation,1178.6051018293513,1139.073356584061,168.0,7.0,True,10,word,carrying,3.0
1176.0,1163.4745788574219,1125.2592945098877,0.4663552641868591,0.7267618179321289,0.4544822573661804,0.7814300656318665,2.8726348876953125,2.7918701171875,Fixation,1178.6051018293513,1139.073356584061,168.0,7.0,True,10,word,carrying,3.0
1180.0,1179.3110656738281,1137.768087387085,0.4672549664974212,0.7311855554580688,0.4606683850288391,0.7901167273521423,2.8839263916015625,2.816619873046875,Fixation,1178.6051018293513,1139.073356584061,168.0,7.0,True,10,word,carrying,3.0
1184.0,1185.631332397461,1129.453067779541,0.4621222019195556,0.7412958145141602,0.4631372392177582,0.7843424081802368,2.8373260498046875,2.7809295654296875,Fixation,1178.6051018293513,1139.073356584061,168.0,7.0,True,10,word,carrying,3.0
1188.0,1207.0296478271482,1147.461290359497,0.4733048379421234,0.7337750196456909,0.4714959561824798,0.7968481183052063,2.902206420898437,2.79010009765625,Fixation,1178.6051018293513,1139.073356584061,168.0,7.0,True,10,word,carrying,3.0
1192.0,1224.700241088867,1121.5915775299072,0.4753706157207489,0.7279637455940247,0.4783985316753387,0.7788830399513245,2.9011688232421875,2.84649658203125,Saccade,,,,0.0,False,11,,,
1196.0,1237.242660522461,1167.966070175171,0.4869263470172882,0.7128746509552002,0.4832979142665863,0.8110875487327576,2.9352264404296875,2.826889038085937,Saccade,,,,0.0,False,11,,,
1200.0,1280.8338928222656,1100.0431823730469,0.4981421232223511,0.6853113174438477,0.5003257393836975,0.7639188766479492,2.9212646484375,2.881500244140625,Saccade,,,,0.0,False,11,,,
1204.0,1267.8314208984373,1130.857515335083,0.508307933807373,0.7090123295783997,0.4952466487884521,0.7853177189826965,2.910873413085937,2.86480712890625,Saccade,,,,0.0,False,11,,,
1208.0,1291.571044921875,1116.771068572998,0.5253835916519165,0.6820774078369141,0.5045199394226074,0.7755354642868042,2.9568328857421875,2.8618927001953125,Saccade,,,,0.0,False,11,,,
1212.0,1327.7955627441406,1104.8260116577148,0.5177167654037476,0.7184457182884216,0.5186701416969299,0.7672402858734131,2.861175537109375,2.8730010986328125,Fixation,1331.9707465484867,1161.594488327174,216.0,8.0,True,12,word,groceries,4.0
1216.0,1328.4207153320312,1131.9787216186523,0.5119307041168213,0.714812159538269,0.5189143419265747,0.7860963344573975,2.859848022460937,2.7888946533203125,Fixation,1331.9707465484867,1161.594488327174,216.0,8.0,True,12,word,groceries,4.0
1220.0,1327.6319885253906,1117.825927734375,0.525077223777771,0.7149128913879395,0.5186062455177307,0.7762680053710938,2.905136108398437,2.893096923828125,Fixation,1331.9707465484867,1161.594488327174,216.0,8.0,True,12,word,groceries,4.0
1224.0,1337.7406311035156,1170.8757305145264,0.5293280482292175,0.6961697936058044,0.5225549340248108,0.8131081461906433,2.9350128173828125,2.83551025390625,Fixation,1331.9707465484867,1161.594488327174,216.0,8.0,True,12,word,groceries,4.0
1228.0,1331.7555236816406,1144.1894245147705,0.526128888130188,0.7217116355895996,0.5202170014381409,0.7945759892463684,2.896148681640625,2.8032989501953125,Fixation,1331.9707465484867,1161.594488327174,216.0,8.0,True,12,word,groceries,4.0
1232.0,1337.2621154785156,1132.6665687561035,0.5247178673744202,0.7047201991081238,0.5223680138587952,0.7865740060806274,2.92913818359375,2.8540496826171875,Fixation,1331.9707465484867,1161.594488327174,216.0,8.0,True,12,word,groceries,4.0
1236.0,1323.2835388183594,1194.164514541626,0.5321242809295654,0.706352949142456,0.5169076323509216,0.8292809128761292,2.9419708251953125,2.768905639648437,Fixation,1331.9707465484867,1161.594488327174,216.0,8.0,True,12,word,groceries,4.0
1240.0,1339.3740844726562,1180.883674621582,0.526877760887146,0.7018486857414246,0.5231930017471313,0.8200581073760986,2.9107666015625,2.7853546142578125,Fixation,1331.9707465484867,1161.594488327174,216.0,8.0,True,12,word,groceries,4.0
1244.0,1314.3083190917969,1170.2795505523682,0.5260509848594666,0.7179720997810364,0.5134016871452332,0.8126941323280334,2.882919311523437,2.8309783935546875,Fixation,1331.9707465484867,1161.594488327174,216.0,8.0,True,12,word,groceries,4.0
1248.0,1341.0466003417969,1139.7855377197266,0.5244767665863037,0.720933198928833,0.5238463282585144,0.7915177345275879,2.84539794921875,2.886383056640625,Fixation,1331.9707465484867,1161.594488327174,216.0,8.0,True,12,word,groceries,4.0
1252.0,1322.3635864257812,1166.7705345153809,0.5304878354072571,0.6997414231300354,0.5165482759475708,0.8102573156356812,2.9546661376953125,2.8225860595703125,Fixation,1331.9707465484867,1161.594488327174,216.0,8.0,True,12,word,groceries,4.0
1256.0,1334.1178894042969,1168.2464790344238,0.5303860902786255,0.7269429564476013,0.5211398005485535,0.8112822771072388,2.8245086669921875,2.8498687744140625,Fixation,1331.9707465484867,1161.594488327174,216.0,8.0,True,12,word,groceries,4.0
1260.0,1333.8217163085938,1142.4468898773193,0.5382289290428162,0.6828380823135376,0.5210241079330444,0.7933658957481384,2.9241485595703125,2.8532867431640625,Fixation,1331.9707465484867,1161.594488327174,216.0,8.0,True,12,word,groceries,4.0
1264.0,1341.2646484375,1159.6864986419678,0.5324546098709106,0.6933183073997498,0.5239315032958984,0.8053378462791443,2.923934936523437,2.82440185546875,Fixation,1331.9707465484867,1161.594488327174,216.0,8.0,True,12,word,groceries,4.0
1268.0,1315.2290344238281,1179.1655158996582,0.5208403468132019,0.7224540710449219,0.5137613415718079,0.8188649415969849,2.82598876953125,2.829071044921875,Fixation,1331.9707465484867,1161.594488327174,216.0,8.0,True,12,word,groceries,4.0
1272.0,1321.3316345214844,1166.3959693908691,0.529259443283081,0.7252179980278015,0.5161451697349548,0.8099972009658813,2.8827056884765625,2.812591552734375,Fixation,1331.9707465484867,1161.594488327174,216.0,8.0,True,12,word,groceries,4.0
1276.0,1348.2179260253906,1183.3737087249756,0.5338618755340576,0.7146371006965637,0.5266476273536682,0.8217872977256775,2.8711700439453125,2.7981414794921875,Fixation,1331.9707465484867,1161.594488327174,216.0,8.0,True,12,word,groceries,4.0
1280.0,1331.6444396972656,1196.4425468444824,0.5334200263023376,0.7056464552879333,0.5201736092567444,0.8308628797531128,2.897796630859375,2.819976806640625,Fixation,1331.9707465484867,1161.594488327174,216.0,8.0,True,12,word,groceries,4.0
1284.0,1324.0705871582031,1183.1626510620117,0.5188082456588745,0.7335575222969055,0.5172150731086731,0.8216407299041748,2.8083648681640625,2.8075714111328125,Fixation,1331.9707465484867,1161.594488327174,216.0,8.0,True,12,word,groceries,4.0
1288.0,1320.9028625488281,1187.4296379089355,0.5348504781723022,0.6973738074302673,0.515977680683136,0.8246039152145386,2.9104156494140625,2.8075103759765625,Fixation,1331.9707465484867,1161.594488327174,216.0,8.0,True,12,word,groceries,4.0
1292.0,1302.1528625488281,1142.7808570861816,0.5260694622993469,0.6993695497512817,0.508653461933136,0.7935978174209595,2.920135498046875,2.86383056640625,Fixation,1331.9707465484867,1161.594488327174,216.0,8.0,True,12,word,groceries,4.0
1296.0,1324.6560668945312,1158.1058406829834,0.5322969555854797,0.694607675075531,0.5174437761306763,0.8042401671409607,2.927734375,2.8507843017578125,Fixation,1331.9707465484867,1161.594488327174,216.0,8.0,True,12,word,groceries,4.0
1300.0,1312.9795837402344,1145.3872776031494,0.5274842977523804,0.7064601182937622,0.512882649898529,0.7954078316688538,2.9530181884765625,2.8495635986328125,Fixation,1331.9707465484867,1161.594488327174,216.0,8.0,True,12,word,groceries,4.0
1304.0,1320.2986145019531,1197.5716495513916,0.5293731093406677,0.6915214657783508,0.5157416462898254,0.8316469788551331,2.9362945556640625,2.7896270751953125,Fixation,1331.9707465484867,1161.594488327174,216.0,8.0,True,12,word,groceries,4.0
1308.0,1311.8148803710938,1166.2509155273438,0.5217409729957581,0.7326745390892029,0.5124276876449585,0.8098964691162109,2.843978881835937,2.805908203125,Fixation,1331.9707465484867,1161.594488327174,216.0,8.0,True,12,word,groceries,4.0
1312.0,1333.1291198730469,1149.0079593658447,0.5202047228813171,0.7054547667503357,0.5207535624504089,0.7979221940040588,2.915145874023437,2.8345184326171875,Fixation,1331.9707465484867,1161.594488327174,216.0,8.0,True,12,word,groceries,4.0
1316.0,1316.385498046875,1174.5837020874023,0.5263510942459106,0.7158516645431519,0.5142130851745605,0.815683126449585,2.8958740234375,2.8348846435546875,Fixation,1331.9707465484867,1161.594488327174,216.0,8.0,True,12,word,groceries,4.0
1320.0,1317.1868896484375,1159.929485321045,0.5219969749450684,0.7098760008811951,0.5145261287689209,0.8055065870285034,2.8930206298828125,2.8381500244140625,Fixation,1331.9707465484867,1161.594488327174,216.0,8.0,True,12,word,groceries,4.0
1324.0,1337.8141784667969,1120.8774662017822,0.517212450504303,0.7366011142730713,0.5225836634635925,0.7783871293067932,2.8355712890625,2.880722045898437,Fixation,1331.9707465484867,1161.594488327174,216.0,8.0,True,12,word,groceries,4.0
1328.0,1327.8041076660156,1172.8320693969727,0.5232512950897217,0.7055440545082092,0.5186734795570374,0.8144667148590088,2.88555908203125,2.825927734375,Fixation,1331.9707465484867,1161.594488327174,216.0,8.0,True,12,word,groceries,4.0
1332.0,1340.2946472167969,1161.47066116333,0.5251477360725403,0.6993540525436401,0.5235525965690613,0.8065768480300903,2.9334869384765625,2.841583251953125,Fixation,1331.9707465484867,1161.594488327174,216.0,8.0,True,12,word,groceries,4.0
1336.0,1332.5999450683594,1158.3863353729248,0.5241122245788574,0.7288277745246887,0.5205468535423279,0.8044349551200867,2.8793182373046875,2.811508178710937,Fixation,1331.9707465484867,1161.594488327174,216.0,8.0,True,12,word,groceries,4.0
1340.0,1344.354248046875,1182.1925926208496,0.5240551233291626,0.7118131518363953,0.5251383781433105,0.8209670782089233,2.885650634765625,2.8019256591796875,Fixation,1331.9707465484867,1161.594488327174,216.0,8.0,True,12,word,groceries,4.0
1344.0,1315.7118225097656,1145.1767349243164,0.5295189023017883,0.7271639704704285,0.5139499306678772,0.7952616214752197,2.8611297607421875,2.850555419921875,Fixation,1331.9707465484867,1161.594488327174,216.0,8.0,True,12,word,groceries,4.0
1348.0,1339.0643310546875,1152.9208946228027,0.5304630994796753,0.7119314670562744,0.5230720043182373,0.8006395101547241,2.9212188720703125,2.8358306884765625,Fixation,1331.9707465484867,1161.594488327174,216.0,8.0,True,12,word,groceries,4.0
1352.0,1340.9568786621094,1142.6970863342285,0.5286574363708496,0.7118048071861267,0.5238112807273865,0.7935396432876587,2.865936279296875,2.829254150390625,Fixation,1331.9707465484867,1161.594488327174,216.0,8.0,True,12,word,groceries,4.0
1356.0,1375.73486328125,1140.2339172363281,0.5308904647827148,0.7076769471168518,0.5373964309692383,0.7918291091918945,2.8717193603515625,2.829071044921875,Fixation,1331.9707465484867,1161.594488327174,216.0,8.0,True,12,word,groceries,4.0
1360.0,1358.0123901367188,1152.7318954467773,0.5311095714569092,0.7035999298095703,0.5304735898971558,0.8005082607269287,2.9177703857421875,2.816635131835937,Fixation,1331.9707465484867,1161.594488327174,216.0,8.0,True,12,word,groceries,4.0
1364.0,1337.5883483886719,1151.6614151000977,0.5285566449165344,0.7175092101097107,0.522495448589325,0.79976487159729,2.913421630859375,2.8516845703125,Fixation,1331.9707465484867,1161.594488327174,216.0,8.0,True,12,word,groceries,4.0
1368.0,1328.3010864257812,1179.2279148101807,0.5237514972686768,0.719832181930542,0.5188676118850708,0.8189082741737366,2.8439483642578125,2.8241729736328125,Fixation,1331.9707465484867,1161.594488327174,216.0,8.0,True,12,word,groceries,4.0
1372.0,1321.966552734375,1183.0065250396729,0.521530270576477,0.7093936204910278,0.5163931846618652,0.8215323090553284,2.88653564453125,2.827667236328125,Fixation,1331.9707465484867,1161.594488327174,216.0,8.0,True,12,word,groceries,4.0
1376.0,1322.9588317871094,1158.757209777832,0.528090238571167,0.7102566361427307,0.5167807936668396,0.8046925067901611,2.89593505859375,2.85003662109375,Fixation,1331.9707465484867,1161.594488327174,216.0,8.0,True,12,word,groceries,4.0
1380.0,1327.1913146972656,1181.4901542663574,0.5286020636558533,0.7184525728225708,0.5184341073036194,0.8204792737960815,2.8849334716796875,2.8076629638671875,Fixation,1331.9707465484867,1161.594488327174,216.0,8.0,True,12,word,groceries,4.0
1384.0,1302.7571105957031,1166.7966270446777,0.5295014977455139,0.7045514583587646,0.5088894963264465,0.8102754354476929,2.8835906982421875,2.805389404296875,Fixation,1331.9707465484867,1161.594488327174,216.0,8.0,True,12,word,groceries,4.0
1388.0,1306.0188293457031,1155.8860874176025,0.5300652384757996,0.709201455116272,0.5101636052131653,0.8026986718177795,2.914901733398437,2.849517822265625,Fixation,1331.9707465484867,1161.594488327174,216.0,8.0,True,12,word,groceries,4.0
1392.0,1303.38623046875,1159.0283489227295,0.5269820690155029,0.7060080170631409,0.5091352462768555,0.8048807978630066,2.870391845703125,2.8260040283203125,Fixation,1331.9707465484867,1161.594488327174,216.0,8.0,True,12,word,groceries,4.0
1396.0,1309.2848205566406,1155.1872539520264,0.5311072468757629,0.7009854316711426,0.5114393830299377,0.8022133708000183,2.923431396484375,2.775482177734375,Fixation,1331.9707465484867,1161.594488327174,216.0,8.0,True,12,word,groceries,4.0
1400.0,1331.3710021972656,1167.7471160888672,0.53110271692276,0.6832432746887207,0.5200667977333069,0.8109354972839355,2.9663848876953125,2.821273803710937,Fixation,1331.9707465484867,1161.594488327174,216.0,8.0,True,12,word,groceries,4.0
1404.0,1337.6882934570312,1147.840576171875,0.5313930511474609,0.6757705211639404,0.5225344896316528,0.7971115112304688,2.929901123046875,2.81256103515625,Fixation,1331.9707465484867,1161.594488327174,216.0,8.0,True,12,word,groceries,4.0
1408.0,1332.8462219238281,1179.06174659729,0.5277191400527954,0.7164697647094727,0.5206430554389954,0.8187928795814514,2.917709350585937,2.8127899169921875,Fixation,1331.9707465484867,1161.594488327174,216.0,8.0,True,12,word,groceries,4.0
1412.0,1339.8699951171875,1165.334758758545,0.5278916358947754,0.7227541208267212,0.5233867168426514,0.8092602491378784,2.854583740234375,2.814071655273437,Fixation,1331.9707465484867,1161.594488327174,216.0,8.0,True,12,word,groceries,4.0
1416.0,1346.7166137695312,1167.188959121704,0.534718930721283,0.6848025321960449,0.5260611772537231,0.8105478882789612,2.964584350585937,2.82598876953125,Fixation,1331.9707465484867,1161.594488327174,216.0,8.0,True,12,word,groceries,4.0
1420.0,1362.7439880371094,1186.0207271575928,0.5435076951980591,0.6780726909637451,0.5323218703269958,0.8236255049705505,2.9900360107421875,2.805816650390625,Fixation,1331.9707465484867,1161.594488327174,216.0,8.0,True,12,word,groceries,4.0
1424.0,1391.4973449707031,1164.0626621246338,0.5546121001243591,0.6901487112045288,0.5435536503791809,0.8083768486976624,2.947250366210937,2.8461151123046875,Fixation,1331.9707465484867,1161.594488327174,216.0,8.0,True,12,word,groceries,4.0
1428.0,1407.1372985839844,1177.4134540557861,0.5617594122886658,0.7101383209228516,0.5496630072593689,0.8176482319831848,2.90460205078125,2.8493804931640625,Fixation,1331.9707465484867,1161.594488327174,216.0,8.0,True,12,word,groceries,4.0
1432.0,1412.2932434082031,1164.73952293396,0.5640619397163391,0.7073848843574524,0.5516770482063293,0.8088468909263611,2.9248199462890625,2.821640014648437,Fixation,1445.9457702636719,1163.359326839447,76.0,9.0,True,13,word,groceries,4.0
1436.0,1414.9664306640625,1175.1997089385986,0.5693500638008118,0.685469388961792,0.5527212619781494,0.8161109089851379,2.9547271728515625,2.812835693359375,Fixation,1445.9457702636719,1163.359326839447,76.0,9.0,True,13,word,groceries,4.0
1440.0,1410.3530883789062,1174.3584823608398,0.5699706673622131,0.6880577206611633,0.5509191751480103,0.8155267238616943,2.947784423828125,2.828948974609375,Fixation,1445.9457702636719,1163.359326839447,76.0,9.0,True,13,word,groceries,4.0
1444.0,1421.3719177246094,1168.7200927734375,0.5731934309005737,0.6750016212463379,0.5552234053611755,0.8116111755371094,2.9379425048828125,2.7761688232421875,Fixation,1445.9457702636719,1163.359326839447,76.0,9.0,True,13,word,groceries,4.0
1448.0,1429.1696166992188,1174.2850971221924,0.5769632458686829,0.6788329482078552,0.5582693815231323,0.8154757618904114,2.978378295898437,2.8276519775390625,Fixation,1445.9457702636719,1163.359326839447,76.0,9.0,True,13,word,groceries,4.0
1452.0,1435.1385498046875,1161.8087482452393,0.5732546448707581,0.697851300239563,0.560600996017456,0.8068116307258606,2.895263671875,2.841888427734375,Fixation,1445.9457702636719,1163.359326839447,76.0,9.0,True,13,word,groceries,4.0
1456.0,1439.4242858886719,1140.6350898742676,0.575235903263092,0.6960662603378296,0.5622751116752625,0.7921077013015747,2.912704467773437,2.8843536376953125,Fixation,1445.9457702636719,1163.359326839447,76.0,9.0,True,13,word,groceries,4.0
1460.0,1435.5479431152344,1148.142442703247,0.5764333605766296,0.6830657720565796,0.5607609152793884,0.7973211407661438,2.956817626953125,2.875213623046875,Fixation,1445.9457702636719,1163.359326839447,76.0,9.0,True,13,word,groceries,4.0
1464.0,1461.6696166992188,1206.1882781982422,0.5758834481239319,0.6991250514984131,0.5709646940231323,0.8376307487487793,2.9055633544921875,2.77618408203125,Fixation,1445.9457702636719,1163.359326839447,76.0,9.0,True,13,word,groceries,4.0
1468.0,1436.7266845703125,1179.559736251831,0.5755156874656677,0.7074035406112671,0.5612213611602783,0.8191387057304382,2.8992919921875,2.8329010009765625,Fixation,1445.9457702636719,1163.359326839447,76.0,9.0,True,13,word,groceries,4.0
1472.0,1443.9912414550781,1153.05513381958,0.57513427734375,0.6907566785812378,0.5640590786933899,0.8007327318191528,2.939788818359375,2.86077880859375,Fixation,1445.9457702636719,1163.359326839447,76.0,9.0,True,13,word,groceries,4.0
1476.0,1465.1998901367188,1173.539571762085,0.5737061500549316,0.7087293267250061,0.5723437070846558,0.8149580359458923,2.8987579345703125,2.834625244140625,Fixation,1445.9457702636719,1163.359326839447,76.0,9.0,True,13,word,groceries,4.0
1480.0,1447.3020935058594,1179.1850852966309,0.5693432688713074,0.687391459941864,0.5653523802757263,0.8188785314559937,2.955718994140625,2.8354034423828125,Fixation,1445.9457702636719,1163.359326839447,76.0,9.0,True,13,word,groceries,4.0
1484.0,1477.4844360351562,1143.2870864868164,0.5781930685043335,0.6839843988418579,0.5771423578262329,0.7939493656158447,2.935333251953125,2.8759307861328125,Fixation,1445.9457702636719,1163.359326839447,76.0,9.0,True,13,word,groceries,4.0
1488.0,1484.620361328125,1157.4579906463623,0.5797754526138306,0.694008469581604,0.5799298286437988,0.803790271282196,2.9137420654296875,2.8555450439453125,Fixation,1445.9457702636719,1163.359326839447,76.0,9.0,True,13,word,groceries,4.0
1492.0,1458.8874816894531,1161.6572570800781,0.5792255401611328,0.6915767788887024,0.5698779225349426,0.806706428527832,2.919586181640625,2.844100952148437,Fixation,1445.9457702636719,1163.359326839447,76.0,9.0,True,13,word,groceries,4.0
1496.0,1470.6849670410156,1143.504581451416,0.5672638416290283,0.6970531940460205,0.5744863152503967,0.7941004037857056,2.92437744140625,2.8533477783203125,Fixation,1445.9457702636719,1163.359326839447,76.0,9.0,True,13,word,groceries,4.0
1500.0,1464.8312377929688,1143.6057758331299,0.5663892030715942,0.706641435623169,0.5721997022628784,0.7941706776618958,2.916015625,2.86895751953125,Fixation,1445.9457702636719,1163.359326839447,76.0,9.0,True,13,word,groceries,4.0
1504.0,1454.1915893554688,1172.836618423462,0.575383722782135,0.6895254850387573,0.56804358959198,0.8144698739051819,2.933837890625,2.8318328857421875,Fixation,1445.9457702636719,1163.359326839447,76.0,9.0,True,13,word,groceries,4.0
1508.0,1455.0607299804688,1145.4202365875244,0.5695953369140625,0.6953508257865906,0.5683830976486206,0.7954307198524475,2.896728515625,2.8284454345703125,Fixation,1445.9457702636719,1163.359326839447,76.0,9.0,True,13,word,groceries,4.0
1512.0,1458.7591552734375,1125.3647804260254,0.5741050839424133,0.705103874206543,0.5698277950286865,0.7815033197402954,2.91717529296875,2.906402587890625,Fixation,1452.4253202739515,1143.398598620766,72.0,10.0,True,14,word,walking,5.0
1516.0,1455.2630615234375,1171.1462688446045,0.5698339343070984,0.6895651817321777,0.5684621334075928,0.8132960200309753,2.893402099609375,2.866607666015625,Fixation,1452.4253202739515,1143.398598620766,72.0,10.0,True,14,word,walking,5.0
1520.0,1452.1257019042969,1166.6807556152344,0.5730876922607422,0.7024211883544922,0.567236602306366,0.8101949691772461,2.9021453857421875,2.8181915283203125,Fixation,1452.4253202739515,1143.398598620766,72.0,10.0,True,14,word,walking,5.0
1524.0,1462.4922180175781,1105.506992340088,0.5725765824317932,0.6999862194061279,0.5712860226631165,0.767713189125061,2.92333984375,2.949691772460937,Fixation,1452.4253202739515,1143.398598620766,72.0,10.0,True,14,word,walking,5.0
1528.0,1439.2286682128906,1144.7868919372559,0.5696605443954468,0.7040482759475708,0.5621986985206604,0.7949908971786499,2.910919189453125,2.8854217529296875,Fixation,1452.4253202739515,1143.398598620766,72.0,10.0,True,14,word,walking,5.0
1532.0,1438.4025573730469,1184.4069385528564,,,0.5618759989738464,0.8225048184394836,,2.817245483398437,Fixation,1452.4253202739515,1143.398598620766,72.0,10.0,True,14,word,walking,5.0
1536.0,1442.8564453125,1169.2067527770996,0.5768617391586304,0.6997165679931641,0.5636157989501953,0.8119491338729858,2.94415283203125,2.860092163085937,Fixation,1452.4253202739515,1143.398598620766,72.0,10.0,True,14,word,walking,5.0
1540.0,1460.6866455078125,1144.3034076690674,0.5750352740287781,0.7082601189613342,0.5705807209014893,0.7946551442146301,2.903289794921875,2.8481597900390625,Fixation,1452.4253202739515,1143.398598620766,72.0,10.0,True,14,word,walking,5.0
1544.0,1438.7397766113281,1174.696912765503,0.5689376592636108,0.6955832242965698,0.5620077252388,0.8157617449760437,2.8722076416015625,2.82635498046875,Fixation,1452.4253202739515,1143.398598620766,72.0,10.0,True,14,word,walking,5.0
1548.0,1447.625732421875,1159.456901550293,0.571044921875,0.6983323693275452,0.5654788017272949,0.8051784038543701,2.93048095703125,2.829833984375,Fixation,1452.4253202739515,1143.398598620766,72.0,10.0,True,14,word,walking,5.0
1552.0,1438.1501770019531,1116.5471363067627,0.5720844268798828,0.7039389610290527,0.5617774128913879,0.7753799557685852,2.904647827148437,2.895050048828125,Fixation,1452.4253202739515,1143.398598620766,72.0,10.0,True,14,word,walking,5.0
1556.0,1456.4352416992188,1138.8496398925781,0.5711126923561096,0.6888294219970703,0.5689200162887573,0.790867805480957,2.9271697998046875,2.817108154296875,Fixation,1452.4253202739515,1143.398598620766,72.0,10.0,True,14,word,walking,5.0
1560.0,1458.1402587890625,1141.0684490203857,0.5750519633293152,0.678445041179657,0.5695860385894775,0.7924086451530457,2.96343994140625,2.862167358398437,Fixation,1452.4253202739515,1143.398598620766,72.0,10.0,True,14,word,walking,5.0
1564.0,1462.855224609375,1149.087438583374,0.5793547630310059,0.6748972535133362,0.5714278221130371,0.7979773879051208,2.9629058837890625,2.8211212158203125,Fixation,1452.4253202739515,1143.398598620766,72.0,10.0,True,14,word,walking,5.0
1568.0,1442.3255920410156,1141.466875076294,0.5734452605247498,0.6955893039703369,0.5634084343910217,0.792685329914093,2.9106597900390625,2.8437957763671875,Fixation,1452.4253202739515,1143.398598620766,72.0,10.0,True,14,word,walking,5.0
1572.0,1472.2160339355469,1100.443925857544,0.5770981311798096,0.6952915191650391,0.575084388256073,0.7641971707344055,2.9305572509765625,2.919097900390625,Fixation,1452.4253202739515,1143.398598620766,72.0,10.0,True,14,word,walking,5.0
1576.0,1435.9735107421875,1132.9383087158203,0.5711997151374817,0.6936667561531067,0.560927152633667,0.7867627143859863,2.9547882080078125,2.864227294921875,Fixation,1452.4253202739515,1143.398598620766,72.0,10.0,True,14,word,walking,5.0
1580.0,1457.8683471679688,1134.1485214233398,0.5779432654380798,0.6936439275741577,0.5694798231124878,0.7876031398773193,2.9291229248046875,2.844940185546875,Fixation,1452.4253202739515,1143.398598620766,72.0,10.0,True,14,word,walking,5.0
1584.0,1475.9367370605469,1124.4664764404297,0.5749410390853882,0.6990505456924438,0.5765377879142761,0.7808794975280762,2.928573608398437,2.86907958984375,Fixation,1452.4253202739515,1143.398598620766,72.0,10.0,True,14,word,walking,5.0
1588.0,1504.4697570800781,1147.108268737793,0.5752572417259216,0.6852705478668213,0.5876834988594055,0.7966029644012451,2.9730377197265625,2.8683624267578125,Saccade,,,,0.0,False,15,,,
1592.0,1494.2868041992188,1150.823621749878,0.5909944176673889,0.6975417137145996,0.5837057828903198,0.7991830706596375,2.8881378173828125,2.844589233398437,Saccade,,,,0.0,False,15,,,
1596.0,1533.3488464355469,1081.1472988128662,0.5959786772727966,0.7253718376159668,0.5989643931388855,0.7507967352867126,2.861785888671875,2.8960113525390625,Saccade,,,,0.0,False,15,,,
1600.0,1543.39111328125,1128.7395572662354,0.6120200157165527,0.6835048794746399,0.6028871536254883,0.783846914768219,2.9102783203125,2.875579833984375,Saccade,,,,0.0,False,15,,,
1604.0,1550.0382995605469,1122.1408939361572,0.616312563419342,0.7172276973724365,0.6054837107658386,0.779264509677887,2.9076385498046875,2.854110717773437,Saccade,,,,0.0,False,15,,,
1608.0,1578.8255310058594,1121.4087581634521,0.6174976825714111,0.7095857262611389,0.6167287230491638,0.7787560820579529,2.894805908203125,2.84271240234375,Fixation,1583.2446618982262,1124.080546868814,144.0,11.0,True,16,word,walking,5.0
1612.0,1590.7174682617188,1134.2987251281738,0.6211153864860535,0.7234138250350952,0.6213740110397339,0.7877074480056763,2.871810913085937,2.833465576171875,Fixation,1583.2446618982262,1124.080546868814,144.0,11.0,True,16,word,walking,5.0
1616.0,1610.33203125,1128.2968425750732,0.6249116659164429,0.7080150842666626,0.6290359497070312,0.7835394740104675,2.88897705078125,2.8486328125,Fixation,1583.2446618982262,1124.080546868814,144.0,11.0,True,16,word,walking,5.0
1620.0,1602.9800415039062,1129.8002529144287,0.6214883327484131,0.7113589644432068,0.6261640787124634,0.7845835089683533,2.9027862548828125,2.8296051025390625,Fixation,1583.2446618982262,1124.080546868814,144.0,11.0,True,16,word,walking,5.0
1624.0,1594.7254943847656,1131.408634185791,0.6320821046829224,0.694453239440918,0.6229396462440491,0.7857004404067993,2.966461181640625,2.82855224609375,Fixation,1583.2446618982262,1124.080546868814,144.0,11.0,True,16,word,walking,5.0
1628.0,1599.6401977539062,1093.9848232269287,0.627288818359375,0.7025237679481506,0.6248594522476196,0.7597116827964783,2.886627197265625,2.889068603515625,Fixation,1583.2446618982262,1124.080546868814,144.0,11.0,True,16,word,walking,5.0
1632.0,1608.4661865234375,1117.7483367919922,0.6286635398864746,0.7119725346565247,0.6283071041107178,0.7762141227722168,2.917633056640625,2.826324462890625,Fixation,1583.2446618982262,1124.080546868814,144.0,11.0,True,16,word,walking,5.0
1636.0,1597.0773315429688,1105.2803993225098,0.6300197243690491,0.7115777134895325,0.6238583326339722,0.767555832862854,2.917327880859375,2.8745574951171875,Fixation,1583.2446618982262,1124.080546868814,144.0,11.0,True,16,word,walking,5.0
1640.0,1599.276123046875,1126.3317489624023,0.6219341158866882,0.7150880694389343,0.6247172355651855,0.782174825668335,2.8756256103515625,2.810287475585937,Fixation,1583.2446618982262,1124.080546868814,144.0,11.0,True,16,word,walking,5.0
1644.0,1609.7137451171875,1103.856725692749,0.6311039924621582,0.7012444734573364,0.6287944316864014,0.7665671706199646,2.93817138671875,2.86749267578125,Fixation,1583.2446618982262,1124.080546868814,144.0,11.0,True,16,word,walking,5.0
1648.0,1586.73095703125,1122.0024490356445,0.625815212726593,0.7104033827781677,0.619816780090332,0.7791683673858643,2.9056854248046875,2.8306121826171875,Fixation,1583.2446618982262,1124.080546868814,144.0,11.0,True,16,word,walking,5.0
1652.0,1580.7759094238281,1133.3039474487305,0.6209596991539001,0.7163167595863342,0.6174905896186829,0.7870166301727295,2.8728485107421875,2.8270263671875,Fixation,1583.2446618982262,1124.080546868814,144.0,11.0,True,16,word,walking,5.0
1656.0,1588.6602783203125,1124.3750667572021,0.6286284327507019,0.6903713345527649,0.6205704212188721,0.7808160185813904,2.918426513671875,2.8438262939453125,Fixation,1583.2446618982262,1124.080546868814,144.0,11.0,True,16,word,walking,5.0
1660.0,1599.1749572753906,1125.5706882476807,0.6320525407791138,0.6922333836555481,0.6246777176856995,0.7816463112831116,2.9582672119140625,2.8479461669921875,Fixation,1583.2446618982262,1124.080546868814,144.0,11.0,True,16,word,walking,5.0
1664.0,1588.7368774414062,1106.3926792144775,0.6279604434967041,0.7126353979110718,0.6206003427505493,0.7683282494544983,2.904891967773437,2.865585327148437,Fixation,1583.2446618982262,1124.080546868814,144.0,11.0,True,16,word,walking,5.0
1668.0,1585.452880859375,1133.616542816162,0.6207504868507385,0.7177823781967163,0.6193175315856934,0.7872337102890015,2.888214111328125,2.832305908203125,Fixation,1583.2446618982262,1124.080546868814,144.0,11.0,True,16,word,walking,5.0
1672.0,1585.0120544433594,1123.4250926971436,0.6237462759017944,0.717587411403656,0.6191453337669373,0.7801563143730164,2.8798828125,2.821014404296875,Fixation,1583.2446618982262,1124.080546868814,144.0,11.0,True,16,word,walking,5.0
1676.0,1596.8984985351562,1120.7347297668457,0.6309356689453125,0.6976633667945862,0.6237884759902954,0.7782880067825317,2.916732788085937,2.841171264648437,Fixation,1583.2446618982262,1124.080546868814,144.0,11.0,True,16,word,walking,5.0
1680.0,1603.7181091308594,1129.1131782531738,0.6290054321289062,0.688255786895752,0.6264523863792419,0.7841063737869263,2.9408111572265625,2.850067138671875,Fixation,1583.2446618982262,1124.080546868814,144.0,11.0,True,16,word,walking,5.0
1684.0,1602.2344970703125,1132.8913593292236,0.631904125213623,0.6815869212150574,0.6258728504180908,0.7867301106452942,2.9459991455078125,2.8462066650390625,Fixation,1583.2446618982262,1124.080546868814,144.0,11.0,True,16,word,walking,5.0
1688.0,1584.7111511230469,1116.368350982666,0.6286755204200745,0.7029852867126465,0.6190277934074402,0.7752557992935181,2.940643310546875,2.8451080322265625,Fixation,1583.2446618982262,1124.080546868814,144.0,11.0,True,16,word,walking,5.0
1692.0,1556.5010070800781,1135.3223419189453,0.623467206954956,0.701194167137146,0.6080082058906555,0.7884182929992676,2.9077301025390625,2.82867431640625,Fixation,1583.2446618982262,1124.080546868814,144.0,11.0,True,16,word,walking,5.0
1696.0,1582.5178527832031,1086.8633651733398,0.6239357590675354,0.6646760702133179,0.6181710362434387,0.7547662258148193,2.942657470703125,2.873046875,Fixation,1583.2446618982262,1124.080546868814,144.0,11.0,True,16,word,walking,5.0
1700.0,1584.9172973632812,1129.2475891113281,0.6217001676559448,0.7534641027450562,0.6191083192825317,0.7841997146606445,2.8069305419921875,2.85479736328125,Fixation,1583.2446618982262,1124.080546868814,144.0,11.0,True,16,word,walking,5.0
1704.0,1572.8854370117188,1146.8281173706055,0.6228081583976746,0.7075672745704651,0.6144083738327026,0.7964084148406982,2.87518310546875,2.8555450439453125,Fixation,1583.2446618982262,1124.080546868814,144.0,11.0,True,16,word,walking,5.0
1708.0,1575.0651550292969,1108.3718490600586,0.627949595451355,0.711158812046051,0.6152598261833191,0.769702672958374,2.9150390625,2.902252197265625,Fixation,1583.2446618982262,1124.080546868814,144.0,11.0,True,16,word,walking,5.0
1712.0,1570.4302978515625,1128.609266281128,0.617771565914154,0.6986863613128662,0.6134493350982666,0.78375643491745,2.910919189453125,2.8786773681640625,Fixation,1583.2446618982262,1124.080546868814,144.0,11.0,True,16,word,walking,5.0
1716.0,1561.3386535644531,1149.1739559173584,0.6203012466430664,0.698883056640625,0.6098979115486145,0.7980374693870544,2.9249725341796875,2.848114013671875,Fixation,1583.2446618982262,1124.080546868814,144.0,11.0,True,16,word,walking,5.0
1720.0,1579.0498352050781,1119.8947048187256,0.6309753060340881,0.6967303156852722,0.6168163418769836,0.777704656124115,2.9134063720703125,2.8438873291015625,Fixation,1583.2446618982262,1124.080546868814,144.0,11.0,True,16,word,walking,5.0
1724.0,1560.2597045898438,1134.9264907836914,0.6322296261787415,0.6885268688201904,0.6094764471054077,0.7881433963775635,2.903182983398437,2.8911590576171875,Fixation,1583.2446618982262,1124.080546868814,144.0,11.0,True,16,word,walking,5.0
1728.0,1558.4744262695312,1138.2083129882812,0.6289052367210388,0.6862965226173401,0.6087790727615356,0.7904224395751953,2.9871978759765625,2.8437652587890625,Fixation,1583.2446618982262,1124.080546868814,144.0,11.0,True,16,word,walking,5.0
1732.0,1552.4092102050781,1133.2245540618896,0.6337690949440002,0.7054806351661682,0.6064098477363586,0.7869614958763123,2.899505615234375,2.857040405273437,Fixation,1583.2446618982262,1124.080546868814,144.0,11.0,True,16,word,walking,5.0
1736.0,1569.43115234375,1134.2426776885986,0.6321706771850586,0.6953231692314148,0.6130590438842773,0.7876685261726379,2.923675537109375,2.837249755859375,Fixation,1583.2446618982262,1124.080546868814,144.0,11.0,True,16,word,walking,5.0
1740.0,1564.9491882324219,1132.0924472808838,0.6301172375679016,0.6874930262565613,0.6113082766532898,0.7861753106117249,2.93359375,2.8745880126953125,Fixation,1583.2446618982262,1124.080546868814,144.0,11.0,True,16,word,walking,5.0
1744.0,1563.9628601074219,1155.5679988861084,0.6308830976486206,0.6928054094314575,0.6109229922294617,0.8024777770042419,2.93994140625,2.8459930419921875,Fixation,1583.2446618982262,1124.080546868814,144.0,11.0,True,16,word,walking,5.0
1748.0,1573.6106872558594,1124.0361213684082,0.6212590336799622,0.6820055842399597,0.6146916747093201,0.7805806398391724,2.953155517578125,2.8891754150390625,Fixation,1583.2446618982262,1124.080546868814,144.0,11.0,True,16,word,walking,5.0
1752.0,1560.389404296875,1074.1611099243164,0.5987983345985413,0.6626150608062744,0.6095271110534668,0.7459452152252197,2.9109039306640625,2.8577117919921875,Fixation,1583.2446618982262,1124.080546868814,144.0,11.0,True,16,word,walking,5.0
1756.0,1534.9153137207031,1000.0999546051025,0.5892863273620605,0.6442539691925049,0.5995762944221497,0.6945138573646545,2.91131591796875,2.855941772460937,Saccade,,,,0.0,False,17,,,
1760.0,1489.6028137207031,939.8412322998047,0.5843441486358643,0.6165431141853333,0.5818760991096497,0.6526675224304199,2.9332275390625,2.8721160888671875,Saccade,,,,0.0,False,17,,,
1764.0,1479.4366455078125,927.9793453216553,0.583571195602417,0.5883986949920654,0.5779049396514893,0.6444301009178162,2.9380035400390625,2.7635498046875,Saccade,,,,0.0,False,17,,,
1768.0,1484.4679260253906,866.1951541900635,0.5669412612915039,0.6013940572738647,0.5798702836036682,0.6015244126319885,2.916015625,2.84393310546875,Saccade,,,,0.0,False,17,,,
1772.0,1486.6940307617188,805.7332706451416,0.5692887902259827,0.5345355868339539,0.5807398557662964,0.5595369935035706,2.960723876953125,2.7978057861328125,Saccade,,,,0.0,False,17,,,
1776.0,1482.7601623535156,722.4635124206543,0.5700387358665466,0.5552871227264404,0.579203188419342,0.5017107725143433,2.9105377197265625,2.8221893310546875,Saccade,,,,0.0,False,17,,,
1780.0,1450.3312683105469,847.6014804840088,0.570155918598175,0.5434099435806274,0.5665356516838074,0.5886121392250061,2.89013671875,2.850799560546875,Saccade,,,,0.0,False,17,,,
1784.0,1457.431640625,821.5429401397705,0.5803589224815369,0.5427989363670349,0.5693092346191406,0.5705159306526184,2.972747802734375,2.855377197265625,Saccade,,,,0.0,False,17,,,
1788.0,1472.8018188476562,809.2843437194824,0.5700584053993225,0.5382978916168213,0.5753132104873657,0.5620030164718628,2.930908203125,2.81951904296875,Saccade,,,,0.0,False,17,,,
1792.0,1465.4365539550781,867.497034072876,0.5747909545898438,0.542197585105896,0.5724361538887024,0.6024284958839417,2.970001220703125,2.8193511962890625,Saccade,,,,0.0,False,17,,,
1796.0,1467.2732543945312,893.5435581207275,0.5671957731246948,0.5493136644363403,0.5731536149978638,0.6205163598060608,2.924591064453125,2.8144683837890625,Saccade,,,,0.0,False,17,,,
1800.0,1456.4334106445312,910.1798629760742,0.5740112066268921,0.5446431040763855,0.56891930103302,0.6320693492889404,2.983993530273437,2.811996459960937,Saccade,,,,0.0,False,17,,,
1804.0,1453.4245300292969,863.230390548706,0.578105628490448,0.5265920758247375,0.5677439570426941,0.599465548992157,2.986297607421875,2.7806549072265625,Saccade,,,,0.0,False,17,,,
1808.0,1456.6691589355469,851.9149017333984,0.5780324339866638,0.5320503115653992,0.569011390209198,0.5916075706481934,2.96466064453125,2.821395874023437,Saccade,,,,0.0,False,17,,,
1812.0,1454.1902160644531,884.6471214294434,0.5785498023033142,0.5406065583229065,0.568043053150177,0.6143382787704468,2.9621124267578125,2.8082427978515625,Saccade,,,,0.0,False,17,,,
1816.0,1434.2543029785156,886.8012142181396,0.5787267088890076,0.5413739085197449,0.5602555871009827,0.6158341765403748,2.963165283203125,2.826568603515625,Saccade,,,,0.0,False,17,,,
1820.0,1445.6329345703125,869.1304779052734,0.5793808698654175,0.5351937413215637,0.5647003650665283,0.6035628318786621,2.972625732421875,2.80780029296875,Saccade,,,,0.0,False,17,,,
1824.0,1457.2627258300781,873.7228488922119,0.5760467648506165,0.5628580451011658,0.5692432522773743,0.6067519783973694,2.913330078125,2.7840728759765625,Saccade,,,,0.0,False,17,,,
1828.0,1421.8730163574219,881.8136787414551,0.5778823494911194,0.5307292342185974,0.5554191470146179,0.6123706102371216,2.92535400390625,2.8070220947265625,Fixation,1436.5621687726277,885.845439259599,160.0,12.0,True,18,image,,9.0
1832.0,1444.3656921386719,868.7575435638428,0.5810589790344238,0.5329447984695435,0.5642053484916687,0.603303849697113,2.962005615234375,2.8097686767578125,Fixation,1436.5621687726277,885.845439259599,160.0,12.0,True,18,image,,9.0
1836.0,1434.4850158691406,877.7832412719727,0.571249783039093,0.5433658361434937,0.5603457093238831,0.6095716953277588,2.915512084960937,2.7941436767578125,Fixation,1436.5621687726277,885.845439259599,160.0,12.0,True,18,image,,9.0
1840.0,1435.8216857910156,842.4427127838135,0.5823180675506592,0.530807375907898,0.5608678460121155,0.585029661655426,2.9922027587890625,2.7990264892578125,Fixation,1436.5621687726277,885.845439259599,160.0,12.0,True,18,image,,9.0
1844.0,1445.6169128417969,866.6959762573242,0.5781780481338501,0.5280630588531494,0.5646941065788269,0.6018722057342529,2.944564819335937,2.831512451171875,Fixation,1436.5621687726277,885.845439259599,160.0,12.0,True,18,image,,9.0
1848.0,1430.4782104492188,868.1516647338867,0.577943742275238,0.5651484131813049,0.5587805509567261,0.6028831005096436,2.9628448486328125,2.79254150390625,Fixation,1436.5621687726277,885.845439259599,160.0,12.0,True,18,image,,9.0
1852.0,1438.7373352050781,861.9152069091797,0.567767858505249,0.5558559894561768,0.5620067715644836,0.5985522270202637,2.932098388671875,2.7648468017578125,Fixation,1436.5621687726277,885.845439259599,160.0,12.0,True,18,image,,9.0
1856.0,1438.13232421875,865.0178146362305,0.5762780904769897,0.5439482927322388,0.5617704391479492,0.6007068157196045,2.946746826171875,2.822265625,Fixation,1436.5621687726277,885.845439259599,160.0,12.0,True,18,image,,9.0
1860.0,1418.6347961425781,874.2920780181885,0.5775884389877319,0.5365099310874939,0.5541542172431946,0.6071472764015198,2.9300537109375,2.786605834960937,Fixation,1436.5621687726277,885.845439259599,160.0,12.0,True,18,image,,9.0
1864.0,1445.9532165527344,865.7727813720703,0.5730661153793335,0.5426111817359924,0.5648254752159119,0.6012310981750488,2.93780517578125,2.7729949951171875,Fixation,1436.5621687726277,885.845439259599,160.0,12.0,True,18,image,,9.0
1868.0,1425.1406860351562,866.3483619689941,0.5768211483955383,0.5459475517272949,0.5566955804824829,0.6016308069229126,2.925445556640625,2.765365600585937,Fixation,1436.5621687726277,885.845439259599,160.0,12.0,True,18,image,,9.0
1872.0,1428.8789367675781,886.1734485626221,0.579543948173523,0.539073646068573,0.5581558346748352,0.6153982281684875,2.92999267578125,2.806732177734375,Fixation,1436.5621687726277,885.845439259599,160.0,12.0,True,18,image,,9.0
1876.0,1441.6958618164062,875.6888008117676,0.578923761844635,0.5556723475456238,0.5631624460220337,0.6081172227859497,2.9561309814453125,2.790390014648437,Fixation,1436.5621687726277,885.845439259599,160.0,12.0,True,18,image,,9.0
1880.0,1433.1694030761719,867.2283840179443,0.5770907998085022,0.5722402930259705,0.5598317980766296,0.6022419333457947,2.952911376953125,2.771575927734375,Fixation,1436.5621687726277,885.845439259599,160.0,12.0,True,18,image,,9.0
1884.0,1430.0619506835938,897.4091148376465,0.5756163001060486,0.5591346621513367,0.5586179494857788,0.6232007741928101,2.95111083984375,2.76776123046875,Fixation,1436.5621687726277,885.845439259599,160.0,12.0,True,18,image,,9.0
1888.0,1425.6851196289062,866.8362236022949,0.5772311091423035,0.5383993983268738,0.5569082498550415,0.6019695997238159,2.9319305419921875,2.7528839111328125,Fixation,1436.5621687726277,885.845439259599,160.0,12.0,True,18,image,,9.0
1892.0,1422.1946716308594,882.5110530853271,0.5726829171180725,0.5690559148788452,0.5555447936058044,0.6128548979759216,2.891143798828125,2.759140014648437,Fixation,1436.5621687726277,885.845439259599,160.0,12.0,True,18,image,,9.0
1896.0,1421.1233520507812,908.2814598083496,0.5710419416427612,0.572014331817627,0.5551263093948364,0.6307510137557983,2.9113311767578125,2.813201904296875,Fixation,1436.5621687726277,885.845439259599,160.0,12.0,True,18,image,,9.0
1900.0,1428.292236328125,869.4259929656982,0.5688658356666565,0.5613093972206116,0.5579266548156738,0.6037680506706238,2.9222564697265625,2.749618530273437,Fixation,1436.5621687726277,885.845439259599,160.0,12.0,True,18,image,,9.0
1904.0,1419.9159240722656,867.236795425415,0.5733551383018494,0.5627033710479736,0.5546546578407288,0.6022477746009827,2.91851806640625,2.743392944335937,Fixation,1436.5621687726277,885.845439259599,160.0,12.0,True,18,image,,9.0
1908.0,1423.9378356933594,890.7212734222412,0.5714285969734192,0.5597202181816101,0.5562257170677185,0.6185564398765564,2.9318389892578125,2.750030517578125,Fixation,1436.5621687726277,885.845439259599,160.0,12.0,True,18,image,,9.0
1912.0,1407.3585510253906,923.5458469390869,0.5773575901985168,0.555408239364624,0.5497494339942932,0.6413512825965881,2.93817138671875,2.811752319335937,Fixation,1436.5621687726277,885.845439259599,160.0,12.0,True,18,image,,9.0
1916.0,1424.3009948730469,893.2788562774658,0.5704730153083801,0.5782389640808105,0.5563675761222839,0.6203325390815735,2.916595458984375,2.8035125732421875,Fixation,1436.5621687726277,885.845439259599,160.0,12.0,True,18,image,,9.0
1920.0,1425.152587890625,895.2670383453369,0.5770520567893982,0.5432074666023254,0.5567002296447754,0.6217132210731506,2.949493408203125,2.7682342529296875,Fixation,1436.5621687726277,885.845439259599,160.0,12.0,True,18,image,,9.0
1924.0,1430.8714294433594,864.0477561950684,0.5703030824661255,0.570867657661438,0.5589341521263123,0.600033164024353,2.9310760498046875,2.726791381835937,Fixation,1436.5621687726277,885.845439259599,160.0,12.0,True,18,image,,9.0
1928.0,1434.429931640625,888.0909061431885,0.5717636942863464,0.5753958821296692,0.5603241920471191,0.6167297959327698,2.942123413085937,2.7577362060546875,Fixation,1436.5621687726277,885.845439259599,160.0,12.0,True,18,image,,9.0
1932.0,1445.8390808105469,898.0476093292236,0.5717379450798035,0.555844247341156,0.5647808909416199,0.6236441731452942,2.916488647460937,2.7774810791015625,Fixation,1436.5621687726277,885.845439259599,160.0,12.0,True,18,image,,9.0
1936.0,1446.6960144042969,894.3654727935791,0.5747963190078735,0.5685637593269348,0.5651156306266785,0.6210871338844299,2.947967529296875,2.7591094970703125,Fixation,1436.5621687726277,885.845439259599,160.0,12.0,True,18,image,,9.0
1940.0,1444.5724487304688,912.2027206420898,0.5664251446723938,0.5668434500694275,0.5642861127853394,0.6334741115570068,2.8946990966796875,2.774276733398437,Fixation,1436.5621687726277,885.845439259599,160.0,12.0,True,18,image,,9.0
1944.0,1456.6635131835938,889.3474674224854,0.5744907855987549,0.5534796714782715,0.5690091848373413,0.6176024079322815,2.8980712890625,2.7283935546875,Fixation,1436.5621687726277,885.845439259599,160.0,12.0,True,18,image,,9.0
1948.0,1457.7749633789062,893.3567905426025,0.5708473324775696,0.5764006972312927,0.5694433450698853,0.6203866600990295,2.8884429931640625,2.778778076171875,Fixation,1436.5621687726277,885.845439259599,160.0,12.0,True,18,image,,9.0
1952.0,1473.5752868652344,901.3003349304199,0.5726689100265503,0.5678198337554932,0.5756153464317322,0.6259030103683472,2.917938232421875,2.7809600830078125,Fixation,1436.5621687726277,885.845439259599,160.0,12.0,True,18,image,,9.0
1956.0,1469.4058227539062,902.2673034667969,0.5713175535202026,0.5714921355247498,0.5739866495132446,0.6265745162963867,2.9002227783203125,2.7703399658203125,Fixation,1436.5621687726277,885.845439259599,160.0,12.0,True,18,image,,9.0
1960.0,1450.7382202148438,921.1292839050293,0.5645685791969299,0.5695065855979919,0.5666946172714233,0.639673113822937,2.881195068359375,2.801010131835937,Fixation,1436.5621687726277,885.845439259599,160.0,12.0,True,18,image,,9.0
1964.0,1454.6017456054688,905.0603199005127,0.5737332105636597,0.5616639256477356,0.5682038068771362,0.6285141110420227,2.91607666015625,2.791976928710937,Fixation,1436.5621687726277,885.845439259599,160.0,12.0,True,18,image,,9.0
1968.0,1459.6612548828125,908.9971160888672,0.5733969807624817,0.5622129440307617,0.5701801776885986,0.6312479972839355,2.9245758056640625,2.75946044921875,Fixation,1436.5621687726277,885.845439259599,160.0,12.0,True,18,image,,9.0
1972.0,1452.783203125,898.2065677642822,0.5685883164405823,0.5678654909133911,0.5674934387207031,0.6237545609474182,2.9007568359375,2.76934814453125,Fixation,1436.5621687726277,885.845439259599,160.0,12.0,True,18,image,,9.0
1976.0,1440.0367736816406,892.7419853210449,0.572929859161377,0.5669387578964233,0.5625143647193909,0.6199597120285034,2.912338256835937,2.74359130859375,Fixation,1436.5621687726277,885.845439259599,160.0,12.0,True,18,image,,9.0
1980.0,1430.1181030273438,883.4054088592529,0.5748492479324341,0.56573486328125,0.5586398839950562,0.6134759783744812,2.9234771728515625,2.768707275390625,Fixation,1436.5621687726277,885.845439259599,160.0,12.0,True,18,image,,9.0
1984.0,1417.1051025390625,915.4830837249756,0.5726470947265625,0.5633570551872253,0.5535566806793213,0.6357521414756775,2.879913330078125,2.796493530273437,Fixation,1436.5621687726277,885.845439259599,160.0,12.0,True,18,image,,9.0
1988.0,1423.1697082519531,889.0175342559814,0.5722696185112,0.5684357285499573,0.5559256672859192,0.6173732876777649,2.915512084960937,2.7420654296875,Fixation,1436.5621687726277,885.845439259599,160.0,12.0,True,18,image,,9.0
1992.0,1463.8761901855469,940.8996963500977,0.5727112293243408,0.5828596949577332,0.5718266367912292,0.65340256690979,2.8683624267578125,2.790191650390625,Saccade,,,,0.0,False,19,,,
1996.0,1550.029296875,976.5001201629639,0.5929274559020996,0.6192582249641418,0.6054801940917969,0.6781250834465027,2.91778564453125,2.80389404296875,Saccade,,,,0.0,False,19,,,
2000.0,1591.2411499023438,997.9430294036865,0.6087741851806641,0.6217406392097473,0.621578574180603,0.693015992641449,2.9098052978515625,2.8480987548828125,Saccade,,,,0.0,False,19,,,
2004.0,1640.4472351074219,1019.6718406677246,0.6287997364997864,0.631414532661438,0.6407997012138367,0.7081054449081421,2.9710235595703125,2.839263916015625,Saccade,,,,0.0,False,19,,,
2008.0,1715.5290222167969,1027.5670623779297,0.6601822972297668,0.6388474702835083,0.6701285243034363,0.7135882377624512,2.9485626220703125,2.8459930419921875,Saccade,,,,0.0,False,19,,,
2012.0,1741.0157775878906,1051.816120147705,0.6710013151168823,0.6436975598335266,0.6800842881202698,0.7304278612136841,2.941024780273437,2.8482666015625,Saccade,,,,0.0,False,19,,,
2016.0,1776.9441223144531,1059.8106479644775,0.6833193302154541,0.653530478477478,0.6941187977790833,0.7359796166419983,2.950302124023437,2.82257080078125,Saccade,,,,0.0,False,19,,,
2020.0,1820.8308410644531,1089.3818950653076,0.7066918611526489,0.6813556551933289,0.711262047290802,0.7565152049064636,2.960296630859375,2.863800048828125,Fixation,1841.0690190241887,1088.8363106434163,204.0,13.0,True,20,word,a,7.0
2024.0,1846.9207763671875,1111.2734413146973,0.7196141481399536,0.697858989238739,0.7214534282684326,0.7717176675796509,2.966537475585937,2.8459014892578125,Fixation,1841.0690190241887,1088.8363106434163,204.0,13.0,True,20,word,a,7.0
2028.0,1851.6213989257812,1100.1048946380615,0.7327175140380859,0.7034382224082947,0.7232896089553833,0.7639617323875427,3.000579833984375,2.8389434814453125,Fixation,1841.0690190241887,1088.8363106434163,204.0,13.0,True,20,word,a,7.0
2032.0,1821.6911315917969,1105.763282775879,0.7296693921089172,0.7078317403793335,0.7115980982780457,0.7678911685943604,2.9769744873046875,2.8512420654296875,Fixation,1841.0690190241887,1088.8363106434163,204.0,13.0,True,20,word,a,7.0
2036.0,1797.1218872070312,1091.0053825378418,0.7259988784790039,0.6910291314125061,0.7020007371902466,0.7576426267623901,3.0080108642578125,2.883773803710937,Fixation,1841.0690190241887,1088.8363106434163,204.0,13.0,True,20,word,a,7.0
2040.0,1836.976318359375,1073.9433574676514,0.7291289567947388,0.6914072632789612,0.7175688743591309,0.7457939982414246,3.010986328125,2.8509521484375,Fixation,1841.0690190241887,1088.8363106434163,204.0,13.0,True,20,word,a,7.0
2044.0,1823.6622619628906,1084.1851043701172,0.7305658459663391,0.7104972004890442,0.7123680710792542,0.752906322479248,2.981842041015625,2.838897705078125,Fixation,1841.0690190241887,1088.8363106434163,204.0,13.0,True,20,word,a,7.0
2048.0,1859.3301391601562,1066.127529144287,0.7377899885177612,0.695351243019104,0.726300835609436,0.7403663396835327,2.9703369140625,2.823715209960937,Fixation,1841.0690190241887,1088.8363106434163,204.0,13.0,True,20,word,a,7.0
2052.0,1851.2043762207031,1071.4219093322754,0.7363449931144714,0.6968724727630615,0.7231267094612122,0.7440429925918579,3.0064849853515625,2.8684844970703125,Fixation,1841.0690190241887,1088.8363106434163,204.0,13.0,True,20,word,a,7.0
2056.0,1844.7811889648438,1088.4415340423584,0.736615002155304,0.7089263200759888,0.7206176519393921,0.7558621764183044,2.9759979248046875,2.851593017578125,Fixation,1841.0690190241887,1088.8363106434163,204.0,13.0,True,20,word,a,7.0
2060.0,1853.6798095703125,1063.5771560668945,0.735346257686615,0.6963503360748291,0.7240936756134033,0.7385952472686768,3.0153350830078125,2.887802124023437,Fixation,1841.0690190241887,1088.8363106434163,204.0,13.0,True,20,word,a,7.0
2064.0,1845.8479309082031,1071.0465717315674,0.7390878796577454,0.7087786197662354,0.7210343480110168,0.7437823414802551,2.9718017578125,2.88421630859375,Fixation,1841.0690190241887,1088.8363106434163,204.0,13.0,True,20,word,a,7.0
2068.0,1848.4713745117188,1081.0844707489014,0.7372892498970032,0.7087647914886475,0.7220591306686401,0.7507531046867371,2.9808349609375,2.83807373046875,Fixation,1841.0690190241887,1088.8363106434163,204.0,13.0,True,20,word,a,7.0
2072.0,1832.6289367675781,1077.2894668579102,0.7416971921920776,0.6851822733879089,0.7158706784248352,0.7481176853179932,3.0516815185546875,2.8797607421875,Fixation,1841.0690190241887,1088.8363106434163,204.0,13.0,True,20,word,a,7.0
2076.0,1843.9555358886719,1084.6421527862549,0.7349939346313477,0.6839051246643066,0.7202951312065125,0.753223717212677,3.05291748046875,2.8525390625,Fixation,1841.0690190241887,1088.8363106434163,204.0,13.0,True,20,word,a,7.0
2080.0,1834.8727416992188,1075.3486633300781,0.7370908856391907,0.6946552991867065,0.7167471647262573,0.746769905090332,3.012176513671875,2.8716583251953125,Fixation,1841.0690190241887,1088.8363106434163,204.0,13.0,True,20,word,a,7.0
2084.0,1827.188720703125,1084.593744277954,0.735292911529541,0.6804819107055664,0.7137455940246582,0.7531901001930237,3.024444580078125,2.8476715087890625,Fixation,1841.0690190241887,1088.8363106434163,204.0,13.0,True,20,word,a,7.0
2088.0,1834.6084594726562,1092.6340198516846,0.736720860004425,0.7091458439826965,0.7166439294815063,0.7587736248970032,2.972564697265625,2.835556030273437,Fixation,1841.0690190241887,1088.8363106434163,204.0,13.0,True,20,word,a,7.0
2092.0,1817.835693359375,1067.8232860565186,0.7281961441040039,0.710205078125,0.7100920677185059,0.7415439486503601,3.012298583984375,2.867462158203125,Fixation,1841.0690190241887,1088.8363106434163,204.0,13.0,True,20,word,a,7.0
2096.0,1833.3670043945312,1076.6049671173096,0.7454901933670044,0.6761407852172852,0.7161589860916138,0.7476423382759094,3.0144195556640625,2.84381103515625,Fixation,1841.0690190241887,1088.8363106434163,204.0,13.0,True,20,word,a,7.0
2100.0,1826.8063354492188,1092.6056957244873,0.7389282584190369,0.6951366066932678,0.7135962247848511,0.7587539553642273,3.0149688720703125,2.84136962890625,Fixation,1841.0690190241887,1088.8363106434163,204.0,13.0,True,20,word,a,7.0
2104.0,1807.178955078125,1104.8459243774414,0.7357147932052612,0.6765316128730774,0.7059292793273926,0.767254114151001,3.02520751953125,2.84088134765625,Fixation,1841.0690190241887,1088.8363106434163,204.0,13.0,True,20,word,a,7.0
2108.0,1820.0381469726562,1094.0453338623047,0.736076295375824,0.6953154802322388,0.7109524011611938,0.7597537040710449,3.002426147460937,2.859649658203125,Fixation,1841.0690190241887,1088.8363106434163,204.0,13.0,True,20,word,a,7.0
2112.0,1834.0472412109375,1106.037425994873,0.7376872897148132,0.7016798853874207,0.7164247035980225,0.768081545829773,3.0134429931640625,2.849456787109375,Fixation,1841.0690190241887,1088.8363106434163,204.0,13.0,True,20,word,a,7.0
2116.0,1824.6284484863281,1108.972406387329,0.7359595894813538,0.6884967088699341,0.7127454876899719,0.7701197266578674,3.000839233398437,2.8435821533203125,Fixation,1841.0690190241887,1088.8363106434163,204.0,13.0,True,20,word,a,7.0
2120.0,1834.110107421875,1101.3937282562256,0.7346475124359131,0.6962987780570984,0.7164492607116699,0.76485675573349,2.99676513671875,2.8358154296875,Fixation,1841.0690190241887,1088.8363106434163,204.0,13.0,True,20,word,a,7.0
2124.0,1844.443359375,1099.566307067871,0.7348208427429199,0.705609142780304,0.7204856872558594,0.7635877132415771,2.9939117431640625,2.82940673828125,Fixation,1841.0690190241887,1088.8363106434163,204.0,13.0,True,20,word,a,7.0
2128.0,1830.8749389648438,1106.601848602295,0.7366201281547546,0.6955032348632812,0.7151855230331421,0.7684735059738159,3.00457763671875,2.8520660400390625,Fixation,1841.0690190241887,1088.8363106434163,204.0,13.0,True,20,word,a,7.0
2132.0,1836.4772033691406,1108.0454349517822,0.7341480851173401,0.7136050462722778,0.7173739075660706,0.7694759964942932,2.9813690185546875,2.848052978515625,Fixation,1841.0690190241887,1088.8363106434163,204.0,13.0,True,20,word,a,7.0
2136.0,1829.0794372558594,1110.42311668396,0.7358821034431458,0.6877363920211792,0.7144841551780701,0.7711271643638611,3.0139312744140625,2.8564453125,Fixation,1841.0690190241887,1088.8363106434163,204.0,13.0,True,20,word,a,7.0
2140.0,1853.9996337890625,1093.7541103363037,0.7331812381744385,0.6942093968391418,0.7242186069488525,0.759551465511322,3.01300048828125,2.8241729736328125,Fixation,1841.0690190241887,1088.8363106434163,204.0,13.0,True,20,word,a,7.0
2144.0,1837.1749877929688,1104.4675827026367,0.7350005507469177,0.7082297801971436,0.7176464796066284,0.766991376876831,2.9849395751953125,2.8595733642578125,Fixation,1841.0690190241887,1088.8363106434163,204.0,13.0,True,20,word,a,7.0
2148.0,1825.963134765625,1118.4209060668945,0.7323011755943298,0.6970182061195374,0.7132668495178223,0.7766811847686768,3.0203857421875,2.8732452392578125,Fixation,1841.0690190241887,1088.8363106434163,204.0,13.0,True,20,word,a,7.0
2152.0,1841.6621398925781,1101.6616916656494,0.7299511432647705,0.7014296054840088,0.7193992733955383,0.7650428414344788,2.9907684326171875,2.8665771484375,Fixation,1841.0690190241887,1088.8363106434163,204.0,13.0,True,20,word,a,7.0
2156.0,1846.031494140625,1103.210163116455,0.7345311045646667,0.7061903476715088,0.7211060523986816,0.7661181688308716,2.9707489013671875,2.849273681640625,Fixation,1841.0690190241887,1088.8363106434163,204.0,13.0,True,20,word,a,7.0
2160.0,1843.980712890625,1095.8658027648926,0.7325136065483093,0.6790918707847595,0.7203049659729004,0.761017918586731,3.0404510498046875,2.845184326171875,Fixation,1841.0690190241887,1088.8363106434163,204.0,13.0,True,20,word,a,7.0
2164.0,1846.2863159179688,1102.0250129699707,0.7346569299697876,0.7092946767807007,0.7212055921554565,0.765295147895813,2.9667205810546875,2.858627319335937,Fixation,1841.0690190241887,1088.8363106434163,204.0,13.0,True,20,word,a,7.0
2168.0,1850.1106262207031,1098.468189239502,0.735468327999115,0.671917736530304,0.7226994633674622,0.7628251314163208,3.048828125,2.8258819580078125,Fixation,1841.0690190241887,1088.8363106434163,204.0,13.0,True,20,word,a,7.0
2172.0,1848.0343627929688,1096.9802284240723,0.7339428663253784,0.6990102529525757,0.7218884229660034,0.7617918252944946,2.98284912109375,2.85919189453125,Fixation,1841.0690190241887,1088.8363106434163,204.0,13.0,True,20,word,a,7.0
2176.0,1847.8250122070312,1110.2451038360596,0.7347754240036011,0.7123254537582397,0.7218066453933716,0.7710035443305969,2.9687042236328125,2.85943603515625,Fixation,1841.0690190241887,1088.8363106434163,204.0,13.0,True,20,word,a,7.0
2180.0,1857.4923706054688,1082.2347736358643,0.730509340763092,0.7173850536346436,0.7255829572677612,0.7515519261360168,2.976913452148437,2.858978271484375,Fixation,1841.0690190241887,1088.8363106434163,204.0,13.0,True,20,word,a,7.0
2184.0,1862.1096801757812,1085.035171508789,0.7302166223526001,0.6966116428375244,0.7273865938186646,0.7534966468811035,2.990097045898437,2.8536376953125,Fixation,1841.0690190241887,1088.8363106434163,204.0,13.0,True,20,word,a,7.0
2188.0,1878.5321044921875,1067.9284286499023,0.728190004825592,0.709729790687561,0.7338016033172607,0.74161696434021,3.0107574462890625,2.823715209960937,Fixation,1841.0690190241887,1088.8363106434163,204.0,13.0,True,20,word,a,7.0
2192.0,1850.9042358398438,1084.711332321167,0.7354996800422668,0.7035744786262512,0.723009467124939,0.753271758556366,2.9862823486328125,2.852325439453125,Fixation,1841.0690190241887,1088.8363106434163,204.0,13.0,True,20,word,a,7.0
2196.0,1864.6615600585938,1077.5783729553223,0.7384322881698608,0.7066450715065002,0.7283834218978882,0.7483183145523071,2.9519195556640625,2.843124389648437,Fixation,1841.0690190241887,1088.8363106434163,204.0,13.0,True,20,word,a,7.0
2200.0,1848.8632202148438,1067.5392723083496,0.7361845970153809,0.7007096409797668,0.7222121953964233,0.7413467168807983,2.9842987060546875,2.883636474609375,Fixation,1841.0690190241887,1088.8363106434163,204.0,13.0,True,20,word,a,7.0
2204.0,1849.3157958984375,1071.25093460083,0.736769437789917,0.6922315359115601,0.7223889827728271,0.7439242601394653,2.97894287109375,2.84405517578125,Fixation,1841.0690190241887,1088.8363106434163,204.0,13.0,True,20,word,a,7.0
2208.0,1868.5441589355469,1061.0303020477295,0.7327277064323425,0.6958301663398743,0.729900062084198,0.7368265986442566,3.023712158203125,2.8286895751953125,Fixation,1841.0690190241887,1088.8363106434163,204.0,13.0,True,20,word,a,7.0
2212.0,1847.2586059570312,1075.044994354248,0.7392654418945312,0.6936584115028381,0.7215853929519653,0.7465590238571167,3.0275421142578125,2.827743530273437,Fixation,1841.0690190241887,1088.8363106434163,204.0,13.0,True,20,word,a,7.0
2216.0,1843.3052062988281,1073.5119724273682,0.7288237810134888,0.710584282875061,0.7200410962104797,0.7454944252967834,2.9843292236328125,2.85467529296875,Fixation,1841.0690190241887,1088.8363106434163,204.0,13.0,True,20,word,a,7.0
2220.0,1851.9816589355469,1075.4452228546143,0.7320544719696045,0.7049166560173035,0.723430335521698,0.7468369603157043,3.0126190185546875,2.8439178466796875,Fixation,1841.0690190241887,1088.8363106434163,204.0,13.0,True,20,word,a,7.0
2224.0,1857.2712707519531,1084.2485332489014,0.741585373878479,0.6984001398086548,0.7254965901374817,0.7529503703117371,3.00494384765625,2.84454345703125,Fixation,1841.0690190241887,1088.8363106434163,204.0,13.0,True,20,word,a,7.0
2228.0,1896.1538696289062,1080.5104351043701,0.7446805238723755,0.7201333045959473,0.7406851053237915,0.7503544688224792,2.9563751220703125,2.864837646484375,Fixation,1881.9408772786458,1110.1477947235107,116.0,14.0,True,21,word,train,8.0
2232.0,1903.9163208007812,1094.6166229248047,0.7567979097366333,0.7150704860687256,0.7437173128128052,0.7601504325866699,2.983749389648437,2.8481597900390625,Fixation,1881.9408772786458,1110.1477947235107,116.0,14.0,True,21,word,train,8.0
2236.0,1874.4454956054688,1097.490577697754,0.7516862750053406,0.7168900966644287,0.7322052717208862,0.7621462345123291,2.979949951171875,2.85821533203125,Fixation,1881.9408772786458,1110.1477947235107,116.0,14.0,True,21,word,train,8.0
2240.0,1868.7271118164062,1087.3009300231934,0.7554506659507751,0.7169899344444275,0.7299715280532837,0.7550700902938843,3.049179077148437,2.8527984619140625,Fixation,1881.9408772786458,1110.1477947235107,116.0,14.0,True,21,word,train,8.0
2244.0,1878.6235046386719,1096.5976810455322,0.7520752549171448,0.7074328660964966,0.7338373064994812,0.7615261673927307,3.01727294921875,2.833847045898437,Fixation,1881.9408772786458,1110.1477947235107,116.0,14.0,True,21,word,train,8.0
2248.0,1876.478271484375,1097.4789905548096,0.7506209015846252,0.7021691799163818,0.732999324798584,0.7621381878852844,3.01324462890625,2.880035400390625,Fixation,1881.9408772786458,1110.1477947235107,116.0,14.0,True,21,word,train,8.0
2252.0,1876.5882873535156,1105.1265907287598,0.7528591156005859,0.6972455978393555,0.733042299747467,0.7674490213394165,3.0234527587890625,2.86376953125,Fixation,1881.9408772786458,1110.1477947235107,116.0,14.0,True,21,word,train,8.0
2256.0,1885.2151489257812,1103.263807296753,0.7491529583930969,0.718885600566864,0.7364121675491333,0.7661554217338562,2.98760986328125,2.870468139648437,Fixation,1881.9408772786458,1110.1477947235107,116.0,14.0,True,21,word,train,8.0
2260.0,1887.8872680664062,1103.3541870117188,0.7524601817131042,0.7186428904533386,0.7374559640884399,0.7662181854248047,2.977264404296875,2.868270874023437,Fixation,1881.9408772786458,1110.1477947235107,116.0,14.0,True,21,word,train,8.0
2264.0,1895.3607177734375,1107.4907112121582,0.7554287910461426,0.7228973507881165,0.740375280380249,0.7690907716751099,3.0050048828125,2.8748016357421875,Fixation,1881.9408772786458,1110.1477947235107,116.0,14.0,True,21,word,train,8.0
2268.0,1877.3432922363281,1118.9763164520264,0.7517016530036926,0.7385052442550659,0.7333372235298157,0.7770668864250183,2.9708709716796875,2.871810913085937,Fixation,1881.9408772786458,1110.1477947235107,116.0,14.0,True,21,word,train,8.0
2272.0,1877.4433898925781,1110.5420780181885,0.7512956261634827,0.7141839861869812,0.7333763241767883,0.7712097764015198,2.983856201171875,2.87060546875,Fixation,1881.9408772786458,1110.1477947235107,116.0,14.0,True,21,word,train,8.0
2276.0,1885.6562805175781,1102.7327728271484,0.7528900504112244,0.7159446477890015,0.736584484577179,0.7657866477966309,3.03009033203125,2.854949951171875,Fixation,1881.9408772786458,1110.1477947235107,116.0,14.0,True,21,word,train,8.0
2280.0,1878.3110046386719,1122.546787261963,0.7509370446205139,0.7228405475616455,0.7337152361869812,0.7795463800430298,3.00518798828125,2.854232788085937,Fixation,1881.9408772786458,1110.1477947235107,116.0,14.0,True,21,word,train,8.0
2284.0,1893.4657287597656,1103.8677978515625,0.7481679320335388,0.7201055884361267,0.7396350502967834,0.7665748596191406,2.981201171875,2.8428497314453125,Fixation,1881.9408772786458,1110.1477947235107,116.0,14.0,True,21,word,train,8.0
2288.0,1876.3218688964844,1121.790189743042,0.7536588907241821,0.6938749551773071,0.7329382300376892,0.7790209650993347,3.016510009765625,2.83648681640625,Fixation,1881.9408772786458,1110.1477947235107,116.0,14.0,True,21,word,train,8.0
2292.0,1890.6918334960938,1108.3178615570068,0.758688747882843,0.7157461643218994,0.7385514974594116,0.7696651816368103,2.9823455810546875,2.8529510498046875,Fixation,1881.9408772786458,1110.1477947235107,116.0,14.0,True,21,word,train,8.0
2296.0,1891.6384887695312,1119.4290733337402,0.7614402770996094,0.6929975152015686,0.7389212846755981,0.7773813009262085,3.0175018310546875,2.8324432373046875,Fixation,1881.9408772786458,1110.1477947235107,116.0,14.0,True,21,word,train,8.0
2300.0,1891.2066650390625,1130.0767993927002,0.7568026781082153,0.7185750007629395,0.7387526035308838,0.7847755551338196,3.00274658203125,2.8355255126953125,Fixation,1881.9408772786458,1110.1477947235107,116.0,14.0,True,21,word,train,8.0
2304.0,1878.3341979980469,1137.4396991729736,0.7533661723136902,0.7124407887458801,0.7337242960929871,0.7898886799812317,3.03155517578125,2.8203125,Fixation,1881.9408772786458,1110.1477947235107,116.0,14.0,True,21,word,train,8.0
2308.0,1876.5827941894531,1118.0960369110107,0.7568008899688721,0.7162696123123169,0.7330401539802551,0.7764555811882019,3.0064239501953125,2.8610382080078125,Fixation,1881.9408772786458,1110.1477947235107,116.0,14.0,True,21,word,train,8.0
2312.0,1891.9279479980469,1113.711633682251,0.753840446472168,0.7143841981887817,0.7390343546867371,0.7734108567237854,2.9837646484375,2.844696044921875,Fixation,1881.9408772786458,1110.1477947235107,116.0,14.0,True,21,word,train,8.0
2316.0,1885.4180908203125,1123.3562564849854,0.7538303136825562,0.7177903056144714,0.7364914417266846,0.7801085114479065,2.96490478515625,2.8595428466796875,Fixation,1881.9408772786458,1110.1477947235107,116.0,14.0,True,21,word,train,8.0
2320.0,1878.4455871582031,1110.1094913482666,0.7563265562057495,0.7100406289100647,0.7337678074836731,0.7709093689918518,3.0064239501953125,2.868621826171875,Fixation,1881.9408772786458,1110.1477947235107,116.0,14.0,True,21,word,train,8.0
2324.0,1894.8234558105469,1120.4748344421387,0.7543448805809021,0.7250478863716125,0.7401654124259949,0.7781075239181519,2.9775848388671875,2.8527374267578125,Fixation,1881.9408772786458,1110.1477947235107,116.0,14.0,True,21,word,train,8.0
2328.0,1876.3587951660156,1119.706392288208,0.7481006383895874,0.7199114561080933,0.7329526543617249,0.7775738835334778,2.9864501953125,2.859130859375,Fixation,1881.9408772786458,1110.1477947235107,116.0,14.0,True,21,word,train,8.0
2332.0,1877.4333190917969,1109.0582370758057,0.7588822841644287,0.7159992456436157,0.7333723902702332,0.7701793313026428,2.980209350585937,2.888046264648437,Fixation,1881.9408772786458,1110.1477947235107,116.0,14.0,True,21,word,train,8.0
2336.0,1875.8146667480469,1110.0271797180176,0.7530155777931213,0.7163269519805908,0.7327401041984558,0.7708522081375122,3.015899658203125,2.873870849609375,Fixation,1881.9408772786458,1110.1477947235107,116.0,14.0,True,21,word,train,8.0
2340.0,1885.5281066894531,1108.4125328063965,0.7421072721481323,0.7243550419807434,0.7365344166755676,0.7697309255599976,2.98828125,2.8668365478515625,Fixation,1881.9408772786458,1110.1477947235107,116.0,14.0,True,21,word,train,8.0
2344.0,1832.0848083496094,1122.531337738037,0.7273006439208984,0.7160605788230896,0.7156581282615662,0.7795356512069702,3.000228881835937,2.9038238525390625,Fixation,1881.9408772786458,1110.1477947235107,116.0,14.0,True,21,word,train,8.0
2348.0,1746.2358093261719,1154.4739151000977,0.7101432085037231,0.7337206602096558,0.6821233630180359,0.80171799659729,2.996826171875,2.8640899658203125,Saccade,,,,0.0,False,22,,,
2352.0,1723.0712890625,1154.1680145263672,0.6775391101837158,0.726751983165741,0.6730747222900391,0.8015055656433105,3.003448486328125,2.874725341796875,Saccade,,,,0.0,False,22,,,
2356.0,1689.1645812988281,1129.2099952697754,0.6754152178764343,0.7114779353141785,0.6598299145698547,0.7841736078262329,2.9722900390625,2.89801025390625,Saccade,,,,0.0,False,22,,,
2360.0,1625.1057434082031,1128.92014503479,0.6545369625091553,0.6996386051177979,0.6348069310188293,0.7839723229408264,3.021881103515625,2.877410888671875,Saccade,,,,0.0,False,22,,,
2364.0,1636.58935546875,1096.9163703918457,0.6458722949028015,0.7040204405784607,0.6392927169799805,0.7617474794387817,2.99591064453125,2.9340362548828125,Fixation,1614.5834794477983,1118.6395090276544,216.0,15.0,True,23,word,walking,5.0
2368.0,1642.80517578125,1106.0643768310547,0.6373252272605896,0.6896809935569763,0.6417207717895508,0.7681002616882324,2.969223022460937,2.8995819091796875,Fixation,1614.5834794477983,1118.6395090276544,216.0,15.0,True,23,word,walking,5.0
2372.0,1652.9252624511719,1103.3595085144043,0.6391202807426453,0.7066758275032043,0.645673930644989,0.7662218809127808,2.9651031494140625,2.8858184814453125,Fixation,1614.5834794477983,1118.6395090276544,216.0,15.0,True,23,word,walking,5.0
2376.0,1650.8889770507812,1108.391933441162,0.6450255513191223,0.6986199021339417,0.6448785066604614,0.7697166204452515,2.978485107421875,2.884384155273437,Fixation,1614.5834794477983,1118.6395090276544,216.0,15.0,True,23,word,walking,5.0
2380.0,1642.1537780761719,1106.5680313110352,0.6373935341835022,0.6971340775489807,0.6414663195610046,0.7684500217437744,2.9935302734375,2.900238037109375,Fixation,1614.5834794477983,1118.6395090276544,216.0,15.0,True,23,word,walking,5.0
2384.0,1638.8677978515625,1117.6605319976807,0.6409993171691895,0.7082609534263611,0.6401827335357666,0.7761531472206116,2.968841552734375,2.863250732421875,Fixation,1614.5834794477983,1118.6395090276544,216.0,15.0,True,23,word,walking,5.0
2388.0,1639.5037841796875,1111.387596130371,0.6505436897277832,0.7040393948554993,0.6404311656951904,0.7717969417572021,2.9556884765625,2.880233764648437,Fixation,1614.5834794477983,1118.6395090276544,216.0,15.0,True,23,word,walking,5.0
2392.0,1621.69677734375,1105.1688194274902,0.6419141888618469,0.7183178067207336,0.6334753036499023,0.767478346824646,2.979949951171875,2.91925048828125,Fixation,1614.5834794477983,1118.6395090276544,216.0,15.0,True,23,word,walking,5.0
2396.0,1622.4447631835938,1098.1273555755615,0.6395077109336853,0.713101863861084,0.6337674856185913,0.7625884413719177,2.979721069335937,2.9266357421875,Fixation,1614.5834794477983,1118.6395090276544,216.0,15.0,True,23,word,walking,5.0
2400.0,1631.2060546875,1095.8679485321045,0.6458941102027893,0.6965903043746948,0.6371898651123047,0.7610194087028503,2.9770050048828125,2.9374542236328125,Fixation,1614.5834794477983,1118.6395090276544,216.0,15.0,True,23,word,walking,5.0
2404.0,1625.3244018554688,1093.7246704101562,0.641891360282898,0.7237947583198547,0.6348923444747925,0.7595310211181641,2.9642333984375,2.8930206298828125,Fixation,1614.5834794477983,1118.6395090276544,216.0,15.0,True,23,word,walking,5.0
2408.0,1630.5809020996094,1111.0035037994385,0.6406669616699219,0.6957327127456665,0.6369456648826599,0.7715302109718323,3.010528564453125,2.9325103759765625,Fixation,1614.5834794477983,1118.6395090276544,216.0,15.0,True,23,word,walking,5.0
2412.0,1622.8556823730469,1093.121452331543,0.6335561275482178,0.7112147212028503,0.6339280009269714,0.7591121196746826,2.969711303710937,2.916366577148437,Fixation,1614.5834794477983,1118.6395090276544,216.0,15.0,True,23,word,walking,5.0
2416.0,1619.2868041992188,1117.124261856079,0.6460351943969727,0.7064111828804016,0.6325339078903198,0.7757807374000549,2.999496459960937,2.857894897460937,Fixation,1614.5834794477983,1118.6395090276544,216.0,15.0,True,23,word,walking,5.0
2420.0,1610.9477233886719,1097.395133972168,0.642840564250946,0.6951817274093628,0.6292764544487,0.7620799541473389,3.0183563232421875,2.898651123046875,Fixation,1614.5834794477983,1118.6395090276544,216.0,15.0,True,23,word,walking,5.0
2424.0,1611.2654113769531,1099.7500705718994,0.6460654735565186,0.6967519521713257,0.6294005513191223,0.7637153267860413,3.0212860107421875,2.90655517578125,Fixation,1614.5834794477983,1118.6395090276544,216.0,15.0,True,23,word,walking,5.0
2428.0,1613.8002014160156,1109.5271301269531,0.6203770637512207,0.6962741613388062,0.6303907036781311,0.7705049514770508,3.055511474609375,2.9023590087890625,Fixation,1614.5834794477983,1118.6395090276544,216.0,15.0,True,23,word,walking,5.0
2432.0,1613.5411071777344,1100.0676441192627,0.644868016242981,0.7010893225669861,0.6302894949913025,0.7639358639717102,3.022445678710937,2.896957397460937,Fixation,1614.5834794477983,1118.6395090276544,216.0,15.0,True,23,word,walking,5.0
2436.0,1602.0718383789062,1111.9104766845703,0.6419247388839722,0.7074209451675415,0.6258093118667603,0.7721600532531738,2.972686767578125,2.908111572265625,Fixation,1614.5834794477983,1118.6395090276544,216.0,15.0,True,23,word,walking,5.0
2440.0,1611.3723754882812,1104.5623397827148,0.6458948254585266,0.7015800476074219,0.6294423341751099,0.7670571804046631,3.022308349609375,2.8975372314453125,Fixation,1614.5834794477983,1118.6395090276544,216.0,15.0,True,23,word,walking,5.0
2444.0,1610.7489013671875,1105.7642269134521,0.646243691444397,0.6890051364898682,0.6291987895965576,0.7678918242454529,2.9998016357421875,2.909942626953125,Fixation,1614.5834794477983,1118.6395090276544,216.0,15.0,True,23,word,walking,5.0
2448.0,1615.1617431640625,1123.089838027954,0.645053505897522,0.7096928358078003,0.6309225559234619,0.7799234986305237,2.965560913085937,2.9113922119140625,Fixation,1614.5834794477983,1118.6395090276544,216.0,15.0,True,23,word,walking,5.0
2452.0,1611.2649536132812,1106.7749691009521,0.6489608883857727,0.6868783235549927,0.629400372505188,0.7685937285423279,3.0027618408203125,2.908966064453125,Fixation,1614.5834794477983,1118.6395090276544,216.0,15.0,True,23,word,walking,5.0
2456.0,1601.2364196777344,1116.934232711792,0.6443349123001099,0.6912195682525635,0.625482976436615,0.7756487727165222,3.0018768310546875,2.8944244384765625,Fixation,1614.5834794477983,1118.6395090276544,216.0,15.0,True,23,word,walking,5.0
2460.0,1604.7709655761719,1127.9236507415771,0.6444236636161804,0.7240414619445801,0.6268636584281921,0.7832803130149841,2.9073486328125,2.8728485107421875,Fixation,1614.5834794477983,1118.6395090276544,216.0,15.0,True,23,word,walking,5.0
2464.0,1608.2026672363281,1119.626226425171,0.6446263790130615,0.6981423497200012,0.6282041668891907,0.7775182127952576,2.992095947265625,2.89874267578125,Fixation,1614.5834794477983,1118.6395090276544,216.0,15.0,True,23,word,walking,5.0
2468.0,1612.9962158203125,1119.7949695587158,0.6452018022537231,0.6933224201202393,0.6300766468048096,0.777635395526886,3.0093536376953125,2.894027709960937,Fixation,1614.5834794477983,1118.6395090276544,216.0,15.0,True,23,word,walking,5.0
2472.0,1602.1064758300781,1115.0226974487305,0.6479785442352295,0.696824312210083,0.6258228421211243,0.7743213176727295,3.013427734375,2.921875,Fixation,1614.5834794477983,1118.6395090276544,216.0,15.0,True,23,word,walking,5.0
2476.0,1601.8569946289062,1147.4382019042969,0.6472925543785095,0.7134783267974854,0.6257253885269165,0.7968320846557617,2.961532592773437,2.8741607666015625,Fixation,1614.5834794477983,1118.6395090276544,216.0,15.0,True,23,word,walking,5.0
2480.0,1609.2526245117188,1132.5565338134766,0.6419664025306702,0.7211321592330933,0.6286143064498901,0.7864975929260254,2.9901580810546875,2.87164306640625,Fixation,1614.5834794477983,1118.6395090276544,216.0,15.0,True,23,word,walking,5.0
2484.0,1595.7301330566406,1148.9877891540527,0.6418681740760803,0.7442335486412048,0.6233320832252502,0.7979081869125366,2.9250946044921875,2.876449584960937,Fixation,1614.5834794477983,1118.6395090276544,216.0,15.0,True,23,word,walking,5.0
2488.0,1602.3704528808594,1128.8375759124756,0.6386958956718445,0.7153263092041016,0.6259259581565857,0.7839149832725525,2.994110107421875,2.9193878173828125,Fixation,1614.5834794477983,1118.6395090276544,216.0,15.0,True,23,word,walking,5.0
2492.0,1592.6606750488281,1150.920181274414,0.6401235461235046,0.7056273818016052,0.6221330761909485,0.7992501258850098,2.99444580078125,2.896728515625,Fixation,1614.5834794477983,1118.6395090276544,216.0,15.0,True,23,word,walking,5.0
2496.0,1605.7113647460938,1146.5549182891846,0.6466770172119141,0.6966729760169983,0.6272310018539429,0.7962186932563782,2.9917144775390625,2.886749267578125,Fixation,1614.5834794477983,1118.6395090276544,216.0,15.0,True,23,word,walking,5.0
2500.0,1608.1489562988281,1147.6558685302734,0.6474396586418152,0.7113428711891174,0.6281831860542297,0.7969832420349121,2.966949462890625,2.915802001953125,Fixation,1614.5834794477983,1118.6395090276544,216.0,15.0,True,23,word,walking,5.0
2504.0,1595.4710388183594,1152.2547626495361,0.64341139793396,0.678048312664032,0.6232308745384216,0.8001769185066223,3.0382843017578125,2.9141845703125,Fixation,1614.5834794477983,1118.6395090276544,216.0,15.0,True,23,word,walking,5.0
2508.0,1603.7014770507812,1129.8185348510742,0.6513689756393433,0.6913720369338989,0.6264458894729614,0.7845962047576904,3.004547119140625,2.9143524169921875,Fixation,1614.5834794477983,1118.6395090276544,216.0,15.0,True,23,word,walking,5.0
2512.0,1610.4745483398438,1136.2729167938232,0.6511669158935547,0.6830282211303711,0.6290916204452515,0.789078414440155,2.989837646484375,2.8887481689453125,Fixation,1614.5834794477983,1118.6395090276544,216.0,15.0,True,23,word,walking,5.0
2516.0,1622.3332214355469,1124.1365432739258,0.6482530236244202,0.6927947998046875,0.6337239146232605,0.7806503772735596,3.0503082275390625,2.8901824951171875,Fixation,1614.5834794477983,1118.6395090276544,216.0,15.0,True,23,word,walking,5.0
2520.0,1608.0778503417969,1129.1211605072021,0.6458802819252014,0.7006252408027649,0.6281554102897644,0.7841119170188904,3.000762939453125,2.890365600585937,Fixation,1614.5834794477983,1118.6395090276544,216.0,15.0,True,23,word,walking,5.0
2524.0,1614.5964050292969,1113.4541416168213,0.6453278064727783,0.6972548365592957,0.6307017207145691,0.7732320427894592,3.046112060546875,2.880615234375,Fixation,1614.5834794477983,1118.6395090276544,216.0,15.0,True,23,word,walking,5.0
2528.0,1604.3986511230469,1114.1005325317383,0.6380575895309448,0.7095518112182617,0.6267182230949402,0.7736809253692627,3.0009918212890625,2.8985748291015625,Fixation,1614.5834794477983,1118.6395090276544,216.0,15.0,True,23,word,walking,5.0
2532.0,1606.3206481933594,1107.3184490203857,0.6431391835212708,0.6977294683456421,0.627469003200531,0.7689711451530457,3.006454467773437,2.8824920654296875,Fixation,1614.5834794477983,1118.6395090276544,216.0,15.0,True,23,word,walking,5.0
2536.0,1611.3369750976562,1104.697265625,0.6432329416275024,0.6993358731269836,0.629428505897522,0.76715087890625,3.0242462158203125,2.888427734375,Fixation,1614.5834794477983,1118.6395090276544,216.0,15.0,True,23,word,walking,5.0
2540.0,1596.6496276855469,1099.7785663604736,0.6431389451026917,0.7022751569747925,0.6236912608146667,0.7637351155281067,3.006088256835937,2.88177490234375,Fixation,1614.5834794477983,1118.6395090276544,216.0,15.0,True,23,word,walking,5.0
2544.0,1591.8215942382812,1127.1691989898682,0.63777095079422,0.7020113468170166,0.6218053102493286,0.7827563881874084,3.0053863525390625,2.8709259033203125,Fixation,1614.5834794477983,1118.6395090276544,216.0,15.0,True,23,word,walking,5.0
2548.0,1594.58740234375,1120.2622318267822,0.6367426514625549,0.712141752243042,0.6228857040405273,0.7779598832130432,2.9916229248046875,2.8736572265625,Fixation,1614.5834794477983,1118.6395090276544,216.0,15.0,True,23,word,walking,5.0
2552.0,1595.7470703125,1116.8563842773438,0.6319275498390198,0.7218517065048218,0.6233386993408203,0.7755947113037109,3.0006866455078125,2.871795654296875,Fixation,1614.5834794477983,1118.6395090276544,216.0,15.0,True,23,word,walking,5.0
2556.0,1607.60986328125,1121.1373615264893,0.634547233581543,0.6994577646255493,0.6279726028442383,0.7785676121711731,2.9853973388671875,2.901275634765625,Fixation,1614.5834794477983,1118.6395090276544,216.0,15.0,True,23,word,walking,5.0
2560.0,1606.6999816894531,1119.3007564544678,0.6320747137069702,0.7221144437789917,0.6276171803474426,0.7772921919822693,2.9597320556640625,2.8894195556640625,Fixation,1614.5834794477983,1118.6395090276544,216.0,15.0,True,23,word,walking,5.0
2564.0,1608.3586120605469,1132.1057510375977,0.6352499127388,0.7074252367019653,0.6282650828361511,0.786184549331665,3.007659912109375,2.8604736328125,Fixation,1614.5834794477983,1118.6395090276544,216.0,15.0,True,23,word,walking,5.0
2568.0,1630.2288818359375,1132.447271347046,0.64017254114151,0.7138020396232605,0.6368081569671631,0.7864217162132263,2.9766998291015625,2.881622314453125,Fixation,1614.5834794477983,1118.6395090276544,216.0,15.0,True,23,word,walking,5.0
2572.0,1621.9142150878906,1140.9243392944336,0.6385071873664856,0.7138006091117859,0.6335602402687073,0.7923085689544678,2.990997314453125,2.88232421875,Fixation,1614.5834794477983,1118.6395090276544,216.0,15.0,True,23,word,walking,5.0
2576.0,1635.4643249511719,1148.2975387573242,0.6396097540855408,0.7043802738189697,0.6388532519340515,0.7974288463592529,3.0439453125,2.869125366210937,Fixation,1614.5834794477983,1118.6395090276544,216.0,15.0,True,23,word,walking,5.0
2580.0,1613.9512634277344,1130.1382541656494,0.6442198157310486,0.6823291182518005,0.6304497122764587,0.7848182320594788,3.048248291015625,2.900421142578125,Fixation,1614.5834794477983,1118.6395090276544,216.0,15.0,True,23,word,walking,5.0
2584.0,1534.0217590332031,1079.3070030212402,0.6066420078277588,0.6874642968177795,0.599227249622345,0.7495187520980835,3.0093536376953125,2.8590545654296875,Saccade,,,,0.0,False,24,,,
2588.0,1530.1741027832031,970.4186725616455,0.5957696437835693,0.6481158137321472,0.5977242588996887,0.6739018559455872,3.0471343994140625,2.9692840576171875,Saccade,,,,0.0,False,24,,,
2592.0,1480.0267028808594,917.3432922363281,0.5749698877334595,0.6014476418495178,0.5781354308128357,0.6370439529418945,3.01361083984375,2.893295288085937,Saccade,,,,0.0,False,24,,,
2596.0,1495.3532409667969,787.6986980438232,0.5630621314048767,0.5591351985931396,0.584122359752655,0.547012984752655,2.999481201171875,2.862884521484375,Saccade,,,,0.0,False,24,,,
2600.0,1434.5326232910156,719.0308427810669,0.5444651246070862,0.5592315196990967,0.560364305973053,0.4993269741535187,2.9447784423828125,2.829254150390625,Saccade,,,,0.0,False,24,,,
2604.0,1388.0157470703125,742.0100784301758,0.5408142805099487,0.5048040151596069,0.5421936511993408,0.5152847766876221,3.0505523681640625,2.8540802001953125,Saccade,,,,0.0,False,24,,,
2608.0,1388.5552978515625,688.3128547668456,0.525865912437439,0.4815419614315033,0.5424044132232666,0.4779950380325317,3.0224761962890625,2.84710693359375,Saccade,,,,0.0,False,24,,,
2612.0,1323.9097595214844,707.8821229934691,0.5222154259681702,0.50713711977005,0.5171522498130798,0.4915848076343536,2.90472412109375,2.853424072265625,Fixation,1339.7716118307674,717.1502015169929,64.0,16.0,True,25,image,,9.0
2616.0,1340.3155517578125,690.7503175735472,0.520584225654602,0.472407579421997,0.5235607624053955,0.4796877205371856,2.9927215576171875,2.8629302978515625,Fixation,1339.7716118307674,717.1502015169929,64.0,16.0,True,25,image,,9.0
2620.0,1348.145751953125,672.6301717758179,0.5218415856361389,0.4425423443317413,0.5266194343566895,0.4671042859554291,3.022216796875,2.8713836669921875,Fixation,1339.7716118307674,717.1502015169929,64.0,16.0,True,25,image,,9.0
2624.0,1359.6775817871094,701.7665147781372,0.5225300192832947,0.4445359706878662,0.5311240553855896,0.4873378574848175,2.979339599609375,2.8898162841796875,Fixation,1339.7716118307674,717.1502015169929,64.0,16.0,True,25,image,,9.0
2628.0,1346.5802001953125,695.4021263122559,0.5228335857391357,0.4412449300289154,0.526007890701294,0.4829181432723999,3.020843505859375,2.8748321533203125,Fixation,1339.7716118307674,717.1502015169929,64.0,16.0,True,25,image,,9.0
2632.0,1361.5988159179688,699.299440383911,0.5167257189750671,0.4377091825008392,0.5318745374679565,0.485624611377716,2.982330322265625,2.876617431640625,Fixation,1339.7716118307674,717.1502015169929,64.0,16.0,True,25,image,,9.0
2636.0,1354.6479797363281,676.4165925979613,0.5226198434829712,0.4427435994148254,0.5291593670845032,0.4697337448596954,2.9973602294921875,2.895965576171875,Fixation,1339.7716118307674,717.1502015169929,64.0,16.0,True,25,image,,9.0
2640.0,1349.7196960449219,686.8674659729003,0.5221714973449707,0.4449260830879211,0.5272342562675476,0.4769912958145141,2.9904022216796875,2.8797149658203125,Fixation,1339.7716118307674,717.1502015169929,64.0,16.0,True,25,image,,9.0
2644.0,1351.9322204589844,674.9642515182494,0.5264459848403931,0.4463548064231872,0.5280985236167908,0.468725174665451,2.9871063232421875,2.86163330078125,Fixation,1339.7716118307674,717.1502015169929,64.0,16.0,True,25,image,,9.0
2648.0,1339.4798278808594,732.7813053131104,0.5203139781951904,0.4367292523384094,0.5232343077659607,0.5088759064674377,2.974151611328125,2.8556365966796875,Fixation,1339.7716118307674,717.1502015169929,64.0,16.0,True,25,image,,9.0
2652.0,1333.1321716308594,747.333984375,0.5277050733566284,0.4612743258476257,0.5207547545433044,0.51898193359375,2.95831298828125,2.84906005859375,Fixation,1339.7716118307674,717.1502015169929,64.0,16.0,True,25,image,,9.0
2656.0,1325.6527709960938,716.9763994216919,0.5221033096313477,0.4804087281227112,0.5178331136703491,0.4979002773761749,2.979278564453125,2.798797607421875,Fixation,1339.7716118307674,717.1502015169929,64.0,16.0,True,25,image,,9.0
2660.0,1319.7334289550781,758.7044048309326,0.5255458354949951,0.4662590324878692,0.5155208706855774,0.5268780589103699,2.9878692626953125,2.866729736328125,Fixation,1339.7716118307674,717.1502015169929,64.0,16.0,True,25,image,,9.0
2664.0,1313.4352111816406,760.0802707672119,0.5340670347213745,0.4528759121894836,0.5130606293678284,0.5278335213661194,3.003890991210937,2.81793212890625,Fixation,1339.7716118307674,717.1502015169929,64.0,16.0,True,25,image,,9.0
2668.0,1320.93017578125,756.8546676635742,0.5287877917289734,0.4640271365642547,0.5159883499145508,0.5255935192108154,2.9827423095703125,2.8137359619140625,Fixation,1339.7716118307674,717.1502015169929,64.0,16.0,True,25,image,,9.0
2672.0,1341.0708618164062,741.8460559844971,0.5289394855499268,0.470936119556427,0.5238558053970337,0.5151708722114563,2.963226318359375,2.8072967529296875,Fixation,1339.7716118307674,717.1502015169929,64.0,16.0,True,25,image,,9.0
2676.0,1346.1553955078125,770.9973335266113,0.5252672433853149,0.4752340316772461,0.5258419513702393,0.5354148149490356,2.976181030273437,2.8469696044921875,Fixation,1339.7716118307674,717.1502015169929,64.0,16.0,True,25,image,,9.0
2680.0,1331.7034912109375,794.4126319885254,0.5272563695907593,0.4573500454425812,0.5201966762542725,0.5516754388809204,2.9720611572265625,2.8463134765625,Fixation,1344.3685167100693,773.1059913635254,176.0,17.0,True,26,image,,9.0
2684.0,1341.1149597167969,783.101863861084,0.5252200365066528,0.4744249284267425,0.5238730311393738,0.5438207387924194,2.9688873291015625,2.846160888671875,Fixation,1344.3685167100693,773.1059913635254,176.0,17.0,True,26,image,,9.0
2688.0,1341.4337158203125,751.7514324188232,0.5230258107185364,0.4935734570026397,0.5239975452423096,0.522049605846405,2.9669189453125,2.7729644775390625,Fixation,1344.3685167100693,773.1059913635254,176.0,17.0,True,26,image,,9.0
2692.0,1321.7237854003906,771.0476303100586,0.5311926007270813,0.4670938551425934,0.5162983536720276,0.535449743270874,2.984710693359375,2.837738037109375,Fixation,1344.3685167100693,773.1059913635254,176.0,17.0,True,26,image,,9.0
2696.0,1323.7060546875,772.9204559326172,0.5270311236381531,0.4797756671905517,0.5170726776123047,0.536750316619873,2.932464599609375,2.8772125244140625,Fixation,1344.3685167100693,773.1059913635254,176.0,17.0,True,26,image,,9.0
2700.0,1316.3543701171875,784.7760772705078,0.5317801833152771,0.4814132452011108,0.5142009258270264,0.5449833869934082,2.9523162841796875,2.84130859375,Fixation,1344.3685167100693,773.1059913635254,176.0,17.0,True,26,image,,9.0
2704.0,1318.5845947265625,771.0979270935059,0.5264717936515808,0.4947702586650848,0.5150721073150635,0.5354846715927124,2.938095092773437,2.8254547119140625,Fixation,1344.3685167100693,773.1059913635254,176.0,17.0,True,26,image,,9.0
2708.0,1321.1260986328125,770.1344776153564,0.5237047672271729,0.4941968917846679,0.5160648822784424,0.5348156094551086,2.979476928710937,2.81524658203125,Fixation,1344.3685167100693,773.1059913635254,176.0,17.0,True,26,image,,9.0
2712.0,1336.6787719726562,765.1285743713379,0.5271053910255432,0.4821023941040039,0.5221401453018188,0.5313392877578735,2.96978759765625,2.821014404296875,Fixation,1344.3685167100693,773.1059913635254,176.0,17.0,True,26,image,,9.0
2716.0,1337.6338195800781,774.1167640686035,0.5211991667747498,0.4971466958522796,0.522513210773468,0.5375810861587524,2.972152709960937,2.832977294921875,Fixation,1344.3685167100693,773.1059913635254,176.0,17.0,True,26,image,,9.0
2720.0,1338.929443359375,773.2664394378662,0.5238510370254517,0.4873718321323395,0.5230193138122559,0.5369905829429626,2.9555206298828125,2.843978881835937,Fixation,1344.3685167100693,773.1059913635254,176.0,17.0,True,26,image,,9.0
2724.0,1340.4644775390625,782.6765727996826,0.5263733267784119,0.4864763617515564,0.5236189365386963,0.5435253977775574,2.980804443359375,2.85784912109375,Fixation,1344.3685167100693,773.1059913635254,176.0,17.0,True,26,image,,9.0
2728.0,1324.7825622558594,768.7271976470947,0.5316272377967834,0.475904256105423,0.5174931883811951,0.5338383316993713,2.991729736328125,2.8355255126953125,Fixation,1344.3685167100693,773.1059913635254,176.0,17.0,True,26,image,,9.0
2732.0,1317.3551940917969,764.3287181854248,0.5290490388870239,0.4917645156383514,0.5145918726921082,0.5307838320732117,2.9539947509765625,2.838653564453125,Fixation,1344.3685167100693,773.1059913635254,176.0,17.0,True,26,image,,9.0
2736.0,1308.5202026367188,775.0819301605225,0.5277848839759827,0.4897536337375641,0.5111407041549683,0.5382513403892517,2.9572296142578125,2.84124755859375,Fixation,1344.3685167100693,773.1059913635254,176.0,17.0,True,26,image,,9.0
2740.0,1322.9081726074219,766.1387157440186,0.5327867269515991,0.481263130903244,0.5167610049247742,0.5320407748222351,2.9766998291015625,2.7913818359375,Fixation,1344.3685167100693,773.1059913635254,176.0,17.0,True,26,image,,9.0
2744.0,1328.1007385253906,767.2649002075195,0.5262760519981384,0.4642288982868194,0.5187893509864807,0.532822847366333,2.9669647216796875,2.83892822265625,Fixation,1344.3685167100693,773.1059913635254,176.0,17.0,True,26,image,,9.0
2748.0,1330.93994140625,791.6691398620605,0.5245906114578247,0.4859278202056885,0.5198984146118164,0.5497702360153198,2.9729461669921875,2.866180419921875,Fixation,1344.3685167100693,773.1059913635254,176.0,17.0,True,26,image,,9.0
2752.0,1352.4931335449219,775.2145385742188,0.5261504650115967,0.482801228761673,0.5283176302909851,0.5383434295654297,2.9703826904296875,2.8270416259765625,Fixation,1344.3685167100693,773.1059913635254,176.0,17.0,True,26,image,,9.0
2756.0,1351.7811584472656,788.6478137969971,0.5290113091468811,0.4785963296890259,0.5280395150184631,0.5476720929145813,2.95574951171875,2.8496856689453125,Fixation,1344.3685167100693,773.1059913635254,176.0,17.0,True,26,image,,9.0
2760.0,1346.5168762207031,795.1627922058105,0.5268052816390991,0.486088365316391,0.5259831547737122,0.5521963834762573,2.9442901611328125,2.8479156494140625,Fixation,1344.3685167100693,773.1059913635254,176.0,17.0,True,26,image,,9.0
2764.0,1342.969970703125,785.3568077087402,0.5307966470718384,0.4751182794570923,0.5245976448059082,0.5453866720199585,2.9434814453125,2.8314971923828125,Fixation,1344.3685167100693,773.1059913635254,176.0,17.0,True,26,image,,9.0
2768.0,1327.6380920410156,771.3945579528809,0.5248651504516602,0.5132728219032288,0.5186086297035217,0.5356906652450562,2.956512451171875,2.8292236328125,Fixation,1344.3685167100693,773.1059913635254,176.0,17.0,True,26,image,,9.0
2772.0,1321.5086364746094,778.6893081665039,0.5314123034477234,0.481019526720047,0.5162143111228943,0.5407564640045166,2.9574737548828125,2.8480987548828125,Fixation,1344.3685167100693,773.1059913635254,176.0,17.0,True,26,image,,9.0
2776.0,1309.4706726074219,778.8933277130127,0.5269027352333069,0.4865993857383728,0.5115119814872742,0.5408981442451477,2.9900665283203125,2.83441162109375,Fixation,1344.3685167100693,773.1059913635254,176.0,17.0,True,26,image,,9.0
2780.0,1318.3445739746094,796.9570827484131,0.5221655368804932,0.4827501773834228,0.5149783492088318,0.5534424185752869,2.9403839111328125,2.8743896484375,Fixation,1344.3685167100693,773.1059913635254,176.0,17.0,True,26,image,,9.0
2784.0,1327.1678161621094,778.3363723754883,0.5245733857154846,0.4969523251056671,0.518424928188324,0.5405113697052002,2.937606811523437,2.834335327148437,Fixation,1344.3685167100693,773.1059913635254,176.0,17.0,True,26,image,,9.0
2788.0,1330.1570129394531,789.8219776153564,0.5189565420150757,0.5069010257720947,0.5195925831794739,0.5484874844551086,2.950042724609375,2.86181640625,Fixation,1344.3685167100693,773.1059913635254,176.0,17.0,True,26,image,,9.0
2792.0,1343.9303588867188,777.0386981964111,0.5219472050666809,0.4908960461616516,0.5249727964401245,0.5396102070808411,2.971542358398437,2.80224609375,Fixation,1344.3685167100693,773.1059913635254,176.0,17.0,True,26,image,,9.0
2796.0,1346.5594482421875,765.8109283447266,0.5220324993133545,0.497843861579895,0.5259997844696045,0.5318131446838379,2.9528961181640625,2.8164825439453125,Fixation,1344.3685167100693,773.1059913635254,176.0,17.0,True,26,image,,9.0
2800.0,1342.3918151855469,783.3996105194092,0.5243209600448608,0.4814188480377197,0.5243718028068542,0.5440275073051453,2.9331207275390625,2.847259521484375,Fixation,1344.3685167100693,773.1059913635254,176.0,17.0,True,26,image,,9.0
2804.0,1337.3945617675781,770.1779937744141,0.528786838054657,0.5159084796905518,0.5224197506904602,0.5348458290100098,3.0001220703125,2.829330444335937,Fixation,1344.3685167100693,773.1059913635254,176.0,17.0,True,26,image,,9.0
2808.0,1343.59130859375,769.2493057250977,0.5316632390022278,0.4779179096221924,0.5248403549194336,0.53420090675354,2.908554077148437,2.794403076171875,Fixation,1344.3685167100693,773.1059913635254,176.0,17.0,True,26,image,,9.0
2812.0,1369.4497680664062,757.6478290557861,0.5343204140663147,0.4775883853435516,0.5349413156509399,0.5261443257331848,2.9491424560546875,2.8413238525390625,Fixation,1344.3685167100693,773.1059913635254,176.0,17.0,True,26,image,,9.0
2816.0,1380.8050537109375,760.5885601043701,0.5428401231765747,0.453549176454544,0.539376974105835,0.5281865000724792,2.9532470703125,2.857040405273437,Fixation,1344.3685167100693,773.1059913635254,176.0,17.0,True,26,image,,9.0
2820.0,1373.338623046875,763.600959777832,0.5475530028343201,0.4657587110996246,0.5364603996276855,0.5302784442901611,2.9732818603515625,2.85552978515625,Fixation,1344.3685167100693,773.1059913635254,176.0,17.0,True,26,image,,9.0
2824.0,1383.4576416015625,749.6186256408691,0.5507198572158813,0.4489344954490661,0.5404131412506104,0.5205684900283813,2.9744873046875,2.794921875,Fixation,1344.3685167100693,773.1059913635254,176.0,17.0,True,26,image,,9.0
2828.0,1378.7493896484375,771.2537956237793,0.5572903156280518,0.4594498872756958,0.5385739803314209,0.5355929136276245,2.9710845947265625,2.8495025634765625,Fixation,1344.3685167100693,773.1059913635254,176.0,17.0,True,26,image,,9.0
2832.0,1372.6325988769531,762.7260875701904,0.5548887252807617,0.456913560628891,0.5361846089363098,0.5296708941459656,2.957794189453125,2.83673095703125,Fixation,1344.3685167100693,773.1059913635254,176.0,17.0,True,26,image,,9.0
2836.0,1379.0631103515625,752.0221424102783,0.5538203716278076,0.4394601583480835,0.5386965274810791,0.5222375988960266,2.921661376953125,2.8146209716796875,Fixation,1344.3685167100693,773.1059913635254,176.0,17.0,True,26,image,,9.0
2840.0,1383.7591552734375,765.9537506103516,0.5532914400100708,0.4677221775054931,0.5405309200286865,0.5319123268127441,2.9585723876953125,2.8274688720703125,Fixation,1344.3685167100693,773.1059913635254,176.0,17.0,True,26,image,,9.0
2844.0,1386.3002014160156,759.5641708374023,0.5534672141075134,0.4379382729530334,0.5415235161781311,0.527475118637085,2.97210693359375,2.8137969970703125,Fixation,1344.3685167100693,773.1059913635254,176.0,17.0,True,26,image,,9.0
2848.0,1381.1146545410156,777.3353290557861,0.5490909218788147,0.4528221189975738,0.5394979119300842,0.5398162007331848,2.924057006835937,2.8217010498046875,Fixation,1344.3685167100693,773.1059913635254,176.0,17.0,True,26,image,,9.0
2852.0,1376.0220336914062,762.4920272827148,0.5504428744316101,0.4658210575580597,0.5375086069107056,0.5295083522796631,2.9780426025390625,2.8350830078125,Fixation,1344.3685167100693,773.1059913635254,176.0,17.0,True,26,image,,9.0
2856.0,1387.9151916503906,775.1737689971924,0.5538707375526428,0.4604547917842865,0.5421543717384338,0.5383151173591614,2.991561889648437,2.856307983398437,Fixation,1344.3685167100693,773.1059913635254,176.0,17.0,True,26,image,,9.0
2860.0,1401.8917846679688,718.6137485504149,0.5504361987113953,0.4616240262985229,0.5476139783859253,0.4990373253822326,2.9785308837890625,2.7897186279296875,Fixation,1381.991545024671,767.4697283694619,148.0,18.0,True,27,image,,9.0
2864.0,1397.1014404296875,750.6886768341064,0.5521126389503479,0.44990074634552,0.5457427501678467,0.5213115811347961,2.968994140625,2.8314971923828125,Fixation,1381.991545024671,767.4697283694619,148.0,18.0,True,27,image,,9.0
2868.0,1385.3265380859375,749.9630641937256,0.5564576983451843,0.4595106542110443,0.5411431789398193,0.520807683467865,2.984848022460937,2.83612060546875,Fixation,1381.991545024671,767.4697283694619,148.0,18.0,True,27,image,,9.0
2872.0,1399.4378662109375,742.174186706543,0.5496866703033447,0.4599265158176422,0.5466554164886475,0.5153987407684326,2.9361572265625,2.81060791015625,Fixation,1381.991545024671,767.4697283694619,148.0,18.0,True,27,image,,9.0
2876.0,1388.1092834472656,757.7625846862793,0.5537649989128113,0.4560155272483825,0.5422301888465881,0.5262240171432495,2.972763061523437,2.8286590576171875,Fixation,1381.991545024671,767.4697283694619,148.0,18.0,True,27,image,,9.0
2880.0,1384.4160461425781,741.7885494232178,0.5568290948867798,0.4364275336265564,0.5407875180244446,0.5151309370994568,2.9271697998046875,2.80450439453125,Fixation,1381.991545024671,767.4697283694619,148.0,18.0,True,27,image,,9.0
2884.0,1382.8445434570312,771.207103729248,0.5529801845550537,0.4536037147045135,0.5401736497879028,0.5355604887008667,2.957122802734375,2.848861694335937,Fixation,1381.991545024671,767.4697283694619,148.0,18.0,True,27,image,,9.0
2888.0,1388.6883544921875,745.7220840454102,0.5536590218544006,0.4503240287303924,0.5424563884735107,0.5178625583648682,2.9423065185546875,2.8116912841796875,Fixation,1381.991545024671,767.4697283694619,148.0,18.0,True,27,image,,9.0
2892.0,1376.6006469726562,784.396448135376,0.5577157735824585,0.4620689153671264,0.5377346277236938,0.5447197556495667,2.9591217041015625,2.849639892578125,Fixation,1381.991545024671,767.4697283694619,148.0,18.0,True,27,image,,9.0
2896.0,1381.8318176269531,767.5449657440186,0.5556604862213135,0.4494750201702118,0.5397780537605286,0.5330173373222351,2.9281463623046875,2.8193817138671875,Fixation,1381.991545024671,767.4697283694619,148.0,18.0,True,27,image,,9.0
2900.0,1387.864990234375,757.9112434387207,0.5590848326683044,0.4626190364360809,0.5421347618103027,0.5263272523880005,2.98052978515625,2.802001953125,Fixation,1381.991545024671,767.4697283694619,148.0,18.0,True,27,image,,9.0
2904.0,1371.1712646484375,769.1798686981201,0.5528995990753174,0.4480501413345337,0.5356137752532959,0.5341526865959167,2.908782958984375,2.85150146484375,Fixation,1381.991545024671,767.4697283694619,148.0,18.0,True,27,image,,9.0
2908.0,1386.6690063476562,761.544713973999,0.5545141696929932,0.4743929207324981,0.5416675806045532,0.5288504958152771,2.962249755859375,2.81011962890625,Fixation,1381.991545024671,767.4697283694619,148.0,18.0,True,27,image,,9.0
2912.0,1376.8907165527344,770.385103225708,0.551452100276947,0.4489621818065643,0.5378479361534119,0.5349896550178528,2.958160400390625,2.831161499023437,Fixation,1381.991545024671,767.4697283694619,148.0,18.0,True,27,image,,9.0
2916.0,1376.3055419921875,774.7869300842285,0.548096776008606,0.4847264587879181,0.5376193523406982,0.5380464792251587,2.9458770751953125,2.832260131835937,Fixation,1381.991545024671,767.4697283694619,148.0,18.0,True,27,image,,9.0
2920.0,1387.2422790527344,768.0622673034668,0.5513535737991333,0.4746292233467102,0.5418915152549744,0.5333765745162964,2.957794189453125,2.836273193359375,Fixation,1381.991545024671,767.4697283694619,148.0,18.0,True,27,image,,9.0
2924.0,1379.4575500488281,773.6781692504883,0.5490332245826721,0.4702358245849609,0.5388506054878235,0.5372765064239502,2.9884185791015625,2.833648681640625,Fixation,1381.991545024671,767.4697283694619,148.0,18.0,True,27,image,,9.0
2928.0,1382.4308776855469,779.866132736206,0.548109233379364,0.4592715203762054,0.5400120615959167,0.541573703289032,2.937240600585937,2.835433959960937,Fixation,1381.991545024671,767.4697283694619,148.0,18.0,True,27,image,,9.0
2932.0,1384.595947265625,775.4275703430176,0.5467306971549988,0.4605311751365661,0.5408577919006348,0.5384913682937622,2.9352264404296875,2.819091796875,Fixation,1381.991545024671,767.4697283694619,148.0,18.0,True,27,image,,9.0
2936.0,1380.2751159667969,781.4139175415039,0.5438416004180908,0.4594862759113312,0.53916996717453,0.5426485538482666,2.9360809326171875,2.839599609375,Fixation,1381.991545024671,767.4697283694619,148.0,18.0,True,27,image,,9.0
2940.0,1385.6570434570312,781.3758087158203,0.5496672987937927,0.4617802798748016,0.5412722826004028,0.5426220893859863,2.951904296875,2.8604888916015625,Fixation,1381.991545024671,767.4697283694619,148.0,18.0,True,27,image,,9.0
2944.0,1386.175537109375,773.5360336303711,0.5483277440071106,0.4519526064395904,0.5414748191833496,0.5371778011322021,2.9447784423828125,2.83453369140625,Fixation,1381.991545024671,767.4697283694619,148.0,18.0,True,27,image,,9.0
2948.0,1381.2721252441406,780.129804611206,0.5502161383628845,0.4718689322471618,0.5395594239234924,0.541756808757782,2.9598388671875,2.8291015625,Fixation,1381.991545024671,767.4697283694619,148.0,18.0,True,27,image,,9.0
2952.0,1377.3973083496094,762.6492691040039,0.5547447204589844,0.4542252123355865,0.5380458235740662,0.5296175479888916,2.9421844482421875,2.8029327392578125,Fixation,1381.991545024671,767.4697283694619,148.0,18.0,True,27,image,,9.0
2956.0,1386.4302062988281,785.8857822418213,0.5487696528434753,0.4630541503429413,0.5415742993354797,0.5457540154457092,2.92437744140625,2.84130859375,Fixation,1381.991545024671,767.4697283694619,148.0,18.0,True,27,image,,9.0
2960.0,1388.4700012207031,777.0653057098389,0.5526850819587708,0.4698253571987152,0.5423710942268372,0.5396286845207214,2.978744506835937,2.819686889648437,Fixation,1381.991545024671,767.4697283694619,148.0,18.0,True,27,image,,9.0
2964.0,1391.6249084472656,762.399845123291,0.5538666248321533,0.4610536098480224,0.5436034798622131,0.5294443368911743,2.939666748046875,2.80401611328125,Fixation,1381.991545024671,767.4697283694619,148.0,18.0,True,27,image,,9.0
2968.0,1389.0483093261719,769.2547130584717,0.5533162355422974,0.44993457198143,0.5425969958305359,0.5342046618461609,2.910186767578125,2.7950592041015625,Fixation,1381.991545024671,767.4697283694619,148.0,18.0,True,27,image,,9.0
2972.0,1390.9141540527344,781.030855178833,0.5521032810211182,0.4711712002754211,0.5433258414268494,0.542382538318634,2.946563720703125,2.805770874023437,Fixation,1381.991545024671,767.4697283694619,148.0,18.0,True,27,image,,9.0
2976.0,1386.0670471191406,775.8152675628662,0.5559147596359253,0.462505966424942,0.5414324402809143,0.5387606024742126,2.9134674072265625,2.8090972900390625,Fixation,1381.991545024671,767.4697283694619,148.0,18.0,True,27,image,,9.0
2980.0,1385.68603515625,788.2105922698975,0.5561023950576782,0.4680012762546539,0.5412836074829102,0.5473684668540955,2.963607788085937,2.8151092529296875,Fixation,1381.991545024671,767.4697283694619,148.0,18.0,True,27,image,,9.0
2984.0,1376.23779296875,770.987377166748,0.555042564868927,0.4641532897949219,0.537592887878418,0.5354079008102417,2.907211303710937,2.7989654541015625,Fixation,1381.991545024671,767.4697283694619,148.0,18.0,True,27,image,,9.0
2988.0,1371.5232849121094,767.3073863983154,0.5508138537406921,0.4632534980773926,0.5357512831687927,0.5328523516654968,2.9144287109375,2.796417236328125,Fixation,1381.991545024671,767.4697283694619,148.0,18.0,True,27,image,,9.0
2992.0,1376.5750122070312,768.7664222717285,0.5512474775314331,0.4596694409847259,0.5377246141433716,0.5338655710220337,2.946197509765625,2.7952117919921875,Fixation,1381.991545024671,767.4697283694619,148.0,18.0,True,27,image,,9.0
2996.0,1386.739501953125,779.5717334747314,0.5511471629142761,0.4683239459991455,0.5416951179504395,0.5413692593574524,2.948394775390625,2.79974365234375,Fixation,1381.991545024671,767.4697283694619,148.0,18.0,True,27,image,,9.0
3000.0,1371.2890625,786.6734504699707,0.5457199811935425,0.4683752954006195,0.5356597900390625,0.546301007270813,2.9474029541015625,2.8178253173828125,Fixation,1381.991545024671,767.4697283694619,148.0,18.0,True,27,image,,9.0
3004.0,1355.9336853027344,776.5417385101318,0.5313566327095032,0.4648172259330749,0.5296615958213806,0.5392650961875916,2.9380645751953125,2.814239501953125,Fixation,1381.991545024671,767.4697283694619,148.0,18.0,True,27,image,,9.0
3008.0,1329.486083984375,734.5309638977051,0.518663763999939,0.4449058175086975,0.5193305015563965,0.5100909471511841,2.898666381835937,2.808990478515625,Fixation,1381.991545024671,767.4697283694619,148.0,18.0,True,27,image,,9.0
3012.0,1267.3065185546875,705.322265625,0.5044295787811279,0.4371806979179382,0.4950416088104248,0.48980712890625,2.94281005859375,2.8262939453125,Saccade,,,,0.0,False,28,,,
3016.0,1238.8702392578125,691.9788980484009,0.4815096259117126,0.4350776672363281,0.483933687210083,0.4805409014225006,2.927001953125,2.8270721435546875,Saccade,,,,0.0,False,28,,,
3020.0,1208.2934570312498,709.2417240142822,0.4658211469650268,0.4282321631908417,0.471989631652832,0.4925289750099182,2.9243316650390625,2.8672027587890625,Saccade,,,,0.0,False,28,,,
3024.0,1184.3036651611328,700.5487060546875,0.4661028683185577,0.3741735517978668,0.4626186192035675,0.4864921569824219,2.847625732421875,2.817855834960937,Saccade,,,,0.0,False,28,,,
3028.0,1165.560836791992,676.4622545242308,0.4576155543327331,0.3865309655666351,0.4552972018718719,0.4697654545307159,2.850936889648437,2.815902709960937,Saccade,,,,0.0,False,28,,,
3032.0,1167.3934173583984,679.7239065170287,0.4536015093326568,0.3795974254608154,0.4560130536556244,0.4720304906368255,2.832748413085937,2.828857421875,Saccade,,,,0.0,False,28,,,
3036.0,1170.9616088867188,684.0870237350463,0.4578652083873749,0.3888246119022369,0.4574068784713745,0.4750604331493377,2.8795623779296875,2.820281982421875,Saccade,,,,0.0,False,28,,,
3040.0,1177.61474609375,691.0466051101685,0.4591067731380462,0.3881839513778686,0.4600057601928711,0.4798934757709503,2.87579345703125,2.8336334228515625,Saccade,,,,0.0,False,28,,,
3044.0,1157.326431274414,685.2902841567992,0.4558650255203247,0.3920626640319824,0.452080637216568,0.4758960306644439,2.833465576171875,2.8254852294921875,Saccade,,,,0.0,False,28,,,
3048.0,1181.6987609863281,651.2762689590453,0.453855961561203,0.4052310883998871,0.4616010785102844,0.4522751867771148,2.857391357421875,2.777938842773437,Saccade,,,,0.0,False,28,,,
3052.0,1184.3549346923826,657.3048877716063,0.4502408802509308,0.4072173833847046,0.462638646364212,0.4564617276191711,2.851348876953125,2.7854461669921875,Saccade,,,,0.0,False,28,,,
3056.0,1172.4424743652344,658.8228464126587,0.4542186260223388,0.4128572046756744,0.4579853415489197,0.4575158655643463,2.88543701171875,2.794464111328125,Saccade,,,,0.0,False,28,,,
3060.0,1175.0813293457031,649.6557855606079,0.4551755487918854,0.402164101600647,0.4590161442756653,0.4511498510837555,2.87750244140625,2.7667999267578125,Saccade,,,,0.0,False,28,,,
3064.0,1170.1803588867188,678.8249158859253,0.4559743404388428,0.401844710111618,0.4571017026901245,0.4714061915874481,2.8750762939453125,2.816680908203125,Saccade,,,,0.0,False,28,,,
3068.0,1171.2399291992188,686.2862634658813,0.4549683332443237,0.4013862907886505,0.4575155973434448,0.4765876829624176,2.8662261962890625,2.811309814453125,Saccade,,,,0.0,False,28,,,
3072.0,1173.1415557861326,693.9947605133057,0.453124850988388,0.3924150764942169,0.4582584202289581,0.4819408059120178,2.8549957275390625,2.808349609375,Saccade,,,,0.0,False,28,,,
3076.0,1178.968048095703,680.7304430007933,0.4537898600101471,0.3878093361854553,0.460534393787384,0.4727294743061065,2.850250244140625,2.83197021484375,Saccade,,,,0.0,False,28,,,
3080.0,1172.722930908203,688.8903665542601,0.4565120935440063,0.3967447876930237,0.4580948948860168,0.4783960878849029,2.844268798828125,2.85009765625,Saccade,,,,0.0,False,28,,,
3084.0,1166.0144805908203,673.9635944366454,0.4509259462356567,0.4003867506980896,0.4554744064807892,0.4680302739143371,2.836822509765625,2.80780029296875,Saccade,,,,0.0,False,28,,,
3088.0,1173.6753082275388,673.5502338409424,0.4604437053203583,0.4051294326782226,0.4584669172763824,0.4677432179450989,2.893524169921875,2.814056396484375,Saccade,,,,0.0,False,28,,,
3092.0,1168.0716705322266,672.7488327026366,0.4536439776420593,0.3949426412582397,0.456277996301651,0.467186689376831,2.835723876953125,2.806503295898437,Saccade,,,,0.0,False,28,,,
3096.0,1176.0406494140623,663.8393926620482,0.4543427526950836,0.4203129410743713,0.4593908786773681,0.4609995782375335,2.88836669921875,2.8191680908203125,Saccade,,,,0.0,False,28,,,
