timestamp,x,y,l_x,l_y,r_x,r_y,pupil_l,pupil_r,event_type,fixation_x,fixation_y,event_duration,fixation_id,merged,event_id,aoi_type,aoi,aoi_id
0.0,1234.4993591308591,718.1943798065186,0.4938065111637115,0.4723293483257293,0.4822263121604919,0.4987460970878601,3.9912109375,4.002288818359375,Fixation,1227.708009992327,701.7204257420132,248.0,1.0,True,1,image,,10.0
4.0,1226.5256500244138,718.7582445144652,0.494446188211441,0.4720249474048614,0.4791115820407867,0.499137669801712,3.9935302734375,4.0120849609375,Fixation,1227.708009992327,701.7204257420132,248.0,1.0,True,1,image,,10.0
8.0,1227.1627807617188,715.2507305145264,0.4913940727710724,0.472857266664505,0.4793604612350464,0.4967018961906433,3.996490478515625,4.0018157958984375,Fixation,1227.708009992327,701.7204257420132,248.0,1.0,True,1,image,,10.0
12.0,1228.547439575195,722.014102935791,0.4934601187705993,0.4819541275501251,0.4799013435840606,0.5013986825942993,4.0008087158203125,4.01800537109375,Fixation,1227.708009992327,701.7204257420132,248.0,1.0,True,1,image,,10.0
16.0,1226.3688659667966,723.1397724151611,0.4971521496772766,0.4743392169475555,0.47905033826828,0.5021803975105286,4.0018463134765625,4.022384643554688,Fixation,1227.708009992327,701.7204257420132,248.0,1.0,True,1,image,,10.0
20.0,1231.6028594970703,717.2850465774535,0.4937290549278259,0.4755147993564605,0.4810948669910431,0.4981146156787872,3.9805908203125,4.024932861328125,Fixation,1227.708009992327,701.7204257420132,248.0,1.0,True,1,image,,10.0
24.0,1229.770736694336,708.4977865219116,0.4940130114555359,0.4774041473865509,0.480379194021225,0.4920123517513275,3.9922943115234375,4.0027618408203125,Fixation,1227.708009992327,701.7204257420132,248.0,1.0,True,1,image,,10.0
28.0,1231.766586303711,708.668417930603,0.4946717619895935,0.4757907092571258,0.4811588227748871,0.492130845785141,3.997268676757813,4.001510620117188,Fixation,1227.708009992327,701.7204257420132,248.0,1.0,True,1,image,,10.0
32.0,1225.4496002197266,708.8380622863768,0.4982345998287201,0.4735288619995117,0.4786912500858307,0.4922486543655395,3.98126220703125,4.0163116455078125,Fixation,1227.708009992327,701.7204257420132,248.0,1.0,True,1,image,,10.0
36.0,1227.7206420898438,705.1029253005981,0.4954137802124023,0.4738987982273102,0.4795783758163452,0.4896548092365265,4.003219604492188,4.020751953125,Fixation,1227.708009992327,701.7204257420132,248.0,1.0,True,1,image,,10.0
40.0,1225.7975006103516,705.598554611206,0.4976855218410492,0.4756274223327636,0.4788271486759186,0.489998996257782,4.013092041015625,4.0225372314453125,Fixation,1227.708009992327,701.7204257420132,248.0,1.0,True,1,image,,10.0
44.0,1227.1005249023438,700.5484914779662,0.494501382112503,0.468407541513443,0.479336142539978,0.4864920079708099,3.979827880859375,4.018768310546875,Fixation,1227.708009992327,701.7204257420132,248.0,1.0,True,1,image,,10.0
48.0,1224.7865295410154,698.8792133331298,0.4965145885944366,0.4716762006282806,0.4784322381019592,0.4853327870368957,3.9846343994140634,4.008575439453125,Fixation,1227.708009992327,701.7204257420132,248.0,1.0,True,1,image,,10.0
52.0,1222.7275085449219,698.6821889877318,0.4965901374816894,0.4645155966281891,0.4776279330253601,0.4851959645748138,3.98797607421875,4.0152740478515625,Fixation,1227.708009992327,701.7204257420132,248.0,1.0,True,1,image,,10.0
56.0,1236.0231018066406,704.4882059097289,0.4971248507499695,0.4677474498748779,0.482821524143219,0.4892279207706451,3.994049072265625,4.0355987548828125,Fixation,1227.708009992327,701.7204257420132,248.0,1.0,True,1,image,,10.0
60.0,1230.436325073242,709.1703987121581,0.4975291490554809,0.4719201326370239,0.4806391894817352,0.4924794435501098,3.986907958984375,4.0352325439453125,Fixation,1227.708009992327,701.7204257420132,248.0,1.0,True,1,image,,10.0
64.0,1232.3194122314453,698.1582355499266,0.4941206872463226,0.4626778960227966,0.4813747704029083,0.4848321080207824,3.99139404296875,4.012130737304688,Fixation,1227.708009992327,701.7204257420132,248.0,1.0,True,1,image,,10.0
68.0,1223.4859466552734,697.7442741394042,0.4978276789188385,0.4706792831420898,0.4779241979122162,0.4845446348190307,4.004440307617188,4.012420654296875,Fixation,1227.708009992327,701.7204257420132,248.0,1.0,True,1,image,,10.0
72.0,1222.055206298828,690.8847284317015,0.4958299398422241,0.461455374956131,0.4773653149604797,0.4797810614109039,3.9875640869140634,4.005767822265625,Fixation,1227.708009992327,701.7204257420132,248.0,1.0,True,1,image,,10.0
76.0,1231.4537048339841,704.5918893814087,0.4965941309928894,0.4664659202098846,0.4810366034507751,0.4892999231815338,3.9773101806640634,4.0330352783203125,Fixation,1227.708009992327,701.7204257420132,248.0,1.0,True,1,image,,10.0
80.0,1231.0547637939453,690.8445596694945,0.495423823595047,0.4699018597602844,0.4808807671070099,0.479753166437149,3.989990234375,4.01287841796875,Fixation,1227.708009992327,701.7204257420132,248.0,1.0,True,1,image,,10.0
84.0,1222.0331573486328,703.5901594161986,0.494039237499237,0.4719138741493225,0.4773567020893097,0.4886042773723602,3.9942779541015625,4.026626586914063,Fixation,1227.708009992327,701.7204257420132,248.0,1.0,True,1,image,,10.0
88.0,1224.4825744628904,703.8879060745238,0.4959760308265686,0.4635260105133056,0.4783135056495666,0.488811045885086,3.9881439208984375,4.0093841552734375,Fixation,1227.708009992327,701.7204257420132,248.0,1.0,True,1,image,,10.0
92.0,1226.2081909179685,699.9272918701171,0.4939636886119842,0.4633435606956482,0.4789875745773315,0.486060619354248,3.9793548583984375,4.0250091552734375,Fixation,1227.708009992327,701.7204257420132,248.0,1.0,True,1,image,,10.0
96.0,1233.0751800537107,694.5704269409179,0.4947768747806549,0.463422417640686,0.4816699922084808,0.4823405742645263,3.988357543945313,4.0179290771484375,Fixation,1227.708009992327,701.7204257420132,248.0,1.0,True,1,image,,10.0
100.0,1224.9812316894531,701.5579462051392,0.4972275495529175,0.4566991329193115,0.4785082936286926,0.4871930181980133,3.98724365234375,4.027847290039063,Fixation,1227.708009992327,701.7204257420132,248.0,1.0,True,1,image,,10.0
104.0,1233.4165954589841,693.470721244812,0.4933975636959076,0.4636059701442718,0.4818033576011657,0.4815768897533417,3.9927978515625,4.005874633789063,Fixation,1227.708009992327,701.7204257420132,248.0,1.0,True,1,image,,10.0
108.0,1223.4391021728513,701.2696838378905,0.4943433701992035,0.4622925519943237,0.4779058992862701,0.4869928359985351,3.966064453125,4.0294036865234375,Fixation,1227.708009992327,701.7204257420132,248.0,1.0,True,1,image,,10.0
112.0,1227.6425170898438,703.9629220962523,0.4950138926506042,0.4687462747097015,0.4795478582382202,0.4888631403446197,3.982498168945313,4.021759033203125,Fixation,1227.708009992327,701.7204257420132,248.0,1.0,True,1,image,,10.0
116.0,1226.2109375,698.6320209503174,0.4969969093799591,0.4617490172386169,0.4789886474609375,0.4851611256599426,3.98223876953125,4.01953125,Fixation,1227.708009992327,701.7204257420132,248.0,1.0,True,1,image,,10.0
120.0,1224.5149993896484,703.8415145874022,0.4954021871089935,0.466261088848114,0.4783261716365814,0.4887788295745849,3.9914703369140634,4.033233642578125,Fixation,1227.708009992327,701.7204257420132,248.0,1.0,True,1,image,,10.0
124.0,1231.9390106201172,700.7082653045654,0.4960983395576477,0.4674599170684814,0.4812261760234833,0.4866029620170593,3.9903717041015625,4.038375854492188,Fixation,1227.708009992327,701.7204257420132,248.0,1.0,True,1,image,,10.0
128.0,1231.3171386718748,694.8856830596924,0.4955076277256012,0.4655895233154297,0.4809832572937011,0.4825595021247864,3.994827270507813,4.0220794677734375,Fixation,1227.708009992327,701.7204257420132,248.0,1.0,True,1,image,,10.0
132.0,1234.3957519531248,695.8211517333983,0.4966390430927276,0.4661246836185455,0.4821858406066894,0.4832091331481933,3.969085693359375,4.0141143798828125,Fixation,1227.708009992327,701.7204257420132,248.0,1.0,True,1,image,,10.0
136.0,1232.8682708740234,687.9237842559814,0.4962486326694488,0.4648652374744415,0.4815891683101654,0.4777248501777649,3.973602294921875,4.0035552978515625,Fixation,1227.708009992327,701.7204257420132,248.0,1.0,True,1,image,,10.0
140.0,1226.0379791259766,710.1970195770264,0.4933445453643799,0.4633742570877075,0.4789210855960846,0.4931923747062683,3.9621429443359375,4.037811279296875,Fixation,1227.708009992327,701.7204257420132,248.0,1.0,True,1,image,,10.0
144.0,1226.4495849609375,698.8520908355712,0.4930144250392914,0.4691991806030273,0.4790818691253662,0.4853139519691467,3.974517822265625,4.0196075439453125,Fixation,1227.708009992327,701.7204257420132,248.0,1.0,True,1,image,,10.0
148.0,1231.738052368164,696.2012529373169,0.4958335757255554,0.4582574069499969,0.4811476767063141,0.4834730923175812,3.970550537109375,4.013214111328125,Fixation,1227.708009992327,701.7204257420132,248.0,1.0,True,1,image,,10.0
152.0,1224.3168640136719,705.9776258468628,0.4942649602890014,0.4708768725395202,0.4782487750053406,0.4902622401714325,3.980072021484375,4.0294036865234375,Fixation,1227.708009992327,701.7204257420132,248.0,1.0,True,1,image,,10.0
156.0,1227.8125762939453,689.864158630371,0.4967644214630127,0.4698515236377716,0.4796142876148224,0.4790723323822021,3.978668212890625,4.0070648193359375,Fixation,1227.708009992327,701.7204257420132,248.0,1.0,True,1,image,,10.0
160.0,1231.1239624023438,694.1347932815551,0.4986905753612518,0.4675964415073395,0.4809077978134155,0.4820380508899688,3.9903564453125,4.032073974609375,Fixation,1227.708009992327,701.7204257420132,248.0,1.0,True,1,image,,10.0
164.0,1226.3462829589841,701.8709707260131,0.4958482682704925,0.4647049307823181,0.4790415167808532,0.4874103963375091,3.978713989257813,4.012374877929688,Fixation,1227.708009992327,701.7204257420132,248.0,1.0,True,1,image,,10.0
168.0,1229.0898132324219,697.5851011276245,0.4930468499660492,0.4770499169826507,0.4801132082939148,0.4844340980052948,3.9898529052734375,4.031097412109375,Fixation,1227.708009992327,701.7204257420132,248.0,1.0,True,1,image,,10.0
172.0,1225.4823303222656,697.0994281768798,0.4943587183952331,0.474621444940567,0.478704035282135,0.4840968251228332,3.976715087890625,4.0148773193359375,Fixation,1227.708009992327,701.7204257420132,248.0,1.0,True,1,image,,10.0
176.0,1226.821517944336,698.6287593841552,0.4948836266994476,0.4702868461608886,0.4792271554470062,0.4851588606834411,3.9664154052734375,4.0294036865234375,Fixation,1227.708009992327,701.7204257420132,248.0,1.0,True,1,image,,10.0
180.0,1227.949447631836,703.2254219055176,0.4947853088378906,0.4697677791118622,0.4796677529811859,0.4883509874343872,3.985687255859375,4.04010009765625,Fixation,1227.708009992327,701.7204257420132,248.0,1.0,True,1,image,,10.0
184.0,1226.1656188964844,695.5583381652832,0.490142285823822,0.4732400476932525,0.4789709448814392,0.4830266237258911,3.98187255859375,4.0106048583984375,Fixation,1227.708009992327,701.7204257420132,248.0,1.0,True,1,image,,10.0
188.0,1229.6075439453125,707.3874378204346,0.4937083721160888,0.4740258455276489,0.4803154468536377,0.4912412762641907,3.992279052734375,4.038299560546875,Fixation,1227.708009992327,701.7204257420132,248.0,1.0,True,1,image,,10.0
192.0,1232.009048461914,698.6078596115111,0.493978887796402,0.4707600176334381,0.4812535345554352,0.4851443469524383,3.981231689453125,4.027740478515625,Fixation,1227.708009992327,701.7204257420132,248.0,1.0,True,1,image,,10.0
196.0,1225.5111694335935,699.8590993881226,0.4924418330192566,0.4702228605747223,0.4787153005599975,0.486013263463974,3.989288330078125,4.040802001953125,Fixation,1227.708009992327,701.7204257420132,248.0,1.0,True,1,image,,10.0
200.0,1231.9123077392578,690.4502105712891,0.4944347143173218,0.47027188539505,0.4812157452106476,0.4794793128967285,3.9858551025390634,4.019332885742188,Fixation,1227.708009992327,701.7204257420132,248.0,1.0,True,1,image,,10.0
204.0,1236.247100830078,713.7740993499756,0.4950325489044189,0.4704351723194122,0.4829090237617492,0.4956764578819275,3.9820709228515625,4.042694091796875,Fixation,1227.708009992327,701.7204257420132,248.0,1.0,True,1,image,,10.0
208.0,1233.23127746582,702.8747606277465,0.4941945075988769,0.4736333787441253,0.481730967760086,0.4881074726581573,3.984619140625,4.02337646484375,Fixation,1227.708009992327,701.7204257420132,248.0,1.0,True,1,image,,10.0
212.0,1231.936111450195,695.9306716918944,0.4923551976680755,0.473094493150711,0.4812250435352325,0.4832851886749267,3.979888916015625,4.04107666015625,Fixation,1227.708009992327,701.7204257420132,248.0,1.0,True,1,image,,10.0
216.0,1232.8236389160156,703.9966535568237,0.4921562969684601,0.4721167683601379,0.4815717339515686,0.4888865649700165,3.998138427734375,4.0280609130859375,Fixation,1227.708009992327,701.7204257420132,248.0,1.0,True,1,image,,10.0
220.0,1232.8090667724607,695.7304716110228,0.4941104352474212,0.4692740738391876,0.4815660417079925,0.4831461608409881,3.970626831054687,4.027618408203125,Fixation,1227.708009992327,701.7204257420132,248.0,1.0,True,1,image,,10.0
224.0,1232.939682006836,708.2312393188475,0.4946118593215942,0.4676484763622284,0.4816170632839203,0.4918272495269775,3.969818115234375,4.0522003173828125,Fixation,1227.708009992327,701.7204257420132,248.0,1.0,True,1,image,,10.0
228.0,1235.7901763916013,693.6689901351929,0.4927363991737366,0.4674500226974487,0.4827305376529693,0.4817145764827728,3.9726409912109375,4.0196685791015625,Fixation,1227.708009992327,701.7204257420132,248.0,1.0,True,1,image,,10.0
232.0,1241.205596923828,698.9468050003051,0.4938394129276275,0.4753364622592926,0.4848459362983703,0.4853797256946563,4.004058837890625,4.0108642578125,Fixation,1227.708009992327,701.7204257420132,248.0,1.0,True,1,image,,10.0
236.0,1235.8541870117185,705.0953292846679,0.4972550868988037,0.4632550179958343,0.4827555418014526,0.4896495342254638,3.98846435546875,4.027877807617188,Fixation,1227.708009992327,701.7204257420132,248.0,1.0,True,1,image,,10.0
240.0,1230.7775115966797,698.8052701950072,0.4897455275058746,0.4741903841495514,0.480772465467453,0.4852814376354217,3.995086669921875,4.027130126953125,Fixation,1227.708009992327,701.7204257420132,248.0,1.0,True,1,image,,10.0
244.0,1199.7147369384766,690.2017307281493,0.4724194407463074,0.4667012393474579,0.4686385691165924,0.4793067574501037,3.974517822265625,4.0228424072265625,Fixation,1227.708009992327,701.7204257420132,248.0,1.0,True,1,image,,10.0
248.0,1160.7217407226562,686.2415456771851,0.4484141767024994,0.4552051723003387,0.4534069299697876,0.4765566289424896,3.98590087890625,4.0362548828125,Fixation,1227.708009992327,701.7204257420132,248.0,1.0,True,1,image,,10.0
252.0,1113.5877990722654,675.0405120849609,0.4283922016620636,0.4504957795143127,0.4349952340126037,0.468778133392334,4.01898193359375,4.048187255859375,Fixation,1049.6903030878025,658.7159584070506,220.0,2.0,True,2,image,,10.0
256.0,1058.8299560546875,650.7745027542113,0.4144206941127777,0.4371039569377899,0.4136054515838623,0.4519267380237579,3.987503051757813,4.020034790039063,Fixation,1049.6903030878025,658.7159584070506,220.0,2.0,True,2,image,,10.0
260.0,1041.117935180664,667.9505968093872,0.4150135219097137,0.440102756023407,0.4066866934299469,0.46385458111763,3.953536987304687,4.0287017822265625,Fixation,1049.6903030878025,658.7159584070506,220.0,2.0,True,2,image,,10.0
264.0,1025.3987884521484,677.8729248046875,0.4123410284519195,0.4416483938694,0.4005464017391205,0.4707450866699219,3.960723876953125,4.0329437255859375,Fixation,1049.6903030878025,658.7159584070506,220.0,2.0,True,2,image,,10.0
268.0,1026.949462890625,676.0421133041382,0.4136584103107452,0.4531745612621307,0.4011521339416504,0.4694736897945404,3.967620849609375,4.0207366943359375,Fixation,1049.6903030878025,658.7159584070506,220.0,2.0,True,2,image,,10.0
272.0,1031.6849517822263,658.9483737945557,0.4202408194541931,0.4404643774032593,0.4030019342899322,0.4576030373573303,3.94696044921875,4.0003509521484375,Fixation,1049.6903030878025,658.7159584070506,220.0,2.0,True,2,image,,10.0
276.0,1047.795639038086,670.7660150527953,0.4265760779380798,0.4422028064727783,0.4092951714992523,0.4658097326755523,3.953933715820313,4.00750732421875,Fixation,1049.6903030878025,658.7159584070506,220.0,2.0,True,2,image,,10.0
280.0,1057.4171447753904,671.9035720825195,0.4289308488368988,0.4351915419101715,0.4130535721778869,0.466599702835083,3.9220123291015625,4.0060882568359375,Fixation,1049.6903030878025,658.7159584070506,220.0,2.0,True,2,image,,10.0
284.0,1055.9388732910156,671.562910079956,0.4307500422000885,0.4441854059696197,0.412476122379303,0.4663631319999695,3.937286376953125,4.0088958740234375,Fixation,1049.6903030878025,658.7159584070506,220.0,2.0,True,2,image,,10.0
288.0,1068.3998107910156,667.5115728378296,0.425860583782196,0.4388138651847839,0.4173436760902405,0.4635497033596039,3.918121337890625,3.971649169921875,Fixation,1049.6903030878025,658.7159584070506,220.0,2.0,True,2,image,,10.0
292.0,1059.8046875,674.6187400817871,0.4237600266933441,0.4362491071224212,0.4139862060546875,0.4684852361679077,3.90380859375,3.9847412109375,Fixation,1049.6903030878025,658.7159584070506,220.0,2.0,True,2,image,,10.0
296.0,1053.6289978027344,660.7663965225219,0.4231513142585754,0.4355954229831695,0.4115738272666931,0.4588655531406402,3.9129791259765625,3.962356567382813,Fixation,1049.6903030878025,658.7159584070506,220.0,2.0,True,2,image,,10.0
300.0,1055.8248901367185,666.6423225402832,0.4235534071922302,0.4402338862419128,0.4124315977096557,0.4629460573196411,3.886550903320313,3.9427642822265625,Fixation,1049.6903030878025,658.7159584070506,220.0,2.0,True,2,image,,10.0
304.0,1052.6882171630857,673.5792446136473,0.4226745963096618,0.4460169374942779,0.4112063348293304,0.4677633643150329,3.882049560546875,3.9677886962890634,Fixation,1049.6903030878025,658.7159584070506,220.0,2.0,True,2,image,,10.0
308.0,1049.7164154052732,664.173059463501,0.4261271953582763,0.4466724395751953,0.4100454747676849,0.4612312912940979,3.890579223632813,3.9280853271484375,Fixation,1049.6903030878025,658.7159584070506,220.0,2.0,True,2,image,,10.0
312.0,1043.9709472656248,669.4566679000854,0.4227004945278168,0.4429358541965484,0.4078011512756347,0.4649004638195038,3.875244140625,3.930755615234375,Fixation,1049.6903030878025,658.7159584070506,220.0,2.0,True,2,image,,10.0
316.0,1050.9091186523438,669.3029022216796,0.4202387630939483,0.446054607629776,0.4105113744735718,0.4647936820983886,3.869430541992187,3.9154052734375,Fixation,1049.6903030878025,658.7159584070506,220.0,2.0,True,2,image,,10.0
320.0,1048.0768585205076,666.8897294998169,0.4211639165878296,0.4332397282123565,0.4094050228595733,0.4631178677082062,3.822921752929687,3.902496337890625,Fixation,1049.6903030878025,658.7159584070506,220.0,2.0,True,2,image,,10.0
324.0,1049.9571990966797,661.8824529647826,0.4212114214897156,0.4332420229911804,0.4101395308971405,0.4596405923366546,3.8139801025390634,3.871490478515625,Fixation,1049.6903030878025,658.7159584070506,220.0,2.0,True,2,image,,10.0
328.0,1044.0748596191406,655.4718446731567,0.4199511706829071,0.4417493641376495,0.4078417420387268,0.4551887810230255,3.8206787109375,3.8631744384765625,Fixation,1049.6903030878025,658.7159584070506,220.0,2.0,True,2,image,,10.0
332.0,1046.5049743652344,674.8327159881591,0.4235977828502655,0.4456652402877807,0.4087910056114197,0.4686338305473327,3.8183441162109375,3.8955230712890634,Fixation,1049.6903030878025,658.7159584070506,220.0,2.0,True,2,image,,10.0
336.0,1040.5132293701172,658.0324316024779,0.4188275933265686,0.443351149559021,0.406450480222702,0.4569669663906097,3.8001708984375,3.838302612304687,Fixation,1049.6903030878025,658.7159584070506,220.0,2.0,True,2,image,,10.0
340.0,1051.4801025390625,665.6303787231444,0.4172646999359131,0.4337554275989532,0.4107344150543213,0.4622433185577392,3.7741546630859375,3.841262817382813,Fixation,1049.6903030878025,658.7159584070506,220.0,2.0,True,2,image,,10.0
344.0,1046.9283294677734,659.3374443054198,0.4204485118389129,0.4338491857051849,0.408956378698349,0.4578732252120971,3.7632904052734375,3.82318115234375,Fixation,1049.6903030878025,658.7159584070506,220.0,2.0,True,2,image,,10.0
348.0,1044.5774841308591,668.4045124053954,0.4221899807453155,0.4431314766407013,0.4080380797386169,0.4641698002815246,3.78387451171875,3.840789794921875,Fixation,1049.6903030878025,658.7159584070506,220.0,2.0,True,2,image,,10.0
352.0,1044.9960327148435,673.0715990066528,0.422132134437561,0.4475592374801636,0.4082015752792358,0.4674108326435089,3.7752532958984375,3.83648681640625,Fixation,1049.6903030878025,658.7159584070506,220.0,2.0,True,2,image,,10.0
356.0,1049.3003845214841,662.7802419662474,0.4201530218124389,0.4355440139770508,0.4098829627037048,0.4602640569210052,3.7337799072265625,3.785980224609375,Fixation,1049.6903030878025,658.7159584070506,220.0,2.0,True,2,image,,10.0
360.0,1045.6199645996094,672.5437831878661,0.4196837842464447,0.4360153079032898,0.4084452986717224,0.4670442938804626,3.728912353515625,3.7817535400390634,Fixation,1049.6903030878025,658.7159584070506,220.0,2.0,True,2,image,,10.0
364.0,1051.7391967773438,664.9155378341675,0.4212629795074463,0.4434387385845184,0.4108356237411499,0.4617469012737274,3.7302093505859375,3.784225463867187,Fixation,1049.6903030878025,658.7159584070506,220.0,2.0,True,2,image,,10.0
368.0,1049.292297363281,667.864465713501,0.4182888567447662,0.4340100586414337,0.4098798036575317,0.4637947678565979,3.69390869140625,3.779586791992187,Fixation,1049.6903030878025,658.7159584070506,220.0,2.0,True,2,image,,10.0
372.0,1055.6193542480469,657.496075630188,0.4206203818321228,0.4332396984100342,0.4123513102531433,0.4565944969654083,3.6931304931640634,3.728927612304687,Fixation,1049.6903030878025,658.7159584070506,220.0,2.0,True,2,image,,10.0
376.0,1046.4805603027344,660.7790994644165,0.4186923205852508,0.4351585209369659,0.4087814688682556,0.458874374628067,3.684906005859375,3.749176025390625,Fixation,1049.6903030878025,658.7159584070506,220.0,2.0,True,2,image,,10.0
380.0,1047.2850036621094,645.3206491470336,0.4193505048751831,0.4261836409568786,0.4090957045555115,0.44813933968544,3.6528167724609375,3.7124176025390634,Fixation,1049.6903030878025,658.7159584070506,220.0,2.0,True,2,image,,10.0
384.0,1050.6899261474607,647.3289155960082,0.4214539229869842,0.4411569535732269,0.4104257524013519,0.4495339691638946,3.681716918945313,3.7108306884765625,Fixation,1049.6903030878025,658.7159584070506,220.0,2.0,True,2,image,,10.0
388.0,1053.009338378906,643.21964263916,0.4224359691143036,0.4293374717235565,0.4113317728042602,0.4466803073883056,3.6324462890625,3.6949462890625,Fixation,1049.6903030878025,658.7159584070506,220.0,2.0,True,2,image,,10.0
392.0,1047.4837493896484,650.4389476776122,0.4202637076377868,0.4360189437866211,0.4091733396053314,0.4516937136650085,3.634689331054687,3.692596435546875,Fixation,1049.6903030878025,658.7159584070506,220.0,2.0,True,2,image,,10.0
396.0,1052.9535675048826,650.1130056381226,0.4185190200805664,0.4295243322849273,0.4113099873065948,0.451467365026474,3.622894287109375,3.676803588867187,Fixation,1049.6903030878025,658.7159584070506,220.0,2.0,True,2,image,,10.0
400.0,1047.9104614257812,653.893632888794,0.4166549444198608,0.4317463040351867,0.4093400239944458,0.454092800617218,3.620330810546875,3.679718017578125,Fixation,1049.6903030878025,658.7159584070506,220.0,2.0,True,2,image,,10.0
404.0,1048.8739776611328,631.6634416580199,0.4196268916130066,0.4277507364749908,0.40971639752388,0.4386551678180694,3.5908203125,3.646682739257813,Fixation,1049.6903030878025,658.7159584070506,220.0,2.0,True,2,image,,10.0
408.0,1048.6054992675781,646.6593074798583,0.4190995097160339,0.4323417544364929,0.4096115231513977,0.4490689635276794,3.611785888671875,3.6429595947265625,Fixation,1049.6903030878025,658.7159584070506,220.0,2.0,True,2,image,,10.0
412.0,1046.5345001220703,648.541145324707,0.4194028675556183,0.4340203404426574,0.4088025391101837,0.4503757953643799,3.6007080078125,3.6621246337890634,Fixation,1049.6903030878025,658.7159584070506,220.0,2.0,True,2,image,,10.0
416.0,1044.6905517578125,665.7553482055664,0.4211496412754059,0.4300768375396728,0.4080822467803955,0.4623301029205322,3.571014404296875,3.6637115478515625,Fixation,1049.6903030878025,658.7159584070506,220.0,2.0,True,2,image,,10.0
420.0,1048.7714385986326,656.8307161331177,0.4216225147247314,0.4297860264778137,0.4096763432025909,0.4561324417591095,3.5631561279296875,3.6527099609375,Fixation,1049.6903030878025,658.7159584070506,220.0,2.0,True,2,image,,10.0
424.0,1050.568618774414,662.0569467544555,0.4208357036113739,0.4277503788471222,0.4103783667087555,0.459761768579483,3.54925537109375,3.645553588867187,Fixation,1049.6903030878025,658.7159584070506,220.0,2.0,True,2,image,,10.0
428.0,1047.9483032226562,650.124249458313,0.4203025996685028,0.4246957004070282,0.4093548059463501,0.4514751732349396,3.5384521484375,3.6129150390625,Fixation,1049.6903030878025,658.7159584070506,220.0,2.0,True,2,image,,10.0
432.0,1048.065414428711,651.7240905761718,0.4193212389945984,0.4273567497730255,0.4094005525112152,0.4525861740112304,3.5295867919921875,3.628509521484375,Fixation,1049.6903030878025,658.7159584070506,220.0,2.0,True,2,image,,10.0
436.0,1053.016891479492,654.1745138168335,0.4201951920986175,0.4366125762462616,0.4113347232341766,0.4542878568172455,3.533599853515625,3.5917205810546875,Fixation,1049.6903030878025,658.7159584070506,220.0,2.0,True,2,image,,10.0
440.0,1047.542724609375,656.8876218795776,0.4215166270732879,0.4320116639137268,0.4091963768005371,0.4561719596385956,3.527923583984375,3.6129302978515625,Fixation,1049.6903030878025,658.7159584070506,220.0,2.0,True,2,image,,10.0
444.0,1051.7607879638672,642.5487041473388,0.4205334782600403,0.4358369708061218,0.4108440577983856,0.4462143778800964,3.5333709716796875,3.565399169921875,Fixation,1049.6903030878025,658.7159584070506,220.0,2.0,True,2,image,,10.0
448.0,1048.649673461914,632.0301532745361,0.4170935153961181,0.4226092994213104,0.4096287786960602,0.4389098286628723,3.493621826171875,3.5691070556640625,Fixation,1049.6903030878025,658.7159584070506,220.0,2.0,True,2,image,,10.0
452.0,1057.1702575683594,643.2377958297728,0.4162971973419189,0.4141188859939575,0.4129571318626404,0.4466929137706756,3.4644927978515625,3.5580291748046875,Fixation,1049.6903030878025,658.7159584070506,220.0,2.0,True,2,image,,10.0
456.0,1048.3344268798828,651.3908100128174,0.4187145531177521,0.4316242337226867,0.4095056354999542,0.4523547291755676,3.511627197265625,3.5716705322265625,Fixation,1049.6903030878025,658.7159584070506,220.0,2.0,True,2,image,,10.0
460.0,1057.4756622314453,654.3109846115111,0.4187821745872497,0.4304053783416748,0.4130764305591583,0.4543826282024383,3.4846649169921875,3.54931640625,Fixation,1049.6903030878025,658.7159584070506,220.0,2.0,True,2,image,,10.0
464.0,1052.6217651367185,628.0683803558348,0.4197389483451843,0.4307611286640167,0.4111803770065307,0.4361585974693298,3.47967529296875,3.533233642578125,Fixation,1049.6903030878025,658.7159584070506,220.0,2.0,True,2,image,,10.0
468.0,1052.2370910644531,636.1226892471313,0.4143158793449402,0.4319217503070831,0.411030113697052,0.4417518675327301,3.46063232421875,3.5271453857421875,Fixation,1049.6903030878025,658.7159584070506,220.0,2.0,True,2,image,,10.0
472.0,1021.0160064697264,642.7405786514282,0.4028325080871582,0.4454314112663269,0.3988343775272369,0.4463476240634918,3.47576904296875,3.51177978515625,Fixation,1049.6903030878025,658.7159584070506,220.0,2.0,True,2,image,,10.0
476.0,976.7084503173827,697.5031328201294,0.3730808794498443,0.4479570984840393,0.3815267384052276,0.4843771755695343,3.4210968017578125,3.5213775634765625,Saccade,,,,0.0,False,3,,,
480.0,904.3030548095703,759.3575763702393,0.3486771881580353,0.5255327224731445,0.3532433807849884,0.5273316502571106,3.5061492919921875,3.5187530517578125,Saccade,,,,0.0,False,3,,,
484.0,839.0763092041016,826.3631916046143,0.3251493573188782,0.5486978888511658,0.3277641832828522,0.5738633275032043,3.4978485107421875,3.525115966796875,Saccade,,,,0.0,False,3,,,
488.0,797.8334045410155,877.5850582122803,0.3029871582984924,0.585265040397644,0.3116536736488342,0.6094340682029724,3.4669647216796875,3.534393310546875,Saccade,,,,0.0,False,3,,,
492.0,777.3397064208983,921.741943359375,0.2984834611415863,0.6371795535087585,0.3036483228206634,0.6400985717773438,3.476226806640625,3.5311737060546875,Saccade,,,,0.0,False,3,,,
496.0,769.9999237060547,974.3726348876953,0.3037259876728058,0.6588630080223083,0.3007812201976776,0.6766476631164551,3.4803924560546875,3.533172607421875,Saccade,,,,0.0,False,3,,,
500.0,770.968780517578,1005.4400825500488,0.307940810918808,0.6686399579048157,0.3011596798896789,0.698222279548645,3.429229736328125,3.52178955078125,Saccade,,,,0.0,False,3,,,
504.0,792.7974700927734,1028.887825012207,0.320179283618927,0.7075143456459045,0.3096865117549896,0.7145054340362549,3.427474975585937,3.50433349609375,Fixation,794.8731352790953,1039.1661494118828,248.0,3.0,True,4,image,,10.0
508.0,812.585220336914,1047.8260231018066,0.3264874219894409,0.7215842604637146,0.317416101694107,0.7276569604873657,3.4322662353515625,3.49346923828125,Fixation,794.8731352790953,1039.1661494118828,248.0,3.0,True,4,image,,10.0
512.0,813.303985595703,1041.6570281982422,0.3266334533691406,0.7113108038902283,0.3176968693733215,0.7233729362487793,3.44537353515625,3.4929351806640625,Fixation,794.8731352790953,1039.1661494118828,248.0,3.0,True,4,image,,10.0
516.0,811.8475341796874,1023.2319259643555,0.3226276636123657,0.7037721872329712,0.3171279430389404,0.7105777263641357,3.440155029296875,3.496124267578125,Fixation,794.8731352790953,1039.1661494118828,248.0,3.0,True,4,image,,10.0
520.0,812.7306365966797,1011.6911315917969,0.3183059990406036,0.6913270354270935,0.317472904920578,0.7025632858276367,3.4298095703125,3.503662109375,Fixation,794.8731352790953,1039.1661494118828,248.0,3.0,True,4,image,,10.0
524.0,801.9956970214843,1009.1695976257324,0.317708671092987,0.6955316662788391,0.3132795691490173,0.7008122205734253,3.4522705078125,3.490936279296875,Fixation,794.8731352790953,1039.1661494118828,248.0,3.0,True,4,image,,10.0
528.0,788.1552886962891,1017.7417659759521,0.3152205944061279,0.6995261311531067,0.3078731596469879,0.7067651152610779,3.4287872314453125,3.4608306884765625,Fixation,794.8731352790953,1039.1661494118828,248.0,3.0,True,4,image,,10.0
532.0,788.7252807617188,1020.7494449615479,0.3137816488742828,0.6968980431556702,0.3080958127975464,0.7088537812232971,3.427886962890625,3.473861694335937,Fixation,794.8731352790953,1039.1661494118828,248.0,3.0,True,4,image,,10.0
536.0,784.1660308837891,1024.8833084106445,0.314477264881134,0.7048205137252808,0.3063148558139801,0.7117245197296143,3.406967163085937,3.476226806640625,Fixation,794.8731352790953,1039.1661494118828,248.0,3.0,True,4,image,,10.0
540.0,784.0396881103516,1023.7003898620605,0.3166476190090179,0.7031930088996887,0.3062655031681061,0.7109030485153198,3.4004364013671875,3.4600982666015625,Fixation,794.8731352790953,1039.1661494118828,248.0,3.0,True,4,image,,10.0
544.0,778.8735198974609,1033.4056091308594,0.3158543705940246,0.7108383774757385,0.3042474687099457,0.7176427841186523,3.4019775390625,3.4602508544921875,Fixation,794.8731352790953,1039.1661494118828,248.0,3.0,True,4,image,,10.0
548.0,778.7934875488281,1025.5200862884521,0.3173742890357971,0.7027149200439453,0.304216206073761,0.7121667265892029,3.375717163085937,3.45660400390625,Fixation,794.8731352790953,1039.1661494118828,248.0,3.0,True,4,image,,10.0
552.0,776.8259429931641,1036.4433288574219,0.3176482021808624,0.7121236324310303,0.3034476339817047,0.719752311706543,3.3807830810546875,3.46197509765625,Fixation,794.8731352790953,1039.1661494118828,248.0,3.0,True,4,image,,10.0
556.0,781.9806671142577,1035.0470352172852,0.3175104260444641,0.7134734988212585,0.3054611980915069,0.7187826633453369,3.386566162109375,3.4439697265625,Fixation,794.8731352790953,1039.1661494118828,248.0,3.0,True,4,image,,10.0
560.0,782.6719665527343,1040.257043838501,0.3196209669113159,0.7077173590660095,0.3057312369346618,0.7224007248878479,3.3917236328125,3.4433135986328125,Fixation,794.8731352790953,1039.1661494118828,248.0,3.0,True,4,image,,10.0
564.0,794.8831176757811,1038.059949874878,0.3176228404045105,0.7121028304100037,0.310501217842102,0.7208749651908875,3.3781280517578125,3.4382476806640625,Fixation,794.8731352790953,1039.1661494118828,248.0,3.0,True,4,image,,10.0
568.0,797.5063323974609,1046.1200523376465,0.3206776082515716,0.7029925584793091,0.3115259110927582,0.7264722585678101,3.34893798828125,3.444427490234375,Fixation,794.8731352790953,1039.1661494118828,248.0,3.0,True,4,image,,10.0
572.0,803.6392211914061,1044.300012588501,0.3213828206062317,0.7130672335624695,0.313921570777893,0.7252083420753479,3.3973846435546875,3.428329467773437,Fixation,794.8731352790953,1039.1661494118828,248.0,3.0,True,4,image,,10.0
576.0,801.123809814453,1042.2589588165283,0.3200690448284149,0.7144920229911804,0.3129389882087707,0.7237909436225891,3.39263916015625,3.4327392578125,Fixation,794.8731352790953,1039.1661494118828,248.0,3.0,True,4,image,,10.0
580.0,808.1826782226562,1043.5998916625977,0.3185648918151855,0.7081791758537292,0.3156963586807251,0.724722146987915,3.371917724609375,3.432830810546875,Fixation,794.8731352790953,1039.1661494118828,248.0,3.0,True,4,image,,10.0
584.0,791.0152435302733,1030.416898727417,0.3226873576641083,0.7082253098487854,0.308990329504013,0.7155672907829285,3.36505126953125,3.416900634765625,Fixation,794.8731352790953,1039.1661494118828,248.0,3.0,True,4,image,,10.0
588.0,797.2939300537108,1036.999683380127,0.3200709819793701,0.709441602230072,0.3114429414272308,0.720138669013977,3.374114990234375,3.41650390625,Fixation,794.8731352790953,1039.1661494118828,248.0,3.0,True,4,image,,10.0
592.0,794.7672271728514,1040.5783939361572,0.3213216662406921,0.7140914797782898,0.3104559481143951,0.722623884677887,3.363616943359375,3.42425537109375,Fixation,794.8731352790953,1039.1661494118828,248.0,3.0,True,4,image,,10.0
596.0,790.5940246582031,1037.031011581421,0.3201013505458832,0.7159708142280579,0.3088257908821106,0.7201604247093201,3.3987274169921875,3.418212890625,Fixation,794.8731352790953,1039.1661494118828,248.0,3.0,True,4,image,,10.0
600.0,780.5134582519531,1040.7770919799805,0.3210076689720154,0.7142015099525452,0.3048880696296692,0.722761869430542,3.3701629638671875,3.422760009765625,Fixation,794.8731352790953,1039.1661494118828,248.0,3.0,True,4,image,,10.0
604.0,789.203643798828,1040.209150314331,0.3196836709976196,0.7145897150039673,0.3082826733589172,0.7223674654960632,3.3820037841796875,3.41778564453125,Fixation,794.8731352790953,1039.1661494118828,248.0,3.0,True,4,image,,10.0
608.0,785.5795288085936,1041.824655532837,0.3177913725376129,0.7049967050552368,0.3068670034408569,0.7234893441200256,3.3471221923828125,3.4108428955078125,Fixation,794.8731352790953,1039.1661494118828,248.0,3.0,True,4,image,,10.0
612.0,793.7061309814453,1042.4752521514893,0.3183929920196533,0.7083797454833984,0.3100414574146271,0.7239411473274231,3.359100341796875,3.41693115234375,Fixation,794.8731352790953,1039.1661494118828,248.0,3.0,True,4,image,,10.0
616.0,798.6141967773438,1040.5706691741943,0.3160541951656341,0.7081843614578247,0.3119586706161499,0.7226185202598572,3.36260986328125,3.40277099609375,Fixation,794.8731352790953,1039.1661494118828,248.0,3.0,True,4,image,,10.0
620.0,783.0188751220703,1041.8609619140625,0.3213873207569122,0.7063668966293335,0.3058667480945587,0.7235145568847656,3.353790283203125,3.4110565185546875,Fixation,794.8731352790953,1039.1661494118828,248.0,3.0,True,4,image,,10.0
624.0,791.3336944580078,1045.010690689087,0.3210660815238952,0.7027788758277893,0.3091147243976593,0.7257018685340881,3.331024169921875,3.4227752685546875,Fixation,794.8731352790953,1039.1661494118828,248.0,3.0,True,4,image,,10.0
628.0,790.4081726074218,1042.2169017791748,0.3208149671554565,0.7116829752922058,0.3087531924247741,0.7237617373466492,3.3611602783203125,3.422393798828125,Fixation,794.8731352790953,1039.1661494118828,248.0,3.0,True,4,image,,10.0
632.0,801.2602996826171,1036.2732982635498,0.3216169774532318,0.7045602202415466,0.3129923045635223,0.7196342349052429,3.3430328369140625,3.42059326171875,Fixation,794.8731352790953,1039.1661494118828,248.0,3.0,True,4,image,,10.0
636.0,799.2543029785155,1039.0546417236328,0.3199339509010315,0.7081477642059326,0.3122087121009826,0.7215657234191895,3.362533569335937,3.401596069335937,Fixation,794.8731352790953,1039.1661494118828,248.0,3.0,True,4,image,,10.0
640.0,799.4384765624999,1040.5402851104736,0.3215606212615967,0.7051279544830322,0.3122806549072265,0.7225974202156067,3.3547821044921875,3.3997955322265625,Fixation,794.8731352790953,1039.1661494118828,248.0,3.0,True,4,image,,10.0
644.0,797.2738647460936,1036.309518814087,0.3209250867366791,0.7067638039588928,0.3114351034164428,0.7196593880653381,3.3466033935546875,3.4051055908203125,Fixation,794.8731352790953,1039.1661494118828,248.0,3.0,True,4,image,,10.0
648.0,797.3075866699218,1045.9816074371338,0.3227362036705017,0.708311140537262,0.3114482760429382,0.7263761162757874,3.344223022460937,3.413604736328125,Fixation,794.8731352790953,1039.1661494118828,248.0,3.0,True,4,image,,10.0
652.0,799.9462890624999,1046.0918140411377,0.3190084099769592,0.7088994383811951,0.312479019165039,0.726452648639679,3.363311767578125,3.4246368408203125,Fixation,794.8731352790953,1039.1661494118828,248.0,3.0,True,4,image,,10.0
656.0,799.1613769531249,1036.3282299041748,0.3191213309764862,0.7141093611717224,0.3121724128723144,0.7196723818778992,3.3491363525390625,3.40960693359375,Fixation,794.8731352790953,1039.1661494118828,248.0,3.0,True,4,image,,10.0
660.0,787.0935821533202,1038.6245441436768,0.3232380151748657,0.7122554183006287,0.3074584305286407,0.72126704454422,3.349365234375,3.3811187744140625,Fixation,794.8731352790953,1039.1661494118828,248.0,3.0,True,4,image,,10.0
664.0,790.1406860351562,1041.8915176391602,0.3188027441501617,0.7116158604621887,0.3086487054824829,0.7235357761383057,3.3311309814453125,3.4018707275390625,Fixation,794.8731352790953,1039.1661494118828,248.0,3.0,True,4,image,,10.0
668.0,781.3399505615234,1035.1496028900146,0.3206367492675781,0.7187159061431885,0.3052109181880951,0.7188538908958435,3.359359741210937,3.3817596435546875,Fixation,794.8731352790953,1039.1661494118828,248.0,3.0,True,4,image,,10.0
672.0,783.9440155029297,1034.3731784820557,0.322248250246048,0.7114337682723999,0.3062281310558319,0.7183147072792053,3.346405029296875,3.3871612548828125,Fixation,794.8731352790953,1039.1661494118828,248.0,3.0,True,4,image,,10.0
676.0,780.1690673828124,1035.968427658081,0.3214809596538543,0.7139928936958313,0.3047535419464111,0.7194225192070007,3.3353424072265625,3.37969970703125,Fixation,794.8731352790953,1039.1661494118828,248.0,3.0,True,4,image,,10.0
680.0,779.9318695068359,1044.9806499481201,0.3204779624938965,0.7229750752449036,0.3046608865261078,0.7256810069084167,3.352279663085937,3.391998291015625,Fixation,794.8731352790953,1039.1661494118828,248.0,3.0,True,4,image,,10.0
684.0,780.3849029541016,1034.562177658081,0.3207758069038391,0.7194820642471313,0.3048378527164459,0.7184459567070007,3.350616455078125,3.388168334960937,Fixation,794.8731352790953,1039.1661494118828,248.0,3.0,True,4,image,,10.0
688.0,794.0160369873047,1044.9417686462402,0.3194455802440643,0.7160253524780273,0.3101625144481659,0.7256540060043335,3.3321990966796875,3.4010467529296875,Fixation,794.8731352790953,1039.1661494118828,248.0,3.0,True,4,image,,10.0
692.0,784.6295166015624,1051.4497089385986,0.3243423104286194,0.7163514494895935,0.3064959049224853,0.7301734089851379,3.3453826904296875,3.3892974853515625,Fixation,794.8731352790953,1039.1661494118828,248.0,3.0,True,4,image,,10.0
696.0,789.6945190429686,1040.9606838226318,0.3217805325984955,0.7107505202293396,0.3084744215011596,0.7228893637657166,3.346664428710937,3.3967437744140625,Fixation,794.8731352790953,1039.1661494118828,248.0,3.0,True,4,image,,10.0
700.0,792.7716064453125,1045.88942527771,0.320176362991333,0.7082538604736328,0.3096764087677002,0.7263121008872986,3.337860107421875,3.3935089111328125,Fixation,794.8731352790953,1039.1661494118828,248.0,3.0,True,4,image,,10.0
704.0,795.1013183593749,1042.811622619629,0.3184471726417541,0.7094333171844482,0.3105864524841308,0.7241747379302979,3.342193603515625,3.39605712890625,Fixation,794.8731352790953,1039.1661494118828,248.0,3.0,True,4,image,,10.0
708.0,802.9664611816405,1040.9773349761963,0.3207578361034393,0.708489716053009,0.3136587738990783,0.722900927066803,3.34893798828125,3.38983154296875,Fixation,794.8731352790953,1039.1661494118828,248.0,3.0,True,4,image,,10.0
712.0,801.3721466064453,1045.6611156463623,0.3222485780715942,0.7077271938323975,0.3130359947681427,0.726153552532196,3.3655548095703125,3.394927978515625,Fixation,794.8731352790953,1039.1661494118828,248.0,3.0,True,4,image,,10.0
716.0,800.3449249267577,1045.4940032958984,0.3197807967662811,0.710197389125824,0.3126347362995147,0.7260375022888184,3.33740234375,3.3739013671875,Fixation,794.8731352790953,1039.1661494118828,248.0,3.0,True,4,image,,10.0
720.0,801.44287109375,1043.7036609649658,0.3177538216114044,0.704043447971344,0.3130636215209961,0.7247942090034485,3.342926025390625,3.3904571533203125,Fixation,794.8731352790953,1039.1661494118828,248.0,3.0,True,4,image,,10.0
724.0,798.2423400878906,1051.0357475280762,0.3185335695743561,0.6996275782585144,0.3118134140968323,0.7298859357833862,3.3302459716796875,3.39215087890625,Fixation,794.8731352790953,1039.1661494118828,248.0,3.0,True,4,image,,10.0
728.0,799.0785217285156,1051.1903285980225,0.3175308108329773,0.6996043920516968,0.3121400475502014,0.7299932837486267,3.3452911376953125,3.396392822265625,Fixation,794.8731352790953,1039.1661494118828,248.0,3.0,True,4,image,,10.0
732.0,802.2720336914061,1051.8354320526123,0.3221840262413025,0.7063795924186707,0.3133875131607055,0.7304412722587585,3.336639404296875,3.395492553710937,Fixation,794.8731352790953,1039.1661494118828,248.0,3.0,True,4,image,,10.0
736.0,799.8770904541016,1045.0466537475586,0.3206716775894165,0.697986364364624,0.3124519884586334,0.725726842880249,3.311065673828125,3.37420654296875,Fixation,794.8731352790953,1039.1661494118828,248.0,3.0,True,4,image,,10.0
740.0,790.516128540039,1045.393409729004,0.319805234670639,0.7052122950553894,0.3087953627109527,0.7259676456451416,3.348968505859375,3.3927459716796875,Fixation,794.8731352790953,1039.1661494118828,248.0,3.0,True,4,image,,10.0
744.0,797.9547882080077,1056.6955947875977,0.3214923143386841,0.6987873315811157,0.311701089143753,0.733816385269165,3.3463897705078125,3.383636474609375,Fixation,794.8731352790953,1039.1661494118828,248.0,3.0,True,4,image,,10.0
748.0,818.9700317382812,1048.0077266693115,0.3267307579517364,0.7004344463348389,0.3199101686477661,0.7277831435203552,3.34234619140625,3.3831787109375,Fixation,794.8731352790953,1039.1661494118828,248.0,3.0,True,4,image,,10.0
752.0,850.2352142333983,1055.7219314575195,0.3366165161132812,0.7123888731002808,0.3321231305599212,0.733140230178833,3.332855224609375,3.4031219482421875,Fixation,794.8731352790953,1039.1661494118828,248.0,3.0,True,4,image,,10.0
756.0,899.3760681152344,1057.3574352264404,0.3527089357376098,0.7145787477493286,0.3513187766075134,0.7342759966850281,3.331695556640625,3.3690338134765625,Fixation,924.6542807186352,1067.735897288603,336.0,4.0,True,5,word,shaved,2.0
760.0,928.3578491210936,1064.3273162841797,0.3668963313102722,0.7156038284301758,0.3626397848129272,0.7391161918640137,3.3135223388671875,3.3841094970703125,Fixation,924.6542807186352,1067.735897288603,336.0,4.0,True,5,word,shaved,2.0
764.0,943.2285308837891,1066.6613960266113,0.3720797300338745,0.7138485908508301,0.3684486448764801,0.7407370805740356,3.3017730712890625,3.39227294921875,Fixation,924.6542807186352,1067.735897288603,336.0,4.0,True,5,word,shaved,2.0
768.0,936.2807464599608,1068.67506980896,0.3785981833934784,0.7110609412193298,0.3657346665859222,0.7421354651451111,3.325439453125,3.3575897216796875,Fixation,924.6542807186352,1067.735897288603,336.0,4.0,True,5,word,shaved,2.0
772.0,929.4190979003906,1066.7914295196533,0.374330073595047,0.7052772641181946,0.3630543351173401,0.7408273816108704,3.31207275390625,3.3704986572265625,Fixation,924.6542807186352,1067.735897288603,336.0,4.0,True,5,word,shaved,2.0
776.0,909.7505950927734,1061.2436771392822,0.3725574016571045,0.7159162759780884,0.3553713262081146,0.7369747757911682,3.330551147460937,3.3589019775390625,Fixation,924.6542807186352,1067.735897288603,336.0,4.0,True,5,word,shaved,2.0
780.0,903.0513000488281,1067.6190090179443,0.3699974715709686,0.7079901099205017,0.3527544140815735,0.7414020895957947,3.3070526123046875,3.367218017578125,Fixation,924.6542807186352,1067.735897288603,336.0,4.0,True,5,word,shaved,2.0
784.0,901.2926483154297,1055.176649093628,0.3691989481449127,0.7091550827026367,0.3520674407482147,0.732761561870575,3.310302734375,3.366363525390625,Fixation,924.6542807186352,1067.735897288603,336.0,4.0,True,5,word,shaved,2.0
788.0,911.1287689208983,1066.6107559204102,0.3675141930580139,0.7149973511695862,0.3559096753597259,0.7407019138336182,3.3020477294921875,3.3918914794921875,Fixation,924.6542807186352,1067.735897288603,336.0,4.0,True,5,word,shaved,2.0
792.0,910.0345611572266,1065.9146690368652,0.3663454949855804,0.7096479535102844,0.3554822504520416,0.7402185201644897,3.30072021484375,3.3571929931640625,Fixation,924.6542807186352,1067.735897288603,336.0,4.0,True,5,word,shaved,2.0
796.0,914.3012237548828,1070.7817840576172,0.3684265911579132,0.7163581252098083,0.3571489155292511,0.743598461151123,3.332977294921875,3.3695220947265625,Fixation,924.6542807186352,1067.735897288603,336.0,4.0,True,5,word,shaved,2.0
800.0,914.3702697753905,1066.6341876983643,0.3701558709144592,0.7090587019920349,0.3571758866310119,0.7407181859016418,3.3099365234375,3.352569580078125,Fixation,924.6542807186352,1067.735897288603,336.0,4.0,True,5,word,shaved,2.0
804.0,915.6208038330078,1069.5760345458984,0.3694966435432434,0.7153798341751099,0.3576643764972687,0.7427611351013184,3.311370849609375,3.361236572265625,Fixation,924.6542807186352,1067.735897288603,336.0,4.0,True,5,word,shaved,2.0
808.0,909.4136047363281,1063.3038711547852,0.3709029257297516,0.7182688117027283,0.3552396893501282,0.7384054660797119,3.3065338134765625,3.359832763671875,Fixation,924.6542807186352,1067.735897288603,336.0,4.0,True,5,word,shaved,2.0
812.0,924.5502471923827,1068.3296871185303,0.3721536099910736,0.7151942849159241,0.3611524403095245,0.7418956160545349,3.3144073486328125,3.3575439453125,Fixation,924.6542807186352,1067.735897288603,336.0,4.0,True,5,word,shaved,2.0
816.0,919.8987579345702,1066.3724040985107,0.3697792291641235,0.7117242813110352,0.3593354523181915,0.7405363917350769,3.275360107421875,3.359100341796875,Fixation,924.6542807186352,1067.735897288603,336.0,4.0,True,5,word,shaved,2.0
820.0,919.3585205078124,1068.0103969573975,0.3762505650520324,0.7126020789146423,0.3591244220733642,0.7416738867759705,3.30682373046875,3.3602294921875,Fixation,924.6542807186352,1067.735897288603,336.0,4.0,True,5,word,shaved,2.0
824.0,921.316680908203,1064.9441814422607,0.3756541609764099,0.7149072289466858,0.3598893284797668,0.7395445704460144,3.29736328125,3.3496551513671875,Fixation,924.6542807186352,1067.735897288603,336.0,4.0,True,5,word,shaved,2.0
828.0,916.8769073486328,1061.0052394866943,0.3745986223220825,0.7201991677284241,0.3581550419330597,0.7368091940879822,3.324737548828125,3.3469390869140625,Fixation,924.6542807186352,1067.735897288603,336.0,4.0,True,5,word,shaved,2.0
832.0,913.1459045410155,1059.8192310333252,0.3761954307556152,0.7199119329452515,0.3566976189613342,0.7359855771064758,3.30511474609375,3.346710205078125,Fixation,924.6542807186352,1067.735897288603,336.0,4.0,True,5,word,shaved,2.0
836.0,912.9816436767578,1060.633249282837,0.3771835565567016,0.7084385752677917,0.3566334545612335,0.7365508675575256,3.289154052734375,3.345565795898437,Fixation,924.6542807186352,1067.735897288603,336.0,4.0,True,5,word,shaved,2.0
840.0,920.141143798828,1066.4021015167236,0.379810631275177,0.7140278220176697,0.3594301342964172,0.7405570149421692,3.303451538085937,3.358016967773437,Fixation,924.6542807186352,1067.735897288603,336.0,4.0,True,5,word,shaved,2.0
844.0,925.0682067871094,1061.0061836242676,0.3773073554039001,0.7167571187019348,0.3613547682762146,0.7368098497390747,3.30078125,3.3646240234375,Fixation,924.6542807186352,1067.735897288603,336.0,4.0,True,5,word,shaved,2.0
848.0,923.5027313232422,1066.3722324371338,0.3727848827838897,0.7192618250846863,0.3607432544231415,0.7405362725257874,3.29656982421875,3.3638153076171875,Fixation,924.6542807186352,1067.735897288603,336.0,4.0,True,5,word,shaved,2.0
852.0,914.3307495117186,1059.823694229126,0.3750460743904114,0.7177011370658875,0.3571604490280151,0.7359886765480042,3.2989959716796875,3.343170166015625,Fixation,924.6542807186352,1067.735897288603,336.0,4.0,True,5,word,shaved,2.0
856.0,922.0301055908203,1062.9576301574707,0.3731496334075928,0.7178947925567627,0.3601680099964142,0.738165020942688,3.2862701416015625,3.3586883544921875,Fixation,924.6542807186352,1067.735897288603,336.0,4.0,True,5,word,shaved,2.0
860.0,922.8688812255859,1059.2164421081543,0.3732531368732452,0.7239835262298584,0.3604956567287445,0.7355669736862183,3.304168701171875,3.338043212890625,Fixation,924.6542807186352,1067.735897288603,336.0,4.0,True,5,word,shaved,2.0
864.0,919.7918701171874,1061.9922924041748,0.3834013640880584,0.7221267819404602,0.3592936992645263,0.7374946475028992,3.3249969482421875,3.34918212890625,Fixation,924.6542807186352,1067.735897288603,336.0,4.0,True,5,word,shaved,2.0
868.0,920.8230590820311,1064.3383026123047,0.3751731514930725,0.7207717299461365,0.3596965074539184,0.7391238212585449,3.2895660400390625,3.355194091796875,Fixation,924.6542807186352,1067.735897288603,336.0,4.0,True,5,word,shaved,2.0
872.0,921.6661071777344,1068.034086227417,0.3766919672489166,0.7354620099067688,0.3600258231163025,0.7416903376579285,3.321990966796875,3.3577423095703125,Fixation,924.6542807186352,1067.735897288603,336.0,4.0,True,5,word,shaved,2.0
876.0,924.8069763183593,1065.984706878662,0.3761264979839325,0.7314362525939941,0.3612527251243591,0.7402671575546265,3.3270721435546875,3.3533172607421875,Fixation,924.6542807186352,1067.735897288603,336.0,4.0,True,5,word,shaved,2.0
880.0,927.8077697753905,1073.5876750946045,0.375947505235672,0.7278028726577759,0.3624249100685119,0.7455469965934753,3.32025146484375,3.3520965576171875,Fixation,924.6542807186352,1067.735897288603,336.0,4.0,True,5,word,shaved,2.0
884.0,928.0356597900391,1067.6184940338135,0.376630425453186,0.7299503684043884,0.362513929605484,0.741401731967926,3.3369903564453125,3.345794677734375,Fixation,924.6542807186352,1067.735897288603,336.0,4.0,True,5,word,shaved,2.0
888.0,918.902130126953,1062.3588752746582,0.3760432004928589,0.7259738445281982,0.358946144580841,0.7377492189407349,3.3227996826171875,3.341156005859375,Fixation,924.6542807186352,1067.735897288603,336.0,4.0,True,5,word,shaved,2.0
892.0,930.771484375,1069.6279621124268,0.3757390677928924,0.7258589863777161,0.3635826110839844,0.7427971959114075,3.285003662109375,3.3530426025390625,Fixation,924.6542807186352,1067.735897288603,336.0,4.0,True,5,word,shaved,2.0
896.0,927.9495239257812,1064.1456985473633,0.3755675852298736,0.727721631526947,0.3624802827835083,0.738990068435669,3.3373565673828125,3.3560028076171875,Fixation,924.6542807186352,1067.735897288603,336.0,4.0,True,5,word,shaved,2.0
900.0,930.0758361816405,1063.9795303344727,0.374659776687622,0.7328686714172363,0.3633108735084533,0.7388746738433838,3.339584350585937,3.3554840087890625,Fixation,924.6542807186352,1067.735897288603,336.0,4.0,True,5,word,shaved,2.0
904.0,921.3992309570311,1062.5062465667725,0.3747935593128204,0.7289392352104187,0.3599215745925903,0.7378515601158142,3.32586669921875,3.3430633544921875,Fixation,924.6542807186352,1067.735897288603,336.0,4.0,True,5,word,shaved,2.0
908.0,931.1605834960938,1069.0267181396484,0.3733613193035126,0.7332776784896851,0.3637346029281616,0.7423796653747559,3.3348846435546875,3.3657684326171875,Fixation,924.6542807186352,1067.735897288603,336.0,4.0,True,5,word,shaved,2.0
912.0,932.7856445312499,1073.501501083374,0.376317024230957,0.7268931865692139,0.3643693923950195,0.7454871535301208,3.3332977294921875,3.352523803710937,Fixation,924.6542807186352,1067.735897288603,336.0,4.0,True,5,word,shaved,2.0
916.0,937.2632598876953,1065.596923828125,0.3740532994270324,0.7268771529197693,0.366118460893631,0.7399978637695312,3.330108642578125,3.367218017578125,Fixation,924.6542807186352,1067.735897288603,336.0,4.0,True,5,word,shaved,2.0
920.0,928.2867431640625,1057.546091079712,0.3730576038360595,0.7273374795913696,0.3626120090484619,0.7344070076942444,3.3342437744140625,3.3461456298828125,Fixation,924.6542807186352,1067.735897288603,336.0,4.0,True,5,word,shaved,2.0
924.0,928.0614471435546,1071.4319515228271,0.3716750741004944,0.7228490114212036,0.362524002790451,0.7440499663352966,3.313507080078125,3.37237548828125,Fixation,924.6542807186352,1067.735897288603,336.0,4.0,True,5,word,shaved,2.0
928.0,930.2310180664061,1066.7747783660889,0.3724274635314941,0.7211605310440063,0.3633714914321899,0.7408158183097839,3.3274078369140625,3.367172241210937,Fixation,924.6542807186352,1067.735897288603,336.0,4.0,True,5,word,shaved,2.0
932.0,922.4129486083983,1069.8146438598633,0.3747508525848388,0.7299060225486755,0.3603175580501556,0.742926836013794,3.33514404296875,3.3721466064453125,Fixation,924.6542807186352,1067.735897288603,336.0,4.0,True,5,word,shaved,2.0
936.0,927.5122070312499,1074.8433780670166,0.3720336556434631,0.7278763055801392,0.362309455871582,0.7464190125465393,3.338729858398437,3.3865509033203125,Fixation,924.6542807186352,1067.735897288603,336.0,4.0,True,5,word,shaved,2.0
940.0,927.3387908935547,1064.9107074737549,0.3692830502986908,0.7276553511619568,0.3622417151927948,0.739521324634552,3.3389129638671875,3.373687744140625,Fixation,924.6542807186352,1067.735897288603,336.0,4.0,True,5,word,shaved,2.0
944.0,925.7176971435546,1072.181339263916,0.3704913258552551,0.7253207564353943,0.361608475446701,0.7445703744888306,3.346588134765625,3.3734893798828125,Fixation,924.6542807186352,1067.735897288603,336.0,4.0,True,5,word,shaved,2.0
948.0,924.4760894775391,1066.4690494537354,0.3707614243030548,0.7274842262268066,0.3611234724521637,0.740603506565094,3.3343658447265625,3.375518798828125,Fixation,924.6542807186352,1067.735897288603,336.0,4.0,True,5,word,shaved,2.0
952.0,920.8274841308593,1067.3524188995361,0.3720995187759399,0.7264026999473572,0.3596982359886169,0.7412169575691223,3.345550537109375,3.37249755859375,Fixation,924.6542807186352,1067.735897288603,336.0,4.0,True,5,word,shaved,2.0
956.0,914.9671173095703,1069.1592407226562,0.3750403523445129,0.7246434092521667,0.3574090301990509,0.7424716949462891,3.3465118408203125,3.3740997314453125,Fixation,924.6542807186352,1067.735897288603,336.0,4.0,True,5,word,shaved,2.0
960.0,915.4754638671875,1067.4913787841797,0.3732733428478241,0.727813184261322,0.3576076030731201,0.7413134574890137,3.3468017578125,3.3715362548828125,Fixation,924.6542807186352,1067.735897288603,336.0,4.0,True,5,word,shaved,2.0
964.0,921.0002899169922,1067.048578262329,0.3759784400463104,0.7198430299758911,0.3597657382488251,0.7410059571266174,3.3524322509765625,3.376556396484375,Fixation,924.6542807186352,1067.735897288603,336.0,4.0,True,5,word,shaved,2.0
968.0,920.2218627929688,1076.1936664581299,0.3738605082035064,0.7295476198196411,0.3594616651535034,0.7473567128181458,3.3476715087890625,3.38922119140625,Fixation,924.6542807186352,1067.735897288603,336.0,4.0,True,5,word,shaved,2.0
972.0,928.8629913330078,1071.0615062713623,0.3778692483901977,0.7254490256309509,0.3628371059894562,0.743792712688446,3.3753204345703125,3.3875885009765625,Fixation,924.6542807186352,1067.735897288603,336.0,4.0,True,5,word,shaved,2.0
976.0,927.0870208740234,1071.658115386963,0.3780280351638794,0.7195553183555603,0.3621433675289154,0.7442070245742798,3.3682098388671875,3.3908233642578125,Fixation,924.6542807186352,1067.735897288603,336.0,4.0,True,5,word,shaved,2.0
980.0,930.3551483154297,1071.0008239746094,0.376993179321289,0.7321996688842773,0.3634199798107147,0.7437505722045898,3.3537139892578125,3.396820068359375,Fixation,924.6542807186352,1067.735897288603,336.0,4.0,True,5,word,shaved,2.0
984.0,925.1583099365233,1068.1805992126465,0.380363792181015,0.7294825315475464,0.3613899648189544,0.7417920827865601,3.389266967773437,3.4007720947265625,Fixation,924.6542807186352,1067.735897288603,336.0,4.0,True,5,word,shaved,2.0
988.0,928.8491821289062,1082.666244506836,0.3819364607334137,0.7241328358650208,0.362831711769104,0.7518515586853027,3.362045288085937,3.396881103515625,Fixation,924.6542807186352,1067.735897288603,336.0,4.0,True,5,word,shaved,2.0
992.0,930.294952392578,1072.9738998413086,0.3796010017395019,0.7262706756591797,0.3633964657783508,0.7451207637786865,3.365692138671875,3.399765014648437,Fixation,924.6542807186352,1067.735897288603,336.0,4.0,True,5,word,shaved,2.0
996.0,923.5455322265625,1070.1224327087402,0.3775275647640228,0.73426753282547,0.360759973526001,0.7431405782699585,3.362045288085937,3.4034576416015625,Fixation,924.6542807186352,1067.735897288603,336.0,4.0,True,5,word,shaved,2.0
1000.0,927.5992584228516,1063.9409923553467,0.3796166479587555,0.7291375994682312,0.3623434603214264,0.7388479113578796,3.3638458251953125,3.3903045654296875,Fixation,924.6542807186352,1067.735897288603,336.0,4.0,True,5,word,shaved,2.0
1004.0,931.5030670166016,1071.5312576293945,0.3735098242759704,0.729427695274353,0.36386838555336,0.7441189289093018,3.3743896484375,3.4121551513671875,Fixation,924.6542807186352,1067.735897288603,336.0,4.0,True,5,word,shaved,2.0
1008.0,936.1943817138671,1079.581060409546,0.3745694458484649,0.7361093759536743,0.3657009303569793,0.7497090697288513,3.388763427734375,3.401031494140625,Fixation,924.6542807186352,1067.735897288603,336.0,4.0,True,5,word,shaved,2.0
1012.0,926.4382171630858,1070.9597969055176,0.3745706975460052,0.728071391582489,0.3618899285793304,0.7437220811843872,3.361679077148437,3.3990020751953125,Fixation,924.6542807186352,1067.735897288603,336.0,4.0,True,5,word,shaved,2.0
1016.0,930.1412200927734,1079.565782546997,0.3761608302593231,0.7359917759895325,0.3633364140987396,0.7496984601020813,3.402587890625,3.40771484375,Fixation,924.6542807186352,1067.735897288603,336.0,4.0,True,5,word,shaved,2.0
1020.0,930.9243011474608,1062.938575744629,0.3748098015785217,0.726055920124054,0.3636423051357269,0.7381517887115479,3.379989624023437,3.4115142822265625,Fixation,924.6542807186352,1067.735897288603,336.0,4.0,True,5,word,shaved,2.0
1024.0,932.5338745117186,1069.7073554992676,0.3722705245018005,0.7256619334220886,0.3642710447311401,0.7428523302078247,3.3856201171875,3.4106903076171875,Fixation,924.6542807186352,1067.735897288603,336.0,4.0,True,5,word,shaved,2.0
1028.0,927.4269104003906,1071.7186260223389,0.3766516149044037,0.72586590051651,0.3622761368751526,0.7442490458488464,3.3909912109375,3.4117431640625,Fixation,924.6542807186352,1067.735897288603,336.0,4.0,True,5,word,shaved,2.0
1032.0,930.6983947753905,1070.8187770843506,0.3736501038074493,0.7318490147590637,0.3635540604591369,0.7436241507530212,3.383056640625,3.402450561523437,Fixation,924.6542807186352,1067.735897288603,336.0,4.0,True,5,word,shaved,2.0
1036.0,922.508544921875,1069.8521518707275,0.3732930421829223,0.7288961410522461,0.3603549003601074,0.7429528832435608,3.377899169921875,3.405853271484375,Fixation,924.6542807186352,1067.735897288603,336.0,4.0,True,5,word,shaved,2.0
1040.0,929.8843383789061,1074.5741271972656,0.3727612495422363,0.724091649055481,0.3632360696792602,0.7462320327758789,3.39373779296875,3.4095001220703125,Fixation,924.6542807186352,1067.735897288603,336.0,4.0,True,5,word,shaved,2.0
1044.0,927.0316314697264,1064.8749160766602,0.371147096157074,0.7230616807937622,0.3621217310428619,0.7394964694976807,3.391952514648437,3.42010498046875,Fixation,924.6542807186352,1067.735897288603,336.0,4.0,True,5,word,shaved,2.0
1048.0,927.329864501953,1070.037546157837,0.3734632432460785,0.7281388640403748,0.3622382283210754,0.7430816292762756,3.40594482421875,3.4227447509765625,Fixation,924.6542807186352,1067.735897288603,336.0,4.0,True,5,word,shaved,2.0
1052.0,921.0363769531249,1075.2599143981934,0.3758911490440368,0.72774738073349,0.3597798347473144,0.7467082738876343,3.4027557373046875,3.4148712158203125,Fixation,924.6542807186352,1067.735897288603,336.0,4.0,True,5,word,shaved,2.0
1056.0,923.0956268310546,1068.246431350708,0.3768270909786224,0.7248463034629822,0.3605842292308807,0.7418377995491028,3.4185943603515625,3.423553466796875,Fixation,924.6542807186352,1067.735897288603,336.0,4.0,True,5,word,shaved,2.0
1060.0,926.9293212890624,1072.139539718628,0.3781716823577881,0.7257383465766907,0.36208176612854,0.744541347026825,3.4131622314453125,3.434112548828125,Fixation,924.6542807186352,1067.735897288603,336.0,4.0,True,5,word,shaved,2.0
1064.0,931.9030761718749,1076.7009258270264,0.3739820122718811,0.7321469783782959,0.3640246391296386,0.7477089762687683,3.4193572998046875,3.435409545898437,Fixation,924.6542807186352,1067.735897288603,336.0,4.0,True,5,word,shaved,2.0
1068.0,921.9389343261719,1072.4787425994873,0.377446562051773,0.7342364192008972,0.3601323962211609,0.7447769045829773,3.4078521728515625,3.4139556884765625,Fixation,924.6542807186352,1067.735897288603,336.0,4.0,True,5,word,shaved,2.0
1072.0,930.6445312499999,1066.2496662139893,0.377215027809143,0.7217183113098145,0.3635330200195312,0.7404511570930481,3.374603271484375,3.4284820556640625,Fixation,924.6542807186352,1067.735897288603,336.0,4.0,True,5,word,shaved,2.0
1076.0,925.8472442626952,1061.2993812561035,0.3756633102893829,0.7217857241630554,0.3616590797901153,0.7370134592056274,3.3875732421875,3.4169464111328125,Fixation,924.6542807186352,1067.735897288603,336.0,4.0,True,5,word,shaved,2.0
1080.0,924.0434265136719,1069.8262310028076,0.3776507377624511,0.7267640233039856,0.3609544634819031,0.7429348826408386,3.398956298828125,3.43560791015625,Fixation,924.6542807186352,1067.735897288603,336.0,4.0,True,5,word,shaved,2.0
1084.0,919.3634033203124,1066.9132232666016,0.3740346729755401,0.724602460861206,0.359126329421997,0.7409119606018066,3.4045562744140625,3.4238739013671875,Fixation,924.6542807186352,1067.735897288603,336.0,4.0,True,5,word,shaved,2.0
1088.0,948.6211395263672,1072.74507522583,0.3772818446159363,0.7240927219390869,0.3705551326274872,0.7449618577957153,3.4228668212890625,3.412216186523437,Fixation,924.6542807186352,1067.735897288603,336.0,4.0,True,5,word,shaved,2.0
1092.0,986.3587951660155,1068.8453578948975,0.3905061185359955,0.720714807510376,0.3852964043617248,0.7422537207603455,3.411651611328125,3.439117431640625,Fixation,924.6542807186352,1067.735897288603,336.0,4.0,True,5,word,shaved,2.0
1096.0,1027.4130249023438,1069.150915145874,0.4135482609272003,0.7292488813400269,0.401333212852478,0.7424659132957458,3.422760009765625,3.441162109375,Fixation,1078.372746706009,1077.3208902776241,252.0,5.0,True,6,word,horse,3.0
1100.0,1065.0907897949216,1069.1230201721191,0.4148519039154053,0.72416090965271,0.4160510897636413,0.7424465417861938,3.425811767578125,3.4355621337890625,Fixation,1078.372746706009,1077.3208902776241,252.0,5.0,True,6,word,horse,3.0
1104.0,1085.9620666503904,1072.9856586456299,0.4235996603965759,0.7271789312362671,0.4242039322853088,0.7451289296150208,3.4087066650390625,3.444000244140625,Fixation,1078.372746706009,1077.3208902776241,252.0,5.0,True,6,word,horse,3.0
1108.0,1083.8709259033203,1073.8637065887451,0.4295664727687835,0.7244438529014587,0.4233870804309845,0.745738685131073,3.4039306640625,3.4352569580078125,Fixation,1078.372746706009,1077.3208902776241,252.0,5.0,True,6,word,horse,3.0
1112.0,1075.2758026123047,1068.7805557250977,0.4304209649562835,0.7195435166358948,0.4200296103954315,0.74220871925354,3.410980224609375,3.41937255859375,Fixation,1078.372746706009,1077.3208902776241,252.0,5.0,True,6,word,horse,3.0
1116.0,1076.3858795166016,1073.8915157318115,0.4318108260631561,0.7260066866874695,0.4204632341861725,0.7457579970359802,3.42657470703125,3.422225952148437,Fixation,1078.372746706009,1077.3208902776241,252.0,5.0,True,6,word,horse,3.0
1120.0,1078.2693481445312,1068.0278205871582,0.4341887533664703,0.7142619490623474,0.4211989641189575,0.7416859865188599,3.407257080078125,3.4517974853515625,Fixation,1078.372746706009,1077.3208902776241,252.0,5.0,True,6,word,horse,3.0
1124.0,1071.4968872070312,1076.692771911621,0.4314585328102112,0.7160959839820862,0.4185534715652466,0.7477033138275146,3.4136199951171875,3.4458770751953125,Fixation,1078.372746706009,1077.3208902776241,252.0,5.0,True,6,word,horse,3.0
1128.0,1069.710235595703,1071.7502117156982,0.4309853911399841,0.7110291719436646,0.4178555607795715,0.7442709803581238,3.420639038085937,3.450439453125,Fixation,1078.372746706009,1077.3208902776241,252.0,5.0,True,6,word,horse,3.0
1132.0,1062.3895263671875,1070.3420734405518,0.4266579747200012,0.7205114960670471,0.4149959087371826,0.7432931065559387,3.413330078125,3.436859130859375,Fixation,1078.372746706009,1077.3208902776241,252.0,5.0,True,6,word,horse,3.0
1136.0,1068.8609313964844,1077.4501419067383,0.4266185164451599,0.7218064665794373,0.4175238013267517,0.7482292652130127,3.423736572265625,3.457550048828125,Fixation,1078.372746706009,1077.3208902776241,252.0,5.0,True,6,word,horse,3.0
1140.0,1071.476135253906,1074.8190021514893,0.4305548369884491,0.722077488899231,0.4185453653335571,0.7464020848274231,3.4347076416015625,3.4462432861328125,Fixation,1078.372746706009,1077.3208902776241,252.0,5.0,True,6,word,horse,3.0
1144.0,1071.8296813964844,1081.9377994537354,0.430532306432724,0.7217513918876648,0.4186834692955017,0.751345694065094,3.409210205078125,3.4459991455078125,Fixation,1078.372746706009,1077.3208902776241,252.0,5.0,True,6,word,horse,3.0
1148.0,1072.963638305664,1072.8429222106934,0.4313597381114959,0.7184569239616394,0.41912642121315,0.7450298070907593,3.442230224609375,3.4483184814453125,Fixation,1078.372746706009,1077.3208902776241,252.0,5.0,True,6,word,horse,3.0
1152.0,1078.2206726074216,1080.5482864379883,0.4289026856422424,0.7147941589355469,0.4211799502372741,0.7503807544708252,3.427642822265625,3.4453582763671875,Fixation,1078.372746706009,1077.3208902776241,252.0,5.0,True,6,word,horse,3.0
1156.0,1081.8148803710938,1079.443473815918,0.4293698370456695,0.7195683717727661,0.4225839376449585,0.7496135234832764,3.45025634765625,3.468109130859375,Fixation,1078.372746706009,1077.3208902776241,252.0,5.0,True,6,word,horse,3.0
1160.0,1074.782943725586,1082.1028518676758,0.4326009750366211,0.724880576133728,0.419837087392807,0.7514603137969971,3.450653076171875,3.463241577148437,Fixation,1078.372746706009,1077.3208902776241,252.0,5.0,True,6,word,horse,3.0
1164.0,1080.6517791748047,1083.0278491973877,0.4343298673629761,0.7248563170433044,0.4221296012401581,0.7521026730537415,3.4486541748046875,3.453125,Fixation,1078.372746706009,1077.3208902776241,252.0,5.0,True,6,word,horse,3.0
1168.0,1080.123596191406,1074.0449810028076,0.4310315251350403,0.7153556942939758,0.421923279762268,0.7458645701408386,3.44122314453125,3.4561004638671875,Fixation,1078.372746706009,1077.3208902776241,252.0,5.0,True,6,word,horse,3.0
1172.0,1078.6444854736328,1071.5237045288086,0.4302983283996582,0.7246353030204773,0.4213455021381378,0.7441136837005615,3.45782470703125,3.4654998779296875,Fixation,1078.372746706009,1077.3208902776241,252.0,5.0,True,6,word,horse,3.0
1176.0,1077.1629333496091,1076.6149234771729,0.4302116632461548,0.7223318219184875,0.4207667708396911,0.7476492524147034,3.4568634033203125,3.4717559814453125,Fixation,1078.372746706009,1077.3208902776241,252.0,5.0,True,6,word,horse,3.0
1180.0,1074.2012786865234,1072.9629135131836,0.432683914899826,0.7226374745368958,0.4196098744869232,0.7451131343841553,3.4475555419921875,3.4664764404296875,Fixation,1078.372746706009,1077.3208902776241,252.0,5.0,True,6,word,horse,3.0
1184.0,1076.8356323242185,1077.4011325836182,0.437718778848648,0.7233022451400757,0.4206389188766479,0.748195230960846,3.457382202148437,3.4534149169921875,Fixation,1078.372746706009,1077.3208902776241,252.0,5.0,True,6,word,horse,3.0
1188.0,1073.436279296875,1070.2584743499756,0.4328416287899017,0.7219567894935608,0.4193110466003418,0.7432350516319275,3.4474029541015625,3.460113525390625,Fixation,1078.372746706009,1077.3208902776241,252.0,5.0,True,6,word,horse,3.0
1192.0,1065.8042907714844,1079.346055984497,0.4335654973983764,0.7205597162246704,0.4163298010826111,0.7495458722114563,3.45733642578125,3.473495483398437,Fixation,1078.372746706009,1077.3208902776241,252.0,5.0,True,6,word,horse,3.0
1196.0,1077.374267578125,1071.791410446167,0.4342061579227447,0.7180104851722717,0.4208493232727051,0.744299590587616,3.45855712890625,3.457870483398437,Fixation,1078.372746706009,1077.3208902776241,252.0,5.0,True,6,word,horse,3.0
1200.0,1077.0178222656248,1080.2525997161865,0.4336571097373962,0.7151464819908142,0.4207100868225097,0.750175416469574,3.440704345703125,3.47265625,Fixation,1078.372746706009,1077.3208902776241,252.0,5.0,True,6,word,horse,3.0
1204.0,1076.5935516357422,1089.504632949829,0.4285801351070404,0.7197287678718567,0.4205443561077118,0.7566004395484924,3.45611572265625,3.4885711669921875,Fixation,1078.372746706009,1077.3208902776241,252.0,5.0,True,6,word,horse,3.0
1208.0,1075.8370971679688,1072.8618907928467,0.4324682652950287,0.723845899105072,0.4202488660812378,0.7450429797172546,3.456817626953125,3.49481201171875,Fixation,1078.372746706009,1077.3208902776241,252.0,5.0,True,6,word,horse,3.0
1212.0,1081.2541198730466,1076.5877151489258,0.4332349300384521,0.7262318134307861,0.4223648905754089,0.7476303577423096,3.473983764648437,3.490447998046875,Fixation,1078.372746706009,1077.3208902776241,252.0,5.0,True,6,word,horse,3.0
1216.0,1074.856491088867,1080.8301544189453,0.4346321225166321,0.7234503626823425,0.4198658168315887,0.7505764961242676,3.473419189453125,3.4890289306640625,Fixation,1078.372746706009,1077.3208902776241,252.0,5.0,True,6,word,horse,3.0
1220.0,1074.968490600586,1075.766315460205,0.4366655349731445,0.7233245968818665,0.4199095666408539,0.7470599412918091,3.45574951171875,3.4943084716796875,Fixation,1078.372746706009,1077.3208902776241,252.0,5.0,True,6,word,horse,3.0
1224.0,1068.8835144042966,1074.6893978118896,0.4339743852615356,0.7186319231987,0.4175326228141784,0.7463120818138123,3.451446533203125,3.4918212890625,Fixation,1078.372746706009,1077.3208902776241,252.0,5.0,True,6,word,horse,3.0
1228.0,1080.0263214111326,1082.5608444213867,0.4327155649662018,0.7111298441886902,0.4218852818012237,0.7517783641815186,3.4547119140625,3.492889404296875,Fixation,1078.372746706009,1077.3208902776241,252.0,5.0,True,6,word,horse,3.0
1232.0,1072.8561401367185,1081.1938190460205,0.4367415308952331,0.7253516912460327,0.4190844297409057,0.7508290410041809,3.4815826416015625,3.497650146484375,Fixation,1078.372746706009,1077.3208902776241,252.0,5.0,True,6,word,horse,3.0
1236.0,1081.6786193847656,1077.9057312011719,0.4339327812194824,0.7230942249298096,0.4225307106971741,0.7485456466674805,3.4797515869140625,3.48675537109375,Fixation,1078.372746706009,1077.3208902776241,252.0,5.0,True,6,word,horse,3.0
1240.0,1076.5692138671875,1078.9047145843506,0.4367077648639679,0.7187961339950562,0.4205348491668701,0.7492393851280212,3.4888458251953125,3.499420166015625,Fixation,1078.372746706009,1077.3208902776241,252.0,5.0,True,6,word,horse,3.0
1244.0,1081.775894165039,1082.2691059112549,0.4375733137130737,0.7243906855583191,0.4225687086582184,0.751575767993927,3.4812164306640625,3.4993896484375,Fixation,1078.372746706009,1077.3208902776241,252.0,5.0,True,6,word,horse,3.0
1248.0,1081.5397644042966,1074.8698997497559,0.4306966662406921,0.7246518135070801,0.4224764704704284,0.7464374303817749,3.499008178710937,3.497909545898437,Fixation,1078.372746706009,1077.3208902776241,252.0,5.0,True,6,word,horse,3.0
1252.0,1074.5097351074216,1082.6392936706543,0.4348433017730713,0.7089540958404541,0.4197303652763366,0.7518328428268433,3.474456787109375,3.513336181640625,Fixation,1078.372746706009,1077.3208902776241,252.0,5.0,True,6,word,horse,3.0
1256.0,1079.3067932128906,1080.3907012939453,0.4315549433231354,0.7269683480262756,0.4216042160987854,0.7502713203430176,3.49444580078125,3.533843994140625,Fixation,1078.372746706009,1077.3208902776241,252.0,5.0,True,6,word,horse,3.0
1260.0,1083.3820343017576,1076.9476890563965,0.4362097978591919,0.7228410243988037,0.4231961071491241,0.7478803396224976,3.5065460205078125,3.5096435546875,Fixation,1078.372746706009,1077.3208902776241,252.0,5.0,True,6,word,horse,3.0
1264.0,1075.6681823730466,1081.052713394165,0.4335123300552368,0.7146565318107605,0.4201828837394714,0.7507310509681702,3.5136260986328125,3.5240478515625,Fixation,1078.372746706009,1077.3208902776241,252.0,5.0,True,6,word,horse,3.0
1268.0,1091.118392944336,1075.7507801055908,0.4333175122737884,0.7248061299324036,0.4262181222438812,0.7470491528511047,3.52001953125,3.5240936279296875,Fixation,1078.372746706009,1077.3208902776241,252.0,5.0,True,6,word,horse,3.0
1272.0,1081.3240814208982,1088.139238357544,0.4347386658191681,0.7273429036140442,0.4223922193050384,0.7556522488594055,3.5211334228515625,3.5203399658203125,Fixation,1078.372746706009,1077.3208902776241,252.0,5.0,True,6,word,horse,3.0
1276.0,1088.2456207275388,1076.370735168457,0.4383365213871002,0.7128080129623413,0.4250959455966949,0.7474796772003174,3.503280639648437,3.5310516357421875,Fixation,1078.372746706009,1077.3208902776241,252.0,5.0,True,6,word,horse,3.0
1280.0,1086.2794494628904,1073.336534500122,0.4331947863101959,0.7298707962036133,0.4243279099464416,0.7453725934028625,3.5301513671875,3.541854858398437,Fixation,1078.372746706009,1077.3208902776241,252.0,5.0,True,6,word,horse,3.0
1284.0,1086.1280822753904,1083.14603805542,0.4333158731460571,0.7170279026031494,0.4242687821388244,0.7521847486495972,3.511215209960937,3.5321197509765625,Fixation,1078.372746706009,1077.3208902776241,252.0,5.0,True,6,word,horse,3.0
1288.0,1083.4986877441404,1078.9136409759521,0.436293751001358,0.7162278294563293,0.4232416749000549,0.7492455840110779,3.5086669921875,3.530487060546875,Fixation,1078.372746706009,1077.3208902776241,252.0,5.0,True,6,word,horse,3.0
1292.0,1081.6718292236326,1081.82373046875,0.4351612031459808,0.7160890102386475,0.4225280582904815,0.7512664794921875,3.5175323486328125,3.538238525390625,Fixation,1078.372746706009,1077.3208902776241,252.0,5.0,True,6,word,horse,3.0
1296.0,1089.8117065429685,1077.7131271362305,0.4377103447914123,0.7181053161621094,0.4257076978683471,0.7484118938446045,3.504867553710937,3.535736083984375,Fixation,1078.372746706009,1077.3208902776241,252.0,5.0,True,6,word,horse,3.0
1300.0,1078.2305908203123,1078.120994567871,0.4389685988426208,0.7268887162208557,0.4211838245391845,0.7486951351165771,3.546615600585937,3.551177978515625,Fixation,1078.372746706009,1077.3208902776241,252.0,5.0,True,6,word,horse,3.0
1304.0,1081.2833404541016,1082.3905563354492,0.4411536753177643,0.7231224775314331,0.4223763048648834,0.7516601085662842,3.546630859375,3.537628173828125,Fixation,1078.372746706009,1077.3208902776241,252.0,5.0,True,6,word,horse,3.0
1308.0,1079.497299194336,1079.3367004394531,0.4389148950576782,0.7208939790725708,0.4216786324977875,0.7495393753051758,3.539794921875,3.538330078125,Fixation,1078.372746706009,1077.3208902776241,252.0,5.0,True,6,word,horse,3.0
1312.0,1078.8482666015623,1076.1049175262451,0.4313885867595672,0.7216540575027466,0.4214251041412353,0.747295081615448,3.534820556640625,3.560089111328125,Fixation,1078.372746706009,1077.3208902776241,252.0,5.0,True,6,word,horse,3.0
1316.0,1080.6788635253906,1078.5671424865723,0.4330752789974212,0.7224935293197632,0.4221401810646057,0.7490049600601196,3.551910400390625,3.54229736328125,Fixation,1078.372746706009,1077.3208902776241,252.0,5.0,True,6,word,horse,3.0
1320.0,1070.2650451660154,1076.7525100708008,0.4353324770927429,0.7216067314147949,0.4180722832679748,0.7477447986602783,3.524688720703125,3.55126953125,Fixation,1078.372746706009,1077.3208902776241,252.0,5.0,True,6,word,horse,3.0
1324.0,1080.88752746582,1073.830919265747,0.4334370493888855,0.720845639705658,0.422221690416336,0.7457159161567688,3.552398681640625,3.565460205078125,Fixation,1078.372746706009,1077.3208902776241,252.0,5.0,True,6,word,horse,3.0
1328.0,1086.9647979736328,1079.8800086975098,0.4316056966781616,0.7237837314605713,0.4245956242084503,0.749916672706604,3.5587921142578125,3.56658935546875,Fixation,1078.372746706009,1077.3208902776241,252.0,5.0,True,6,word,horse,3.0
1332.0,1079.4672393798828,1083.4652423858643,0.4327903687953949,0.7158041596412659,0.4216668903827667,0.7524064183235168,3.564483642578125,3.556549072265625,Fixation,1078.372746706009,1077.3208902776241,252.0,5.0,True,6,word,horse,3.0
1336.0,1082.1819305419922,1083.508243560791,0.4294416904449463,0.7238284349441528,0.4227273166179657,0.7524362802505493,3.5678863525390625,3.565216064453125,Fixation,1078.372746706009,1077.3208902776241,252.0,5.0,True,6,word,horse,3.0
1340.0,1086.7101287841797,1082.362403869629,0.4299151003360748,0.7205051183700562,0.4244961440563202,0.7516405582427979,3.5401763916015625,3.5804901123046875,Fixation,1078.372746706009,1077.3208902776241,252.0,5.0,True,6,word,horse,3.0
1344.0,1105.9827423095703,1072.961711883545,0.4402688443660736,0.7309520244598389,0.4320245087146759,0.7451122999191284,3.579574584960937,3.5564422607421875,Fixation,1078.372746706009,1077.3208902776241,252.0,5.0,True,6,word,horse,3.0
1348.0,1120.0084686279295,1076.1104106903076,0.4478695094585418,0.7257267832756042,0.437503308057785,0.7472988963127136,3.57330322265625,3.574569702148437,Fixation,1078.372746706009,1077.3208902776241,252.0,5.0,True,6,word,horse,3.0
1352.0,1131.9466400146482,1073.8607025146484,0.445930153131485,0.7318804860115051,0.442166656255722,0.7457365989685059,3.57427978515625,3.5788116455078125,Fixation,1111.8136249889028,1079.6616125106812,172.0,6.0,True,7,word,horse,3.0
1356.0,1117.3764038085935,1081.4732837677002,0.4484773874282837,0.7312176823616028,0.4364751577377319,0.7510231137275696,3.5715484619140625,3.57000732421875,Fixation,1111.8136249889028,1079.6616125106812,172.0,6.0,True,7,word,horse,3.0
1360.0,1111.6865539550781,1081.0058498382568,0.4456286132335663,0.7288156747817993,0.4342525601387024,0.7506985068321228,3.5652618408203125,3.581787109375,Fixation,1111.8136249889028,1079.6616125106812,172.0,6.0,True,7,word,horse,3.0
1364.0,1097.3971557617188,1074.4982528686523,0.4427247941493988,0.7277270555496216,0.4286707639694214,0.7461793422698975,3.5728759765625,3.594512939453125,Fixation,1111.8136249889028,1079.6616125106812,172.0,6.0,True,7,word,horse,3.0
1368.0,1106.7196655273435,1075.5122566223145,0.4446655213832855,0.7281134128570557,0.4323123693466186,0.7468835115432739,3.57550048828125,3.5831451416015625,Fixation,1111.8136249889028,1079.6616125106812,172.0,6.0,True,7,word,horse,3.0
1372.0,1109.583053588867,1080.3706169128418,0.4465659558773041,0.7348379492759705,0.4334308803081512,0.7502573728561401,3.5670318603515625,3.596908569335937,Fixation,1111.8136249889028,1079.6616125106812,172.0,6.0,True,7,word,horse,3.0
1376.0,1102.0382690429685,1078.2737731933594,0.4450576603412628,0.7304524183273315,0.4304836988449096,0.7488012313842773,3.579620361328125,3.583343505859375,Fixation,1111.8136249889028,1079.6616125106812,172.0,6.0,True,7,word,horse,3.0
1380.0,1099.3497467041016,1075.93900680542,0.444568932056427,0.731213390827179,0.4294334948062897,0.7471798658370972,3.581878662109375,3.591827392578125,Fixation,1111.8136249889028,1079.6616125106812,172.0,6.0,True,7,word,horse,3.0
1384.0,1094.694137573242,1070.9111309051514,0.4424539804458618,0.7352845668792725,0.4276148974895477,0.7436882853507996,3.5703277587890625,3.573394775390625,Fixation,1111.8136249889028,1079.6616125106812,172.0,6.0,True,7,word,horse,3.0
1388.0,1105.380401611328,1081.8649291992188,0.4453579783439636,0.7303460240364075,0.431789219379425,0.7512950897216797,3.5814208984375,3.58673095703125,Fixation,1111.8136249889028,1079.6616125106812,172.0,6.0,True,7,word,horse,3.0
1392.0,1105.7028198242185,1069.5356941223145,0.4421381950378418,0.7300717830657959,0.4319151639938354,0.7427331209182739,3.5620269775390625,3.577484130859375,Fixation,1111.8136249889028,1079.6616125106812,172.0,6.0,True,7,word,horse,3.0
1396.0,1105.094223022461,1074.3264198303223,0.4442164301872253,0.7306180000305176,0.4316774308681488,0.7460600137710571,3.5865478515625,3.594451904296875,Fixation,1111.8136249889028,1079.6616125106812,172.0,6.0,True,7,word,horse,3.0
1400.0,1101.144027709961,1076.6062545776367,0.445194661617279,0.7390755414962769,0.4301343858242035,0.747643232345581,3.586410522460937,3.591278076171875,Fixation,1111.8136249889028,1079.6616125106812,172.0,6.0,True,7,word,horse,3.0
1404.0,1105.2244567871094,1079.857006072998,0.4449286162853241,0.7296414375305176,0.4317283034324646,0.7499006986618042,3.5904541015625,3.59326171875,Fixation,1111.8136249889028,1079.6616125106812,172.0,6.0,True,7,word,horse,3.0
1408.0,1098.9403533935547,1075.5622959136963,0.4428013265132904,0.7356657385826111,0.4292735755443573,0.746918261051178,3.590927124023437,3.588836669921875,Fixation,1111.8136249889028,1079.6616125106812,172.0,6.0,True,7,word,horse,3.0
1412.0,1100.242919921875,1083.6574172973633,0.4405497908592224,0.7442518472671509,0.4297823905944824,0.752539873123169,3.592681884765625,3.5924530029296875,Fixation,1111.8136249889028,1079.6616125106812,172.0,6.0,True,7,word,horse,3.0
1416.0,1101.6288757324219,1078.974323272705,0.444029837846756,0.7305853366851807,0.4303237795829773,0.7492877244949341,3.558929443359375,3.580673217773437,Fixation,1111.8136249889028,1079.6616125106812,172.0,6.0,True,7,word,horse,3.0
1420.0,1104.8594665527341,1082.506856918335,0.4422277212142944,0.732380747795105,0.4315857291221618,0.7517408728599548,3.57025146484375,3.58001708984375,Fixation,1111.8136249889028,1079.6616125106812,172.0,6.0,True,7,word,horse,3.0
1424.0,1100.6988525390625,1076.4936447143555,0.4437728822231293,0.7381830215454102,0.4299604892730713,0.7475650310516357,3.58184814453125,3.6016845703125,Fixation,1111.8136249889028,1079.6616125106812,172.0,6.0,True,7,word,horse,3.0
1428.0,1103.2538604736328,1079.051914215088,0.4432037770748138,0.7357290387153625,0.4309585392475128,0.749341607093811,3.5796356201171875,3.611007690429687,Fixation,1111.8136249889028,1079.6616125106812,172.0,6.0,True,7,word,horse,3.0
1432.0,1104.7229766845703,1081.1716747283936,0.4408734440803528,0.736657440662384,0.4315324127674103,0.7508136630058289,3.571151733398437,3.608184814453125,Fixation,1111.8136249889028,1079.6616125106812,172.0,6.0,True,7,word,horse,3.0
1436.0,1102.3200988769531,1076.614408493042,0.4448645114898681,0.7358040809631348,0.4305937886238098,0.7476488947868347,3.5773468017578125,3.585189819335937,Fixation,1111.8136249889028,1079.6616125106812,172.0,6.0,True,7,word,horse,3.0
1440.0,1117.3270416259766,1082.8241729736328,0.4423786997795105,0.7348812222480774,0.4364558756351471,0.7519612312316895,3.56036376953125,3.603424072265625,Fixation,1111.8136249889028,1079.6616125106812,172.0,6.0,True,7,word,horse,3.0
1444.0,1112.1319580078123,1078.7606048583984,0.4421846568584442,0.7335155010223389,0.4344265460968017,0.7491393089294434,3.5528717041015625,3.608978271484375,Fixation,1111.8136249889028,1079.6616125106812,172.0,6.0,True,7,word,horse,3.0
1448.0,1115.5603027343748,1082.1831035614014,0.4401999413967132,0.7384611368179321,0.4357657432556152,0.7515160441398621,3.558090209960937,3.610260009765625,Fixation,1111.8136249889028,1079.6616125106812,172.0,6.0,True,7,word,horse,3.0
1452.0,1103.9579772949216,1074.2066860198975,0.443865567445755,0.735689640045166,0.4312335848808288,0.7459768652915955,3.55853271484375,3.60186767578125,Fixation,1111.8136249889028,1079.6616125106812,172.0,6.0,True,7,word,horse,3.0
1456.0,1107.4176025390625,1083.0976295471191,0.442178726196289,0.7441608309745789,0.4325850009918213,0.7521511316299438,3.589996337890625,3.6107330322265625,Fixation,1111.8136249889028,1079.6616125106812,172.0,6.0,True,7,word,horse,3.0
1460.0,1109.0223693847656,1080.7145404815674,0.4424313306808471,0.7405632138252258,0.4332118630409241,0.7504962086677551,3.5643310546875,3.592636108398437,Fixation,1111.8136249889028,1079.6616125106812,172.0,6.0,True,7,word,horse,3.0
1464.0,1104.9152374267576,1085.996561050415,0.4412311315536499,0.7415215969085693,0.4316075146198272,0.7541642785072327,3.5557861328125,3.593612670898437,Fixation,1111.8136249889028,1079.6616125106812,172.0,6.0,True,7,word,horse,3.0
1468.0,1118.8819885253906,1081.7755794525146,0.4425630569458008,0.7438367605209351,0.4370632767677307,0.7512330412864685,3.5831451416015625,3.57733154296875,Fixation,1111.8136249889028,1079.6616125106812,172.0,6.0,True,7,word,horse,3.0
1472.0,1113.9236450195312,1082.0756435394287,0.4441033899784088,0.7435616254806519,0.4351264238357544,0.7514414191246033,3.57891845703125,3.59405517578125,Fixation,1111.8136249889028,1079.6616125106812,172.0,6.0,True,7,word,horse,3.0
1476.0,1111.3403320312498,1081.3431644439697,0.4424707889556885,0.7348817586898804,0.434117317199707,0.7509327530860901,3.5775146484375,3.59539794921875,Fixation,1111.8136249889028,1079.6616125106812,172.0,6.0,True,7,word,horse,3.0
1480.0,1116.901931762695,1082.2784614562988,0.4419980943202972,0.7407822012901306,0.4362898170948028,0.7515822649002075,3.544189453125,3.6016082763671875,Fixation,1111.8136249889028,1079.6616125106812,172.0,6.0,True,7,word,horse,3.0
1484.0,1123.6759185791013,1085.6424236297607,0.4435262680053711,0.7409205436706543,0.4389359056949615,0.7539183497428894,3.5563507080078125,3.6123199462890634,Fixation,1111.8136249889028,1079.6616125106812,172.0,6.0,True,7,word,horse,3.0
1488.0,1120.5740356445312,1075.6519889831543,0.4418333768844604,0.7470313310623169,0.437724232673645,0.7469805479049683,3.570907592773437,3.5809783935546875,Fixation,1111.8136249889028,1079.6616125106812,172.0,6.0,True,7,word,horse,3.0
1492.0,1115.1667022705078,1088.039846420288,0.4432625770568847,0.7497564554214478,0.4356119930744171,0.7555832266807556,3.562728881835937,3.588607788085937,Fixation,1111.8136249889028,1079.6616125106812,172.0,6.0,True,7,word,horse,3.0
1496.0,1113.3196258544922,1080.4640007019043,0.4425643682479858,0.7416931390762329,0.434890478849411,0.7503222227096558,3.551788330078125,3.600921630859375,Fixation,1111.8136249889028,1079.6616125106812,172.0,6.0,True,7,word,horse,3.0
1500.0,1115.5819702148435,1078.9096927642822,0.4443360567092895,0.7443695068359375,0.4357742071151733,0.7492428421974182,3.55706787109375,3.590423583984375,Fixation,1111.8136249889028,1079.6616125106812,172.0,6.0,True,7,word,horse,3.0
1504.0,1118.3575439453125,1079.6622562408447,0.4469643831253052,0.7474275231361389,0.4368584156036377,0.7497654557228088,3.5584716796875,3.5837860107421875,Fixation,1111.8136249889028,1079.6616125106812,172.0,6.0,True,7,word,horse,3.0
1508.0,1118.7294006347656,1078.4009742736816,0.4445346891880035,0.7441950440406799,0.4370036721229553,0.7488895654678345,3.5576629638671875,3.6002960205078125,Fixation,1111.8136249889028,1079.6616125106812,172.0,6.0,True,7,word,horse,3.0
1512.0,1125.373764038086,1084.011640548706,0.4449151754379272,0.7530474066734314,0.4395991265773773,0.752785861492157,3.551239013671875,3.5948486328125,Fixation,1111.8136249889028,1079.6616125106812,172.0,6.0,True,7,word,horse,3.0
1516.0,1114.6643066406248,1081.1157131195068,0.4434044957160949,0.7446287274360657,0.4354157447814941,0.7507748007774353,3.5599365234375,3.57891845703125,Fixation,1111.8136249889028,1079.6616125106812,172.0,6.0,True,7,word,horse,3.0
1520.0,1141.0442352294922,1088.4260845184326,0.4522780179977417,0.7434638738632202,0.4457204043865204,0.7558514475822449,3.565521240234375,3.604766845703125,Fixation,1111.8136249889028,1079.6616125106812,172.0,6.0,True,7,word,horse,3.0
1524.0,1171.9266510009763,1081.4624691009521,0.4673537015914917,0.735307514667511,0.4577838480472564,0.7510156035423279,3.5419464111328125,3.6111907958984375,Fixation,1111.8136249889028,1079.6616125106812,172.0,6.0,True,7,word,horse,3.0
1528.0,1217.0549774169922,1066.0836696624756,0.474741518497467,0.721712052822113,0.4754121005535126,0.7403358817100525,3.54486083984375,3.599395751953125,Fixation,1248.8131811959404,1077.725651059832,276.0,7.0,True,8,word,walks,4.0
1532.0,1252.8735351562498,1067.6880168914795,0.4880751967430115,0.7342012524604797,0.4894037246704101,0.7414500117301941,3.5612030029296875,3.57635498046875,Fixation,1248.8131811959404,1077.725651059832,276.0,7.0,True,8,word,walks,4.0
1536.0,1260.0309753417969,1062.8715419769287,0.4969050288200378,0.7319921851158142,0.4921995997428894,0.7381052374839783,3.5352783203125,3.573593139648437,Fixation,1248.8131811959404,1077.725651059832,276.0,7.0,True,8,word,walks,4.0
1540.0,1261.2750244140623,1076.3335704803467,0.4949523210525512,0.7406715750694275,0.4926855564117431,0.7474538683891296,3.566741943359375,3.584014892578125,Fixation,1248.8131811959404,1077.725651059832,276.0,7.0,True,8,word,walks,4.0
1544.0,1259.732666015625,1081.0100555419922,0.4970054030418396,0.7380023002624512,0.4920830726623535,0.7507014274597168,3.514068603515625,3.590789794921875,Fixation,1248.8131811959404,1077.725651059832,276.0,7.0,True,8,word,walks,4.0
1548.0,1242.9312896728513,1076.3436126708984,0.4949798882007599,0.7262173891067505,0.4855200350284576,0.7474608421325684,3.5209197998046875,3.5829315185546875,Fixation,1248.8131811959404,1077.725651059832,276.0,7.0,True,8,word,walks,4.0
1552.0,1242.5716400146482,1086.8085193634033,0.4984071552753448,0.7310531735420227,0.485379546880722,0.7547281384468079,3.52484130859375,3.587753295898437,Fixation,1248.8131811959404,1077.725651059832,276.0,7.0,True,8,word,walks,4.0
1556.0,1236.324768066406,1076.6227340698242,0.4976863265037536,0.7312924265861511,0.4829393625259399,0.7476546764373779,3.5465850830078125,3.5692596435546875,Fixation,1248.8131811959404,1077.725651059832,276.0,7.0,True,8,word,walks,4.0
1560.0,1224.948806762695,1077.6729583740234,0.490176260471344,0.7316522002220154,0.4784956276416778,0.7483839988708496,3.5392608642578125,3.566757202148437,Fixation,1248.8131811959404,1077.725651059832,276.0,7.0,True,8,word,walks,4.0
1564.0,1228.8871002197266,1084.8104667663574,0.4950878620147705,0.740785539150238,0.4800340235233307,0.7533406019210815,3.5606231689453125,3.601776123046875,Fixation,1248.8131811959404,1077.725651059832,276.0,7.0,True,8,word,walks,4.0
1568.0,1237.6317596435545,1084.304838180542,0.4921757876873016,0.7324292659759521,0.4834499061107635,0.7529894709587097,3.5545654296875,3.58587646484375,Fixation,1248.8131811959404,1077.725651059832,276.0,7.0,True,8,word,walks,4.0
1572.0,1238.8853454589841,1086.4977264404297,0.4937382936477661,0.7353611588478088,0.4839395880699157,0.7545123100280762,3.5650787353515625,3.58740234375,Fixation,1248.8131811959404,1077.725651059832,276.0,7.0,True,8,word,walks,4.0
1576.0,1236.1707305908203,1079.5219230651855,0.4937330484390259,0.7336909174919128,0.4828791916370392,0.7496680021286011,3.545257568359375,3.5713653564453125,Fixation,1248.8131811959404,1077.725651059832,276.0,7.0,True,8,word,walks,4.0
1580.0,1242.910232543945,1083.371171951294,0.4911949932575226,0.7302737236022949,0.4855118095874786,0.752341091632843,3.540313720703125,3.59228515625,Fixation,1248.8131811959404,1077.725651059832,276.0,7.0,True,8,word,walks,4.0
1584.0,1236.1330413818357,1085.716152191162,0.4935996234416961,0.7337636351585388,0.4828644692897796,0.7539695501327515,3.5378570556640625,3.595489501953125,Fixation,1248.8131811959404,1077.725651059832,276.0,7.0,True,8,word,walks,4.0
1588.0,1239.1292572021482,1076.740837097168,0.4961540102958679,0.7277820110321045,0.4840348660945892,0.7477366924285889,3.5414276123046875,3.57275390625,Fixation,1248.8131811959404,1077.725651059832,276.0,7.0,True,8,word,walks,4.0
1592.0,1242.5389862060547,1074.5305252075195,0.4948314130306244,0.7304291725158691,0.4853667914867401,0.746201753616333,3.543914794921875,3.574249267578125,Fixation,1248.8131811959404,1077.725651059832,276.0,7.0,True,8,word,walks,4.0
1596.0,1237.3554992675781,1079.791259765625,0.4953751266002655,0.7324260473251343,0.4833419919013977,0.7498550415039062,3.5510711669921875,3.5689239501953125,Fixation,1248.8131811959404,1077.725651059832,276.0,7.0,True,8,word,walks,4.0
1600.0,1249.0806579589841,1084.6006107330322,0.4986447989940643,0.7327327132225037,0.4879221320152282,0.7531948685646057,3.5433349609375,3.5801239013671875,Fixation,1248.8131811959404,1077.725651059832,276.0,7.0,True,8,word,walks,4.0
1604.0,1244.956817626953,1078.3614921569824,0.4939435422420501,0.7349454760551453,0.4863112568855285,0.7488621473312378,3.549072265625,3.59393310546875,Fixation,1248.8131811959404,1077.725651059832,276.0,7.0,True,8,word,walks,4.0
1608.0,1248.2073974609375,1074.6838188171387,0.4967072308063507,0.7299715280532837,0.4875810146331787,0.7463082075119019,3.5435333251953125,3.581207275390625,Fixation,1248.8131811959404,1077.725651059832,276.0,7.0,True,8,word,walks,4.0
1612.0,1243.6747741699216,1075.828971862793,0.492096871137619,0.7353852391242981,0.4858104586601257,0.7471034526824951,3.546844482421875,3.5808258056640625,Fixation,1248.8131811959404,1077.725651059832,276.0,7.0,True,8,word,walks,4.0
1616.0,1243.83544921875,1078.0691528320312,0.4986289739608764,0.7378341555595398,0.4858732223510742,0.7486591339111328,3.555572509765625,3.593246459960937,Fixation,1248.8131811959404,1077.725651059832,276.0,7.0,True,8,word,walks,4.0
1620.0,1240.1776885986326,1086.3564491271973,0.4936383962631225,0.7340145111083984,0.4844444096088409,0.7544142007827759,3.549163818359375,3.5867156982421875,Fixation,1248.8131811959404,1077.725651059832,276.0,7.0,True,8,word,walks,4.0
1624.0,1242.8320312499998,1074.015712738037,0.4931593537330627,0.732272207736969,0.4854812622070312,0.7458442449569702,3.537811279296875,3.585540771484375,Fixation,1248.8131811959404,1077.725651059832,276.0,7.0,True,8,word,walks,4.0
1628.0,1250.222244262695,1076.4739894866943,0.4964907765388489,0.7286998629570007,0.4883680641651153,0.7475513815879822,3.5526275634765625,3.590057373046875,Fixation,1248.8131811959404,1077.725651059832,276.0,7.0,True,8,word,walks,4.0
1632.0,1249.5310211181638,1077.8408432006836,0.4946662187576294,0.7407792806625366,0.4880980551242828,0.7485005855560303,3.564682006835937,3.5880279541015625,Fixation,1248.8131811959404,1077.725651059832,276.0,7.0,True,8,word,walks,4.0
1636.0,1248.8882446289062,1086.4735221862793,0.4935452044010162,0.7345772981643677,0.4878469705581665,0.7544955015182495,3.552978515625,3.599700927734375,Fixation,1248.8131811959404,1077.725651059832,276.0,7.0,True,8,word,walks,4.0
1640.0,1253.2723999023438,1079.5836353302002,0.4939266145229339,0.7311431169509888,0.489559531211853,0.7497108578681946,3.5630645751953125,3.5928955078125,Fixation,1248.8131811959404,1077.725651059832,276.0,7.0,True,8,word,walks,4.0
1644.0,1253.0211639404295,1077.6776790618896,0.4920128285884857,0.7298909425735474,0.4894613921642303,0.7483872771263123,3.5532379150390625,3.588409423828125,Fixation,1248.8131811959404,1077.725651059832,276.0,7.0,True,8,word,walks,4.0
1648.0,1249.6651458740234,1076.806240081787,0.4919441044330597,0.7325410842895508,0.4881504476070404,0.7477821111679077,3.5445556640625,3.591400146484375,Fixation,1248.8131811959404,1077.725651059832,276.0,7.0,True,8,word,walks,4.0
1652.0,1251.9780731201172,1076.8146514892578,0.4986279010772705,0.7367092967033386,0.4890539348125458,0.7477879524230957,3.568878173828125,3.598541259765625,Fixation,1248.8131811959404,1077.725651059832,276.0,7.0,True,8,word,walks,4.0
1656.0,1248.8883209228516,1078.925142288208,0.4975895583629608,0.731987476348877,0.4878470003604889,0.7492535710334778,3.5648651123046875,3.5938262939453125,Fixation,1248.8131811959404,1077.725651059832,276.0,7.0,True,8,word,walks,4.0
1660.0,1242.646560668945,1076.649341583252,0.4982170760631561,0.734064519405365,0.4854088127613067,0.7476731538772583,3.5656890869140625,3.597015380859375,Fixation,1248.8131811959404,1077.725651059832,276.0,7.0,True,8,word,walks,4.0
1664.0,1246.4736938476562,1077.5413799285889,0.4938482344150543,0.7291404008865356,0.4869037866592407,0.7482926249504089,3.547470092773437,3.6083984375,Fixation,1248.8131811959404,1077.725651059832,276.0,7.0,True,8,word,walks,4.0
1668.0,1246.1473846435545,1080.6160926818848,0.4980376660823822,0.7291290163993835,0.4867763221263885,0.7504278421401978,3.559356689453125,3.5975341796875,Fixation,1248.8131811959404,1077.725651059832,276.0,7.0,True,8,word,walks,4.0
1672.0,1247.6558685302732,1074.7898197174072,0.499401330947876,0.7338125705718994,0.487365573644638,0.7463818192481995,3.55889892578125,3.5973663330078125,Fixation,1248.8131811959404,1077.725651059832,276.0,7.0,True,8,word,walks,4.0
1676.0,1249.680938720703,1078.7357139587402,0.4973915219306946,0.7364599704742432,0.4881566166877746,0.7491220235824585,3.548858642578125,3.591903686523437,Fixation,1248.8131811959404,1077.725651059832,276.0,7.0,True,8,word,walks,4.0
1680.0,1246.1296081542969,1085.4360008239746,0.4949663281440735,0.7384448051452637,0.4867693781852722,0.7537750005722046,3.561798095703125,3.6076507568359375,Fixation,1248.8131811959404,1077.725651059832,276.0,7.0,True,8,word,walks,4.0
1684.0,1244.2000579833984,1082.8350734710693,0.4963040947914123,0.7339335680007935,0.486015647649765,0.7519688010215759,3.5531768798828125,3.5886993408203125,Fixation,1248.8131811959404,1077.725651059832,276.0,7.0,True,8,word,walks,4.0
1688.0,1252.4815368652344,1070.8634948730469,0.4969304502010345,0.7467373609542847,0.4892506003379822,0.7436552047729492,3.5864410400390625,3.573883056640625,Fixation,1248.8131811959404,1077.725651059832,276.0,7.0,True,8,word,walks,4.0
1692.0,1245.53108215332,1085.2699184417725,0.4988798499107361,0.727512538433075,0.4865355789661407,0.7536596655845642,3.5557098388671875,3.613693237304687,Fixation,1248.8131811959404,1077.725651059832,276.0,7.0,True,8,word,walks,4.0
1696.0,1251.208801269531,1084.356164932251,0.5008310675621033,0.7339118123054504,0.4887534379959106,0.7530251145362854,3.577301025390625,3.603073120117187,Fixation,1248.8131811959404,1077.725651059832,276.0,7.0,True,8,word,walks,4.0
1700.0,1250.7688903808594,1070.247917175293,0.4971461296081543,0.7374681830406189,0.4885815978050232,0.7432277202606201,3.5802001953125,3.58038330078125,Fixation,1248.8131811959404,1077.725651059832,276.0,7.0,True,8,word,walks,4.0
1704.0,1249.1202545166016,1083.6987018585205,0.5002402067184448,0.7293661236763,0.4879375994205475,0.7525685429573059,3.547515869140625,3.6069183349609375,Fixation,1248.8131811959404,1077.725651059832,276.0,7.0,True,8,word,walks,4.0
1708.0,1247.3316955566404,1073.9986324310303,0.4973598420619964,0.7367221713066101,0.4872389435768127,0.7458323836326599,3.582138061523437,3.5961151123046875,Fixation,1248.8131811959404,1077.725651059832,276.0,7.0,True,8,word,walks,4.0
1712.0,1250.7401275634763,1080.8873176574707,0.4996779263019562,0.7319619655609131,0.488570362329483,0.750616192817688,3.5626373291015625,3.5894927978515625,Fixation,1248.8131811959404,1077.725651059832,276.0,7.0,True,8,word,walks,4.0
1716.0,1247.7312469482422,1078.8563060760498,0.4956746399402618,0.7366625070571899,0.4873950183391571,0.7492057681083679,3.571197509765625,3.5972137451171875,Fixation,1248.8131811959404,1077.725651059832,276.0,7.0,True,8,word,walks,4.0
1720.0,1256.003494262695,1076.1829376220703,0.5005738735198975,0.7298446297645569,0.4906263649463653,0.7473492622375488,3.5705718994140625,3.5959625244140625,Fixation,1248.8131811959404,1077.725651059832,276.0,7.0,True,8,word,walks,4.0
1724.0,1257.3053741455078,1074.6815872192383,0.4969919323921203,0.7350220084190369,0.491134911775589,0.7463066577911377,3.5594940185546875,3.5782928466796875,Fixation,1248.8131811959404,1077.725651059832,276.0,7.0,True,8,word,walks,4.0
1728.0,1261.3182067871094,1081.6046047210693,0.5006001591682434,0.7347681522369385,0.4927024245262146,0.7511143088340759,3.5490264892578125,3.593780517578125,Fixation,1248.8131811959404,1077.725651059832,276.0,7.0,True,8,word,walks,4.0
1732.0,1259.462203979492,1079.304599761963,0.5004376769065857,0.7340529561042786,0.4919774234294891,0.7495170831680298,3.58172607421875,3.5753631591796875,Fixation,1248.8131811959404,1077.725651059832,276.0,7.0,True,8,word,walks,4.0
1736.0,1255.5718994140623,1081.6493225097656,0.4975767135620117,0.7318990230560303,0.4904577732086181,0.7511453628540039,3.5576171875,3.606903076171875,Fixation,1248.8131811959404,1077.725651059832,276.0,7.0,True,8,word,walks,4.0
1740.0,1262.0307922363281,1080.9071445465088,0.496135801076889,0.7368900775909424,0.4929807782173157,0.7506299614906311,3.5772247314453125,3.5960845947265625,Fixation,1248.8131811959404,1077.725651059832,276.0,7.0,True,8,word,walks,4.0
1744.0,1254.5220184326172,1075.5907917022705,0.4963033497333526,0.7365170121192932,0.4900476634502411,0.7469380497932434,3.57513427734375,3.5896453857421875,Fixation,1248.8131811959404,1077.725651059832,276.0,7.0,True,8,word,walks,4.0
1748.0,1257.4110412597654,1079.6621704101562,0.4988910257816314,0.7217664122581482,0.4911761879920959,0.7497653961181641,3.54815673828125,3.5855865478515625,Fixation,1248.8131811959404,1077.725651059832,276.0,7.0,True,8,word,walks,4.0
1752.0,1253.0883026123047,1071.9087409973145,0.4956569671630859,0.7234649062156677,0.4894876182079315,0.7443810701370239,3.5498199462890625,3.5706024169921875,Fixation,1248.8131811959404,1077.725651059832,276.0,7.0,True,8,word,walks,4.0
1756.0,1264.7193908691404,1082.0482635498047,0.5005284547805786,0.7274552583694458,0.494031012058258,0.7514224052429199,3.5612335205078125,3.595611572265625,Fixation,1248.8131811959404,1077.725651059832,276.0,7.0,True,8,word,walks,4.0
1760.0,1255.738525390625,1077.6632595062256,0.4952855706214905,0.7261449098587036,0.4905228614807129,0.74837726354599,3.572265625,3.596160888671875,Fixation,1248.8131811959404,1077.725651059832,276.0,7.0,True,8,word,walks,4.0
1764.0,1254.3428802490234,1079.8347759246826,0.4958460032939911,0.7340919971466064,0.4899776875972748,0.7498852610588074,3.6014404296875,3.5895233154296875,Fixation,1248.8131811959404,1077.725651059832,276.0,7.0,True,8,word,walks,4.0
1768.0,1254.4117736816404,1072.0243549346924,0.4982297122478485,0.7324920892715454,0.4900045990943908,0.7444613575935364,3.56512451171875,3.579376220703125,Fixation,1248.8131811959404,1077.725651059832,276.0,7.0,True,8,word,walks,4.0
1772.0,1250.498809814453,1081.3943195343018,0.4957113862037658,0.7222989201545715,0.4884760975837707,0.7509682774543762,3.5605010986328125,3.597015380859375,Fixation,1248.8131811959404,1077.725651059832,276.0,7.0,True,8,word,walks,4.0
1776.0,1255.239486694336,1079.0011882781982,0.4980259835720062,0.7280072569847107,0.490327924489975,0.7493063807487488,3.553451538085937,3.590240478515625,Fixation,1248.8131811959404,1077.725651059832,276.0,7.0,True,8,word,walks,4.0
1780.0,1250.2385711669922,1079.8200130462646,0.4976257681846618,0.7287214398384094,0.4883744418621063,0.749875009059906,3.57293701171875,3.587890625,Fixation,1248.8131811959404,1077.725651059832,276.0,7.0,True,8,word,walks,4.0
1784.0,1250.645523071289,1071.1720561981201,0.4982237517833709,0.7267270088195801,0.4885334074497223,0.7438694834709167,3.569061279296875,3.5814208984375,Fixation,1248.8131811959404,1077.725651059832,276.0,7.0,True,8,word,walks,4.0
1788.0,1253.7123870849607,1070.2867984771729,0.4993469715118408,0.716819703578949,0.4897314012050628,0.7432547211647034,3.536972045898437,3.582427978515625,Fixation,1248.8131811959404,1077.725651059832,276.0,7.0,True,8,word,walks,4.0
1792.0,1250.9746551513672,1066.672124862671,0.4976539611816406,0.7230450510978699,0.4886619746685028,0.7407445311546326,3.574493408203125,3.5894775390625,Fixation,1248.8131811959404,1077.725651059832,276.0,7.0,True,8,word,walks,4.0
1796.0,1251.196365356445,1072.8082466125488,0.4971673786640167,0.7180101871490479,0.4887485802173614,0.74500572681427,3.546249389648437,3.5964508056640625,Fixation,1248.8131811959404,1077.725651059832,276.0,7.0,True,8,word,walks,4.0
1800.0,1251.1750030517578,1068.7187576293945,0.4970830380916595,0.7274271845817566,0.4887402355670929,0.7421658039093018,3.5537872314453125,3.573837280273437,Fixation,1248.8131811959404,1077.725651059832,276.0,7.0,True,8,word,walks,4.0
1804.0,1283.8511657714844,1063.84614944458,0.5054919719696045,0.7245474457740784,0.5015043616294861,0.7387820482254028,3.567291259765625,3.561508178710937,Fixation,1248.8131811959404,1077.725651059832,276.0,7.0,True,8,word,walks,4.0
1808.0,1338.6872863769531,1071.1381530761719,0.5181119441986084,0.7226940393447876,0.5229247212409973,0.7438459396362305,3.5822906494140625,3.593017578125,Saccade,,,,0.0,False,9,,,
1812.0,1395.9326171875,1075.5875301361084,0.533174455165863,0.7182795405387878,0.5452861785888672,0.7469357848167419,3.5728302001953125,3.603836059570313,Saccade,,,,0.0,False,9,,,
1816.0,1436.7471313476562,1074.1526985168457,0.5554144382476807,0.7252793908119202,0.5612293481826782,0.7459393739700317,3.59381103515625,3.5985260009765625,Saccade,,,,0.0,False,9,,,
1820.0,1454.8365783691406,1082.8266620635986,0.5710898041725159,0.7256331443786621,0.5682955384254456,0.7519629597663879,3.608245849609375,3.6044769287109375,Fixation,1440.7252685546875,1081.4017581939697,296.0,8.0,True,10,word,away,5.0
1824.0,1458.2640075683594,1079.3873405456543,0.5787736177444458,0.7341212034225464,0.5696343779563904,0.7495745420455933,3.5966796875,3.602386474609375,Fixation,1440.7252685546875,1081.4017581939697,296.0,8.0,True,10,word,away,5.0
1828.0,1460.7772827148438,1071.520528793335,0.5792749524116516,0.7236999273300171,0.5706161260604858,0.7441114783287048,3.5997772216796875,3.601318359375,Fixation,1440.7252685546875,1081.4017581939697,296.0,8.0,True,10,word,away,5.0
1832.0,1439.6531677246094,1070.8246994018555,0.571068525314331,0.7252050042152405,0.5623645186424255,0.7436282634735107,3.5905914306640625,3.584808349609375,Fixation,1440.7252685546875,1081.4017581939697,296.0,8.0,True,10,word,away,5.0
1836.0,1417.481689453125,1064.3089485168457,0.5680574178695679,0.7224871516227722,0.553703784942627,0.7391034364700317,3.604248046875,3.5881805419921875,Fixation,1440.7252685546875,1081.4017581939697,296.0,8.0,True,10,word,away,5.0
1840.0,1413.2789611816406,1065.227165222168,0.5650339722633362,0.7264675498008728,0.5520620942115784,0.7397410869598389,3.600189208984375,3.59014892578125,Fixation,1440.7252685546875,1081.4017581939697,296.0,8.0,True,10,word,away,5.0
1844.0,1410.0035095214844,1068.6200523376465,0.566277801990509,0.7239784598350525,0.5507826209068298,0.7420972585678101,3.592758178710937,3.5807342529296875,Fixation,1440.7252685546875,1081.4017581939697,296.0,8.0,True,10,word,away,5.0
1848.0,1422.9042053222656,1074.9170207977295,0.5693724751472473,0.7230715751647949,0.55582195520401,0.7464701533317566,3.60888671875,3.57269287109375,Fixation,1440.7252685546875,1081.4017581939697,296.0,8.0,True,10,word,away,5.0
1852.0,1434.3365478515625,1072.0490741729736,0.5678687691688538,0.7263685464859009,0.5602877140045166,0.7444785237312317,3.6033935546875,3.5767059326171875,Fixation,1440.7252685546875,1081.4017581939697,296.0,8.0,True,10,word,away,5.0
1856.0,1438.9476013183594,1080.082654953003,0.5654576420783997,0.7241256237030029,0.5620889067649841,0.7500573992729187,3.60186767578125,3.5920867919921875,Fixation,1440.7252685546875,1081.4017581939697,296.0,8.0,True,10,word,away,5.0
1860.0,1437.2633361816406,1082.0889472961426,0.5691981911659241,0.7234582901000977,0.5614309906959534,0.7514506578445435,3.61370849609375,3.5888214111328125,Fixation,1440.7252685546875,1081.4017581939697,296.0,8.0,True,10,word,away,5.0
1864.0,1441.2788391113281,1073.838472366333,0.5629054307937622,0.7332435250282288,0.5629995465278625,0.745721161365509,3.6177825927734375,3.572372436523437,Fixation,1440.7252685546875,1081.4017581939697,296.0,8.0,True,10,word,away,5.0
1868.0,1441.8013000488281,1085.8772563934326,0.5646196603775024,0.7301151752471924,0.5632036328315735,0.7540814280509949,3.607955932617187,3.5933380126953125,Fixation,1440.7252685546875,1081.4017581939697,296.0,8.0,True,10,word,away,5.0
1872.0,1446.6938781738281,1083.7913990020752,0.5684329867362976,0.7289779782295227,0.5651147961616516,0.7526329159736633,3.605987548828125,3.583526611328125,Fixation,1440.7252685546875,1081.4017581939697,296.0,8.0,True,10,word,away,5.0
1876.0,1439.4068908691406,1078.022632598877,0.5625033378601074,0.7301478981971741,0.5622683167457581,0.7486268281936646,3.60943603515625,3.5876922607421875,Fixation,1440.7252685546875,1081.4017581939697,296.0,8.0,True,10,word,away,5.0
1880.0,1449.3460083007812,1079.2574787139893,0.5664242506027222,0.7272849678993225,0.5661507844924927,0.7494843602180481,3.5979766845703125,3.605987548828125,Fixation,1440.7252685546875,1081.4017581939697,296.0,8.0,True,10,word,away,5.0
1884.0,1454.9905395507812,1079.0084838867188,0.5663090944290161,0.7292589545249939,0.5683556795120239,0.7493114471435547,3.612579345703125,3.5934295654296875,Fixation,1440.7252685546875,1081.4017581939697,296.0,8.0,True,10,word,away,5.0
1888.0,1450.9976196289062,1084.890546798706,0.5659168362617493,0.7206809520721436,0.5667959451675415,0.753396213054657,3.5996856689453125,3.58843994140625,Fixation,1440.7252685546875,1081.4017581939697,296.0,8.0,True,10,word,away,5.0
1892.0,1448.7698364257812,1077.2956466674805,0.5671105980873108,0.7294179797172546,0.5659257173538208,0.748121976852417,3.609909057617187,3.5855255126953125,Fixation,1440.7252685546875,1081.4017581939697,296.0,8.0,True,10,word,away,5.0
1896.0,1450.6523132324219,1080.4607391357422,0.5690281987190247,0.7249560356140137,0.5666610598564148,0.7503199577331543,3.595245361328125,3.5761260986328125,Fixation,1440.7252685546875,1081.4017581939697,296.0,8.0,True,10,word,away,5.0
1900.0,1451.4048767089844,1076.4539051055908,0.563635528087616,0.7294198274612427,0.566955029964447,0.7475374341011047,3.6104583740234375,3.5885009765625,Fixation,1440.7252685546875,1081.4017581939697,296.0,8.0,True,10,word,away,5.0
1904.0,1445.672607421875,1073.4534358978271,0.5637885332107544,0.7355260252952576,0.5647158622741699,0.7454537749290466,3.619232177734375,3.5876617431640625,Fixation,1440.7252685546875,1081.4017581939697,296.0,8.0,True,10,word,away,5.0
1908.0,1456.6343688964844,1090.4877376556396,0.5663120150566101,0.721686840057373,0.5689978003501892,0.7572831511497498,3.60504150390625,3.6095123291015625,Fixation,1440.7252685546875,1081.4017581939697,296.0,8.0,True,10,word,away,5.0
1912.0,1448.8325500488281,1079.8723697662354,0.5653245449066162,0.730878472328186,0.5659502148628235,0.749911367893219,3.6114349365234375,3.594696044921875,Fixation,1440.7252685546875,1081.4017581939697,296.0,8.0,True,10,word,away,5.0
1916.0,1452.42919921875,1083.1014919281006,0.5675279498100281,0.724484384059906,0.5673551559448242,0.7521538138389587,3.5948028564453125,3.608673095703125,Fixation,1440.7252685546875,1081.4017581939697,296.0,8.0,True,10,word,away,5.0
1920.0,1447.412109375,1079.148473739624,0.5672386884689331,0.7254122495651245,0.5653953552246094,0.7494086623191833,3.5964508056640625,3.6013336181640625,Fixation,1440.7252685546875,1081.4017581939697,296.0,8.0,True,10,word,away,5.0
1924.0,1443.9637756347656,1087.582712173462,0.5652032494544983,0.7277620434761047,0.5640483498573303,0.7552657723426819,3.637420654296875,3.6190032958984375,Fixation,1440.7252685546875,1081.4017581939697,296.0,8.0,True,10,word,away,5.0
1928.0,1440.2694702148438,1072.5382232666016,0.5661372542381287,0.7294784188270569,0.5626052618026733,0.7448182106018066,3.609771728515625,3.591049194335937,Fixation,1440.7252685546875,1081.4017581939697,296.0,8.0,True,10,word,away,5.0
1932.0,1443.6758422851562,1083.5588836669922,0.5719792246818542,0.7192251086235046,0.5639358758926392,0.7524714469909668,3.59674072265625,3.62255859375,Fixation,1440.7252685546875,1081.4017581939697,296.0,8.0,True,10,word,away,5.0
1936.0,1445.6492614746094,1084.10493850708,0.5721050500869751,0.727849543094635,0.5647067427635193,0.7528506517410278,3.61993408203125,3.61083984375,Fixation,1440.7252685546875,1081.4017581939697,296.0,8.0,True,10,word,away,5.0
1940.0,1443.8438415527344,1073.3474349975586,0.5699572563171387,0.7344525456428528,0.5640015006065369,0.745380163192749,3.6283111572265625,3.612869262695313,Fixation,1440.7252685546875,1081.4017581939697,296.0,8.0,True,10,word,away,5.0
1944.0,1437.989501953125,1082.2055053710938,0.5689396262168884,0.7353414297103882,0.5617146492004395,0.7515316009521484,3.6348876953125,3.6157073974609375,Fixation,1440.7252685546875,1081.4017581939697,296.0,8.0,True,10,word,away,5.0
1948.0,1434.8265075683594,1078.7647247314453,0.5699607133865356,0.7282028198242188,0.5604791045188904,0.7491421699523926,3.6092681884765625,3.6052398681640634,Fixation,1440.7252685546875,1081.4017581939697,296.0,8.0,True,10,word,away,5.0
1952.0,1435.5648803710938,1081.6836547851562,0.5742129683494568,0.7211839556694031,0.5607675313949585,0.7511692047119141,3.6093902587890634,3.612991333007813,Fixation,1440.7252685546875,1081.4017581939697,296.0,8.0,True,10,word,away,5.0
1956.0,1437.3138427734375,1077.938346862793,0.5729575157165527,0.7253182530403137,0.561450719833374,0.7485682964324951,3.6312103271484375,3.625686645507813,Fixation,1440.7252685546875,1081.4017581939697,296.0,8.0,True,10,word,away,5.0
1960.0,1430.2394104003906,1084.099531173706,0.57218337059021,0.7309532761573792,0.5586872696876526,0.752846896648407,3.647994995117187,3.6319427490234375,Fixation,1440.7252685546875,1081.4017581939697,296.0,8.0,True,10,word,away,5.0
1964.0,1437.6797485351562,1076.4490127563477,0.5736174583435059,0.732144832611084,0.5615936517715454,0.7475340366363525,3.64459228515625,3.628753662109375,Fixation,1440.7252685546875,1081.4017581939697,296.0,8.0,True,10,word,away,5.0
1968.0,1435.7603454589844,1084.3676662445068,0.5710642337799072,0.7329844236373901,0.5608438849449158,0.7530331015586853,3.645217895507813,3.6432952880859375,Fixation,1440.7252685546875,1081.4017581939697,296.0,8.0,True,10,word,away,5.0
1972.0,1437.7073669433594,1081.7811584472656,0.573643684387207,0.7266287207603455,0.5616044402122498,0.7512369155883789,3.668701171875,3.622238159179687,Fixation,1440.7252685546875,1081.4017581939697,296.0,8.0,True,10,word,away,5.0
1976.0,1427.3908996582031,1083.4586334228516,0.5745207071304321,0.7246565818786621,0.5575745701789856,0.7524018287658691,3.6280670166015625,3.6468505859375,Fixation,1440.7252685546875,1081.4017581939697,296.0,8.0,True,10,word,away,5.0
1980.0,1431.1528015136719,1076.0915279388428,0.5736962556838989,0.7284631133079529,0.5590440630912781,0.747285783290863,3.6475677490234375,3.630569458007813,Fixation,1440.7252685546875,1081.4017581939697,296.0,8.0,True,10,word,away,5.0
1984.0,1431.8405151367188,1084.7710704803467,0.572069525718689,0.721378743648529,0.5593127012252808,0.7533132433891296,3.6273193359375,3.6424560546875,Fixation,1440.7252685546875,1081.4017581939697,296.0,8.0,True,10,word,away,5.0
1988.0,1436.8365478515625,1081.7033100128174,0.5692773461341858,0.7285885810852051,0.5612642765045166,0.7511828541755676,3.647903442382813,3.631057739257813,Fixation,1440.7252685546875,1081.4017581939697,296.0,8.0,True,10,word,away,5.0
1992.0,1439.9188232421875,1089.229974746704,0.5680252909660339,0.7266054153442383,0.5624682903289795,0.7564097046852112,3.6499176025390634,3.642532348632813,Fixation,1440.7252685546875,1081.4017581939697,296.0,8.0,True,10,word,away,5.0
1996.0,1443.6636352539062,1081.9246673583984,0.5706430077552795,0.7305277585983276,0.5639311075210571,0.7513365745544434,3.661346435546875,3.646575927734375,Fixation,1440.7252685546875,1081.4017581939697,296.0,8.0,True,10,word,away,5.0
2000.0,1443.0058288574219,1083.916883468628,0.5655401945114136,0.7326768636703491,0.5636741518974304,0.752720057964325,3.6601409912109375,3.6495513916015625,Fixation,1440.7252685546875,1081.4017581939697,296.0,8.0,True,10,word,away,5.0
2004.0,1441.5434265136719,1077.9352569580078,0.5686635971069336,0.7248825430870056,0.5631029009819031,0.7485661506652832,3.6610107421875,3.6458740234375,Fixation,1440.7252685546875,1081.4017581939697,296.0,8.0,True,10,word,away,5.0
2008.0,1447.6448059082031,1083.0742835998535,0.5671021938323975,0.7296809554100037,0.5654862523078918,0.7521349191665649,3.670074462890625,3.672882080078125,Fixation,1440.7252685546875,1081.4017581939697,296.0,8.0,True,10,word,away,5.0
2012.0,1447.2532653808594,1079.0613555908203,0.5689213275909424,0.7202814817428589,0.5653333067893982,0.7493481636047363,3.654495239257813,3.652252197265625,Fixation,1440.7252685546875,1081.4017581939697,296.0,8.0,True,10,word,away,5.0
2016.0,1448.2881164550781,1082.0788192749023,0.5681309700012207,0.7336151003837585,0.5657375454902649,0.75144362449646,3.686599731445313,3.652999877929687,Fixation,1440.7252685546875,1081.4017581939697,296.0,8.0,True,10,word,away,5.0
2020.0,1451.0127258300781,1084.5036220550537,0.5653852820396423,0.7325237393379211,0.5668018460273743,0.7531275153160095,3.6814117431640634,3.664352416992187,Fixation,1440.7252685546875,1081.4017581939697,296.0,8.0,True,10,word,away,5.0
2024.0,1451.5080261230469,1073.9082527160645,0.5679097175598145,0.7303475141525269,0.5669953227043152,0.7457696199417114,3.6748199462890634,3.646041870117187,Fixation,1440.7252685546875,1081.4017581939697,296.0,8.0,True,10,word,away,5.0
2028.0,1453.3695983886719,1079.4952297210693,0.5697919726371765,0.7318099737167358,0.567722499370575,0.7496494650840759,3.6855316162109375,3.650222778320313,Fixation,1440.7252685546875,1081.4017581939697,296.0,8.0,True,10,word,away,5.0
2032.0,1442.0733642578125,1077.5842094421387,0.5670341849327087,0.7293382883071899,0.563309907913208,0.7483223676681519,3.688812255859375,3.68817138671875,Fixation,1440.7252685546875,1081.4017581939697,296.0,8.0,True,10,word,away,5.0
2036.0,1441.0986328125,1086.9328880310059,0.5660847425460815,0.7287805676460266,0.5629291534423828,0.7548145055770874,3.684738159179687,3.6829986572265625,Fixation,1440.7252685546875,1081.4017581939697,296.0,8.0,True,10,word,away,5.0
2040.0,1442.5117492675781,1087.0724487304688,0.5685930252075195,0.7303097248077393,0.5634811520576477,0.7549114227294922,3.671783447265625,3.678741455078125,Fixation,1440.7252685546875,1081.4017581939697,296.0,8.0,True,10,word,away,5.0
2044.0,1438.9344787597656,1084.632453918457,0.5718172788619995,0.7266700267791748,0.5620837807655334,0.7532169818878174,3.684402465820313,3.688888549804687,Fixation,1440.7252685546875,1081.4017581939697,296.0,8.0,True,10,word,away,5.0
2048.0,1439.4337463378906,1083.293752670288,0.5731602907180786,0.7285774946212769,0.5622788071632385,0.7522873282432556,3.702468872070313,3.6767730712890634,Fixation,1440.7252685546875,1081.4017581939697,296.0,8.0,True,10,word,away,5.0
2052.0,1441.9831848144531,1094.1004371643066,0.5706942677497864,0.7299639582633972,0.5632746815681458,0.7597919702529907,3.70709228515625,3.682815551757813,Fixation,1440.7252685546875,1081.4017581939697,296.0,8.0,True,10,word,away,5.0
2056.0,1434.892578125,1084.4280910491943,0.5727916359901428,0.7294458746910095,0.5605049133300781,0.7530750632286072,3.700347900390625,3.6806640625,Fixation,1440.7252685546875,1081.4017581939697,296.0,8.0,True,10,word,away,5.0
2060.0,1442.598876953125,1085.8570003509521,0.5689446330070496,0.7310610413551331,0.5635151863098145,0.7540673613548279,3.676101684570313,3.703094482421875,Fixation,1440.7252685546875,1081.4017581939697,296.0,8.0,True,10,word,away,5.0
2064.0,1437.0582580566406,1081.5306186676025,0.5717543363571167,0.7293590903282166,0.5613508820533752,0.7510629296302795,3.69110107421875,3.6711578369140634,Fixation,1440.7252685546875,1081.4017581939697,296.0,8.0,True,10,word,away,5.0
2068.0,1430.379638671875,1081.8632984161377,0.5737481117248535,0.7351259589195251,0.5587420463562012,0.751293957233429,3.7036285400390634,3.687820434570313,Fixation,1440.7252685546875,1081.4017581939697,296.0,8.0,True,10,word,away,5.0
2072.0,1438.4461975097656,1087.0090198516846,0.5742436647415161,0.7251790761947632,0.5618930459022522,0.7548673748970032,3.694183349609375,3.695220947265625,Fixation,1440.7252685546875,1081.4017581939697,296.0,8.0,True,10,word,away,5.0
2076.0,1436.7872619628906,1085.5274963378906,0.570533812046051,0.7284120321273804,0.5612450242042542,0.7538385391235352,3.7121734619140634,3.6866607666015625,Fixation,1440.7252685546875,1081.4017581939697,296.0,8.0,True,10,word,away,5.0
2080.0,1434.9014282226562,1086.167106628418,0.5718079209327698,0.7312931418418884,0.5605083703994751,0.7542827129364014,3.7107086181640634,3.700271606445313,Fixation,1440.7252685546875,1081.4017581939697,296.0,8.0,True,10,word,away,5.0
2084.0,1433.1132507324219,1089.7497653961182,0.5707290172576904,0.7345033288002014,0.5598098635673523,0.756770670413971,3.703948974609375,3.703704833984375,Fixation,1440.7252685546875,1081.4017581939697,296.0,8.0,True,10,word,away,5.0
2088.0,1440.0399780273438,1091.6649913787842,0.5718629956245422,0.7285189628601074,0.5625156164169312,0.758100688457489,3.700149536132813,3.69482421875,Fixation,1440.7252685546875,1081.4017581939697,296.0,8.0,True,10,word,away,5.0
2092.0,1438.7542724609375,1085.954761505127,0.5711427330970764,0.7313610315322876,0.5620133876800537,0.754135251045227,3.707809448242187,3.6868743896484375,Fixation,1440.7252685546875,1081.4017581939697,296.0,8.0,True,10,word,away,5.0
2096.0,1434.0391540527344,1084.6366596221924,0.5745183825492859,0.7301456928253174,0.5601715445518494,0.7532199025154114,3.7024993896484375,3.681076049804687,Fixation,1440.7252685546875,1081.4017581939697,296.0,8.0,True,10,word,away,5.0
2100.0,1441.7106628417969,1085.3728294372559,0.5742531418800354,0.7300812602043152,0.5631682276725769,0.7537311315536499,3.71649169921875,3.68743896484375,Fixation,1440.7252685546875,1081.4017581939697,296.0,8.0,True,10,word,away,5.0
2104.0,1428.0990600585938,1085.5527305603027,0.5690393447875977,0.7341486215591431,0.5578511953353882,0.7538560628890991,3.7368316650390634,3.708465576171875,Fixation,1440.7252685546875,1081.4017581939697,296.0,8.0,True,10,word,away,5.0
2108.0,1434.0684509277344,1091.9694328308105,0.5709729194641113,0.7350446581840515,0.5601829886436462,0.7583121061325073,3.7216796875,3.6834564208984375,Fixation,1440.7252685546875,1081.4017581939697,296.0,8.0,True,10,word,away,5.0
2112.0,1433.6044311523438,1086.1261653900146,0.5712562203407288,0.7269107699394226,0.5600017309188843,0.7542542815208435,3.7166748046875,3.683395385742187,Fixation,1440.7252685546875,1081.4017581939697,296.0,8.0,True,10,word,away,5.0
2116.0,1456.8838500976562,1091.7178630828857,0.5761932730674744,0.7215494513511658,0.569095253944397,0.7581374049186707,3.718063354492187,3.7016448974609375,Fixation,1440.7252685546875,1081.4017581939697,296.0,8.0,True,10,word,away,5.0
2120.0,1506.9834899902344,1084.6611213684082,0.5836710333824158,0.721741259098053,0.5886654257774353,0.7532368898391724,3.714996337890625,3.7107086181640634,Saccade,,,,0.0,False,11,,,
2124.0,1569.0589904785156,1088.752670288086,0.5998077988624573,0.72561115026474,0.6129136681556702,0.7560782432556152,3.728790283203125,3.7166900634765625,Saccade,,,,0.0,False,11,,,
2128.0,1625.7563781738281,1085.310344696045,0.6276447772979736,0.7241399884223938,0.6350610852241516,0.7536877393722534,3.740676879882813,3.7418212890625,Saccade,,,,0.0,False,11,,,
2132.0,1682.0181274414062,1083.8436698913574,0.6472554206848145,0.7200257182121277,0.6570383310317993,0.7526692152023315,3.734207153320313,3.722854614257813,Fixation,1657.7407512258976,1086.6228328867162,184.0,9.0,True,12,word,shaven,8.0
2136.0,1703.7257385253906,1089.5870304107666,0.6562517881393433,0.7267507314682007,0.6655178666114807,0.7566576600074768,3.734100341796875,3.715118408203125,Fixation,1657.7407512258976,1086.6228328867162,184.0,9.0,True,12,word,shaven,8.0
2140.0,1695.6413269042969,1083.145351409912,0.663266658782959,0.7235944271087646,0.662359893321991,0.752184271812439,3.716964721679687,3.7202301025390634,Fixation,1657.7407512258976,1086.6228328867162,184.0,9.0,True,12,word,shaven,8.0
2144.0,1675.5342102050781,1084.7799968719482,0.6637333631515503,0.7215868234634399,0.6545055508613586,0.7533194422721863,3.7263031005859375,3.712814331054687,Fixation,1657.7407512258976,1086.6228328867162,184.0,9.0,True,12,word,shaven,8.0
2148.0,1657.3672485351562,1079.6018314361572,0.66080641746521,0.7242088317871094,0.6474090814590454,0.749723494052887,3.738235473632813,3.6961822509765625,Fixation,1657.7407512258976,1086.6228328867162,184.0,9.0,True,12,word,shaven,8.0
2152.0,1633.2940673828125,1086.7256927490234,0.654340922832489,0.725468635559082,0.6380054950714111,0.7546706199645996,3.7584381103515625,3.708450317382813,Fixation,1657.7407512258976,1086.6228328867162,184.0,9.0,True,12,word,shaven,8.0
2156.0,1630.2633666992188,1083.200969696045,0.6509584188461304,0.7222598195075989,0.6368216276168823,0.7522228956222534,3.747268676757813,3.69097900390625,Fixation,1657.7407512258976,1086.6228328867162,184.0,9.0,True,12,word,shaven,8.0
2160.0,1626.4546203613281,1081.338357925415,0.6499344706535339,0.7204843759536743,0.6353338360786438,0.7509294152259827,3.734161376953125,3.698760986328125,Fixation,1657.7407512258976,1086.6228328867162,184.0,9.0,True,12,word,shaven,8.0
2164.0,1635.3128051757812,1085.256700515747,0.651228129863739,0.7182674407958984,0.6387940645217896,0.7536504864692688,3.755706787109375,3.71075439453125,Fixation,1657.7407512258976,1086.6228328867162,184.0,9.0,True,12,word,shaven,8.0
2168.0,1644.8912048339844,1081.8812370300293,0.6499646902084351,0.7223836779594421,0.6425356268882751,0.751306414604187,3.7376861572265625,3.693023681640625,Fixation,1657.7407512258976,1086.6228328867162,184.0,9.0,True,12,word,shaven,8.0
2172.0,1648.5530090332031,1081.3043689727783,0.6504208445549011,0.7213733196258545,0.643966019153595,0.7509058117866516,3.743820190429687,3.6959075927734375,Fixation,1657.7407512258976,1086.6228328867162,184.0,9.0,True,12,word,shaven,8.0
2176.0,1650.780029296875,1085.6036281585693,0.6479684114456177,0.7196341156959534,0.6448359489440918,0.7538914084434509,3.752777099609375,3.690582275390625,Fixation,1657.7407512258976,1086.6228328867162,184.0,9.0,True,12,word,shaven,8.0
2180.0,1650.6236267089844,1088.5957717895508,0.6479867100715637,0.719702959060669,0.644774854183197,0.7559692859649658,3.727020263671875,3.695159912109375,Fixation,1657.7407512258976,1086.6228328867162,184.0,9.0,True,12,word,shaven,8.0
2184.0,1653.20556640625,1092.8933143615723,0.6481297016143799,0.72576504945755,0.6457834243774414,0.7589536905288696,3.730865478515625,3.701248168945313,Fixation,1657.7407512258976,1086.6228328867162,184.0,9.0,True,12,word,shaven,8.0
2188.0,1648.5118103027344,1093.6506843566895,0.6518487930297852,0.7207993865013123,0.6439499258995056,0.7594796419143677,3.73577880859375,3.700592041015625,Fixation,1657.7407512258976,1086.6228328867162,184.0,9.0,True,12,word,shaven,8.0
2192.0,1657.8025817871094,1092.4088859558105,0.6521959900856018,0.7216976284980774,0.6475791335105896,0.7586172819137573,3.73065185546875,3.69085693359375,Fixation,1657.7407512258976,1086.6228328867162,184.0,9.0,True,12,word,shaven,8.0
2196.0,1660.5062866210938,1084.9320030212402,0.6527042984962463,0.7192959189414978,0.6486352682113647,0.7534250020980835,3.712112426757813,3.6893463134765625,Fixation,1657.7407512258976,1086.6228328867162,184.0,9.0,True,12,word,shaven,8.0
2200.0,1659.7576904296875,1090.1067352294922,0.6503169536590576,0.7263680696487427,0.6483428478240967,0.7570185661315918,3.7247314453125,3.6949462890625,Fixation,1657.7407512258976,1086.6228328867162,184.0,9.0,True,12,word,shaven,8.0
2204.0,1651.2992858886719,1086.4055442810059,0.6529768109321594,0.7233048677444458,0.6450387835502625,0.7544482946395874,3.729415893554687,3.6823883056640634,Fixation,1657.7407512258976,1086.6228328867162,184.0,9.0,True,12,word,shaven,8.0
2208.0,1661.9236755371094,1089.4209480285645,0.655009925365448,0.7209433317184448,0.6491889357566833,0.7565423250198364,3.727615356445313,3.678665161132813,Fixation,1657.7407512258976,1086.6228328867162,184.0,9.0,True,12,word,shaven,8.0
2212.0,1655.6533813476562,1085.895709991455,0.6504505276679993,0.7274226546287537,0.6467396020889282,0.7540942430496216,3.740570068359375,3.6811370849609375,Fixation,1657.7407512258976,1086.6228328867162,184.0,9.0,True,12,word,shaven,8.0
2216.0,1657.0285034179688,1085.4699039459229,0.6544498801231384,0.7262700796127319,0.647276759147644,0.7537985444068909,3.715988159179687,3.68157958984375,Fixation,1657.7407512258976,1086.6228328867162,184.0,9.0,True,12,word,shaven,8.0
2220.0,1655.1112365722656,1090.7002544403076,0.6529960036277771,0.7285938262939453,0.6465278267860413,0.7574307322502136,3.734451293945313,3.676025390625,Fixation,1657.7407512258976,1086.6228328867162,184.0,9.0,True,12,word,shaven,8.0
2224.0,1652.7267456054688,1088.1689357757568,0.6486150026321411,0.7267504334449768,0.6455963850021362,0.7556728720664978,3.7358551025390634,3.687698364257813,Fixation,1657.7407512258976,1086.6228328867162,184.0,9.0,True,12,word,shaven,8.0
2228.0,1659.4374084472656,1089.7348308563232,0.6513386964797974,0.7324585318565369,0.6482177376747131,0.75676029920578,3.705108642578125,3.687088012695313,Fixation,1657.7407512258976,1086.6228328867162,184.0,9.0,True,12,word,shaven,8.0
2232.0,1661.324462890625,1091.3581466674805,0.6497478485107422,0.7216921448707581,0.6489548683166504,0.757887601852417,3.7259521484375,3.683502197265625,Fixation,1657.7407512258976,1086.6228328867162,184.0,9.0,True,12,word,shaven,8.0
2236.0,1666.2263488769531,1094.58083152771,0.6480247974395752,0.732513427734375,0.6508696675300598,0.7601255774497986,3.737380981445313,3.6827392578125,Fixation,1657.7407512258976,1086.6228328867162,184.0,9.0,True,12,word,shaven,8.0
2240.0,1657.3928833007812,1089.9285507202148,0.6526142358779907,0.7217550277709961,0.6474190950393677,0.7568948268890381,3.7030181884765625,3.681930541992187,Fixation,1657.7407512258976,1086.6228328867162,184.0,9.0,True,12,word,shaven,8.0
2244.0,1663.7551879882812,1092.3789310455322,0.6508605480194092,0.7210805416107178,0.6499043703079224,0.7585964798927307,3.712554931640625,3.678436279296875,Fixation,1657.7407512258976,1086.6228328867162,184.0,9.0,True,12,word,shaven,8.0
2248.0,1659.4938659667969,1088.1370067596436,0.6506885886192322,0.7246688604354858,0.64823979139328,0.7556506991386414,3.713912963867187,3.677291870117187,Fixation,1657.7407512258976,1086.6228328867162,184.0,9.0,True,12,word,shaven,8.0
2252.0,1658.9955139160156,1087.569923400879,0.6504281163215637,0.719807505607605,0.6480451226234436,0.7552568912506104,3.718093872070313,3.665969848632813,Fixation,1657.7407512258976,1086.6228328867162,184.0,9.0,True,12,word,shaven,8.0
2256.0,1664.4171142578125,1087.2588729858398,0.6515283584594727,0.7305201888084412,0.650162935256958,0.7550408840179443,3.716232299804687,3.6646728515625,Fixation,1657.7407512258976,1086.6228328867162,184.0,9.0,True,12,word,shaven,8.0
2260.0,1654.2219543457031,1085.4557418823242,0.650467038154602,0.7250528931617737,0.6461804509162903,0.7537887096405029,3.7146148681640634,3.667694091796875,Fixation,1657.7407512258976,1086.6228328867162,184.0,9.0,True,12,word,shaven,8.0
2264.0,1648.8720703125,1091.2643337249756,0.654478907585144,0.728791356086731,0.6440906524658203,0.7578224539756775,3.7307281494140634,3.6961669921875,Fixation,1657.7407512258976,1086.6228328867162,184.0,9.0,True,12,word,shaven,8.0
2268.0,1661.9094848632812,1088.0040550231934,0.6552069187164307,0.7302395105361938,0.6491833925247192,0.7555583715438843,3.718917846679687,3.6588134765625,Fixation,1657.7407512258976,1086.6228328867162,184.0,9.0,True,12,word,shaven,8.0
2272.0,1657.8800964355469,1087.1251487731934,0.655125081539154,0.7259878516197205,0.6476094126701355,0.7549480199813843,3.7214508056640634,3.6817626953125,Fixation,1657.7407512258976,1086.6228328867162,184.0,9.0,True,12,word,shaven,8.0
2276.0,1656.5562438964844,1092.683629989624,0.6544477939605713,0.730072557926178,0.6470922827720642,0.7588080763816833,3.711715698242187,3.681365966796875,Fixation,1657.7407512258976,1086.6228328867162,184.0,9.0,True,12,word,shaven,8.0
2280.0,1652.7813720703125,1083.117971420288,0.6539780497550964,0.7245033979415894,0.6456177234649658,0.7521652579307556,3.7158203125,3.6933441162109375,Fixation,1657.7407512258976,1086.6228328867162,184.0,9.0,True,12,word,shaven,8.0
2284.0,1650.693359375,1089.0646648406982,0.649596631526947,0.7298758625984192,0.6448020935058594,0.7562949061393738,3.7291259765625,3.668701171875,Fixation,1657.7407512258976,1086.6228328867162,184.0,9.0,True,12,word,shaven,8.0
2288.0,1646.9496154785156,1081.5355110168457,0.6515957117080688,0.7263916730880737,0.6433396935462952,0.7510663270950317,3.7119293212890634,3.6800537109375,Fixation,1657.7407512258976,1086.6228328867162,184.0,9.0,True,12,word,shaven,8.0
2292.0,1656.5286254882812,1076.134443283081,0.6550827622413635,0.7277183532714844,0.6470814943313599,0.7473155856132507,3.718475341796875,3.674957275390625,Fixation,1657.7407512258976,1086.6228328867162,184.0,9.0,True,12,word,shaven,8.0
2296.0,1654.0292358398438,1082.590627670288,0.6516974568367004,0.7267253398895264,0.646105170249939,0.7517990469932556,3.706253051757813,3.672393798828125,Fixation,1657.7407512258976,1086.6228328867162,184.0,9.0,True,12,word,shaven,8.0
2300.0,1652.6533508300781,1078.8607692718506,0.6524524092674255,0.7309061288833618,0.6455677151679993,0.7492088675498962,3.69720458984375,3.673049926757813,Fixation,1657.7407512258976,1086.6228328867162,184.0,9.0,True,12,word,shaven,8.0
2304.0,1654.1044616699219,1083.861436843872,0.6539042592048645,0.7359298467636108,0.6461345553398132,0.7526815533638,3.711257934570313,3.658477783203125,Fixation,1657.7407512258976,1086.6228328867162,184.0,9.0,True,12,word,shaven,8.0
2308.0,1655.015869140625,1084.9518299102783,0.6533192992210388,0.7318330407142639,0.6464905738830566,0.7534387707710266,3.72430419921875,3.6678466796875,Fixation,1657.7407512258976,1086.6228328867162,184.0,9.0,True,12,word,shaven,8.0
2312.0,1671.1471557617188,1083.724708557129,0.6598997116088867,0.7331693768501282,0.6527918577194214,0.7525866031646729,3.721481323242187,3.678558349609375,Fixation,1657.7407512258976,1086.6228328867162,184.0,9.0,True,12,word,shaven,8.0
2316.0,1701.4434814453125,1087.0336532592773,0.6751286387443542,0.7339680194854736,0.6646263599395752,0.7548844814300537,3.723541259765625,3.6767578125,Fixation,1657.7407512258976,1086.6228328867162,184.0,9.0,True,12,word,shaven,8.0
2320.0,1748.0232238769531,1077.1189212799072,0.6813437342643738,0.7304893732070923,0.6828215718269348,0.7479992508888245,3.7156982421875,3.683624267578125,Fixation,1738.4723601470123,1090.2203170673267,144.0,10.0,True,13,word,shaven,8.0
2324.0,1765.7586669921875,1074.9860286712646,0.6907386183738708,0.7353250980377197,0.6897494792938232,0.746518075466156,3.699127197265625,3.684722900390625,Fixation,1738.4723601470123,1090.2203170673267,144.0,10.0,True,13,word,shaven,8.0
2328.0,1758.0764770507812,1090.2467250823975,0.6907520890235901,0.7380884885787964,0.6867486238479614,0.7571157813072205,3.707199096679687,3.6654205322265625,Fixation,1738.4723601470123,1090.2203170673267,144.0,10.0,True,13,word,shaven,8.0
2332.0,1749.9830627441406,1087.3564624786377,0.6901353597640991,0.7376986145973206,0.6835871338844299,0.755108654499054,3.70611572265625,3.6513824462890634,Fixation,1738.4723601470123,1090.2203170673267,144.0,10.0,True,13,word,shaven,8.0
2336.0,1729.1535949707031,1089.1689491271973,0.689410924911499,0.737541675567627,0.6754506230354309,0.7563673257827759,3.71392822265625,3.665939331054687,Fixation,1738.4723601470123,1090.2203170673267,144.0,10.0,True,13,word,shaven,8.0
2340.0,1734.78271484375,1083.8364601135254,0.6855841875076294,0.7375748753547668,0.6776494979858398,0.7526642084121704,3.6982574462890634,3.661453247070313,Fixation,1738.4723601470123,1090.2203170673267,144.0,10.0,True,13,word,shaven,8.0
2344.0,1731.0391235351562,1084.1955757141113,0.6812278628349304,0.7358437776565552,0.6761871576309204,0.7529135942459106,3.70672607421875,3.644317626953125,Fixation,1738.4723601470123,1090.2203170673267,144.0,10.0,True,13,word,shaven,8.0
2348.0,1723.1773376464844,1091.0827159881592,0.6829659938812256,0.7371004223823547,0.673116147518158,0.7576963305473328,3.69879150390625,3.6527099609375,Fixation,1738.4723601470123,1090.2203170673267,144.0,10.0,True,13,word,shaven,8.0
2352.0,1728.6297607421875,1084.978952407837,0.6820014715194702,0.7389125227928162,0.675246000289917,0.7534576058387756,3.70611572265625,3.658370971679687,Fixation,1738.4723601470123,1090.2203170673267,144.0,10.0,True,13,word,shaven,8.0
2356.0,1730.9507751464844,1088.5398960113525,0.6799036264419556,0.7388806939125061,0.6761526465415955,0.755930483341217,3.701248168945313,3.648895263671875,Fixation,1738.4723601470123,1090.2203170673267,144.0,10.0,True,13,word,shaven,8.0
2360.0,1730.7827758789062,1095.0923824310303,0.6827549934387207,0.7404624819755554,0.6760870218276978,0.7604808211326599,3.7043304443359375,3.64453125,Fixation,1738.4723601470123,1090.2203170673267,144.0,10.0,True,13,word,shaven,8.0
2364.0,1734.9392700195312,1092.4133491516113,0.6818592548370361,0.7363120317459106,0.6777106523513794,0.7586203813552856,3.6921234130859375,3.64886474609375,Fixation,1738.4723601470123,1090.2203170673267,144.0,10.0,True,13,word,shaven,8.0
2368.0,1737.1644592285156,1094.3363857269287,0.6816254258155823,0.7380839586257935,0.6785798668861389,0.7599558234214783,3.696945190429687,3.6546783447265625,Fixation,1738.4723601470123,1090.2203170673267,144.0,10.0,True,13,word,shaven,8.0
2372.0,1736.9499206542969,1094.3597316741943,0.6796742677688599,0.7409600615501404,0.6784960627555847,0.7599720358848572,3.71038818359375,3.641998291015625,Fixation,1738.4723601470123,1090.2203170673267,144.0,10.0,True,13,word,shaven,8.0
2376.0,1732.4870300292969,1100.456199645996,0.6837513446807861,0.738711416721344,0.6767527461051941,0.7642056941986084,3.698577880859375,3.6480712890625,Fixation,1738.4723601470123,1090.2203170673267,144.0,10.0,True,13,word,shaven,8.0
2380.0,1734.5681762695312,1100.8685302734375,0.6824406981468201,0.7362075448036194,0.6775656938552856,0.7644920349121094,3.6847076416015625,3.64117431640625,Fixation,1738.4723601470123,1090.2203170673267,144.0,10.0,True,13,word,shaven,8.0
2384.0,1733.802490234375,1086.670503616333,0.6806833744049072,0.7385203838348389,0.6772665977478027,0.754632294178009,3.6830902099609375,3.617355346679687,Fixation,1738.4723601470123,1090.2203170673267,144.0,10.0,True,13,word,shaven,8.0
2388.0,1741.4897155761719,1091.506462097168,0.6818642616271973,0.7400954961776733,0.6802694201469421,0.7579905986785889,3.6934661865234375,3.6315765380859375,Fixation,1738.4723601470123,1090.2203170673267,144.0,10.0,True,13,word,shaven,8.0
2392.0,1729.9153137207031,1094.4220447540283,0.6831157803535461,0.7376196980476379,0.6757481694221497,0.7600153088569641,3.6656341552734375,3.646942138671875,Fixation,1738.4723601470123,1090.2203170673267,144.0,10.0,True,13,word,shaven,8.0
2396.0,1731.6361999511719,1093.8372802734375,0.6817843914031982,0.7366713285446167,0.6764203906059265,0.7596092224121094,3.681488037109375,3.631378173828125,Fixation,1738.4723601470123,1090.2203170673267,144.0,10.0,True,13,word,shaven,8.0
2400.0,1732.7595520019531,1088.6919021606445,0.682286262512207,0.7445822954177856,0.6768592000007629,0.7560360431671143,3.68511962890625,3.626983642578125,Fixation,1738.4723601470123,1090.2203170673267,144.0,10.0,True,13,word,shaven,8.0
2404.0,1736.6586303710938,1090.4720306396484,0.6815628409385681,0.7345327734947205,0.6783822774887085,0.7572722434997559,3.665802001953125,3.6241302490234375,Fixation,1738.4723601470123,1090.2203170673267,144.0,10.0,True,13,word,shaven,8.0
2408.0,1737.1406555175781,1093.2593822479248,0.6826521158218384,0.7412590980529785,0.678570568561554,0.7592079043388367,3.6649169921875,3.60894775390625,Fixation,1738.4723601470123,1090.2203170673267,144.0,10.0,True,13,word,shaven,8.0
2412.0,1724.6963500976562,1092.0697689056396,0.6838184595108032,0.740874171257019,0.673709511756897,0.7583817839622498,3.665802001953125,3.626022338867187,Fixation,1738.4723601470123,1090.2203170673267,144.0,10.0,True,13,word,shaven,8.0
2416.0,1734.5747375488281,1084.9940586090088,0.6845924258232117,0.7449334263801575,0.677568256855011,0.7534680962562561,3.687164306640625,3.5965728759765625,Fixation,1738.4723601470123,1090.2203170673267,144.0,10.0,True,13,word,shaven,8.0
2420.0,1731.8061828613281,1088.1849002838135,0.6851871609687805,0.7406558990478516,0.6764867901802063,0.755683958530426,3.6581878662109375,3.6161956787109375,Fixation,1738.4723601470123,1090.2203170673267,144.0,10.0,True,13,word,shaven,8.0
2424.0,1737.09228515625,1089.097023010254,0.6890925168991089,0.7418608665466309,0.6785516738891602,0.7563173770904541,3.64892578125,3.6097259521484375,Fixation,1738.4723601470123,1090.2203170673267,144.0,10.0,True,13,word,shaven,8.0
2428.0,1735.6614685058594,1096.9659805297852,0.6867458820343018,0.7412199378013611,0.6779927611351013,0.7617819309234619,3.644866943359375,3.6080322265625,Fixation,1738.4723601470123,1090.2203170673267,144.0,10.0,True,13,word,shaven,8.0
2432.0,1738.8507080078125,1094.8368644714355,0.6889870762825012,0.7379373908042908,0.6792385578155518,0.7603033781051636,3.640426635742187,3.6016845703125,Fixation,1738.4723601470123,1090.2203170673267,144.0,10.0,True,13,word,shaven,8.0
2436.0,1729.9626159667969,1093.415937423706,0.6891390085220337,0.74040287733078,0.67576664686203,0.759316623210907,3.6472015380859375,3.5888824462890625,Fixation,1738.4723601470123,1090.2203170673267,144.0,10.0,True,13,word,shaven,8.0
2440.0,1741.5293884277344,1089.3488502502441,0.6872110962867737,0.7391720414161682,0.6802849173545837,0.7564922571182251,3.652145385742187,3.6228179931640634,Fixation,1738.4723601470123,1090.2203170673267,144.0,10.0,True,13,word,shaven,8.0
2444.0,1744.1746520996094,1096.2467193603516,0.687785804271698,0.7384994626045227,0.6813182234764099,0.7612824440002441,3.632888793945313,3.596664428710937,Fixation,1738.4723601470123,1090.2203170673267,144.0,10.0,True,13,word,shaven,8.0
2448.0,1746.5257263183594,1093.2190418243408,0.6906681656837463,0.7337532639503479,0.6822366118431091,0.7591798901557922,3.636077880859375,3.589324951171875,Fixation,1738.4723601470123,1090.2203170673267,144.0,10.0,True,13,word,shaven,8.0
2452.0,1751.5936279296875,1103.24312210083,0.6869968175888062,0.7404922842979431,0.6842162609100342,0.7661410570144653,3.632156372070313,3.594970703125,Fixation,1738.4723601470123,1090.2203170673267,144.0,10.0,True,13,word,shaven,8.0
2456.0,1752.5480651855469,1088.4348392486572,0.6878484487533569,0.7411017417907715,0.6845890879631042,0.755857527256012,3.6422271728515625,3.59027099609375,Fixation,1738.4723601470123,1090.2203170673267,144.0,10.0,True,13,word,shaven,8.0
2460.0,1749.58251953125,1092.851858139038,0.6866061091423035,0.7388888001441956,0.6834306716918945,0.7589249014854431,3.6277008056640634,3.587188720703125,Fixation,1738.4723601470123,1090.2203170673267,144.0,10.0,True,13,word,shaven,8.0
2464.0,1755.0100708007812,1067.345895767212,0.6854110360145569,0.72153639793396,0.6855508089065552,0.7412124276161194,3.633346557617187,3.58074951171875,Fixation,1738.4723601470123,1090.2203170673267,144.0,10.0,True,13,word,shaven,8.0
2468.0,1770.6776428222656,1017.2460079193115,0.6845880150794983,0.6822795271873474,0.6916709542274475,0.7064208388328552,3.629837036132813,3.586822509765625,Saccade,,,,0.0,False,14,,,
2472.0,1777.0323181152344,937.4160861968994,0.6819915771484375,0.6292232275009155,0.6941532492637634,0.6509833931922913,3.653533935546875,3.6013336181640625,Saccade,,,,0.0,False,14,,,
2476.0,1758.3322143554688,849.5792770385742,0.68376225233078,0.5550683736801147,0.686848521232605,0.5899856090545654,3.664093017578125,3.585479736328125,Saccade,,,,0.0,False,14,,,
2480.0,1742.1072387695312,764.5440673828125,0.6768474578857422,0.4999952614307403,0.6805106401443481,0.5309333801269531,3.631011962890625,3.5924835205078125,Saccade,,,,0.0,False,14,,,
2484.0,1747.1089172363281,652.9170942306519,0.6733086109161377,0.4382258951663971,0.6824644207954407,0.453414648771286,3.621917724609375,3.525009155273437,Saccade,,,,0.0,False,14,,,
2488.0,1747.6560974121094,574.1526317596434,0.6687764525413513,0.4047737121582031,0.6826781630516052,0.3987171053886413,3.61798095703125,3.5081329345703125,Saccade,,,,0.0,False,14,,,
2492.0,1726.395263671875,516.7192840576171,0.662357747554779,0.3201410472393036,0.6743731498718262,0.358832836151123,3.5797576904296875,3.515869140625,Saccade,,,,0.0,False,14,,,
2496.0,1707.7445983886719,494.8794507980346,0.6501202583312988,0.3126594722270965,0.667087733745575,0.3436662852764129,3.6162109375,3.558685302734375,Saccade,,,,0.0,False,14,,,
2500.0,1688.5322570800781,456.1919546127319,0.6433162093162537,0.3059663474559784,0.6595829129219055,0.3167999684810638,3.623748779296875,3.5758514404296875,Saccade,,,,0.0,False,14,,,
2504.0,1672.2918701171875,433.4015464782715,0.6470193266868591,0.2799109220504761,0.6532390117645264,0.3009732961654663,3.61285400390625,3.5361328125,Fixation,1635.7600845115771,445.74374323305875,272.0,11.0,True,15,image,,10.0
2508.0,1642.8443908691406,441.1181116104126,0.6361789703369141,0.2813839912414551,0.6417360901832581,0.3063320219516754,3.601531982421875,3.5655059814453125,Fixation,1635.7600845115771,445.74374323305875,272.0,11.0,True,15,image,,10.0
2512.0,1628.1463623046875,439.0224266052246,0.6352567076683044,0.2831053137779236,0.6359946727752686,0.3048766851425171,3.6002655029296875,3.5542144775390625,Fixation,1635.7600845115771,445.74374323305875,272.0,11.0,True,15,image,,10.0
2516.0,1627.7601623535156,445.0202751159668,0.6399854421615601,0.2836107015609741,0.635843813419342,0.3090418577194214,3.5897979736328125,3.5567779541015625,Fixation,1635.7600845115771,445.74374323305875,272.0,11.0,True,15,image,,10.0
2520.0,1637.7020263671875,457.98800468444824,0.6442312598228455,0.2955130934715271,0.6397273540496826,0.3180472254753113,3.597640991210937,3.542587280273437,Fixation,1635.7600845115771,445.74374323305875,272.0,11.0,True,15,image,,10.0
2524.0,1653.0938720703125,451.72665596008295,0.6507090926170349,0.2903639376163482,0.6457397937774658,0.3136990666389465,3.56414794921875,3.5457916259765625,Fixation,1635.7600845115771,445.74374323305875,272.0,11.0,True,15,image,,10.0
2528.0,1642.4098205566406,465.9944629669189,0.651471734046936,0.2885131537914276,0.6415663361549377,0.3236072659492492,3.5854034423828125,3.556243896484375,Fixation,1635.7600845115771,445.74374323305875,272.0,11.0,True,15,image,,10.0
2532.0,1651.6481018066406,447.66085624694824,0.6436077952384949,0.2910026609897613,0.645175039768219,0.3108755946159363,3.594879150390625,3.5606842041015625,Fixation,1635.7600845115771,445.74374323305875,272.0,11.0,True,15,image,,10.0
2536.0,1643.6251831054688,446.5480184555053,0.6419848203659058,0.2822795808315277,0.6420410871505737,0.3101027905941009,3.5955047607421875,3.557861328125,Fixation,1635.7600845115771,445.74374323305875,272.0,11.0,True,15,image,,10.0
2540.0,1643.3006286621094,443.6998128890991,0.6452328562736511,0.2842439115047455,0.6419143080711365,0.3081248700618744,3.602264404296875,3.55267333984375,Fixation,1635.7600845115771,445.74374323305875,272.0,11.0,True,15,image,,10.0
2544.0,1637.335205078125,440.43687343597406,0.6476929187774658,0.2829805016517639,0.6395840644836426,0.3058589398860931,3.575439453125,3.5464019775390625,Fixation,1635.7600845115771,445.74374323305875,272.0,11.0,True,15,image,,10.0
2548.0,1636.6238403320312,440.26268005371094,0.6428202986717224,0.2845891416072845,0.6393061876296997,0.3057379722595215,3.59515380859375,3.5518951416015625,Fixation,1635.7600845115771,445.74374323305875,272.0,11.0,True,15,image,,10.0
2552.0,1638.9872741699219,449.08023834228516,0.6445371508598328,0.2878088355064392,0.6402294039726257,0.3118612766265869,3.5736236572265625,3.545654296875,Fixation,1635.7600845115771,445.74374323305875,272.0,11.0,True,15,image,,10.0
2556.0,1635.6808471679688,441.5147352218628,0.6450728178024292,0.2844474017620086,0.6389378309249878,0.3066074550151825,3.556137084960937,3.5435028076171875,Fixation,1635.7600845115771,445.74374323305875,272.0,11.0,True,15,image,,10.0
2560.0,1630.8450317382812,452.87768840789795,0.6467209458351135,0.2912706732749939,0.6370488405227661,0.3144983947277069,3.575897216796875,3.552093505859375,Fixation,1635.7600845115771,445.74374323305875,272.0,11.0,True,15,image,,10.0
2564.0,1635.1704406738281,441.01957798004145,0.6458675265312195,0.2884281873703003,0.6387384533882141,0.3062635958194732,3.5810699462890625,3.5456085205078125,Fixation,1635.7600845115771,445.74374323305875,272.0,11.0,True,15,image,,10.0
2568.0,1635.9696960449219,443.6835050582885,0.6458966732025146,0.2880212366580963,0.6390506625175476,0.308113545179367,3.568710327148437,3.5314483642578125,Fixation,1635.7600845115771,445.74374323305875,272.0,11.0,True,15,image,,10.0
2572.0,1637.3701477050781,441.03734493255615,0.646470844745636,0.2877112329006195,0.6395977139472961,0.3062759339809418,3.5624237060546875,3.531463623046875,Fixation,1635.7600845115771,445.74374323305875,272.0,11.0,True,15,image,,10.0
2576.0,1632.674560546875,448.6397123336792,0.6478464603424072,0.2866076827049255,0.637763500213623,0.3115553557872772,3.5461578369140625,3.534408569335937,Fixation,1635.7600845115771,445.74374323305875,272.0,11.0,True,15,image,,10.0
2580.0,1628.4979248046875,449.8970890045166,0.6477205157279968,0.2867326140403747,0.636132001876831,0.3124285340309143,3.5646514892578125,3.52923583984375,Fixation,1635.7600845115771,445.74374323305875,272.0,11.0,True,15,image,,10.0
2584.0,1633.7709045410156,442.25712776184076,0.6443254351615906,0.2863949537277221,0.6381917595863342,0.3071230053901672,3.5722198486328125,3.5386199951171875,Fixation,1635.7600845115771,445.74374323305875,272.0,11.0,True,15,image,,10.0
2588.0,1630.6394958496094,443.9643001556396,0.6440816521644592,0.2904907166957855,0.6369685530662537,0.3083085417747497,3.580108642578125,3.533294677734375,Fixation,1635.7600845115771,445.74374323305875,272.0,11.0,True,15,image,,10.0
2592.0,1634.6881103515625,447.0140361785888,0.6447409987449646,0.2898688018321991,0.6385500431060791,0.3104264140129089,3.5705718994140625,3.54510498046875,Fixation,1635.7600845115771,445.74374323305875,272.0,11.0,True,15,image,,10.0
2596.0,1638.2550048828125,437.1507596969604,0.6440951228141785,0.2860570549964905,0.6399433612823486,0.3035769164562225,3.556671142578125,3.519500732421875,Fixation,1635.7600845115771,445.74374323305875,272.0,11.0,True,15,image,,10.0
2600.0,1634.786376953125,437.45816230773926,0.6427737474441528,0.2904200851917267,0.6385884284973145,0.3037903904914856,3.56134033203125,3.529327392578125,Fixation,1635.7600845115771,445.74374323305875,272.0,11.0,True,15,image,,10.0
2604.0,1639.9514770507812,449.6964597702026,0.6409372091293335,0.294874757528305,0.6406060457229614,0.3122892081737518,3.560089111328125,3.539657592773437,Fixation,1635.7600845115771,445.74374323305875,272.0,11.0,True,15,image,,10.0
2608.0,1637.7731323242188,450.32937526702875,0.642191469669342,0.282105416059494,0.639755129814148,0.3127287328243255,3.567108154296875,3.5279693603515625,Fixation,1635.7600845115771,445.74374323305875,272.0,11.0,True,15,image,,10.0
2612.0,1630.794677734375,444.71557617187494,0.6429253816604614,0.2902560830116272,0.6370291709899902,0.3088302612304687,3.5689697265625,3.5408935546875,Fixation,1635.7600845115771,445.74374323305875,272.0,11.0,True,15,image,,10.0
2616.0,1633.9256286621094,447.45790958404535,0.6432015895843506,0.2862023413181305,0.6382521986961365,0.3107346594333648,3.560943603515625,3.5361785888671875,Fixation,1635.7600845115771,445.74374323305875,272.0,11.0,True,15,image,,10.0
2620.0,1631.4920043945312,446.41026020050043,0.6404939293861389,0.2861454486846924,0.6373015642166138,0.3100071251392364,3.559295654296875,3.53912353515625,Fixation,1635.7600845115771,445.74374323305875,272.0,11.0,True,15,image,,10.0
2624.0,1628.73046875,445.5000257492065,0.6410996317863464,0.2902868092060089,0.6362228393554688,0.3093750178813934,3.564300537109375,3.5220184326171875,Fixation,1635.7600845115771,445.74374323305875,272.0,11.0,True,15,image,,10.0
2628.0,1634.0298461914062,448.38788509368896,0.6428883075714111,0.298324704170227,0.6382929086685181,0.3113804757595062,3.5806884765625,3.522323608398437,Fixation,1635.7600845115771,445.74374323305875,272.0,11.0,True,15,image,,10.0
2632.0,1630.4121398925781,447.6538610458374,0.643223226070404,0.2818739712238312,0.6368797421455383,0.3108707368373871,3.561309814453125,3.5432891845703125,Fixation,1635.7600845115771,445.74374323305875,272.0,11.0,True,15,image,,10.0
2636.0,1628.3230590820312,445.2023220062256,0.6401962637901306,0.2902549803256988,0.6360636949539185,0.30916827917099,3.5577850341796875,3.5345001220703125,Fixation,1635.7600845115771,445.74374323305875,272.0,11.0,True,15,image,,10.0
2640.0,1634.1029357910156,449.88636016845703,0.6442626714706421,0.2920822501182556,0.6383214592933655,0.3124210834503174,3.571136474609375,3.52716064453125,Fixation,1635.7600845115771,445.74374323305875,272.0,11.0,True,15,image,,10.0
2644.0,1630.7131958007812,446.31176948547363,0.6434985399246216,0.2890371978282928,0.6369973421096802,0.3099387288093567,3.5732574462890625,3.49652099609375,Fixation,1635.7600845115771,445.74374323305875,272.0,11.0,True,15,image,,10.0
2648.0,1630.3858947753906,449.1784286499023,0.6463292837142944,0.2918797731399536,0.636869490146637,0.3119294643402099,3.580902099609375,3.5237579345703125,Fixation,1635.7600845115771,445.74374323305875,272.0,11.0,True,15,image,,10.0
2652.0,1632.0042419433594,449.7917318344116,0.6455346345901489,0.2891676723957062,0.6375016570091248,0.3123553693294525,3.560531616210937,3.512939453125,Fixation,1635.7600845115771,445.74374323305875,272.0,11.0,True,15,image,,10.0
2656.0,1630.1792907714844,441.73476219177246,0.6437948346138,0.2849748134613037,0.6367887854576111,0.3067602515220642,3.5605621337890625,3.52301025390625,Fixation,1635.7600845115771,445.74374323305875,272.0,11.0,True,15,image,,10.0
2660.0,1630.6390380859375,446.29975318908686,0.6441531181335449,0.2877470552921295,0.6369683742523193,0.3099303841590881,3.5555419921875,3.504302978515625,Fixation,1635.7600845115771,445.74374323305875,272.0,11.0,True,15,image,,10.0
2664.0,1636.5438842773438,447.57747173309326,0.6433261036872864,0.2899261116981506,0.6392749547958374,0.310817688703537,3.5581207275390625,3.5167236328125,Fixation,1635.7600845115771,445.74374323305875,272.0,11.0,True,15,image,,10.0
2668.0,1637.2425842285156,447.1450138092041,0.6454592943191528,0.2964015603065491,0.6395478844642639,0.3105173707008362,3.5587615966796875,3.5148468017578125,Fixation,1635.7600845115771,445.74374323305875,272.0,11.0,True,15,image,,10.0
2672.0,1640.592041015625,442.9835987091064,0.6472373604774475,0.291565328836441,0.6408562660217285,0.3076274991035461,3.5743865966796875,3.518157958984375,Fixation,1635.7600845115771,445.74374323305875,272.0,11.0,True,15,image,,10.0
2676.0,1648.6557006835938,436.1546087265014,0.6446815729141235,0.293086290359497,0.6440061330795288,0.3028851449489593,3.5580596923828125,3.494232177734375,Fixation,1635.7600845115771,445.74374323305875,272.0,11.0,True,15,image,,10.0
2680.0,1640.0193786621094,450.3971815109253,0.6426646709442139,0.2943897247314453,0.6406325697898865,0.3127758204936981,3.557968139648437,3.5158233642578125,Fixation,1635.7600845115771,445.74374323305875,272.0,11.0,True,15,image,,10.0
2684.0,1636.2155151367188,444.2899417877197,0.6391320824623108,0.2979439198970794,0.6391466856002808,0.3085346817970276,3.5788116455078125,3.506317138671875,Fixation,1635.7600845115771,445.74374323305875,272.0,11.0,True,15,image,,10.0
2688.0,1638.1576538085938,448.0571794509887,0.6418147683143616,0.2939597368240356,0.6399053335189819,0.3111508190631866,3.5534820556640625,3.4988555908203125,Fixation,1635.7600845115771,445.74374323305875,272.0,11.0,True,15,image,,10.0
2692.0,1635.6266784667969,449.57136154174805,0.6386922001838684,0.292728841304779,0.6389166712760925,0.3122023344039917,3.5520477294921875,3.5070037841796875,Fixation,1635.7600845115771,445.74374323305875,272.0,11.0,True,15,image,,10.0
2696.0,1640.6820678710938,442.707781791687,0.6387233138084412,0.2908920645713806,0.640891432762146,0.3074359595775604,3.55291748046875,3.4850006103515625,Fixation,1635.7600845115771,445.74374323305875,272.0,11.0,True,15,image,,10.0
2700.0,1635.9762573242188,447.1822214126587,0.6380621194839478,0.2910536229610443,0.639053225517273,0.3105432093143463,3.531494140625,3.5017242431640625,Fixation,1635.7600845115771,445.74374323305875,272.0,11.0,True,15,image,,10.0
2704.0,1632.0259094238281,448.4447479248047,0.6367471814155579,0.2992930710315704,0.6375101208686829,0.3114199638366699,3.54803466796875,3.5070953369140625,Fixation,1635.7600845115771,445.74374323305875,272.0,11.0,True,15,image,,10.0
2708.0,1626.9090270996094,447.47074127197266,0.6370338201522827,0.3014958798885345,0.6355113387107849,0.3107435703277588,3.554428100585937,3.49407958984375,Fixation,1635.7600845115771,445.74374323305875,272.0,11.0,True,15,image,,10.0
2712.0,1634.6331787109375,443.70976924896235,0.6363031268119812,0.2966523170471191,0.63852858543396,0.3081317842006683,3.545639038085937,3.4833984375,Fixation,1635.7600845115771,445.74374323305875,272.0,11.0,True,15,image,,10.0
2716.0,1630.6219482421875,448.7040424346924,0.6355670690536499,0.3000822365283966,0.6369616985321045,0.3116000294685364,3.536849975585937,3.488555908203125,Fixation,1635.7600845115771,445.74374323305875,272.0,11.0,True,15,image,,10.0
2720.0,1629.3598937988281,450.7430791854858,0.6377787590026855,0.2933073937892914,0.6364687085151672,0.3130160272121429,3.523040771484375,3.4773712158203125,Fixation,1635.7600845115771,445.74374323305875,272.0,11.0,True,15,image,,10.0
2724.0,1631.5048217773438,443.1113576889038,0.6368153095245361,0.2985104322433471,0.6373065710067749,0.3077162206172943,3.526519775390625,3.480499267578125,Fixation,1635.7600845115771,445.74374323305875,272.0,11.0,True,15,image,,10.0
2728.0,1631.32080078125,451.87840461730957,0.6394120454788208,0.2955135107040405,0.6372346878051758,0.3138044476509094,3.517318725585937,3.4823455810546875,Fixation,1635.7600845115771,445.74374323305875,272.0,11.0,True,15,image,,10.0
2732.0,1636.1470031738281,439.26408290863037,0.6382888555526733,0.3010200560092926,0.6391199231147766,0.3050445020198822,3.52435302734375,3.4815826416015625,Fixation,1635.7600845115771,445.74374323305875,272.0,11.0,True,15,image,,10.0
2736.0,1637.3626708984375,456.8779563903808,0.6392238140106201,0.2998611629009247,0.6395947933197021,0.3172763586044311,3.5170135498046875,3.4977264404296875,Fixation,1635.7600845115771,445.74374323305875,272.0,11.0,True,15,image,,10.0
2740.0,1631.7304992675781,447.5235700607299,0.6437555551528931,0.2909496128559112,0.6373947262763977,0.310780256986618,3.504669189453125,3.46868896484375,Fixation,1635.7600845115771,445.74374323305875,272.0,11.0,True,15,image,,10.0
2744.0,1636.1282348632812,443.049259185791,0.6446113586425781,0.2903390824794769,0.6391125917434692,0.3076730966567993,3.491943359375,3.4705352783203125,Fixation,1635.7600845115771,445.74374323305875,272.0,11.0,True,15,image,,10.0
2748.0,1632.9194641113281,443.2949495315551,0.643115758895874,0.2981551885604858,0.6378591656684875,0.3078437149524688,3.5142059326171875,3.482513427734375,Fixation,1635.7600845115771,445.74374323305875,272.0,11.0,True,15,image,,10.0
2752.0,1634.677734375,443.7137174606323,0.6466107964515686,0.2893027067184448,0.6385459899902344,0.308134526014328,3.5051422119140625,3.47015380859375,Fixation,1635.7600845115771,445.74374323305875,272.0,11.0,True,15,image,,10.0
2756.0,1638.740234375,443.6582279205322,0.6451525688171387,0.2955639958381653,0.6401329040527344,0.3080959916114807,3.504013061523437,3.461181640625,Fixation,1635.7600845115771,445.74374323305875,272.0,11.0,True,15,image,,10.0
2760.0,1638.8092041015625,438.78184318542475,0.6438512206077576,0.2931256890296936,0.6401598453521729,0.3047096133232116,3.5045928955078125,3.452880859375,Fixation,1635.7600845115771,445.74374323305875,272.0,11.0,True,15,image,,10.0
2764.0,1642.2682189941406,440.925121307373,0.643950879573822,0.2925881743431091,0.6415110230445862,0.3061980009078979,3.479843139648437,3.4425048828125,Fixation,1635.7600845115771,445.74374323305875,272.0,11.0,True,15,image,,10.0
2768.0,1635.2449035644531,442.58839130401606,0.6463780403137207,0.2894035279750824,0.6387675404548645,0.3073530495166778,3.483245849609375,3.431610107421875,Fixation,1635.7600845115771,445.74374323305875,272.0,11.0,True,15,image,,10.0
2772.0,1642.0321655273438,441.89148902893066,0.6408312916755676,0.301401823759079,0.6414188146591187,0.3068690896034241,3.487884521484375,3.4486083984375,Fixation,1635.7600845115771,445.74374323305875,272.0,11.0,True,15,image,,10.0
2776.0,1607.7238464355469,447.59068965911865,0.6326166987419128,0.3078720867633819,0.6280171275138855,0.3108268678188324,3.4717254638671875,3.4406280517578125,Fixation,1635.7600845115771,445.74374323305875,272.0,11.0,True,15,image,,10.0
2780.0,1555.806884765625,459.97138023376465,0.5913804173469543,0.3147608041763305,0.6077370643615723,0.319424569606781,3.479156494140625,3.445892333984375,Saccade,,,,0.0,False,16,,,
2784.0,1473.7246704101562,499.455943107605,0.5604878067970276,0.3169620931148529,0.5756736993789673,0.3468444049358368,3.4633331298828125,3.423126220703125,Saccade,,,,0.0,False,16,,,
2788.0,1396.0298156738281,512.5996255874633,0.5235334634780884,0.3726785778999328,0.5453241467475891,0.3559719622135162,3.5412139892578125,3.408843994140625,Saccade,,,,0.0,False,16,,,
2792.0,1308.32763671875,526.5271568298339,0.4869699478149414,0.3939525783061981,0.5110654830932617,0.3656438589096069,3.50396728515625,3.387481689453125,Saccade,,,,0.0,False,16,,,
2796.0,1242.939987182617,571.5002489089965,0.4626559913158417,0.4124219417572021,0.4855234324932098,0.3968751728534698,3.509307861328125,3.4024200439453125,Saccade,,,,0.0,False,16,,,
2800.0,1193.1641387939453,624.9619960784912,0.4403437674045563,0.401063323020935,0.4660797417163849,0.4340013861656189,3.470733642578125,3.432479858398437,Saccade,,,,0.0,False,16,,,
2804.0,1159.964599609375,625.3460025787354,0.4293960332870483,0.4080747365951538,0.4531111717224121,0.434268057346344,3.424346923828125,3.3996734619140625,Saccade,,,,0.0,False,16,,,
2808.0,1128.4162902832031,670.7808637619019,0.4288947582244873,0.4400328993797302,0.4407876133918762,0.4658200442790985,3.4119110107421875,3.42181396484375,Saccade,,,,0.0,False,16,,,
2812.0,1133.3454132080076,696.4375877380371,0.4384254515171051,0.4723109602928161,0.442713052034378,0.4836372137069702,3.4520263671875,3.4168701171875,Saccade,,,,0.0,False,16,,,
2816.0,1138.7157440185547,714.2268991470336,0.4483736157417297,0.4769919216632843,0.4448108375072479,0.49599090218544,3.449249267578125,3.4704742431640625,Saccade,,,,0.0,False,16,,,
2820.0,1163.3012390136719,722.105770111084,0.4543628990650177,0.4917510151863098,0.4544145464897156,0.5014623403549194,3.508651733398437,3.504364013671875,Saccade,,,,0.0,False,16,,,
2824.0,1160.3751373291016,690.6020879745482,0.4485330879688263,0.456521213054657,0.4532715380191803,0.4795847833156585,3.436981201171875,3.4553985595703125,Saccade,,,,0.0,False,16,,,
2828.0,1152.5468444824216,667.2279453277588,0.4449978470802307,0.4475905001163482,0.450213611125946,0.4633527398109436,3.41558837890625,3.43048095703125,Saccade,,,,0.0,False,16,,,
2832.0,1131.6856384277341,659.9778270721434,0.4411652386188507,0.4340810179710388,0.4420647025108337,0.4583179354667663,3.40460205078125,3.418243408203125,Saccade,,,,0.0,False,16,,,
2836.0,1118.1727600097656,637.3095989227295,0.4392728507518768,0.4445087909698486,0.4367862343788147,0.4425761103630066,3.4416961669921875,3.3589324951171875,Fixation,1117.3618602752686,672.9001937806606,124.0,12.0,True,17,image,,10.0
2840.0,1128.3435058593748,665.1326894760131,0.441364586353302,0.4754410088062286,0.4407591819763183,0.4618977010250091,3.4666290283203125,3.407211303710937,Fixation,1117.3618602752686,672.9001937806606,124.0,12.0,True,17,image,,10.0
2844.0,1122.9612731933594,656.4468812942504,0.4438683688640594,0.4663489758968353,0.438656747341156,0.4558658897876739,3.449951171875,3.3657989501953125,Fixation,1117.3618602752686,672.9001937806606,124.0,12.0,True,17,image,,10.0
2848.0,1116.7945098876953,653.5379076004028,0.4398495554924011,0.4712169170379638,0.436247855424881,0.4538457691669464,3.469329833984375,3.3667449951171875,Fixation,1117.3618602752686,672.9001937806606,124.0,12.0,True,17,image,,10.0
2852.0,1123.0336761474607,698.0984115600586,0.4438183009624481,0.4694355428218841,0.4386850297451019,0.484790563583374,3.435791015625,3.42919921875,Fixation,1117.3618602752686,672.9001937806606,124.0,12.0,True,17,image,,10.0
2856.0,1124.5913696289062,679.6947240829467,0.442531555891037,0.4655250310897827,0.4392935037612915,0.4720102250576019,3.44403076171875,3.3829345703125,Fixation,1117.3618602752686,672.9001937806606,124.0,12.0,True,17,image,,10.0
2860.0,1124.3896484374998,667.6944351196288,0.4441794157028198,0.4659940898418426,0.4392147064208984,0.4636766910552978,3.416473388671875,3.3697509765625,Fixation,1117.3618602752686,672.9001937806606,124.0,12.0,True,17,image,,10.0
2864.0,1122.5046539306638,688.6346340179443,0.4465391635894775,0.4673046171665191,0.4384783804416656,0.4782184958457947,3.418304443359375,3.4044189453125,Fixation,1117.3618602752686,672.9001937806606,124.0,12.0,True,17,image,,10.0
2868.0,1130.3561401367185,694.1669797897338,0.4459304213523865,0.4621893167495727,0.4415453672409057,0.4820604026317596,3.3940887451171875,3.402572631835937,Fixation,1117.3618602752686,672.9001937806606,124.0,12.0,True,17,image,,10.0
2872.0,1126.5615081787107,697.8264999389648,0.4455087780952453,0.4579737186431885,0.4400630891323089,0.4846017360687256,3.388168334960937,3.395538330078125,Fixation,1117.3618602752686,672.9001937806606,124.0,12.0,True,17,image,,10.0
2876.0,1120.4349517822263,692.5345659255981,0.443067342042923,0.4450234174728393,0.4376699030399322,0.4809267818927765,3.336090087890625,3.380477905273437,Fixation,1117.3618602752686,672.9001937806606,124.0,12.0,True,17,image,,10.0
2880.0,1117.7754974365232,677.0107126235962,0.4460396766662597,0.4498307704925537,0.4366310536861419,0.4701463282108307,3.3632965087890625,3.354095458984375,Fixation,1117.3618602752686,672.9001937806606,124.0,12.0,True,17,image,,10.0
2884.0,1119.8680877685547,680.2149868011473,0.4440158605575561,0.4425589144229889,0.4374484717845917,0.4723715186119079,3.3428955078125,3.3603668212890625,Fixation,1117.3618602752686,672.9001937806606,124.0,12.0,True,17,image,,10.0
2888.0,1114.0127563476562,677.0774459838866,0.4438181519508362,0.4582592248916626,0.4351612329483032,0.4701926708221435,3.4006805419921875,3.3500213623046875,Fixation,1117.3618602752686,672.9001937806606,124.0,12.0,True,17,image,,10.0
2892.0,1117.9732513427734,655.6623029708862,0.4450979828834533,0.4655980765819549,0.4367083013057709,0.4553210437297821,3.399887084960937,3.331939697265625,Fixation,1117.3618602752686,672.9001937806606,124.0,12.0,True,17,image,,10.0
2896.0,1117.0152282714844,677.8118133544922,0.4419129192829132,0.4541628658771515,0.4363340735435486,0.4707026481628418,3.3623504638671875,3.3561248779296875,Fixation,1117.3618602752686,672.9001937806606,124.0,12.0,True,17,image,,10.0
2900.0,1116.6405487060547,670.8132219314574,0.4430350661277771,0.456185519695282,0.4361877143383026,0.4658425152301788,3.3599853515625,3.3251190185546875,Fixation,1117.3618602752686,672.9001937806606,124.0,12.0,True,17,image,,10.0
2904.0,1122.900390625,664.5843601226807,0.4444997608661651,0.4670405685901642,0.4386329650878906,0.4615169167518616,3.4108123779296875,3.31304931640625,Fixation,1117.3618602752686,672.9001937806606,124.0,12.0,True,17,image,,10.0
2908.0,1105.631408691406,655.790877342224,0.4458245635032654,0.4575139582157135,0.4318872690200805,0.4554103314876556,3.3477783203125,3.306121826171875,Fixation,1117.3618602752686,672.9001937806606,124.0,12.0,True,17,image,,10.0
2912.0,1109.7658538818357,675.6672477722168,0.4421964585781097,0.4591779112815857,0.4335022866725921,0.4692133665084839,3.3457794189453125,3.33892822265625,Fixation,1117.3618602752686,672.9001937806606,124.0,12.0,True,17,image,,10.0
2916.0,1109.1239166259766,657.5831937789916,0.4410060048103332,0.4522236883640289,0.4332515299320221,0.4566549956798553,3.330551147460937,3.319244384765625,Fixation,1117.3618602752686,672.9001937806606,124.0,12.0,True,17,image,,10.0
2920.0,1117.3017120361328,698.6185884475708,0.4449790120124817,0.4667359888553619,0.4364459812641144,0.4851517975330353,3.386444091796875,3.377593994140625,Fixation,1117.3618602752686,672.9001937806606,124.0,12.0,True,17,image,,10.0
2924.0,1100.444107055664,668.1152200698853,0.441770076751709,0.4618383049964905,0.4298609793186188,0.4639689028263092,3.3673553466796875,3.3297576904296875,Fixation,1117.3618602752686,672.9001937806606,124.0,12.0,True,17,image,,10.0
2928.0,1109.8135375976562,646.5094470977783,0.4452760517597198,0.4620563685894012,0.4335209131240845,0.4489648938179016,3.367172241210937,3.26806640625,Fixation,1117.3618602752686,672.9001937806606,124.0,12.0,True,17,image,,10.0
2932.0,1115.3895568847656,662.7290868759155,0.4428248703479767,0.4585526585578918,0.4356990456581116,0.4602285325527191,3.34423828125,3.321395874023437,Fixation,1117.3618602752686,672.9001937806606,124.0,12.0,True,17,image,,10.0
2936.0,1112.2442626953123,647.7165269851685,0.4438803493976593,0.4481502473354339,0.4344704151153564,0.4498031437397003,3.315536499023437,3.2841949462890625,Fixation,1117.3618602752686,672.9001937806606,124.0,12.0,True,17,image,,10.0
2940.0,1116.2562561035156,682.1805095672607,0.4432190656661987,0.4602359235286712,0.4360376000404358,0.4737364649772644,3.361312866210937,3.3323211669921875,Fixation,1117.3618602752686,672.9001937806606,124.0,12.0,True,17,image,,10.0
2944.0,1112.521743774414,668.8724613189697,0.4442930817604065,0.4658954441547394,0.4345788061618805,0.4644947648048401,3.3681793212890625,3.3237457275390625,Fixation,1117.3618602752686,672.9001937806606,124.0,12.0,True,17,image,,10.0
2948.0,1121.532516479492,689.0545606613159,0.4434134662151336,0.4416223168373108,0.4380986392498016,0.4785101115703583,3.29498291015625,3.3533935546875,Fixation,1117.3618602752686,672.9001937806606,124.0,12.0,True,17,image,,10.0
2952.0,1122.3072052001953,673.9131689071655,0.4437895119190216,0.4410441815853119,0.4384012520313263,0.4679952561855316,3.303619384765625,3.33221435546875,Fixation,1117.3618602752686,672.9001937806606,124.0,12.0,True,17,image,,10.0
2956.0,1116.1950683593748,698.9621257781982,0.4407740235328674,0.4524226188659668,0.4360136985778808,0.4853903651237488,3.3249664306640625,3.3735809326171875,Fixation,1117.3618602752686,672.9001937806606,124.0,12.0,True,17,image,,10.0
2960.0,1102.7226257324219,672.8410148620605,0.4291879832744598,0.442138522863388,0.4307510256767273,0.4672507047653198,3.3003387451171875,3.3447723388671875,Fixation,1117.3618602752686,672.9001937806606,124.0,12.0,True,17,image,,10.0
2964.0,1061.2995910644531,604.0321397781372,0.4156888127326965,0.4166899919509887,0.414570152759552,0.4194667637348175,3.2943878173828125,3.268096923828125,Fixation,1026.7522643493103,585.0126337360691,440.0,13.0,True,18,image,,10.0
2968.0,1030.188293457031,578.2045269012451,0.4054822325706482,0.3973745703697204,0.4024173021316528,0.401530921459198,3.2890777587890625,3.2822418212890625,Fixation,1026.7522643493103,585.0126337360691,440.0,13.0,True,18,image,,10.0
2972.0,1015.4986572265625,574.5655632019042,0.4030167758464813,0.3888414800167084,0.396679162979126,0.3990038633346557,3.2967987060546875,3.284896850585937,Fixation,1026.7522643493103,585.0126337360691,440.0,13.0,True,18,image,,10.0
2976.0,1016.6590118408202,569.5796585083008,0.4070629775524139,0.3860106170177459,0.3971324265003204,0.3955414295196533,3.28009033203125,3.2962646484375,Fixation,1026.7522643493103,585.0126337360691,440.0,13.0,True,18,image,,10.0
2980.0,1020.7228088378906,573.3475399017334,0.4052700996398926,0.3845919668674469,0.398719847202301,0.3981580138206482,3.2549591064453125,3.295150756835937,Fixation,1026.7522643493103,585.0126337360691,440.0,13.0,True,18,image,,10.0
2984.0,1022.0999908447266,606.867127418518,0.405771255493164,0.3946192264556885,0.3992578089237213,0.4214355051517486,3.2779083251953125,3.3219757080078125,Fixation,1026.7522643493103,585.0126337360691,440.0,13.0,True,18,image,,10.0
2988.0,1025.8818054199219,584.0844440460205,0.4083375334739685,0.4014302790164947,0.400735080242157,0.4056141972541809,3.288909912109375,3.298446655273437,Fixation,1026.7522643493103,585.0126337360691,440.0,13.0,True,18,image,,10.0
2992.0,1033.281555175781,608.8809728622435,0.408392459154129,0.3942670822143554,0.4036256074905395,0.4228340089321136,3.26416015625,3.3256378173828125,Fixation,1026.7522643493103,585.0126337360691,440.0,13.0,True,18,image,,10.0
2996.0,1030.772476196289,593.7474775314331,0.4084526598453522,0.3929267823696136,0.4026454985141754,0.4123246371746063,3.2602996826171875,3.300155639648437,Fixation,1026.7522643493103,585.0126337360691,440.0,13.0,True,18,image,,10.0
3000.0,1030.2478790283203,599.6866607666014,0.4103880524635315,0.4008225202560425,0.4024405777454376,0.4164490699768066,3.264251708984375,3.3233642578125,Fixation,1026.7522643493103,585.0126337360691,440.0,13.0,True,18,image,,10.0
3004.0,1031.737289428711,598.7444114685059,0.4098286628723144,0.3973662853240967,0.4030223786830902,0.4157947301864624,3.271148681640625,3.3096923828125,Fixation,1026.7522643493103,585.0126337360691,440.0,13.0,True,18,image,,10.0
3008.0,1031.6777038574219,600.2577781677246,0.4126512408256531,0.400831401348114,0.4029991030693054,0.4168456792831421,3.258758544921875,3.29058837890625,Fixation,1026.7522643493103,585.0126337360691,440.0,13.0,True,18,image,,10.0
3012.0,1032.062759399414,598.80784034729,0.4080857932567596,0.3939186334609985,0.4031495153903961,0.4158387780189514,3.251190185546875,3.295806884765625,Fixation,1026.7522643493103,585.0126337360691,440.0,13.0,True,18,image,,10.0
3016.0,1032.946853637695,582.5273036956786,0.4078672230243683,0.3755185008049011,0.4034948647022247,0.4045328497886657,3.208602905273437,3.29901123046875,Fixation,1026.7522643493103,585.0126337360691,440.0,13.0,True,18,image,,10.0
3020.0,1031.7361450195312,594.869713783264,0.4093360900878906,0.381593257188797,0.4030219316482544,0.4131039679050445,3.2422027587890625,3.2985992431640625,Fixation,1026.7522643493103,585.0126337360691,440.0,13.0,True,18,image,,10.0
3024.0,1028.2688903808594,594.249243736267,0.4104803204536438,0.3847064673900604,0.4016675353050232,0.4126730859279632,3.246200561523437,3.283447265625,Fixation,1026.7522643493103,585.0126337360691,440.0,13.0,True,18,image,,10.0
3028.0,1029.8571014404295,603.5867643356323,0.4092685282230377,0.3888315856456756,0.4022879302501678,0.419157475233078,3.2455596923828125,3.287994384765625,Fixation,1026.7522643493103,585.0126337360691,440.0,13.0,True,18,image,,10.0
3032.0,1031.6454315185547,586.2021017074584,0.4111292362213135,0.3986793458461761,0.4029864966869354,0.4070847928524017,3.26763916015625,3.28253173828125,Fixation,1026.7522643493103,585.0126337360691,440.0,13.0,True,18,image,,10.0
3036.0,1028.6061096191406,594.757661819458,0.4121500551700592,0.3804920315742492,0.4017992615699768,0.4130261540412903,3.219390869140625,3.29052734375,Fixation,1026.7522643493103,585.0126337360691,440.0,13.0,True,18,image,,10.0
3040.0,1027.6032257080076,584.4551467895508,0.4102542996406555,0.3957116305828094,0.4014075100421905,0.4058716297149658,3.2426910400390625,3.28778076171875,Fixation,1026.7522643493103,585.0126337360691,440.0,13.0,True,18,image,,10.0
3044.0,1032.9109191894531,604.5138645172119,0.409450352191925,0.3786636888980865,0.4034808278083801,0.4198012948036194,3.225311279296875,3.303329467773437,Fixation,1026.7522643493103,585.0126337360691,440.0,13.0,True,18,image,,10.0
3048.0,1026.7171478271482,590.3854465484619,0.4068684577941894,0.3803792893886566,0.4010613858699798,0.4099898934364319,3.2198638916015625,3.292144775390625,Fixation,1026.7522643493103,585.0126337360691,440.0,13.0,True,18,image,,10.0
3052.0,1027.3116302490234,593.986301422119,0.409399002790451,0.3860003054141998,0.4012936055660248,0.4124904870986938,3.2104949951171875,3.2839813232421875,Fixation,1026.7522643493103,585.0126337360691,440.0,13.0,True,18,image,,10.0
3056.0,1029.5906066894531,594.78684425354,0.4161049425601959,0.4060850143432617,0.4021838307380676,0.4130464196205139,3.26629638671875,3.289398193359375,Fixation,1026.7522643493103,585.0126337360691,440.0,13.0,True,18,image,,10.0
3060.0,1025.7410430908203,595.6841611862181,0.4108332097530365,0.3928408324718475,0.4006800949573517,0.4136695563793182,3.2357635498046875,3.27783203125,Fixation,1026.7522643493103,585.0126337360691,440.0,13.0,True,18,image,,10.0
3064.0,1024.0079498291016,591.3701391220092,0.4081844389438629,0.3966991305351257,0.4000031054019928,0.4106737077236175,3.229232788085937,3.28497314453125,Fixation,1026.7522643493103,585.0126337360691,440.0,13.0,True,18,image,,10.0
3068.0,1022.692413330078,586.2404251098632,0.4089110791683197,0.3956267833709717,0.3994892239570617,0.4071114063262939,3.249664306640625,3.2672119140625,Fixation,1026.7522643493103,585.0126337360691,440.0,13.0,True,18,image,,10.0
3072.0,1028.359375,596.3193941116333,0.4089842736721039,0.3942757248878479,0.401702880859375,0.4141106903553009,3.2324371337890625,3.2757110595703125,Fixation,1026.7522643493103,585.0126337360691,440.0,13.0,True,18,image,,10.0
3076.0,1027.3484802246091,580.0401878356934,0.4087367951869964,0.3981596231460571,0.401308000087738,0.4028056859970093,3.2549285888671875,3.2546539306640625,Fixation,1026.7522643493103,585.0126337360691,440.0,13.0,True,18,image,,10.0
3080.0,1031.5644836425781,578.3669185638427,0.4080699384212494,0.3993677198886871,0.4029548764228821,0.401643693447113,3.2280426025390625,3.2544097900390625,Fixation,1026.7522643493103,585.0126337360691,440.0,13.0,True,18,image,,10.0
3084.0,1028.1490325927734,590.6584310531616,0.4085328876972198,0.3924278318881988,0.4016207158565521,0.41017946600914,3.232635498046875,3.26776123046875,Fixation,1026.7522643493103,585.0126337360691,440.0,13.0,True,18,image,,10.0
3088.0,1026.5078735351562,578.395800590515,0.4093252122402191,0.4149131774902344,0.4009796380996704,0.4016637504100799,3.27838134765625,3.22369384765625,Fixation,1026.7522643493103,585.0126337360691,440.0,13.0,True,18,image,,10.0
3092.0,1029.8673248291016,579.7930812835693,0.4095311462879181,0.4018011391162872,0.4022919237613678,0.4026340842247009,3.2358551025390625,3.249725341796875,Fixation,1026.7522643493103,585.0126337360691,440.0,13.0,True,18,image,,10.0
3096.0,1020.0971221923827,585.7524347305297,0.4056195318698883,0.3938298523426056,0.3984754383563995,0.4067725241184234,3.205429077148437,3.2745361328125,Fixation,1026.7522643493103,585.0126337360691,440.0,13.0,True,18,image,,10.0
3100.0,1027.9740905761716,576.3391685485839,0.4053753912448883,0.3906869292259216,0.4015523791313171,0.4002355337142944,3.216766357421875,3.23590087890625,Fixation,1026.7522643493103,585.0126337360691,440.0,13.0,True,18,image,,10.0
3104.0,1027.3354339599607,570.2883625030518,0.4095273911952972,0.4007109105587005,0.4013029038906097,0.3960335850715637,3.240341186523437,3.2222442626953125,Fixation,1026.7522643493103,585.0126337360691,440.0,13.0,True,18,image,,10.0
3108.0,1024.6223449707031,577.0870542526245,0.4059784710407257,0.3947162926197052,0.4002431035041809,0.4007548987865448,3.2274169921875,3.2306671142578125,Fixation,1026.7522643493103,585.0126337360691,440.0,13.0,True,18,image,,10.0
3112.0,1023.8896942138671,570.2259635925293,0.4055295884609222,0.400978147983551,0.3999569118022918,0.395990252494812,3.226531982421875,3.21881103515625,Fixation,1026.7522643493103,585.0126337360691,440.0,13.0,True,18,image,,10.0
3116.0,1022.6874542236327,571.7448663711548,0.4031211137771606,0.3946220576763153,0.3994872868061065,0.3970450460910797,3.220428466796875,3.24078369140625,Fixation,1026.7522643493103,585.0126337360691,440.0,13.0,True,18,image,,10.0
3120.0,1019.7549438476562,573.0890607833862,0.4054993093013763,0.3950107395648956,0.3983417749404907,0.3979785144329071,3.229766845703125,3.2159423828125,Fixation,1026.7522643493103,585.0126337360691,440.0,13.0,True,18,image,,10.0
3124.0,1024.0567779541016,573.2650995254515,0.4071798324584961,0.3868629932403564,0.4000221788883209,0.3981007635593414,3.19781494140625,3.252670288085937,Fixation,1026.7522643493103,585.0126337360691,440.0,13.0,True,18,image,,10.0
3128.0,1021.1304473876953,575.0601196289061,0.4072719812393188,0.3974854648113251,0.3988790810108185,0.3993473052978515,3.2429656982421875,3.23236083984375,Fixation,1026.7522643493103,585.0126337360691,440.0,13.0,True,18,image,,10.0
3132.0,1024.2582702636719,578.080415725708,0.4056340456008911,0.3847659528255462,0.4001008868217468,0.4014447331428528,3.2054443359375,3.2327117919921875,Fixation,1026.7522643493103,585.0126337360691,440.0,13.0,True,18,image,,10.0
3136.0,1020.2918243408202,581.5203380584717,0.4081593155860901,0.3960068225860595,0.3985514938831329,0.4038335680961609,3.20953369140625,3.22088623046875,Fixation,1026.7522643493103,585.0126337360691,440.0,13.0,True,18,image,,10.0
3140.0,1026.6838836669922,575.4489755630492,0.406156986951828,0.3875404596328735,0.4010483920574188,0.3996173441410064,3.2113800048828125,3.225616455078125,Fixation,1026.7522643493103,585.0126337360691,440.0,13.0,True,18,image,,10.0
3144.0,1021.3735198974609,587.1511745452881,0.4091962873935699,0.3954388201236725,0.3989740312099457,0.4077438712120056,3.2158966064453125,3.2394256591796875,Fixation,1026.7522643493103,585.0126337360691,440.0,13.0,True,18,image,,10.0
3148.0,1014.8352813720702,574.6471452713012,0.410606324672699,0.3839228451251983,0.3964200317859649,0.3990605175495147,3.2137603759765625,3.227523803710937,Fixation,1026.7522643493103,585.0126337360691,440.0,13.0,True,18,image,,10.0
3152.0,1028.199234008789,575.115566253662,0.4072610735893249,0.3872990310192108,0.4016403257846832,0.3993858098983764,3.2161102294921875,3.21990966796875,Fixation,1026.7522643493103,585.0126337360691,440.0,13.0,True,18,image,,10.0
3156.0,1019.9108123779297,576.1539888381957,0.4148131906986236,0.3913923501968384,0.3984026610851288,0.4001069366931915,3.2100982666015625,3.21624755859375,Fixation,1026.7522643493103,585.0126337360691,440.0,13.0,True,18,image,,10.0
3160.0,1019.8932647705078,581.3804769515991,0.4104212820529938,0.3832420706748962,0.3983958065509796,0.4037364423274994,3.1972808837890625,3.2266082763671875,Fixation,1026.7522643493103,585.0126337360691,440.0,13.0,True,18,image,,10.0
3164.0,1018.1002807617188,583.2431745529175,0.4090798795223236,0.3855553567409515,0.3976954221725464,0.4050299823284149,3.17694091796875,3.2256011962890625,Fixation,1026.7522643493103,585.0126337360691,440.0,13.0,True,18,image,,10.0
3168.0,1017.8641510009764,587.4533414840698,0.4103355705738067,0.3876277208328247,0.3976031839847564,0.4079537093639374,3.1951141357421875,3.2187652587890625,Fixation,1026.7522643493103,585.0126337360691,440.0,13.0,True,18,image,,10.0
3172.0,1014.5320129394531,571.8054628372191,0.4114579558372497,0.3960608839988708,0.3963015675544739,0.3970871269702911,3.217559814453125,3.193222045898437,Fixation,1026.7522643493103,585.0126337360691,440.0,13.0,True,18,image,,10.0
3176.0,1019.6335601806641,585.8893775939941,0.4104115962982178,0.3882137835025787,0.3982943594455719,0.4068676233291626,3.191436767578125,3.21722412109375,Fixation,1026.7522643493103,585.0126337360691,440.0,13.0,True,18,image,,10.0
3180.0,1023.8759613037109,583.6425876617432,0.4131741523742676,0.3919514119625091,0.3999515473842621,0.4053073525428772,3.1889190673828125,3.2010955810546875,Fixation,1026.7522643493103,585.0126337360691,440.0,13.0,True,18,image,,10.0
3184.0,1022.2991180419922,585.9277868270874,0.4104317724704742,0.3950392007827759,0.3993355929851532,0.4068942964076996,3.199188232421875,3.2205963134765625,Fixation,1026.7522643493103,585.0126337360691,440.0,13.0,True,18,image,,10.0
3188.0,1018.4037017822264,586.3852214813231,0.411362886428833,0.3895557820796966,0.3978139460086822,0.40721195936203,3.197418212890625,3.2064208984375,Fixation,1026.7522643493103,585.0126337360691,440.0,13.0,True,18,image,,10.0
3192.0,1020.7633972167969,590.0071048736571,0.409972220659256,0.3929380178451538,0.3987357020378113,0.4097271561622619,3.2026824951171875,3.2267303466796875,Fixation,1026.7522643493103,585.0126337360691,440.0,13.0,True,18,image,,10.0
3196.0,1029.9320220947263,583.6641311645508,0.415067970752716,0.3904470205307007,0.4023171961307525,0.4053223133087158,3.1910858154296875,3.2205810546875,Fixation,1026.7522643493103,585.0126337360691,440.0,13.0,True,18,image,,10.0
3200.0,1022.169952392578,589.2906761169434,0.4128271639347076,0.3861383199691772,0.3992851376533508,0.4092296361923218,3.189437866210937,3.22637939453125,Fixation,1026.7522643493103,585.0126337360691,440.0,13.0,True,18,image,,10.0
3204.0,1024.4713592529295,592.502031326294,0.4121196568012237,0.3941186070442199,0.4001841247081756,0.411459743976593,3.210174560546875,3.228744506835937,Fixation,1026.7522643493103,585.0126337360691,440.0,13.0,True,18,image,,10.0
3208.0,1023.2534027099609,582.7105522155761,0.4132920205593109,0.3792170584201813,0.3997083604335785,0.4046601057052612,3.176910400390625,3.2129669189453125,Fixation,1026.7522643493103,585.0126337360691,440.0,13.0,True,18,image,,10.0
3212.0,1025.0739288330078,590.0780010223388,0.4080015122890472,0.3903384506702423,0.4004195034503937,0.4097763895988464,3.2107391357421875,3.2122344970703125,Fixation,1026.7522643493103,585.0126337360691,440.0,13.0,True,18,image,,10.0
3216.0,1031.4103698730466,591.9144773483276,0.4117054641246795,0.3910554349422455,0.4028946757316589,0.4110517203807831,3.2070770263671875,3.21966552734375,Fixation,1026.7522643493103,585.0126337360691,440.0,13.0,True,18,image,,10.0
3220.0,1025.7966613769531,591.7813110351561,0.410725325345993,0.4006635248661041,0.4007018208503723,0.410959243774414,3.2009735107421875,3.22125244140625,Fixation,1026.7522643493103,585.0126337360691,440.0,13.0,True,18,image,,10.0
3224.0,1023.7555694580078,587.091178894043,0.408056765794754,0.3916873931884765,0.3999045193195343,0.4077022075653076,3.174057006835937,3.1907196044921875,Fixation,1026.7522643493103,585.0126337360691,440.0,13.0,True,18,image,,10.0
3228.0,1037.7867126464841,597.646164894104,0.4121606647968292,0.3955830335617065,0.4053854346275329,0.4150320589542389,3.210906982421875,3.2208404541015625,Fixation,1026.7522643493103,585.0126337360691,440.0,13.0,True,18,image,,10.0
3232.0,1028.8685607910156,586.5527200698853,0.4065934419631958,0.3965599238872528,0.4019017815589905,0.4073282778263092,3.200546264648437,3.199935913085937,Fixation,1026.7522643493103,585.0126337360691,440.0,13.0,True,18,image,,10.0
3236.0,1030.8116912841797,597.9223251342773,0.407928317785263,0.3930460810661316,0.4026608169078827,0.4152238368988037,3.201080322265625,3.240264892578125,Fixation,1026.7522643493103,585.0126337360691,440.0,13.0,True,18,image,,10.0
3240.0,1020.9912109374999,578.6422634124756,0.4081367552280426,0.3976760506629944,0.3988246917724609,0.4018349051475525,3.207366943359375,3.193634033203125,Fixation,1026.7522643493103,585.0126337360691,440.0,13.0,True,18,image,,10.0
3244.0,1031.0072326660154,589.7606420516967,0.4077233374118805,0.4011679291725158,0.4027372002601623,0.4095560014247894,3.206085205078125,3.213531494140625,Fixation,1026.7522643493103,585.0126337360691,440.0,13.0,True,18,image,,10.0
3248.0,1030.2922058105469,591.4159727096558,0.4097950458526611,0.3998212516307831,0.4024578928947449,0.4107055366039276,3.2031707763671875,3.212142944335937,Fixation,1026.7522643493103,585.0126337360691,440.0,13.0,True,18,image,,10.0
3252.0,1030.5442810058594,590.2887153625488,0.4085766673088074,0.3958356082439422,0.4025563597679138,0.40992271900177,3.2054595947265625,3.2307891845703125,Fixation,1026.7522643493103,585.0126337360691,440.0,13.0,True,18,image,,10.0
3256.0,1032.955093383789,578.7162923812865,0.4089110791683197,0.402531623840332,0.4034980833530426,0.4018863141536712,3.207733154296875,3.1998291015625,Fixation,1026.7522643493103,585.0126337360691,440.0,13.0,True,18,image,,10.0
3260.0,1021.9445037841797,584.0257358551024,0.4099800884723663,0.4096357524394989,0.3991970717906952,0.4055734276771545,3.225494384765625,3.221054077148437,Fixation,1026.7522643493103,585.0126337360691,440.0,13.0,True,18,image,,10.0
3264.0,1024.5137786865234,578.2842636108397,0.4089725613594055,0.3963127136230469,0.4002006947994232,0.4015862941741943,3.1974639892578125,3.2111968994140625,Fixation,1026.7522643493103,585.0126337360691,440.0,13.0,True,18,image,,10.0
3268.0,1032.041015625,585.3510904312133,0.4117447733879089,0.3965021073818207,0.4031410217285156,0.4064938127994537,3.189483642578125,3.2230987548828125,Fixation,1026.7522643493103,585.0126337360691,440.0,13.0,True,18,image,,10.0
3272.0,1027.3473358154297,578.8143110275267,0.4092554748058319,0.4029708206653595,0.4013075530529022,0.4019543826580047,3.2109527587890625,3.18975830078125,Fixation,1026.7522643493103,585.0126337360691,440.0,13.0,True,18,image,,10.0
3276.0,1020.8271789550781,585.0958299636841,0.4098463058471679,0.3973487913608551,0.3987606167793274,0.4063165485858917,3.1934814453125,3.222808837890625,Fixation,1026.7522643493103,585.0126337360691,440.0,13.0,True,18,image,,10.0
3280.0,1017.314453125,569.6579360961914,0.4093405902385711,0.3950171172618866,0.3973884582519531,0.3955957889556885,3.205307006835937,3.1833648681640625,Fixation,1026.7522643493103,585.0126337360691,440.0,13.0,True,18,image,,10.0
3284.0,1023.32763671875,586.0058498382568,0.4078484177589416,0.4021480083465576,0.3997373580932617,0.4069485068321228,3.22491455078125,3.2191619873046875,Fixation,1026.7522643493103,585.0126337360691,440.0,13.0,True,18,image,,10.0
3288.0,1024.0623474121094,574.4731235504149,0.4101364016532898,0.3966286480426788,0.4000243544578552,0.3989396691322326,3.2053985595703125,3.217025756835937,Fixation,1026.7522643493103,585.0126337360691,440.0,13.0,True,18,image,,10.0
3292.0,1019.4838714599608,570.0619840621947,0.4109367430210113,0.4010835289955139,0.3982358872890472,0.3958763778209686,3.2213897705078125,3.2064208984375,Fixation,1026.7522643493103,585.0126337360691,440.0,13.0,True,18,image,,10.0
3296.0,1025.2101135253906,574.9126195907592,0.4104234278202057,0.3994157314300537,0.4004727005958557,0.399244874715805,3.228729248046875,3.20440673828125,Fixation,1026.7522643493103,585.0126337360691,440.0,13.0,True,18,image,,10.0
3300.0,1017.6579284667968,578.3790206909179,0.4133923649787903,0.3931235373020172,0.3975226283073425,0.4016520977020263,3.19287109375,3.2301788330078125,Fixation,1026.7522643493103,585.0126337360691,440.0,13.0,True,18,image,,10.0
3304.0,1030.0411987304685,572.9896259307861,0.4092649817466736,0.3977292776107788,0.4023598432540893,0.3979094624519348,3.231964111328125,3.2028045654296875,Fixation,1026.7522643493103,585.0126337360691,440.0,13.0,True,18,image,,10.0
3308.0,1025.0402069091797,576.3938426971434,0.4100823700428009,0.4003872573375702,0.4004063308238983,0.4002735018730163,3.215805053710937,3.2158966064453125,Fixation,1026.7522643493103,585.0126337360691,440.0,13.0,True,18,image,,10.0
3312.0,1020.4196166992188,576.0148572921753,0.4108635783195495,0.3980935215950012,0.3986014127731323,0.4000103175640106,3.227035522460937,3.2132568359375,Fixation,1026.7522643493103,585.0126337360691,440.0,13.0,True,18,image,,10.0
3316.0,1016.1867523193359,567.7263164520264,0.4107037484645843,0.4024233222007751,0.3969479501247406,0.3942543864250183,3.241180419921875,3.220001220703125,Fixation,1026.7522643493103,585.0126337360691,440.0,13.0,True,18,image,,10.0
3320.0,1027.4829101562498,568.7310504913329,0.4100204110145569,0.3999566733837127,0.4013605117797851,0.394952118396759,3.2368621826171875,3.223419189453125,Fixation,1026.7522643493103,585.0126337360691,440.0,13.0,True,18,image,,10.0
3324.0,1026.610641479492,578.4097480773925,0.4164983928203583,0.3948791623115539,0.4010197818279266,0.4016734361648559,3.233749389648437,3.234954833984375,Fixation,1026.7522643493103,585.0126337360691,440.0,13.0,True,18,image,,10.0
3328.0,1026.035385131836,582.7087068557738,0.4081234335899353,0.4006932377815246,0.4007950723171234,0.4046588242053985,3.23651123046875,3.2366180419921875,Fixation,1026.7522643493103,585.0126337360691,440.0,13.0,True,18,image,,10.0
3332.0,1021.9532775878906,584.2558908462523,0.4104556143283844,0.3981029689311981,0.3992004990577698,0.4057332575321197,3.21380615234375,3.2410125732421875,Fixation,1026.7522643493103,585.0126337360691,440.0,13.0,True,18,image,,10.0
3336.0,1022.3439025878906,592.785186767578,0.4112663865089416,0.4147745072841644,0.3993530869483948,0.411656379699707,3.2823944091796875,3.235198974609375,Fixation,1026.7522643493103,585.0126337360691,440.0,13.0,True,18,image,,10.0
3340.0,1024.7373199462888,585.7161283493041,0.4098067283630371,0.4027129411697387,0.4002880156040191,0.4067473113536834,3.254730224609375,3.236602783203125,Fixation,1026.7522643493103,585.0126337360691,440.0,13.0,True,18,image,,10.0
3344.0,1025.3511810302732,577.0674848556519,0.4079274535179138,0.4003802835941314,0.4005278050899505,0.400741308927536,3.247833251953125,3.242279052734375,Fixation,1026.7522643493103,585.0126337360691,440.0,13.0,True,18,image,,10.0
3348.0,1029.041061401367,583.4309720993041,0.4074944853782654,0.386691004037857,0.401969164609909,0.4051603972911834,3.217041015625,3.238555908203125,Fixation,1026.7522643493103,585.0126337360691,440.0,13.0,True,18,image,,10.0
3352.0,1028.3562469482422,587.7018213272094,0.408090740442276,0.4002844989299774,0.4017016589641571,0.4081262648105621,3.241943359375,3.26031494140625,Fixation,1026.7522643493103,585.0126337360691,440.0,13.0,True,18,image,,10.0
3356.0,1027.0483398437498,584.0063381195068,0.4107822775840759,0.4085109531879425,0.4011907577514648,0.4055599570274353,3.274993896484375,3.2434539794921875,Fixation,1026.7522643493103,585.0126337360691,440.0,13.0,True,18,image,,10.0
3360.0,1032.6286315917966,591.1396837234496,0.4102467894554138,0.4007336795330047,0.4033705592155456,0.4105136692523956,3.242584228515625,3.2677764892578125,Fixation,1026.7522643493103,585.0126337360691,440.0,13.0,True,18,image,,10.0
3364.0,1027.0140075683594,574.8871278762816,0.4107510149478912,0.4055845439434051,0.4011773467063904,0.3992271721363067,3.272979736328125,3.2589111328125,Fixation,1026.7522643493103,585.0126337360691,440.0,13.0,True,18,image,,10.0
3368.0,1030.4776763916013,604.6434259414672,0.4107384979724884,0.405219167470932,0.4025303423404693,0.4198912680149078,3.284088134765625,3.2885284423828125,Fixation,1026.7522643493103,585.0126337360691,440.0,13.0,True,18,image,,10.0
3372.0,1031.765670776367,588.825044631958,0.4083030223846435,0.4022800028324127,0.4030334651470184,0.4089062809944153,3.2680206298828125,3.277084350585937,Fixation,1026.7522643493103,585.0126337360691,440.0,13.0,True,18,image,,10.0
3376.0,1026.2263488769531,583.4497690200806,0.4096216857433319,0.4103264510631561,0.4008696675300598,0.4051734507083893,3.316390991210937,3.284881591796875,Fixation,1026.7522643493103,585.0126337360691,440.0,13.0,True,18,image,,10.0
3380.0,1026.6174316406248,587.3154544830322,0.412268579006195,0.4056221544742584,0.4010224342346191,0.4078579545021057,3.30072021484375,3.272705078125,Fixation,1026.7522643493103,585.0126337360691,440.0,13.0,True,18,image,,10.0
3384.0,1025.4150390624998,588.022699356079,0.4075915515422821,0.3975139260292053,0.400552749633789,0.4083490967750549,3.295196533203125,3.2730255126953125,Fixation,1026.7522643493103,585.0126337360691,440.0,13.0,True,18,image,,10.0
3388.0,1030.8717346191406,594.0110635757445,0.4119750559329986,0.3914726078510284,0.4026842713356018,0.4125076830387115,3.2832489013671875,3.291290283203125,Fixation,1026.7522643493103,585.0126337360691,440.0,13.0,True,18,image,,10.0
3392.0,1031.2985229492188,592.1074247360228,0.4124908149242401,0.4015297889709472,0.4028509855270386,0.4111857116222381,3.2986602783203125,3.2884979248046875,Fixation,1026.7522643493103,585.0126337360691,440.0,13.0,True,18,image,,10.0
3396.0,1034.9664306640625,579.8223924636841,0.4126864075660705,0.4328564405441284,0.4042837619781494,0.4026544392108917,3.3529052734375,3.27813720703125,Fixation,1026.7522643493103,585.0126337360691,440.0,13.0,True,18,image,,10.0
3400.0,1035.9570312499998,574.5692539215088,0.4186331033706665,0.4278693497180938,0.4046707153320312,0.3990064263343811,3.339828491210937,3.289413452148437,Fixation,1026.7522643493103,585.0126337360691,440.0,13.0,True,18,image,,10.0
3404.0,1086.735916137695,605.9324741363524,0.4244364500045776,0.4214365482330322,0.4245062172412872,0.420786440372467,3.3155059814453125,3.28619384765625,Fixation,1026.7522643493103,585.0126337360691,440.0,13.0,True,18,image,,10.0
3408.0,1171.706619262695,714.8374557495117,0.4478796720504761,0.4431703388690948,0.4576978981494903,0.4964148998260498,3.3445587158203125,3.414886474609375,Saccade,,,,0.0,False,19,,,
3412.0,1234.5263671875,750.55100440979,0.4738949835300445,0.4986999332904815,0.4822368621826172,0.5212159752845764,3.405364990234375,3.3891754150390625,Saccade,,,,0.0,False,19,,,
3416.0,1306.7024230957031,781.3965797424316,0.4954490661621094,0.5315436720848083,0.510430634021759,0.542636513710022,3.3881378173828125,3.3922271728515625,Saccade,,,,0.0,False,19,,,
3420.0,1358.58154296875,819.9485492706299,0.5182654857635498,0.5521826148033142,0.530695915222168,0.5694087147712708,3.408050537109375,3.39837646484375,Saccade,,,,0.0,False,19,,,
3424.0,1400.4556274414062,847.4766826629639,0.5367221832275391,0.5644346475601196,0.5470529794692993,0.5885254740715027,3.42437744140625,3.3937225341796875,Saccade,,,,0.0,False,19,,,
3428.0,1457.1800231933594,876.3199138641357,0.5545989274978638,0.5976739525794983,0.569210946559906,0.6085554957389832,3.4242706298828125,3.3936920166015625,Saccade,,,,0.0,False,19,,,
3432.0,1496.4352416992188,907.6771259307861,0.5968286395072937,0.637073814868927,0.5845450162887573,0.6303313374519348,3.4401092529296875,3.383529663085937,Saccade,,,,0.0,False,19,,,
3436.0,1560.1336669921875,959.1971683502197,0.5996228456497192,0.6487156748771667,0.6094272136688232,0.6661091446876526,3.4273223876953125,3.3697662353515625,Saccade,,,,0.0,False,19,,,
3440.0,1616.2081909179688,1015.4885387420654,0.6295819282531738,0.6743488311767578,0.6313313245773315,0.7052003741264343,3.42974853515625,3.401214599609375,Saccade,,,,0.0,False,19,,,
3444.0,1672.1670532226562,1050.432357788086,0.6456654667854309,0.7119824886322021,0.6531902551651001,0.7294669151306152,3.457916259765625,3.403564453125,Saccade,,,,0.0,False,19,,,
3448.0,1700.6068420410156,1063.8531017303467,0.6634575128555298,0.7322832345962524,0.6642995476722717,0.7387868762016296,3.4728240966796875,3.398406982421875,Fixation,1681.3234252929688,1066.6802993774413,196.0,14.0,True,20,word,shaven,8.0
3452.0,1697.1327209472656,1070.831995010376,0.6677061915397644,0.7397545576095581,0.6629424691200256,0.7436333298683167,3.4481658935546875,3.410369873046875,Fixation,1681.3234252929688,1066.6802993774413,196.0,14.0,True,20,word,shaven,8.0
3456.0,1668.2589721679688,1065.1179027557373,0.6664062738418579,0.7391003370285034,0.6516636610031128,0.7396652102470398,3.47650146484375,3.4250030517578125,Fixation,1681.3234252929688,1066.6802993774413,196.0,14.0,True,20,word,shaven,8.0
3460.0,1646.8959045410156,1043.833179473877,0.6607612371444702,0.7310434579849243,0.6433187127113342,0.7248841524124146,3.501937866210937,3.4006500244140625,Fixation,1681.3234252929688,1066.6802993774413,196.0,14.0,True,20,word,shaven,8.0
3464.0,1646.0693359375,1048.4904384613037,0.6595458388328552,0.7212735414505005,0.6429958343505859,0.728118360042572,3.4898681640625,3.4406280517578125,Fixation,1681.3234252929688,1066.6802993774413,196.0,14.0,True,20,word,shaven,8.0
3468.0,1650.7304382324219,1042.5817680358887,0.6617630124092102,0.7170631885528564,0.6448165774345398,0.7240151166915894,3.517318725585937,3.4325408935546875,Fixation,1681.3234252929688,1066.6802993774413,196.0,14.0,True,20,word,shaven,8.0
3472.0,1657.1226501464844,1049.1200065612793,0.6617971062660217,0.7162477970123291,0.6473135352134705,0.7285555601119995,3.4984893798828125,3.453277587890625,Fixation,1681.3234252929688,1066.6802993774413,196.0,14.0,True,20,word,shaven,8.0
3476.0,1666.6532897949219,1049.142837524414,0.6661049127578735,0.7221370339393616,0.6510364413261414,0.7285714149475098,3.505599975585937,3.4345703125,Fixation,1681.3234252929688,1066.6802993774413,196.0,14.0,True,20,word,shaven,8.0
3480.0,1679.0859985351562,1064.6787929534912,0.668603777885437,0.718165934085846,0.6558929681777954,0.7393602728843689,3.4925079345703125,3.4291534423828125,Fixation,1681.3234252929688,1066.6802993774413,196.0,14.0,True,20,word,shaven,8.0
3484.0,1678.2640075683594,1060.711441040039,0.6670808792114258,0.7175442576408386,0.6555718779563904,0.736605167388916,3.4908599853515625,3.4267578125,Fixation,1681.3234252929688,1066.6802993774413,196.0,14.0,True,20,word,shaven,8.0
3488.0,1686.131591796875,1061.689052581787,0.6675065755844116,0.7264736294746399,0.6586451530456543,0.7372840642929077,3.5023651123046875,3.4443511962890625,Fixation,1681.3234252929688,1066.6802993774413,196.0,14.0,True,20,word,shaven,8.0
3492.0,1685.5235290527344,1063.3470439910889,0.668732225894928,0.7163333892822266,0.6584076285362244,0.7384354472160339,3.4951629638671875,3.4354248046875,Fixation,1681.3234252929688,1066.6802993774413,196.0,14.0,True,20,word,shaven,8.0
3496.0,1686.6072082519531,1062.4544048309326,0.6682770848274231,0.722317099571228,0.6588309407234192,0.7378155589103699,3.497894287109375,3.446762084960937,Fixation,1681.3234252929688,1066.6802993774413,196.0,14.0,True,20,word,shaven,8.0
3500.0,1680.1286315917969,1066.4188385009766,0.6667558550834656,0.7268123030662537,0.6563002467155457,0.7405686378479004,3.508514404296875,3.4248199462890625,Fixation,1681.3234252929688,1066.6802993774413,196.0,14.0,True,20,word,shaven,8.0
3504.0,1683.5293579101562,1075.1267051696777,0.6707181334495544,0.7166863083839417,0.6576286554336548,0.7466157674789429,3.4945831298828125,3.462890625,Fixation,1681.3234252929688,1066.6802993774413,196.0,14.0,True,20,word,shaven,8.0
3508.0,1699.4155883789062,1065.8592224121094,0.6667868494987488,0.7232084274291992,0.6638342142105103,0.7401800155639648,3.506011962890625,3.406707763671875,Fixation,1681.3234252929688,1066.6802993774413,196.0,14.0,True,20,word,shaven,8.0
3512.0,1693.3828735351562,1068.81986618042,0.6694348454475403,0.7135217785835266,0.6614776849746704,0.7422360181808472,3.4961700439453125,3.44805908203125,Fixation,1681.3234252929688,1066.6802993774413,196.0,14.0,True,20,word,shaven,8.0
3516.0,1684.3412780761719,1071.948823928833,0.6704558730125427,0.7192726731300354,0.6579458117485046,0.744408905506134,3.5079345703125,3.4508819580078125,Fixation,1681.3234252929688,1066.6802993774413,196.0,14.0,True,20,word,shaven,8.0
3520.0,1695.5537414550781,1066.8515968322754,0.6702661514282227,0.7196208238601685,0.6623256802558899,0.7408691644668579,3.506210327148437,3.4298248291015625,Fixation,1681.3234252929688,1066.6802993774413,196.0,14.0,True,20,word,shaven,8.0
3524.0,1686.1235046386719,1070.0469017028809,0.6680698990821838,0.7267277836799622,0.6586419939994812,0.7430881261825562,3.5156402587890625,3.44805908203125,Fixation,1681.3234252929688,1066.6802993774413,196.0,14.0,True,20,word,shaven,8.0
3528.0,1682.2859191894531,1065.529375076294,0.6683865189552307,0.7245733737945557,0.6571429371833801,0.739950954914093,3.514312744140625,3.44732666015625,Fixation,1681.3234252929688,1066.6802993774413,196.0,14.0,True,20,word,shaven,8.0
3532.0,1685.9579467773438,1064.7961235046387,0.6679437756538391,0.7293943166732788,0.6585773229598999,0.7394417524337769,3.518768310546875,3.45166015625,Fixation,1681.3234252929688,1066.6802993774413,196.0,14.0,True,20,word,shaven,8.0
3536.0,1674.3377685546875,1067.2491645812988,0.67221599817276,0.7293842434883118,0.6540381908416748,0.7411452531814575,3.51751708984375,3.4683074951171875,Fixation,1681.3234252929688,1066.6802993774413,196.0,14.0,True,20,word,shaven,8.0
3540.0,1670.3485107421875,1069.6895027160645,0.669744610786438,0.7292460203170776,0.652479887008667,0.7428399324417114,3.5313720703125,3.482666015625,Fixation,1681.3234252929688,1066.6802993774413,196.0,14.0,True,20,word,shaven,8.0
3544.0,1674.7346496582031,1071.0710334777832,0.6741761565208435,0.7301537394523621,0.6541932225227356,0.7437993288040161,3.526123046875,3.464874267578125,Fixation,1681.3234252929688,1066.6802993774413,196.0,14.0,True,20,word,shaven,8.0
3548.0,1682.6943969726562,1067.7711868286133,0.6697460412979126,0.7402986288070679,0.6573024988174438,0.7415077686309814,3.5437164306640625,3.4721221923828125,Fixation,1681.3234252929688,1066.6802993774413,196.0,14.0,True,20,word,shaven,8.0
3552.0,1671.705322265625,1072.2557544708252,0.6673885583877563,0.734600841999054,0.6530098915100098,0.7446220517158508,3.550445556640625,3.46337890625,Fixation,1681.3234252929688,1066.6802993774413,196.0,14.0,True,20,word,shaven,8.0
3556.0,1679.0072631835938,1073.1583499908447,0.6700939536094666,0.7393532395362854,0.6558622121810913,0.7452488541603088,3.541900634765625,3.4906158447265625,Fixation,1681.3234252929688,1066.6802993774413,196.0,14.0,True,20,word,shaven,8.0
3560.0,1679.4740295410156,1067.2563743591309,0.6676037311553955,0.7372514009475708,0.6560445427894592,0.7411502599716187,3.5587310791015625,3.495590209960937,Fixation,1681.3234252929688,1066.6802993774413,196.0,14.0,True,20,word,shaven,8.0
3564.0,1681.5846252441406,1067.5639915466309,0.670895516872406,0.7435639500617981,0.6568689942359924,0.7413638830184937,3.539657592773437,3.4978179931640625,Fixation,1681.3234252929688,1066.6802993774413,196.0,14.0,True,20,word,shaven,8.0
3568.0,1680.5795288085938,1074.3124294281006,0.6699077486991882,0.7414137125015259,0.6564763784408569,0.7460502982139587,3.539337158203125,3.491302490234375,Fixation,1681.3234252929688,1066.6802993774413,196.0,14.0,True,20,word,shaven,8.0
3572.0,1671.7658996582031,1075.6939601898193,0.6686597466468811,0.7418383955955505,0.6530335545539856,0.7470096945762634,3.566146850585937,3.4996795654296875,Fixation,1681.3234252929688,1066.6802993774413,196.0,14.0,True,20,word,shaven,8.0
3576.0,1677.0323181152344,1062.163610458374,0.6686757206916809,0.7400069236755371,0.6550907492637634,0.7376136183738708,3.5431060791015625,3.5154266357421875,Fixation,1681.3234252929688,1066.6802993774413,196.0,14.0,True,20,word,shaven,8.0
3580.0,1682.1528625488281,1069.3236064910889,0.6691691875457764,0.7422104477882385,0.657090961933136,0.7425858378410339,3.550079345703125,3.5062408447265625,Fixation,1681.3234252929688,1066.6802993774413,196.0,14.0,True,20,word,shaven,8.0
3584.0,1681.0008239746094,1074.168062210083,0.6687496304512024,0.7452548146247864,0.6566409468650818,0.7459500432014465,3.5659942626953125,3.4907379150390625,Fixation,1681.3234252929688,1066.6802993774413,196.0,14.0,True,20,word,shaven,8.0
3588.0,1678.887939453125,1069.952917098999,0.6691574454307556,0.7396788001060486,0.655815601348877,0.7430228590965271,3.560531616210937,3.498260498046875,Fixation,1681.3234252929688,1066.6802993774413,196.0,14.0,True,20,word,shaven,8.0
3592.0,1676.2290954589844,1066.9033527374268,0.6721992492675781,0.7382054924964905,0.6547769904136658,0.7409051060676575,3.545989990234375,3.514266967773437,Fixation,1681.3234252929688,1066.6802993774413,196.0,14.0,True,20,word,shaven,8.0
3596.0,1679.4822692871094,1068.6780738830566,0.6714411377906799,0.7400380969047546,0.6560477614402771,0.7421375513076782,3.574462890625,3.5126953125,Fixation,1681.3234252929688,1066.6802993774413,196.0,14.0,True,20,word,shaven,8.0
3600.0,1685.9867858886719,1079.2470073699951,0.67400723695755,0.7381417155265808,0.6585885882377625,0.7494770884513855,3.551132202148437,3.5213623046875,Fixation,1681.3234252929688,1066.6802993774413,196.0,14.0,True,20,word,shaven,8.0
3604.0,1683.8581848144531,1075.3228282928467,0.6717796325683594,0.7393770217895508,0.6577571034431458,0.7467519640922546,3.5739898681640625,3.519683837890625,Fixation,1681.3234252929688,1066.6802993774413,196.0,14.0,True,20,word,shaven,8.0
3608.0,1681.9064331054688,1075.4265975952148,0.6729984879493713,0.7413254976272583,0.6569947004318237,0.7468240261077881,3.5522003173828125,3.5236358642578125,Fixation,1681.3234252929688,1066.6802993774413,196.0,14.0,True,20,word,shaven,8.0
3612.0,1686.2936401367188,1066.2256336212158,0.6729061007499695,0.7411064505577087,0.6587084531784058,0.740434467792511,3.57293701171875,3.5223388671875,Fixation,1681.3234252929688,1066.6802993774413,196.0,14.0,True,20,word,shaven,8.0
3616.0,1681.3143920898438,1072.43239402771,0.6714101433753967,0.7366885542869568,0.6567634344100952,0.7447447180747986,3.5791473388671875,3.5183868408203125,Fixation,1681.3234252929688,1066.6802993774413,196.0,14.0,True,20,word,shaven,8.0
3620.0,1687.0343017578125,1072.7390670776367,0.6705477237701416,0.7400035858154297,0.6589977741241455,0.744957685470581,3.574203491210937,3.521759033203125,Fixation,1681.3234252929688,1066.6802993774413,196.0,14.0,True,20,word,shaven,8.0
3624.0,1689.8536682128906,1066.8059349060059,0.6718461513519287,0.7406919598579407,0.6600990891456604,0.7408374547958374,3.573715209960937,3.53564453125,Fixation,1681.3234252929688,1066.6802993774413,196.0,14.0,True,20,word,shaven,8.0
3628.0,1687.1156311035156,1070.188865661621,0.674246072769165,0.7361136078834534,0.6590295433998108,0.7431867122650146,3.567779541015625,3.541534423828125,Fixation,1681.3234252929688,1066.6802993774413,196.0,14.0,True,20,word,shaven,8.0
3632.0,1689.5329284667969,1067.5589275360107,0.6690516471862793,0.7381345629692078,0.6599738001823425,0.7413603663444519,3.57147216796875,3.547393798828125,Fixation,1681.3234252929688,1066.6802993774413,196.0,14.0,True,20,word,shaven,8.0
3636.0,1688.7478637695312,1073.576602935791,0.6669667959213257,0.7344496250152588,0.6596671342849731,0.7455393075942993,3.58251953125,3.5442047119140625,Fixation,1681.3234252929688,1066.6802993774413,196.0,14.0,True,20,word,shaven,8.0
3640.0,1697.5341796875,1068.8128280639648,0.6711776852607727,0.7306899428367615,0.6630992889404297,0.7422311305999756,3.574081420898437,3.53594970703125,Fixation,1681.3234252929688,1066.6802993774413,196.0,14.0,True,20,word,shaven,8.0
3644.0,1726.1746215820312,1067.217493057251,0.6822985410690308,0.730634331703186,0.674286961555481,0.7411232590675354,3.5932159423828125,3.534088134765625,Fixation,1681.3234252929688,1066.6802993774413,196.0,14.0,True,20,word,shaven,8.0
3648.0,1741.0690307617188,1079.601058959961,0.6896170377731323,0.7398845553398132,0.6801050901412964,0.749722957611084,3.5800018310546875,3.5513153076171875,Fixation,1747.4433026994977,1073.9336757659912,136.0,15.0,True,21,word,shaven,8.0
3652.0,1762.9985046386719,1080.095272064209,0.6998215913772583,0.738589346408844,0.6886712908744812,0.7500661611557007,3.6054840087890634,3.5669403076171875,Fixation,1747.4433026994977,1073.9336757659912,136.0,15.0,True,21,word,shaven,8.0
3656.0,1764.0620422363281,1083.8493347167969,0.7048468589782715,0.7434421181678772,0.6890867352485657,0.7526731491088867,3.5653228759765625,3.541595458984375,Fixation,1747.4433026994977,1073.9336757659912,136.0,15.0,True,21,word,shaven,8.0
3660.0,1747.1151733398438,1077.1977138519287,0.7052924036979675,0.7455475330352783,0.6824668645858765,0.7480539679527283,3.5811920166015625,3.5597686767578125,Fixation,1747.4433026994977,1073.9336757659912,136.0,15.0,True,21,word,shaven,8.0
3664.0,1747.0426940917969,1066.1761951446533,0.7020435929298401,0.7395799160003662,0.6824385523796082,0.7404001355171204,3.57415771484375,3.527008056640625,Fixation,1747.4433026994977,1073.9336757659912,136.0,15.0,True,21,word,shaven,8.0
3668.0,1728.1463623046875,1071.5266227722168,0.6998841166496277,0.7345751523971558,0.6750571727752686,0.7441157102584839,3.581329345703125,3.5512237548828125,Fixation,1747.4433026994977,1073.9336757659912,136.0,15.0,True,21,word,shaven,8.0
3672.0,1735.2455139160156,1071.5926265716553,0.6958556771278381,0.733855128288269,0.6778302788734436,0.7441615462303162,3.57708740234375,3.5438995361328125,Fixation,1747.4433026994977,1073.9336757659912,136.0,15.0,True,21,word,shaven,8.0
3676.0,1730.0643920898438,1076.3347721099854,0.6949015259742737,0.7416864633560181,0.6758064031600952,0.7474547028541565,3.5816650390625,3.540512084960937,Fixation,1747.4433026994977,1073.9336757659912,136.0,15.0,True,21,word,shaven,8.0
3680.0,1738.14208984375,1068.9961624145508,0.6963937878608704,0.7386720180511475,0.6789617538452148,0.7423584461212158,3.578475952148437,3.5389862060546875,Fixation,1747.4433026994977,1073.9336757659912,136.0,15.0,True,21,word,shaven,8.0
3684.0,1727.498779296875,1074.2551803588867,0.6917302012443542,0.7378920316696167,0.6748042106628418,0.7460105419158936,3.5826416015625,3.552963256835937,Fixation,1747.4433026994977,1073.9336757659912,136.0,15.0,True,21,word,shaven,8.0
3688.0,1743.648681640625,1065.3291320800781,0.6965459585189819,0.7374317646026611,0.6811127662658691,0.739811897277832,3.5546417236328125,3.535552978515625,Fixation,1747.4433026994977,1073.9336757659912,136.0,15.0,True,21,word,shaven,8.0
3692.0,1742.3269653320312,1073.4273433685303,0.6978572607040405,0.7392838597297668,0.6805964708328247,0.7454356551170349,3.570648193359375,3.543731689453125,Fixation,1747.4433026994977,1073.9336757659912,136.0,15.0,True,21,word,shaven,8.0
3696.0,1738.3628845214844,1071.9186973571777,0.6920919418334961,0.73946613073349,0.6790480017662048,0.7443879842758179,3.572784423828125,3.537994384765625,Fixation,1747.4433026994977,1073.9336757659912,136.0,15.0,True,21,word,shaven,8.0
3700.0,1745.2790832519531,1069.030065536499,0.6961237788200378,0.7363111972808838,0.6817496418952942,0.7423819899559021,3.56427001953125,3.540756225585937,Fixation,1747.4433026994977,1073.9336757659912,136.0,15.0,True,21,word,shaven,8.0
3704.0,1741.7573547363281,1074.3119144439697,0.6967589855194092,0.7355658411979675,0.6803739666938782,0.7460499405860901,3.5570068359375,3.5235595703125,Fixation,1747.4433026994977,1073.9336757659912,136.0,15.0,True,21,word,shaven,8.0
3708.0,1744.0733337402344,1074.8973655700684,0.6954129338264465,0.736854612827301,0.681278645992279,0.746456503868103,3.568710327148437,3.519638061523437,Fixation,1747.4433026994977,1073.9336757659912,136.0,15.0,True,21,word,shaven,8.0
3712.0,1747.2462463378906,1084.386978149414,0.6974279284477234,0.7437853217124939,0.6825180649757385,0.7530465126037598,3.5694122314453125,3.526107788085937,Fixation,1747.4433026994977,1073.9336757659912,136.0,15.0,True,21,word,shaven,8.0
3716.0,1745.4258728027344,1066.0791206359863,0.6944239735603333,0.7348839044570923,0.6818069815635681,0.7403327226638794,3.5421295166015625,3.51959228515625,Fixation,1747.4433026994977,1073.9336757659912,136.0,15.0,True,21,word,shaven,8.0
3720.0,1746.7710876464844,1063.9996147155762,0.6998662948608398,0.7376458048820496,0.682332456111908,0.7388886213302612,3.5423736572265625,3.528045654296875,Fixation,1747.4433026994977,1073.9336757659912,136.0,15.0,True,21,word,shaven,8.0
3724.0,1748.1884765625,1079.5071601867676,0.6979360580444336,0.7376353740692139,0.6828861236572266,0.7496577501296997,3.5219879150390625,3.524688720703125,Fixation,1747.4433026994977,1073.9336757659912,136.0,15.0,True,21,word,shaven,8.0
3728.0,1739.2010498046875,1067.0585346221924,0.698035478591919,0.7380431294441223,0.679375410079956,0.7410128712654114,3.5709228515625,3.5147857666015625,Fixation,1747.4433026994977,1073.9336757659912,136.0,15.0,True,21,word,shaven,8.0
3732.0,1746.6192626953125,1074.1932106018066,0.6960150599479675,0.7400795817375183,0.6822731494903564,0.7459675073623657,3.537841796875,3.517547607421875,Fixation,1747.4433026994977,1073.9336757659912,136.0,15.0,True,21,word,shaven,8.0
3736.0,1743.5655212402344,1080.2557754516602,0.6983938217163086,0.735405683517456,0.6810802817344666,0.7501776218414307,3.533554077148437,3.5162506103515625,Fixation,1747.4433026994977,1073.9336757659912,136.0,15.0,True,21,word,shaven,8.0
3740.0,1752.2233581542969,1069.3273830413818,0.7001312971115112,0.7381966710090637,0.6844622492790222,0.742588460445404,3.533554077148437,3.4987945556640625,Fixation,1747.4433026994977,1073.9336757659912,136.0,15.0,True,21,word,shaven,8.0
3744.0,1747.2117614746094,1071.170768737793,0.6982430815696716,0.7431403398513794,0.6825045943260193,0.7438685894012451,3.5410614013671875,3.512481689453125,Fixation,1747.4433026994977,1073.9336757659912,136.0,15.0,True,21,word,shaven,8.0
3748.0,1752.2276306152344,1070.5053234100342,0.7006344199180603,0.7373092174530029,0.6844639182090759,0.7434064745903015,3.5020904541015625,3.499252319335937,Fixation,1747.4433026994977,1073.9336757659912,136.0,15.0,True,21,word,shaven,8.0
3752.0,1756.6542053222656,1069.3365669250488,0.6986506581306458,0.7394161820411682,0.68619304895401,0.742594838142395,3.5231170654296875,3.5003204345703125,Fixation,1747.4433026994977,1073.9336757659912,136.0,15.0,True,21,word,shaven,8.0
3756.0,1749.3333435058594,1073.0491733551025,0.6984999179840088,0.7374606132507324,0.6833333373069763,0.7451730370521545,3.520050048828125,3.4983367919921875,Fixation,1747.4433026994977,1073.9336757659912,136.0,15.0,True,21,word,shaven,8.0
3760.0,1746.0430908203125,1075.6223773956299,0.6974562406539917,0.7393728494644165,0.6820480823516846,0.7469599843025208,3.52520751953125,3.502197265625,Fixation,1747.4433026994977,1073.9336757659912,136.0,15.0,True,21,word,shaven,8.0
3764.0,1751.2675476074219,1074.5973014831543,0.6939825415611267,0.7433369755744934,0.6840888857841492,0.7462481260299683,3.523284912109375,3.509552001953125,Fixation,1747.4433026994977,1073.9336757659912,136.0,15.0,True,21,word,shaven,8.0
3768.0,1753.2998657226562,1076.5935516357422,0.6990950107574463,0.7360085248947144,0.6848827600479126,0.7476344108581543,3.4995880126953125,3.500213623046875,Fixation,1747.4433026994977,1073.9336757659912,136.0,15.0,True,21,word,shaven,8.0
3772.0,1748.431396484375,1079.3187618255615,0.6930845379829407,0.7443175911903381,0.682981014251709,0.7495269179344177,3.5084381103515625,3.48834228515625,Fixation,1747.4433026994977,1073.9336757659912,136.0,15.0,True,21,word,shaven,8.0
3776.0,1747.7082824707031,1075.3057479858398,0.6983069181442261,0.7351736426353455,0.6826985478401184,0.7467401027679443,3.495452880859375,3.4940338134765625,Fixation,1747.4433026994977,1073.9336757659912,136.0,15.0,True,21,word,shaven,8.0
3780.0,1764.7885131835938,1076.757402420044,0.702124834060669,0.7393283843994141,0.6893705129623413,0.7477481961250305,3.504791259765625,3.50970458984375,Fixation,1747.4433026994977,1073.9336757659912,136.0,15.0,True,21,word,shaven,8.0
3784.0,1797.4761962890625,1082.07444190979,0.7119536995887756,0.741914689540863,0.702139139175415,0.7514405846595764,3.4952850341796875,3.4923095703125,Fixation,1747.4433026994977,1073.9336757659912,136.0,15.0,True,21,word,shaven,8.0
3788.0,1835.6806945800781,1078.0089855194092,0.7253450751304626,0.7431965470314026,0.717062771320343,0.7486173510551453,3.5196990966796875,3.491912841796875,Fixation,1827.1333165915617,1075.6507097956646,328.0,16.0,True,22,word,fur,9.0
3792.0,1862.7503967285156,1083.4526252746582,0.7335953712463379,0.7407604455947876,0.7276368737220764,0.7523976564407349,3.506210327148437,3.490570068359375,Fixation,1827.1333165915617,1075.6507097956646,328.0,16.0,True,22,word,fur,9.0
3796.0,1857.5900268554688,1071.941614151001,0.7366523742675781,0.748379647731781,0.7256211042404175,0.7444038987159729,3.521469116210937,3.47772216796875,Fixation,1827.1333165915617,1075.6507097956646,328.0,16.0,True,22,word,fur,9.0
3800.0,1837.4870300292969,1067.2900199890137,0.7399235367774963,0.7402148842811584,0.7177683711051941,0.7411736249923706,3.475936889648437,3.478256225585937,Fixation,1827.1333165915617,1075.6507097956646,328.0,16.0,True,22,word,fur,9.0
3804.0,1837.725830078125,1070.2794170379639,0.7315411567687988,0.7416786551475525,0.7178616523742676,0.7432495951652527,3.4969024658203125,3.481689453125,Fixation,1827.1333165915617,1075.6507097956646,328.0,16.0,True,22,word,fur,9.0
3808.0,1823.3399963378906,1067.8116130828857,0.7263448238372803,0.7416797876358032,0.7122421860694885,0.7415358424186707,3.488433837890625,3.4812774658203125,Fixation,1827.1333165915617,1075.6507097956646,328.0,16.0,True,22,word,fur,9.0
3812.0,1827.4942016601562,1069.3024063110352,0.730180025100708,0.7486284375190735,0.7138649225234985,0.7425711154937744,3.501693725585937,3.4654693603515625,Fixation,1827.1333165915617,1075.6507097956646,328.0,16.0,True,22,word,fur,9.0
3816.0,1811.3398742675781,1072.1740436553955,0.7280026078224182,0.7450942993164062,0.7075546383857727,0.7445653080940247,3.495452880859375,3.4806671142578125,Fixation,1827.1333165915617,1075.6507097956646,328.0,16.0,True,22,word,fur,9.0
3820.0,1825.6625366210938,1072.157220840454,0.7283657193183899,0.7406666278839111,0.7131494283676147,0.7445536255836487,3.478759765625,3.4793701171875,Fixation,1827.1333165915617,1075.6507097956646,328.0,16.0,True,22,word,fur,9.0
3824.0,1830.93994140625,1074.5400524139404,0.7258985638618469,0.7474135160446167,0.7152109146118164,0.7462083697319031,3.505844116210937,3.458847045898437,Fixation,1827.1333165915617,1075.6507097956646,328.0,16.0,True,22,word,fur,9.0
3828.0,1831.5306091308594,1079.9882411956787,0.7264082431793213,0.752109706401825,0.7154416441917419,0.7499918341636658,3.4950714111328125,3.4916534423828125,Fixation,1827.1333165915617,1075.6507097956646,328.0,16.0,True,22,word,fur,9.0
3832.0,1827.2178649902344,1076.3205242156982,0.7283732891082764,0.7433609366416931,0.7137569785118103,0.7474448084831238,3.4594268798828125,3.4781951904296875,Fixation,1827.1333165915617,1075.6507097956646,328.0,16.0,True,22,word,fur,9.0
3836.0,1827.8770446777344,1077.4356365203857,0.7229645848274231,0.7505269050598145,0.71401447057724,0.7482191920280457,3.4895782470703125,3.4780731201171875,Fixation,1827.1333165915617,1075.6507097956646,328.0,16.0,True,22,word,fur,9.0
3840.0,1827.4336242675781,1072.0447826385498,0.7236824035644531,0.7468520402908325,0.7138412594795227,0.7444755434989929,3.5074615478515625,3.475616455078125,Fixation,1827.1333165915617,1075.6507097956646,328.0,16.0,True,22,word,fur,9.0
3844.0,1829.9162292480469,1081.0542583465576,0.7280313968658447,0.7478140592575073,0.7148110270500183,0.7507321238517761,3.4873809814453125,3.467864990234375,Fixation,1827.1333165915617,1075.6507097956646,328.0,16.0,True,22,word,fur,9.0
3848.0,1818.7442016601562,1074.1587924957275,0.7289522886276245,0.7437563538551331,0.7104469537734985,0.7459436058998108,3.498138427734375,3.4562530517578125,Fixation,1827.1333165915617,1075.6507097956646,328.0,16.0,True,22,word,fur,9.0
3852.0,1822.2877502441406,1075.0058555603027,0.7285704612731934,0.747330367565155,0.7118311524391174,0.7465318441390991,3.4888916015625,3.478668212890625,Fixation,1827.1333165915617,1075.6507097956646,328.0,16.0,True,22,word,fur,9.0
3856.0,1825.1573181152344,1072.0915603637695,0.7281064391136169,0.7398438453674316,0.7129520773887634,0.7445080280303955,3.483627319335937,3.468963623046875,Fixation,1827.1333165915617,1075.6507097956646,328.0,16.0,True,22,word,fur,9.0
3860.0,1814.0533447265625,1073.536262512207,0.7281246185302734,0.7389121055603027,0.7086145877838135,0.7455112934112549,3.490631103515625,3.4627685546875,Fixation,1827.1333165915617,1075.6507097956646,328.0,16.0,True,22,word,fur,9.0
3864.0,1824.62646484375,1071.9718265533447,0.7279491424560547,0.7372462153434753,0.7127447128295898,0.7444248795509338,3.4796295166015625,3.4619598388671875,Fixation,1827.1333165915617,1075.6507097956646,328.0,16.0,True,22,word,fur,9.0
3868.0,1815.7859802246094,1078.050012588501,0.728757381439209,0.7376741170883179,0.709291398525238,0.7486458420753479,3.46783447265625,3.4646759033203125,Fixation,1827.1333165915617,1075.6507097956646,328.0,16.0,True,22,word,fur,9.0
3872.0,1818.1857299804688,1075.215196609497,0.7279065251350403,0.7417396903038025,0.7102288007736206,0.7466772198677063,3.49957275390625,3.45623779296875,Fixation,1827.1333165915617,1075.6507097956646,328.0,16.0,True,22,word,fur,9.0
3876.0,1820.6608581542969,1073.541841506958,0.7299176454544067,0.7415352463722229,0.7111956477165222,0.7455151677131653,3.4806671142578125,3.4620513916015625,Fixation,1827.1333165915617,1075.6507097956646,328.0,16.0,True,22,word,fur,9.0
3880.0,1817.5697326660156,1070.2945232391357,0.7327101826667786,0.7375107407569885,0.7099881768226624,0.7432600855827332,3.486679077148437,3.4630279541015625,Fixation,1827.1333165915617,1075.6507097956646,328.0,16.0,True,22,word,fur,9.0
3884.0,1822.9438781738281,1076.1854267120361,0.7276645302772522,0.7383555173873901,0.7120874524116516,0.7473509907722473,3.4915771484375,3.462310791015625,Fixation,1827.1333165915617,1075.6507097956646,328.0,16.0,True,22,word,fur,9.0
3888.0,1820.6228637695312,1082.409267425537,0.7285513877868652,0.7410179376602173,0.7111808061599731,0.7516731023788452,3.480194091796875,3.4786529541015625,Fixation,1827.1333165915617,1075.6507097956646,328.0,16.0,True,22,word,fur,9.0
3892.0,1820.3507995605469,1071.3603687286377,0.7294744253158569,0.7366933822631836,0.7110745310783386,0.744000256061554,3.46942138671875,3.462066650390625,Fixation,1827.1333165915617,1075.6507097956646,328.0,16.0,True,22,word,fur,9.0
3896.0,1820.8580017089844,1076.6328620910645,0.7259092926979065,0.7431981563568115,0.711272656917572,0.7476617097854614,3.5083465576171875,3.469329833984375,Fixation,1827.1333165915617,1075.6507097956646,328.0,16.0,True,22,word,fur,9.0
3900.0,1827.3887634277344,1076.479139328003,0.7298166751861572,0.7336675524711609,0.7138237357139587,0.7475549578666687,3.490142822265625,3.4812774658203125,Fixation,1827.1333165915617,1075.6507097956646,328.0,16.0,True,22,word,fur,9.0
3904.0,1821.7312622070312,1077.201919555664,0.7264708876609802,0.7257258892059326,0.7116137742996216,0.7480568885803223,3.466217041015625,3.4696197509765625,Fixation,1827.1333165915617,1075.6507097956646,328.0,16.0,True,22,word,fur,9.0
3908.0,1823.1759643554688,1069.623155593872,0.724626898765564,0.7309954166412354,0.712178111076355,0.7427938580513,3.4664306640625,3.4622955322265625,Fixation,1827.1333165915617,1075.6507097956646,328.0,16.0,True,22,word,fur,9.0
3912.0,1824.5114135742188,1076.8028926849365,0.7269051671028137,0.7314815521240234,0.7126997709274292,0.7477797865867615,3.494964599609375,3.4840545654296875,Fixation,1827.1333165915617,1075.6507097956646,328.0,16.0,True,22,word,fur,9.0
3916.0,1823.8241577148438,1073.1919956207275,0.7256885170936584,0.7260922789573669,0.7124313116073608,0.7452722191810608,3.475494384765625,3.483749389648437,Fixation,1827.1333165915617,1075.6507097956646,328.0,16.0,True,22,word,fur,9.0
3920.0,1827.4429321289062,1072.2778987884521,0.7321693301200867,0.7178882360458374,0.713844895362854,0.7446374297142029,3.4451446533203125,3.479461669921875,Fixation,1827.1333165915617,1075.6507097956646,328.0,16.0,True,22,word,fur,9.0
3924.0,1832.9965209960938,1077.862901687622,0.7280793786048889,0.7252781987190247,0.7160142660140991,0.7485159039497375,3.483871459960937,3.482330322265625,Fixation,1827.1333165915617,1075.6507097956646,328.0,16.0,True,22,word,fur,9.0
3928.0,1825.5683898925781,1071.8905448913574,0.726770281791687,0.7230022549629211,0.7131126523017883,0.7443684339523315,3.4871368408203125,3.466644287109375,Fixation,1827.1333165915617,1075.6507097956646,328.0,16.0,True,22,word,fur,9.0
3932.0,1837.3001098632812,1066.3467407226562,0.7274655103683472,0.7251865863800049,0.7176953554153442,0.7405185699462891,3.4735107421875,3.460800170898437,Fixation,1827.1333165915617,1075.6507097956646,328.0,16.0,True,22,word,fur,9.0
3936.0,1835.3265380859375,1071.9537162780762,0.7285947799682617,0.726085364818573,0.7169244289398193,0.7444123029708862,3.492523193359375,3.4623260498046875,Fixation,1827.1333165915617,1075.6507097956646,328.0,16.0,True,22,word,fur,9.0
3940.0,1836.2074279785156,1065.816478729248,0.728403627872467,0.7293069362640381,0.7172685265541077,0.7401503324508667,3.485504150390625,3.45379638671875,Fixation,1827.1333165915617,1075.6507097956646,328.0,16.0,True,22,word,fur,9.0
3944.0,1832.1011352539062,1074.9293804168701,0.7304894328117371,0.7317087054252625,0.7156645059585571,0.7464787364006042,3.487091064453125,3.456146240234375,Fixation,1827.1333165915617,1075.6507097956646,328.0,16.0,True,22,word,fur,9.0
3948.0,1834.6470642089844,1074.4507026672363,0.7295167446136475,0.729972243309021,0.7166590094566345,0.7461463212966919,3.491790771484375,3.4791717529296875,Fixation,1827.1333165915617,1075.6507097956646,328.0,16.0,True,22,word,fur,9.0
3952.0,1826.2001037597656,1080.6167793273926,0.7287140488624573,0.7306769490242004,0.7133594155311584,0.750428318977356,3.4696807861328125,3.4801483154296875,Fixation,1827.1333165915617,1075.6507097956646,328.0,16.0,True,22,word,fur,9.0
3956.0,1833.7196350097656,1075.4212760925293,0.7280460000038147,0.7294449806213379,0.7162967324256897,0.746820330619812,3.4937286376953125,3.47198486328125,Fixation,1827.1333165915617,1075.6507097956646,328.0,16.0,True,22,word,fur,9.0
3960.0,1829.7602844238281,1079.0014457702637,0.7324318885803223,0.7349125742912292,0.7147501111030579,0.7493065595626831,3.4884490966796875,3.4699249267578125,Fixation,1827.1333165915617,1075.6507097956646,328.0,16.0,True,22,word,fur,9.0
3964.0,1824.4186401367188,1081.5042686462402,0.7298328876495361,0.7312222719192505,0.7126635313034058,0.7510446310043335,3.476104736328125,3.471786499023437,Fixation,1827.1333165915617,1075.6507097956646,328.0,16.0,True,22,word,fur,9.0
3968.0,1825.7919311523438,1074.749994277954,0.7352662682533264,0.7365851998329163,0.7131999731063843,0.7463541626930237,3.5037994384765625,3.4856719970703125,Fixation,1827.1333165915617,1075.6507097956646,328.0,16.0,True,22,word,fur,9.0
3972.0,1820.40771484375,1070.911045074463,0.7362909913063049,0.7324686646461487,0.7110967636108398,0.7436882257461548,3.4795074462890625,3.470199584960937,Fixation,1827.1333165915617,1075.6507097956646,328.0,16.0,True,22,word,fur,9.0
3976.0,1827.8689575195312,1070.0547122955322,0.7334054708480835,0.740215003490448,0.7140113115310669,0.7430935502052307,3.4959869384765625,3.4681396484375,Fixation,1827.1333165915617,1075.6507097956646,328.0,16.0,True,22,word,fur,9.0
3980.0,1822.4813842773438,1075.5407524108887,0.731621503829956,0.738886833190918,0.7119067907333374,0.7469033002853394,3.50579833984375,3.4829559326171875,Fixation,1827.1333165915617,1075.6507097956646,328.0,16.0,True,22,word,fur,9.0
3984.0,1820.1283264160156,1079.9031829833984,0.7355875968933105,0.7379927039146423,0.7109876275062561,0.7499327659606934,3.49859619140625,3.479888916015625,Fixation,1827.1333165915617,1075.6507097956646,328.0,16.0,True,22,word,fur,9.0
3988.0,1821.231689453125,1075.6075286865234,0.7341476082801819,0.7341737747192383,0.711418628692627,0.7469496726989746,3.47589111328125,3.473373413085937,Fixation,1827.1333165915617,1075.6507097956646,328.0,16.0,True,22,word,fur,9.0
3992.0,1827.1522521972656,1077.0424461364746,0.7320001125335693,0.7363956570625305,0.7137313485145569,0.7479461431503296,3.5036163330078125,3.4713134765625,Fixation,1827.1333165915617,1075.6507097956646,328.0,16.0,True,22,word,fur,9.0
3996.0,1822.8361511230469,1071.6384601593018,0.7333906292915344,0.7372936010360718,0.7120453715324402,0.7441933751106262,3.4777984619140625,3.460067749023437,Fixation,1827.1333165915617,1075.6507097956646,328.0,16.0,True,22,word,fur,9.0
4000.0,1818.0818176269531,1075.0149536132812,0.7315799593925476,0.7407451272010803,0.7101882100105286,0.7465381622314453,3.50836181640625,3.4773406982421875,Fixation,1827.1333165915617,1075.6507097956646,328.0,16.0,True,22,word,fur,9.0
4004.0,1820.6503295898438,1082.4564743041992,0.7324193120002747,0.7384648323059082,0.7111915349960327,0.7517058849334717,3.498199462890625,3.489974975585937,Fixation,1827.1333165915617,1075.6507097956646,328.0,16.0,True,22,word,fur,9.0
4008.0,1820.0396728515625,1075.8742046356201,0.7328138947486877,0.7363011837005615,0.7109529972076416,0.7471348643302917,3.484832763671875,3.482421875,Fixation,1827.1333165915617,1075.6507097956646,328.0,16.0,True,22,word,fur,9.0
4012.0,1815.3680419921875,1079.8734855651855,0.7366665005683899,0.7309930920600891,0.7091281414031982,0.7499121427536011,3.4813690185546875,3.4900665283203125,Fixation,1827.1333165915617,1075.6507097956646,328.0,16.0,True,22,word,fur,9.0
4016.0,1818.7611389160156,1080.4326725006104,0.7325615882873535,0.7387580275535583,0.7104535698890686,0.7503004670143127,3.4998779296875,3.492172241210937,Fixation,1827.1333165915617,1075.6507097956646,328.0,16.0,True,22,word,fur,9.0
4020.0,1821.3291931152344,1077.6480674743652,0.7352414131164551,0.7331029772758484,0.7114567160606384,0.7483667135238647,3.4914093017578125,3.4755401611328125,Fixation,1827.1333165915617,1075.6507097956646,328.0,16.0,True,22,word,fur,9.0
4024.0,1822.0602416992188,1084.3582248687744,0.7319141626358032,0.7405502200126648,0.7117422819137573,0.75302654504776,3.5022125244140625,3.5003662109375,Fixation,1827.1333165915617,1075.6507097956646,328.0,16.0,True,22,word,fur,9.0
4028.0,1823.2890319824219,1082.7598857879639,0.7358521819114685,0.7331094741821289,0.7122222781181335,0.7519165873527527,3.48919677734375,3.4842071533203125,Fixation,1827.1333165915617,1075.6507097956646,328.0,16.0,True,22,word,fur,9.0
4032.0,1815.0408935546875,1072.3841571807861,0.7374572157859802,0.7374311089515686,0.7090003490447998,0.7447112202644348,3.5128631591796875,3.4808502197265625,Fixation,1827.1333165915617,1075.6507097956646,328.0,16.0,True,22,word,fur,9.0
4036.0,1822.2853088378906,1073.9131450653076,0.7350654602050781,0.7400709390640259,0.711830198764801,0.7457730174064636,3.5070343017578125,3.4906768798828125,Fixation,1827.1333165915617,1075.6507097956646,328.0,16.0,True,22,word,fur,9.0
4040.0,1825.6199645996094,1082.3819732666016,0.7320166826248169,0.734600841999054,0.7131327986717224,0.7516541481018066,3.5039215087890625,3.482666015625,Fixation,1827.1333165915617,1075.6507097956646,328.0,16.0,True,22,word,fur,9.0
4044.0,1825.6298828125,1082.0979595184326,0.7371143698692322,0.7372127771377563,0.7131366729736328,0.7514569163322449,3.4928436279296875,3.493392944335937,Fixation,1827.1333165915617,1075.6507097956646,328.0,16.0,True,22,word,fur,9.0
4048.0,1833.9389038085938,1074.3695068359375,0.7345987558364868,0.7275243401527405,0.7163823843002319,0.7460899353027344,3.489776611328125,3.4796600341796875,Fixation,1827.1333165915617,1075.6507097956646,328.0,16.0,True,22,word,fur,9.0
4052.0,1817.2164916992188,1079.562692642212,0.7289776802062988,0.7269822955131531,0.7098501920700073,0.7496963143348694,3.50946044921875,3.4820556640625,Fixation,1827.1333165915617,1075.6507097956646,328.0,16.0,True,22,word,fur,9.0
4056.0,1824.7837829589844,1078.3365154266357,0.7339181303977966,0.7295345067977905,0.7128061652183533,0.7488448023796082,3.5153961181640625,3.481353759765625,Fixation,1827.1333165915617,1075.6507097956646,328.0,16.0,True,22,word,fur,9.0
4060.0,1831.7401123046875,1080.6861305236816,0.732218861579895,0.7294876575469971,0.7155234813690186,0.7504764795303345,3.513046264648437,3.4984893798828125,Fixation,1827.1333165915617,1075.6507097956646,328.0,16.0,True,22,word,fur,9.0
4064.0,1832.7487182617188,1077.5894451141357,0.7326278686523438,0.7303440570831299,0.7159174680709839,0.7483260035514832,3.49432373046875,3.5131378173828125,Fixation,1827.1333165915617,1075.6507097956646,328.0,16.0,True,22,word,fur,9.0
4068.0,1827.4276733398438,1076.9628810882568,0.7288252115249634,0.7278480529785156,0.7138389348983765,0.7478908896446228,3.5193634033203125,3.494720458984375,Fixation,1827.1333165915617,1075.6507097956646,328.0,16.0,True,22,word,fur,9.0
4072.0,1830.2386474609375,1086.232509613037,0.7295293211936951,0.7248507142066956,0.7149369716644287,0.7543281316757202,3.5160369873046875,3.5145416259765625,Fixation,1827.1333165915617,1075.6507097956646,328.0,16.0,True,22,word,fur,9.0
4076.0,1836.1898803710938,1082.3118495941162,0.732077419757843,0.7239046096801758,0.7172616720199585,0.7516054511070251,3.512298583984375,3.5169677734375,Fixation,1827.1333165915617,1075.6507097956646,328.0,16.0,True,22,word,fur,9.0
4080.0,1830.5128479003906,1084.3947887420654,0.7264496088027954,0.7268556952476501,0.7150440812110901,0.7530519366264343,3.51873779296875,3.4996795654296875,Fixation,1827.1333165915617,1075.6507097956646,328.0,16.0,True,22,word,fur,9.0
4084.0,1835.9562683105469,1080.2026462554932,0.7307726740837097,0.7233089208602905,0.7171704173088074,0.7501407265663147,3.531112670898437,3.5179595947265625,Fixation,1827.1333165915617,1075.6507097956646,328.0,16.0,True,22,word,fur,9.0
4088.0,1835.39306640625,1085.194387435913,0.7260956168174744,0.7272735238075256,0.7169504165649414,0.7536072134971619,3.558944702148437,3.5107574462890625,Fixation,1827.1333165915617,1075.6507097956646,328.0,16.0,True,22,word,fur,9.0
4092.0,1835.9187316894531,1083.9739608764648,0.7299113273620605,0.7290123701095581,0.7171557545661926,0.7527596950531006,3.5394744873046875,3.509185791015625,Fixation,1827.1333165915617,1075.6507097956646,328.0,16.0,True,22,word,fur,9.0
4096.0,1838.5908508300781,1072.4519634246826,0.7289959192276001,0.7318083047866821,0.7181995511054993,0.7447583079338074,3.5430908203125,3.5009002685546875,Fixation,1827.1333165915617,1075.6507097956646,328.0,16.0,True,22,word,fur,9.0
4100.0,1833.2722473144531,1076.877737045288,0.7288661599159241,0.7288556694984436,0.7161219716072083,0.7478317618370056,3.54876708984375,3.51092529296875,Fixation,1827.1333165915617,1075.6507097956646,328.0,16.0,True,22,word,fur,9.0
4104.0,1840.4789733886719,1073.9297103881836,0.7295243740081787,0.7315027117729187,0.71893709897995,0.7457845211029053,3.535064697265625,3.517242431640625,Fixation,1827.1333165915617,1075.6507097956646,328.0,16.0,True,22,word,fur,9.0
4108.0,1832.45849609375,1070.678358078003,0.729910135269165,0.7261144518852234,0.7158041000366211,0.7435266375541687,3.526214599609375,3.5074920654296875,Fixation,1827.1333165915617,1075.6507097956646,328.0,16.0,True,22,word,fur,9.0
4112.0,1834.4308471679688,1077.050256729126,0.7248862385749817,0.7241893410682678,0.7165745496749878,0.7479515671730042,3.5572662353515625,3.540069580078125,Fixation,1827.1333165915617,1075.6507097956646,328.0,16.0,True,22,word,fur,9.0
4116.0,1812.5616455078125,1043.9337730407715,0.7100382447242737,0.7132147550582886,0.7080318927764893,0.7249540090560913,3.5622711181640625,3.513824462890625,Fixation,1827.1333165915617,1075.6507097956646,328.0,16.0,True,22,word,fur,9.0
4120.0,1775.4133605957031,1020.8087539672852,0.6876838207244873,0.6925662755966187,0.6935208439826965,0.7088949680328369,3.5774688720703125,3.5153961181640625,Saccade,,,,0.0,False,23,,,
4124.0,1736.1941528320312,974.6422290802002,0.6666049361228943,0.6761036515235901,0.6782008409500122,0.6768348813056946,3.597991943359375,3.523284912109375,Saccade,,,,0.0,False,23,,,
4128.0,1697.117919921875,927.2796535491943,0.6515413522720337,0.6272534728050232,0.6629366874694824,0.6439442038536072,3.5520782470703125,3.515243530273437,Saccade,,,,0.0,False,23,,,
4132.0,1666.9218444824219,895.7053756713867,0.6409932971000671,0.6055244207382202,0.651141345500946,0.6220176219940186,3.57806396484375,3.521759033203125,Saccade,,,,0.0,False,23,,,
4136.0,1628.2713317871094,865.9178352355957,0.6254112720489502,0.5800180435180664,0.6360434889793396,0.6013318300247192,3.580795288085937,3.5150299072265625,Saccade,,,,0.0,False,23,,,
4140.0,1590.5131530761719,805.5403232574463,0.607047975063324,0.5522522926330566,0.6212942004203796,0.5594030022621155,3.5480194091796875,3.51910400390625,Saccade,,,,0.0,False,23,,,
4144.0,1562.3602294921875,790.9064483642578,0.598722517490387,0.5467224717140198,0.6102969646453857,0.5492405891418457,3.5609588623046875,3.5303955078125,Saccade,,,,0.0,False,23,,,
