timestamp,x,y,l_x,l_y,r_x,r_y,pupil_l,pupil_r,event_type,fixation_x,fixation_y,event_duration,fixation_id,merged,event_id,aoi_type,aoi,aoi_id
0.0,1191.7557525634763,891.7634296417236,0.4596641659736633,0.6378329992294312,0.465529590845108,0.6192801594734192,3.4891357421875,3.477325439453125,Fixation,1196.677241118058,896.3838038237199,180.0,1.0,True,1,image,,10.0
4.0,1194.3946838378906,894.1092681884766,0.4567969739437103,0.6427776217460632,0.466560423374176,0.6209092140197754,3.49176025390625,3.4772491455078125,Fixation,1196.677241118058,896.3838038237199,180.0,1.0,True,1,image,,10.0
8.0,1197.5599670410154,893.9606952667236,0.4596533477306366,0.6432554721832275,0.4677968621253967,0.6208060383796692,3.47705078125,3.489349365234375,Fixation,1196.677241118058,896.3838038237199,180.0,1.0,True,1,image,,10.0
12.0,1196.6035461425781,893.5018444061279,0.4591976106166839,0.6411005258560181,0.4674232602119446,0.6204873919487,3.504364013671875,3.47308349609375,Fixation,1196.677241118058,896.3838038237199,180.0,1.0,True,1,image,,10.0
16.0,1193.1979370117185,892.5285243988037,0.4574596881866455,0.6362406015396118,0.4660929441452026,0.619811475276947,3.492584228515625,3.469512939453125,Fixation,1196.677241118058,896.3838038237199,180.0,1.0,True,1,image,,10.0
20.0,1193.004913330078,892.3080253601074,0.4589763581752777,0.6442349553108215,0.4660175442695617,0.619658350944519,3.4948883056640625,3.4666900634765625,Fixation,1196.677241118058,896.3838038237199,180.0,1.0,True,1,image,,10.0
24.0,1200.553512573242,892.4410629272461,0.4633069336414337,0.6482175588607788,0.4689662158489227,0.6197507381439209,3.50640869140625,3.477279663085937,Fixation,1196.677241118058,896.3838038237199,180.0,1.0,True,1,image,,10.0
28.0,1192.8356933593748,889.1203594207764,0.4557421803474426,0.641739010810852,0.4659514427185058,0.6174446940422058,3.482421875,3.4841766357421875,Fixation,1196.677241118058,896.3838038237199,180.0,1.0,True,1,image,,10.0
32.0,1205.2442169189453,893.3579063415527,0.4555582702159881,0.6429154872894287,0.470798522233963,0.6203874349594116,3.511688232421875,3.4632720947265625,Fixation,1196.677241118058,896.3838038237199,180.0,1.0,True,1,image,,10.0
36.0,1201.7165374755857,888.9773654937744,0.4604386389255523,0.6345253586769104,0.4694205224514007,0.61734539270401,3.4808502197265625,3.4853515625,Fixation,1196.677241118058,896.3838038237199,180.0,1.0,True,1,image,,10.0
40.0,1202.8031158447266,892.5934982299805,0.4529916048049927,0.6340731382369995,0.4698449671268463,0.619856595993042,3.4702911376953125,3.49639892578125,Fixation,1196.677241118058,896.3838038237199,180.0,1.0,True,1,image,,10.0
44.0,1196.3726806640625,892.6819896697998,0.4585736393928528,0.6422709822654724,0.4673330783843994,0.6199180483818054,3.491073608398437,3.482391357421875,Fixation,1196.677241118058,896.3838038237199,180.0,1.0,True,1,image,,10.0
48.0,1195.4357147216795,895.4822158813477,0.4610880315303802,0.6398695707321167,0.4669670760631561,0.6218626499176025,3.5222930908203125,3.499603271484375,Fixation,1196.677241118058,896.3838038237199,180.0,1.0,True,1,image,,10.0
52.0,1196.9538879394531,899.2966175079346,0.4585106968879699,0.637972354888916,0.4675601124763489,0.6245115399360657,3.49298095703125,3.502670288085937,Fixation,1196.677241118058,896.3838038237199,180.0,1.0,True,1,image,,10.0
56.0,1198.4352874755857,899.8467063903809,0.4588910639286041,0.635083019733429,0.4681387841701507,0.6248935461044312,3.506561279296875,3.502227783203125,Fixation,1196.677241118058,896.3838038237199,180.0,1.0,True,1,image,,10.0
60.0,1198.3441925048826,895.5673599243164,0.4594539403915405,0.6455510258674622,0.4681032001972198,0.6219217777252197,3.524505615234375,3.49951171875,Fixation,1196.677241118058,896.3838038237199,180.0,1.0,True,1,image,,10.0
64.0,1194.2521667480469,900.8842277526855,0.4597514271736145,0.6391082406044006,0.4665047526359558,0.6256140470504761,3.5164031982421875,3.4964752197265625,Fixation,1196.677241118058,896.3838038237199,180.0,1.0,True,1,image,,10.0
68.0,1198.652877807617,895.4471111297607,0.4583608210086822,0.6437897086143494,0.4682237803936004,0.6218382716178894,3.524765014648437,3.4938201904296875,Fixation,1196.677241118058,896.3838038237199,180.0,1.0,True,1,image,,10.0
72.0,1199.0121459960938,895.2032661437988,0.4594404101371765,0.6429375410079956,0.4683641195297241,0.6216689348220825,3.533309936523437,3.5088348388671875,Fixation,1196.677241118058,896.3838038237199,180.0,1.0,True,1,image,,10.0
76.0,1198.9586639404295,895.7679462432861,0.458869606256485,0.644170343875885,0.4683432281017303,0.6220610737800598,3.522323608398437,3.5258941650390625,Fixation,1196.677241118058,896.3838038237199,180.0,1.0,True,1,image,,10.0
80.0,1202.2146606445312,892.4324798583984,0.4597132802009582,0.6388841867446899,0.46961510181427,0.6197447776794434,3.5034332275390625,3.516220092773437,Fixation,1196.677241118058,896.3838038237199,180.0,1.0,True,1,image,,10.0
84.0,1194.1689300537107,896.4428329467773,0.4589742422103882,0.6422861814498901,0.4664722383022308,0.6225297451019287,3.51031494140625,3.5130615234375,Fixation,1196.677241118058,896.3838038237199,180.0,1.0,True,1,image,,10.0
88.0,1196.8791198730466,891.5178680419922,0.4600250124931335,0.6339978575706482,0.4675309062004089,0.6191096305847168,3.5074615478515625,3.5143280029296875,Fixation,1196.677241118058,896.3838038237199,180.0,1.0,True,1,image,,10.0
92.0,1195.1113128662107,890.5009460449219,0.4577914476394653,0.639975368976593,0.4668403565883636,0.618403434753418,3.5153350830078125,3.4927520751953125,Fixation,1196.677241118058,896.3838038237199,180.0,1.0,True,1,image,,10.0
96.0,1196.9133758544922,895.9234714508057,0.4600178003311157,0.6362968683242798,0.467544287443161,0.6221690773963928,3.519927978515625,3.506942749023437,Fixation,1196.677241118058,896.3838038237199,180.0,1.0,True,1,image,,10.0
100.0,1202.4059295654295,889.8751544952393,0.459898829460144,0.6511066555976868,0.4696898162364959,0.6179688572883606,3.566436767578125,3.51220703125,Fixation,1196.677241118058,896.3838038237199,180.0,1.0,True,1,image,,10.0
104.0,1194.8509979248045,887.7525615692139,0.4630411267280578,0.6441105008125305,0.4667386710643768,0.6164948344230652,3.5495147705078125,3.50946044921875,Fixation,1196.677241118058,896.3838038237199,180.0,1.0,True,1,image,,10.0
108.0,1200.6623077392578,893.0778408050537,0.4600770771503448,0.6468759179115295,0.4690087139606476,0.6201929450035095,3.55633544921875,3.534332275390625,Fixation,1196.677241118058,896.3838038237199,180.0,1.0,True,1,image,,10.0
112.0,1199.3278503417969,888.8805484771729,0.4604451358318329,0.6377588510513306,0.4684874415397644,0.6172781586647034,3.5157012939453125,3.521636962890625,Fixation,1196.677241118058,896.3838038237199,180.0,1.0,True,1,image,,10.0
116.0,1194.2374420166016,911.5147876739502,0.4596489667892456,0.6388798952102661,0.466499000787735,0.6329963803291321,3.522201538085937,3.54180908203125,Fixation,1196.677241118058,896.3838038237199,180.0,1.0,True,1,image,,10.0
120.0,1204.0308380126953,895.5489921569824,0.4556494057178497,0.6446571946144104,0.4703245460987091,0.6219090223312378,3.55126953125,3.5340576171875,Fixation,1196.677241118058,896.3838038237199,180.0,1.0,True,1,image,,10.0
124.0,1202.1479797363281,899.2726707458496,0.4624951481819153,0.6383113265037537,0.4695890545845032,0.6244949102401733,3.543182373046875,3.53192138671875,Fixation,1196.677241118058,896.3838038237199,180.0,1.0,True,1,image,,10.0
128.0,1198.763961791992,892.0433235168457,0.4586909115314483,0.6426231861114502,0.4682671725749969,0.6194745302200317,3.5395660400390625,3.5133819580078125,Fixation,1196.677241118058,896.3838038237199,180.0,1.0,True,1,image,,10.0
132.0,1206.5512084960938,885.31325340271,0.4580033421516418,0.6396762132644653,0.4713090658187866,0.6148008704185486,3.52984619140625,3.525375366210937,Fixation,1196.677241118058,896.3838038237199,180.0,1.0,True,1,image,,10.0
136.0,1196.2883758544922,897.562837600708,0.4601399302482605,0.632665753364563,0.467300146818161,0.6233075261116028,3.521102905273437,3.535491943359375,Fixation,1196.677241118058,896.3838038237199,180.0,1.0,True,1,image,,10.0
140.0,1201.1637878417969,900.3578281402588,0.4584274888038635,0.635502815246582,0.4692046046257019,0.6252484917640686,3.5247039794921875,3.5352325439453125,Fixation,1196.677241118058,896.3838038237199,180.0,1.0,True,1,image,,10.0
144.0,1189.99267578125,899.3727493286133,0.4563503861427307,0.6402061581611633,0.4648408889770508,0.6245644092559814,3.549407958984375,3.5474853515625,Fixation,1196.677241118058,896.3838038237199,180.0,1.0,True,1,image,,10.0
148.0,1195.5025482177732,900.7529067993164,0.4596793055534363,0.6390403509140015,0.4669931828975677,0.6255228519439697,3.5453338623046875,3.55670166015625,Fixation,1196.677241118058,896.3838038237199,180.0,1.0,True,1,image,,10.0
152.0,1192.2087097167969,895.3550148010254,0.4576712846755981,0.6348437666893005,0.4657065272331238,0.6217743158340454,3.529571533203125,3.5333251953125,Fixation,1196.677241118058,896.3838038237199,180.0,1.0,True,1,image,,10.0
156.0,1199.3928527832031,899.2773914337158,0.4537743926048279,0.6348412036895752,0.4685128331184387,0.624498188495636,3.527618408203125,3.5437774658203125,Fixation,1196.677241118058,896.3838038237199,180.0,1.0,True,1,image,,10.0
160.0,1201.436767578125,893.8435363769531,0.4572628140449524,0.6420139074325562,0.4693112373352051,0.6207246780395508,3.557525634765625,3.5338134765625,Fixation,1196.677241118058,896.3838038237199,180.0,1.0,True,1,image,,10.0
164.0,1195.3327941894531,904.5009613037109,0.4560725390911102,0.6431475281715393,0.4669268727302551,0.6281256675720215,3.543670654296875,3.544662475585937,Fixation,1196.677241118058,896.3838038237199,180.0,1.0,True,1,image,,10.0
168.0,1196.9261932373045,897.2273254394531,0.4549272954463959,0.6426494121551514,0.4675492942333221,0.6230745315551758,3.5595703125,3.5552520751953125,Fixation,1196.677241118058,896.3838038237199,180.0,1.0,True,1,image,,10.0
172.0,1190.0138854980466,905.5257797241211,0.4558972716331482,0.6472171545028687,0.4648491740226745,0.6288373470306396,3.549896240234375,3.5622100830078125,Fixation,1196.677241118058,896.3838038237199,180.0,1.0,True,1,image,,10.0
176.0,1188.5478973388672,909.4371700286865,0.4529228210449219,0.6548217535018921,0.464276522397995,0.631553590297699,3.563873291015625,3.5437164306640625,Fixation,1196.677241118058,896.3838038237199,180.0,1.0,True,1,image,,10.0
180.0,1165.9931945800781,935.5053234100342,0.4462504982948303,0.6817950010299683,0.455466091632843,0.6496564745903015,3.58026123046875,3.573150634765625,Fixation,1196.677241118058,896.3838038237199,180.0,1.0,True,1,image,,10.0
184.0,1116.74446105957,967.3474788665771,0.4274433553218841,0.7046540379524231,0.4362283051013946,0.6717690825462341,3.581771850585937,3.6058349609375,Saccade,,,,0.0,False,2,,,
188.0,1062.373123168945,1004.9421787261963,0.4056468904018402,0.7201886177062988,0.4149895012378692,0.697876513004303,3.57861328125,3.6407470703125,Saccade,,,,0.0,False,2,,,
192.0,1028.077697753906,1043.4449672698975,0.3863326609134674,0.7466112375259399,0.4015928506851196,0.7246145606040955,3.5909576416015625,3.6553802490234375,Saccade,,,,0.0,False,2,,,
196.0,991.4250946044921,1094.5116519927979,0.3751020133495331,0.7651622295379639,0.3872754275798797,0.7600775361061096,3.560333251953125,3.654953002929687,Saccade,,,,0.0,False,2,,,
200.0,966.0861968994141,1107.1351146697998,0.3765938580036163,0.7840017080307007,0.3773774206638336,0.7688438296318054,3.589874267578125,3.647369384765625,Fixation,952.9833387717223,1106.581504528339,308.0,2.0,True,3,word,sits,2.0
204.0,956.9032287597655,1119.9220848083496,0.3678341507911682,0.7931546568870544,0.3737903237342834,0.7777236700057983,3.5564422607421875,3.650588989257813,Fixation,952.9833387717223,1106.581504528339,308.0,2.0,True,3,word,sits,2.0
208.0,963.7581634521484,1120.2575969696045,0.3766769766807556,0.8033488392829895,0.3764680325984955,0.7779566645622253,3.5736083984375,3.645462036132813,Fixation,952.9833387717223,1106.581504528339,308.0,2.0,True,3,word,sits,2.0
212.0,968.8822937011718,1107.1552848815918,0.3770525455474853,0.7929493188858032,0.3784696459770202,0.7688578367233276,3.5652008056640625,3.650848388671875,Fixation,952.9833387717223,1106.581504528339,308.0,2.0,True,3,word,sits,2.0
216.0,985.3760528564452,1098.9990520477295,0.3841257393360138,0.7886605262756348,0.3849125206470489,0.7631937861442566,3.584930419921875,3.6654052734375,Fixation,952.9833387717223,1106.581504528339,308.0,2.0,True,3,word,sits,2.0
220.0,992.222442626953,1085.9648895263672,0.3798083961009979,0.7838464379310608,0.3875868916511535,0.7541422843933105,3.567535400390625,3.6580963134765625,Fixation,952.9833387717223,1106.581504528339,308.0,2.0,True,3,word,sits,2.0
224.0,977.9339599609375,1084.0040016174316,0.3766010701656341,0.7849844694137573,0.3820054531097412,0.752780556678772,3.5717315673828125,3.654083251953125,Fixation,952.9833387717223,1106.581504528339,308.0,2.0,True,3,word,sits,2.0
228.0,979.0187835693358,1091.5368461608887,0.3767368793487549,0.7928056120872498,0.3824292123317718,0.7580116987228394,3.5660552978515625,3.6510162353515625,Fixation,952.9833387717223,1106.581504528339,308.0,2.0,True,3,word,sits,2.0
232.0,972.9618835449219,1095.260009765625,0.3794322311878204,0.7916681170463562,0.3800632357597351,0.7605972290039062,3.5558624267578125,3.6519775390625,Fixation,952.9833387717223,1106.581504528339,308.0,2.0,True,3,word,sits,2.0
236.0,969.1253662109374,1098.9902114868164,0.3735719919204712,0.7884882688522339,0.3785645961761474,0.7631876468658447,3.548675537109375,3.627853393554687,Fixation,952.9833387717223,1106.581504528339,308.0,2.0,True,3,word,sits,2.0
240.0,972.273941040039,1097.8966426849365,0.3785853087902069,0.7892483472824097,0.3797945082187652,0.7624282240867615,3.5742950439453125,3.648193359375,Fixation,952.9833387717223,1106.581504528339,308.0,2.0,True,3,word,sits,2.0
244.0,967.1367645263672,1095.9661388397217,0.3795534670352936,0.790864884853363,0.3777877986431122,0.7610875964164734,3.573211669921875,3.6496734619140634,Fixation,952.9833387717223,1106.581504528339,308.0,2.0,True,3,word,sits,2.0
248.0,970.555191040039,1094.3962097167969,0.3777257204055786,0.7868282794952393,0.3791231215000152,0.7599973678588867,3.547088623046875,3.634246826171875,Fixation,952.9833387717223,1106.581504528339,308.0,2.0,True,3,word,sits,2.0
252.0,971.6982269287109,1094.0222454071045,0.3767662942409515,0.7899073362350464,0.3795696198940277,0.7597376704216003,3.549896240234375,3.632858276367187,Fixation,952.9833387717223,1106.581504528339,308.0,2.0,True,3,word,sits,2.0
256.0,975.8264923095703,1096.3988971710205,0.3757573366165161,0.7919676303863525,0.3811822235584259,0.7613881230354309,3.53338623046875,3.6214599609375,Fixation,952.9833387717223,1106.581504528339,308.0,2.0,True,3,word,sits,2.0
260.0,975.5442810058594,1101.7888927459717,0.3754493296146393,0.786399245262146,0.3810719847679138,0.7651311755180359,3.533782958984375,3.62237548828125,Fixation,952.9833387717223,1106.581504528339,308.0,2.0,True,3,word,sits,2.0
264.0,976.6237640380859,1097.8880596160889,0.3759391903877258,0.7823644876480103,0.3814936578273773,0.7624222636222839,3.532379150390625,3.6051177978515625,Fixation,952.9833387717223,1106.581504528339,308.0,2.0,True,3,word,sits,2.0
268.0,974.7605133056641,1101.5010166168213,0.3698547780513763,0.7854820489883423,0.380765825510025,0.7649312615394592,3.5065460205078125,3.59747314453125,Fixation,952.9833387717223,1106.581504528339,308.0,2.0,True,3,word,sits,2.0
272.0,973.8619232177733,1100.5774784088135,0.3756932914257049,0.7826602458953857,0.3804148137569427,0.764289915561676,3.52093505859375,3.60015869140625,Fixation,952.9833387717223,1106.581504528339,308.0,2.0,True,3,word,sits,2.0
276.0,973.9393615722655,1102.1989059448242,0.3781294226646423,0.7854771018028259,0.3804450631141662,0.7654159069061279,3.5182647705078125,3.5855255126953125,Fixation,952.9833387717223,1106.581504528339,308.0,2.0,True,3,word,sits,2.0
280.0,968.5582733154297,1105.1728534698486,0.3747446238994598,0.78436678647995,0.3783430755138397,0.7674811482429504,3.49786376953125,3.589691162109375,Fixation,952.9833387717223,1106.581504528339,308.0,2.0,True,3,word,sits,2.0
284.0,967.7911376953124,1108.706932067871,0.3746973276138305,0.7814000844955444,0.3780434131622314,0.7699353694915771,3.4934234619140625,3.566375732421875,Fixation,952.9833387717223,1106.581504528339,308.0,2.0,True,3,word,sits,2.0
288.0,973.1061553955077,1103.1419277191162,0.377255916595459,0.7870283126831055,0.3801195919513702,0.7660707831382751,3.492538452148437,3.5416717529296875,Fixation,952.9833387717223,1106.581504528339,308.0,2.0,True,3,word,sits,2.0
292.0,975.2782440185547,1106.5598773956299,0.3747413456439972,0.78145831823349,0.3809680640697479,0.7684443593025208,3.475372314453125,3.549957275390625,Fixation,952.9833387717223,1106.581504528339,308.0,2.0,True,3,word,sits,2.0
296.0,967.1649932861327,1108.5161304473877,0.3726224303245544,0.7782604694366455,0.3777988255023956,0.7698028683662415,3.4647216796875,3.539764404296875,Fixation,952.9833387717223,1106.581504528339,308.0,2.0,True,3,word,sits,2.0
300.0,975.2304840087891,1099.3900108337402,0.373708426952362,0.7803546786308289,0.3809494078159332,0.7634652853012085,3.4625396728515625,3.5232391357421875,Fixation,952.9833387717223,1106.581504528339,308.0,2.0,True,3,word,sits,2.0
304.0,968.6661529541016,1105.6675815582275,0.3683178424835205,0.7783817648887634,0.3783852159976959,0.7678247094154358,3.442291259765625,3.5093231201171875,Fixation,952.9833387717223,1106.581504528339,308.0,2.0,True,3,word,sits,2.0
308.0,967.7306365966797,1105.6147956848145,0.3695883750915527,0.7771303057670593,0.378019779920578,0.7677880525588989,3.435546875,3.5023193359375,Fixation,952.9833387717223,1106.581504528339,308.0,2.0,True,3,word,sits,2.0
312.0,965.3380584716797,1114.802885055542,0.3718382716178894,0.780522882938385,0.3770851790904999,0.7741686701774597,3.43536376953125,3.491302490234375,Fixation,952.9833387717223,1106.581504528339,308.0,2.0,True,3,word,sits,2.0
316.0,968.0126953125,1108.1789016723633,0.3753093779087066,0.7834101319313049,0.3781299591064453,0.769568681716919,3.4366455078125,3.485702514648437,Fixation,952.9833387717223,1106.581504528339,308.0,2.0,True,3,word,sits,2.0
320.0,959.2467498779297,1111.4914512634277,0.371347576379776,0.782952070236206,0.3747057616710663,0.7718690633773804,3.4158935546875,3.475326538085937,Fixation,952.9833387717223,1106.581504528339,308.0,2.0,True,3,word,sits,2.0
324.0,964.4422149658202,1111.803960800171,0.3724296689033508,0.7811713814735413,0.3767352402210235,0.7720860838890076,3.3942413330078125,3.456634521484375,Fixation,952.9833387717223,1106.581504528339,308.0,2.0,True,3,word,sits,2.0
328.0,964.6259307861327,1115.0873279571533,0.3705389201641083,0.7822314500808716,0.3768070042133331,0.7743661999702454,3.393829345703125,3.439605712890625,Fixation,952.9833387717223,1106.581504528339,308.0,2.0,True,3,word,sits,2.0
332.0,972.9248046875,1113.7211608886719,0.3676974475383758,0.7855093479156494,0.3800487518310547,0.7734174728393555,3.3815460205078125,3.4322509765625,Fixation,952.9833387717223,1106.581504528339,308.0,2.0,True,3,word,sits,2.0
336.0,965.6341552734375,1117.9827404022217,0.3650112748146057,0.7876001596450806,0.3772008419036865,0.7763769030570984,3.37286376953125,3.4291229248046875,Fixation,952.9833387717223,1106.581504528339,308.0,2.0,True,3,word,sits,2.0
340.0,955.4428100585938,1111.036033630371,0.3634893000125885,0.7850614190101624,0.3732198476791382,0.7715528011322021,3.3636016845703125,3.4026641845703125,Fixation,952.9833387717223,1106.581504528339,308.0,2.0,True,3,word,sits,2.0
344.0,967.3796844482422,1107.484531402588,0.3649108409881592,0.787579357624054,0.3778826892375946,0.769086480140686,3.34271240234375,3.396026611328125,Fixation,952.9833387717223,1106.581504528339,308.0,2.0,True,3,word,sits,2.0
348.0,960.4877471923827,1101.6577434539795,0.3624587953090668,0.7859158515930176,0.3751905262470245,0.7650400996208191,3.3348541259765625,3.3914337158203125,Fixation,952.9833387717223,1106.581504528339,308.0,2.0,True,3,word,sits,2.0
352.0,954.850845336914,1111.7346096038818,0.3625136911869049,0.7834944725036621,0.372988611459732,0.772037923336029,3.3401336669921875,3.358428955078125,Fixation,952.9833387717223,1106.581504528339,308.0,2.0,True,3,word,sits,2.0
356.0,955.0460815429686,1098.3171272277832,0.356445848941803,0.7887147068977356,0.3730648756027221,0.7627202272415161,3.324371337890625,3.3525848388671875,Fixation,952.9833387717223,1106.581504528339,308.0,2.0,True,3,word,sits,2.0
360.0,953.3325195312499,1103.5590648651123,0.3545644283294678,0.78337562084198,0.3723955154418945,0.7663604617118835,3.3110809326171875,3.35693359375,Fixation,952.9833387717223,1106.581504528339,308.0,2.0,True,3,word,sits,2.0
364.0,939.2015838623046,1105.2492427825928,0.3504099547863006,0.7841235399246216,0.3668756186962127,0.7675341963768005,3.2964324951171875,3.345306396484375,Fixation,952.9833387717223,1106.581504528339,308.0,2.0,True,3,word,sits,2.0
368.0,929.7499847412109,1109.367914199829,0.3537017405033111,0.785563051700592,0.3631835877895355,0.7703943848609924,3.2894287109375,3.331298828125,Fixation,952.9833387717223,1106.581504528339,308.0,2.0,True,3,word,sits,2.0
372.0,942.8784942626952,1113.7702560424805,0.3514458537101745,0.788024365901947,0.3683119118213653,0.773451566696167,3.28228759765625,3.313751220703125,Fixation,952.9833387717223,1106.581504528339,308.0,2.0,True,3,word,sits,2.0
376.0,927.6165008544922,1117.5650882720947,0.3531801700592041,0.787918746471405,0.362350195646286,0.7760868668556213,3.2675933837890625,3.3006591796875,Fixation,952.9833387717223,1106.581504528339,308.0,2.0,True,3,word,sits,2.0
380.0,924.0196228027344,1114.5980072021484,0.3483767211437225,0.7874164581298828,0.3609451651573181,0.7740263938903809,3.2605743408203125,3.2868194580078125,Fixation,952.9833387717223,1106.581504528339,308.0,2.0,True,3,word,sits,2.0
384.0,933.637466430664,1112.9401874542236,0.352663904428482,0.7882907390594482,0.3647021353244781,0.7728751301765442,3.250762939453125,3.26953125,Fixation,952.9833387717223,1106.581504528339,308.0,2.0,True,3,word,sits,2.0
388.0,939.6045684814453,1113.0957984924316,0.3551351428031921,0.7871369123458862,0.3670330345630646,0.772983193397522,3.244491577148437,3.2647247314453125,Fixation,952.9833387717223,1106.581504528339,308.0,2.0,True,3,word,sits,2.0
392.0,940.4029083251953,1106.2184429168701,0.3528518378734588,0.7854545712471008,0.3673448860645294,0.7682072520256042,3.2318878173828125,3.241180419921875,Fixation,952.9833387717223,1106.581504528339,308.0,2.0,True,3,word,sits,2.0
396.0,934.0335845947264,1112.2347450256348,0.3547077178955078,0.7883620858192444,0.364856868982315,0.7723852396011353,3.230926513671875,3.2245330810546875,Fixation,952.9833387717223,1106.581504528339,308.0,2.0,True,3,word,sits,2.0
400.0,931.5972900390625,1114.167137145996,0.3519900739192962,0.7844482064247131,0.3639051914215088,0.7737271785736084,3.196884155273437,3.23309326171875,Fixation,952.9833387717223,1106.581504528339,308.0,2.0,True,3,word,sits,2.0
404.0,942.4590301513672,1112.5954914093018,0.349836140871048,0.7835336327552795,0.3681480586528778,0.7726357579231262,3.1984405517578125,3.21783447265625,Fixation,952.9833387717223,1106.581504528339,308.0,2.0,True,3,word,sits,2.0
408.0,927.7797698974609,1103.752613067627,0.351012647151947,0.786971926689148,0.3624139726161957,0.766494870185852,3.19403076171875,3.2126617431640625,Fixation,952.9833387717223,1106.581504528339,308.0,2.0,True,3,word,sits,2.0
412.0,937.6235961914061,1114.7326755523682,0.3551671802997589,0.7862178683280945,0.366259217262268,0.7741199135780334,3.1952056884765625,3.198226928710937,Fixation,952.9833387717223,1106.581504528339,308.0,2.0,True,3,word,sits,2.0
416.0,940.7670593261719,1118.954257965088,0.3515746593475342,0.7810966968536377,0.3674871325492859,0.777051568031311,3.187896728515625,3.199005126953125,Fixation,952.9833387717223,1106.581504528339,308.0,2.0,True,3,word,sits,2.0
420.0,929.0190124511719,1115.7792949676514,0.3510325253009796,0.7856243252754211,0.362898051738739,0.7748467326164246,3.181610107421875,3.1734619140625,Fixation,952.9833387717223,1106.581504528339,308.0,2.0,True,3,word,sits,2.0
424.0,930.6837463378906,1116.4868831634521,0.3500049114227295,0.7832022905349731,0.3635483384132385,0.7753381133079529,3.1450653076171875,3.16912841796875,Fixation,952.9833387717223,1106.581504528339,308.0,2.0,True,3,word,sits,2.0
428.0,935.4967498779297,1108.9530086517334,0.3551211357116699,0.7903814315795898,0.3654284179210663,0.7701062560081482,3.169158935546875,3.166534423828125,Fixation,952.9833387717223,1106.581504528339,308.0,2.0,True,3,word,sits,2.0
432.0,938.5043334960938,1110.4371929168701,0.3550788462162018,0.7820832133293152,0.3666032552719116,0.7711369395256042,3.1612701416015625,3.153793334960937,Fixation,952.9833387717223,1106.581504528339,308.0,2.0,True,3,word,sits,2.0
436.0,940.5398559570311,1117.0689010620117,0.3496206104755401,0.7826406955718994,0.3673983812332153,0.7757422924041748,3.131820678710937,3.1412506103515625,Fixation,952.9833387717223,1106.581504528339,308.0,2.0,True,3,word,sits,2.0
440.0,938.3269500732421,1108.1955528259277,0.3510982394218445,0.7818638682365417,0.3665339648723602,0.7695802450180054,3.127349853515625,3.1365966796875,Fixation,952.9833387717223,1106.581504528339,308.0,2.0,True,3,word,sits,2.0
444.0,938.1038665771484,1115.4682445526123,0.3517814576625824,0.7798557281494141,0.3664468228816986,0.7746307253837585,3.1277618408203125,3.1337127685546875,Fixation,952.9833387717223,1106.581504528339,308.0,2.0,True,3,word,sits,2.0
448.0,938.7040710449219,1109.0721416473389,0.3490582704544067,0.7879669666290283,0.3666812777519226,0.7701889872550964,3.116806030273437,3.131134033203125,Fixation,952.9833387717223,1106.581504528339,308.0,2.0,True,3,word,sits,2.0
452.0,931.0749816894531,1111.924295425415,0.3527283668518066,0.7889662981033325,0.3637011647224426,0.7721696496009827,3.126251220703125,3.1248779296875,Fixation,952.9833387717223,1106.581504528339,308.0,2.0,True,3,word,sits,2.0
456.0,929.6939849853514,1107.6948165893555,0.3471801280975342,0.7912449240684509,0.3631617128849029,0.7692325115203857,3.122177124023437,3.1065826416015625,Fixation,952.9833387717223,1106.581504528339,308.0,2.0,True,3,word,sits,2.0
460.0,944.2218780517578,1107.7845096588135,0.3469645380973816,0.7906500101089478,0.3688366711139679,0.769294798374176,3.0967559814453125,3.115875244140625,Fixation,952.9833387717223,1106.581504528339,308.0,2.0,True,3,word,sits,2.0
464.0,933.540802001953,1104.4692134857178,0.3476841151714325,0.7823567390441895,0.3646643757820129,0.7669925093650818,3.098983764648437,3.084075927734375,Fixation,952.9833387717223,1106.581504528339,308.0,2.0,True,3,word,sits,2.0
468.0,922.0113372802734,1105.5077648162842,0.3479933440685272,0.7853338122367859,0.3601606786251068,0.767713725566864,3.0708465576171875,3.0928192138671875,Fixation,952.9833387717223,1106.581504528339,308.0,2.0,True,3,word,sits,2.0
472.0,932.5981140136719,1094.204978942871,0.3459994792938232,0.7906085848808289,0.3642961382865906,0.7598645687103271,3.0741729736328125,3.0494537353515625,Fixation,952.9833387717223,1106.581504528339,308.0,2.0,True,3,word,sits,2.0
476.0,935.6153869628905,1105.5784893035889,0.347513884305954,0.7869524359703064,0.3654747605323791,0.7677628397941589,3.088607788085937,3.072113037109375,Fixation,952.9833387717223,1106.581504528339,308.0,2.0,True,3,word,sits,2.0
480.0,929.379653930664,1107.7167892456055,0.3511876463890075,0.788144052028656,0.3630389273166656,0.7692477703094482,3.0594635009765625,3.05902099609375,Fixation,952.9833387717223,1106.581504528339,308.0,2.0,True,3,word,sits,2.0
484.0,936.8849182128906,1105.810146331787,0.3489640951156616,0.7794726490974426,0.3659706711769104,0.7679237127304077,3.060638427734375,3.0509185791015625,Fixation,952.9833387717223,1106.581504528339,308.0,2.0,True,3,word,sits,2.0
488.0,928.5305023193359,1104.0916442871094,0.3505047857761383,0.7783938050270081,0.3627072274684906,0.7667303085327148,3.0648193359375,3.0558624267578125,Fixation,952.9833387717223,1106.581504528339,308.0,2.0,True,3,word,sits,2.0
492.0,934.9917602539061,1116.1986637115479,0.352235347032547,0.7691367864608765,0.3652311563491821,0.7751379609107971,3.04302978515625,3.044677734375,Fixation,952.9833387717223,1106.581504528339,308.0,2.0,True,3,word,sits,2.0
496.0,922.9648590087891,1094.6897506713867,0.3497802317142486,0.7733980417251587,0.3605331480503082,0.7602012157440186,3.04290771484375,3.011810302734375,Fixation,952.9833387717223,1106.581504528339,308.0,2.0,True,3,word,sits,2.0
500.0,928.2500457763671,1116.9089126586914,0.3522250652313232,0.7723515629768372,0.3625976741313934,0.7756311893463135,3.04010009765625,3.0611114501953125,Fixation,952.9833387717223,1106.581504528339,308.0,2.0,True,3,word,sits,2.0
504.0,928.83056640625,1098.6670589447021,0.3557749688625335,0.7782673239707947,0.3628244400024414,0.7629632353782654,3.0381622314453125,3.010284423828125,Fixation,952.9833387717223,1106.581504528339,308.0,2.0,True,3,word,sits,2.0
508.0,978.5823822021483,1099.920015335083,0.3554863631725311,0.765029788017273,0.3822587430477142,0.7638333439826965,3.009735107421875,3.015289306640625,Fixation,952.9833387717223,1106.581504528339,308.0,2.0,True,3,word,sits,2.0
512.0,1019.4114685058594,1079.41575050354,0.3705717027187347,0.7694103121757507,0.3982076048851013,0.7495942711830139,3.0298614501953125,2.990997314453125,Fixation,1075.8813412984211,1078.491461277008,92.0,3.0,True,4,word,on,3.0
516.0,1047.4705505371091,1079.5276737213135,0.3822796940803528,0.7640893459320068,0.4091681838035583,0.749671995639801,3.0335845947265625,2.969818115234375,Fixation,1075.8813412984211,1078.491461277008,92.0,3.0,True,4,word,on,3.0
520.0,1077.1142578125,1082.710018157959,0.392831951379776,0.7641159296035767,0.4207477569580078,0.7518819570541382,3.0226593017578125,2.9600372314453125,Fixation,1075.8813412984211,1078.491461277008,92.0,3.0,True,4,word,on,3.0
524.0,1081.381149291992,1078.520793914795,0.394202321767807,0.7713088989257812,0.4224145114421844,0.7489727735519409,3.012725830078125,2.9652557373046875,Fixation,1075.8813412984211,1078.491461277008,92.0,3.0,True,4,word,on,3.0
528.0,1092.8713989257812,1068.478946685791,0.397165298461914,0.7708852887153625,0.4269028902053833,0.7419992685317993,3.0177154541015625,2.932830810546875,Fixation,1075.8813412984211,1078.491461277008,92.0,3.0,True,4,word,on,3.0
532.0,1078.335189819336,1073.1256484985352,0.3905667960643768,0.7742739319801331,0.4212246835231781,0.7452261447906494,2.9808349609375,2.9414215087890625,Fixation,1075.8813412984211,1078.491461277008,92.0,3.0,True,4,word,on,3.0
536.0,1087.0601654052732,1071.9364643096924,0.3919353485107422,0.7739741206169128,0.4246328771114349,0.7444003224372864,2.9975128173828125,2.9382781982421875,Fixation,1075.8813412984211,1078.491461277008,92.0,3.0,True,4,word,on,3.0
540.0,1074.4580841064453,1075.1034450531006,0.3942519128322601,0.7671272158622742,0.4197101891040802,0.7465996146202087,2.9748992919921875,2.9311981201171875,Fixation,1075.8813412984211,1078.491461277008,92.0,3.0,True,4,word,on,3.0
544.0,1073.6293792724607,1078.235149383545,0.3979411423206329,0.7702586054801941,0.419386476278305,0.7487744092941284,3.0213623046875,2.92681884765625,Fixation,1075.8813412984211,1078.491461277008,92.0,3.0,True,4,word,on,3.0
548.0,1065.8328247070312,1085.5401992797852,0.398404061794281,0.7663146257400513,0.4163409471511841,0.7538473606109619,2.99407958984375,2.9493865966796875,Fixation,1075.8813412984211,1078.491461277008,92.0,3.0,True,4,word,on,3.0
552.0,1077.2920989990232,1071.6346836090088,0.3962571620941162,0.7779214978218079,0.4208172261714935,0.7441907525062561,3.0117950439453125,2.90380859375,Fixation,1075.8813412984211,1078.491461277008,92.0,3.0,True,4,word,on,3.0
556.0,1077.3297882080076,1087.5999641418457,0.3987249732017517,0.7754011154174805,0.420831948518753,0.7552777528762817,2.9917755126953125,2.9266357421875,Fixation,1075.8813412984211,1078.491461277008,92.0,3.0,True,4,word,on,3.0
560.0,1087.33283996582,1078.5915184020996,0.4011614024639129,0.7661387324333191,0.4247393906116485,0.7490218877792358,2.984848022460937,2.91363525390625,Fixation,1075.8813412984211,1078.491461277008,92.0,3.0,True,4,word,on,3.0
564.0,1074.366455078125,1068.8937664031982,0.3944076001644134,0.7714971303939819,0.4196743965148926,0.7422873377799988,2.976318359375,2.88433837890625,Fixation,1075.8813412984211,1078.491461277008,92.0,3.0,True,4,word,on,3.0
568.0,1068.480529785156,1080.7352256774902,0.3998061418533325,0.7714260816574097,0.4173752069473266,0.750510573387146,2.9718170166015625,2.91033935546875,Fixation,1075.8813412984211,1078.491461277008,92.0,3.0,True,4,word,on,3.0
572.0,1083.7479400634763,1070.9277820587158,0.4007644355297088,0.7629692554473877,0.4233390390872955,0.743699848651886,2.9546356201171875,2.90191650390625,Fixation,1075.8813412984211,1078.491461277008,92.0,3.0,True,4,word,on,3.0
576.0,1073.8478088378906,1080.2204132080078,0.3999579846858978,0.7695502042770386,0.419471800327301,0.7501530647277832,2.984161376953125,2.9020538330078125,Fixation,1075.8813412984211,1078.491461277008,92.0,3.0,True,4,word,on,3.0
580.0,1081.52099609375,1071.2670707702637,0.4013669192790985,0.7688630223274231,0.4224691390991211,0.7439354658126831,2.9569091796875,2.869247436523437,Fixation,1075.8813412984211,1078.491461277008,92.0,3.0,True,4,word,on,3.0
584.0,1071.3885498046873,1081.245403289795,0.39963299036026,0.7760680317878723,0.418511152267456,0.7508648633956909,2.966888427734375,2.881103515625,Fixation,1075.8813412984211,1078.491461277008,92.0,3.0,True,4,word,on,3.0
588.0,1080.5812835693357,1088.3100414276123,0.3951792418956756,0.7714025378227234,0.4221020638942718,0.7557708621025085,2.9577789306640625,2.8982696533203125,Fixation,1075.8813412984211,1078.491461277008,92.0,3.0,True,4,word,on,3.0
592.0,1081.8085479736328,1069.6761989593506,0.3987369537353515,0.7672148942947388,0.4225814640522003,0.7428306937217712,2.9490966796875,2.868560791015625,Fixation,1075.8813412984211,1078.491461277008,92.0,3.0,True,4,word,on,3.0
596.0,1082.119674682617,1094.015293121338,0.3980060815811157,0.7750085592269897,0.4227029979228973,0.7597328424453735,2.964935302734375,2.867340087890625,Fixation,1075.8813412984211,1078.491461277008,92.0,3.0,True,4,word,on,3.0
600.0,1081.070327758789,1080.5610752105713,0.4006493091583252,0.7702759504318237,0.422293096780777,0.7503896355628967,2.97015380859375,2.873931884765625,Fixation,1075.8813412984211,1078.491461277008,92.0,3.0,True,4,word,on,3.0
604.0,1102.7008819580078,1087.5225448608398,0.3957653045654297,0.7770651578903198,0.4307425320148468,0.7552239894866943,2.943084716796875,2.88165283203125,Fixation,1075.8813412984211,1078.491461277008,92.0,3.0,True,4,word,on,3.0
608.0,1143.3401489257812,1079.716329574585,0.4039390981197357,0.7673475742340088,0.4466172456741333,0.7498030066490173,2.94720458984375,2.85418701171875,Saccade,,,,0.0,False,5,,,
612.0,1194.6253967285156,1058.7076377868652,0.4285920262336731,0.7676341533660889,0.4666505455970764,0.7352136373519897,2.9385223388671875,2.841583251953125,Saccade,,,,0.0,False,5,,,
616.0,1255.4005432128906,1055.1941585540771,0.4558417499065399,0.7583256959915161,0.4903908371925354,0.7327737212181091,2.9544830322265625,2.84002685546875,Fixation,1311.2121322919738,1070.3362272370537,208.0,4.0,True,6,word,snowboard,5.0
620.0,1279.2852783203123,1059.490671157837,0.4594512283802032,0.764647364616394,0.499720811843872,0.7357574105262756,2.9682769775390625,2.839340209960937,Fixation,1311.2121322919738,1070.3362272370537,208.0,4.0,True,6,word,snowboard,5.0
624.0,1296.3348388671875,1065.6230163574219,0.4694238007068634,0.7625145316123962,0.5063807964324951,0.740015983581543,2.962020874023437,2.846054077148437,Fixation,1311.2121322919738,1070.3362272370537,208.0,4.0,True,6,word,snowboard,5.0
628.0,1299.5802307128906,1074.367790222168,0.4852931499481201,0.7582257986068726,0.5076485276222229,0.7460887432098389,2.961044311523437,2.817123413085937,Fixation,1311.2121322919738,1070.3362272370537,208.0,4.0,True,6,word,snowboard,5.0
632.0,1302.0016479492188,1071.3765907287598,0.4859574437141418,0.7504686117172241,0.5085943937301636,0.7440115213394165,2.944442749023437,2.8251495361328125,Fixation,1311.2121322919738,1070.3362272370537,208.0,4.0,True,6,word,snowboard,5.0
636.0,1305.8088684082031,1062.3473739624023,0.4838855266571045,0.7611385583877563,0.5100815892219543,0.737741231918335,2.946990966796875,2.822845458984375,Fixation,1311.2121322919738,1070.3362272370537,208.0,4.0,True,6,word,snowboard,5.0
640.0,1307.2686767578125,1071.4071464538574,0.4844511449337005,0.7553855180740356,0.5106518268585205,0.7440327405929565,2.94696044921875,2.822494506835937,Fixation,1311.2121322919738,1070.3362272370537,208.0,4.0,True,6,word,snowboard,5.0
644.0,1299.6437072753906,1075.0933170318604,0.4806215763092041,0.7599035501480103,0.5076733231544495,0.7465925812721252,2.92608642578125,2.8270721435546875,Fixation,1311.2121322919738,1070.3362272370537,208.0,4.0,True,6,word,snowboard,5.0
648.0,1300.0584411621094,1073.8318634033203,0.485877513885498,0.7498183846473694,0.507835328578949,0.7457165718078613,2.91473388671875,2.839263916015625,Fixation,1311.2121322919738,1070.3362272370537,208.0,4.0,True,6,word,snowboard,5.0
652.0,1304.47021484375,1062.3784446716309,0.4888617396354675,0.7651780843734741,0.5095586776733398,0.7377628087997437,2.9437255859375,2.8135528564453125,Fixation,1311.2121322919738,1070.3362272370537,208.0,4.0,True,6,word,snowboard,5.0
656.0,1304.794921875,1072.0080471038818,0.4891074001789093,0.7548499703407288,0.5096855163574219,0.744450032711029,2.929901123046875,2.824249267578125,Fixation,1311.2121322919738,1070.3362272370537,208.0,4.0,True,6,word,snowboard,5.0
660.0,1317.904052734375,1058.7331295013428,0.4891574084758758,0.7578357458114624,0.5148062705993652,0.735231339931488,2.9479522705078125,2.7949981689453125,Fixation,1311.2121322919738,1070.3362272370537,208.0,4.0,True,6,word,snowboard,5.0
664.0,1312.6400756835938,1068.5803985595703,0.4939315617084503,0.7537548542022705,0.5127500295639038,0.7420697212219238,2.948486328125,2.808441162109375,Fixation,1311.2121322919738,1070.3362272370537,208.0,4.0,True,6,word,snowboard,5.0
668.0,1318.9234924316406,1078.7256717681885,0.4906189143657684,0.7514777183532715,0.5152044892311096,0.7491150498390198,2.9098052978515625,2.830718994140625,Fixation,1311.2121322919738,1070.3362272370537,208.0,4.0,True,6,word,snowboard,5.0
672.0,1308.6692810058594,1078.0651187896729,0.4906493723392486,0.7465763688087463,0.5111989378929138,0.7486563324928284,2.9252471923828125,2.8277130126953125,Fixation,1311.2121322919738,1070.3362272370537,208.0,4.0,True,6,word,snowboard,5.0
676.0,1312.2657775878906,1064.2535877227783,0.4928245544433594,0.7561763525009155,0.5126038193702698,0.7390649914741516,2.9311981201171875,2.801666259765625,Fixation,1311.2121322919738,1070.3362272370537,208.0,4.0,True,6,word,snowboard,5.0
680.0,1318.29833984375,1077.577257156372,0.4839573800563812,0.7534367442131042,0.5149602890014648,0.748317539691925,2.9375,2.81695556640625,Fixation,1311.2121322919738,1070.3362272370537,208.0,4.0,True,6,word,snowboard,5.0
684.0,1301.8220520019531,1071.3748741149902,0.4892239570617676,0.7655861973762512,0.5085242390632629,0.744010329246521,2.9490203857421875,2.79644775390625,Fixation,1311.2121322919738,1070.3362272370537,208.0,4.0,True,6,word,snowboard,5.0
688.0,1309.1055297851562,1063.2408714294434,0.4887334108352661,0.7656756639480591,0.5113693475723267,0.7383617162704468,2.9502716064453125,2.7966461181640625,Fixation,1311.2121322919738,1070.3362272370537,208.0,4.0,True,6,word,snowboard,5.0
692.0,1309.1014099121094,1059.5471477508545,0.4795367419719696,0.7552750110626221,0.5113677382469177,0.7357966303825378,2.91705322265625,2.7967071533203125,Fixation,1311.2121322919738,1070.3362272370537,208.0,4.0,True,6,word,snowboard,5.0
696.0,1307.4882507324219,1062.051601409912,0.4791186451911926,0.7595405578613281,0.5107375979423523,0.737535834312439,2.9450225830078125,2.777694702148437,Fixation,1311.2121322919738,1070.3362272370537,208.0,4.0,True,6,word,snowboard,5.0
700.0,1312.9231262207031,1071.167335510254,0.480271428823471,0.7531479597091675,0.5128605961799622,0.7438662052154541,2.9219207763671875,2.8006591796875,Fixation,1311.2121322919738,1070.3362272370537,208.0,4.0,True,6,word,snowboard,5.0
704.0,1304.8744201660156,1076.4101314544678,0.4767532348632812,0.760587751865387,0.5097165703773499,0.7475070357322693,2.9317626953125,2.822784423828125,Fixation,1311.2121322919738,1070.3362272370537,208.0,4.0,True,6,word,snowboard,5.0
708.0,1321.0226440429688,1067.4025440216064,0.4804299771785736,0.7533175349235535,0.5160244703292847,0.7412517666816711,2.9073028564453125,2.7950592041015625,Fixation,1311.2121322919738,1070.3362272370537,208.0,4.0,True,6,word,snowboard,5.0
712.0,1328.7791442871094,1076.5984439849854,0.4808229207992553,0.75473952293396,0.5190543532371521,0.7476378083229065,2.947860717773437,2.7986602783203125,Fixation,1311.2121322919738,1070.3362272370537,208.0,4.0,True,6,word,snowboard,5.0
716.0,1311.4546203613281,1073.545446395874,0.4775364696979522,0.7453725337982178,0.5122869610786438,0.7455176711082458,2.920516967773437,2.7947235107421875,Fixation,1311.2121322919738,1070.3362272370537,208.0,4.0,True,6,word,snowboard,5.0
720.0,1323.6697387695312,1069.3439483642578,0.4787982404232025,0.7572601437568665,0.5170584917068481,0.7425999641418457,2.944564819335937,2.801300048828125,Fixation,1311.2121322919738,1070.3362272370537,208.0,4.0,True,6,word,snowboard,5.0
724.0,1321.5982055664062,1073.0726909637451,0.4805161952972412,0.7589711546897888,0.5162492990493774,0.745189368724823,2.942779541015625,2.783935546875,Fixation,1311.2121322919738,1070.3362272370537,208.0,4.0,True,6,word,snowboard,5.0
728.0,1321.9671630859375,1074.136562347412,0.4881984889507293,0.7540819048881531,0.5163934230804443,0.745928168296814,2.9421539306640625,2.791015625,Fixation,1311.2121322919738,1070.3362272370537,208.0,4.0,True,6,word,snowboard,5.0
732.0,1321.3725280761719,1069.9909400939941,0.4876925051212311,0.7523655891418457,0.5161611437797546,0.7430492639541626,2.9375762939453125,2.8023681640625,Fixation,1311.2121322919738,1070.3362272370537,208.0,4.0,True,6,word,snowboard,5.0
736.0,1304.9636840820312,1064.2314434051514,0.4906211495399475,0.7459805607795715,0.5097514390945435,0.7390496134757996,2.9237213134765625,2.7890167236328125,Fixation,1311.2121322919738,1070.3362272370537,208.0,4.0,True,6,word,snowboard,5.0
740.0,1308.0961608886719,1065.523452758789,0.4883564710617065,0.75327068567276,0.5109750628471375,0.7399468421936035,2.92816162109375,2.7801055908203125,Fixation,1311.2121322919738,1070.3362272370537,208.0,4.0,True,6,word,snowboard,5.0
744.0,1308.2542419433594,1074.0757083892822,0.4873359501361847,0.7611668109893799,0.5110368132591248,0.7458859086036682,2.9362945556640625,2.7960205078125,Fixation,1311.2121322919738,1070.3362272370537,208.0,4.0,True,6,word,snowboard,5.0
748.0,1315.1808166503906,1069.549856185913,0.4894300699234009,0.7582941055297852,0.5137425065040588,0.7427429556846619,2.92822265625,2.7957763671875,Fixation,1311.2121322919738,1070.3362272370537,208.0,4.0,True,6,word,snowboard,5.0
752.0,1316.2057495117188,1060.254135131836,0.4908684492111206,0.7656677961349487,0.5141428709030151,0.7362875938415527,2.9305419921875,2.782501220703125,Fixation,1311.2121322919738,1070.3362272370537,208.0,4.0,True,6,word,snowboard,5.0
756.0,1312.0024108886719,1072.0384311676025,0.4819132685661316,0.7641348838806152,0.5125009417533875,0.7444711327552795,2.9258575439453125,2.7965087890625,Fixation,1311.2121322919738,1070.3362272370537,208.0,4.0,True,6,word,snowboard,5.0
760.0,1315.3134155273438,1073.1495094299316,0.476102739572525,0.7606454491615295,0.5137943029403687,0.745242714881897,2.94927978515625,2.79888916015625,Fixation,1311.2121322919738,1070.3362272370537,208.0,4.0,True,6,word,snowboard,5.0
764.0,1313.61083984375,1069.6927642822266,0.4791948199272156,0.7606512308120728,0.5131292343139648,0.7428421974182129,2.935531616210937,2.7717742919921875,Fixation,1311.2121322919738,1070.3362272370537,208.0,4.0,True,6,word,snowboard,5.0
768.0,1322.1531677246094,1074.0924453735352,0.4803193509578705,0.7677469253540039,0.5164660811424255,0.7458975315093994,2.9684600830078125,2.804595947265625,Fixation,1311.2121322919738,1070.3362272370537,208.0,4.0,True,6,word,snowboard,5.0
772.0,1324.0179443359375,1071.46559715271,0.4761734902858734,0.7647941708564758,0.5171945095062256,0.7440733313560486,2.9302215576171875,2.793930053710937,Fixation,1311.2121322919738,1070.3362272370537,208.0,4.0,True,6,word,snowboard,5.0
776.0,1314.6366882324219,1077.8197288513184,0.4791949391365051,0.7602469325065613,0.5135299563407898,0.7484859228134155,2.9617919921875,2.794952392578125,Fixation,1311.2121322919738,1070.3362272370537,208.0,4.0,True,6,word,snowboard,5.0
780.0,1317.3298645019531,1074.852819442749,0.474906176328659,0.756862461566925,0.5145819783210754,0.7464255690574646,2.948471069335937,2.7910614013671875,Fixation,1311.2121322919738,1070.3362272370537,208.0,4.0,True,6,word,snowboard,5.0
784.0,1316.2654113769531,1077.1404647827148,0.4793902635574341,0.7621458768844604,0.5141661763191223,0.7480142116546631,2.935546875,2.8127899169921875,Fixation,1311.2121322919738,1070.3362272370537,208.0,4.0,True,6,word,snowboard,5.0
788.0,1316.7193603515625,1075.848798751831,0.484720766544342,0.7658339738845825,0.5143435001373291,0.7471172213554382,2.956024169921875,2.7957000732421875,Fixation,1311.2121322919738,1070.3362272370537,208.0,4.0,True,6,word,snowboard,5.0
792.0,1315.5094909667969,1064.300880432129,0.4873827397823334,0.7599315643310547,0.513870894908905,0.7390978336334229,2.9485626220703125,2.791534423828125,Fixation,1311.2121322919738,1070.3362272370537,208.0,4.0,True,6,word,snowboard,5.0
796.0,1313.7709045410156,1071.6670417785645,0.4896364212036133,0.7673348188400269,0.5131917595863342,0.7442132234573364,2.9582672119140625,2.8007354736328125,Fixation,1311.2121322919738,1070.3362272370537,208.0,4.0,True,6,word,snowboard,5.0
800.0,1303.3467102050781,1076.5206813812256,0.4899271726608276,0.7596253752708435,0.5091198086738586,0.74758380651474,2.9622344970703125,2.801239013671875,Fixation,1311.2121322919738,1070.3362272370537,208.0,4.0,True,6,word,snowboard,5.0
804.0,1308.8238525390625,1072.6807880401611,0.4898432791233063,0.762523353099823,0.5112593173980713,0.7449172139167786,2.942626953125,2.804412841796875,Fixation,1311.2121322919738,1070.3362272370537,208.0,4.0,True,6,word,snowboard,5.0
808.0,1322.9092407226562,1067.5387573242188,0.4911452531814575,0.7627096176147461,0.5167614221572876,0.7413463592529297,2.964096069335937,2.7986602783203125,Fixation,1311.2121322919738,1070.3362272370537,208.0,4.0,True,6,word,snowboard,5.0
812.0,1316.3386535644531,1071.597261428833,0.488324910402298,0.7669234871864319,0.5141947865486145,0.744164764881134,2.951690673828125,2.787750244140625,Fixation,1311.2121322919738,1070.3362272370537,208.0,4.0,True,6,word,snowboard,5.0
816.0,1302.2897338867188,1071.9336318969727,0.492368072271347,0.7681182026863098,0.5087069272994995,0.7443983554840088,2.99224853515625,2.8007049560546875,Fixation,1311.2121322919738,1070.3362272370537,208.0,4.0,True,6,word,snowboard,5.0
820.0,1325.8345031738281,1074.767246246338,0.4908362329006195,0.7615388631820679,0.5179041028022766,0.7463661432266235,2.92828369140625,2.7942657470703125,Fixation,1311.2121322919738,1070.3362272370537,208.0,4.0,True,6,word,snowboard,5.0
824.0,1342.1429443359375,1080.142478942871,0.496797651052475,0.7650716304779053,0.5242745876312256,0.7500989437103271,2.9659576416015625,2.8265533447265625,Fixation,1311.2121322919738,1070.3362272370537,208.0,4.0,True,6,word,snowboard,5.0
828.0,1417.9345703125,1082.0938396453857,0.5167851448059082,0.7597061395645142,0.5538806915283203,0.7514540553092957,2.978179931640625,2.81982421875,Saccade,,,,0.0,False,7,,,
832.0,1459.4944763183594,1080.6356620788574,0.5415290594100952,0.7552531957626343,0.5701150298118591,0.7504414319992065,2.9881591796875,2.844451904296875,Saccade,,,,0.0,False,7,,,
836.0,1511.7915344238281,1080.3325080871582,0.5534197092056274,0.7506288290023804,0.5905435681343079,0.7502309083938599,3.002777099609375,2.825347900390625,Saccade,,,,0.0,False,7,,,
840.0,1542.0541381835938,1087.6710319519043,0.5666369199752808,0.7495459318161011,0.6023648977279663,0.7553271055221558,2.981552124023437,2.8289947509765625,Fixation,1559.037274678548,1093.5441069602966,236.0,5.0,True,8,word,path,8.0
844.0,1555.8554077148438,1092.7999305725098,0.5897577404975891,0.7555432915687561,0.6077560186386108,0.758888840675354,3.000274658203125,2.8272247314453125,Fixation,1559.037274678548,1093.5441069602966,236.0,5.0,True,8,word,path,8.0
848.0,1576.5885925292969,1083.9614295959473,0.5954833626747131,0.7653636336326599,0.6158549189567566,0.7527509927749634,3.053741455078125,2.827301025390625,Fixation,1559.037274678548,1093.5441069602966,236.0,5.0,True,8,word,path,8.0
852.0,1588.0931091308594,1083.733377456665,0.5970451831817627,0.7496172785758972,0.6203488707542419,0.7525926232337952,2.99908447265625,2.810699462890625,Fixation,1559.037274678548,1093.5441069602966,236.0,5.0,True,8,word,path,8.0
856.0,1578.0886840820312,1090.1231288909912,0.5928527116775513,0.7572399377822876,0.6164408922195435,0.7570299506187439,3.02008056640625,2.8367462158203125,Fixation,1559.037274678548,1093.5441069602966,236.0,5.0,True,8,word,path,8.0
860.0,1566.3563537597656,1099.4070053100586,0.5891480445861816,0.7564569711685181,0.6118579506874084,0.763477087020874,3.0397186279296875,2.84149169921875,Fixation,1559.037274678548,1093.5441069602966,236.0,5.0,True,8,word,path,8.0
864.0,1576.4106750488281,1082.4584484100342,0.589769721031189,0.7590378522872925,0.6157854199409485,0.7517072558403015,3.0447235107421875,2.814056396484375,Fixation,1559.037274678548,1093.5441069602966,236.0,5.0,True,8,word,path,8.0
868.0,1574.2684936523438,1083.429365158081,0.5953784584999084,0.7528770565986633,0.6149486303329468,0.7523815035820007,3.03753662109375,2.850570678710937,Fixation,1559.037274678548,1093.5441069602966,236.0,5.0,True,8,word,path,8.0
872.0,1563.0686950683594,1087.1905517578125,0.5941036939620972,0.7508401870727539,0.6105737090110779,0.7549934387207031,3.019927978515625,2.83026123046875,Fixation,1559.037274678548,1093.5441069602966,236.0,5.0,True,8,word,path,8.0
876.0,1568.0029296875,1090.222520828247,0.5972493886947632,0.7633263468742371,0.6125011444091797,0.7570989727973938,3.0475311279296875,2.843841552734375,Fixation,1559.037274678548,1093.5441069602966,236.0,5.0,True,8,word,path,8.0
880.0,1583.3366394042969,1084.1079425811768,0.5961809754371643,0.7646329998970032,0.6184908747673035,0.752852737903595,3.0724334716796875,2.8223114013671875,Fixation,1559.037274678548,1093.5441069602966,236.0,5.0,True,8,word,path,8.0
884.0,1575.7810974121094,1086.8901443481445,0.5948087573051453,0.7447823882102966,0.6155394911766052,0.7547848224639893,2.9949951171875,2.8338775634765625,Fixation,1559.037274678548,1093.5441069602966,236.0,5.0,True,8,word,path,8.0
888.0,1564.2132568359375,1087.0480728149414,0.5944125056266785,0.7418432235717773,0.6110208034515381,0.754894495010376,2.9923553466796875,2.8499908447265625,Fixation,1559.037274678548,1093.5441069602966,236.0,5.0,True,8,word,path,8.0
892.0,1565.9524536132812,1097.3620891571045,0.5962626338005066,0.7517886757850647,0.611700177192688,0.7620570063591003,3.0321044921875,2.849227905273437,Fixation,1559.037274678548,1093.5441069602966,236.0,5.0,True,8,word,path,8.0
896.0,1566.3728332519531,1095.1508331298828,0.594383716583252,0.7617523670196533,0.6118643879890442,0.760521411895752,3.0353546142578125,2.840576171875,Fixation,1559.037274678548,1093.5441069602966,236.0,5.0,True,8,word,path,8.0
900.0,1564.1340637207031,1097.347240447998,0.5949152708053589,0.7558805346488953,0.6109898686408997,0.7620466947555542,3.0365142822265625,2.8618621826171875,Fixation,1559.037274678548,1093.5441069602966,236.0,5.0,True,8,word,path,8.0
904.0,1577.3887634277344,1085.606288909912,0.5923997759819031,0.7577923536300659,0.6161674857139587,0.753893256187439,3.0368194580078125,2.8426971435546875,Fixation,1559.037274678548,1093.5441069602966,236.0,5.0,True,8,word,path,8.0
908.0,1568.6492919921875,1093.2544898986816,0.5993353128433228,0.7604794502258301,0.6127536296844482,0.7592045068740845,3.0731353759765625,2.84051513671875,Fixation,1559.037274678548,1093.5441069602966,236.0,5.0,True,8,word,path,8.0
912.0,1569.9784851074219,1089.2019939422607,0.5968584418296814,0.7547289133071899,0.6132728457450867,0.7563902735710144,3.04290771484375,2.8445587158203125,Fixation,1559.037274678548,1093.5441069602966,236.0,5.0,True,8,word,path,8.0
916.0,1565.9199523925781,1089.8338794708252,0.5965465307235718,0.7559152841567993,0.6116874814033508,0.7568290829658508,3.0581512451171875,2.86773681640625,Fixation,1559.037274678548,1093.5441069602966,236.0,5.0,True,8,word,path,8.0
920.0,1558.6082458496094,1098.8527965545654,0.5942645072937012,0.7631778120994568,0.6088313460350037,0.7630922198295593,3.05377197265625,2.8665313720703125,Fixation,1559.037274678548,1093.5441069602966,236.0,5.0,True,8,word,path,8.0
924.0,1563.7393188476562,1086.0713195800781,0.5961812138557434,0.752387285232544,0.6108356714248657,0.754216194152832,3.018310546875,2.848876953125,Fixation,1559.037274678548,1093.5441069602966,236.0,5.0,True,8,word,path,8.0
928.0,1565.2725219726562,1081.2024021148682,0.5959892272949219,0.7578245997428894,0.6114345788955688,0.7508350014686584,3.058502197265625,2.84149169921875,Fixation,1559.037274678548,1093.5441069602966,236.0,5.0,True,8,word,path,8.0
932.0,1562.5730895996094,1088.5039329528809,0.5973267555236816,0.7480537295341492,0.6103801131248474,0.7559055089950562,3.0420379638671875,2.863494873046875,Fixation,1559.037274678548,1093.5441069602966,236.0,5.0,True,8,word,path,8.0
936.0,1567.3626708984375,1093.2425594329834,0.5953668355941772,0.7496668100357056,0.6122510433197021,0.7591962218284607,3.051239013671875,2.852020263671875,Fixation,1559.037274678548,1093.5441069602966,236.0,5.0,True,8,word,path,8.0
940.0,1564.9974060058594,1096.0043334960938,0.5977489948272705,0.7501433491706848,0.6113271117210388,0.7611141204833984,3.0438690185546875,2.87847900390625,Fixation,1559.037274678548,1093.5441069602966,236.0,5.0,True,8,word,path,8.0
944.0,1563.3810424804688,1089.3613815307617,0.5934535264968872,0.7554547786712646,0.6106957197189331,0.7565009593963623,3.0696563720703125,2.8654022216796875,Fixation,1559.037274678548,1093.5441069602966,236.0,5.0,True,8,word,path,8.0
948.0,1567.7212524414062,1088.563585281372,0.593081533908844,0.7562296986579895,0.6123911142349243,0.755946934223175,3.0374755859375,2.877685546875,Fixation,1559.037274678548,1093.5441069602966,236.0,5.0,True,8,word,path,8.0
952.0,1571.8733215332031,1085.3518867492676,0.5940383672714233,0.7540702819824219,0.6140130162239075,0.7537165880203247,3.0601043701171875,2.8864288330078125,Fixation,1559.037274678548,1093.5441069602966,236.0,5.0,True,8,word,path,8.0
956.0,1562.0034790039062,1079.6601963043213,0.5925409197807312,0.75263512134552,0.6101576089859009,0.7497640252113342,3.045761108398437,2.8663787841796875,Fixation,1559.037274678548,1093.5441069602966,236.0,5.0,True,8,word,path,8.0
960.0,1571.6642761230469,1102.9211711883545,0.5965661406517029,0.7483526468276978,0.6139313578605652,0.7659174799919128,3.0516357421875,2.893768310546875,Fixation,1559.037274678548,1093.5441069602966,236.0,5.0,True,8,word,path,8.0
964.0,1568.6967468261719,1093.6606407165527,0.5917620658874512,0.7618179321289062,0.6127721667289734,0.7594865560531616,3.076416015625,2.8719024658203125,Fixation,1559.037274678548,1093.5441069602966,236.0,5.0,True,8,word,path,8.0
968.0,1567.8463745117188,1089.537763595581,0.5969030261039734,0.7592735290527344,0.6124399900436401,0.7566234469413757,3.0601806640625,2.8984527587890625,Fixation,1559.037274678548,1093.5441069602966,236.0,5.0,True,8,word,path,8.0
972.0,1564.300537109375,1097.8115844726562,0.5941080451011658,0.7641131281852722,0.6110548973083496,0.7623691558837891,3.059310913085937,2.892684936523437,Fixation,1559.037274678548,1093.5441069602966,236.0,5.0,True,8,word,path,8.0
976.0,1560.5284118652344,1096.5884113311768,0.5950811505317688,0.7625223398208618,0.6095814108848572,0.761519730091095,3.082427978515625,2.8888397216796875,Fixation,1559.037274678548,1093.5441069602966,236.0,5.0,True,8,word,path,8.0
980.0,1569.5103454589844,1095.4478073120117,0.5999894738197327,0.7604961395263672,0.6130899786949158,0.7607276439666748,3.07843017578125,2.890121459960937,Fixation,1559.037274678548,1093.5441069602966,236.0,5.0,True,8,word,path,8.0
984.0,1561.8850708007812,1097.5879955291748,0.5999984741210938,0.7585694193840027,0.6101113557815552,0.7622138857841492,3.0821075439453125,2.908477783203125,Fixation,1559.037274678548,1093.5441069602966,236.0,5.0,True,8,word,path,8.0
988.0,1568.9912414550781,1091.5122985839844,0.5900816917419434,0.7546037435531616,0.6128872036933899,0.7579946517944336,3.071441650390625,2.8848419189453125,Fixation,1559.037274678548,1093.5441069602966,236.0,5.0,True,8,word,path,8.0
992.0,1566.7800903320312,1090.1469039916992,0.5996917486190796,0.7553528547286987,0.6120234727859497,0.7570464611053467,3.0585174560546875,2.900497436523437,Fixation,1559.037274678548,1093.5441069602966,236.0,5.0,True,8,word,path,8.0
996.0,1561.0903930664062,1095.4645442962646,0.5951823592185974,0.7636502981185913,0.6098009347915649,0.760739266872406,3.0971832275390625,2.89697265625,Fixation,1559.037274678548,1093.5441069602966,236.0,5.0,True,8,word,path,8.0
1000.0,1572.31689453125,1088.0960655212402,0.5997570157051086,0.7608896493911743,0.6141862869262695,0.7556222677230835,3.081146240234375,2.8817138671875,Fixation,1559.037274678548,1093.5441069602966,236.0,5.0,True,8,word,path,8.0
1004.0,1572.2325134277344,1092.0850467681885,0.5972857475280762,0.7611589431762695,0.6141533255577087,0.7583923935890198,3.0966949462890625,2.911529541015625,Fixation,1559.037274678548,1093.5441069602966,236.0,5.0,True,8,word,path,8.0
1008.0,1567.68310546875,1092.5223541259766,0.5970650911331177,0.7705713510513306,0.6123762130737305,0.7586960792541504,3.096282958984375,2.899444580078125,Fixation,1559.037274678548,1093.5441069602966,236.0,5.0,True,8,word,path,8.0
1012.0,1567.1286010742188,1100.756778717041,0.5994897484779358,0.7654512524604797,0.6121596097946167,0.7644144296646118,3.079559326171875,2.9181671142578125,Fixation,1559.037274678548,1093.5441069602966,236.0,5.0,True,8,word,path,8.0
1016.0,1571.9984436035156,1092.7807903289795,0.5988017320632935,0.7631660103797913,0.6140618920326233,0.7588755488395691,3.068222045898437,2.9122772216796875,Fixation,1559.037274678548,1093.5441069602966,236.0,5.0,True,8,word,path,8.0
1020.0,1571.0591125488281,1091.1531829833984,0.595857560634613,0.762224555015564,0.613694965839386,0.7577452659606934,3.085174560546875,2.91143798828125,Fixation,1559.037274678548,1093.5441069602966,236.0,5.0,True,8,word,path,8.0
1024.0,1578.2926940917969,1100.1282405853271,0.6017642617225647,0.7668677568435669,0.6165205836296082,0.7639779448509216,3.1123199462890625,2.9174957275390625,Fixation,1559.037274678548,1093.5441069602966,236.0,5.0,True,8,word,path,8.0
1028.0,1571.6246032714844,1092.3809051513672,0.6007748246192932,0.7750731706619263,0.6139158606529236,0.7585978507995605,3.0990447998046875,2.9284820556640625,Fixation,1559.037274678548,1093.5441069602966,236.0,5.0,True,8,word,path,8.0
1032.0,1574.7782897949219,1101.3656616210938,0.5975344181060791,0.7722300291061401,0.6151477694511414,0.7648372650146484,3.1199951171875,2.935516357421875,Fixation,1559.037274678548,1093.5441069602966,236.0,5.0,True,8,word,path,8.0
1036.0,1573.2957458496094,1100.8959102630615,0.5866092443466187,0.7687407732009888,0.6145686507225037,0.7645110487937927,3.1046905517578125,2.943267822265625,Fixation,1559.037274678548,1093.5441069602966,236.0,5.0,True,8,word,path,8.0
1040.0,1547.0498657226562,1097.1527481079102,0.5776711702346802,0.7659748196601868,0.6043163537979126,0.7619116306304932,3.079574584960937,2.924285888671875,Fixation,1559.037274678548,1093.5441069602966,236.0,5.0,True,8,word,path,8.0
1044.0,1513.2621765136719,1101.8441677093506,0.5664225220680237,0.7607858180999756,0.5911180377006531,0.7651695609092712,3.08892822265625,2.9232940673828125,Fixation,1559.037274678548,1093.5441069602966,236.0,5.0,True,8,word,path,8.0
1048.0,1496.7062377929688,1108.3030986785889,0.5600911974906921,0.7683663368225098,0.5846508741378784,0.7696549296379089,3.092681884765625,2.941680908203125,Fixation,1559.037274678548,1093.5441069602966,236.0,5.0,True,8,word,path,8.0
1052.0,1500.2963256835938,1106.5402221679688,0.56314617395401,0.766873300075531,0.5860532522201538,0.7684307098388672,3.091781616210937,2.9341583251953125,Fixation,1559.037274678548,1093.5441069602966,236.0,5.0,True,8,word,path,8.0
1056.0,1511.6230773925781,1102.542142868042,0.5625511407852173,0.7646955251693726,0.5904777646064758,0.7656542658805847,3.066757202148437,2.93267822265625,Fixation,1559.037274678548,1093.5441069602966,236.0,5.0,True,8,word,path,8.0
1060.0,1512.430419921875,1103.1231307983398,0.5716059803962708,0.7632810473442078,0.5907931327819824,0.7660577297210693,3.0721893310546875,2.9462890625,Fixation,1559.037274678548,1093.5441069602966,236.0,5.0,True,8,word,path,8.0
1064.0,1511.8475341796875,1095.9861373901367,0.5673558115959167,0.7690669894218445,0.5905654430389404,0.761101484298706,3.1163330078125,2.9404296875,Fixation,1559.037274678548,1093.5441069602966,236.0,5.0,True,8,word,path,8.0
1068.0,1506.7510986328125,1105.389575958252,0.5667439103126526,0.7623827457427979,0.5885746479034424,0.7676316499710083,3.0965576171875,2.9362030029296875,Fixation,1559.037274678548,1093.5441069602966,236.0,5.0,True,8,word,path,8.0
1072.0,1505.576171875,1110.0368785858154,0.5696999430656433,0.762422502040863,0.5881156921386719,0.7708589434623718,3.0900421142578125,2.949920654296875,Fixation,1559.037274678548,1093.5441069602966,236.0,5.0,True,8,word,path,8.0
1076.0,1516.9438171386719,1105.2700996398926,0.5638213157653809,0.7653065919876099,0.5925561785697937,0.767548680305481,3.090240478515625,2.9592742919921875,Fixation,1559.037274678548,1093.5441069602966,236.0,5.0,True,8,word,path,8.0
1080.0,1510.1048278808594,1114.4830799102783,0.5635736584663391,0.772152841091156,0.5898846983909607,0.7739465832710266,3.106597900390625,2.970489501953125,Fixation,1506.4863909553078,1108.653476715088,336.0,6.0,True,9,word,a,7.0
1084.0,1513.2600402832031,1102.1271514892578,0.5687798261642456,0.7610121965408325,0.5911172032356262,0.7653660774230957,3.109405517578125,2.9520263671875,Fixation,1506.4863909553078,1108.653476715088,336.0,6.0,True,9,word,a,7.0
1088.0,1535.467529296875,1106.0017204284668,0.5698415040969849,0.7762603163719177,0.5997920036315918,0.7680567502975464,3.15789794921875,2.9364166259765625,Fixation,1506.4863909553078,1108.653476715088,336.0,6.0,True,9,word,a,7.0
1092.0,1520.8399963378906,1103.4461116790771,0.5715658068656921,0.7683141231536865,0.5940781235694885,0.7662820219993591,3.105194091796875,2.9623260498046875,Fixation,1506.4863909553078,1108.653476715088,336.0,6.0,True,9,word,a,7.0
1096.0,1528.2521057128906,1096.984519958496,0.5671530961990356,0.767748236656189,0.5969734787940979,0.7617948055267334,3.1278228759765625,2.9505767822265625,Fixation,1506.4863909553078,1108.653476715088,336.0,6.0,True,9,word,a,7.0
1100.0,1518.1396484375,1103.3136749267578,0.567640483379364,0.7670024037361145,0.5930233001708984,0.7661900520324707,3.095977783203125,2.9777069091796875,Fixation,1506.4863909553078,1108.653476715088,336.0,6.0,True,9,word,a,7.0
1104.0,1523.9495849609375,1108.6149215698242,0.5700277090072632,0.758831262588501,0.5952928066253662,0.7698714733123779,3.0966796875,2.973236083984375,Fixation,1506.4863909553078,1108.653476715088,336.0,6.0,True,9,word,a,7.0
1108.0,1532.4932861328125,1106.2187004089355,0.569826602935791,0.7608572840690613,0.5986301898956299,0.7682074308395386,3.122055053710937,2.961456298828125,Fixation,1506.4863909553078,1108.653476715088,336.0,6.0,True,9,word,a,7.0
1112.0,1519.3760681152344,1111.1404037475586,0.5711471438407898,0.7588825225830078,0.5935062766075134,0.771625280380249,3.1000518798828125,2.9729156494140625,Fixation,1506.4863909553078,1108.653476715088,336.0,6.0,True,9,word,a,7.0
1116.0,1524.2597961425781,1106.4793682098389,0.5689380168914795,0.7606883645057678,0.5954139828681946,0.7683884501457214,3.11822509765625,2.9621124267578125,Fixation,1506.4863909553078,1108.653476715088,336.0,6.0,True,9,word,a,7.0
1120.0,1528.5693359375,1114.8115539550781,0.5711634159088135,0.7691928148269653,0.5970973968505859,0.774174690246582,3.1353759765625,2.9672393798828125,Fixation,1506.4863909553078,1108.653476715088,336.0,6.0,True,9,word,a,7.0
1124.0,1521.7404174804688,1103.8249683380127,0.5709795355796814,0.7594618797302246,0.5944298505783081,0.7665451169013977,3.081024169921875,2.9698486328125,Fixation,1506.4863909553078,1108.653476715088,336.0,6.0,True,9,word,a,7.0
1128.0,1513.3036804199219,1105.6987380981445,0.569259524345398,0.751124382019043,0.591134250164032,0.7678463459014893,3.0910186767578125,2.9805450439453125,Fixation,1506.4863909553078,1108.653476715088,336.0,6.0,True,9,word,a,7.0
1132.0,1520.05615234375,1105.5589199066162,0.5685873627662659,0.7603914141654968,0.5937719345092773,0.7677492499351501,3.096832275390625,2.9596710205078125,Fixation,1506.4863909553078,1108.653476715088,336.0,6.0,True,9,word,a,7.0
1136.0,1527.6417541503906,1098.229579925537,0.5668455958366394,0.7614036798477173,0.5967350602149963,0.7626594305038452,3.108016967773437,2.9543914794921875,Fixation,1506.4863909553078,1108.653476715088,336.0,6.0,True,9,word,a,7.0
1140.0,1517.6173400878906,1111.2476921081543,0.564900279045105,0.7619744539260864,0.5928192734718323,0.7716997861862183,3.1065826416015625,2.9516754150390625,Fixation,1506.4863909553078,1108.653476715088,336.0,6.0,True,9,word,a,7.0
1144.0,1522.1734619140625,1112.5552368164062,0.5643815398216248,0.7582916617393494,0.5945990085601807,0.7726078033447266,3.1071014404296875,2.972885131835937,Fixation,1506.4863909553078,1108.653476715088,336.0,6.0,True,9,word,a,7.0
1148.0,1514.227294921875,1103.3660316467285,0.5665274858474731,0.7596986889839172,0.5914950370788574,0.7662264108657837,3.1179962158203125,2.98529052734375,Fixation,1506.4863909553078,1108.653476715088,336.0,6.0,True,9,word,a,7.0
1152.0,1504.6116638183594,1101.8356704711914,0.5682780146598816,0.7683171629905701,0.5877389311790466,0.7651636600494385,3.141021728515625,2.994613647460937,Fixation,1506.4863909553078,1108.653476715088,336.0,6.0,True,9,word,a,7.0
1156.0,1507.1112060546875,1110.09859085083,0.5720141530036926,0.7596262097358704,0.5887153148651123,0.7709017992019653,3.1235504150390625,2.9967193603515625,Fixation,1506.4863909553078,1108.653476715088,336.0,6.0,True,9,word,a,7.0
1160.0,1505.55419921875,1109.370403289795,0.5634945034980774,0.7571380138397217,0.5881071090698242,0.7703961133956909,3.1109619140625,2.9863739013671875,Fixation,1506.4863909553078,1108.653476715088,336.0,6.0,True,9,word,a,7.0
1164.0,1504.9031066894531,1112.2813510894775,0.564116358757019,0.7620689272880554,0.5878527760505676,0.7724176049232483,3.12506103515625,2.986846923828125,Fixation,1506.4863909553078,1108.653476715088,336.0,6.0,True,9,word,a,7.0
1168.0,1499.43603515625,1107.3843669891357,0.5627570748329163,0.7605412006378174,0.5857172012329102,0.7690169215202332,3.128875732421875,3.0088348388671875,Fixation,1506.4863909553078,1108.653476715088,336.0,6.0,True,9,word,a,7.0
1172.0,1509.62646484375,1107.7092361450195,0.5638055801391602,0.7573309540748596,0.5896978378295898,0.769242525100708,3.1207733154296875,2.9846343994140625,Fixation,1506.4863909553078,1108.653476715088,336.0,6.0,True,9,word,a,7.0
1176.0,1499.0458679199219,1113.8001251220703,0.5630655884742737,0.7607225179672241,0.5855647921562195,0.7734723091125488,3.13629150390625,2.99224853515625,Fixation,1506.4863909553078,1108.653476715088,336.0,6.0,True,9,word,a,7.0
1180.0,1504.9601745605469,1109.1241550445557,0.5654659271240234,0.7556144595146179,0.5878750681877136,0.7702251076698303,3.12322998046875,2.98828125,Fixation,1506.4863909553078,1108.653476715088,336.0,6.0,True,9,word,a,7.0
1184.0,1491.0809326171875,1109.838523864746,0.569800853729248,0.7678139805793762,0.5824534893035889,0.7707211971282959,3.1526641845703125,3.0109405517578125,Fixation,1506.4863909553078,1108.653476715088,336.0,6.0,True,9,word,a,7.0
1188.0,1498.97216796875,1111.0298538208008,0.5658103227615356,0.7569134831428528,0.585536003112793,0.7715485095977783,3.102035522460937,3.0055389404296875,Fixation,1506.4863909553078,1108.653476715088,336.0,6.0,True,9,word,a,7.0
1192.0,1498.1765747070312,1106.8772792816162,0.5688865780830383,0.7644330263137817,0.5852252244949341,0.7686647772789001,3.1207275390625,2.9933319091796875,Fixation,1506.4863909553078,1108.653476715088,336.0,6.0,True,9,word,a,7.0
1196.0,1499.7657775878906,1107.8477668762207,0.5641639232635498,0.7598296403884888,0.5858460068702698,0.7693387269973755,3.133209228515625,3.014633178710937,Fixation,1506.4863909553078,1108.653476715088,336.0,6.0,True,9,word,a,7.0
1200.0,1502.5685119628906,1111.0045337677002,0.5620421767234802,0.761195957660675,0.5869408249855042,0.7715309262275696,3.13623046875,2.997650146484375,Fixation,1506.4863909553078,1108.653476715088,336.0,6.0,True,9,word,a,7.0
1204.0,1495.7725524902344,1111.6123008728027,0.5639125108718872,0.7646082639694214,0.5842861533164978,0.7719529867172241,3.1261444091796875,3.009246826171875,Fixation,1506.4863909553078,1108.653476715088,336.0,6.0,True,9,word,a,7.0
1208.0,1501.8019104003906,1116.9035911560059,0.5635510087013245,0.7579718828201294,0.5866413712501526,0.7756274938583374,3.113143920898437,3.0109100341796875,Fixation,1506.4863909553078,1108.653476715088,336.0,6.0,True,9,word,a,7.0
1212.0,1496.722412109375,1106.1819648742676,0.5637245774269104,0.7626903653144836,0.5846571922302246,0.7681819200515747,3.136932373046875,3.014068603515625,Fixation,1506.4863909553078,1108.653476715088,336.0,6.0,True,9,word,a,7.0
1216.0,1504.6240234375,1097.3003768920898,0.5637161731719971,0.7648186683654785,0.5877437591552734,0.7620141506195068,3.144439697265625,2.989288330078125,Fixation,1506.4863909553078,1108.653476715088,336.0,6.0,True,9,word,a,7.0
1220.0,1499.7079467773438,1100.9040641784668,0.5635701417922974,0.7649903297424316,0.5858234167098999,0.7645167112350464,3.1250152587890625,3.00079345703125,Fixation,1506.4863909553078,1108.653476715088,336.0,6.0,True,9,word,a,7.0
1224.0,1495.3532409667969,1106.233720779419,0.5604326128959656,0.7678372859954834,0.584122359752655,0.7682178616523743,3.1376953125,3.007110595703125,Fixation,1506.4863909553078,1108.653476715088,336.0,6.0,True,9,word,a,7.0
1228.0,1505.0726318359375,1107.9568576812744,0.5694519877433777,0.7611150741577148,0.5879189968109131,0.769414484500885,3.122055053710937,3.006103515625,Fixation,1506.4863909553078,1108.653476715088,336.0,6.0,True,9,word,a,7.0
1232.0,1506.8743896484375,1103.1909370422363,0.565684974193573,0.7702692747116089,0.5886228084564209,0.7661048173904419,3.150299072265625,2.992904663085937,Fixation,1506.4863909553078,1108.653476715088,336.0,6.0,True,9,word,a,7.0
1236.0,1508.1108093261719,1106.4486408233643,0.5658886432647705,0.7634902596473694,0.5891057848930359,0.7683671116828918,3.127532958984375,3.01165771484375,Fixation,1506.4863909553078,1108.653476715088,336.0,6.0,True,9,word,a,7.0
1240.0,1490.1690673828125,1103.4873962402344,0.5677466988563538,0.7656896710395813,0.5820972919464111,0.7663106918334961,3.1399688720703125,3.014068603515625,Fixation,1506.4863909553078,1108.653476715088,336.0,6.0,True,9,word,a,7.0
1244.0,1499.1392517089844,1113.389253616333,0.5641361474990845,0.7719689607620239,0.585601270198822,0.773186981678009,3.164291381835937,3.017318725585937,Fixation,1506.4863909553078,1108.653476715088,336.0,6.0,True,9,word,a,7.0
1248.0,1508.8345336914062,1110.1511192321777,0.5672786831855774,0.7731170654296875,0.5893884897232056,0.7709382772445679,3.1630096435546875,3.017318725585937,Fixation,1506.4863909553078,1108.653476715088,336.0,6.0,True,9,word,a,7.0
1252.0,1502.5215148925781,1105.634536743164,0.5655982494354248,0.7709617018699646,0.5869224667549133,0.7678017616271973,3.1594696044921875,3.012557983398437,Fixation,1506.4863909553078,1108.653476715088,336.0,6.0,True,9,word,a,7.0
1256.0,1495.8135986328125,1099.7963333129883,0.5647581219673157,0.7758100032806396,0.5843021869659424,0.7637474536895752,3.1541748046875,3.0184478759765625,Fixation,1506.4863909553078,1108.653476715088,336.0,6.0,True,9,word,a,7.0
1260.0,1500.4194641113281,1104.3043327331543,0.5683003067970276,0.7738176584243774,0.5861013531684875,0.7668780088424683,3.153167724609375,3.0166778564453125,Fixation,1506.4863909553078,1108.653476715088,336.0,6.0,True,9,word,a,7.0
1264.0,1502.4702453613281,1104.9521827697754,0.5655288100242615,0.7654994130134583,0.5869024395942688,0.7673279047012329,3.1527099609375,3.01275634765625,Fixation,1506.4863909553078,1108.653476715088,336.0,6.0,True,9,word,a,7.0
1268.0,1496.3719177246094,1091.5695476531982,0.5695953369140625,0.7715023756027222,0.5845202803611755,0.7580344080924988,3.1687469482421875,3.019378662109375,Fixation,1506.4863909553078,1108.653476715088,336.0,6.0,True,9,word,a,7.0
1272.0,1498.5688781738281,1102.6697731018066,0.5683454275131226,0.7794164419174194,0.5853784680366516,0.7657428979873657,3.1837921142578125,3.030181884765625,Fixation,1506.4863909553078,1108.653476715088,336.0,6.0,True,9,word,a,7.0
1276.0,1491.72607421875,1102.3495388031006,0.56350177526474,0.761397659778595,0.5827054977416992,0.7655205130577087,3.157562255859375,3.03009033203125,Fixation,1506.4863909553078,1108.653476715088,336.0,6.0,True,9,word,a,7.0
1280.0,1500.7905578613281,1108.3570003509521,0.5633431077003479,0.7626794576644897,0.5862463116645813,0.7696923613548279,3.1645660400390625,3.0376129150390625,Fixation,1506.4863909553078,1108.653476715088,336.0,6.0,True,9,word,a,7.0
1284.0,1494.8124694824219,1103.8030815124512,0.5682784914970398,0.7594021558761597,0.583911120891571,0.76652991771698,3.159271240234375,3.0241241455078125,Fixation,1506.4863909553078,1108.653476715088,336.0,6.0,True,9,word,a,7.0
1288.0,1484.7334289550781,1110.6957149505615,0.5699265599250793,0.7646989822387695,0.5799739956855774,0.7713164687156677,3.1513214111328125,3.0453643798828125,Fixation,1506.4863909553078,1108.653476715088,336.0,6.0,True,9,word,a,7.0
1292.0,1488.8407897949219,1100.7124042510986,0.5713363289833069,0.7679154276847839,0.5815784335136414,0.7643836140632629,3.1759490966796875,3.017242431640625,Fixation,1506.4863909553078,1108.653476715088,336.0,6.0,True,9,word,a,7.0
1296.0,1490.5380249023438,1117.5905799865723,0.5698343515396118,0.767882764339447,0.582241415977478,0.7761045694351196,3.199493408203125,3.02777099609375,Fixation,1506.4863909553078,1108.653476715088,336.0,6.0,True,9,word,a,7.0
1300.0,1503.6799621582031,1104.5468044281006,0.5744408369064331,0.7731174826622009,0.5873749852180481,0.7670463919639587,3.205291748046875,3.0189971923828125,Fixation,1506.4863909553078,1108.653476715088,336.0,6.0,True,9,word,a,7.0
1304.0,1487.318115234375,1101.7555046081543,0.5665163397789001,0.7686358690261841,0.5809836387634277,0.7651079893112183,3.1816864013671875,3.0401611328125,Fixation,1506.4863909553078,1108.653476715088,336.0,6.0,True,9,word,a,7.0
1308.0,1483.5954284667969,1109.9694156646729,0.5630330443382263,0.7658653855323792,0.5795294642448425,0.7708120942115784,3.1604461669921875,3.047027587890625,Fixation,1506.4863909553078,1108.653476715088,336.0,6.0,True,9,word,a,7.0
1312.0,1495.5043029785156,1115.330057144165,0.5695819854736328,0.7664390206336975,0.5841813683509827,0.7745347619056702,3.177520751953125,3.045074462890625,Fixation,1506.4863909553078,1108.653476715088,336.0,6.0,True,9,word,a,7.0
1316.0,1496.2759399414062,1113.176736831665,0.5654143691062927,0.7651826739311218,0.5844827890396118,0.7730394005775452,3.182846069335937,3.041122436523437,Fixation,1506.4863909553078,1108.653476715088,336.0,6.0,True,9,word,a,7.0
1320.0,1496.097412109375,1116.7255783081055,0.5689085721969604,0.7684289216995239,0.5844130516052246,0.7755038738250732,3.2034912109375,3.0157012939453125,Fixation,1506.4863909553078,1108.653476715088,336.0,6.0,True,9,word,a,7.0
1324.0,1494.3991088867188,1103.4874820709229,0.5629995465278625,0.7611107230186462,0.5837496519088745,0.7663107514381409,3.1815643310546875,3.0288848876953125,Fixation,1506.4863909553078,1108.653476715088,336.0,6.0,True,9,word,a,7.0
1328.0,1486.4942932128906,1110.5609607696533,0.5606728196144104,0.7563438415527344,0.5806618332862854,0.7712228894233704,3.180633544921875,3.0406646728515625,Fixation,1506.4863909553078,1108.653476715088,336.0,6.0,True,9,word,a,7.0
1332.0,1496.6313171386719,1108.5986995697021,0.5619546175003052,0.7598718404769897,0.5846216082572937,0.7698602080345154,3.1616973876953125,3.0382537841796875,Fixation,1506.4863909553078,1108.653476715088,336.0,6.0,True,9,word,a,7.0
1336.0,1496.7303466796875,1112.906198501587,0.5639631152153015,0.7559002637863159,0.5846602916717529,0.7728515267372131,3.1502227783203125,3.03173828125,Fixation,1506.4863909553078,1108.653476715088,336.0,6.0,True,9,word,a,7.0
1340.0,1502.7720642089844,1110.036792755127,0.5655754208564758,0.7617993354797363,0.5870203375816345,0.770858883857727,3.1930084228515625,3.04534912109375,Fixation,1506.4863909553078,1108.653476715088,336.0,6.0,True,9,word,a,7.0
1344.0,1496.142578125,1112.1405029296875,0.5697481632232666,0.7702215313911438,0.5844306945800781,0.7723197937011719,3.2058868408203125,3.054840087890625,Fixation,1506.4863909553078,1108.653476715088,336.0,6.0,True,9,word,a,7.0
1348.0,1497.388916015625,1111.2484645843506,0.5728161334991455,0.7576866149902344,0.5849175453186035,0.7717003226280212,3.198104858398437,3.0486297607421875,Fixation,1506.4863909553078,1108.653476715088,336.0,6.0,True,9,word,a,7.0
1352.0,1510.47119140625,1112.0477199554443,0.5613335967063904,0.7603324055671692,0.5900278091430664,0.7722553610801697,3.190399169921875,3.052719116210937,Fixation,1506.4863909553078,1108.653476715088,336.0,6.0,True,9,word,a,7.0
1356.0,1509.5681762695312,1108.2266235351562,0.5631586313247681,0.7580115795135498,0.5896750688552856,0.7696018218994141,3.1965484619140625,3.0386962890625,Fixation,1506.4863909553078,1108.653476715088,336.0,6.0,True,9,word,a,7.0
1360.0,1500.2445983886719,1111.8697929382324,0.5702199339866638,0.7591240406036377,0.586033046245575,0.7721318006515503,3.165267944335937,3.04290771484375,Fixation,1506.4863909553078,1108.653476715088,336.0,6.0,True,9,word,a,7.0
1364.0,1502.5637817382812,1110.7224941253662,0.5696187019348145,0.7660447359085083,0.5869389772415161,0.7713350653648376,3.220794677734375,3.060775756835937,Fixation,1506.4863909553078,1108.653476715088,336.0,6.0,True,9,word,a,7.0
1368.0,1502.0892333984375,1111.7812156677246,0.5656394362449646,0.7644153833389282,0.5867536067962646,0.7720702886581421,3.19818115234375,3.06805419921875,Fixation,1506.4863909553078,1108.653476715088,336.0,6.0,True,9,word,a,7.0
1372.0,1510.2833557128906,1112.6875019073486,0.56700199842453,0.7591245770454407,0.5899544358253479,0.7726996541023254,3.1981658935546875,3.05328369140625,Fixation,1506.4863909553078,1108.653476715088,336.0,6.0,True,9,word,a,7.0
1376.0,1505.8331298828125,1117.219705581665,0.568625807762146,0.7653871774673462,0.5882160663604736,0.7758470177650452,3.198959350585937,3.0748748779296875,Fixation,1506.4863909553078,1108.653476715088,336.0,6.0,True,9,word,a,7.0
1380.0,1511.8533325195312,1114.143533706665,0.5652682781219482,0.7688180208206177,0.5905677080154419,0.7737107872962952,3.195892333984375,3.0624237060546875,Fixation,1506.4863909553078,1108.653476715088,336.0,6.0,True,9,word,a,7.0
1384.0,1516.5695190429688,1114.3020629882812,0.5715611577033997,0.760988712310791,0.5924099683761597,0.7738208770751953,3.207794189453125,3.074554443359375,Fixation,1506.4863909553078,1108.653476715088,336.0,6.0,True,9,word,a,7.0
1388.0,1512.0326232910156,1114.81369972229,0.5615352988243103,0.7658033967018127,0.590637743473053,0.7741761803627014,3.20098876953125,3.068115234375,Fixation,1506.4863909553078,1108.653476715088,336.0,6.0,True,9,word,a,7.0
1392.0,1517.5761413574219,1108.5958671569824,0.5720162987709045,0.7654410600662231,0.5928031802177429,0.7698582410812378,3.1884307861328125,3.055160522460937,Fixation,1506.4863909553078,1108.653476715088,336.0,6.0,True,9,word,a,7.0
1396.0,1520.1547241210938,1117.3929977416992,0.5738195180892944,0.7680516242980957,0.5938104391098022,0.7759673595428467,3.213134765625,3.075042724609375,Fixation,1506.4863909553078,1108.653476715088,336.0,6.0,True,9,word,a,7.0
1400.0,1520.1106262207031,1114.8523235321045,0.5682587027549744,0.7679070234298706,0.5937932133674622,0.7742030024528503,3.214218139648437,3.06494140625,Fixation,1506.4863909553078,1108.653476715088,336.0,6.0,True,9,word,a,7.0
1404.0,1517.7992248535156,1116.6092777252197,0.5695033669471741,0.7697641253471375,0.5928903222084045,0.7754231095314026,3.184066772460937,3.084625244140625,Fixation,1506.4863909553078,1108.653476715088,336.0,6.0,True,9,word,a,7.0
1408.0,1517.4639892578125,1118.7702369689941,0.5662381052970886,0.7714080214500427,0.592759370803833,0.7769237756729126,3.22015380859375,3.08306884765625,Fixation,1506.4863909553078,1108.653476715088,336.0,6.0,True,9,word,a,7.0
1412.0,1518.9541625976562,1116.2047576904297,0.5738494396209717,0.7693117260932922,0.5933414697647095,0.7751421928405762,3.215316772460937,3.099456787109375,Fixation,1506.4863909553078,1108.653476715088,336.0,6.0,True,9,word,a,7.0
1416.0,1547.6708984375,1116.3230323791504,0.5914401412010193,0.770584762096405,0.6045589447021484,0.7752243280410767,3.2203521728515625,3.09356689453125,Fixation,1506.4863909553078,1108.653476715088,336.0,6.0,True,9,word,a,7.0
1420.0,1592.3426818847656,1121.8126773834229,0.6041609048843384,0.7681716680526733,0.6220088601112366,0.7790365815162659,3.2161102294921875,3.095703125,Fixation,1649.6086490515506,1114.6807583895597,128.0,7.0,True,10,word,path,8.0
1424.0,1632.9801940917969,1105.4694843292236,0.6155145764350891,0.7714636325836182,0.6378828883171082,0.7676871418952942,3.244537353515625,3.1031951904296875,Fixation,1649.6086490515506,1114.6807583895597,128.0,7.0,True,10,word,path,8.0
1428.0,1672.8309631347656,1100.8762550354004,0.6240662336349487,0.7769307494163513,0.6534495949745178,0.7644973993301392,3.236434936523437,3.078842163085937,Fixation,1649.6086490515506,1114.6807583895597,128.0,7.0,True,10,word,path,8.0
1432.0,1664.6482849121094,1108.317174911499,0.6332484483718872,0.7739931344985962,0.6502532362937927,0.7696647047996521,3.271270751953125,3.0944976806640625,Fixation,1649.6086490515506,1114.6807583895597,128.0,7.0,True,10,word,path,8.0
1436.0,1676.30859375,1104.4514465332031,0.6413419842720032,0.7717265486717224,0.6548080444335938,0.7669801712036133,3.268905639648437,3.0878448486328125,Fixation,1649.6086490515506,1114.6807583895597,128.0,7.0,True,10,word,path,8.0
1440.0,1663.5331726074219,1111.1802291870117,0.6355450749397278,0.767211377620697,0.6498176455497742,0.7716529369354248,3.2529296875,3.0964813232421875,Fixation,1649.6086490515506,1114.6807583895597,128.0,7.0,True,10,word,path,8.0
1444.0,1659.8133850097656,1104.5004558563232,0.6295737624168396,0.7670021057128906,0.6483646035194397,0.76701420545578,3.2674102783203125,3.0933380126953125,Fixation,1649.6086490515506,1114.6807583895597,128.0,7.0,True,10,word,path,8.0
1448.0,1656.8211364746094,1114.4202518463135,0.6304620504379272,0.7721162438392639,0.6471957564353943,0.773902952671051,3.25665283203125,3.095245361328125,Fixation,1649.6086490515506,1114.6807583895597,128.0,7.0,True,10,word,path,8.0
1452.0,1651.2913513183594,1123.284330368042,0.6237452626228333,0.7682743072509766,0.6450356841087341,0.7800585627555847,3.2618865966796875,3.1278228759765625,Fixation,1649.6086490515506,1114.6807583895597,128.0,7.0,True,10,word,path,8.0
1456.0,1670.3152465820312,1114.0256023406982,0.6262802481651306,0.7665400505065918,0.652466893196106,0.7736288905143738,3.252548217773437,3.09844970703125,Fixation,1649.6086490515506,1114.6807583895597,128.0,7.0,True,10,word,path,8.0
1460.0,1661.1878967285156,1113.116226196289,0.6290162801742554,0.7620729804039001,0.6489015221595764,0.7729973793029785,3.253662109375,3.0966339111328125,Fixation,1649.6086490515506,1114.6807583895597,128.0,7.0,True,10,word,path,8.0
1464.0,1666.8748474121094,1113.2902908325195,0.6293039321899414,0.7676603198051453,0.6511229872703552,0.773118257522583,3.27099609375,3.10015869140625,Fixation,1649.6086490515506,1114.6807583895597,128.0,7.0,True,10,word,path,8.0
1468.0,1656.0076904296875,1117.6177024841309,0.6265568137168884,0.7700721621513367,0.6468780040740967,0.7761234045028687,3.27099609375,3.1043243408203125,Fixation,1649.6086490515506,1114.6807583895597,128.0,7.0,True,10,word,path,8.0
1472.0,1663.612060546875,1117.9596519470215,0.6321122646331787,0.762448787689209,0.649848461151123,0.7763608694076538,3.2441864013671875,3.091217041015625,Fixation,1649.6086490515506,1114.6807583895597,128.0,7.0,True,10,word,path,8.0
1476.0,1652.1035766601562,1122.395896911621,0.6321277022361755,0.7678130865097046,0.6453529596328735,0.7794415950775146,3.2910614013671875,3.109466552734375,Fixation,1649.6086490515506,1114.6807583895597,128.0,7.0,True,10,word,path,8.0
1480.0,1654.5375061035156,1109.963665008545,0.6339656710624695,0.7630220651626587,0.6463037133216858,0.7708081007003784,3.263641357421875,3.114852905273437,Fixation,1649.6086490515506,1114.6807583895597,128.0,7.0,True,10,word,path,8.0
1484.0,1655.0079345703125,1114.9094009399414,0.6338105201721191,0.7623882293701172,0.6464874744415283,0.774242639541626,3.2485809326171875,3.124114990234375,Fixation,1649.6086490515506,1114.6807583895597,128.0,7.0,True,10,word,path,8.0
1488.0,1643.0081176757812,1119.3496799468994,0.6339274644851685,0.7633779644966125,0.641800045967102,0.7773261666297913,3.2656707763671875,3.114990234375,Fixation,1649.6086490515506,1114.6807583895597,128.0,7.0,True,10,word,path,8.0
1492.0,1648.4927368164062,1116.863079071045,0.6310433149337769,0.771222710609436,0.6439424753189087,0.7755993604660034,3.279449462890625,3.1256256103515625,Fixation,1649.6086490515506,1114.6807583895597,128.0,7.0,True,10,word,path,8.0
1496.0,1642.9039001464844,1113.405990600586,0.6306788921356201,0.7715780735015869,0.6417593359947205,0.7731986045837402,3.270858764648437,3.1230010986328125,Fixation,1649.6086490515506,1114.6807583895597,128.0,7.0,True,10,word,path,8.0
1500.0,1640.0614929199219,1120.7044315338135,0.6296579837799072,0.7659531831741333,0.6406490206718445,0.778266966342926,3.2749176025390625,3.1360015869140625,Fixation,1649.6086490515506,1114.6807583895597,128.0,7.0,True,10,word,path,8.0
1504.0,1636.4743041992188,1110.9241104125977,0.6336827874183655,0.7747156023979187,0.6392477750778198,0.771475076675415,3.282699584960937,3.1226806640625,Fixation,1649.6086490515506,1114.6807583895597,128.0,7.0,True,10,word,path,8.0
1508.0,1634.3115234375,1115.280361175537,0.6306071281433105,0.7625237107276917,0.6384029388427734,0.7745002508163452,3.261505126953125,3.133148193359375,Fixation,1649.6086490515506,1114.6807583895597,128.0,7.0,True,10,word,path,8.0
1512.0,1640.5519104003906,1117.0543098449707,0.6319690942764282,0.7677883505821228,0.6408405900001526,0.775732159614563,3.2820281982421875,3.136749267578125,Fixation,1649.6086490515506,1114.6807583895597,128.0,7.0,True,10,word,path,8.0
1516.0,1633.3900451660156,1116.414270401001,0.6326901316642761,0.7647147178649902,0.6380429863929749,0.7752876877784729,3.27972412109375,3.118026733398437,Fixation,1649.6086490515506,1114.6807583895597,128.0,7.0,True,10,word,path,8.0
1520.0,1643.8166809082031,1114.628562927246,0.6293512582778931,0.7692572474479675,0.6421158909797668,0.7740476131439209,3.2897186279296875,3.1339111328125,Fixation,1649.6086490515506,1114.6807583895597,128.0,7.0,True,10,word,path,8.0
1524.0,1633.2070922851562,1125.8373641967773,0.6316508054733276,0.7700357437133789,0.6379715204238892,0.7818315029144287,3.2784423828125,3.1511383056640625,Fixation,1649.6086490515506,1114.6807583895597,128.0,7.0,True,10,word,path,8.0
1528.0,1642.0399475097656,1112.0846271514893,0.6319237947463989,0.763034462928772,0.6414218544960022,0.7722809910774231,3.293304443359375,3.1302947998046875,Fixation,1649.6086490515506,1114.6807583895597,128.0,7.0,True,10,word,path,8.0
1532.0,1647.9365539550781,1121.734914779663,0.6280280351638794,0.7687557339668274,0.6437252163887024,0.7789825797080994,3.275543212890625,3.136871337890625,Fixation,1649.6086490515506,1114.6807583895597,128.0,7.0,True,10,word,path,8.0
1536.0,1644.6133422851562,1121.696891784668,0.6278592348098755,0.7693485617637634,0.6424270868301392,0.7789561748504639,3.3143768310546875,3.151641845703125,Fixation,1649.6086490515506,1114.6807583895597,128.0,7.0,True,10,word,path,8.0
1540.0,1637.5010681152344,1122.3298931121826,0.6324923038482666,0.7728151082992554,0.6396488547325134,0.7793957591056824,3.312728881835937,3.150360107421875,Fixation,1649.6086490515506,1114.6807583895597,128.0,7.0,True,10,word,path,8.0
1544.0,1655.7025146484375,1119.844150543213,0.6335615515708923,0.7801718711853027,0.6467587947845459,0.7776695489883423,3.312286376953125,3.128768920898437,Fixation,1649.6086490515506,1114.6807583895597,128.0,7.0,True,10,word,path,8.0
1548.0,1662.857666015625,1098.7216472625732,0.6303792595863342,0.7655740976333618,0.6495537757873535,0.7630011439323425,3.28851318359375,3.1554107666015625,Fixation,1649.6086490515506,1114.6807583895597,128.0,7.0,True,10,word,path,8.0
1552.0,1612.7302551269531,1056.4247131347656,0.6112231612205505,0.7130445837974548,0.6299727559089661,0.7336282730102539,3.29168701171875,3.166900634765625,Saccade,,,,0.0,False,11,,,
1556.0,1579.1761779785156,965.6853675842285,0.5868532061576843,0.6610877513885498,0.6168656945228577,0.6706148386001587,3.267303466796875,3.160873413085937,Saccade,,,,0.0,False,11,,,
1560.0,1537.2496032714844,885.0070953369141,0.5710840821266174,0.6126598119735718,0.6004881262779236,0.6145882606506348,3.3074188232421875,3.161163330078125,Saccade,,,,0.0,False,11,,,
1564.0,1484.2630004882812,834.3740272521973,0.5576536655426025,0.5739436745643616,0.5797902345657349,0.5794264078140259,3.3260955810546875,3.156723022460937,Saccade,,,,0.0,False,11,,,
1568.0,1455.9907531738281,763.8004302978516,0.5381497740745544,0.517558217048645,0.5687463879585266,0.5304169654846191,3.3075408935546875,3.18841552734375,Saccade,,,,0.0,False,11,,,
1572.0,1413.2490539550781,716.6391706466675,0.5258889198303223,0.477193146944046,0.5520504117012024,0.4976660907268524,3.2904510498046875,3.2217254638671875,Saccade,,,,0.0,False,11,,,
1576.0,1402.9600524902344,655.3644275665283,0.5196050405502319,0.4392938911914825,0.5480312705039978,0.4551141858100891,3.276107788085937,3.245758056640625,Saccade,,,,0.0,False,11,,,
1580.0,1353.6077880859375,588.3048677444457,0.5118038058280945,0.3947300910949707,0.5287530422210693,0.408545047044754,3.25836181640625,3.205062866210937,Saccade,,,,0.0,False,11,,,
1584.0,1359.2955017089844,495.163722038269,0.5095982551574707,0.3664447963237762,0.530974805355072,0.343863695859909,3.2527618408203125,3.16485595703125,Saccade,,,,0.0,False,11,,,
1588.0,1329.9391174316406,449.16830062866205,0.5030338764190674,0.3507934510707855,0.5195074677467346,0.3119224309921264,3.254867553710937,3.164337158203125,Saccade,,,,0.0,False,11,,,
1592.0,1289.6905517578125,475.3329706192016,0.4900225400924682,0.3381789028644562,0.5037853717803955,0.3300923407077789,3.2260284423828125,3.15728759765625,Saccade,,,,0.0,False,11,,,
1596.0,1271.5634918212888,470.7651901245117,0.4805386066436767,0.3349364101886749,0.496704488992691,0.3269202709197998,3.234039306640625,3.180450439453125,Saccade,,,,0.0,False,11,,,
1600.0,1292.2624206542969,484.0067195892334,0.4825460016727447,0.3325552642345428,0.5047900080680847,0.3361157774925232,3.22259521484375,3.145416259765625,Saccade,,,,0.0,False,11,,,
1604.0,1305.1515197753906,530.3134918212891,0.4921607375144958,0.3345553576946258,0.509824812412262,0.3682732582092285,3.241363525390625,3.2013397216796875,Saccade,,,,0.0,False,11,,,
1608.0,1303.231201171875,564.432520866394,0.4960123002529144,0.3365966379642486,0.5090746879577637,0.3919670283794403,3.2706451416015625,3.246932983398437,Fixation,1288.603022257487,503.5290756225586,56.0,8.0,True,12,image,,10.0
1612.0,1308.4527587890625,503.2462263107299,0.4916921257972717,0.3222735524177551,0.5111143589019775,0.349476546049118,3.2754669189453125,3.19073486328125,Fixation,1288.603022257487,503.5290756225586,56.0,8.0,True,12,image,,10.0
1616.0,1299.8152160644531,494.09307003021235,0.4913890957832336,0.3098877072334289,0.507740318775177,0.3431201875209808,3.2799072265625,3.2059326171875,Fixation,1288.603022257487,503.5290756225586,56.0,8.0,True,12,image,,10.0
1620.0,1301.6854858398438,487.8821897506714,0.4889701902866363,0.3091191053390503,0.508470892906189,0.338807076215744,3.285369873046875,3.2109832763671875,Fixation,1288.603022257487,503.5290756225586,56.0,8.0,True,12,image,,10.0
1624.0,1297.144775390625,508.52138042449945,0.4913282990455627,0.301810085773468,0.5066971778869629,0.3531398475170135,3.2890167236328125,3.2189178466796875,Fixation,1288.603022257487,503.5290756225586,56.0,8.0,True,12,image,,10.0
1628.0,1302.7328491210938,488.75770568847656,0.4932979941368103,0.3056103885173797,0.5088800191879272,0.3394150733947754,3.278167724609375,3.1882476806640625,Fixation,1288.603022257487,503.5290756225586,56.0,8.0,True,12,image,,10.0
1632.0,1291.1045837402344,517.5527429580688,0.4930756390094757,0.3095361888408661,0.504337728023529,0.3594116270542145,3.307098388671875,3.248779296875,Fixation,1288.603022257487,503.5290756225586,56.0,8.0,True,12,image,,10.0
1636.0,1291.08642578125,497.98180103301996,0.4945352375507355,0.3113877177238464,0.5043306350708008,0.3458206951618194,3.300521850585937,3.222991943359375,Fixation,1288.603022257487,503.5290756225586,56.0,8.0,True,12,image,,10.0
1640.0,1291.4761352539062,493.4550476074218,0.4957645535469055,0.3039161562919616,0.5044828653335571,0.3426771163940429,3.3033447265625,3.223907470703125,Fixation,1288.603022257487,503.5290756225586,56.0,8.0,True,12,image,,10.0
1644.0,1283.32763671875,483.173131942749,0.4976265728473663,0.3065154552459717,0.5012998580932617,0.3355368971824646,3.303466796875,3.22064208984375,Fixation,1288.603022257487,503.5290756225586,56.0,8.0,True,12,image,,10.0
1648.0,1279.6506500244138,498.25783252716064,0.493993729352951,0.3054170310497284,0.4998635351657867,0.3460123836994171,3.288681030273437,3.245330810546875,Fixation,1288.603022257487,503.5290756225586,56.0,8.0,True,12,image,,10.0
1652.0,1270.6662750244138,510.3478145599365,0.4907202422618866,0.3011905252933502,0.4963540136814117,0.3544082045555115,3.290802001953125,3.279510498046875,Fixation,1288.603022257487,503.5290756225586,56.0,8.0,True,12,image,,10.0
1656.0,1272.6375579833984,491.7769718170166,0.4955369234085083,0.3109819591045379,0.497124046087265,0.3415117859840393,3.3108062744140625,3.2469024658203125,Fixation,1288.603022257487,503.5290756225586,56.0,8.0,True,12,image,,10.0
1660.0,1267.5988006591795,505.22385120391846,0.5002834796905518,0.3060289919376373,0.495155781507492,0.3508498966693878,3.3029937744140625,3.29638671875,Fixation,1288.603022257487,503.5290756225586,56.0,8.0,True,12,image,,10.0
1664.0,1268.4349822998047,508.233847618103,0.4953948557376861,0.3029711246490478,0.4954824149608612,0.352940171957016,3.2972412109375,3.287460327148437,Fixation,1288.603022257487,503.5290756225586,56.0,8.0,True,12,image,,10.0
1668.0,1281.7350769042969,470.59537410736084,0.4965649247169494,0.3103568255901336,0.500677764415741,0.3268023431301117,3.310775756835937,3.2556610107421875,Fixation,1285.9705691867405,465.81249618530273,176.0,9.0,True,13,image,,10.0
1672.0,1276.908264160156,477.5718641281128,0.4968541264533996,0.3123807907104492,0.498792290687561,0.331647127866745,3.305084228515625,3.2622528076171875,Fixation,1285.9705691867405,465.81249618530273,176.0,9.0,True,13,image,,10.0
1676.0,1290.0216674804688,472.68972873687744,0.4968132972717285,0.3075394928455353,0.5039147138595581,0.328256756067276,3.3017120361328125,3.25750732421875,Fixation,1285.9705691867405,465.81249618530273,176.0,9.0,True,13,image,,10.0
1680.0,1292.8305053710938,465.88150978088373,0.4933812022209167,0.3020181357860565,0.5050119161605835,0.3235288262367248,3.2942047119140625,3.2472381591796875,Fixation,1285.9705691867405,465.81249618530273,176.0,9.0,True,13,image,,10.0
1684.0,1298.6918640136719,472.53016948699945,0.4951914846897125,0.3058725595474243,0.5073015093803406,0.3281459510326385,3.289779663085937,3.237945556640625,Fixation,1285.9705691867405,465.81249618530273,176.0,9.0,True,13,image,,10.0
1688.0,1288.7107849121094,508.29058170318604,0.4952536821365356,0.302039086818695,0.5034026503562927,0.3529795706272125,3.291595458984375,3.3130645751953125,Fixation,1285.9705691867405,465.81249618530273,176.0,9.0,True,13,image,,10.0
1692.0,1300.4405212402344,495.7263851165771,0.4929965734481811,0.301174521446228,0.5079845786094666,0.3442544341087341,3.302215576171875,3.2917022705078125,Fixation,1285.9705691867405,465.81249618530273,176.0,9.0,True,13,image,,10.0
1696.0,1293.2852172851562,492.0164823532104,0.4936785995960235,0.3049754500389099,0.5051895380020142,0.341678112745285,3.2893218994140625,3.28009033203125,Fixation,1285.9705691867405,465.81249618530273,176.0,9.0,True,13,image,,10.0
1700.0,1291.0101318359375,494.2863178253174,0.4906656146049499,0.3047057688236236,0.5043008327484131,0.3432543873786926,3.27099609375,3.2874755859375,Fixation,1285.9705691867405,465.81249618530273,176.0,9.0,True,13,image,,10.0
1704.0,1284.7625732421875,498.3192443847656,0.4920399785041809,0.3020850718021393,0.5018603801727295,0.3460550308227539,3.3120269775390625,3.2968292236328125,Fixation,1285.9705691867405,465.81249618530273,176.0,9.0,True,13,image,,10.0
1708.0,1290.2473449707031,459.96738910675043,0.4957000613212585,0.3087246716022491,0.5040028691291809,0.3194217979907989,3.316619873046875,3.236785888671875,Fixation,1285.9705691867405,465.81249618530273,176.0,9.0,True,13,image,,10.0
1712.0,1284.6517944335938,445.0722026824951,0.493529200553894,0.311495691537857,0.5018171072006226,0.3090779185295105,3.309539794921875,3.2055206298828125,Fixation,1285.9705691867405,465.81249618530273,176.0,9.0,True,13,image,,10.0
1716.0,1275.7942199707031,475.1035451889038,0.4950234889984131,0.308609127998352,0.4983571171760559,0.3299330174922943,3.287078857421875,3.250717163085937,Fixation,1285.9705691867405,465.81249618530273,176.0,9.0,True,13,image,,10.0
1720.0,1282.8634643554688,460.1623106002807,0.4945912361145019,0.3091946840286255,0.501118540763855,0.3195571601390838,3.3023681640625,3.240081787109375,Fixation,1285.9705691867405,465.81249618530273,176.0,9.0,True,13,image,,10.0
1724.0,1277.7964782714844,460.1423120498657,0.4932284355163574,0.3125254511833191,0.4991392493247986,0.3195432722568512,3.3083648681640625,3.236602783203125,Fixation,1285.9705691867405,465.81249618530273,176.0,9.0,True,13,image,,10.0
1728.0,1279.2131042480469,463.59425067901606,0.4906868934631347,0.3089658617973327,0.4996926188468933,0.3219404518604278,3.2909088134765625,3.2432098388671875,Fixation,1285.9705691867405,465.81249618530273,176.0,9.0,True,13,image,,10.0
1732.0,1284.1403198242188,461.4385271072387,0.4922635555267334,0.3140892684459686,0.5016173124313354,0.3204434216022491,3.29876708984375,3.2306671142578125,Fixation,1285.9705691867405,465.81249618530273,176.0,9.0,True,13,image,,10.0
1736.0,1283.7254333496094,480.76601028442377,0.4921073615550995,0.3112730979919433,0.5014552474021912,0.3338652849197387,3.3022613525390625,3.2473297119140625,Fixation,1285.9705691867405,465.81249618530273,176.0,9.0,True,13,image,,10.0
1740.0,1286.7031860351562,459.9884605407715,0.4923370778560638,0.3213218152523041,0.5026184320449829,0.3194364309310913,3.304794311523437,3.229705810546875,Fixation,1285.9705691867405,465.81249618530273,176.0,9.0,True,13,image,,10.0
1744.0,1290.328369140625,470.7250642776489,0.4923723042011261,0.318347156047821,0.5040345191955566,0.3268924057483673,3.293975830078125,3.2489013671875,Fixation,1285.9705691867405,465.81249618530273,176.0,9.0,True,13,image,,10.0
1748.0,1289.1397094726562,494.1188192367553,0.493120938539505,0.3172407150268554,0.5035701990127563,0.3431380689144134,3.3058624267578125,3.270721435546875,Fixation,1285.9705691867405,465.81249618530273,176.0,9.0,True,13,image,,10.0
1752.0,1287.9885864257812,502.07167625427246,0.4930914044380188,0.3156512081623077,0.5031205415725708,0.3486608862876892,3.287750244140625,3.272308349609375,Fixation,1285.9705691867405,465.81249618530273,176.0,9.0,True,13,image,,10.0
1756.0,1286.0545349121094,498.94276142120356,0.4934380352497101,0.3057162463665008,0.5023650527000427,0.3464880287647247,3.26837158203125,3.30078125,Fixation,1285.9705691867405,465.81249618530273,176.0,9.0,True,13,image,,10.0
1760.0,1286.3185119628906,448.5882568359375,0.4909768104553222,0.3031021654605865,0.5024681687355042,0.3115196228027344,3.250335693359375,3.2134246826171875,Fixation,1285.9705691867405,465.81249618530273,176.0,9.0,True,13,image,,10.0
1764.0,1298.4355163574219,445.9644985198974,0.4926694631576538,0.3075875341892242,0.5072013735771179,0.3096975684165954,3.25494384765625,3.2217254638671875,Fixation,1285.9705691867405,465.81249618530273,176.0,9.0,True,13,image,,10.0
1768.0,1293.7884521484375,462.3509931564331,0.493817925453186,0.307221919298172,0.5053861141204834,0.3210770785808563,3.2589569091796875,3.2484130859375,Fixation,1285.9705691867405,465.81249618530273,176.0,9.0,True,13,image,,10.0
1772.0,1291.0678100585938,457.262692451477,0.4942611753940582,0.3165942132472992,0.5043233633041382,0.3175435364246368,3.281234741210937,3.2334747314453125,Fixation,1285.9705691867405,465.81249618530273,176.0,9.0,True,13,image,,10.0
1776.0,1297.0893859863281,455.0870990753174,0.4935189485549927,0.3081791698932647,0.5066755414009094,0.3160327076911926,3.267074584960937,3.233627319335937,Fixation,1285.9705691867405,465.81249618530273,176.0,9.0,True,13,image,,10.0
1780.0,1292.2990417480469,450.0966453552246,0.4944563508033752,0.3113507628440857,0.5048043131828308,0.3125671148300171,3.275146484375,3.2196807861328125,Fixation,1285.9705691867405,465.81249618530273,176.0,9.0,True,13,image,,10.0
1784.0,1297.257080078125,450.3865814208984,0.4937584698200226,0.3094371557235718,0.5067410469055176,0.3127684593200683,3.259002685546875,3.225204467773437,Fixation,1285.9705691867405,465.81249618530273,176.0,9.0,True,13,image,,10.0
1788.0,1293.8685607910156,465.5166864395141,0.4939867556095123,0.306045651435852,0.5054174065589905,0.323275476694107,3.24871826171875,3.2404327392578125,Fixation,1285.9705691867405,465.81249618530273,176.0,9.0,True,13,image,,10.0
1792.0,1284.3865966796875,452.6360750198364,0.4944277703762054,0.3113248944282532,0.5017135143280029,0.3143306076526642,3.262359619140625,3.213607788085937,Fixation,1285.9705691867405,465.81249618530273,176.0,9.0,True,13,image,,10.0
1796.0,1288.4657287597656,438.36831092834467,0.4975140392780304,0.3108752071857452,0.5033069252967834,0.3044224381446838,3.2581939697265625,3.1870269775390625,Fixation,1285.9705691867405,465.81249618530273,176.0,9.0,True,13,image,,10.0
1800.0,1293.6628723144531,438.91938686370844,0.498279869556427,0.3101893067359924,0.5053370594978333,0.3048051297664642,3.254730224609375,3.1981201171875,Fixation,1285.9705691867405,465.81249618530273,176.0,9.0,True,13,image,,10.0
1804.0,1283.8053894042969,443.7430715560913,0.4964529573917389,0.3171424567699432,0.5014864802360535,0.3081549108028412,3.255706787109375,3.1912078857421875,Fixation,1285.9705691867405,465.81249618530273,176.0,9.0,True,13,image,,10.0
1808.0,1283.9802551269531,446.2441349029541,0.4948700666427612,0.3133726418018341,0.5015547871589661,0.3098917603492737,3.2449493408203125,3.192718505859375,Fixation,1285.9705691867405,465.81249618530273,176.0,9.0,True,13,image,,10.0
1812.0,1282.7656555175781,470.23278236389154,0.4949943125247955,0.3084092736244201,0.501080334186554,0.326550543308258,3.246551513671875,3.23016357421875,Fixation,1285.9705691867405,465.81249618530273,176.0,9.0,True,13,image,,10.0
1816.0,1274.189453125,471.38875007629395,0.4937661588191986,0.3116458058357239,0.4977302551269531,0.327353298664093,3.2526397705078125,3.241485595703125,Fixation,1285.9705691867405,465.81249618530273,176.0,9.0,True,13,image,,10.0
1820.0,1274.210205078125,450.4905223846435,0.4913910925388336,0.3050979077816009,0.4977383613586426,0.3128406405448913,3.251800537109375,3.193115234375,Fixation,1285.9705691867405,465.81249618530273,176.0,9.0,True,13,image,,10.0
1824.0,1275.9796142578125,456.5136480331421,0.4923069179058075,0.3118540942668915,0.498429536819458,0.317023366689682,3.2232666015625,3.17706298828125,Fixation,1285.9705691867405,465.81249618530273,176.0,9.0,True,13,image,,10.0
1828.0,1272.493896484375,448.3816623687744,0.4925049543380737,0.3106127381324768,0.497067928314209,0.31137615442276,3.242538452148437,3.1698760986328125,Fixation,1285.9705691867405,465.81249618530273,176.0,9.0,True,13,image,,10.0
1832.0,1277.0673370361328,451.53778553009033,0.4933803081512451,0.3103026151657104,0.4988544285297394,0.3135679066181183,3.2487030029296875,3.1623992919921875,Fixation,1285.9705691867405,465.81249618530273,176.0,9.0,True,13,image,,10.0
1836.0,1271.602783203125,466.54880046844477,0.49200439453125,0.3124267756938934,0.4967198371887207,0.3239922225475311,3.23736572265625,3.18475341796875,Fixation,1285.9705691867405,465.81249618530273,176.0,9.0,True,13,image,,10.0
1840.0,1276.326446533203,455.7158946990966,0.4935394525527954,0.3128375113010406,0.4985650181770324,0.3164693713188171,3.2419891357421875,3.1641998291015625,Fixation,1285.9705691867405,465.81249618530273,176.0,9.0,True,13,image,,10.0
1844.0,1282.5718688964844,455.58706283569336,0.4910678565502167,0.3144574463367462,0.5010046362876892,0.3163799047470093,3.2332763671875,3.163421630859375,Fixation,1285.9705691867405,465.81249618530273,176.0,9.0,True,13,image,,10.0
1848.0,1237.6953887939453,522.0923709869385,0.4747218489646911,0.3330743908882141,0.4834747612476349,0.3625641465187073,3.214691162109375,3.2295074462890625,Saccade,,,,0.0,False,14,,,
1852.0,1164.9935913085935,562.6440668106079,0.4460894465446472,0.3655225336551666,0.4550756216049194,0.3907250463962555,3.216766357421875,3.2543487548828125,Saccade,,,,0.0,False,14,,,
1856.0,1104.6202850341795,629.6415710449218,0.4151965677738189,0.398671805858612,0.4314922988414764,0.4372510910034179,3.2158966064453125,3.25823974609375,Saccade,,,,0.0,False,14,,,
1860.0,1048.9121246337888,671.5802907943726,0.400212287902832,0.4778949618339538,0.4097312986850738,0.4663752019405365,3.27301025390625,3.238494873046875,Saccade,,,,0.0,False,14,,,
1864.0,1033.5514831542969,707.1842765808105,0.3834173679351806,0.4642448127269745,0.4037310481071472,0.4911001920700073,3.1650543212890625,3.1825408935546875,Saccade,,,,0.0,False,14,,,
1868.0,998.5006713867188,747.0419025421143,0.3686967492103576,0.5373133420944214,0.390039324760437,0.5187790989875793,3.186004638671875,3.1726226806640625,Saccade,,,,0.0,False,14,,,
1872.0,977.6138305664061,796.0628128051758,0.3622058629989624,0.5645907521247864,0.3818804025650024,0.5528213977813721,3.1639404296875,3.1717987060546875,Saccade,,,,0.0,False,14,,,
1876.0,975.9133911132812,861.2645244598389,0.3632121980190277,0.6161924004554749,0.3812161684036255,0.5981003642082214,3.18621826171875,3.1578521728515625,Saccade,,,,0.0,False,14,,,
1880.0,987.2709655761718,898.2602977752686,0.3643569648265838,0.6403228044509888,0.3856527209281921,0.6237918734550476,3.1714324951171875,3.1632232666015625,Saccade,,,,0.0,False,14,,,
1884.0,980.3801727294922,942.833890914917,0.3700348436832428,0.6624951958656311,0.3829610049724579,0.6547457575798035,3.17303466796875,3.1709747314453125,Fixation,983.5267269250119,987.5273114984685,128.0,10.0,True,15,image,,10.0
1888.0,983.9820098876953,980.6038570404053,0.3666011691093445,0.6814319491386414,0.384367972612381,0.6809749007225037,3.1743316650390625,3.1912994384765625,Fixation,983.5267269250119,987.5273114984685,128.0,10.0,True,15,image,,10.0
1892.0,995.2544403076171,990.0193977355957,0.3670036494731903,0.7016334533691406,0.3887712657451629,0.6875134706497192,3.181488037109375,3.170272827148437,Fixation,983.5267269250119,987.5273114984685,128.0,10.0,True,15,image,,10.0
1896.0,998.4605407714844,980.7564640045166,0.3696314990520477,0.6875234842300415,0.3900236487388611,0.6810808777809143,3.155029296875,3.141357421875,Fixation,983.5267269250119,987.5273114984685,128.0,10.0,True,15,image,,10.0
1900.0,992.8681945800781,971.7581462860107,0.369149386882782,0.6802775263786316,0.387839138507843,0.6748320460319519,3.163848876953125,3.162841796875,Fixation,983.5267269250119,987.5273114984685,128.0,10.0,True,15,image,,10.0
1904.0,987.2547149658202,971.8953037261963,0.3730517327785492,0.6790249347686768,0.3856463730335235,0.674927294254303,3.1656494140625,3.172348022460937,Fixation,983.5267269250119,987.5273114984685,128.0,10.0,True,15,image,,10.0
1908.0,985.9492492675781,982.2485446929932,0.3671804368495941,0.683748185634613,0.3851364254951477,0.6821170449256897,3.1433868408203125,3.162704467773437,Fixation,983.5267269250119,987.5273114984685,128.0,10.0,True,15,image,,10.0
1912.0,988.6130523681641,984.2096900939941,0.3689280450344085,0.6868738532066345,0.3861769735813141,0.6834789514541626,3.174667358398437,3.1343231201171875,Fixation,983.5267269250119,987.5273114984685,128.0,10.0,True,15,image,,10.0
1916.0,993.7807464599608,986.9327545166016,0.3648888170719147,0.6975720524787903,0.3881956040859222,0.6853699684143066,3.161712646484375,3.14312744140625,Fixation,983.5267269250119,987.5273114984685,128.0,10.0,True,15,image,,10.0
1920.0,985.9519958496093,983.9273071289062,0.3682516813278198,0.7020601630210876,0.3851374983787536,0.6832828521728516,3.1611785888671875,3.121673583984375,Fixation,983.5267269250119,987.5273114984685,128.0,10.0,True,15,image,,10.0
1924.0,983.4429168701172,988.8234329223633,0.3687334656715393,0.7040373682975769,0.3841573894023895,0.686682939529419,3.1361846923828125,3.130706787109375,Fixation,983.5267269250119,987.5273114984685,128.0,10.0,True,15,image,,10.0
1928.0,987.2319030761718,993.797492980957,0.3694196343421936,0.7024960517883301,0.3856374621391296,0.6901371479034424,3.125091552734375,3.1294403076171875,Fixation,983.5267269250119,987.5273114984685,128.0,10.0,True,15,image,,10.0
1932.0,984.0533447265625,987.1632099151611,0.3661470711231231,0.6988288164138794,0.3843958377838135,0.6855300068855286,3.112152099609375,3.122589111328125,Fixation,983.5267269250119,987.5273114984685,128.0,10.0,True,15,image,,10.0
1936.0,983.5234069824218,988.3450984954834,0.3688146770000458,0.7015553712844849,0.3841888308525085,0.6863507628440857,3.126083374023437,3.123931884765625,Fixation,983.5267269250119,987.5273114984685,128.0,10.0,True,15,image,,10.0
1940.0,989.4100952148436,985.6820297241211,0.3661778569221496,0.7000876665115356,0.3864883184432983,0.6845014095306396,3.1331024169921875,3.11602783203125,Fixation,983.5267269250119,987.5273114984685,128.0,10.0,True,15,image,,10.0
1944.0,993.9787292480469,989.7734928131104,0.3691284656524658,0.7094880938529968,0.3882729411125183,0.6873427033424377,3.1199493408203125,3.1110382080078125,Fixation,983.5267269250119,987.5273114984685,128.0,10.0,True,15,image,,10.0
1948.0,988.0278778076171,993.6311531066895,0.3670181632041931,0.7071805596351624,0.3859483897686004,0.6900216341018677,3.117782592773437,3.14398193359375,Fixation,983.5267269250119,987.5273114984685,128.0,10.0,True,15,image,,10.0
1952.0,978.2044219970703,999.1652584075928,0.3703047633171081,0.6962036490440369,0.3821111023426056,0.6938647627830505,3.101531982421875,3.1125946044921875,Fixation,983.5267269250119,987.5273114984685,128.0,10.0,True,15,image,,10.0
1956.0,991.174087524414,982.6572704315186,0.3671485781669616,0.7104018926620483,0.3871773779392242,0.6824008822441101,3.1329803466796875,3.078964233398437,Fixation,983.5267269250119,987.5273114984685,128.0,10.0,True,15,image,,10.0
1960.0,992.4139404296875,984.3154335021973,0.3699461221694946,0.7062291502952576,0.3876616954803467,0.6835523843765259,3.1221923828125,3.1051788330078125,Fixation,983.5267269250119,987.5273114984685,128.0,10.0,True,15,image,,10.0
1964.0,977.5508880615234,999.576301574707,0.3721652328968048,0.698937714099884,0.3818558156490326,0.6941502094268799,3.11639404296875,3.11541748046875,Fixation,983.5267269250119,987.5273114984685,128.0,10.0,True,15,image,,10.0
1968.0,980.9558868408202,986.3103103637695,0.3717204630374908,0.6999102234840393,0.3831858932971954,0.6849377155303955,3.12786865234375,3.07769775390625,Fixation,983.5267269250119,987.5273114984685,128.0,10.0,True,15,image,,10.0
1972.0,983.2849884033203,984.490442276001,0.3679582178592682,0.6949792504310608,0.384095698595047,0.6836739182472229,3.08038330078125,3.098129272460937,Fixation,983.5267269250119,987.5273114984685,128.0,10.0,True,15,image,,10.0
1976.0,972.2551727294922,995.6462860107422,0.3662124574184418,0.6936622858047485,0.3797871768474579,0.6914210319519043,3.082794189453125,3.1178741455078125,Fixation,983.5267269250119,987.5273114984685,128.0,10.0,True,15,image,,10.0
1980.0,980.419464111328,996.8116092681885,0.3650245368480682,0.6985204219818115,0.3829763531684875,0.6922302842140198,3.101409912109375,3.113388061523437,Fixation,983.5267269250119,987.5273114984685,128.0,10.0,True,15,image,,10.0
1984.0,978.5067749023438,991.7134380340576,0.3670545816421509,0.7005999088287354,0.382229208946228,0.6886898875236511,3.1011505126953125,3.09149169921875,Fixation,983.5267269250119,987.5273114984685,128.0,10.0,True,15,image,,10.0
1988.0,977.7801513671875,986.8279552459717,0.363085389137268,0.6992924809455872,0.3819453716278076,0.6852971911430359,3.108367919921875,3.0900421142578125,Fixation,983.5267269250119,987.5273114984685,128.0,10.0,True,15,image,,10.0
1992.0,975.8730316162109,986.768388748169,0.3648611009120941,0.6989617943763733,0.3812004029750824,0.6852558255195618,3.10003662109375,3.11932373046875,Fixation,983.5267269250119,987.5273114984685,128.0,10.0,True,15,image,,10.0
1996.0,977.463150024414,1001.0803985595703,0.3624162673950195,0.6901171803474426,0.3818215429782867,0.6951947212219238,3.0448150634765625,3.1142120361328125,Fixation,983.5267269250119,987.5273114984685,128.0,10.0,True,15,image,,10.0
2000.0,970.9848022460936,989.8977756500244,0.3616311550140381,0.6966718435287476,0.3792909383773803,0.6874290108680725,3.08154296875,3.09307861328125,Fixation,983.5267269250119,987.5273114984685,128.0,10.0,True,15,image,,10.0
2004.0,971.4976501464843,984.6772956848145,0.3660798072814941,0.6961577534675598,0.3794912695884704,0.6838036775588989,3.0858917236328125,3.0910186767578125,Fixation,983.5267269250119,987.5273114984685,128.0,10.0,True,15,image,,10.0
2008.0,978.5082244873047,992.5132942199707,0.3578126430511474,0.7057522535324097,0.3822297751903534,0.689245343208313,3.0941314697265625,3.0987701416015625,Fixation,983.5267269250119,987.5273114984685,128.0,10.0,True,15,image,,10.0
2012.0,967.345962524414,1023.5485553741455,0.3573495149612427,0.7217316627502441,0.3778695166110992,0.7107976078987122,3.12188720703125,3.0804595947265625,Fixation,983.5267269250119,987.5273114984685,128.0,10.0,True,15,image,,10.0
2016.0,913.1495666503905,1075.2696990966797,0.3404799401760101,0.7574281096458435,0.3566990494728088,0.7467150688171387,3.108993530273437,3.129730224609375,Fixation,899.3388951289189,1090.5732138745198,304.0,11.0,True,16,word,boy,1.0
2020.0,865.3242492675781,1112.4936962127686,0.3329851031303406,0.7891315221786499,0.3380172848701477,0.7725650668144226,3.1512603759765625,3.1445465087890625,Fixation,899.3388951289189,1090.5732138745198,304.0,11.0,True,16,word,boy,1.0
2024.0,861.8502807617188,1111.5803718566895,0.3353623449802398,0.7831647992134094,0.3366602659225464,0.7719308137893677,3.1332244873046875,3.130401611328125,Fixation,899.3388951289189,1090.5732138745198,304.0,11.0,True,16,word,boy,1.0
2028.0,892.466812133789,1091.991662979126,0.3421897292137146,0.7760624885559082,0.3486198484897613,0.7583275437355042,3.122039794921875,3.0980224609375,Fixation,899.3388951289189,1090.5732138745198,304.0,11.0,True,16,word,boy,1.0
2032.0,922.5530242919921,1085.9907245635986,0.3475413620471954,0.7747561931610107,0.3603722751140594,0.7541602253913879,3.1158599853515625,3.11865234375,Fixation,899.3388951289189,1090.5732138745198,304.0,11.0,True,16,word,boy,1.0
2036.0,917.5942993164062,1074.715576171875,0.3442696034908294,0.7606447339057922,0.3584352731704712,0.7463302612304688,3.112045288085937,3.1095428466796875,Fixation,899.3388951289189,1090.5732138745198,304.0,11.0,True,16,word,boy,1.0
2040.0,912.4887084960938,1074.9129009246826,0.343843400478363,0.7668402194976807,0.3564409017562866,0.7464672923088074,3.1097564697265625,3.1058349609375,Fixation,899.3388951289189,1090.5732138745198,304.0,11.0,True,16,word,boy,1.0
2044.0,899.5043945312499,1073.503131866455,0.3401271998882293,0.7768515944480896,0.3513689041137695,0.7454882860183716,3.125,3.10516357421875,Fixation,899.3388951289189,1090.5732138745198,304.0,11.0,True,16,word,boy,1.0
2048.0,906.9428253173827,1091.4784812927246,0.3398328125476837,0.7692263722419739,0.3542745411396026,0.7579711675643921,3.13494873046875,3.123748779296875,Fixation,899.3388951289189,1090.5732138745198,304.0,11.0,True,16,word,boy,1.0
2052.0,891.5139007568358,1097.228021621704,0.3392554819583893,0.7620867490768433,0.348247617483139,0.7619639039039612,3.093536376953125,3.125946044921875,Fixation,899.3388951289189,1090.5732138745198,304.0,11.0,True,16,word,boy,1.0
2056.0,893.2640838623046,1092.9904747009277,0.3405112624168396,0.7741152048110962,0.3489312827587127,0.7590211629867554,3.126983642578125,3.097625732421875,Fixation,899.3388951289189,1090.5732138745198,304.0,11.0,True,16,word,boy,1.0
2060.0,888.1556701660155,1095.4825687408447,0.3381122648715973,0.7723928689956665,0.3469358086585998,0.7607517838478088,3.119140625,3.1140594482421875,Fixation,899.3388951289189,1090.5732138745198,304.0,11.0,True,16,word,boy,1.0
2064.0,905.3081512451172,1089.402666091919,0.338153600692749,0.7726410627365112,0.3536359965801239,0.7565296292304993,3.115478515625,3.1121368408203125,Fixation,899.3388951289189,1090.5732138745198,304.0,11.0,True,16,word,boy,1.0
2068.0,893.8009643554688,1091.356601715088,0.3342697918415069,0.7685884237289429,0.349141001701355,0.757886528968811,3.0973663330078125,3.080963134765625,Fixation,899.3388951289189,1090.5732138745198,304.0,11.0,True,16,word,boy,1.0
2072.0,891.5641784667968,1092.513599395752,0.337844580411911,0.7719430327415466,0.3482672572135925,0.7586899995803833,3.120361328125,3.1269683837890625,Fixation,899.3388951289189,1090.5732138745198,304.0,11.0,True,16,word,boy,1.0
2076.0,887.6286315917968,1097.3428630828857,0.3394216001033783,0.7715610861778259,0.3467299342155456,0.7620436549186707,3.1391754150390625,3.125091552734375,Fixation,899.3388951289189,1090.5732138745198,304.0,11.0,True,16,word,boy,1.0
2080.0,889.0835571289062,1086.0568141937256,0.3367054462432861,0.7705675959587097,0.347298264503479,0.754206120967865,3.1309356689453125,3.117782592773437,Fixation,899.3388951289189,1090.5732138745198,304.0,11.0,True,16,word,boy,1.0
2084.0,890.9122467041016,1081.356554031372,0.3414181470870971,0.7756822109222412,0.3480125963687897,0.750942051410675,3.1452178955078125,3.092254638671875,Fixation,899.3388951289189,1090.5732138745198,304.0,11.0,True,16,word,boy,1.0
2088.0,883.7940979003906,1083.9827156066895,0.3387197256088257,0.7684004306793213,0.3452320694923401,0.7527657747268677,3.119781494140625,3.1004638671875,Fixation,899.3388951289189,1090.5732138745198,304.0,11.0,True,16,word,boy,1.0
2092.0,900.4119110107421,1094.9580574035645,0.3397448658943176,0.7681673765182495,0.3517234027385711,0.7603875398635864,3.1200103759765625,3.1020965576171875,Fixation,899.3388951289189,1090.5732138745198,304.0,11.0,True,16,word,boy,1.0
2096.0,909.4947052001953,1084.479160308838,0.3377264440059662,0.7661356925964355,0.3552713692188263,0.7531105279922485,3.1071014404296875,3.1101531982421875,Fixation,899.3388951289189,1090.5732138745198,304.0,11.0,True,16,word,boy,1.0
2100.0,894.1624450683594,1087.9481792449951,0.3396193087100982,0.769627034664154,0.3492822051048279,0.7555195689201355,3.12744140625,3.1080780029296875,Fixation,899.3388951289189,1090.5732138745198,304.0,11.0,True,16,word,boy,1.0
2104.0,894.3152618408202,1083.9202308654785,0.3380889594554901,0.7698743939399719,0.3493418991565704,0.7527223825454712,3.118499755859375,3.114532470703125,Fixation,899.3388951289189,1090.5732138745198,304.0,11.0,True,16,word,boy,1.0
2108.0,891.6681671142577,1092.215337753296,0.3372611999511719,0.7653100490570068,0.3483078777790069,0.7584828734397888,3.106918334960937,3.115264892578125,Fixation,899.3388951289189,1090.5732138745198,304.0,11.0,True,16,word,boy,1.0
2112.0,897.9829406738281,1088.1422424316406,0.3375192284584045,0.7628140449523926,0.3507745862007141,0.7556543350219727,3.137542724609375,3.1008453369140625,Fixation,899.3388951289189,1090.5732138745198,304.0,11.0,True,16,word,boy,1.0
2116.0,904.4705200195312,1091.6126346588135,0.3409325182437897,0.7745001316070557,0.3533087968826294,0.758064329624176,3.1328887939453125,3.116546630859375,Fixation,899.3388951289189,1090.5732138745198,304.0,11.0,True,16,word,boy,1.0
2120.0,899.9942016601561,1090.2044105529785,0.3373089134693146,0.7647091746330261,0.3515602350234985,0.7570863962173462,3.119613647460937,3.094467163085937,Fixation,899.3388951289189,1090.5732138745198,304.0,11.0,True,16,word,boy,1.0
2124.0,881.9720458984374,1090.3334140777588,0.3343560397624969,0.765590250492096,0.3445203304290771,0.7571759819984436,3.1085968017578125,3.1272125244140625,Fixation,899.3388951289189,1090.5732138745198,304.0,11.0,True,16,word,boy,1.0
2128.0,888.7917327880858,1100.277500152588,0.3382068872451782,0.7660471200942993,0.347184270620346,0.764081597328186,3.1067352294921875,3.12493896484375,Fixation,899.3388951289189,1090.5732138745198,304.0,11.0,True,16,word,boy,1.0
2132.0,892.2145080566405,1098.2561874389648,0.3367819190025329,0.7672967314720154,0.3485212922096252,0.7626779079437256,3.127304077148437,3.1260528564453125,Fixation,899.3388951289189,1090.5732138745198,304.0,11.0,True,16,word,boy,1.0
2136.0,900.7595825195312,1085.9901237487793,0.3404771983623504,0.7640298008918762,0.3518592119216919,0.7541598081588745,3.12762451171875,3.1141357421875,Fixation,899.3388951289189,1090.5732138745198,304.0,11.0,True,16,word,boy,1.0
2140.0,901.7249298095703,1095.5113220214844,0.3381153047084808,0.7679775357246399,0.3522363007068634,0.7607717514038086,3.1222381591796875,3.10858154296875,Fixation,899.3388951289189,1090.5732138745198,304.0,11.0,True,16,word,boy,1.0
2144.0,896.0327148437499,1084.4474029541016,0.3352068364620209,0.7715389132499695,0.3500127792358398,0.7530884742736816,3.1147918701171875,3.1090087890625,Fixation,899.3388951289189,1090.5732138745198,304.0,11.0,True,16,word,boy,1.0
2148.0,895.5132293701172,1094.701852798462,0.3377822041511535,0.7731515765190125,0.349809855222702,0.7602096199989319,3.124618530273437,3.12939453125,Fixation,899.3388951289189,1090.5732138745198,304.0,11.0,True,16,word,boy,1.0
2152.0,890.0712585449219,1091.5167617797852,0.3368840217590332,0.7729538083076477,0.3476840853691101,0.7579977512359619,3.1191558837890625,3.107086181640625,Fixation,899.3388951289189,1090.5732138745198,304.0,11.0,True,16,word,boy,1.0
2156.0,887.0912933349609,1096.214361190796,0.3414723575115204,0.7752693891525269,0.3465200364589691,0.7612599730491638,3.1505889892578125,3.114105224609375,Fixation,899.3388951289189,1090.5732138745198,304.0,11.0,True,16,word,boy,1.0
2160.0,899.0862274169922,1090.7702922821045,0.3356943726539612,0.7758161425590515,0.3512055575847626,0.7574793696403503,3.13958740234375,3.112289428710937,Fixation,899.3388951289189,1090.5732138745198,304.0,11.0,True,16,word,boy,1.0
2164.0,908.2830810546875,1088.415355682373,0.3347874581813812,0.7672541737556458,0.3547980785369873,0.755843997001648,3.1130828857421875,3.090972900390625,Fixation,899.3388951289189,1090.5732138745198,304.0,11.0,True,16,word,boy,1.0
2168.0,889.3338775634764,1099.7292137145996,0.3384970128536224,0.7689684629440308,0.347396045923233,0.7637008428573608,3.128036499023437,3.1236724853515625,Fixation,899.3388951289189,1090.5732138745198,304.0,11.0,True,16,word,boy,1.0
2172.0,896.1756134033203,1097.3419189453125,0.3364291191101074,0.7729454636573792,0.350068598985672,0.7620429992675781,3.12921142578125,3.0952911376953125,Fixation,899.3388951289189,1090.5732138745198,304.0,11.0,True,16,word,boy,1.0
2176.0,898.7651062011718,1089.1740989685059,0.3363179564476013,0.7671775221824646,0.3510801196098327,0.7563709020614624,3.11322021484375,3.0933990478515625,Fixation,899.3388951289189,1090.5732138745198,304.0,11.0,True,16,word,boy,1.0
2180.0,904.5587158203124,1105.2635765075684,0.3338608145713806,0.7739109992980957,0.3533432483673095,0.767544150352478,3.125213623046875,3.1246490478515625,Fixation,899.3388951289189,1090.5732138745198,304.0,11.0,True,16,word,boy,1.0
2184.0,894.1346740722655,1097.8629970550537,0.3347132802009582,0.7735171914100647,0.3492713570594787,0.7624048590660095,3.1201934814453125,3.1157989501953125,Fixation,899.3388951289189,1090.5732138745198,304.0,11.0,True,16,word,boy,1.0
2188.0,891.6872406005859,1098.4856986999512,0.3335790038108825,0.7727504372596741,0.3483153283596039,0.762837290763855,3.129974365234375,3.123626708984375,Fixation,899.3388951289189,1090.5732138745198,304.0,11.0,True,16,word,boy,1.0
2192.0,902.5193023681641,1092.2234058380127,0.3358626663684845,0.777047872543335,0.3525466024875641,0.7584884762763977,3.117950439453125,3.100799560546875,Fixation,899.3388951289189,1090.5732138745198,304.0,11.0,True,16,word,boy,1.0
2196.0,892.1554565429686,1100.442123413086,0.3352300524711609,0.7664470076560974,0.3484982252120971,0.7641959190368652,3.1085968017578125,3.1084442138671875,Fixation,899.3388951289189,1090.5732138745198,304.0,11.0,True,16,word,boy,1.0
2200.0,896.2306213378906,1100.2641105651855,0.3371171951293945,0.7722039818763733,0.3500900864601135,0.7640722990036011,3.133407592773437,3.1089630126953125,Fixation,899.3388951289189,1090.5732138745198,304.0,11.0,True,16,word,boy,1.0
2204.0,895.4318237304686,1099.2931938171387,0.3373355567455292,0.7712145447731018,0.3497780561447143,0.7633980512619019,3.1290740966796875,3.128875732421875,Fixation,899.3388951289189,1090.5732138745198,304.0,11.0,True,16,word,boy,1.0
2208.0,890.0907897949218,1091.2714576721191,0.3340744376182556,0.7693148851394653,0.3476917147636413,0.7578274011611938,3.1282196044921875,3.10076904296875,Fixation,899.3388951289189,1090.5732138745198,304.0,11.0,True,16,word,boy,1.0
2212.0,893.3556365966797,1093.1804180145264,0.3398622870445251,0.773162305355072,0.348967045545578,0.7591530680656433,3.118499755859375,3.0996856689453125,Fixation,899.3388951289189,1090.5732138745198,304.0,11.0,True,16,word,boy,1.0
2216.0,904.0460205078124,1098.008737564087,0.3385402262210846,0.7727105617523193,0.3531429767608642,0.7625060677528381,3.1262359619140625,3.10601806640625,Fixation,899.3388951289189,1090.5732138745198,304.0,11.0,True,16,word,boy,1.0
2220.0,888.2530975341796,1087.6381587982178,0.3430141508579254,0.7759343981742859,0.3469738662242889,0.7553042769432068,3.1417236328125,3.100448608398437,Fixation,899.3388951289189,1090.5732138745198,304.0,11.0,True,16,word,boy,1.0
2224.0,896.49169921875,1099.912805557251,0.3406617343425751,0.7744563817977905,0.3501920700073242,0.7638283371925354,3.124496459960937,3.1223907470703125,Fixation,899.3388951289189,1090.5732138745198,304.0,11.0,True,16,word,boy,1.0
2228.0,899.6009826660155,1090.1161766052246,0.3388745486736297,0.7725069522857666,0.3514066338539123,0.7570251226425171,3.13165283203125,3.095794677734375,Fixation,899.3388951289189,1090.5732138745198,304.0,11.0,True,16,word,boy,1.0
2232.0,895.5876159667968,1106.7432117462158,0.3396726846694946,0.7742875814437866,0.34983891248703,0.768571674823761,3.1456451416015625,3.1158447265625,Fixation,899.3388951289189,1090.5732138745198,304.0,11.0,True,16,word,boy,1.0
2236.0,894.3021392822264,1095.9878540039062,0.3400465548038482,0.7709322571754456,0.3493367731571197,0.7611026763916016,3.130844116210937,3.11865234375,Fixation,899.3388951289189,1090.5732138745198,304.0,11.0,True,16,word,boy,1.0
2240.0,896.0653686523438,1088.1076526641846,0.3387246131896972,0.7673222422599792,0.3500255346298218,0.7556303143501282,3.124130249023437,3.1161651611328125,Fixation,899.3388951289189,1090.5732138745198,304.0,11.0,True,16,word,boy,1.0
2244.0,900.2017974853514,1090.0924015045166,0.3384242653846741,0.7659799456596375,0.3516413271427154,0.7570086121559143,3.13470458984375,3.1092681884765625,Fixation,899.3388951289189,1090.5732138745198,304.0,11.0,True,16,word,boy,1.0
2248.0,897.4154663085936,1087.335433959961,0.339715301990509,0.7676649689674377,0.3505529165267944,0.755094051361084,3.140487670898437,3.11553955078125,Fixation,899.3388951289189,1090.5732138745198,304.0,11.0,True,16,word,boy,1.0
2252.0,910.5170440673828,1090.5737400054932,0.3391788005828857,0.7742810845375061,0.3556707203388214,0.7573428750038147,3.1521759033203125,3.11279296875,Fixation,899.3388951289189,1090.5732138745198,304.0,11.0,True,16,word,boy,1.0
2256.0,892.8200531005859,1079.983606338501,0.3388996124267578,0.7703720331192017,0.3487578332424164,0.7499886155128479,3.1525421142578125,3.120513916015625,Fixation,899.3388951289189,1090.5732138745198,304.0,11.0,True,16,word,boy,1.0
2260.0,905.5982971191406,1082.3186302185059,0.342276394367218,0.7760432362556458,0.3537493348121643,0.7516101598739624,3.1572418212890625,3.100448608398437,Fixation,899.3388951289189,1090.5732138745198,304.0,11.0,True,16,word,boy,1.0
2264.0,903.2703399658202,1088.249273300171,0.3381978273391723,0.7743990421295166,0.3528399765491485,0.7557286620140076,3.143157958984375,3.131744384765625,Fixation,899.3388951289189,1090.5732138745198,304.0,11.0,True,16,word,boy,1.0
2268.0,901.4810943603514,1081.7123222351074,0.3394550383090973,0.7699289917945862,0.3521410524845123,0.751189112663269,3.1439361572265625,3.12310791015625,Fixation,899.3388951289189,1090.5732138745198,304.0,11.0,True,16,word,boy,1.0
2272.0,899.7056579589843,1083.4939098358154,0.3378863334655761,0.7675089240074158,0.3514475226402282,0.7524263262748718,3.135284423828125,3.098907470703125,Fixation,899.3388951289189,1090.5732138745198,304.0,11.0,True,16,word,boy,1.0
2276.0,917.3201751708984,1085.3758335113525,0.3423734903335571,0.7756462097167969,0.3583281934261322,0.753733217716217,3.1572265625,3.11383056640625,Fixation,899.3388951289189,1090.5732138745198,304.0,11.0,True,16,word,boy,1.0
2280.0,906.4976501464843,1089.292631149292,0.3377984166145324,0.7728662490844727,0.3541006445884704,0.7564532160758972,3.157928466796875,3.126083374023437,Fixation,899.3388951289189,1090.5732138745198,304.0,11.0,True,16,word,boy,1.0
2284.0,903.0859375,1089.614667892456,0.3407137095928192,0.7697610855102539,0.3527679443359375,0.7566768527030945,3.1507720947265625,3.129989624023437,Fixation,899.3388951289189,1090.5732138745198,304.0,11.0,True,16,word,boy,1.0
2288.0,909.1065979003906,1085.6347846984863,0.3392606079578399,0.776976466178894,0.3551197648048401,0.7539130449295044,3.1548614501953125,3.1112823486328125,Fixation,899.3388951289189,1090.5732138745198,304.0,11.0,True,16,word,boy,1.0
2292.0,915.240249633789,1086.5513706207275,0.3359818160533905,0.7783302068710327,0.3575157225131988,0.7545495629310608,3.157318115234375,3.1328887939453125,Fixation,899.3388951289189,1090.5732138745198,304.0,11.0,True,16,word,boy,1.0
2296.0,911.9568634033203,1088.336477279663,0.3368805646896362,0.7801295518875122,0.356233149766922,0.7557892203330994,3.166168212890625,3.10540771484375,Fixation,899.3388951289189,1090.5732138745198,304.0,11.0,True,16,word,boy,1.0
2300.0,908.5267639160156,1086.6966819763184,0.3384289145469665,0.7742582559585571,0.3548932671546936,0.7546504735946655,3.15643310546875,3.0998077392578125,Fixation,899.3388951289189,1090.5732138745198,304.0,11.0,True,16,word,boy,1.0
2304.0,912.8357696533202,1084.7820568084717,0.3385916352272033,0.7700491547584534,0.3565764725208282,0.7533208727836609,3.15631103515625,3.126693725585937,Fixation,899.3388951289189,1090.5732138745198,304.0,11.0,True,16,word,boy,1.0
2308.0,912.9407501220703,1083.6204242706299,0.3373329937458038,0.7764279842376709,0.3566174805164337,0.7525141835212708,3.1582183837890625,3.117462158203125,Fixation,899.3388951289189,1090.5732138745198,304.0,11.0,True,16,word,boy,1.0
2312.0,913.1346130371093,1086.921730041504,0.3401719033718109,0.7735635638237,0.3566932082176208,0.7548067569732666,3.150665283203125,3.117645263671875,Fixation,899.3388951289189,1090.5732138745198,304.0,11.0,True,16,word,boy,1.0
2316.0,925.5997467041016,1086.0450553894043,0.3374777436256408,0.7686713337898254,0.3615624010562897,0.7541979551315308,3.15179443359375,3.118026733398437,Fixation,899.3388951289189,1090.5732138745198,304.0,11.0,True,16,word,boy,1.0
2320.0,942.1138763427734,1076.8956756591797,0.3472760021686554,0.7699193954467773,0.3680132329463959,0.7478442192077637,3.172348022460937,3.1181182861328125,Fixation,899.3388951289189,1090.5732138745198,304.0,11.0,True,16,word,boy,1.0
2324.0,963.1420135498046,1080.5636501312256,0.3627548813819885,0.7706392407417297,0.3762273490428924,0.75039142370224,3.16009521484375,3.13323974609375,Saccade,,,,0.0,False,17,,,
2328.0,1003.3702087402343,1081.412000656128,0.3736907243728637,0.7761420011520386,0.391941487789154,0.7509805560112,3.17230224609375,3.1057891845703125,Saccade,,,,0.0,False,17,,,
2332.0,1056.3168334960938,1083.50266456604,0.3844580352306366,0.774114191532135,0.4126237630844116,0.7524324059486389,3.162017822265625,3.133056640625,Saccade,,,,0.0,False,17,,,
2336.0,1088.6399078369138,1059.6407890319824,0.3963220119476318,0.7661214470863342,0.4252499639987945,0.7358616590499878,3.1869659423828125,3.078857421875,Fixation,1057.3475961124195,1086.082820892334,200.0,12.0,True,18,word,on,3.0
2340.0,1073.0418395996094,1073.1382656097412,0.3941031992435455,0.7605956792831421,0.4191569685935974,0.7452349066734314,3.19000244140625,3.110214233398437,Fixation,1057.3475961124195,1086.082820892334,200.0,12.0,True,18,word,on,3.0
2344.0,1071.5720367431638,1057.0645809173584,0.3924863636493683,0.7658671736717224,0.4185828268527984,0.7340726256370544,3.17498779296875,3.088134765625,Fixation,1057.3475961124195,1086.082820892334,200.0,12.0,True,18,word,on,3.0
2348.0,1048.8705444335935,1065.9823036193848,0.3935909271240234,0.7588564157485962,0.4097150564193725,0.7402654886245728,3.17547607421875,3.1156463623046875,Fixation,1057.3475961124195,1086.082820892334,200.0,12.0,True,18,word,on,3.0
2352.0,1043.818359375,1080.933837890625,0.3900927305221557,0.7639210224151611,0.4077415466308594,0.7506484985351562,3.181396484375,3.12945556640625,Fixation,1057.3475961124195,1086.082820892334,200.0,12.0,True,18,word,on,3.0
2356.0,1036.3815307617188,1077.6668643951416,0.3883901834487915,0.7637713551521301,0.4048365354537964,0.7483797669410706,3.1671905517578125,3.126937866210937,Fixation,1057.3475961124195,1086.082820892334,200.0,12.0,True,18,word,on,3.0
2360.0,1045.9654998779297,1074.1315841674805,0.390524685382843,0.7636898159980774,0.4085802733898163,0.745924711227417,3.1905670166015625,3.1025543212890625,Fixation,1057.3475961124195,1086.082820892334,200.0,12.0,True,18,word,on,3.0
2364.0,1055.1105499267576,1075.257511138916,0.3901783227920532,0.7679108381271362,0.4121525585651397,0.7467066049575806,3.180694580078125,3.1050567626953125,Fixation,1057.3475961124195,1086.082820892334,200.0,12.0,True,18,word,on,3.0
2368.0,1058.757553100586,1087.6811599731445,0.391798585653305,0.7672367095947266,0.4135771691799164,0.7553341388702393,3.178131103515625,3.1213531494140625,Fixation,1057.3475961124195,1086.082820892334,200.0,12.0,True,18,word,on,3.0
2372.0,1045.5826568603513,1083.3134937286377,0.396969586610794,0.7650034427642822,0.4084307253360748,0.752301037311554,3.1848602294921875,3.117431640625,Fixation,1057.3475961124195,1086.082820892334,200.0,12.0,True,18,word,on,3.0
2376.0,1051.9699096679688,1067.7614879608154,0.3937943577766418,0.7710838317871094,0.4109257459640503,0.7415010333061218,3.1853179931640625,3.124603271484375,Fixation,1057.3475961124195,1086.082820892334,200.0,12.0,True,18,word,on,3.0
2380.0,1055.2917480468748,1073.5347175598145,0.3948923051357269,0.7698869705200195,0.4122233390808105,0.7455102205276489,3.1962127685546875,3.115936279296875,Fixation,1057.3475961124195,1086.082820892334,200.0,12.0,True,18,word,on,3.0
2384.0,1047.628707885742,1078.727216720581,0.3907850682735443,0.7640382051467896,0.409229964017868,0.7491161227226257,3.1645050048828125,3.12640380859375,Fixation,1057.3475961124195,1086.082820892334,200.0,12.0,True,18,word,on,3.0
2388.0,1052.1497344970703,1076.3733959197998,0.3917261958122253,0.7735401391983032,0.4109959900379181,0.7474815249443054,3.171783447265625,3.128753662109375,Fixation,1057.3475961124195,1086.082820892334,200.0,12.0,True,18,word,on,3.0
2392.0,1046.9653320312498,1079.875717163086,0.3953533172607422,0.7702247500419617,0.408970832824707,0.7499136924743652,3.1880340576171875,3.1078338623046875,Fixation,1057.3475961124195,1086.082820892334,200.0,12.0,True,18,word,on,3.0
2396.0,1055.53840637207,1071.0179042816162,0.3908219933509826,0.7647438049316406,0.4123196899890899,0.7437624335289001,3.1580810546875,3.1082000732421875,Fixation,1057.3475961124195,1086.082820892334,200.0,12.0,True,18,word,on,3.0
2400.0,1046.292953491211,1089.04372215271,0.3942805230617523,0.7713738083839417,0.4087081849575043,0.7562803626060486,3.188095092773437,3.1381988525390625,Fixation,1057.3475961124195,1086.082820892334,200.0,12.0,True,18,word,on,3.0
2404.0,1055.9687042236326,1091.7359733581543,0.3932327330112457,0.7806517481803894,0.4124877750873565,0.7581499814987183,3.205902099609375,3.1203155517578125,Fixation,1057.3475961124195,1086.082820892334,200.0,12.0,True,18,word,on,3.0
2408.0,1050.642623901367,1098.070878982544,0.3951939642429352,0.7698372602462769,0.4104072749614715,0.7625492215156555,3.191802978515625,3.12567138671875,Fixation,1057.3475961124195,1086.082820892334,200.0,12.0,True,18,word,on,3.0
2412.0,1059.7238159179685,1100.7765197753906,0.3919094204902649,0.7747607231140137,0.4139546155929565,0.7644281387329102,3.185882568359375,3.1351318359375,Fixation,1057.3475961124195,1086.082820892334,200.0,12.0,True,18,word,on,3.0
2416.0,1064.735641479492,1084.5509147644043,0.3929177820682525,0.7737051248550415,0.4159123599529266,0.7531603574752808,3.17987060546875,3.127685546875,Fixation,1057.3475961124195,1086.082820892334,200.0,12.0,True,18,word,on,3.0
2420.0,1056.7631530761716,1087.719955444336,0.3890554010868072,0.767363965511322,0.4127981066703796,0.7553610801696777,3.1671600341796875,3.14910888671875,Fixation,1057.3475961124195,1086.082820892334,200.0,12.0,True,18,word,on,3.0
2424.0,1064.5664978027344,1087.4617767333984,0.3955115079879761,0.7789240479469299,0.4158462882041931,0.7551817893981934,3.198394775390625,3.1187286376953125,Fixation,1057.3475961124195,1086.082820892334,200.0,12.0,True,18,word,on,3.0
2428.0,1063.4697723388672,1095.6952571868896,0.390798270702362,0.773529052734375,0.41541787981987,0.7608994841575623,3.185150146484375,3.132553100585937,Fixation,1057.3475961124195,1086.082820892334,200.0,12.0,True,18,word,on,3.0
2432.0,1059.7650909423828,1087.5111293792725,0.3904840350151062,0.7745723724365234,0.4139707386493683,0.7552160620689392,3.1921844482421875,3.116729736328125,Fixation,1057.3475961124195,1086.082820892334,200.0,12.0,True,18,word,on,3.0
2436.0,1059.2386627197266,1093.9572715759277,0.3919340372085571,0.7730110287666321,0.4137651026248932,0.7596925497055054,3.1934967041015625,3.12548828125,Fixation,1057.3475961124195,1086.082820892334,200.0,12.0,True,18,word,on,3.0
2440.0,1057.6750183105469,1096.437349319458,0.3901453912258148,0.773274302482605,0.4131543040275574,0.7614148259162903,3.1954803466796875,3.161361694335937,Fixation,1057.3475961124195,1086.082820892334,200.0,12.0,True,18,word,on,3.0
2444.0,1064.9533081054685,1088.370122909546,0.3921744227409363,0.7772775292396545,0.4159973859786987,0.7558125853538513,3.215072631835937,3.13470458984375,Fixation,1057.3475961124195,1086.082820892334,200.0,12.0,True,18,word,on,3.0
2448.0,1069.6759796142576,1081.4592933654785,0.3905371427536011,0.7715196013450623,0.4178421795368194,0.7510133981704712,3.1959228515625,3.1211090087890625,Fixation,1057.3475961124195,1086.082820892334,200.0,12.0,True,18,word,on,3.0
2452.0,1064.5128631591795,1099.226417541504,0.3868434727191925,0.7593230605125427,0.4158253371715545,0.7633516788482666,3.1739044189453125,3.1490936279296875,Fixation,1057.3475961124195,1086.082820892334,200.0,12.0,True,18,word,on,3.0
2456.0,1061.2309265136719,1097.7487564086914,0.3912323415279388,0.7656821012496948,0.4145433306694031,0.7623255252838135,3.1834716796875,3.164413452148437,Fixation,1057.3475961124195,1086.082820892334,200.0,12.0,True,18,word,on,3.0
2460.0,1058.3570098876953,1083.5315036773682,0.387962281703949,0.7701318860054016,0.413420706987381,0.7524524331092834,3.189453125,3.1209869384765625,Fixation,1057.3475961124195,1086.082820892334,200.0,12.0,True,18,word,on,3.0
2464.0,1065.8361816406248,1096.8168926239014,0.3887931704521179,0.768407940864563,0.4163422584533691,0.7616783976554871,3.2078399658203125,3.170516967773437,Fixation,1057.3475961124195,1086.082820892334,200.0,12.0,True,18,word,on,3.0
2468.0,1064.9266052246091,1092.5745391845703,0.3886981904506683,0.7696415781974792,0.415986955165863,0.7587323188781738,3.1722869873046875,3.15185546875,Fixation,1057.3475961124195,1086.082820892334,200.0,12.0,True,18,word,on,3.0
2472.0,1054.6343994140623,1094.630184173584,0.3863985240459442,0.7638466358184814,0.4119665622711181,0.7601598501205444,3.19647216796875,3.140960693359375,Fixation,1057.3475961124195,1086.082820892334,200.0,12.0,True,18,word,on,3.0
2476.0,1063.4021759033203,1082.0240592956543,0.3874029517173767,0.7701497673988342,0.4153914749622345,0.7514055967330933,3.197509765625,3.1489715576171875,Fixation,1057.3475961124195,1086.082820892334,200.0,12.0,True,18,word,on,3.0
2480.0,1062.0901489257812,1096.039867401123,0.3897990882396698,0.770127534866333,0.4148789644241333,0.7611387968063354,3.191024780273437,3.1620025634765625,Fixation,1057.3475961124195,1086.082820892334,200.0,12.0,True,18,word,on,3.0
2484.0,1063.57551574707,1091.7024993896484,0.3912214040756225,0.7713227272033691,0.4154591858386993,0.7581267356872559,3.2051239013671875,3.152938842773437,Fixation,1057.3475961124195,1086.082820892334,200.0,12.0,True,18,word,on,3.0
2488.0,1054.0366363525388,1085.8363151550293,0.3933749496936798,0.7674935460090637,0.4117330610752105,0.754052996635437,3.211532592773437,3.149887084960937,Fixation,1057.3475961124195,1086.082820892334,200.0,12.0,True,18,word,on,3.0
2492.0,1057.8961944580078,1085.2683734893799,0.3910457789897918,0.780681848526001,0.4132407009601593,0.7536585927009583,3.20562744140625,3.1653594970703125,Fixation,1057.3475961124195,1086.082820892334,200.0,12.0,True,18,word,on,3.0
2496.0,1060.8570098876953,1090.204839706421,0.3936235010623932,0.7759625911712646,0.414397269487381,0.7570866942405701,3.2116851806640625,3.1539306640625,Fixation,1057.3475961124195,1086.082820892334,200.0,12.0,True,18,word,on,3.0
2500.0,1058.6297607421875,1096.1152267456055,0.39020636677742,0.7712219953536987,0.413527250289917,0.7611911296844482,3.196395874023437,3.1697235107421875,Fixation,1057.3475961124195,1086.082820892334,200.0,12.0,True,18,word,on,3.0
2504.0,1046.4821624755857,1093.990831375122,0.3904407024383545,0.7752255201339722,0.4087820947170257,0.7597158551216125,3.1949005126953125,3.160430908203125,Fixation,1057.3475961124195,1086.082820892334,200.0,12.0,True,18,word,on,3.0
2508.0,1047.7123260498045,1102.0256996154785,0.3925821185111999,0.7728379368782043,0.4092626273632049,0.7652956247329712,3.184173583984375,3.1948699951171875,Fixation,1057.3475961124195,1086.082820892334,200.0,12.0,True,18,word,on,3.0
2512.0,1059.1354370117185,1097.0443439483643,0.3933412730693817,0.7745568156242371,0.4137247800827026,0.7618363499641418,3.209320068359375,3.184600830078125,Fixation,1057.3475961124195,1086.082820892334,200.0,12.0,True,18,word,on,3.0
2516.0,1057.4388885498045,1091.7377758026123,0.389521449804306,0.7727614641189575,0.4130620658397674,0.7581512331962585,3.18927001953125,3.151580810546875,Fixation,1057.3475961124195,1086.082820892334,200.0,12.0,True,18,word,on,3.0
2520.0,1055.6753540039062,1093.7178897857666,0.3865235447883606,0.7741014361381531,0.4123731851577759,0.7595263123512268,3.1895904541015625,3.17779541015625,Fixation,1057.3475961124195,1086.082820892334,200.0,12.0,True,18,word,on,3.0
2524.0,1052.5810241699216,1092.6790809631348,0.3912832736968994,0.7784655094146729,0.4111644625663757,0.7588049173355103,3.2025299072265625,3.1831207275390625,Fixation,1057.3475961124195,1086.082820892334,200.0,12.0,True,18,word,on,3.0
2528.0,1039.8148345947263,1084.7557067871094,0.3895472288131714,0.7822007536888123,0.406177669763565,0.7533025741577148,3.218841552734375,3.169174194335937,Fixation,1057.3475961124195,1086.082820892334,200.0,12.0,True,18,word,on,3.0
2532.0,1038.0115509033203,1091.614351272583,0.3901847302913666,0.7764756679534912,0.4054732620716095,0.7580655217170715,3.221908569335937,3.188446044921875,Fixation,1057.3475961124195,1086.082820892334,200.0,12.0,True,18,word,on,3.0
2536.0,1087.1348571777344,1086.047716140747,0.4056536853313446,0.7742485404014587,0.4246620535850525,0.7541998028755188,3.2173309326171875,3.186141967773437,Fixation,1057.3475961124195,1086.082820892334,200.0,12.0,True,18,word,on,3.0
2540.0,1144.1770172119138,1082.9343795776367,0.4280185401439667,0.7730808258056641,0.4469441473484039,0.752037763595581,3.20867919921875,3.1586456298828125,Fixation,1224.7472490583148,1079.9053502082825,108.0,13.0,True,19,word,snowboard,5.0
2544.0,1181.156768798828,1073.5596942901611,0.4340242147445678,0.7787850499153137,0.4613893628120422,0.7455275654792786,3.251327514648437,3.1640777587890625,Fixation,1224.7472490583148,1079.9053502082825,108.0,13.0,True,19,word,snowboard,5.0
2548.0,1205.0183105468748,1084.048547744751,0.437797337770462,0.7757568359375,0.470710277557373,0.7528114914894104,3.1951904296875,3.153060913085937,Fixation,1224.7472490583148,1079.9053502082825,108.0,13.0,True,19,word,snowboard,5.0
2552.0,1197.1920013427734,1076.390905380249,0.4419374465942383,0.7871766090393066,0.4676531255245209,0.7474936842918396,3.248199462890625,3.12396240234375,Fixation,1224.7472490583148,1079.9053502082825,108.0,13.0,True,19,word,snowboard,5.0
2556.0,1201.5674591064453,1078.366985321045,0.4467003047466278,0.7742434740066528,0.4693622887134552,0.7488659620285034,3.213485717773437,3.15362548828125,Fixation,1224.7472490583148,1079.9053502082825,108.0,13.0,True,19,word,snowboard,5.0
2560.0,1210.3878021240232,1076.9615936279297,0.4526798725128174,0.7720357775688171,0.4728077352046966,0.7478899955749512,3.2227325439453125,3.160369873046875,Fixation,1224.7472490583148,1079.9053502082825,108.0,13.0,True,19,word,snowboard,5.0
2564.0,1222.0421600341795,1086.1017036437988,0.4578576683998108,0.7764062285423279,0.4773602187633514,0.7542372941970825,3.2189178466796875,3.159652709960937,Fixation,1224.7472490583148,1079.9053502082825,108.0,13.0,True,19,word,snowboard,5.0
2568.0,1229.4219970703125,1082.6761150360107,0.4558346569538116,0.7745136022567749,0.4802429676055908,0.7518584132194519,3.21771240234375,3.130706787109375,Fixation,1224.7472490583148,1079.9053502082825,108.0,13.0,True,19,word,snowboard,5.0
2572.0,1222.939682006836,1072.0933628082275,0.4595481157302856,0.7753503918647766,0.4777108132839203,0.7445092797279358,3.2278289794921875,3.1548309326171875,Fixation,1224.7472490583148,1079.9053502082825,108.0,13.0,True,19,word,snowboard,5.0
2576.0,1213.4638214111326,1078.0155944824219,0.4550521075725555,0.7734358906745911,0.4740093052387237,0.748621940612793,3.2120513916015625,3.143707275390625,Fixation,1224.7472490583148,1079.9053502082825,108.0,13.0,True,19,word,snowboard,5.0
2580.0,1222.371368408203,1079.9733066558838,0.4520456790924072,0.7690818905830383,0.4774888157844543,0.7499814629554749,3.1910858154296875,3.16925048828125,Fixation,1224.7472490583148,1079.9053502082825,108.0,13.0,True,19,word,snowboard,5.0
2584.0,1217.6441955566404,1079.6948719024658,0.4556622803211212,0.7797631025314331,0.4756422638893127,0.7497881054878235,3.2316436767578125,3.1400604248046875,Fixation,1224.7472490583148,1079.9053502082825,108.0,13.0,True,19,word,snowboard,5.0
2588.0,1230.6311798095703,1087.2889995574951,0.4602901041507721,0.7744326591491699,0.4807153046131134,0.7550618052482605,3.2272491455078125,3.164901733398437,Fixation,1224.7472490583148,1079.9053502082825,108.0,13.0,True,19,word,snowboard,5.0
2592.0,1223.8554382324219,1074.0244674682617,0.454763799905777,0.77510666847229,0.4780685305595398,0.7458503246307373,3.21258544921875,3.1546630859375,Fixation,1224.7472490583148,1079.9053502082825,108.0,13.0,True,19,word,snowboard,5.0
2596.0,1234.5375061035156,1078.5468006134033,0.4538449048995971,0.7825056910514832,0.4822412133216858,0.7489908337593079,3.232879638671875,3.1544189453125,Fixation,1224.7472490583148,1079.9053502082825,108.0,13.0,True,19,word,snowboard,5.0
2600.0,1240.3620147705078,1087.250633239746,0.4564279615879059,0.7846784591674805,0.4845164120197296,0.7550351619720459,3.2313995361328125,3.154144287109375,Fixation,1224.7472490583148,1079.9053502082825,108.0,13.0,True,19,word,snowboard,5.0
2604.0,1236.322784423828,1083.6173343658447,0.4578647315502167,0.7748034596443176,0.4829385876655578,0.7525120377540588,3.221527099609375,3.156494140625,Fixation,1224.7472490583148,1079.9053502082825,108.0,13.0,True,19,word,snowboard,5.0
2608.0,1234.7389221191406,1082.8699207305908,0.453527957201004,0.7713391780853271,0.4823198914527893,0.7519930005073547,3.1894683837890625,3.1639556884765625,Fixation,1224.7472490583148,1079.9053502082825,108.0,13.0,True,19,word,snowboard,5.0
2612.0,1237.5923156738281,1078.4654331207275,0.4558755755424499,0.7731617093086243,0.4834344983100891,0.7489343285560608,3.196380615234375,3.158203125,Fixation,1224.7472490583148,1079.9053502082825,108.0,13.0,True,19,word,snowboard,5.0
2616.0,1232.0054626464841,1078.346815109253,0.4585956633090973,0.7771528959274292,0.4812521338462829,0.7488519549369812,3.241607666015625,3.158233642578125,Fixation,1224.7472490583148,1079.9053502082825,108.0,13.0,True,19,word,snowboard,5.0
2620.0,1250.1737976074216,1083.2976150512695,0.4546020925045013,0.7726054191589355,0.4883491396903991,0.7522900104522705,3.1985626220703125,3.1482696533203125,Fixation,1224.7472490583148,1079.9053502082825,108.0,13.0,True,19,word,snowboard,5.0
2624.0,1242.641677856445,1077.4146938323975,0.456172376871109,0.7820261120796204,0.4854069054126739,0.7482046484947205,3.2456512451171875,3.158782958984375,Fixation,1224.7472490583148,1079.9053502082825,108.0,13.0,True,19,word,snowboard,5.0
2628.0,1239.824752807617,1082.3303031921387,0.4573657214641571,0.7773471474647522,0.4843065440654754,0.7516182661056519,3.22265625,3.1465606689453125,Fixation,1224.7472490583148,1079.9053502082825,108.0,13.0,True,19,word,snowboard,5.0
2632.0,1247.3406219482422,1072.8194904327393,0.4596188962459564,0.7765202522277832,0.4872424304485321,0.7450135350227356,3.2197723388671875,3.181869506835937,Fixation,1224.7472490583148,1079.9053502082825,108.0,13.0,True,19,word,snowboard,5.0
2636.0,1246.3219451904297,1069.5207595825195,0.4573645889759063,0.7772766351699829,0.4868445098400116,0.742722749710083,3.2750701904296875,3.158294677734375,Fixation,1224.7472490583148,1079.9053502082825,108.0,13.0,True,19,word,snowboard,5.0
2640.0,1247.513961791992,1080.5789279937744,0.4528414011001587,0.7761824727058411,0.4873101413249969,0.75040203332901,3.223175048828125,3.1811065673828125,Fixation,1224.7472490583148,1079.9053502082825,108.0,13.0,True,19,word,snowboard,5.0
2644.0,1239.4618225097656,1086.5471649169922,0.4564252495765686,0.7747330069541931,0.4841647744178772,0.7545466423034668,3.2390899658203125,3.1770782470703125,Fixation,1224.7472490583148,1079.9053502082825,108.0,13.0,True,19,word,snowboard,5.0
2648.0,1242.2161865234375,1083.6133861541748,0.4538714289665222,0.7834582924842834,0.4852406978607178,0.7525092959403992,3.224105834960937,3.180938720703125,Fixation,1224.7472490583148,1079.9053502082825,108.0,13.0,True,19,word,snowboard,5.0
2652.0,1253.7287139892576,1077.9948234558105,0.4567849040031433,0.7733199000358582,0.4897377789020538,0.7486075162887573,3.232330322265625,3.156494140625,Fixation,1246.271923828125,1081.079049682617,96.0,14.0,True,20,word,snowboard,5.0
2656.0,1260.0110626220703,1080.7645797729492,0.4601930379867553,0.7758893966674805,0.4921918213367462,0.7505309581756592,3.2327880859375,3.17547607421875,Fixation,1246.271923828125,1081.079049682617,96.0,14.0,True,20,word,snowboard,5.0
2660.0,1246.34651184082,1092.8742599487305,0.4572795033454895,0.7733410000801086,0.4868541061878204,0.7589404582977295,3.2356414794921875,3.1840362548828125,Fixation,1246.271923828125,1081.079049682617,96.0,14.0,True,20,word,snowboard,5.0
2664.0,1239.6202850341795,1085.3258800506592,0.4581552147865295,0.7749565243721008,0.4842266738414764,0.7536985278129578,3.234161376953125,3.1730499267578125,Fixation,1246.271923828125,1081.079049682617,96.0,14.0,True,20,word,snowboard,5.0
2668.0,1240.4276275634763,1081.536455154419,0.4539147615432739,0.7672960758209229,0.484542042016983,0.7510669827461243,3.217025756835937,3.1950836181640625,Fixation,1246.271923828125,1081.079049682617,96.0,14.0,True,20,word,snowboard,5.0
2672.0,1258.1668853759763,1081.814546585083,0.4571470320224762,0.763695240020752,0.4914714395999908,0.7512601017951965,3.2075958251953125,3.1730194091796875,Fixation,1246.271923828125,1081.079049682617,96.0,14.0,True,20,word,snowboard,5.0
2676.0,1237.2395324707031,1083.3531475067139,0.4566492736339569,0.7718053460121155,0.4832966923713684,0.7523285746574402,3.252197265625,3.1914520263671875,Fixation,1246.271923828125,1081.079049682617,96.0,14.0,True,20,word,snowboard,5.0
2680.0,1253.376541137695,1083.0139446258545,0.4535252451896667,0.7640253305435181,0.4896002113819122,0.7520930171012878,3.222274780273437,3.1693572998046875,Fixation,1246.271923828125,1081.079049682617,96.0,14.0,True,20,word,snowboard,5.0
2684.0,1244.213409423828,1079.2005729675293,0.4541905224323272,0.7769525051116943,0.4860208630561828,0.749444842338562,3.222503662109375,3.167709350585937,Fixation,1246.271923828125,1081.079049682617,96.0,14.0,True,20,word,snowboard,5.0
2688.0,1242.6580047607422,1082.2527122497559,0.4561304152011871,0.7649809122085571,0.4854132831096649,0.7515643835067749,3.2329864501953125,3.18975830078125,Fixation,1246.271923828125,1081.079049682617,96.0,14.0,True,20,word,snowboard,5.0
2692.0,1232.9351043701172,1087.7187538146973,0.4588679671287536,0.7728040218353271,0.481615275144577,0.7553602457046509,3.2513885498046875,3.1984100341796875,Fixation,1246.271923828125,1081.079049682617,96.0,14.0,True,20,word,snowboard,5.0
2696.0,1234.739303588867,1083.2729816436768,0.4557570815086365,0.7699905037879944,0.4823200404644012,0.75227290391922,3.2496795654296875,3.18548583984375,Fixation,1246.271923828125,1081.079049682617,96.0,14.0,True,20,word,snowboard,5.0
2700.0,1257.055740356445,1093.5694885253906,0.4572260975837707,0.7686436176300049,0.4910373985767364,0.7594232559204102,3.244613647460937,3.198471069335937,Fixation,1246.271923828125,1081.079049682617,96.0,14.0,True,20,word,snowboard,5.0
2704.0,1238.7815856933594,1080.3761959075928,0.4525242149829864,0.7685671448707581,0.4838990569114685,0.7502612471580505,3.22540283203125,3.1848907470703125,Fixation,1246.271923828125,1081.079049682617,96.0,14.0,True,20,word,snowboard,5.0
2708.0,1240.6126403808594,1088.7040901184082,0.456798791885376,0.7643696665763855,0.4846143126487732,0.7560445070266724,3.242645263671875,3.193206787109375,Fixation,1246.271923828125,1081.079049682617,96.0,14.0,True,20,word,snowboard,5.0
2712.0,1237.3178863525388,1084.0471744537354,0.4592667520046234,0.7656717896461487,0.4833272993564605,0.752810537815094,3.2324981689453125,3.1788482666015625,Fixation,1246.271923828125,1081.079049682617,96.0,14.0,True,20,word,snowboard,5.0
2716.0,1244.3682861328125,1084.417963027954,0.4570870399475097,0.7718621492385864,0.4860813617706299,0.7530680298805237,3.2484130859375,3.1876373291015625,Fixation,1246.271923828125,1081.079049682617,96.0,14.0,True,20,word,snowboard,5.0
2720.0,1229.8669433593748,1073.5451889038086,0.4584484398365021,0.7668583393096924,0.4804167747497558,0.7455174922943115,3.251449584960937,3.192535400390625,Fixation,1246.271923828125,1081.079049682617,96.0,14.0,True,20,word,snowboard,5.0
2724.0,1245.2375793457031,1085.4451847076416,0.4611039757728576,0.7706840634346008,0.4864209294319153,0.7537813782691956,3.2475738525390625,3.1976318359375,Fixation,1246.271923828125,1081.079049682617,96.0,14.0,True,20,word,snowboard,5.0
2728.0,1243.4859466552734,1064.8100280761719,0.4631617963314056,0.7682461142539978,0.4857366979122162,0.7394514083862305,3.249542236328125,3.152191162109375,Fixation,1246.271923828125,1081.079049682617,96.0,14.0,True,20,word,snowboard,5.0
2732.0,1238.4940338134766,1064.271011352539,0.4614662230014801,0.7664720416069031,0.4837867319583893,0.739077091217041,3.2522430419921875,3.1909637451171875,Fixation,1246.271923828125,1081.079049682617,96.0,14.0,True,20,word,snowboard,5.0
2736.0,1235.8848571777344,1064.3344402313232,0.4606773853302002,0.7744186520576477,0.4827675223350525,0.73912113904953,3.270751953125,3.1747283935546875,Fixation,1246.271923828125,1081.079049682617,96.0,14.0,True,20,word,snowboard,5.0
2740.0,1245.671691894531,1078.6110019683838,0.4626628756523132,0.7652918100357056,0.4865905046463012,0.7490354180335999,3.2400360107421875,3.1871490478515625,Fixation,1246.271923828125,1081.079049682617,96.0,14.0,True,20,word,snowboard,5.0
2744.0,1262.0040893554688,1080.3868389129639,0.473974734544754,0.7673213481903076,0.49297034740448,0.7502686381340027,3.239837646484375,3.1903228759765625,Fixation,1246.271923828125,1081.079049682617,96.0,14.0,True,20,word,snowboard,5.0
2748.0,1294.5538330078125,1085.3349781036377,0.4831921756267547,0.7689915895462036,0.5056850910186768,0.753704845905304,3.258773803710937,3.216156005859375,Fixation,1246.271923828125,1081.079049682617,96.0,14.0,True,20,word,snowboard,5.0
2752.0,1339.6133422851562,1084.475040435791,0.5015835762023926,0.7620856165885925,0.5232864618301392,0.7531076669692993,3.242050170898437,3.2084503173828125,Fixation,1405.0956107474663,1096.9120695784286,144.0,15.0,True,21,word,snowboard,5.0
2756.0,1368.4652709960938,1088.4093475341797,0.5098448991775513,0.7717919945716858,0.5345567464828491,0.7558398246765137,3.25537109375,3.1901397705078125,Fixation,1405.0956107474663,1096.9120695784286,144.0,15.0,True,21,word,snowboard,5.0
2760.0,1379.3838500976562,1087.388563156128,0.5180537700653076,0.7708293199539185,0.538821816444397,0.7551309466362,3.2649383544921875,3.206405639648437,Fixation,1405.0956107474663,1096.9120695784286,144.0,15.0,True,21,word,snowboard,5.0
2764.0,1384.6934509277344,1092.711353302002,0.5111262798309326,0.7677404880523682,0.5408958792686462,0.7588273286819458,3.2415313720703125,3.216400146484375,Fixation,1405.0956107474663,1096.9120695784286,144.0,15.0,True,21,word,snowboard,5.0
2768.0,1396.2420654296875,1093.4046077728271,0.5191605687141418,0.7629714608192444,0.5454070568084717,0.7593087553977966,3.241119384765625,3.210113525390625,Fixation,1405.0956107474663,1096.9120695784286,144.0,15.0,True,21,word,snowboard,5.0
2772.0,1410.1585388183594,1096.5826606750488,0.5267725586891174,0.7621251344680786,0.5508431792259216,0.761515736579895,3.2439727783203125,3.211456298828125,Fixation,1405.0956107474663,1096.9120695784286,144.0,15.0,True,21,word,snowboard,5.0
2776.0,1422.4278259277344,1096.1802864074707,0.5385045409202576,0.7665581703186035,0.5556358695030212,0.761236310005188,3.277374267578125,3.201416015625,Fixation,1405.0956107474663,1096.9120695784286,144.0,15.0,True,21,word,snowboard,5.0
2780.0,1414.8011779785156,1090.8411884307861,0.5377933382987976,0.764320969581604,0.5526567101478577,0.7575286030769348,3.264633178710937,3.2133331298828125,Fixation,1405.0956107474663,1096.9120695784286,144.0,15.0,True,21,word,snowboard,5.0
2784.0,1395.164794921875,1097.8902912139893,0.5312249064445496,0.7727412581443787,0.5449862480163574,0.7624238133430481,3.27154541015625,3.222259521484375,Fixation,1405.0956107474663,1096.9120695784286,144.0,15.0,True,21,word,snowboard,5.0
2788.0,1392.9791259765625,1096.746425628662,0.5270146131515503,0.7677855491638184,0.5441324710845947,0.7616294622421265,3.254302978515625,3.2229766845703125,Fixation,1405.0956107474663,1096.9120695784286,144.0,15.0,True,21,word,snowboard,5.0
2792.0,1389.8970031738281,1103.8114070892334,0.529507577419281,0.7604708075523376,0.5429285168647766,0.7665356993675232,3.253814697265625,3.227890014648437,Fixation,1405.0956107474663,1096.9120695784286,144.0,15.0,True,21,word,snowboard,5.0
2796.0,1406.7658996582031,1100.5965328216553,0.5281957387924194,0.7690107822418213,0.5495179295539856,0.7643031477928162,3.2895660400390625,3.2053680419921875,Fixation,1405.0956107474663,1096.9120695784286,144.0,15.0,True,21,word,snowboard,5.0
2800.0,1401.1251831054688,1100.407361984253,0.5355507135391235,0.7545133233070374,0.5473145246505737,0.7641717791557312,3.2615509033203125,3.199798583984375,Fixation,1405.0956107474663,1096.9120695784286,144.0,15.0,True,21,word,snowboard,5.0
2804.0,1406.4268493652344,1094.4204139709473,0.5303740501403809,0.7617546319961548,0.5493854880332947,0.7600141763687134,3.2665557861328125,3.1943511962890625,Fixation,1405.0956107474663,1096.9120695784286,144.0,15.0,True,21,word,snowboard,5.0
2808.0,1407.6251220703125,1096.3908290863037,0.533995509147644,0.7597758173942566,0.5498535633087158,0.761382520198822,3.2636260986328125,3.2031707763671875,Fixation,1405.0956107474663,1096.9120695784286,144.0,15.0,True,21,word,snowboard,5.0
2812.0,1395.1402282714844,1092.0101165771484,0.5325590968132019,0.7640244960784912,0.5449766516685486,0.7583403587341309,3.24609375,3.208953857421875,Fixation,1405.0956107474663,1096.9120695784286,144.0,15.0,True,21,word,snowboard,5.0
2816.0,1402.6896667480469,1103.2999420166016,0.5374228954315186,0.7737449407577515,0.5479256510734558,0.7661805152893066,3.280868530273437,3.211654663085937,Fixation,1405.0956107474663,1096.9120695784286,144.0,15.0,True,21,word,snowboard,5.0
2820.0,1406.6525268554688,1097.1043395996094,0.535475492477417,0.7651095986366272,0.5494736433029175,0.7618780136108398,3.248626708984375,3.212020874023437,Fixation,1405.0956107474663,1096.9120695784286,144.0,15.0,True,21,word,snowboard,5.0
2824.0,1399.9310302734375,1100.3435897827148,0.5360711216926575,0.7643426060676575,0.5468480587005615,0.7641274929046631,3.247711181640625,3.223251342773437,Fixation,1405.0956107474663,1096.9120695784286,144.0,15.0,True,21,word,snowboard,5.0
2828.0,1405.7675170898438,1094.0734004974365,0.5301212072372437,0.7673249840736389,0.5491279363632202,0.7597731947898865,3.249114990234375,3.2086639404296875,Fixation,1405.0956107474663,1096.9120695784286,144.0,15.0,True,21,word,snowboard,5.0
2832.0,1401.21826171875,1093.0203437805176,0.5370822548866272,0.7700546979904175,0.5473508834838867,0.7590419054031372,3.2725372314453125,3.2284698486328125,Fixation,1405.0956107474663,1096.9120695784286,144.0,15.0,True,21,word,snowboard,5.0
2836.0,1413.5406494140625,1094.2022323608398,0.5346345901489258,0.7692323923110962,0.5521643161773682,0.7598626613616943,3.260238647460937,3.20843505859375,Fixation,1405.0956107474663,1096.9120695784286,144.0,15.0,True,21,word,snowboard,5.0
2840.0,1405.5636596679688,1098.8114261627197,0.5313836336135864,0.7669267058372498,0.5490483045578003,0.7630634903907776,3.2649688720703125,3.2102813720703125,Fixation,1405.0956107474663,1096.9120695784286,144.0,15.0,True,21,word,snowboard,5.0
2844.0,1412.3257446289062,1096.6326141357422,0.5286728143692017,0.767202615737915,0.5516897439956665,0.7615504264831543,3.2614288330078125,3.202178955078125,Fixation,1405.0956107474663,1096.9120695784286,144.0,15.0,True,21,word,snowboard,5.0
2848.0,1411.4161682128906,1099.500389099121,0.5324763655662537,0.7690542340278625,0.5513344407081604,0.7635419368743896,3.2439727783203125,3.205429077148437,Fixation,1405.0956107474663,1096.9120695784286,144.0,15.0,True,21,word,snowboard,5.0
2852.0,1406.3385009765625,1103.1601238250732,0.536841630935669,0.7645308375358582,0.5493509769439697,0.7660834193229675,3.2776031494140625,3.215240478515625,Fixation,1405.0956107474663,1096.9120695784286,144.0,15.0,True,21,word,snowboard,5.0
2856.0,1409.9168395996094,1100.614128112793,0.532214879989624,0.7628805041313171,0.5507487654685974,0.7643153667449951,3.2560272216796875,3.2196044921875,Fixation,1405.0956107474663,1096.9120695784286,144.0,15.0,True,21,word,snowboard,5.0
2860.0,1411.7332458496094,1097.956895828247,0.5389248728752136,0.7683989405632019,0.5514582991600037,0.7624700665473938,3.26153564453125,3.199325561523437,Fixation,1405.0956107474663,1096.9120695784286,144.0,15.0,True,21,word,snowboard,5.0
2864.0,1416.8672180175781,1091.8715858459473,0.5345205664634705,0.762285590171814,0.5534637570381165,0.7582441568374634,3.252685546875,3.2044830322265625,Fixation,1405.0956107474663,1096.9120695784286,144.0,15.0,True,21,word,snowboard,5.0
2868.0,1419.163818359375,1096.8700218200684,0.5365899205207825,0.7566962242126465,0.5543608665466309,0.761715292930603,3.231048583984375,3.2041778564453125,Fixation,1405.0956107474663,1096.9120695784286,144.0,15.0,True,21,word,snowboard,5.0
2872.0,1410.0576782226562,1098.4912776947021,0.5386713743209839,0.7712612152099609,0.5508037805557251,0.7628411650657654,3.28131103515625,3.2283935546875,Fixation,1405.0956107474663,1096.9120695784286,144.0,15.0,True,21,word,snowboard,5.0
2876.0,1422.2065734863281,1099.2635822296143,0.5346972346305847,0.7704980373382568,0.5555494427680969,0.7633774876594543,3.2840118408203125,3.2010040283203125,Fixation,1405.0956107474663,1096.9120695784286,144.0,15.0,True,21,word,snowboard,5.0
2880.0,1415.9661865234375,1103.7774181365967,0.5357811450958252,0.7671879529953003,0.5531117916107178,0.7665120959281921,3.2792205810546875,3.2291259765625,Fixation,1405.0956107474663,1096.9120695784286,144.0,15.0,True,21,word,snowboard,5.0
2884.0,1420.3935241699219,1094.456377029419,0.53494793176651,0.7636107802391052,0.5548412203788757,0.7600391507148743,3.2735748291015625,3.213409423828125,Fixation,1405.0956107474663,1096.9120695784286,144.0,15.0,True,21,word,snowboard,5.0
2888.0,1420.5754089355469,1099.8989009857178,0.5326902270317078,0.7630119323730469,0.554912269115448,0.7638186812400818,3.275848388671875,3.231201171875,Fixation,1405.0956107474663,1096.9120695784286,144.0,15.0,True,21,word,snowboard,5.0
2892.0,1428.6083984375,1103.0913734436035,0.5299790501594543,0.7626107931137085,0.5580501556396484,0.7660356760025024,3.259796142578125,3.215850830078125,Fixation,1405.0956107474663,1096.9120695784286,144.0,15.0,True,21,word,snowboard,5.0
2896.0,1436.6952514648438,1107.0401859283447,0.5457464456558228,0.7658907771110535,0.5612090826034546,0.7687779068946838,3.284393310546875,3.2186737060546875,Fixation,1405.0956107474663,1096.9120695784286,144.0,15.0,True,21,word,snowboard,5.0
2900.0,1486.3662719726562,1115.8961963653564,0.5680138468742371,0.7730532884597778,0.5806118249893188,0.7749279141426086,3.2944793701171875,3.222686767578125,Fixation,1561.4993243747288,1105.97562789917,140.0,16.0,True,22,word,path,8.0
2904.0,1551.2017822265625,1102.5012016296387,0.5851157307624817,0.7743135094642639,0.605938196182251,0.7656258344650269,3.3068389892578125,3.2111358642578125,Fixation,1561.4993243747288,1105.97562789917,140.0,16.0,True,22,word,path,8.0
2908.0,1590.4763793945312,1101.0156440734863,0.5960263013839722,0.7828459739685059,0.6212798357009888,0.7645941972732544,3.3209991455078125,3.1951446533203125,Fixation,1561.4993243747288,1105.97562789917,140.0,16.0,True,22,word,path,8.0
2912.0,1580.2598571777344,1114.484453201294,0.6091194152832031,0.7806053161621094,0.6172890067100525,0.773947536945343,3.3356170654296875,3.2186279296875,Fixation,1561.4993243747288,1105.97562789917,140.0,16.0,True,22,word,path,8.0
2916.0,1573.3952331542969,1106.6553211212158,0.6062512397766113,0.7859372496604919,0.6146075129508972,0.768510639667511,3.326751708984375,3.1937713623046875,Fixation,1561.4993243747288,1105.97562789917,140.0,16.0,True,22,word,path,8.0
2920.0,1566.7428588867188,1114.0863704681396,0.6008513569831848,0.7793087363243103,0.6120089292526245,0.7736710906028748,3.3159332275390625,3.1988983154296875,Fixation,1561.4993243747288,1105.97562789917,140.0,16.0,True,22,word,path,8.0
2924.0,1553.1869506835938,1109.657335281372,0.6009396314620972,0.7719630002975464,0.6067136526107788,0.770595371723175,3.3042144775390625,3.2058258056640625,Fixation,1561.4993243747288,1105.97562789917,140.0,16.0,True,22,word,path,8.0
2928.0,1551.6567993164062,1107.2600841522217,0.5980208516120911,0.7815168499946594,0.6061159372329712,0.7689306139945984,3.321014404296875,3.183807373046875,Fixation,1561.4993243747288,1105.97562789917,140.0,16.0,True,22,word,path,8.0
2932.0,1549.0745544433594,1110.271110534668,0.5943335890769958,0.7721049189567566,0.6051072478294373,0.7710216045379639,3.286041259765625,3.1991119384765625,Fixation,1561.4993243747288,1105.97562789917,140.0,16.0,True,22,word,path,8.0
2936.0,1555.2479553222656,1108.2331466674805,0.5986125469207764,0.7731733918190002,0.60751873254776,0.769606351852417,3.2937774658203125,3.194732666015625,Fixation,1561.4993243747288,1105.97562789917,140.0,16.0,True,22,word,path,8.0
2940.0,1552.7560424804688,1109.6032619476318,0.598297655582428,0.7794249057769775,0.6065453290939331,0.7705578207969666,3.30267333984375,3.2053985595703125,Fixation,1561.4993243747288,1105.97562789917,140.0,16.0,True,22,word,path,8.0
2944.0,1567.2929382324219,1101.5114879608154,0.6021108627319336,0.7810741066932678,0.6122238039970398,0.7649385333061218,3.28790283203125,3.1726837158203125,Fixation,1561.4993243747288,1105.97562789917,140.0,16.0,True,22,word,path,8.0
2948.0,1559.3220520019531,1116.0424518585205,0.5996775031089783,0.7760350704193115,0.6091101765632629,0.7750294804573059,3.305145263671875,3.19110107421875,Fixation,1561.4993243747288,1105.97562789917,140.0,16.0,True,22,word,path,8.0
2952.0,1567.1603393554688,1104.532642364502,0.6009742617607117,0.7768493890762329,0.61217200756073,0.7670365571975708,3.2893218994140625,3.177825927734375,Fixation,1561.4993243747288,1105.97562789917,140.0,16.0,True,22,word,path,8.0
2956.0,1566.4723205566406,1100.8723068237305,0.6004661321640015,0.7740287184715271,0.6119032502174377,0.7644946575164795,3.2968902587890625,3.176788330078125,Fixation,1561.4993243747288,1105.97562789917,140.0,16.0,True,22,word,path,8.0
2960.0,1566.341552734375,1107.0585536956787,0.6024067997932434,0.7791829705238342,0.6118521690368652,0.7687906622886658,3.2943572998046875,3.181549072265625,Fixation,1561.4993243747288,1105.97562789917,140.0,16.0,True,22,word,path,8.0
2964.0,1561.7063903808594,1096.4934825897217,0.6020787954330444,0.7764866948127747,0.6100415587425232,0.7614538073539734,3.2964630126953125,3.1724395751953125,Fixation,1561.4993243747288,1105.97562789917,140.0,16.0,True,22,word,path,8.0
2968.0,1561.3720703125,1106.2646198272705,0.6015540957450867,0.7759498953819275,0.6099109649658203,0.7682393193244934,3.2943572998046875,3.179672241210937,Fixation,1561.4993243747288,1105.97562789917,140.0,16.0,True,22,word,path,8.0
2972.0,1554.3598937988281,1101.6241836547852,0.5973854064941406,0.782672643661499,0.6071718335151672,0.7650167942047119,3.2929840087890625,3.1943511962890625,Fixation,1561.4993243747288,1105.97562789917,140.0,16.0,True,22,word,path,8.0
2976.0,1560.1213073730469,1108.0691242218018,0.6043625473976135,0.7740114331245422,0.6094223856925964,0.7694924473762512,3.29620361328125,3.1782989501953125,Fixation,1561.4993243747288,1105.97562789917,140.0,16.0,True,22,word,path,8.0
2980.0,1560.0686645507812,1101.1436176300049,0.6012188196182251,0.7738240361213684,0.6094018220901489,0.7646830677986145,3.2769317626953125,3.182861328125,Fixation,1561.4993243747288,1105.97562789917,140.0,16.0,True,22,word,path,8.0
2984.0,1560.2290344238281,1105.7688617706299,0.6000736951828003,0.7690166234970093,0.6094644665718079,0.7678950428962708,3.25860595703125,3.177520751953125,Fixation,1561.4993243747288,1105.97562789917,140.0,16.0,True,22,word,path,8.0
2988.0,1568.7507629394531,1097.1143817901611,0.6009403467178345,0.7723852396011353,0.6127932667732239,0.7618849873542786,3.30621337890625,3.161590576171875,Fixation,1561.4993243747288,1105.97562789917,140.0,16.0,True,22,word,path,8.0
2992.0,1553.5995483398438,1108.80615234375,0.605735182762146,0.7693378329277039,0.6068748235702515,0.7700042724609375,3.299346923828125,3.17437744140625,Fixation,1561.4993243747288,1105.97562789917,140.0,16.0,True,22,word,path,8.0
2996.0,1563.3624267578125,1101.9548034667969,0.6046257019042969,0.7741271257400513,0.6106884479522705,0.7652463912963867,3.290756225585937,3.1642303466796875,Fixation,1561.4993243747288,1105.97562789917,140.0,16.0,True,22,word,path,8.0
3000.0,1558.321533203125,1104.5874881744385,0.604485809803009,0.7671933770179749,0.6087193489074707,0.7670746445655823,3.29864501953125,3.19317626953125,Fixation,1561.4993243747288,1105.97562789917,140.0,16.0,True,22,word,path,8.0
3004.0,1562.5796508789062,1105.5186653137207,0.5997914671897888,0.7721286416053772,0.6103826761245728,0.7677212953567505,3.3026123046875,3.1733856201171875,Fixation,1561.4993243747288,1105.97562789917,140.0,16.0,True,22,word,path,8.0
3008.0,1559.8313903808594,1104.0731048583984,0.6048510074615479,0.7710936069488525,0.6093091368675232,0.7667174339294434,3.302001953125,3.1650543212890625,Fixation,1561.4993243747288,1105.97562789917,140.0,16.0,True,22,word,path,8.0
3012.0,1556.3572692871094,1112.191400527954,0.6013399362564087,0.7688640356063843,0.6079520583152771,0.7723551392555237,3.29217529296875,3.1811676025390625,Fixation,1561.4993243747288,1105.97562789917,140.0,16.0,True,22,word,path,8.0
3016.0,1569.6156311035156,1106.3810062408447,0.604420006275177,0.7651066184043884,0.6131311058998108,0.7683201432228088,3.28265380859375,3.162353515625,Fixation,1561.4993243747288,1105.97562789917,140.0,16.0,True,22,word,path,8.0
3020.0,1570.7290649414062,1110.3503322601318,0.5983132123947144,0.7750179171562195,0.6135660409927368,0.7710766196250916,3.31170654296875,3.1676483154296875,Fixation,1561.4993243747288,1105.97562789917,140.0,16.0,True,22,word,path,8.0
3024.0,1575.0750732421875,1103.8929462432861,0.6052905321121216,0.766512393951416,0.6152637004852295,0.7665923237800598,3.29583740234375,3.1617889404296875,Fixation,1561.4993243747288,1105.97562789917,140.0,16.0,True,22,word,path,8.0
3028.0,1569.1372680664062,1099.82328414917,0.6047812700271606,0.773202121257782,0.6129442453384399,0.7637661695480347,3.287567138671875,3.154449462890625,Fixation,1561.4993243747288,1105.97562789917,140.0,16.0,True,22,word,path,8.0
3032.0,1571.4739990234375,1100.844326019287,0.5998095870018005,0.7730671763420105,0.6138570308685303,0.7644752264022827,3.2944488525390625,3.16705322265625,Fixation,1561.4993243747288,1105.97562789917,140.0,16.0,True,22,word,path,8.0
3036.0,1565.6718444824219,1108.0825996398926,0.5984945297241211,0.7681676149368286,0.611590564250946,0.769501805305481,3.2888336181640625,3.1667938232421875,Fixation,1561.4993243747288,1105.97562789917,140.0,16.0,True,22,word,path,8.0
3040.0,1574.6589660644531,1102.4566555023193,0.6016535758972168,0.7688822746276855,0.615101158618927,0.7655948996543884,3.2938232421875,3.1517791748046875,Fixation,1561.4993243747288,1105.97562789917,140.0,16.0,True,22,word,path,8.0
3044.0,1558.7699890136719,1120.0747776031494,0.6000493168830872,0.7632756233215332,0.6088945269584656,0.7778297066688538,3.2823028564453125,3.18585205078125,Saccade,,,,0.0,False,23,,,
3048.0,1576.4340209960938,1106.16943359375,0.6043828725814819,0.7625966668128967,0.6157945394515991,0.7681732177734375,3.287582397460937,3.1658935546875,Saccade,,,,0.0,False,23,,,
3052.0,1586.7515563964844,1106.4800548553467,0.5994775295257568,0.7707695364952087,0.6198248267173767,0.7683889269828796,3.2930908203125,3.1616363525390625,Saccade,,,,0.0,False,23,,,
3056.0,1573.499755859375,1113.2384490966797,0.5963935256004333,0.7686214447021484,0.6146483421325684,0.7730822563171387,3.269287109375,3.1845855712890625,Saccade,,,,0.0,False,23,,,
3060.0,1579.7024536132812,1104.2888832092285,0.6001912355422974,0.766329288482666,0.617071270942688,0.7668672800064087,3.29046630859375,3.1502838134765625,Saccade,,,,0.0,False,23,,,
3064.0,1582.2857666015625,1096.8637561798096,0.6014654636383057,0.7656471133232117,0.6180803775787354,0.7617109417915344,3.2993927001953125,3.1580352783203125,Saccade,,,,0.0,False,23,,,
3068.0,1574.3801879882812,1107.051944732666,0.6001014113426208,0.7635450959205627,0.6149922609329224,0.7687860727310181,3.2888946533203125,3.149932861328125,Saccade,,,,0.0,False,23,,,
3072.0,1574.0541076660156,1104.5689487457275,0.5983597040176392,0.7599112391471863,0.6148648858070374,0.7670617699623108,3.27191162109375,3.167022705078125,Saccade,,,,0.0,False,23,,,
3076.0,1580.9886169433594,1107.451057434082,0.6019246578216553,0.7632659077644348,0.6175736784934998,0.7690632343292236,3.289337158203125,3.163543701171875,Saccade,,,,0.0,False,23,,,
3080.0,1580.8914184570312,1100.658073425293,0.5997591018676758,0.7623483538627625,0.6175357103347778,0.7643458843231201,3.2704620361328125,3.15447998046875,Saccade,,,,0.0,False,23,,,
3084.0,1568.00537109375,1092.9140853881836,0.5953941941261292,0.7567925453186035,0.6125020980834961,0.7589681148529053,3.2656707763671875,3.154449462890625,Saccade,,,,0.0,False,23,,,
3088.0,1505.7894897460938,1049.9458694458008,0.5744737386703491,0.7363882660865784,0.5881990194320679,0.7291290760040283,3.269805908203125,3.1692047119140625,Saccade,,,,0.0,False,23,,,
3092.0,1485.0790405273438,992.9244232177734,0.5558304190635681,0.6907583475112915,0.5801090002059937,0.6895308494567871,3.238525390625,3.143218994140625,Saccade,,,,0.0,False,23,,,
3096.0,1459.906005859375,955.4617309570312,0.5355624556541443,0.6623011827468872,0.5702757835388184,0.6635150909423828,3.2548980712890625,3.1673583984375,Saccade,,,,0.0,False,23,,,
3100.0,1432.0014953613281,919.5685386657715,0.534390389919281,0.6414892673492432,0.5593755841255188,0.6385892629623413,3.2528076171875,3.1590118408203125,Saccade,,,,0.0,False,23,,,
3104.0,1443.2307434082031,888.7827014923096,0.5380122065544128,0.6348316669464111,0.5637620091438293,0.6172102093696594,3.2535400390625,3.1418914794921875,Saccade,,,,0.0,False,23,,,
3108.0,1428.6407470703125,873.0308818817139,0.536674439907074,0.6078020334243774,0.5580627918243408,0.6062714457511902,3.23358154296875,3.1461334228515625,Saccade,,,,0.0,False,23,,,
3112.0,1419.3466186523438,836.66184425354,0.5285546779632568,0.5963938236236572,0.5544322729110718,0.5810151696205139,3.24261474609375,3.1164093017578125,Fixation,1370.8218074190445,829.1516938416854,272.0,17.0,True,24,image,,10.0
3116.0,1387.8532409667969,843.0397510528564,0.5244293808937073,0.5799050331115723,0.542130172252655,0.5854442715644836,3.2324981689453125,3.134979248046875,Fixation,1370.8218074190445,829.1516938416854,272.0,17.0,True,24,image,,10.0
3120.0,1377.0938110351562,837.9061317443848,0.5322111248970032,0.5815662145614624,0.5379272699356079,0.5818792581558228,3.240386962890625,3.165557861328125,Fixation,1370.8218074190445,829.1516938416854,272.0,17.0,True,24,image,,10.0
3124.0,1375.2859497070312,837.8876781463623,0.5266097187995911,0.5722118616104126,0.5372210741043091,0.581866443157196,3.215667724609375,3.1396636962890625,Fixation,1370.8218074190445,829.1516938416854,272.0,17.0,True,24,image,,10.0
3128.0,1382.2952270507812,838.6029052734375,0.5265575647354126,0.585536777973175,0.5399590730667114,0.5823631286621094,3.215560913085937,3.139190673828125,Fixation,1370.8218074190445,829.1516938416854,272.0,17.0,True,24,image,,10.0
3132.0,1385.2081298828125,841.933479309082,0.5322293639183044,0.583757758140564,0.5410969257354736,0.5846760272979736,3.2351531982421875,3.132232666015625,Fixation,1370.8218074190445,829.1516938416854,272.0,17.0,True,24,image,,10.0
3136.0,1380.1913452148438,851.6333770751953,0.5287582278251648,0.5783858299255371,0.5391372442245483,0.5914120674133301,3.21429443359375,3.145782470703125,Fixation,1370.8218074190445,829.1516938416854,272.0,17.0,True,24,image,,10.0
3140.0,1378.6967468261719,851.1415672302246,0.5302237272262573,0.5753575563430786,0.5385534167289734,0.5910705327987671,3.2191314697265625,3.1562042236328125,Fixation,1370.8218074190445,829.1516938416854,272.0,17.0,True,24,image,,10.0
3144.0,1374.50927734375,845.8109664916992,0.530694305896759,0.5886671543121338,0.5369176864624023,0.5873687267303467,3.240509033203125,3.1553192138671875,Fixation,1370.8218074190445,829.1516938416854,272.0,17.0,True,24,image,,10.0
3148.0,1377.7046203613281,834.0943050384521,0.5265676975250244,0.583491325378418,0.5381658673286438,0.5792321562767029,3.2174835205078125,3.1324615478515625,Fixation,1370.8218074190445,829.1516938416854,272.0,17.0,True,24,image,,10.0
3152.0,1377.0161437988281,842.2903633117676,0.5227194428443909,0.5816096663475037,0.5378969311714172,0.5849238634109497,3.219329833984375,3.1407623291015625,Fixation,1370.8218074190445,829.1516938416854,272.0,17.0,True,24,image,,10.0
3156.0,1375.3779602050781,828.4518814086914,0.5266804099082947,0.5919085741043091,0.5372570157051086,0.5753138065338135,3.25225830078125,3.10687255859375,Fixation,1370.8218074190445,829.1516938416854,272.0,17.0,True,24,image,,10.0
3160.0,1371.33544921875,842.6362609863281,0.5255760550498962,0.5875794887542725,0.5356779098510742,0.5851640701293945,3.2299957275390625,3.1352081298828125,Fixation,1370.8218074190445,829.1516938416854,272.0,17.0,True,24,image,,10.0
3164.0,1368.443603515625,836.3646125793457,0.5289878845214844,0.5770356059074402,0.534548282623291,0.5808087587356567,3.213851928710937,3.135589599609375,Fixation,1370.8218074190445,829.1516938416854,272.0,17.0,True,24,image,,10.0
3168.0,1377.3390197753906,831.7964458465576,0.5277957916259766,0.5749756097793579,0.538023054599762,0.5776364207267761,3.212677001953125,3.126861572265625,Fixation,1370.8218074190445,829.1516938416854,272.0,17.0,True,24,image,,10.0
3172.0,1371.0072326660156,837.2900390625,0.5257983803749084,0.5838586091995239,0.5355497002601624,0.581451416015625,3.2187652587890625,3.125518798828125,Fixation,1370.8218074190445,829.1516938416854,272.0,17.0,True,24,image,,10.0
3176.0,1374.8191833496094,838.7406635284424,0.5256589651107788,0.5878708362579346,0.5370387434959412,0.5824587941169739,3.2139892578125,3.1485595703125,Fixation,1370.8218074190445,829.1516938416854,272.0,17.0,True,24,image,,10.0
3180.0,1370.2774047851562,841.365795135498,0.5247440934181213,0.582440197467804,0.5352646112442017,0.5842818021774292,3.20294189453125,3.143646240234375,Fixation,1370.8218074190445,829.1516938416854,272.0,17.0,True,24,image,,10.0
3184.0,1371.5408325195312,835.4814147949219,0.5248990654945374,0.5834721922874451,0.5357581377029419,0.580195426940918,3.2206573486328125,3.126007080078125,Fixation,1370.8218074190445,829.1516938416854,272.0,17.0,True,24,image,,10.0
3188.0,1370.8927917480469,834.301586151123,0.5273525714874268,0.5882644653320312,0.5355049967765808,0.5793761014938354,3.225189208984375,3.1392822265625,Fixation,1370.8218074190445,829.1516938416854,272.0,17.0,True,24,image,,10.0
3192.0,1371.9140625,836.9412231445312,0.5251675844192505,0.586225152015686,0.5359039306640625,0.5812091827392578,3.2182769775390625,3.152816772460937,Fixation,1370.8218074190445,829.1516938416854,272.0,17.0,True,24,image,,10.0
3196.0,1377.4192810058594,827.8389644622803,0.5242666006088257,0.569246232509613,0.5380544066429138,0.5748881697654724,3.1827545166015625,3.127288818359375,Fixation,1370.8218074190445,829.1516938416854,272.0,17.0,True,24,image,,10.0
3200.0,1374.2439270019531,817.9776191711426,0.5288218855857849,0.5766459703445435,0.5368140339851379,0.5680400133132935,3.1892852783203125,3.1108856201171875,Fixation,1370.8218074190445,829.1516938416854,272.0,17.0,True,24,image,,10.0
3204.0,1362.9548645019531,833.6138248443604,0.5263323187828064,0.578935444355011,0.5324042439460754,0.5788984894752502,3.222640991210937,3.1232147216796875,Fixation,1370.8218074190445,829.1516938416854,272.0,17.0,True,24,image,,10.0
3208.0,1367.6481628417969,834.338321685791,0.5281091332435608,0.5833178162574768,0.5342375636100769,0.5794016122817993,3.224227905273437,3.1283416748046875,Fixation,1370.8218074190445,829.1516938416854,272.0,17.0,True,24,image,,10.0
3212.0,1365.3424072265625,830.5363655090332,0.5257534384727478,0.5827467441558838,0.533336877822876,0.5767613649368286,3.2053985595703125,3.113800048828125,Fixation,1370.8218074190445,829.1516938416854,272.0,17.0,True,24,image,,10.0
3216.0,1367.3773193359375,832.2150421142578,0.5293858647346497,0.57652348279953,0.5341317653656006,0.5779271125793457,3.192138671875,3.144500732421875,Fixation,1370.8218074190445,829.1516938416854,272.0,17.0,True,24,image,,10.0
3220.0,1359.5654296875,830.5230617523193,0.5248504877090454,0.5875705480575562,0.5310802459716797,0.5767521262168884,3.2147216796875,3.122833251953125,Fixation,1370.8218074190445,829.1516938416854,272.0,17.0,True,24,image,,10.0
3224.0,1362.3179626464844,828.3628749847412,0.5251129269599915,0.5676615238189697,0.532155454158783,0.5752519965171814,3.191253662109375,3.13836669921875,Fixation,1370.8218074190445,829.1516938416854,272.0,17.0,True,24,image,,10.0
3228.0,1364.2906188964844,815.3358364105225,0.5242581963539124,0.5832045674324036,0.5329260230064392,0.5662054419517517,3.2027130126953125,3.102569580078125,Fixation,1370.8218074190445,829.1516938416854,272.0,17.0,True,24,image,,10.0
3232.0,1360.9234619140625,829.6862125396729,0.5268752574920654,0.5850905776023865,0.5316107273101807,0.5761709809303284,3.2266082763671875,3.11334228515625,Fixation,1370.8218074190445,829.1516938416854,272.0,17.0,True,24,image,,10.0
3236.0,1367.5994873046875,815.4291343688965,0.5253970623016357,0.5684083104133606,0.5342185497283936,0.5662702322006226,3.1610870361328125,3.1098175048828125,Fixation,1370.8218074190445,829.1516938416854,272.0,17.0,True,24,image,,10.0
3240.0,1351.3165283203125,852.3123836517334,0.5249662399291992,0.5765866041183472,0.5278580188751221,0.5918835997581482,3.17816162109375,3.150970458984375,Fixation,1370.8218074190445,829.1516938416854,272.0,17.0,True,24,image,,10.0
3244.0,1359.3832397460938,836.6401290893555,0.5266668200492859,0.5786676406860352,0.5310090780258179,0.5810000896453857,3.1786041259765625,3.130722045898437,Fixation,1370.8218074190445,829.1516938416854,272.0,17.0,True,24,image,,10.0
3248.0,1361.9673156738281,825.3311634063721,0.5251880884170532,0.5681148171424866,0.5320184826850891,0.573146641254425,3.1660919189453125,3.0964813232421875,Fixation,1370.8218074190445,829.1516938416854,272.0,17.0,True,24,image,,10.0
3252.0,1353.9764404296875,829.8805332183838,0.5241356492042542,0.5653945803642273,0.5288970470428467,0.5763059258460999,3.155792236328125,3.1236724853515625,Fixation,1370.8218074190445,829.1516938416854,272.0,17.0,True,24,image,,10.0
3256.0,1359.8403930664062,840.0320720672607,0.5251180529594421,0.567670464515686,0.5311876535415649,0.5833556056022644,3.1695556640625,3.14666748046875,Fixation,1370.8218074190445,829.1516938416854,272.0,17.0,True,24,image,,10.0
3260.0,1353.5186767578125,828.8107395172119,0.5259924530982971,0.5826840400695801,0.5287182331085205,0.5755630135536194,3.1835479736328125,3.101806640625,Fixation,1370.8218074190445,829.1516938416854,272.0,17.0,True,24,image,,10.0
3264.0,1359.7686767578125,821.1430549621582,0.5267037153244019,0.578278124332428,0.5311596393585205,0.5702382326126099,3.1870880126953125,3.1035308837890625,Fixation,1370.8218074190445,829.1516938416854,272.0,17.0,True,24,image,,10.0
3268.0,1360.7162475585938,818.8298320770264,0.5243261456489563,0.5795984268188477,0.5315297842025757,0.5686318278312683,3.1804351806640625,3.092987060546875,Fixation,1370.8218074190445,829.1516938416854,272.0,17.0,True,24,image,,10.0
3272.0,1365.6344604492188,819.0221786499023,0.5241313576698303,0.579345166683197,0.5334509611129761,0.56876540184021,3.1689605712890625,3.0716705322265625,Fixation,1370.8218074190445,829.1516938416854,272.0,17.0,True,24,image,,10.0
3276.0,1363.6175537109375,822.9946804046631,0.5290284752845764,0.5864117741584778,0.532663106918335,0.5715240836143494,3.1999969482421875,3.0960693359375,Fixation,1370.8218074190445,829.1516938416854,272.0,17.0,True,24,image,,10.0
3280.0,1354.1874694824219,833.6769962310791,0.526905357837677,0.5831308960914612,0.528979480266571,0.5789423584938049,3.176544189453125,3.1198883056640625,Fixation,1370.8218074190445,829.1516938416854,272.0,17.0,True,24,image,,10.0
3284.0,1360.95458984375,822.5105953216553,0.5269965529441833,0.5789362192153931,0.5316228866577148,0.5711879134178162,3.1866455078125,3.107879638671875,Fixation,1370.8218074190445,829.1516938416854,272.0,17.0,True,24,image,,10.0
3288.0,1361.4376831054688,815.5677509307861,0.5272467136383057,0.5828942656517029,0.5318115949630737,0.5663664937019348,3.1836700439453125,3.0936737060546875,Fixation,1370.8218074190445,829.1516938416854,272.0,17.0,True,24,image,,10.0
3292.0,1366.1094665527344,835.1265907287598,0.525631844997406,0.5774996280670166,0.5336365103721619,0.5799490213394165,3.167816162109375,3.1158447265625,Fixation,1370.8218074190445,829.1516938416854,272.0,17.0,True,24,image,,10.0
3296.0,1372.7310180664062,816.3544750213623,0.5253714919090271,0.5819629430770874,0.5362230539321899,0.566912829875946,3.155380249023437,3.0813140869140625,Fixation,1370.8218074190445,829.1516938416854,272.0,17.0,True,24,image,,10.0
3300.0,1368.9360046386719,828.7112617492676,0.5277016758918762,0.5825497508049011,0.5347406268119812,0.5754939317703247,3.1779937744140625,3.09869384765625,Fixation,1370.8218074190445,829.1516938416854,272.0,17.0,True,24,image,,10.0
3304.0,1366.0479736328125,826.8214416503906,0.5244322419166565,0.5750836730003357,0.5336124897003174,0.5741815567016602,3.1523590087890625,3.11285400390625,Fixation,1370.8218074190445,829.1516938416854,272.0,17.0,True,24,image,,10.0
3308.0,1366.9540405273438,829.3823719024658,0.5242071747779846,0.572245180606842,0.5339664220809937,0.5759599804878235,3.1407623291015625,3.1080780029296875,Fixation,1370.8218074190445,829.1516938416854,272.0,17.0,True,24,image,,10.0
3312.0,1361.279296875,828.0465888977051,0.5260594487190247,0.5742009282112122,0.5317497253417969,0.5750323534011841,3.1687774658203125,3.106109619140625,Fixation,1370.8218074190445,829.1516938416854,272.0,17.0,True,24,image,,10.0
3316.0,1367.9908752441406,827.3184871673584,0.5275254845619202,0.5836598873138428,0.5343714356422424,0.5745267271995544,3.181854248046875,3.101104736328125,Fixation,1370.8218074190445,829.1516938416854,272.0,17.0,True,24,image,,10.0
3320.0,1372.1269226074219,815.9391403198242,0.5276362299919128,0.5782884359359741,0.5359870791435242,0.5666244029998779,3.16754150390625,3.0919647216796875,Fixation,1370.8218074190445,829.1516938416854,272.0,17.0,True,24,image,,10.0
3324.0,1375.8676147460938,823.7424373626709,0.5291266441345215,0.5716791749000549,0.5374482870101929,0.5720433592796326,3.1544647216796875,3.086273193359375,Fixation,1370.8218074190445,829.1516938416854,272.0,17.0,True,24,image,,10.0
3328.0,1374.9085998535156,819.5900344848633,0.5283430218696594,0.5691085457801819,0.5370736718177795,0.569159746170044,3.15338134765625,3.08575439453125,Fixation,1370.8218074190445,829.1516938416854,272.0,17.0,True,24,image,,10.0
3332.0,1370.8633422851562,826.9842624664307,0.5281084179878235,0.5756331086158752,0.5354934930801392,0.5742946267127991,3.1434326171875,3.087142944335937,Fixation,1370.8218074190445,829.1516938416854,272.0,17.0,True,24,image,,10.0
3336.0,1373.4870910644531,822.4170398712158,0.5284067392349243,0.5773715972900391,0.536518394947052,0.571122944355011,3.1566925048828125,3.080108642578125,Fixation,1370.8218074190445,829.1516938416854,272.0,17.0,True,24,image,,10.0
3340.0,1367.5552368164062,821.1264896392822,0.5300573110580444,0.5657933950424194,0.5342012643814087,0.5702267289161682,3.1294097900390625,3.094146728515625,Fixation,1370.8218074190445,829.1516938416854,272.0,17.0,True,24,image,,10.0
3344.0,1372.6689147949219,833.0615901947021,0.5279772877693176,0.5694862008094788,0.5361987948417664,0.5785149931907654,3.1490020751953125,3.1153106689453125,Fixation,1370.8218074190445,829.1516938416854,272.0,17.0,True,24,image,,10.0
3348.0,1374.1142272949219,826.6212844848633,0.5296580791473389,0.5756264328956604,0.5367633700370789,0.574042558670044,3.1483154296875,3.0908203125,Fixation,1370.8218074190445,829.1516938416854,272.0,17.0,True,24,image,,10.0
3352.0,1378.5520935058594,831.1059379577637,0.5315770506858826,0.5680768489837646,0.5384969115257263,0.5771569013595581,3.1545562744140625,3.10369873046875,Fixation,1370.8218074190445,829.1516938416854,272.0,17.0,True,24,image,,10.0
3356.0,1384.1943359375,807.0734310150146,0.5287274122238159,0.5606682896614075,0.5407009124755859,0.5604676604270935,3.12835693359375,3.0866241455078125,Fixation,1370.8218074190445,829.1516938416854,272.0,17.0,True,24,image,,10.0
3360.0,1380.3675842285156,801.8076324462891,0.5291398763656616,0.571624219417572,0.5392060875892639,0.5568108558654785,3.1549072265625,3.04620361328125,Fixation,1370.8218074190445,829.1516938416854,272.0,17.0,True,24,image,,10.0
3364.0,1380.4690551757812,815.5092144012451,0.5309233069419861,0.5731204748153687,0.5392457246780396,0.566325843334198,3.151596069335937,3.0623779296875,Fixation,1370.8218074190445,829.1516938416854,272.0,17.0,True,24,image,,10.0
3368.0,1374.6926879882812,818.0605316162109,0.5268504619598389,0.5720648765563965,0.5369893312454224,0.5680975914001465,3.14520263671875,3.069976806640625,Fixation,1370.8218074190445,829.1516938416854,272.0,17.0,True,24,image,,10.0
3372.0,1376.2347412109375,809.8067951202393,0.5312879085540771,0.5850175619125366,0.5375916957855225,0.5623658299446106,3.155731201171875,3.0479278564453125,Fixation,1370.8218074190445,829.1516938416854,272.0,17.0,True,24,image,,10.0
3376.0,1377.5541687011719,822.8898811340332,0.5301748514175415,0.5728991031646729,0.5381070971488953,0.5714513063430786,3.139190673828125,3.0773468017578125,Fixation,1370.8218074190445,829.1516938416854,272.0,17.0,True,24,image,,10.0
3380.0,1372.5784301757812,834.265022277832,0.5284079909324646,0.56395024061203,0.5361634492874146,0.5793507099151611,3.109344482421875,3.106475830078125,Fixation,1370.8218074190445,829.1516938416854,272.0,17.0,True,24,image,,10.0
3384.0,1376.2701416015625,802.723274230957,0.5248819589614868,0.5564694404602051,0.5376055240631104,0.5574467182159424,3.1538238525390625,3.073760986328125,Fixation,1370.8218074190445,829.1516938416854,272.0,17.0,True,24,image,,10.0
3388.0,1368.7348937988281,762.690896987915,0.5157937407493591,0.5202579498291016,0.5346620678901672,0.5296464562416077,3.1551666259765625,3.098373413085937,Saccade,,,,0.0,False,25,,,
3392.0,1339.4819641113281,717.9892444610596,0.5083808898925781,0.4810132980346679,0.5232351422309875,0.4986036419868469,3.17718505859375,3.1145477294921875,Saccade,,,,0.0,False,25,,,
3396.0,1321.5444946289062,672.1676731109619,0.5015273690223694,0.4220994710922241,0.5162283182144165,0.4667831063270569,3.188812255859375,3.1433258056640625,Saccade,,,,0.0,False,25,,,
3400.0,1316.9342041015625,616.390643119812,0.4925987720489502,0.3728916347026825,0.5144274234771729,0.4280490577220917,3.097686767578125,3.1233367919921875,Saccade,,,,0.0,False,25,,,
3404.0,1308.0802917480469,575.6727361679077,0.4884878695011139,0.340414434671402,0.5109688639640808,0.3997727334499359,3.1064910888671875,3.104034423828125,Saccade,,,,0.0,False,25,,,
3408.0,1302.6643371582031,501.53441905975336,0.4843660295009613,0.3229182064533233,0.5088532567024231,0.3482877910137176,3.1260986328125,3.0316925048828125,Fixation,1277.9333953857422,467.14712619781494,56.0,18.0,True,26,image,,10.0
3412.0,1280.65185546875,514.8437118530273,0.4856506586074829,0.3127488791942596,0.5002546310424805,0.3575303554534912,3.129730224609375,3.085968017578125,Fixation,1277.9333953857422,467.14712619781494,56.0,18.0,True,26,image,,10.0
3416.0,1286.7356872558594,475.793924331665,0.4826328456401825,0.2997440695762634,0.5026311278343201,0.3304124474525451,3.13299560546875,3.039398193359375,Fixation,1277.9333953857422,467.14712619781494,56.0,18.0,True,26,image,,10.0
3420.0,1276.6695404052732,470.42989253997797,0.4864916205406189,0.2948655486106872,0.4986990392208099,0.3266874253749847,3.1341094970703125,3.035995483398437,Fixation,1277.9333953857422,467.14712619781494,56.0,18.0,True,26,image,,10.0
3424.0,1277.2681427001953,459.15654659271235,0.4838577806949615,0.2985641956329345,0.4989328682422638,0.3188587129116058,3.13262939453125,3.022689819335937,Fixation,1277.9333953857422,467.14712619781494,56.0,18.0,True,26,image,,10.0
3428.0,1275.1151275634763,480.7978534698486,0.4887224435806274,0.3025566935539245,0.498091846704483,0.3338873982429504,3.12451171875,3.04290771484375,Fixation,1277.9333953857422,467.14712619781494,56.0,18.0,True,26,image,,10.0
3432.0,1272.3355865478516,477.25708007812494,0.4869781732559204,0.3046152293682098,0.4970060884952545,0.3314285278320312,3.1403961181640625,3.0542449951171875,Fixation,1277.9333953857422,467.14712619781494,56.0,18.0,True,26,image,,10.0
3436.0,1274.1099548339841,478.57595443725586,0.4882554709911346,0.3050298690795898,0.4976992011070251,0.3323444128036499,3.15234375,3.0846710205078125,Fixation,1277.9333953857422,467.14712619781494,56.0,18.0,True,26,image,,10.0
3440.0,1276.2692260742188,465.9827470779419,0.4883127510547638,0.2990860044956207,0.4985426664352417,0.3235991299152374,3.13702392578125,3.0809326171875,Fixation,1277.9333953857422,467.14712619781494,56.0,18.0,True,26,image,,10.0
3444.0,1275.8653259277341,453.6701202392578,0.4897002279758453,0.296457439661026,0.4983848929405212,0.3150486946105957,3.1626434326171875,3.0714263916015625,Fixation,1277.9333953857422,467.14712619781494,56.0,18.0,True,26,image,,10.0
3448.0,1272.272033691406,450.6206846237182,0.4893452227115631,0.2903696298599243,0.4969812631607055,0.3129310309886932,3.13958740234375,3.098617553710937,Fixation,1277.9333953857422,467.14712619781494,56.0,18.0,True,26,image,,10.0
3452.0,1279.3417358398435,446.41725540161127,0.4869254827499389,0.2957947552204132,0.4997428655624389,0.3100119829177856,3.148544311523437,3.07672119140625,Fixation,1277.9333953857422,467.14712619781494,56.0,18.0,True,26,image,,10.0
3456.0,1269.6743774414062,454.14939880371094,0.4876450002193451,0.2988046109676361,0.4959665536880493,0.3153815269470215,3.1526031494140625,3.0767364501953125,Fixation,1277.9333953857422,467.14712619781494,56.0,18.0,True,26,image,,10.0
3460.0,1274.7357940673828,436.2711668014526,0.4845892786979675,0.2969142198562622,0.4979436695575714,0.3029660880565643,3.143035888671875,3.093902587890625,Fixation,1277.9333953857422,467.14712619781494,56.0,18.0,True,26,image,,10.0
3464.0,1275.2922058105469,441.7061376571655,0.4858260154724121,0.2990341484546661,0.4981610178947449,0.3067403733730316,3.136215209960937,3.0829010009765625,Fixation,1277.9333953857422,467.14712619781494,56.0,18.0,True,26,image,,10.0
3468.0,1270.5887603759763,418.7003374099731,0.4866232573986053,0.303336501121521,0.4963237345218658,0.2907641232013702,3.1656646728515625,3.0598602294921875,Fixation,1270.0770013982599,429.4927896152843,84.0,19.0,True,27,image,,10.0
3472.0,1268.2540893554688,424.5373392105102,0.4874227643013,0.30229452252388,0.49541175365448,0.2948175966739654,3.1306304931640625,3.0716705322265625,Fixation,1270.0770013982599,429.4927896152843,84.0,19.0,True,27,image,,10.0
3476.0,1268.818359375,420.6142330169678,0.4863493740558624,0.3012330234050751,0.4956321716308594,0.2920932173728943,3.1307373046875,3.073104858398437,Fixation,1270.0770013982599,429.4927896152843,84.0,19.0,True,27,image,,10.0
3480.0,1267.952423095703,411.24722957611084,0.4846309125423431,0.3016944825649261,0.495293915271759,0.2855883538722992,3.13214111328125,3.0522918701171875,Fixation,1270.0770013982599,429.4927896152843,84.0,19.0,True,27,image,,10.0
3484.0,1263.38508605957,412.812008857727,0.4880170822143554,0.3065236806869507,0.4935097992420196,0.2866750061511993,3.15374755859375,3.0741729736328125,Fixation,1270.0770013982599,429.4927896152843,84.0,19.0,True,27,image,,10.0
3488.0,1269.473190307617,422.76081562042236,0.4858385920524597,0.3055126368999481,0.4958879649639129,0.2935838997364044,3.1430816650390625,3.0730743408203125,Fixation,1270.0770013982599,429.4927896152843,84.0,19.0,True,27,image,,10.0
3492.0,1267.4127197265625,417.13607311248774,0.4834731221199035,0.3073095977306366,0.4950830936431885,0.2896778285503387,3.147445678710937,3.080917358398437,Fixation,1270.0770013982599,429.4927896152843,84.0,19.0,True,27,image,,10.0
3496.0,1266.557159423828,416.78618431091303,0.4867991209030151,0.303487479686737,0.4947488903999328,0.2894348502159118,3.13427734375,3.063934326171875,Fixation,1270.0770013982599,429.4927896152843,84.0,19.0,True,27,image,,10.0
3500.0,1268.5477447509766,420.9936046600342,0.4875686168670654,0.3028589189052582,0.4955264627933502,0.2923566699028015,3.1416778564453125,3.082748413085937,Fixation,1270.0770013982599,429.4927896152843,84.0,19.0,True,27,image,,10.0
3504.0,1268.4207916259766,424.17521953582764,0.4872186183929443,0.3078579902648926,0.4954768717288971,0.2945661246776581,3.13311767578125,3.076522827148437,Fixation,1270.0770013982599,429.4927896152843,84.0,19.0,True,27,image,,10.0
3508.0,1265.2458190917966,439.20554637908936,0.4873183965682983,0.3023619055747986,0.4942366480827331,0.3050038516521454,3.146820068359375,3.0937957763671875,Fixation,1270.0770013982599,429.4927896152843,84.0,19.0,True,27,image,,10.0
3512.0,1273.1066894531248,427.78491497039795,0.4847156703472137,0.3085296750068664,0.4973073005676269,0.2970728576183319,3.1365509033203125,3.073348999023437,Fixation,1270.0770013982599,429.4927896152843,84.0,19.0,True,27,image,,10.0
3516.0,1274.8326110839844,430.5731248855591,0.4867458045482635,0.3043713569641113,0.4979814887046814,0.2990091145038605,3.127349853515625,3.081283569335937,Fixation,1270.0770013982599,429.4927896152843,84.0,19.0,True,27,image,,10.0
3520.0,1271.242218017578,436.27249717712397,0.4872800707817077,0.30519700050354,0.4965789914131164,0.3029670119285583,3.142669677734375,3.083114624023437,Fixation,1270.0770013982599,429.4927896152843,84.0,19.0,True,27,image,,10.0
3524.0,1277.7278900146482,426.5124320983886,0.4879220724105835,0.3020574748516083,0.499112457036972,0.2961891889572143,3.136093139648437,3.0703125,Fixation,1270.0770013982599,429.4927896152843,84.0,19.0,True,27,image,,10.0
3528.0,1275.9024810791013,437.66548633575434,0.4863417446613312,0.3025155663490295,0.498399406671524,0.3039343655109405,3.1295928955078125,3.0783233642578125,Fixation,1270.0770013982599,429.4927896152843,84.0,19.0,True,27,image,,10.0
3532.0,1274.4995880126953,435.01705169677734,0.4878207445144653,0.3047890365123749,0.4978514015674591,0.3020951747894287,3.127410888671875,3.0819244384765625,Fixation,1270.0770013982599,429.4927896152843,84.0,19.0,True,27,image,,10.0
3536.0,1269.5371246337888,434.47850704193115,0.4848026931285858,0.3060251176357269,0.4959129393100738,0.3017211854457855,3.1239166259765625,3.0729217529296875,Fixation,1270.0770013982599,429.4927896152843,84.0,19.0,True,27,image,,10.0
3540.0,1270.4573822021482,440.78757762908936,0.4864156544208526,0.303487479686737,0.4962724149227142,0.3061024844646454,3.1406707763671875,3.0813140869140625,Fixation,1270.0770013982599,429.4927896152843,84.0,19.0,True,27,image,,10.0
3544.0,1269.2340087890623,452.19619274139404,0.4870736002922058,0.3040938079357147,0.4957945346832275,0.3140251338481903,3.1541290283203125,3.0975341796875,Fixation,1270.0770013982599,429.4927896152843,84.0,19.0,True,27,image,,10.0
3548.0,1269.700241088867,449.70354080200195,0.4878209233283996,0.3099953830242157,0.4959766566753387,0.3122941255569458,3.128524780273437,3.082992553710937,Fixation,1270.0770013982599,429.4927896152843,84.0,19.0,True,27,image,,10.0
3552.0,1270.797653198242,448.88145446777344,0.4869154393672943,0.306209921836853,0.4964053332805633,0.3117232322692871,3.1362762451171875,3.099227905273437,Fixation,1270.0770013982599,429.4927896152843,84.0,19.0,True,27,image,,10.0
