timestamp,x,y,l_x,l_y,r_x,r_y,pupil_l,pupil_r,event_type,fixation_x,fixation_y,event_duration,fixation_id,merged,event_id,aoi_type,aoi,aoi_id
0.0,1289.3513488769531,681.8664979934691,0.4963067471981048,0.4678391814231872,0.5036528706550598,0.4735184013843536,3.0621490478515625,3.0239410400390625,Fixation,1290.8192443847656,670.6790054545683,200.0,1.0,True,1,word,image,11.0
4.0,1288.3047485351562,676.5865802764893,0.4958119988441467,0.4583871066570282,0.5032440423965454,0.4698517918586731,3.039886474609375,3.015975952148437,Fixation,1290.8192443847656,670.6790054545683,200.0,1.0,True,1,word,image,11.0
8.0,1284.9624633789062,673.9370727539061,0.5010817646980286,0.4779625833034515,0.5019384622573853,0.4680118560791015,3.07861328125,3.02020263671875,Fixation,1290.8192443847656,670.6790054545683,200.0,1.0,True,1,word,image,11.0
12.0,1290.7493591308594,673.1482458114623,0.4969993233680725,0.4750206172466278,0.5041989684104919,0.4674640595912933,3.0787353515625,3.010955810546875,Fixation,1290.8192443847656,670.6790054545683,200.0,1.0,True,1,word,image,11.0
16.0,1286.4892578125,660.1469564437865,0.4968143701553345,0.4660447537899017,0.5025348663330078,0.4584353864192962,3.0532684326171875,3.00042724609375,Fixation,1290.8192443847656,670.6790054545683,200.0,1.0,True,1,word,image,11.0
20.0,1291.0513305664062,675.3961086273193,0.498514711856842,0.4855311512947082,0.5043169260025024,0.4690250754356384,3.09014892578125,3.00732421875,Fixation,1290.8192443847656,670.6790054545683,200.0,1.0,True,1,word,image,11.0
24.0,1287.2744750976562,658.1238842010498,0.4989630579948425,0.4741196930408478,0.502841591835022,0.4570304751396179,3.0798492431640625,3.000228881835937,Fixation,1290.8192443847656,670.6790054545683,200.0,1.0,True,1,word,image,11.0
28.0,1289.3257141113281,658.6699819564818,0.4965741336345672,0.4685518145561218,0.5036428570747375,0.4574097096920013,3.0741119384765625,2.98236083984375,Fixation,1290.8192443847656,670.6790054545683,200.0,1.0,True,1,word,image,11.0
32.0,1292.3313903808594,687.3494482040404,0.4967147707939148,0.4822771549224853,0.5048169493675232,0.4773260056972503,3.0937042236328125,3.039031982421875,Fixation,1290.8192443847656,670.6790054545683,200.0,1.0,True,1,word,image,11.0
36.0,1287.1466064453125,653.7458324432373,0.4969631731510162,0.4702129364013672,0.5027916431427002,0.4539901614189148,3.083099365234375,2.994049072265625,Fixation,1290.8192443847656,670.6790054545683,200.0,1.0,True,1,word,image,11.0
40.0,1291.6862487792969,657.7709913253784,0.4976836442947387,0.4679884016513824,0.5045649409294128,0.4567854106426239,3.0784149169921875,2.991546630859375,Fixation,1290.8192443847656,670.6790054545683,200.0,1.0,True,1,word,image,11.0
44.0,1291.46728515625,657.2192287445068,0.493841290473938,0.4700663089752197,0.5044794082641602,0.4564022421836853,3.05865478515625,2.998321533203125,Fixation,1290.8192443847656,670.6790054545683,200.0,1.0,True,1,word,image,11.0
48.0,1290.6597900390625,659.4447326660156,0.4962660074234009,0.4773622453212738,0.5041639804840088,0.4579477310180664,3.084747314453125,3.0044097900390625,Fixation,1290.8192443847656,670.6790054545683,200.0,1.0,True,1,word,image,11.0
52.0,1290.4597473144531,669.4208335876464,0.4964230358600616,0.4785514771938324,0.5040858387947083,0.46487557888031,3.0877227783203125,3.008270263671875,Fixation,1290.8192443847656,670.6790054545683,200.0,1.0,True,1,word,image,11.0
56.0,1290.2581787109375,670.6941747665404,0.4949949085712433,0.4545177817344665,0.50400710105896,0.4657598435878753,3.040435791015625,3.015975952148437,Fixation,1290.8192443847656,670.6790054545683,200.0,1.0,True,1,word,image,11.0
60.0,1288.83056640625,697.777533531189,0.4979047775268554,0.4766344428062439,0.5034494400024414,0.4845677316188812,3.0929718017578125,3.0605621337890625,Fixation,1290.8192443847656,670.6790054545683,200.0,1.0,True,1,word,image,11.0
64.0,1292.9714965820312,676.018123626709,0.4954556822776794,0.4493472874164581,0.505066990852356,0.4694570302963257,3.025146484375,3.0145416259765625,Fixation,1290.8192443847656,670.6790054545683,200.0,1.0,True,1,word,image,11.0
68.0,1293.8717651367188,650.3560781478882,0.4982092678546905,0.4680266678333282,0.5054186582565308,0.4516361653804779,3.0714263916015625,2.97900390625,Fixation,1290.8192443847656,670.6790054545683,200.0,1.0,True,1,word,image,11.0
72.0,1293.53759765625,671.3303089141846,0.4949842393398285,0.4667937457561493,0.5052881240844727,0.4662016034126282,3.0687408447265625,3.0508575439453125,Fixation,1290.8192443847656,670.6790054545683,200.0,1.0,True,1,word,image,11.0
76.0,1287.5422668457031,673.9023542404175,0.4935169517993927,0.4460002481937408,0.5029461979866028,0.4679877460002899,3.027191162109375,3.025115966796875,Fixation,1290.8192443847656,670.6790054545683,200.0,1.0,True,1,word,image,11.0
80.0,1294.7894287109375,657.9288768768309,0.4954255223274231,0.4616292119026184,0.50577712059021,0.4568950533866882,3.05511474609375,3.0066070556640625,Fixation,1290.8192443847656,670.6790054545683,200.0,1.0,True,1,word,image,11.0
84.0,1294.4537353515625,677.3794412612914,0.4971242845058441,0.4669663310050964,0.5056459903717041,0.4704023897647857,3.0775146484375,3.041732788085937,Fixation,1290.8192443847656,670.6790054545683,200.0,1.0,True,1,word,image,11.0
88.0,1297.095947265625,670.7105255126953,0.4967387020587921,0.4693361818790436,0.5066781044006348,0.4657711982727051,3.0597686767578125,3.021697998046875,Fixation,1290.8192443847656,670.6790054545683,200.0,1.0,True,1,word,image,11.0
92.0,1295.2340698242188,643.3308792114257,0.4961501061916351,0.460578978061676,0.5059508085250854,0.4467575550079345,3.06243896484375,2.97235107421875,Fixation,1290.8192443847656,670.6790054545683,200.0,1.0,True,1,word,image,11.0
96.0,1294.3121337890625,666.7383670806885,0.4966990947723388,0.465496689081192,0.5055906772613525,0.4630127549171448,3.067901611328125,3.0098419189453125,Fixation,1290.8192443847656,670.6790054545683,200.0,1.0,True,1,word,image,11.0
100.0,1291.5910339355469,673.4523010253905,0.4947892129421234,0.4533478617668152,0.504527747631073,0.4676752090454101,3.038436889648437,3.0248260498046875,Fixation,1290.8192443847656,670.6790054545683,200.0,1.0,True,1,word,image,11.0
104.0,1289.4036865234375,668.8131523132324,0.4935443699359894,0.445584237575531,0.5036733150482178,0.4644535779953003,3.0333709716796875,3.0233154296875,Fixation,1290.8192443847656,670.6790054545683,200.0,1.0,True,1,word,image,11.0
108.0,1300.7859802246094,658.6976194381714,0.4950688183307647,0.455533504486084,0.508119523525238,0.457428902387619,3.0572052001953125,3.0079498291015625,Fixation,1290.8192443847656,670.6790054545683,200.0,1.0,True,1,word,image,11.0
112.0,1293.6941528320312,678.6505937576294,0.4972175061702728,0.4554437398910522,0.5053492784500122,0.4712851345539093,3.041717529296875,3.0472564697265625,Fixation,1290.8192443847656,670.6790054545683,200.0,1.0,True,1,word,image,11.0
116.0,1296.2553405761719,653.3217430114746,0.4956406652927398,0.4398908019065857,0.5063497424125671,0.4536956548690796,3.0339508056640625,3.001800537109375,Fixation,1290.8192443847656,670.6790054545683,200.0,1.0,True,1,word,image,11.0
120.0,1287.1070861816406,673.4338045120238,0.492728054523468,0.4441697597503662,0.5027762055397034,0.467662364244461,3.02105712890625,3.0317840576171875,Fixation,1290.8192443847656,670.6790054545683,200.0,1.0,True,1,word,image,11.0
124.0,1298.1748962402344,658.5620069503784,0.4971913397312164,0.4481100440025329,0.5070995688438416,0.4573347270488739,3.040924072265625,2.98638916015625,Fixation,1290.8192443847656,670.6790054545683,200.0,1.0,True,1,word,image,11.0
128.0,1295.3236389160156,672.2652626037598,0.498058944940567,0.4639233946800232,0.5059857964515686,0.4668508768081665,3.070541381835937,3.014144897460937,Fixation,1290.8192443847656,670.6790054545683,200.0,1.0,True,1,word,image,11.0
132.0,1285.8709716796875,680.7352495193481,0.4947407841682434,0.4408215880393982,0.5022933483123779,0.472732812166214,3.01556396484375,3.05023193359375,Fixation,1290.8192443847656,670.6790054545683,200.0,1.0,True,1,word,image,11.0
136.0,1293.1100463867188,668.9808225631714,0.4959841072559356,0.4522550702095032,0.505121111869812,0.464570015668869,3.0530242919921875,3.02203369140625,Fixation,1290.8192443847656,670.6790054545683,200.0,1.0,True,1,word,image,11.0
140.0,1296.087646484375,662.9129791259766,0.4984054863452911,0.4539419114589691,0.506284236907959,0.4603562355041504,3.0465850830078125,3.0131378173828125,Fixation,1290.8192443847656,670.6790054545683,200.0,1.0,True,1,word,image,11.0
144.0,1293.3876037597656,671.2213039398193,0.4919421076774597,0.4201437532901764,0.5052295327186584,0.4661259055137634,2.968170166015625,3.0227813720703125,Fixation,1290.8192443847656,670.6790054545683,200.0,1.0,True,1,word,image,11.0
148.0,1304.1506958007812,657.2796106338501,0.4946863353252411,0.4560867846012115,0.5094338655471802,0.4564441740512848,3.05377197265625,3.0017242431640625,Fixation,1290.8192443847656,670.6790054545683,200.0,1.0,True,1,word,image,11.0
152.0,1291.7048645019531,679.6654129028319,0.4947030246257782,0.4458072781562805,0.5045722126960754,0.4719898700714111,3.02764892578125,3.0266265869140625,Fixation,1290.8192443847656,670.6790054545683,200.0,1.0,True,1,word,image,11.0
156.0,1292.3939514160156,692.8366899490355,0.4924974739551544,0.4401902854442596,0.5048413872718811,0.4811365902423858,3.0021514892578125,3.056671142578125,Fixation,1290.8192443847656,670.6790054545683,200.0,1.0,True,1,word,image,11.0
160.0,1296.480712890625,685.1558303833008,0.4914190471172333,0.447119802236557,0.5064377784729004,0.4758026599884033,3.0164947509765625,3.038726806640625,Fixation,1290.8192443847656,670.6790054545683,200.0,1.0,True,1,word,image,11.0
164.0,1290.3915405273438,679.4849109649658,0.4946570992469787,0.4564079642295837,0.5040591955184937,0.4718645215034485,3.05047607421875,3.0292510986328125,Fixation,1290.8192443847656,670.6790054545683,200.0,1.0,True,1,word,image,11.0
168.0,1292.857666015625,648.4372043609619,0.4957833290100097,0.4473918974399566,0.5050225257873535,0.4503036141395569,3.017547607421875,2.990692138671875,Fixation,1290.8192443847656,670.6790054545683,200.0,1.0,True,1,word,image,11.0
172.0,1292.7047729492188,679.6215105056763,0.4949041306972503,0.4533125460147857,0.5049628019332886,0.4719593822956085,3.0549468994140625,3.0128173828125,Fixation,1290.8192443847656,670.6790054545683,200.0,1.0,True,1,word,image,11.0
176.0,1289.8788452148438,688.5080766677855,0.4964339435100555,0.4561986029148102,0.5038589239120483,0.4781306087970733,3.042266845703125,3.036361694335937,Fixation,1290.8192443847656,670.6790054545683,200.0,1.0,True,1,word,image,11.0
180.0,1290.2508544921875,663.6092805862426,0.4933300912380218,0.4563212394714355,0.5040042400360107,0.4608397781848907,3.0594940185546875,3.01080322265625,Fixation,1290.8192443847656,670.6790054545683,200.0,1.0,True,1,word,image,11.0
184.0,1289.8841857910156,666.4054298400878,0.4972967207431793,0.4630814790725708,0.5038610100746155,0.462781548500061,3.0681915283203125,3.0059814453125,Fixation,1290.8192443847656,670.6790054545683,200.0,1.0,True,1,word,image,11.0
188.0,1282.6275634765625,677.1492004394531,0.4976590573787689,0.4552570581436157,0.5010263919830322,0.4702425003051758,3.0575408935546875,3.0282135009765625,Fixation,1290.8192443847656,670.6790054545683,200.0,1.0,True,1,word,image,11.0
192.0,1289.1667175292969,662.2167205810547,0.495481014251709,0.4622344970703125,0.5035807490348816,0.4598727226257324,3.073272705078125,3.016830444335937,Fixation,1290.8192443847656,670.6790054545683,200.0,1.0,True,1,word,image,11.0
196.0,1275.7660675048826,707.2062921524048,0.4901406764984131,0.4643648266792297,0.4983461201190948,0.4911154806613922,3.064559936523437,3.080596923828125,Fixation,1290.8192443847656,670.6790054545683,200.0,1.0,True,1,word,image,11.0
200.0,1258.573989868164,697.0132112503051,0.4746782481670379,0.4912151992321014,0.4916304647922516,0.4840369522571563,3.0906219482421875,3.036651611328125,Fixation,1290.8192443847656,670.6790054545683,200.0,1.0,True,1,word,image,11.0
204.0,1181.4230346679688,780.6880474090576,0.4419019818305969,0.5322589874267578,0.4614933729171753,0.5421444773674011,3.078338623046875,3.095123291015625,Saccade,,,,0.0,False,2,,,
208.0,1119.6273040771484,810.8656024932861,0.4190008342266083,0.5661186575889587,0.4373544156551361,0.5631011128425598,3.1136932373046875,3.06890869140625,Saccade,,,,0.0,False,2,,,
212.0,1067.0402526855466,870.1998424530029,0.3982745110988617,0.6066858768463135,0.4168125987052917,0.6043054461479187,3.113632202148437,3.086898803710937,Saccade,,,,0.0,False,2,,,
216.0,1016.6354370117186,913.3421230316162,0.3859218657016754,0.6380316019058228,0.3971232175827026,0.6342653632164001,3.12799072265625,3.0774688720703125,Saccade,,,,0.0,False,2,,,
220.0,967.8632354736328,956.682243347168,0.3727986812591553,0.669054388999939,0.3780715763568878,0.6643626689910889,3.13726806640625,3.0725860595703125,Saccade,,,,0.0,False,2,,,
224.0,933.0741882324219,994.7161388397217,0.3552755117416382,0.6909520626068115,0.3644821047782898,0.6907750964164734,3.117279052734375,3.1051177978515625,Saccade,,,,0.0,False,2,,,
228.0,917.2150421142577,1023.7243366241455,0.3504171371459961,0.7248051166534424,0.3582871258258819,0.7109196782112122,3.147308349609375,3.092636108398437,Saccade,,,,0.0,False,2,,,
232.0,911.4398193359375,1056.5628147125244,0.3458577394485473,0.7348706722259521,0.3560311794281006,0.7337241768836975,3.122314453125,3.111068725585937,Fixation,902.0885933770073,1054.2545533180237,140.0,2.0,True,3,word,image,11.0
236.0,911.3504791259766,1060.0521755218506,0.3484500050544739,0.7360235452651978,0.3559962809085846,0.7361473441123962,3.144287109375,3.11614990234375,Fixation,902.0885933770073,1054.2545533180237,140.0,2.0,True,3,word,image,11.0
240.0,923.8761138916014,1042.6619338989258,0.3432379364967346,0.7366645932197571,0.3608891069889068,0.7240707874298096,3.144866943359375,3.097625732421875,Fixation,902.0885933770073,1054.2545533180237,140.0,2.0,True,3,word,image,11.0
244.0,914.4245910644531,1035.1574993133545,0.3423261940479278,0.7338935136795044,0.357197105884552,0.7188593745231628,3.15087890625,3.108642578125,Fixation,902.0885933770073,1054.2545533180237,140.0,2.0,True,3,word,image,11.0
248.0,919.4834899902344,1035.8327293395996,0.3419421315193176,0.7316464185714722,0.3591732382774353,0.7193282842636108,3.138946533203125,3.086090087890625,Fixation,902.0885933770073,1054.2545533180237,140.0,2.0,True,3,word,image,11.0
252.0,902.5088500976562,1047.4263095855713,0.3429568409919739,0.7357226610183716,0.352542519569397,0.7273793816566467,3.147369384765625,3.099594116210937,Fixation,902.0885933770073,1054.2545533180237,140.0,2.0,True,3,word,image,11.0
256.0,899.8876953125,1051.364049911499,0.3445802927017212,0.7339168190956116,0.3515186309814453,0.7301139235496521,3.156723022460937,3.11041259765625,Fixation,902.0885933770073,1054.2545533180237,140.0,2.0,True,3,word,image,11.0
260.0,900.970458984375,1052.7423191070557,0.3423473536968231,0.7348204255104065,0.3519415855407715,0.7310710549354553,3.12969970703125,3.0894927978515625,Fixation,902.0885933770073,1054.2545533180237,140.0,2.0,True,3,word,image,11.0
264.0,899.2933654785155,1063.2174396514893,0.3434799015522003,0.7362287640571594,0.3512864708900451,0.7383454442024231,3.1436309814453125,3.097747802734375,Fixation,902.0885933770073,1054.2545533180237,140.0,2.0,True,3,word,image,11.0
268.0,898.482666015625,1054.4662284851074,0.3460025191307068,0.737887442111969,0.3509697914123535,0.732268214225769,3.1449127197265625,3.0982818603515625,Fixation,902.0885933770073,1054.2545533180237,140.0,2.0,True,3,word,image,11.0
272.0,902.1111297607422,1053.5692119598389,0.3456780314445495,0.7345972061157227,0.3523871600627899,0.7316452860832214,3.1475067138671875,3.0902862548828125,Fixation,902.0885933770073,1054.2545533180237,140.0,2.0,True,3,word,image,11.0
276.0,897.6479339599608,1056.0156440734863,0.3432830274105072,0.7368888258934021,0.3506437242031097,0.7333441972732544,3.1515655517578125,3.0993804931640625,Fixation,902.0885933770073,1054.2545533180237,140.0,2.0,True,3,word,image,11.0
280.0,905.8092498779297,1060.852975845337,0.3433288931846618,0.7333055734634399,0.3538317382335663,0.7367034554481506,3.1409912109375,3.10675048828125,Fixation,902.0885933770073,1054.2545533180237,140.0,2.0,True,3,word,image,11.0
284.0,903.4085845947264,1063.3967399597168,0.3422850966453552,0.7343233823776245,0.352893978357315,0.7384699583053589,3.13470458984375,3.1065826416015625,Fixation,902.0885933770073,1054.2545533180237,140.0,2.0,True,3,word,image,11.0
288.0,898.3985900878906,1060.2514743804932,0.3425496816635132,0.7342448234558105,0.3509369492530823,0.7362857460975647,3.1383514404296875,3.1130828857421875,Fixation,902.0885933770073,1054.2545533180237,140.0,2.0,True,3,word,image,11.0
292.0,903.5716247558593,1052.8561305999756,0.3424976170063019,0.731497049331665,0.3529576659202575,0.7311500906944275,3.135711669921875,3.11181640625,Fixation,902.0885933770073,1054.2545533180237,140.0,2.0,True,3,word,image,11.0
296.0,897.6527404785155,1057.1422576904297,0.3457976579666137,0.7369170188903809,0.3506456017494201,0.7341265678405762,3.1548004150390625,3.1035308837890625,Fixation,902.0885933770073,1054.2545533180237,140.0,2.0,True,3,word,image,11.0
300.0,897.3847198486328,1058.475637435913,0.3431930840015411,0.7353383302688599,0.3505409061908722,0.7350525259971619,3.1455078125,3.108306884765625,Fixation,902.0885933770073,1054.2545533180237,140.0,2.0,True,3,word,image,11.0
304.0,898.9849090576172,1048.8922119140625,0.3416456878185272,0.733305037021637,0.3511659801006317,0.7283973693847656,3.143646240234375,3.091339111328125,Fixation,902.0885933770073,1054.2545533180237,140.0,2.0,True,3,word,image,11.0
308.0,898.9838409423828,1055.4664134979248,0.3446737229824066,0.7289459705352783,0.3511655628681183,0.7329627871513367,3.1383209228515625,3.089218139648437,Fixation,902.0885933770073,1054.2545533180237,140.0,2.0,True,3,word,image,11.0
312.0,903.0569458007812,1055.7831287384033,0.3429754078388214,0.7358411550521851,0.3527566194534302,0.7331827282905579,3.1379852294921875,3.087997436523437,Fixation,902.0885933770073,1054.2545533180237,140.0,2.0,True,3,word,image,11.0
316.0,895.4747009277343,1060.070972442627,0.344330370426178,0.7358428835868835,0.3497948050498962,0.736160397529602,3.133026123046875,3.092926025390625,Fixation,902.0885933770073,1054.2545533180237,140.0,2.0,True,3,word,image,11.0
320.0,903.2521820068359,1056.6975688934326,0.3435019552707672,0.7353993058204651,0.3528328835964203,0.7338177561759949,3.1212921142578125,3.100921630859375,Fixation,902.0885933770073,1054.2545533180237,140.0,2.0,True,3,word,image,11.0
324.0,899.7928619384766,1058.6412906646729,0.3434691727161407,0.7345859408378601,0.3514815866947174,0.7351675629615784,3.1336212158203125,3.089935302734375,Fixation,902.0885933770073,1054.2545533180237,140.0,2.0,True,3,word,image,11.0
328.0,905.8197784423828,1055.467357635498,0.3439157009124756,0.737625002861023,0.3538358509540558,0.7329634428024292,3.139022827148437,3.098358154296875,Fixation,902.0885933770073,1054.2545533180237,140.0,2.0,True,3,word,image,11.0
332.0,903.4415435791014,1053.6935806274414,0.3421166241168976,0.7313804030418396,0.3529068529605865,0.731731653213501,3.1193389892578125,3.0829620361328125,Fixation,902.0885933770073,1054.2545533180237,140.0,2.0,True,3,word,image,11.0
336.0,898.4059906005859,1048.2218742370605,0.3419397175312042,0.7299911379814148,0.3509398400783539,0.7279318571090698,3.1175689697265625,3.06463623046875,Fixation,902.0885933770073,1054.2545533180237,140.0,2.0,True,3,word,image,11.0
340.0,909.4689178466796,1049.2162227630615,0.3406810164451599,0.7372836470603943,0.3552612960338592,0.7286223769187927,3.1150665283203125,3.0771026611328125,Fixation,902.0885933770073,1054.2545533180237,140.0,2.0,True,3,word,image,11.0
344.0,895.4147338867188,1058.412036895752,0.344808965921402,0.7366468906402588,0.3497713804244995,0.7350083589553833,3.116607666015625,3.089019775390625,Fixation,902.0885933770073,1054.2545533180237,140.0,2.0,True,3,word,image,11.0
348.0,900.4019927978514,1050.4558753967285,0.3410605192184448,0.7258630394935608,0.3517195284366607,0.7294832468032837,3.12481689453125,3.0779266357421875,Fixation,902.0885933770073,1054.2545533180237,140.0,2.0,True,3,word,image,11.0
352.0,903.7295532226562,1057.089900970459,0.343031644821167,0.7355232834815979,0.3530193567276001,0.7340902090072632,3.13543701171875,3.0724029541015625,Fixation,902.0885933770073,1054.2545533180237,140.0,2.0,True,3,word,image,11.0
356.0,900.9060668945311,1054.769639968872,0.3419147431850433,0.7347530126571655,0.3519164323806762,0.73247891664505,3.116119384765625,3.0621337890625,Fixation,902.0885933770073,1054.2545533180237,140.0,2.0,True,3,word,image,11.0
360.0,898.4771728515625,1048.8529014587402,0.3434396386146545,0.7322154641151428,0.3509676456451416,0.7283700704574585,3.1216583251953125,3.0522918701171875,Fixation,902.0885933770073,1054.2545533180237,140.0,2.0,True,3,word,image,11.0
364.0,909.5511627197266,1057.7647876739502,0.3419521450996399,0.7327366471290588,0.3552934229373932,0.7345588803291321,3.10198974609375,3.0690155029296875,Fixation,902.0885933770073,1054.2545533180237,140.0,2.0,True,3,word,image,11.0
368.0,894.6709442138671,1053.0749988555908,0.3404625654220581,0.738356351852417,0.3494808375835418,0.7313020825386047,3.125762939453125,3.057220458984375,Fixation,902.0885933770073,1054.2545533180237,140.0,2.0,True,3,word,image,11.0
372.0,867.6539611816405,1068.5495853424072,0.3300753533840179,0.742281436920166,0.3389273285865783,0.7420483231544495,3.1219482421875,3.0661163330078125,Fixation,902.0885933770073,1054.2545533180237,140.0,2.0,True,3,word,image,11.0
376.0,820.4563140869141,1069.3284130096436,0.3107082843780517,0.7540156841278076,0.3204907476902008,0.7425891757011414,3.1009674072265625,3.0558013916015625,Fixation,738.9524330251356,1096.8028315586203,260.0,3.0,True,4,word,hand,1.0
380.0,779.9332427978514,1077.0206451416016,0.2925655245780945,0.7594701051712036,0.3046614229679107,0.7479310035705566,3.106719970703125,3.0577545166015625,Fixation,738.9524330251356,1096.8028315586203,260.0,3.0,True,4,word,hand,1.0
384.0,753.1757354736328,1089.0426921844482,0.2801942825317383,0.7538836598396301,0.2942092716693878,0.7562796473503113,3.0991973876953125,3.0643463134765625,Fixation,738.9524330251356,1096.8028315586203,260.0,3.0,True,4,word,hand,1.0
388.0,735.233154296875,1082.4999904632568,0.2826973497867584,0.7552302479743958,0.2872004508972168,0.7517361044883728,3.0981903076171875,3.0508270263671875,Fixation,738.9524330251356,1096.8028315586203,260.0,3.0,True,4,word,hand,1.0
392.0,729.1492462158203,1095.0769329071045,0.2855160236358642,0.7566667795181274,0.2848239243030548,0.7604700922966003,3.096954345703125,3.0384674072265625,Fixation,738.9524330251356,1096.8028315586203,260.0,3.0,True,4,word,hand,1.0
396.0,737.9511260986327,1090.9745693206787,0.2896203398704529,0.7517125606536865,0.2882621586322784,0.7576212286949158,3.0804901123046875,3.0222930908203125,Fixation,738.9524330251356,1096.8028315586203,260.0,3.0,True,4,word,hand,1.0
400.0,753.4671020507812,1095.4563903808594,0.2910583615303039,0.7631393074989319,0.2943230867385864,0.7607336044311523,3.0845489501953125,3.0236358642578125,Fixation,738.9524330251356,1096.8028315586203,260.0,3.0,True,4,word,hand,1.0
404.0,747.5358581542969,1098.8061046600342,0.2921865284442901,0.759246289730072,0.2920061945915222,0.7630597949028015,3.0860137939453125,3.010040283203125,Fixation,738.9524330251356,1096.8028315586203,260.0,3.0,True,4,word,hand,1.0
408.0,753.9327239990233,1095.0046634674072,0.2897865772247314,0.7612713575363159,0.2945049703121185,0.7604199051856995,3.0901336669921875,3.0342559814453125,Fixation,738.9524330251356,1096.8028315586203,260.0,3.0,True,4,word,hand,1.0
412.0,737.8776550292969,1088.8788414001465,0.2895101308822632,0.7577565312385559,0.2882334589958191,0.7561658620834351,3.0957183837890625,3.021102905273437,Fixation,738.9524330251356,1096.8028315586203,260.0,3.0,True,4,word,hand,1.0
416.0,739.0579223632811,1099.1080570220947,0.289322167634964,0.7555020451545715,0.2886945009231567,0.7632694840431213,3.08038330078125,3.006317138671875,Fixation,738.9524330251356,1096.8028315586203,260.0,3.0,True,4,word,hand,1.0
420.0,735.5036163330078,1091.046495437622,0.2889590859413147,0.7559790015220642,0.2873061001300812,0.7576711773872375,3.0739898681640625,3.0006256103515625,Fixation,738.9524330251356,1096.8028315586203,260.0,3.0,True,4,word,hand,1.0
424.0,735.8660125732421,1096.6373348236084,0.2841818332672119,0.7562698125839233,0.2874476611614227,0.7615537047386169,3.0868682861328125,3.0125885009765625,Fixation,738.9524330251356,1096.8028315586203,260.0,3.0,True,4,word,hand,1.0
428.0,729.2861175537108,1089.631233215332,0.2868916094303131,0.7585235238075256,0.2848773896694183,0.7566883563995361,3.071197509765625,2.99884033203125,Fixation,738.9524330251356,1096.8028315586203,260.0,3.0,True,4,word,hand,1.0
432.0,729.1401672363281,1089.832935333252,0.2886290848255157,0.7589201927185059,0.2848203778266907,0.7568284273147583,3.071640014648437,2.996795654296875,Fixation,738.9524330251356,1096.8028315586203,260.0,3.0,True,4,word,hand,1.0
436.0,735.3240966796874,1103.697166442871,0.2860091030597687,0.7564210891723633,0.2872359752655029,0.7664563655853271,3.0660400390625,2.996429443359375,Fixation,738.9524330251356,1096.8028315586203,260.0,3.0,True,4,word,hand,1.0
440.0,727.7851867675781,1093.9171028137207,0.282577633857727,0.753917396068573,0.2842910885810852,0.7596646547317505,3.048736572265625,2.9851837158203125,Fixation,738.9524330251356,1096.8028315586203,260.0,3.0,True,4,word,hand,1.0
444.0,731.5480804443359,1091.0008335113525,0.2817846536636352,0.7578055262565613,0.2857609689235687,0.757639467716217,3.043609619140625,2.987899780273437,Fixation,738.9524330251356,1096.8028315586203,260.0,3.0,True,4,word,hand,1.0
448.0,736.0875701904297,1095.5703735351562,0.2834597826004028,0.7574105858802795,0.2875342071056366,0.7608127593994141,3.046051025390625,2.97882080078125,Fixation,738.9524330251356,1096.8028315586203,260.0,3.0,True,4,word,hand,1.0
452.0,739.4554901123047,1095.455961227417,0.2851923108100891,0.7591404914855957,0.288849800825119,0.7607333064079285,3.054718017578125,2.9936065673828125,Fixation,738.9524330251356,1096.8028315586203,260.0,3.0,True,4,word,hand,1.0
456.0,745.8032226562499,1096.6115856170654,0.2876438200473785,0.7586416006088257,0.2913293838500976,0.7615358233451843,3.0532989501953125,2.986328125,Fixation,738.9524330251356,1096.8028315586203,260.0,3.0,True,4,word,hand,1.0
460.0,744.2611694335936,1091.3969421386719,0.2855121791362762,0.7519525289535522,0.2907270193099975,0.7579145431518555,3.0598907470703125,2.9698944091796875,Fixation,738.9524330251356,1096.8028315586203,260.0,3.0,True,4,word,hand,1.0
464.0,744.7111511230469,1093.3279609680176,0.2863394618034363,0.7511327266693115,0.2909027934074402,0.7592555284500122,3.0471954345703125,2.96978759765625,Fixation,738.9524330251356,1096.8028315586203,260.0,3.0,True,4,word,hand,1.0
468.0,748.4153747558593,1092.73512840271,0.2879724204540252,0.75486159324646,0.2923497557640075,0.7588438391685486,3.047149658203125,2.9746246337890625,Fixation,738.9524330251356,1096.8028315586203,260.0,3.0,True,4,word,hand,1.0
472.0,742.4945068359375,1094.7471714019775,0.28787961602211,0.7548048496246338,0.2900369167327881,0.7602410912513733,3.0538787841796875,2.961776733398437,Fixation,738.9524330251356,1096.8028315586203,260.0,3.0,True,4,word,hand,1.0
476.0,732.385025024414,1095.6990337371826,0.2854804694652557,0.7605881094932556,0.2860879004001617,0.7609021067619324,3.0423583984375,2.9571533203125,Fixation,738.9524330251356,1096.8028315586203,260.0,3.0,True,4,word,hand,1.0
480.0,720.7662963867188,1093.7965965270996,0.285025954246521,0.7585214972496033,0.281549334526062,0.7595809698104858,3.047332763671875,2.95501708984375,Fixation,738.9524330251356,1096.8028315586203,260.0,3.0,True,4,word,hand,1.0
484.0,732.107696533203,1094.099063873291,0.2857544422149658,0.7552722692489624,0.2859795689582824,0.7597910165786743,3.0389862060546875,2.969696044921875,Fixation,738.9524330251356,1096.8028315586203,260.0,3.0,True,4,word,hand,1.0
488.0,745.3530883789061,1095.1395893096924,0.2866662144660949,0.7562664747238159,0.2911535501480102,0.7605136036872864,3.025909423828125,2.9494781494140625,Fixation,738.9524330251356,1096.8028315586203,260.0,3.0,True,4,word,hand,1.0
492.0,744.2823028564452,1093.0035209655762,0.2835463583469391,0.7589030265808105,0.2907352745532989,0.7590302228927612,3.0283203125,2.9419097900390625,Fixation,738.9524330251356,1096.8028315586203,260.0,3.0,True,4,word,hand,1.0
496.0,746.097183227539,1092.9126262664795,0.2867949604988098,0.7563454508781433,0.2914442121982574,0.7589671015739441,3.0301971435546875,2.9403533935546875,Fixation,738.9524330251356,1096.8028315586203,260.0,3.0,True,4,word,hand,1.0
500.0,733.1886291503905,1091.352310180664,0.2853785157203674,0.7561284303665161,0.2864018082618713,0.7578835487365723,3.019622802734375,2.947235107421875,Fixation,738.9524330251356,1096.8028315586203,260.0,3.0,True,4,word,hand,1.0
504.0,736.6310119628905,1100.886468887329,0.2839561700820923,0.75743567943573,0.2877464890480041,0.7645044922828674,3.0329742431640625,2.9693756103515625,Fixation,738.9524330251356,1096.8028315586203,260.0,3.0,True,4,word,hand,1.0
508.0,732.184600830078,1100.3507995605469,0.2834491431713104,0.755418598651886,0.2860096096992492,0.7641324996948242,3.015472412109375,2.9563140869140625,Fixation,738.9524330251356,1096.8028315586203,260.0,3.0,True,4,word,hand,1.0
512.0,744.5473480224609,1095.007152557373,0.2827376425266266,0.7570808529853821,0.2908388078212738,0.760421633720398,3.02178955078125,2.933258056640625,Fixation,738.9524330251356,1096.8028315586203,260.0,3.0,True,4,word,hand,1.0
516.0,738.9979553222656,1102.7080535888672,0.2864260375499725,0.7572047114372253,0.28867107629776,0.7657694816589355,3.0223846435546875,2.9440155029296875,Fixation,738.9524330251356,1096.8028315586203,260.0,3.0,True,4,word,hand,1.0
520.0,730.6291961669922,1093.264446258545,0.2826088070869446,0.7543574571609497,0.2854020297527313,0.7592114210128784,3.00872802734375,2.9396209716796875,Fixation,738.9524330251356,1096.8028315586203,260.0,3.0,True,4,word,hand,1.0
524.0,730.2114868164062,1106.8670654296875,0.2871592044830322,0.7605523467063904,0.2852388620376587,0.7686576843261719,3.0204620361328125,2.9479217529296875,Fixation,738.9524330251356,1096.8028315586203,260.0,3.0,True,4,word,hand,1.0
528.0,737.5578308105469,1088.3511543273926,0.2869412004947662,0.7594345211982727,0.2881085276603699,0.755799412727356,3.021835327148437,2.9065093994140625,Fixation,738.9524330251356,1096.8028315586203,260.0,3.0,True,4,word,hand,1.0
532.0,743.7318420410155,1097.3371982574463,0.2802677750587463,0.7581763863563538,0.2905202507972717,0.7620397210121155,3.01947021484375,2.93426513671875,Fixation,738.9524330251356,1096.8028315586203,260.0,3.0,True,4,word,hand,1.0
536.0,726.5533447265625,1092.795467376709,0.2837454080581665,0.7588827610015869,0.2838099002838135,0.7588857412338257,3.0058135986328125,2.931304931640625,Fixation,738.9524330251356,1096.8028315586203,260.0,3.0,True,4,word,hand,1.0
540.0,741.7545318603514,1096.889934539795,0.2862485647201538,0.7650558948516846,0.2897478640079498,0.7617291212081909,3.009368896484375,2.93017578125,Fixation,738.9524330251356,1096.8028315586203,260.0,3.0,True,4,word,hand,1.0
544.0,737.7635955810547,1097.005205154419,0.2812750041484833,0.7549105882644653,0.2881889045238495,0.7618091702461243,3.001861572265625,2.9162750244140625,Fixation,738.9524330251356,1096.8028315586203,260.0,3.0,True,4,word,hand,1.0
548.0,721.7639923095703,1099.1096878051758,0.2839429080486297,0.7501388192176819,0.2819390594959259,0.7632706165313721,3.00689697265625,2.91363525390625,Fixation,738.9524330251356,1096.8028315586203,260.0,3.0,True,4,word,hand,1.0
552.0,731.5653228759764,1092.4769496917725,0.2839091718196869,0.7520422339439392,0.2857677042484283,0.7586645483970642,3.0050811767578125,2.9120330810546875,Fixation,738.9524330251356,1096.8028315586203,260.0,3.0,True,4,word,hand,1.0
556.0,736.4591217041016,1102.5892639160156,0.2854444086551666,0.7594054341316223,0.2876793444156647,0.7656869888305664,3.014068603515625,2.9164276123046875,Fixation,738.9524330251356,1096.8028315586203,260.0,3.0,True,4,word,hand,1.0
560.0,728.8460540771484,1104.3877601623535,0.2842215299606323,0.7527139186859131,0.2847054898738861,0.7669359445571899,2.9912109375,2.9180908203125,Fixation,738.9524330251356,1096.8028315586203,260.0,3.0,True,4,word,hand,1.0
564.0,734.9385070800781,1099.2176628112793,0.283930629491806,0.7490853667259216,0.2870853543281555,0.7633455991744995,3.0019989013671875,2.923492431640625,Fixation,738.9524330251356,1096.8028315586203,260.0,3.0,True,4,word,hand,1.0
568.0,747.5010681152344,1096.378984451294,0.2811927795410156,0.7576748132705688,0.2919926047325134,0.761374294757843,2.991363525390625,2.91229248046875,Fixation,738.9524330251356,1096.8028315586203,260.0,3.0,True,4,word,hand,1.0
572.0,725.2655029296875,1095.814905166626,0.2834741175174713,0.7581512331962585,0.2833068370819092,0.7609825730323792,2.98492431640625,2.910629272460937,Fixation,738.9524330251356,1096.8028315586203,260.0,3.0,True,4,word,hand,1.0
576.0,729.0093231201172,1096.9601440429688,0.2860943973064422,0.7621945142745972,0.2847692668437958,0.7617778778076172,3.0047149658203125,2.9145965576171875,Fixation,738.9524330251356,1096.8028315586203,260.0,3.0,True,4,word,hand,1.0
580.0,741.3507843017577,1101.4996433258057,0.2819855213165283,0.7513883113861084,0.2895901501178741,0.7649303078651428,2.986083984375,2.915496826171875,Fixation,738.9524330251356,1096.8028315586203,260.0,3.0,True,4,word,hand,1.0
584.0,721.9084167480469,1101.4007663726807,0.2823584675788879,0.7565819621086121,0.2819954752922058,0.7648616433143616,2.994873046875,2.9028472900390625,Fixation,738.9524330251356,1096.8028315586203,260.0,3.0,True,4,word,hand,1.0
588.0,740.8219146728514,1103.1225299835205,0.28531014919281,0.7583498954772949,0.2893835604190826,0.7660573124885559,2.9996795654296875,2.924591064453125,Fixation,738.9524330251356,1096.8028315586203,260.0,3.0,True,4,word,hand,1.0
592.0,750.6670379638672,1089.0560817718506,0.2816673815250397,0.7595522403717041,0.2932293117046356,0.7562889456748962,2.9920806884765625,2.9037628173828125,Fixation,738.9524330251356,1096.8028315586203,260.0,3.0,True,4,word,hand,1.0
596.0,735.704116821289,1100.5548191070557,0.2857251167297363,0.749731183052063,0.287384420633316,0.7642741799354553,2.987091064453125,2.896697998046875,Fixation,738.9524330251356,1096.8028315586203,260.0,3.0,True,4,word,hand,1.0
600.0,730.3546142578125,1092.7044868469238,0.2843469977378845,0.758158802986145,0.285294771194458,0.7588225603103638,2.996932983398437,2.910125732421875,Fixation,738.9524330251356,1096.8028315586203,260.0,3.0,True,4,word,hand,1.0
604.0,742.8040313720702,1095.545825958252,0.2833659648895263,0.7564002871513367,0.2901578247547149,0.7607957124710083,3.0055084228515625,2.9095611572265625,Fixation,738.9524330251356,1096.8028315586203,260.0,3.0,True,4,word,hand,1.0
608.0,738.1063079833984,1094.6895790100098,0.2838966250419616,0.7571247220039368,0.288322776556015,0.760201096534729,2.98309326171875,2.898788452148437,Fixation,738.9524330251356,1096.8028315586203,260.0,3.0,True,4,word,hand,1.0
612.0,732.452392578125,1095.1566696166992,0.290423184633255,0.7614439129829407,0.2861142158508301,0.7605254650115967,2.958114624023437,2.89605712890625,Fixation,738.9524330251356,1096.8028315586203,260.0,3.0,True,4,word,hand,1.0
616.0,731.0588836669922,1091.8020629882812,0.2896941006183624,0.7745506167411804,0.2855698764324188,0.7581958770751953,2.9382781982421875,2.9071807861328125,Fixation,738.9524330251356,1096.8028315586203,260.0,3.0,True,4,word,hand,1.0
620.0,728.5451507568358,1088.042335510254,0.2919975817203522,0.7799380421638489,0.284587949514389,0.7555849552154541,2.912109375,2.903793334960937,Fixation,738.9524330251356,1096.8028315586203,260.0,3.0,True,4,word,hand,1.0
624.0,740.1528167724608,1116.8326950073242,0.2955823540687561,0.7838798761367798,0.2891221940517425,0.7755782604217529,2.892059326171875,2.8851318359375,Fixation,738.9524330251356,1096.8028315586203,260.0,3.0,True,4,word,hand,1.0
628.0,731.2133026123047,1126.6258907318115,0.3029033541679382,0.7538447976112366,0.2856301963329315,0.7823790907859802,2.9606170654296875,2.8468780517578125,Fixation,738.9524330251356,1096.8028315586203,260.0,3.0,True,4,word,hand,1.0
632.0,748.5796356201172,1118.6314487457275,0.3036173582077026,0.7687985301017761,0.2924139201641083,0.7768273949623108,2.92828369140625,2.874862670898437,Fixation,738.9524330251356,1096.8028315586203,260.0,3.0,True,4,word,hand,1.0
636.0,739.9948883056641,1157.1380138397217,,,0.2890605032444,0.8035680651664734,,2.7874755859375,Fixation,738.9524330251356,1096.8028315586203,260.0,3.0,True,4,word,hand,1.0
640.0,697.6064300537108,1298.7210559844973,,,0.2725025117397308,0.9018896222114564,,2.512420654296875,Fixation,,,144.0,4.0,True,5,,,
644.0,,,,,,,,,Fixation,,,144.0,4.0,True,5,,,
648.0,,,,,,,,,Fixation,,,144.0,4.0,True,5,,,
652.0,,,,,,,,,Fixation,,,144.0,4.0,True,5,,,
656.0,,,,,,,,,Fixation,,,144.0,4.0,True,5,,,
660.0,,,,,,,,,Fixation,,,144.0,4.0,True,5,,,
664.0,,,,,,,,,Fixation,,,144.0,4.0,True,5,,,
668.0,,,,,,,,,Fixation,,,144.0,4.0,True,5,,,
672.0,,,,,,,,,Fixation,,,144.0,4.0,True,5,,,
676.0,,,,,,,,,Fixation,,,144.0,4.0,True,5,,,
680.0,,,,,,,,,Fixation,,,144.0,4.0,True,5,,,
684.0,,,,,,,,,Fixation,,,144.0,4.0,True,5,,,
688.0,,,,,,,,,Fixation,,,144.0,4.0,True,5,,,
692.0,,,,,,,,,Fixation,,,144.0,4.0,True,5,,,
696.0,,,,,,,,,Fixation,,,144.0,4.0,True,5,,,
700.0,,,,,,,,,Fixation,,,144.0,4.0,True,5,,,
704.0,,,,,,,,,Fixation,,,144.0,4.0,True,5,,,
708.0,,,,,,,,,Fixation,,,144.0,4.0,True,5,,,
712.0,,,,,,,,,Fixation,,,144.0,4.0,True,5,,,
716.0,,,,,,,,,Fixation,,,144.0,4.0,True,5,,,
720.0,,,,,,,,,Fixation,,,144.0,4.0,True,5,,,
724.0,,,,,,,,,Fixation,,,144.0,4.0,True,5,,,
728.0,,,,,,,,,Fixation,,,144.0,4.0,True,5,,,
732.0,,,,,,,,,Fixation,,,144.0,4.0,True,5,,,
736.0,,,,,,,,,Fixation,,,144.0,4.0,True,5,,,
740.0,,,,,,,,,Fixation,,,144.0,4.0,True,5,,,
744.0,,,,,,,,,Fixation,,,144.0,4.0,True,5,,,
748.0,,,,,,,,,Fixation,,,144.0,4.0,True,5,,,
752.0,,,,,,,,,Fixation,,,144.0,4.0,True,5,,,
756.0,,,,,,,,,Fixation,,,144.0,4.0,True,5,,,
760.0,,,,,,,,,Fixation,,,144.0,4.0,True,5,,,
764.0,,,,,,,,,Fixation,,,144.0,4.0,True,5,,,
768.0,,,,,,,,,Fixation,,,144.0,4.0,True,5,,,
772.0,,,,,,,,,Fixation,,,144.0,4.0,True,5,,,
776.0,,,,,,,,,Fixation,,,144.0,4.0,True,5,,,
780.0,,,,,,,,,Fixation,,,144.0,4.0,True,5,,,
784.0,,,,,,,,,Fixation,,,144.0,4.0,True,5,,,
788.0,1181.5702056884763,1334.665060043335,0.4615508615970611,0.9268507361412048,,,2.007904052734375,,Saccade,,,,0.0,False,6,,,
792.0,,,,,,,,,Saccade,,,,0.0,False,6,,,
796.0,1080.1275634765625,1309.92299079895,0.4219248294830322,0.909668743610382,,,2.0632476806640625,,Saccade,,,,0.0,False,6,,,
800.0,1176.9867706298828,1250.0202083587646,0.459760457277298,0.868069589138031,,,2.1967315673828125,,Saccade,,,,0.0,False,6,,,
804.0,1128.89892578125,1258.4149646759033,0.4409761428833008,0.8738992810249329,,,2.17266845703125,,Saccade,,,,0.0,False,6,,,
808.0,849.5132446289062,1250.344476699829,0.4071522951126098,0.8742491006851196,0.3318411111831665,0.8682947754859924,2.3448944091796875,2.2831573486328125,Saccade,,,,0.0,False,6,,,
812.0,952.5457763671875,1104.3675899505615,,,0.3720881938934326,0.7669219374656677,,2.698455810546875,Saccade,,,,0.0,False,6,,,
816.0,,,,,,,,,Saccade,,,,0.0,False,6,,,
820.0,965.5445861816405,1125.906457901001,0.3668910264968872,0.7552110552787781,0.3771658539772033,0.7818794846534729,2.8704071044921875,2.677398681640625,Saccade,,,,0.0,False,6,,,
824.0,932.7210998535155,1050.7200622558594,0.3688564896583557,0.7799845337867737,0.3643441796302795,0.7296667098999023,2.82098388671875,2.8067626953125,Saccade,,,,0.0,False,6,,,
828.0,965.5697631835938,1021.5813159942627,0.3713190853595733,0.7794052958488464,0.3771756887435913,0.7094314694404602,2.79876708984375,2.8609161376953125,Fixation,962.6591372489929,1064.155740737915,124.0,5.0,True,7,word,image,11.0
832.0,950.1630401611328,1080.5369567871094,0.3801115453243255,0.7731783986091614,0.3711574375629425,0.7503728866577148,2.8253326416015625,2.795761108398437,Fixation,962.6591372489929,1064.155740737915,124.0,5.0,True,7,word,image,11.0
836.0,970.9764099121094,1063.4591388702393,0.3718630373477936,0.7526077032089233,0.3792876601219177,0.7385132908821106,2.863616943359375,2.7986297607421875,Fixation,962.6591372489929,1064.155740737915,124.0,5.0,True,7,word,image,11.0
840.0,963.194122314453,1042.7614974975586,0.3758635222911834,0.7243695259094238,0.3762477040290832,0.724139928817749,2.9729766845703125,2.8207244873046875,Fixation,962.6591372489929,1064.155740737915,124.0,5.0,True,7,word,image,11.0
844.0,966.1669921875,1045.7994747161865,0.3721586167812347,0.7347619533538818,0.3774089813232422,0.726249635219574,2.93719482421875,2.822998046875,Fixation,962.6591372489929,1064.155740737915,124.0,5.0,True,7,word,image,11.0
848.0,963.7047576904297,1045.7946681976318,0.3646151721477508,0.7289987206459045,0.3764471709728241,0.7262462973594666,2.9652862548828125,2.8145904541015625,Fixation,962.6591372489929,1064.155740737915,124.0,5.0,True,7,word,image,11.0
852.0,963.3016204833984,1013.9405822753906,0.3628629744052887,0.7156739234924316,0.3762896955013275,0.7041254043579102,2.99884033203125,2.83892822265625,Fixation,962.6591372489929,1064.155740737915,124.0,5.0,True,7,word,image,11.0
856.0,965.9726715087891,1004.8927402496338,0.3621126413345337,0.7313143610954285,0.3773330748081207,0.6978421807289124,2.9270782470703125,2.8466796875,Fixation,962.6591372489929,1064.155740737915,124.0,5.0,True,7,word,image,11.0
860.0,977.6461029052733,1025.4700469970703,0.3726657032966614,0.7278783321380615,0.3818930089473724,0.7121319770812988,2.9589385986328125,2.840362548828125,Fixation,962.6591372489929,1064.155740737915,124.0,5.0,True,7,word,image,11.0
864.0,974.3163299560546,1034.5856094360352,0.3636322319507599,0.7266151905059814,0.3805923163890838,0.7184622287750244,2.9235992431640625,2.8094635009765625,Fixation,962.6591372489929,1064.155740737915,124.0,5.0,True,7,word,image,11.0
868.0,975.8364868164062,1039.2381477355957,0.3557413220405578,0.719894289970398,0.3811861276626587,0.7216931581497192,2.959991455078125,2.780059814453125,Fixation,962.6591372489929,1064.155740737915,124.0,5.0,True,7,word,image,11.0
872.0,958.7001800537108,1054.8052597045898,0.3604753911495209,0.7083356976509094,0.3744922578334808,0.7325036525726318,2.987289428710937,2.7761688232421875,Fixation,962.6591372489929,1064.155740737915,124.0,5.0,True,7,word,image,11.0
876.0,973.1372833251953,1071.3913536071777,0.3627713024616241,0.7245522737503052,0.3801317512989044,0.7440217733383179,2.94775390625,2.7733612060546875,Fixation,962.6591372489929,1064.155740737915,124.0,5.0,True,7,word,image,11.0
880.0,976.0922241210936,1076.2037086486816,0.3696325123310089,0.7204586267471313,0.3812860250473022,0.7473636865615845,2.946014404296875,2.785430908203125,Fixation,962.6591372489929,1064.155740737915,124.0,5.0,True,7,word,image,11.0
884.0,946.1666107177733,1090.8000755310059,0.3569570481777191,0.7099555730819702,0.3695963323116302,0.7575000524520874,2.9803466796875,2.792205810546875,Fixation,962.6591372489929,1064.155740737915,124.0,5.0,True,7,word,image,11.0
888.0,962.1513366699218,1080.0525283813477,0.354957103729248,0.7157803177833557,0.3758403658866882,0.7500364780426025,2.9589385986328125,2.76251220703125,Fixation,962.6591372489929,1064.155740737915,124.0,5.0,True,7,word,image,11.0
892.0,970.5020904541016,1082.4562168121338,0.3544879555702209,0.7276600003242493,0.3791023790836334,0.7517057061195374,2.923919677734375,2.80328369140625,Fixation,962.6591372489929,1064.155740737915,124.0,5.0,True,7,word,image,11.0
896.0,976.0076141357422,1075.6646919250488,0.3623095452785492,0.7415384650230408,0.3812529742717743,0.746989369392395,2.894622802734375,2.764312744140625,Fixation,962.6591372489929,1064.155740737915,124.0,5.0,True,7,word,image,11.0
900.0,964.2665100097656,1083.7985229492188,0.3640059232711792,0.7406560778617859,0.3766666054725647,0.7526378631591797,2.8837127685546875,2.766326904296875,Fixation,962.6591372489929,1064.155740737915,124.0,5.0,True,7,word,image,11.0
904.0,954.2569732666014,1092.679681777954,0.354928195476532,0.738673985004425,0.3727566301822662,0.7588053345680237,2.8968505859375,2.7851104736328125,Fixation,962.6591372489929,1064.155740737915,124.0,5.0,True,7,word,image,11.0
908.0,961.3035583496093,1091.874418258667,0.3541484177112579,0.7528282999992371,0.3755092024803161,0.758246123790741,2.87799072265625,2.773544311523437,Fixation,962.6591372489929,1064.155740737915,124.0,5.0,True,7,word,image,11.0
912.0,973.2393646240233,1084.3628597259521,0.3598919212818146,0.730356752872467,0.3801716268062591,0.7530297636985779,2.917572021484375,2.7721710205078125,Fixation,962.6591372489929,1064.155740737915,124.0,5.0,True,7,word,image,11.0
916.0,957.5622558593749,1077.7447128295898,0.3655126392841339,0.7493683099746704,0.3740477561950683,0.7484338283538818,2.880279541015625,2.758941650390625,Fixation,962.6591372489929,1064.155740737915,124.0,5.0,True,7,word,image,11.0
920.0,964.1335296630858,1076.041488647461,0.3588340282440185,0.7559312582015991,0.3766146600246429,0.747251033782959,2.870101928710937,2.7773895263671875,Fixation,962.6591372489929,1064.155740737915,124.0,5.0,True,7,word,image,11.0
924.0,955.1768493652344,1081.2714958190918,0.3536298871040344,0.7596725821495056,0.3731159567832947,0.7508829832077026,2.8549957275390625,2.78875732421875,Fixation,962.6591372489929,1064.155740737915,124.0,5.0,True,7,word,image,11.0
928.0,969.6788024902344,1072.1282958984375,0.3598953485488891,0.7612801790237427,0.3787807822227478,0.7445335388183594,2.854339599609375,2.76971435546875,Fixation,962.6591372489929,1064.155740737915,124.0,5.0,True,7,word,image,11.0
932.0,962.5905609130859,1082.0340156555176,0.3646929860115051,0.7676519155502319,0.3760119378566742,0.7514125108718872,2.845855712890625,2.79522705078125,Fixation,962.6591372489929,1064.155740737915,124.0,5.0,True,7,word,image,11.0
936.0,945.1540374755858,1069.1924571990967,0.3632215559482574,0.7665343880653381,0.3692007958889007,0.7424947619438171,2.85772705078125,2.7938995361328125,Fixation,962.6591372489929,1064.155740737915,124.0,5.0,True,7,word,image,11.0
940.0,949.0063476562499,1070.7392978668213,0.3578413426876068,0.7653579711914062,0.3707056045532226,0.7435689568519592,2.8387451171875,2.793792724609375,Fixation,962.6591372489929,1064.155740737915,124.0,5.0,True,7,word,image,11.0
944.0,952.2458648681641,1070.7448768615723,0.357834130525589,0.770750105381012,0.3719710409641266,0.7435728311538696,2.852890014648437,2.795196533203125,Fixation,962.6591372489929,1064.155740737915,124.0,5.0,True,7,word,image,11.0
948.0,949.5465850830078,1075.9797763824463,0.3547105193138122,0.7672867774963379,0.3709166347980499,0.7472081780433655,2.843353271484375,2.79595947265625,Fixation,962.6591372489929,1064.155740737915,124.0,5.0,True,7,word,image,11.0
952.0,947.3255157470702,1074.9577903747559,0.3517995476722717,0.7725560665130615,0.3700490295886993,0.7464984655380249,2.856674194335937,2.7952117919921875,Fixation,962.6591372489929,1064.155740737915,124.0,5.0,True,7,word,image,11.0
956.0,923.1285858154297,1087.5251197814941,0.3476288020610809,0.7713606953620911,0.3605971038341522,0.7552257776260376,2.8572998046875,2.80902099609375,Fixation,919.2805862426758,1081.6495513916016,188.0,6.0,True,8,word,holding,2.0
960.0,908.006362915039,1095.9336948394775,0.3484892845153808,0.7715058326721191,0.3546899855136871,0.7610650658607483,2.85809326171875,2.8426971435546875,Fixation,919.2805862426758,1081.6495513916016,188.0,6.0,True,8,word,holding,2.0
964.0,905.0507354736328,1112.4971294403076,0.3469186127185821,0.770555853843689,0.3535354435443878,0.7725674510002136,2.8570098876953125,2.8352508544921875,Fixation,919.2805862426758,1081.6495513916016,188.0,6.0,True,8,word,holding,2.0
968.0,924.7405242919921,1093.2560348510742,0.3435535430908203,0.7680912017822266,0.3612267673015594,0.7592055797576904,2.845932006835937,2.817733764648437,Fixation,919.2805862426758,1081.6495513916016,188.0,6.0,True,8,word,holding,2.0
972.0,913.7710571289062,1090.8759498596191,0.3434610962867737,0.764150857925415,0.356941819190979,0.7575527429580688,2.84136962890625,2.838165283203125,Fixation,919.2805862426758,1081.6495513916016,188.0,6.0,True,8,word,holding,2.0
976.0,916.9519805908203,1087.6103496551514,0.346747875213623,0.7604950666427612,0.3581843674182892,0.7552849650382996,2.873687744140625,2.838729858398437,Fixation,919.2805862426758,1081.6495513916016,188.0,6.0,True,8,word,holding,2.0
980.0,933.7873077392578,1078.7317657470703,0.3489601910114288,0.7632156610488892,0.3647606670856476,0.7491192817687988,2.8671417236328125,2.838043212890625,Fixation,919.2805862426758,1081.6495513916016,188.0,6.0,True,8,word,holding,2.0
984.0,923.8323974609375,1090.081672668457,0.3528362214565277,0.7657402157783508,0.3608720302581787,0.7570011615753174,2.875717163085937,2.8689422607421875,Fixation,919.2805862426758,1081.6495513916016,188.0,6.0,True,8,word,holding,2.0
988.0,915.3642272949218,1088.1260204315186,0.3487904965877533,0.7678331732749939,0.3575641512870788,0.7556430697441101,2.87322998046875,2.86962890625,Fixation,919.2805862426758,1081.6495513916016,188.0,6.0,True,8,word,holding,2.0
992.0,912.616958618164,1084.2181491851807,0.3465083837509155,0.7663317918777466,0.3564909994602203,0.7529292702674866,2.87298583984375,2.8726348876953125,Fixation,919.2805862426758,1081.6495513916016,188.0,6.0,True,8,word,holding,2.0
996.0,909.4830322265625,1080.6233024597168,0.3442403078079223,0.7678830027580261,0.355266809463501,0.7504328489303589,2.883697509765625,2.873321533203125,Fixation,919.2805862426758,1081.6495513916016,188.0,6.0,True,8,word,holding,2.0
1000.0,908.1730651855468,1074.5852851867676,0.3401843905448913,0.7707799077033997,0.3547551035881042,0.7462397813796997,2.866806030273437,2.8780059814453125,Fixation,919.2805862426758,1081.6495513916016,188.0,6.0,True,8,word,holding,2.0
1004.0,911.9057464599608,1077.4374389648438,0.3418513834476471,0.7757801413536072,0.3562131822109222,0.7482204437255859,2.893646240234375,2.889389038085937,Fixation,919.2805862426758,1081.6495513916016,188.0,6.0,True,8,word,holding,2.0
1008.0,920.6645965576172,1074.594554901123,0.3447941243648529,0.7735804319381714,0.3596346080303192,0.7462462186813354,2.8893280029296875,2.8775634765625,Fixation,919.2805862426758,1081.6495513916016,188.0,6.0,True,8,word,holding,2.0
1012.0,923.7554168701172,1070.3163242340088,0.3431064486503601,0.7697656154632568,0.3608419597148895,0.7432752251625061,2.8952789306640625,2.89013671875,Fixation,919.2805862426758,1081.6495513916016,188.0,6.0,True,8,word,holding,2.0
1016.0,921.1217498779297,1077.594337463379,0.3440654873847961,0.7705228924751282,0.3598131835460663,0.7483294010162354,2.8883056640625,2.8896026611328125,Fixation,919.2805862426758,1081.6495513916016,188.0,6.0,True,8,word,holding,2.0
1020.0,927.6710510253906,1078.4002876281738,0.3448763191699981,0.7762320041656494,0.3623715043067932,0.7488890886306763,2.890365600585937,2.8948211669921875,Fixation,919.2805862426758,1081.6495513916016,188.0,6.0,True,8,word,holding,2.0
1024.0,927.5172424316406,1081.7552375793457,0.3445967435836792,0.7766883373260498,0.3623114228248596,0.7512189149856567,2.887359619140625,2.922225952148437,Fixation,919.2805862426758,1081.6495513916016,188.0,6.0,True,8,word,holding,2.0
1028.0,934.346694946289,1081.861925125122,0.3465844392776489,0.7776608467102051,0.3649791777133941,0.7512930035591125,2.906005859375,2.91619873046875,Fixation,919.2805862426758,1081.6495513916016,188.0,6.0,True,8,word,holding,2.0
1032.0,923.4349822998047,1080.8317852020264,0.3455304205417633,0.771149754524231,0.3607167899608612,0.7505776286125183,2.8988189697265625,2.9043731689453125,Fixation,919.2805862426758,1081.6495513916016,188.0,6.0,True,8,word,holding,2.0
1036.0,932.9584503173827,1079.7629356384277,0.3463808298110962,0.7718403339385986,0.3644368946552276,0.7498353719711304,2.9015350341796875,2.912017822265625,Fixation,919.2805862426758,1081.6495513916016,188.0,6.0,True,8,word,holding,2.0
1040.0,919.1360473632811,1085.9482383728027,0.3478593528270721,0.771740198135376,0.3590375185012817,0.7541307210922241,2.9036407470703125,2.922607421875,Fixation,919.2805862426758,1081.6495513916016,188.0,6.0,True,8,word,holding,2.0
1044.0,917.8371429443359,1083.7819576263428,0.3503477275371551,0.7642719745635986,0.3585301339626312,0.752626359462738,2.9200592041015625,2.9215850830078125,Fixation,919.2805862426758,1081.6495513916016,188.0,6.0,True,8,word,holding,2.0
1048.0,913.7835693359375,1090.107765197754,0.3483124077320099,0.7713368535041809,0.3569467067718506,0.7570192813873291,2.9188232421875,2.9297637939453125,Fixation,919.2805862426758,1081.6495513916016,188.0,6.0,True,8,word,holding,2.0
1052.0,919.7842407226562,1091.31986618042,0.345876008272171,0.7698463201522827,0.3592907190322876,0.7578610181808472,2.9226531982421875,2.950653076171875,Fixation,919.2805862426758,1081.6495513916016,188.0,6.0,True,8,word,holding,2.0
1056.0,922.005386352539,1077.879981994629,0.3473944962024688,0.7614156007766724,0.3601583540439605,0.7485277652740479,2.93133544921875,2.942733764648437,Fixation,919.2805862426758,1081.6495513916016,188.0,6.0,True,8,word,holding,2.0
1060.0,913.2709503173827,1070.7584381103516,0.3503731489181518,0.7704778909683228,0.3567464649677276,0.7435822486877441,2.929931640625,2.9235076904296875,Fixation,919.2805862426758,1081.6495513916016,188.0,6.0,True,8,word,holding,2.0
1064.0,912.1804046630858,1077.8363800048828,0.346858412027359,0.7700176239013672,0.3563204705715179,0.748497486114502,2.912811279296875,2.956146240234375,Fixation,919.2805862426758,1081.6495513916016,188.0,6.0,True,8,word,holding,2.0
1068.0,914.6096801757811,1076.7375755310059,0.3478635847568512,0.7683360576629639,0.3572694063186645,0.7477344274520874,2.9414825439453125,2.9393768310546875,Fixation,919.2805862426758,1081.6495513916016,188.0,6.0,True,8,word,holding,2.0
1072.0,913.0670928955077,1073.1712245941162,0.3483000993728637,0.7681587934494019,0.3566668331623077,0.7452577948570251,2.93621826171875,2.9590301513671875,Fixation,919.2805862426758,1081.6495513916016,188.0,6.0,True,8,word,holding,2.0
1076.0,912.1460723876953,1076.6121768951416,0.3471778333187103,0.7705386877059937,0.3563070595264435,0.7476473450660706,2.93695068359375,2.964096069335937,Fixation,919.2805862426758,1081.6495513916016,188.0,6.0,True,8,word,holding,2.0
1080.0,911.8207550048827,1080.117416381836,0.3490881621837616,0.7688184380531311,0.3561799824237823,0.7500815391540527,2.959213256835937,2.956405639648437,Fixation,919.2805862426758,1081.6495513916016,188.0,6.0,True,8,word,holding,2.0
1084.0,913.7220001220703,1074.123773574829,0.346827358007431,0.7686077356338501,0.3569226562976837,0.7459192872047424,2.93621826171875,2.968353271484375,Fixation,919.2805862426758,1081.6495513916016,188.0,6.0,True,8,word,holding,2.0
1088.0,911.8264007568358,1078.3271598815918,0.3464863896369934,0.7686419486999512,0.356182187795639,0.7488383054733276,2.9307861328125,2.971786499023437,Fixation,919.2805862426758,1081.6495513916016,188.0,6.0,True,8,word,holding,2.0
1092.0,919.813003540039,1084.1694831848145,0.3468571007251739,0.7673630714416504,0.3593019545078277,0.7528954744338989,2.939178466796875,2.997406005859375,Fixation,919.2805862426758,1081.6495513916016,188.0,6.0,True,8,word,holding,2.0
1096.0,915.5384063720702,1067.491979598999,0.3460021615028381,0.7636970281600952,0.3576321899890899,0.7413138747215271,2.9583740234375,2.9723052978515625,Fixation,919.2805862426758,1081.6495513916016,188.0,6.0,True,8,word,holding,2.0
1100.0,915.8370971679688,1086.7510986328125,0.3465757966041565,0.7671919465065002,0.3577488660812378,0.7546882629394531,2.9633331298828125,2.9764556884765625,Fixation,919.2805862426758,1081.6495513916016,188.0,6.0,True,8,word,holding,2.0
1104.0,915.3116607666014,1086.469488143921,0.3457655906677246,0.7742690443992615,0.3575436174869537,0.7544927000999451,2.9504547119140625,2.990997314453125,Fixation,919.2805862426758,1081.6495513916016,188.0,6.0,True,8,word,holding,2.0
1108.0,918.6722564697264,1084.1821002960205,0.3458542227745056,0.7666481137275696,0.3588563501834869,0.7529042363166809,2.9489288330078125,2.99713134765625,Fixation,919.2805862426758,1081.6495513916016,188.0,6.0,True,8,word,holding,2.0
1112.0,913.3431243896484,1066.316270828247,0.3490208983421325,0.7664127349853516,0.3567746579647064,0.7404974102973938,2.9574127197265625,2.983062744140625,Fixation,919.2805862426758,1081.6495513916016,188.0,6.0,True,8,word,holding,2.0
1116.0,915.3865814208983,1081.4650440216064,0.3471271097660064,0.766165018081665,0.3575728833675384,0.7510173916816711,2.9667510986328125,2.9947509765625,Fixation,919.2805862426758,1081.6495513916016,188.0,6.0,True,8,word,holding,2.0
1120.0,923.4010314941406,1071.738109588623,0.3492156565189361,0.7737681865692139,0.3607035279273987,0.7442625761032104,2.9668121337890625,2.96966552734375,Fixation,919.2805862426758,1081.6495513916016,188.0,6.0,True,8,word,holding,2.0
1124.0,910.2686309814453,1077.2310161590576,0.3487522602081299,0.7725384831428528,0.3555736839771271,0.7480770945549011,2.9615936279296875,2.9963531494140625,Fixation,919.2805862426758,1081.6495513916016,188.0,6.0,True,8,word,holding,2.0
1128.0,924.4437408447266,1077.528419494629,0.3478784263134002,0.765256941318512,0.3611108362674713,0.7482836246490479,2.970077514648437,2.991424560546875,Fixation,919.2805862426758,1081.6495513916016,188.0,6.0,True,8,word,holding,2.0
1132.0,916.1783599853514,1083.486614227295,0.3516594469547272,0.7680324912071228,0.3578821718692779,0.7524212598800659,2.9754180908203125,3.00567626953125,Fixation,919.2805862426758,1081.6495513916016,188.0,6.0,True,8,word,holding,2.0
1136.0,919.3879699707031,1081.4962005615234,0.3472454845905304,0.7686406970024109,0.3591359257698059,0.7510390281677246,2.961639404296875,3.000335693359375,Fixation,919.2805862426758,1081.6495513916016,188.0,6.0,True,8,word,holding,2.0
1140.0,932.115478515625,1083.8105392456055,0.3547911942005157,0.7695224285125732,0.364107608795166,0.7526462078094482,2.975250244140625,3.006805419921875,Fixation,919.2805862426758,1081.6495513916016,188.0,6.0,True,8,word,holding,2.0
1144.0,972.2988891601561,1083.7008476257324,0.3626666665077209,0.7671397924423218,0.379804253578186,0.7525700330734253,2.96234130859375,3.0005035400390625,Fixation,919.2805862426758,1081.6495513916016,188.0,6.0,True,8,word,holding,2.0
1148.0,1042.9843139648438,1077.2365951538086,0.3728995323181152,0.7693802714347839,0.4074157476425171,0.7480809688568115,2.97918701171875,2.98394775390625,Fixation,1112.5852584838867,1073.5536692823682,220.0,7.0,True,9,word,pink,4.0
1152.0,1086.246337890625,1077.5110816955566,0.3861146867275238,0.7656772136688232,0.4243149757385254,0.7482715845108032,2.95989990234375,2.9825897216796875,Fixation,1112.5852584838867,1073.5536692823682,220.0,7.0,True,9,word,pink,4.0
1156.0,1109.9825286865234,1089.9897480010986,0.4024523496627807,0.7613294124603271,0.4335869252681732,0.7569373250007629,2.95733642578125,2.9893341064453125,Fixation,1112.5852584838867,1073.5536692823682,220.0,7.0,True,9,word,pink,4.0
1160.0,1118.9655303955076,1070.3073978424072,0.4138321280479431,0.7666083574295044,0.4370959103107452,0.7432690262794495,2.973785400390625,2.975189208984375,Fixation,1112.5852584838867,1073.5536692823682,220.0,7.0,True,9,word,pink,4.0
1164.0,1114.636001586914,1083.678789138794,0.4144733548164367,0.7670031189918518,0.4354046881198883,0.752554714679718,2.9641571044921875,2.984893798828125,Fixation,1112.5852584838867,1073.5536692823682,220.0,7.0,True,9,word,pink,4.0
1168.0,1109.754409790039,1071.7625713348389,0.4156093597412109,0.7668238878250122,0.433497816324234,0.7442795634269714,2.9828643798828125,2.98236083984375,Fixation,1112.5852584838867,1073.5536692823682,220.0,7.0,True,9,word,pink,4.0
1172.0,1111.7395019531248,1083.4818935394287,0.4136864840984344,0.7625445127487183,0.4342732429504394,0.7524179816246033,2.970916748046875,2.975921630859375,Fixation,1112.5852584838867,1073.5536692823682,220.0,7.0,True,9,word,pink,4.0
1176.0,1097.3738861083982,1083.5257530212402,0.4130200445652008,0.7667611837387085,0.4286616742610931,0.7524484395980835,2.9683990478515625,2.9965362548828125,Fixation,1112.5852584838867,1073.5536692823682,220.0,7.0,True,9,word,pink,4.0
1180.0,1106.744155883789,1074.631462097168,0.4154829680919647,0.7661007642745972,0.4323219358921051,0.7462718486785889,2.977081298828125,2.9795379638671875,Fixation,1112.5852584838867,1073.5536692823682,220.0,7.0,True,9,word,pink,4.0
1184.0,1109.895553588867,1070.203628540039,0.4136466383934021,0.7691587209701538,0.4335529506206512,0.743196964263916,2.9759979248046875,2.9759674072265625,Fixation,1112.5852584838867,1073.5536692823682,220.0,7.0,True,9,word,pink,4.0
1188.0,1110.764389038086,1078.971061706543,0.41871178150177,0.7660400867462158,0.4338923394680023,0.7492854595184326,2.972503662109375,2.98736572265625,Fixation,1112.5852584838867,1073.5536692823682,220.0,7.0,True,9,word,pink,4.0
1192.0,1112.4741363525388,1081.4397239685059,0.4161860644817352,0.7642636299133301,0.4345602095127105,0.7509998083114624,2.9702301025390625,2.9980621337890625,Fixation,1112.5852584838867,1073.5536692823682,220.0,7.0,True,9,word,pink,4.0
1196.0,1111.829833984375,1067.8753852844238,0.4169032871723175,0.764418363571167,0.4343085289001465,0.7415801286697388,2.9777069091796875,2.9735107421875,Fixation,1112.5852584838867,1073.5536692823682,220.0,7.0,True,9,word,pink,4.0
1200.0,1110.1080322265625,1067.671194076538,0.4123087525367737,0.7640552520751953,0.433635950088501,0.7414383292198181,2.97357177734375,2.96484375,Fixation,1112.5852584838867,1073.5536692823682,220.0,7.0,True,9,word,pink,4.0
1204.0,1109.6104431152344,1075.4261684417725,0.4110867977142334,0.7657246589660645,0.4334415793418884,0.7468237280845642,2.970611572265625,2.9964752197265625,Fixation,1112.5852584838867,1073.5536692823682,220.0,7.0,True,9,word,pink,4.0
1208.0,1108.8145446777344,1070.9959316253662,0.4142348766326904,0.7634977698326111,0.43313068151474,0.7437471747398376,2.9866180419921875,2.974090576171875,Fixation,1112.5852584838867,1073.5536692823682,220.0,7.0,True,9,word,pink,4.0
1212.0,1108.5447692871094,1070.9894943237305,0.4122380018234253,0.7648726105690002,0.4330253005027771,0.7437427043914795,2.991928100585937,2.98211669921875,Fixation,1112.5852584838867,1073.5536692823682,220.0,7.0,True,9,word,pink,4.0
1216.0,1109.82063293457,1069.8885440826416,0.4155985414981842,0.7650679349899292,0.4335236847400665,0.7429781556129456,2.992431640625,2.9680328369140625,Fixation,1112.5852584838867,1073.5536692823682,220.0,7.0,True,9,word,pink,4.0
1220.0,1111.7185974121094,1066.2677764892578,0.416493147611618,0.7649331092834473,0.4342650771141052,0.7404637336730957,2.9849090576171875,2.9771728515625,Fixation,1112.5852584838867,1073.5536692823682,220.0,7.0,True,9,word,pink,4.0
1224.0,1122.933654785156,1072.3957443237305,0.4150825440883636,0.7632748484611511,0.4386459589004516,0.7447192668914795,2.9864044189453125,2.9835968017578125,Fixation,1112.5852584838867,1073.5536692823682,220.0,7.0,True,9,word,pink,4.0
1228.0,1107.989730834961,1072.413682937622,0.4156452715396881,0.7641450762748718,0.4328084886074066,0.7447317242622375,2.992294311523437,2.999847412109375,Fixation,1112.5852584838867,1073.5536692823682,220.0,7.0,True,9,word,pink,4.0
1232.0,1120.419464111328,1066.4727401733398,0.4177248477935791,0.7619169354438782,0.4376638531684875,0.7406060695648193,2.9796142578125,2.977264404296875,Fixation,1112.5852584838867,1073.5536692823682,220.0,7.0,True,9,word,pink,4.0
1236.0,1109.8999023437498,1060.4352378845215,0.4168134033679962,0.7607824206352234,0.4335546493530273,0.7364133596420288,2.9839324951171875,2.9776153564453125,Fixation,1112.5852584838867,1073.5536692823682,220.0,7.0,True,9,word,pink,4.0
1240.0,1116.8990325927734,1068.676700592041,0.4193446934223175,0.7613794207572937,0.4362886846065521,0.7421365976333618,2.9964599609375,2.9726715087890625,Fixation,1112.5852584838867,1073.5536692823682,220.0,7.0,True,9,word,pink,4.0
1244.0,1126.6043853759763,1076.7856407165527,0.416087657213211,0.7605939507484436,0.4400798380374908,0.7477678060531616,2.9788970947265625,2.9942779541015625,Fixation,1112.5852584838867,1073.5536692823682,220.0,7.0,True,9,word,pink,4.0
1248.0,1112.389221191406,1071.4038848876953,0.4203369617462158,0.7616580724716187,0.434527039527893,0.7440304756164551,2.99725341796875,2.98065185546875,Fixation,1112.5852584838867,1073.5536692823682,220.0,7.0,True,9,word,pink,4.0
1252.0,1113.0872344970703,1071.1966037750244,0.4163874089717865,0.7652660608291626,0.4347997009754181,0.7438865303993225,2.9862060546875,2.981430053710937,Fixation,1112.5852584838867,1073.5536692823682,220.0,7.0,True,9,word,pink,4.0
1256.0,1117.9171752929688,1067.8996753692627,0.4175329208374023,0.7642027139663696,0.4366863965988159,0.7415969967842102,2.985092163085937,2.95452880859375,Fixation,1112.5852584838867,1073.5536692823682,220.0,7.0,True,9,word,pink,4.0
1260.0,1112.778549194336,1085.1531887054443,0.418485939502716,0.7638462781906128,0.4346791207790375,0.7535786032676697,2.985565185546875,2.9935760498046875,Fixation,1112.5852584838867,1073.5536692823682,220.0,7.0,True,9,word,pink,4.0
1264.0,1109.358139038086,1077.723684310913,0.4190080165863037,0.7592092752456665,0.4333430230617523,0.7484192252159119,2.98919677734375,2.9807891845703125,Fixation,1112.5852584838867,1073.5536692823682,220.0,7.0,True,9,word,pink,4.0
1268.0,1114.2531585693357,1067.829294204712,0.4153693914413452,0.7580682039260864,0.4352551400661468,0.7415481209754944,2.9964599609375,2.975250244140625,Fixation,1112.5852584838867,1073.5536692823682,220.0,7.0,True,9,word,pink,4.0
1272.0,1118.163146972656,1063.3877277374268,0.4200166463851928,0.7571168541908264,0.4367824792861938,0.7384636998176575,2.991058349609375,2.9666290283203125,Fixation,1112.5852584838867,1073.5536692823682,220.0,7.0,True,9,word,pink,4.0
1276.0,1123.2808685302732,1068.1156253814697,0.4196255505084991,0.7619353532791138,0.438781589269638,0.7417469620704651,3.001220703125,2.976669311523437,Fixation,1112.5852584838867,1073.5536692823682,220.0,7.0,True,9,word,pink,4.0
1280.0,1117.0335388183591,1071.1460494995117,0.4194948077201843,0.7613105177879333,0.4363412261009216,0.7438514232635498,2.994110107421875,2.97393798828125,Fixation,1112.5852584838867,1073.5536692823682,220.0,7.0,True,9,word,pink,4.0
1284.0,1111.2795257568357,1067.4236583709717,0.4195808470249176,0.7617700695991516,0.434093564748764,0.7412664294242859,2.999618530273437,2.9671630859375,Fixation,1112.5852584838867,1073.5536692823682,220.0,7.0,True,9,word,pink,4.0
1288.0,1112.6335144042966,1071.5246486663818,0.4181001782417297,0.759306013584137,0.4346224665641784,0.744114339351654,2.989013671875,2.97222900390625,Fixation,1112.5852584838867,1073.5536692823682,220.0,7.0,True,9,word,pink,4.0
1292.0,1115.7313537597654,1072.287254333496,0.4179056286811828,0.754817545413971,0.4358325600624084,0.7446439266204834,2.9763641357421875,2.9722442626953125,Fixation,1112.5852584838867,1073.5536692823682,220.0,7.0,True,9,word,pink,4.0
1296.0,1116.0001373291016,1077.724199295044,0.417024165391922,0.7590547204017639,0.4359375536441803,0.7484195828437805,2.992095947265625,2.994476318359375,Fixation,1112.5852584838867,1073.5536692823682,220.0,7.0,True,9,word,pink,4.0
1300.0,1122.2196960449219,1079.9720191955566,0.4185942709445953,0.7560330033302307,0.4383670687675476,0.7499805688858032,2.990814208984375,2.9787750244140625,Fixation,1112.5852584838867,1073.5536692823682,220.0,7.0,True,9,word,pink,4.0
1304.0,1117.375793457031,1074.1869449615479,0.4205310344696045,0.7607980966567993,0.4364749193191528,0.7459631562232971,2.98602294921875,2.96319580078125,Fixation,1112.5852584838867,1073.5536692823682,220.0,7.0,True,9,word,pink,4.0
1308.0,1109.6678161621094,1063.2952880859375,0.4227591753005981,0.7560916543006897,0.433463990688324,0.7383995056152344,2.99249267578125,2.956649780273437,Fixation,1112.5852584838867,1073.5536692823682,220.0,7.0,True,9,word,pink,4.0
1312.0,1109.2745971679688,1066.520118713379,0.4203685820102691,0.752497136592865,0.4333103895187378,0.7406389713287354,2.999359130859375,2.971786499023437,Fixation,1112.5852584838867,1073.5536692823682,220.0,7.0,True,9,word,pink,4.0
1316.0,1118.3895874023438,1071.1787509918213,0.4203064143657684,0.7555512189865112,0.4368709325790405,0.7438741326332092,3.002716064453125,2.9424591064453125,Fixation,1112.5852584838867,1073.5536692823682,220.0,7.0,True,9,word,pink,4.0
1320.0,1110.9234619140623,1065.9423065185547,0.4203657805919647,0.7623457312583923,0.4339544773101806,0.7402377128601074,3.008392333984375,2.9627838134765625,Fixation,1112.5852584838867,1073.5536692823682,220.0,7.0,True,9,word,pink,4.0
1324.0,1114.1029357910156,1077.9505348205566,0.4166207015514374,0.7626299262046814,0.4351964592933655,0.7485767602920532,2.9880828857421875,2.9664306640625,Fixation,1112.5852584838867,1073.5536692823682,220.0,7.0,True,9,word,pink,4.0
1328.0,1116.8288421630857,1076.061487197876,0.4187081158161163,0.7576944231987,0.4362612664699554,0.7472649216651917,2.9862213134765625,2.9542694091796875,Fixation,1112.5852584838867,1073.5536692823682,220.0,7.0,True,9,word,pink,4.0
1332.0,1104.3377685546875,1076.7416095733643,0.4194758534431457,0.7621312737464905,0.4313819408416748,0.7477372288703918,2.98651123046875,2.9682769775390625,Fixation,1112.5852584838867,1073.5536692823682,220.0,7.0,True,9,word,pink,4.0
1336.0,1112.3735046386719,1085.7855892181396,0.4192437529563904,0.7625150680541992,0.4345209002494812,0.7540177702903748,2.96832275390625,2.9555816650390625,Fixation,1112.5852584838867,1073.5536692823682,220.0,7.0,True,9,word,pink,4.0
1340.0,1113.54621887207,1079.0496826171875,0.4183224141597748,0.7663450837135315,0.4349789917469024,0.7493400573730469,2.974349975585937,2.9455718994140625,Fixation,1112.5852584838867,1073.5536692823682,220.0,7.0,True,9,word,pink,4.0
1344.0,1108.1269836425781,1077.4501419067383,0.4207481145858764,0.7572690844535828,0.4328621029853821,0.7482292652130127,2.986785888671875,2.962249755859375,Fixation,1112.5852584838867,1073.5536692823682,220.0,7.0,True,9,word,pink,4.0
1348.0,1119.1251373291016,1074.0629196166992,0.4217511117458343,0.7597013115882874,0.4371582567691803,0.7458770275115967,2.964828491210937,2.94183349609375,Fixation,1112.5852584838867,1073.5536692823682,220.0,7.0,True,9,word,pink,4.0
1352.0,1118.1298065185547,1071.269645690918,0.4213460385799408,0.7605535387992859,0.4367694556713104,0.7439372539520264,2.9804840087890625,2.9483184814453125,Fixation,1112.5852584838867,1073.5536692823682,220.0,7.0,True,9,word,pink,4.0
1356.0,1131.2681579589841,1088.9952278137207,0.42060187458992,0.7635498642921448,0.4419016242027282,0.7562466859817505,2.981918334960937,2.969024658203125,Fixation,1112.5852584838867,1073.5536692823682,220.0,7.0,True,9,word,pink,4.0
1360.0,1125.8998107910156,1074.336633682251,0.4213437139987945,0.7592947483062744,0.4398046135902405,0.7460671067237854,2.9873199462890625,2.94073486328125,Fixation,1112.5852584838867,1073.5536692823682,220.0,7.0,True,9,word,pink,4.0
1364.0,1122.6454162597654,1069.0384769439697,0.4210871756076813,0.7628425359725952,0.4385333657264709,0.7423878312110901,2.998397827148437,2.9473419189453125,Fixation,1112.5852584838867,1073.5536692823682,220.0,7.0,True,9,word,pink,4.0
1368.0,1129.8796081542969,1065.318660736084,0.4169767200946808,0.75749671459198,0.4413592219352722,0.7398046255111694,2.967254638671875,2.9495391845703125,Fixation,1112.5852584838867,1073.5536692823682,220.0,7.0,True,9,word,pink,4.0
1372.0,1116.4728546142576,1030.1373481750488,0.4146296679973602,0.7354735136032104,0.4361222088336944,0.715373158454895,2.97930908203125,2.9592742919921875,Saccade,,,,0.0,False,10,,,
1376.0,1110.8055114746094,962.9547500610352,0.4067457616329193,0.6952329874038696,0.4339084029197693,0.6687185764312744,2.96722412109375,2.9354400634765625,Saccade,,,,0.0,False,10,,,
1380.0,1105.6762695312498,897.8479671478271,0.4044972658157348,0.641899049282074,0.4319047927856445,0.6235055327415466,2.9460601806640625,2.9417724609375,Saccade,,,,0.0,False,10,,,
1384.0,1094.2093658447266,825.8512115478516,0.3971858024597168,0.588187575340271,0.4274255335330963,0.5735077857971191,2.9026641845703125,2.925537109375,Saccade,,,,0.0,False,10,,,
1388.0,1075.4499816894531,777.3556709289551,0.3984600901603699,0.5735523700714111,0.4200976490974426,0.5398303270339966,2.95831298828125,2.9292144775390625,Saccade,,,,0.0,False,10,,,
1392.0,1076.7594146728513,730.2331638336182,0.4023710489273071,0.5508079528808594,0.4206091463565826,0.507106363773346,3.016082763671875,2.937408447265625,Saccade,,,,0.0,False,10,,,
1396.0,1071.5618896484375,680.6112670898436,0.3991181552410126,0.5051553845405579,0.4185788631439209,0.4726467132568359,2.969345092773437,2.931732177734375,Saccade,,,,0.0,False,10,,,
1400.0,1083.7191009521484,586.5109205245972,0.3956224024295807,0.4310162961483001,0.423327773809433,0.4072992503643036,2.9005584716796875,2.8784637451171875,Saccade,,,,0.0,False,10,,,
1404.0,1079.9114990234375,566.4075279235839,0.392627865076065,0.424172431230545,0.4218404293060303,0.3933385610580444,2.9146728515625,2.909698486328125,Saccade,,,,0.0,False,10,,,
1408.0,1071.5049743652344,540.5945062637328,0.3915744423866272,0.3893717527389526,0.4185566306114197,0.3754128515720367,2.910125732421875,2.9056549072265625,Saccade,,,,0.0,False,10,,,
1412.0,1064.5056152343748,528.3698558807373,0.3885964155197143,0.3838258981704712,0.4158225059509277,0.3669235110282898,2.93438720703125,2.919708251953125,Saccade,,,,0.0,False,10,,,
1416.0,1055.725173950195,522.10129737854,0.3897587954998016,0.3753321468830108,0.412392646074295,0.3625703454017639,2.9360504150390625,2.936370849609375,Saccade,,,,0.0,False,10,,,
1420.0,1060.5779266357422,519.6400594711304,0.3923766613006592,0.3681942224502563,0.4142882525920868,0.3608611524105072,2.9307861328125,2.9348602294921875,Saccade,,,,0.0,False,10,,,
1424.0,1062.9225921630857,519.7625827789307,0.3900128901004791,0.3683231770992279,0.4152041375637054,0.3609462380409241,2.94439697265625,2.9461669921875,Saccade,,,,0.0,False,10,,,
1428.0,1063.1724548339841,504.08178806304926,0.3920915126800537,0.3647138774394989,0.4153017401695251,0.3500567972660064,2.9646453857421875,2.941314697265625,Saccade,,,,0.0,False,10,,,
1432.0,1056.9138336181638,497.0768022537231,0.391285240650177,0.3585841953754425,0.4128569662570953,0.3451922237873077,2.9699249267578125,2.946136474609375,Saccade,,,,0.0,False,10,,,
1436.0,1060.3544616699216,490.95879077911377,0.3931844830513,0.3489723205566406,0.4142009615898132,0.3409436047077179,2.965118408203125,2.964447021484375,Saccade,,,,0.0,False,10,,,
1440.0,1051.2062835693357,489.96109485626215,0.3958747982978821,0.3494941890239715,0.4106274545192718,0.3402507603168487,2.966537475585937,2.9603729248046875,Fixation,1045.3281833279518,495.0483032964891,244.0,8.0,True,11,word,image,11.0
1444.0,1051.189041137695,486.1165237426757,0.4007580578327179,0.3457181453704834,0.4106207191944122,0.337580919265747,2.976318359375,2.944564819335937,Fixation,1045.3281833279518,495.0483032964891,244.0,8.0,True,11,word,image,11.0
1448.0,1045.1730346679688,492.82689571380615,0.4031253159046173,0.3488700091838836,0.4082707166671753,0.3422408998012543,2.989166259765625,2.940673828125,Fixation,1045.3281833279518,495.0483032964891,244.0,8.0,True,11,word,image,11.0
1452.0,1046.632385253906,492.5719785690307,0.4033190906047821,0.3501321077346802,0.4088407754898071,0.3420638740062713,2.9937286376953125,2.9491424560546875,Fixation,1045.3281833279518,495.0483032964891,244.0,8.0,True,11,word,image,11.0
1456.0,1052.0185089111326,494.19336318969727,0.4016188681125641,0.3509776890277862,0.4109447300434112,0.3431898355484009,2.9813232421875,2.944442749023437,Fixation,1045.3281833279518,495.0483032964891,244.0,8.0,True,11,word,image,11.0
1460.0,1052.3707580566404,500.35051345825195,0.4023412764072418,0.3482646644115448,0.4110823273658752,0.3474656343460083,2.99005126953125,2.9459381103515625,Fixation,1045.3281833279518,495.0483032964891,244.0,8.0,True,11,word,image,11.0
1464.0,1045.0979614257812,506.25969886779785,0.4014004170894623,0.33583465218544,0.4082413911819458,0.3515692353248596,2.958709716796875,2.9455718994140625,Fixation,1045.3281833279518,495.0483032964891,244.0,8.0,True,11,word,image,11.0
1468.0,1051.9930267333982,511.7317056655884,0.3979332745075226,0.3280254304409027,0.4109347760677337,0.3553692400455475,2.9443817138671875,2.967071533203125,Fixation,1045.3281833279518,495.0483032964891,244.0,8.0,True,11,word,image,11.0
1472.0,1054.5526885986326,501.5944147109985,0.3962020576000213,0.3370869755744934,0.4119346439838409,0.3483294546604156,2.978485107421875,2.950958251953125,Fixation,1045.3281833279518,495.0483032964891,244.0,8.0,True,11,word,image,11.0
1476.0,1051.856460571289,499.8164749145508,0.3967916071414947,0.3459374606609344,0.4108814299106598,0.3470947742462158,2.9936065673828125,2.9586181640625,Fixation,1045.3281833279518,495.0483032964891,244.0,8.0,True,11,word,image,11.0
1480.0,1045.5171203613281,497.7435350418091,0.3970882892608642,0.3452509641647339,0.4084051251411438,0.345655232667923,3.0045928955078125,2.943878173828125,Fixation,1045.3281833279518,495.0483032964891,244.0,8.0,True,11,word,image,11.0
1484.0,1048.083801269531,494.1804027557373,0.3950031697750091,0.3474583327770233,0.4094077348709106,0.3431808352470398,2.9859771728515625,2.9387969970703125,Fixation,1045.3281833279518,495.0483032964891,244.0,8.0,True,11,word,image,11.0
1488.0,1043.0432891845703,494.033203125,0.3986090123653412,0.3491682112216949,0.4074387848377228,0.34307861328125,2.9807586669921875,2.950546264648437,Fixation,1045.3281833279518,495.0483032964891,244.0,8.0,True,11,word,image,11.0
1492.0,1042.4553680419922,491.9079494476318,0.3965066373348236,0.3441219329833984,0.4072091281414032,0.3416027426719665,2.963409423828125,2.9390411376953125,Fixation,1045.3281833279518,495.0483032964891,244.0,8.0,True,11,word,image,11.0
1496.0,1048.5621643066406,497.894811630249,0.397912859916687,0.3420470356941223,0.4095945954322815,0.3457602858543396,2.9827117919921875,2.937957763671875,Fixation,1045.3281833279518,495.0483032964891,244.0,8.0,True,11,word,image,11.0
1500.0,1045.3732299804688,500.28425216674805,0.3997492790222168,0.3400484323501587,0.4083489179611206,0.3474196195602417,2.9825897216796875,2.958236694335937,Fixation,1045.3281833279518,495.0483032964891,244.0,8.0,True,11,word,image,11.0
1504.0,1055.1337432861326,500.53324699401855,0.4009906947612762,0.3466821312904358,0.4121616184711456,0.3475925326347351,2.996322631835937,2.95526123046875,Fixation,1045.3281833279518,495.0483032964891,244.0,8.0,True,11,word,image,11.0
1508.0,1049.4271850585938,501.74384593963623,0.401808351278305,0.34581258893013,0.4099324941635132,0.3484332263469696,3.003662109375,2.9486236572265625,Fixation,1045.3281833279518,495.0483032964891,244.0,8.0,True,11,word,image,11.0
1512.0,1048.3927917480469,508.02030086517334,0.4008118510246277,0.3435438573360443,0.4095284342765808,0.3527918756008148,2.9628143310546875,2.954376220703125,Fixation,1045.3281833279518,495.0483032964891,244.0,8.0,True,11,word,image,11.0
1516.0,1051.999816894531,497.1092891693115,0.3986843526363373,0.3413116931915283,0.4109374284744262,0.3452147841453552,2.9653472900390625,2.95977783203125,Fixation,1045.3281833279518,495.0483032964891,244.0,8.0,True,11,word,image,11.0
1520.0,1050.054244995117,498.647289276123,0.3973029553890228,0.3381890654563904,0.4101774394512176,0.3462828397750854,2.9689178466796875,2.9573211669921875,Fixation,1045.3281833279518,495.0483032964891,244.0,8.0,True,11,word,image,11.0
1524.0,1044.1282653808594,492.64523506164545,0.3959322571754455,0.3421322107315063,0.4078626036643982,0.3421147465705871,2.978622436523437,2.9423980712890625,Fixation,1045.3281833279518,495.0483032964891,244.0,8.0,True,11,word,image,11.0
1528.0,1046.1224365234375,491.043119430542,0.3970598578453064,0.3483707308769226,0.4086415767669678,0.3410021662712097,2.98779296875,2.942840576171875,Fixation,1045.3281833279518,495.0483032964891,244.0,8.0,True,11,word,image,11.0
1532.0,1047.7313995361328,489.7007703781128,0.3966540992259979,0.3439579010009765,0.4092700779438019,0.340069979429245,3.004135131835937,2.9429931640625,Fixation,1045.3281833279518,495.0483032964891,244.0,8.0,True,11,word,image,11.0
1536.0,1052.24494934082,498.34022998809814,0.3968075811862945,0.3496233820915222,0.4110331833362579,0.3460696041584015,2.986480712890625,2.94293212890625,Fixation,1045.3281833279518,495.0483032964891,244.0,8.0,True,11,word,image,11.0
1540.0,1052.0927429199219,498.7707567214965,0.400501549243927,0.3458128571510315,0.4109737277030945,0.3463685810565948,2.9773406982421875,2.947296142578125,Fixation,1045.3281833279518,495.0483032964891,244.0,8.0,True,11,word,image,11.0
1544.0,1046.9635009765625,498.90727043151855,0.3990843892097473,0.3444980382919311,0.4089701175689697,0.3464633822441101,2.9814910888671875,2.9492950439453125,Fixation,1045.3281833279518,495.0483032964891,244.0,8.0,True,11,word,image,11.0
1548.0,1051.604309082031,497.9583263397217,0.400225967168808,0.3457398414611816,0.4107829332351684,0.3458043932914734,2.9777374267578125,2.9561767578125,Fixation,1045.3281833279518,495.0483032964891,244.0,8.0,True,11,word,image,11.0
1552.0,1055.9363555908203,500.7535314559936,0.3989940881729126,0.3508352637290954,0.4124751389026642,0.3477455079555511,2.9964599609375,2.93701171875,Fixation,1045.3281833279518,495.0483032964891,244.0,8.0,True,11,word,image,11.0
1556.0,1053.4083557128906,510.1534938812256,0.4015199244022369,0.3502839207649231,0.4114876389503479,0.35427325963974,2.978057861328125,2.9608612060546875,Fixation,1045.3281833279518,495.0483032964891,244.0,8.0,True,11,word,image,11.0
1560.0,1049.8632049560545,500.8977699279785,0.399897813796997,0.35092294216156,0.4101028144359588,0.3478456735610962,2.98504638671875,2.9534912109375,Fixation,1045.3281833279518,495.0483032964891,244.0,8.0,True,11,word,image,11.0
1564.0,1055.9835815429685,496.1073875427246,0.4009864330291748,0.3466947674751282,0.4124935865402221,0.3445190191268921,2.9834136962890625,2.9433135986328125,Fixation,1045.3281833279518,495.0483032964891,244.0,8.0,True,11,word,image,11.0
1568.0,1051.5859985351562,503.725848197937,0.4019208252429962,0.349678635597229,0.4107757806777954,0.3498096168041229,2.990585327148437,2.9578857421875,Fixation,1045.3281833279518,495.0483032964891,244.0,8.0,True,11,word,image,11.0
1572.0,1055.5676269531248,493.0922842025757,0.3982748389244079,0.3519826233386993,0.4123311042785644,0.3424251973628998,2.9712371826171875,2.940704345703125,Fixation,1045.3281833279518,495.0483032964891,244.0,8.0,True,11,word,image,11.0
1576.0,1052.2573089599607,495.4599237442016,0.3973242044448852,0.3475069105625152,0.4110380113124847,0.3440693914890289,2.976791381835937,2.944122314453125,Fixation,1045.3281833279518,495.0483032964891,244.0,8.0,True,11,word,image,11.0
1580.0,1047.2810363769531,491.82512283325195,0.3994311690330505,0.3482897579669952,0.4090941548347473,0.3415452241897583,2.985321044921875,2.953033447265625,Fixation,1045.3281833279518,495.0483032964891,244.0,8.0,True,11,word,image,11.0
1584.0,1049.9088287353516,495.23478984832764,0.3996108472347259,0.3496283292770386,0.4101206362247467,0.3439130485057831,2.98114013671875,2.9524078369140625,Fixation,1045.3281833279518,495.0483032964891,244.0,8.0,True,11,word,image,11.0
1588.0,1048.0022430419922,497.92987346649164,0.3968157768249511,0.3483839035034179,0.4093758761882782,0.3457846343517303,2.9702301025390625,2.9569854736328125,Fixation,1045.3281833279518,495.0483032964891,244.0,8.0,True,11,word,image,11.0
1592.0,1045.252456665039,494.12946224212646,0.3976772725582123,0.3479775190353393,0.4083017408847809,0.3431454598903656,2.974456787109375,2.9525146484375,Fixation,1045.3281833279518,495.0483032964891,244.0,8.0,True,11,word,image,11.0
1596.0,1046.4470672607422,488.90675067901606,0.3992289304733276,0.3484250605106354,0.4087683856487274,0.3395185768604278,2.992919921875,2.9590606689453125,Fixation,1045.3281833279518,495.0483032964891,244.0,8.0,True,11,word,image,11.0
1600.0,1042.388916015625,493.4862041473388,0.3967829346656799,0.3491536676883697,0.4071831703186035,0.3426987528800964,2.9764556884765625,2.9543609619140625,Fixation,1045.3281833279518,495.0483032964891,244.0,8.0,True,11,word,image,11.0
1604.0,1043.5587310791013,496.81089878082275,0.3973652422428131,0.3550633788108825,0.407640129327774,0.3450075685977936,2.97802734375,2.9633026123046875,Fixation,1045.3281833279518,495.0483032964891,244.0,8.0,True,11,word,image,11.0
1608.0,1045.4576110839844,494.8086833953857,0.3982552587985992,0.3537030220031738,0.4083818793296814,0.3436171412467956,2.9779052734375,2.9583892822265625,Fixation,1045.3281833279518,495.0483032964891,244.0,8.0,True,11,word,image,11.0
1612.0,1043.1156921386719,497.7834463119506,0.3967588543891907,0.3465448915958404,0.4074670672416687,0.3456829488277435,2.9685211181640625,2.951904296875,Fixation,1045.3281833279518,495.0483032964891,244.0,8.0,True,11,word,image,11.0
1616.0,1042.1116638183591,487.015643119812,0.3999906182289123,0.3482877314090729,0.4070748686790466,0.3382053077220917,2.987899780273437,2.94244384765625,Fixation,1045.3281833279518,495.0483032964891,244.0,8.0,True,11,word,image,11.0
1620.0,1040.9662628173826,492.04102993011475,0.3982893228530884,0.3484656512737274,0.4066274464130401,0.3416951596736908,2.9686431884765625,2.9486236572265625,Fixation,1045.3281833279518,495.0483032964891,244.0,8.0,True,11,word,image,11.0
1624.0,1046.5266418457031,494.5276737213135,0.4010487496852875,0.3493273258209228,0.4087994694709778,0.343421995639801,2.982818603515625,2.937484741210937,Fixation,1045.3281833279518,495.0483032964891,244.0,8.0,True,11,word,image,11.0
1628.0,1042.3517608642578,493.4637594223022,0.3976671099662781,0.3535904884338379,0.4071686565876007,0.3426831662654876,2.975921630859375,2.959686279296875,Fixation,1045.3281833279518,495.0483032964891,244.0,8.0,True,11,word,image,11.0
1632.0,1044.727783203125,490.7419395446777,0.3982439041137695,0.3487009108066559,0.4080967903137207,0.3407930135726928,2.98272705078125,2.950897216796875,Fixation,1045.3281833279518,495.0483032964891,244.0,8.0,True,11,word,image,11.0
1636.0,1040.329666137695,495.653429031372,0.3968671858310699,0.3549562096595764,0.4063787758350372,0.344203770160675,2.96600341796875,2.950546264648437,Fixation,1045.3281833279518,495.0483032964891,244.0,8.0,True,11,word,image,11.0
1640.0,1048.8253784179685,485.3616428375244,0.3988674879074096,0.3507832586765289,0.409697413444519,0.3370566964149475,2.983367919921875,2.959442138671875,Fixation,1045.3281833279518,495.0483032964891,244.0,8.0,True,11,word,image,11.0
1644.0,1043.6427307128906,494.0916967391967,0.3972988426685333,0.348820149898529,0.4076729416847229,0.3431192338466644,2.9760894775390625,2.9524688720703125,Fixation,1045.3281833279518,495.0483032964891,244.0,8.0,True,11,word,image,11.0
1648.0,1041.3742065429685,489.01017665863037,0.398386687040329,0.3511077165603637,0.4067867994308471,0.3395904004573822,2.9806671142578125,2.9438934326171875,Fixation,1045.3281833279518,495.0483032964891,244.0,8.0,True,11,word,image,11.0
1652.0,1044.033737182617,486.4328098297119,0.3991831243038177,0.3515609502792358,0.4078256785869598,0.3378005623817444,2.983734130859375,2.940826416015625,Fixation,1045.3281833279518,495.0483032964891,244.0,8.0,True,11,word,image,11.0
1656.0,1044.6302795410154,487.9399967193603,0.3996617197990417,0.3550563156604767,0.4080587029457092,0.3388472199440002,2.9691162109375,2.95489501953125,Fixation,1045.3281833279518,495.0483032964891,244.0,8.0,True,11,word,image,11.0
1660.0,1043.910217285156,495.5314207077026,0.3979933559894562,0.3480415940284729,0.4077774286270141,0.3441190421581268,2.9764556884765625,2.951278686523437,Fixation,1045.3281833279518,495.0483032964891,244.0,8.0,True,11,word,image,11.0
1664.0,1049.6170806884763,493.22639465332026,0.3983176350593567,0.3562013804912567,0.4100066721439361,0.3425183296203613,2.98974609375,2.9572296142578125,Fixation,1045.3281833279518,495.0483032964891,244.0,8.0,True,11,word,image,11.0
1668.0,1046.814956665039,494.7032833099365,0.401123046875,0.3448865115642547,0.4089120924472809,0.3435439467430115,2.981170654296875,2.9599609375,Fixation,1045.3281833279518,495.0483032964891,244.0,8.0,True,11,word,image,11.0
1672.0,1035.826416015625,498.66964817047113,0.3964035511016845,0.3477939963340759,0.4046196937561035,0.3462983667850494,2.9969024658203125,2.971298217773437,Fixation,1045.3281833279518,495.0483032964891,244.0,8.0,True,11,word,image,11.0
1676.0,1019.0093231201172,490.8073854446411,0.3871134519577026,0.3458175659179687,0.3980505168437958,0.3408384621143341,3.00128173828125,2.9809112548828125,Fixation,1045.3281833279518,495.0483032964891,244.0,8.0,True,11,word,image,11.0
1680.0,997.8170013427734,476.70497417449945,0.3767770230770111,0.3480976521968841,0.3897722661495209,0.3310451209545135,2.998687744140625,2.981201171875,Fixation,1045.3281833279518,495.0483032964891,244.0,8.0,True,11,word,image,11.0
1684.0,980.7967376708984,471.0799312591552,0.3728775680065155,0.3422087728977203,0.3831237256526947,0.3271388411521911,2.9854736328125,2.975250244140625,Fixation,1045.3281833279518,495.0483032964891,244.0,8.0,True,11,word,image,11.0
1688.0,978.51806640625,463.037166595459,0.3707892000675201,0.3373583257198334,0.3822336196899414,0.3215535879135132,2.9864959716796875,2.9770660400390625,Fixation,973.5470463679387,476.9553620998676,204.0,9.0,True,12,word,image,11.0
1692.0,965.0994873046874,469.3938732147217,0.3701578080654144,0.3318867087364197,0.3769919872283935,0.3259679675102234,2.983123779296875,2.9705963134765625,Fixation,973.5470463679387,476.9553620998676,204.0,9.0,True,12,word,image,11.0
1696.0,970.6581115722655,471.33948326110834,0.3703658580780029,0.3334233462810516,0.3791633248329162,0.3273190855979919,2.9831695556640625,2.976593017578125,Fixation,973.5470463679387,476.9553620998676,204.0,9.0,True,12,word,image,11.0
1700.0,970.7335662841797,466.0950136184692,0.3726076483726501,0.3314093053340912,0.3791927993297577,0.3236770927906036,2.98370361328125,2.96697998046875,Fixation,973.5470463679387,476.9553620998676,204.0,9.0,True,12,word,image,11.0
1704.0,982.347412109375,469.0585327148437,0.3738690614700317,0.3291614651679992,0.3837294578552246,0.3257350921630859,2.9813995361328125,2.9638824462890625,Fixation,973.5470463679387,476.9553620998676,204.0,9.0,True,12,word,image,11.0
1708.0,978.3342742919921,475.0317049026489,0.3727070391178131,0.3350937962532043,0.3821618258953094,0.3298831284046173,2.988876342773437,2.9740753173828125,Fixation,973.5470463679387,476.9553620998676,204.0,9.0,True,12,word,image,11.0
1712.0,966.9759368896484,475.47441959381104,0.3713831007480621,0.3263958096504211,0.3777249753475189,0.3301905691623688,2.978973388671875,2.978515625,Fixation,973.5470463679387,476.9553620998676,204.0,9.0,True,12,word,image,11.0
1716.0,973.9094543457031,469.94997024536127,0.3698959052562713,0.329905092716217,0.3804333806037903,0.3263541460037231,2.971420288085937,2.9709014892578125,Fixation,973.5470463679387,476.9553620998676,204.0,9.0,True,12,word,image,11.0
1720.0,970.1749420166016,464.716100692749,0.3697686195373535,0.3357152640819549,0.378974586725235,0.3227195143699646,2.9973297119140625,2.9762420654296875,Fixation,973.5470463679387,476.9553620998676,204.0,9.0,True,12,word,image,11.0
1724.0,973.5272216796874,468.828592300415,0.3715787529945373,0.3313139975070953,0.3802840709686279,0.3255754113197326,2.98321533203125,2.9840850830078125,Fixation,973.5470463679387,476.9553620998676,204.0,9.0,True,12,word,image,11.0
1728.0,980.7723236083983,468.5802412033081,0.3725832402706146,0.3344317078590393,0.3831141889095306,0.3254029452800751,2.979583740234375,2.9578094482421875,Fixation,973.5470463679387,476.9553620998676,204.0,9.0,True,12,word,image,11.0
1732.0,971.9864654541016,471.4037275314331,0.3691072762012481,0.3288583755493164,0.3796822130680084,0.3273636996746063,2.972808837890625,2.980560302734375,Fixation,973.5470463679387,476.9553620998676,204.0,9.0,True,12,word,image,11.0
1736.0,969.4065093994141,475.47467708587646,0.3705998659133911,0.335487812757492,0.3786744177341461,0.3301907479763031,2.9945220947265625,2.9799957275390625,Fixation,973.5470463679387,476.9553620998676,204.0,9.0,True,12,word,image,11.0
1740.0,978.4884643554688,476.9891166687012,0.3710331320762634,0.3320877850055694,0.382222056388855,0.3312424421310425,2.9886627197265625,2.97650146484375,Fixation,973.5470463679387,476.9553620998676,204.0,9.0,True,12,word,image,11.0
1744.0,975.636978149414,478.0612277984619,0.3733263313770294,0.3293335437774658,0.3811081945896148,0.3319869637489319,2.9874420166015625,2.983489990234375,Fixation,973.5470463679387,476.9553620998676,204.0,9.0,True,12,word,image,11.0
1748.0,977.1663665771484,475.8595418930053,0.3719612061977386,0.3327761590480804,0.3817056119441986,0.3304580152034759,2.9923858642578125,2.983383178710937,Fixation,973.5470463679387,476.9553620998676,204.0,9.0,True,12,word,image,11.0
1752.0,975.0093078613281,474.7325849533081,0.3757700026035309,0.3344368040561676,0.3808630108833313,0.3296754062175751,2.9940643310546875,2.984527587890625,Fixation,973.5470463679387,476.9553620998676,204.0,9.0,True,12,word,image,11.0
1756.0,971.3476562499999,470.34144401550293,0.3727624416351318,0.3289464712142944,0.3794326782226562,0.3266260027885437,2.9912261962890625,2.9908905029296875,Fixation,973.5470463679387,476.9553620998676,204.0,9.0,True,12,word,image,11.0
1760.0,975.670166015625,474.39934730529785,0.3717593848705292,0.3345459997653961,0.3811211585998535,0.3294439911842346,2.988265991210937,2.9933624267578125,Fixation,973.5470463679387,476.9553620998676,204.0,9.0,True,12,word,image,11.0
1764.0,974.3326568603514,478.7349557876587,0.3730023801326751,0.3355815410614013,0.3805986940860748,0.3324548304080963,2.99798583984375,2.980072021484375,Fixation,973.5470463679387,476.9553620998676,204.0,9.0,True,12,word,image,11.0
1768.0,978.2979583740234,470.44147968292236,0.3743422329425812,0.3341149985790252,0.3821476399898529,0.3266954720020294,2.9877166748046875,2.983642578125,Fixation,973.5470463679387,476.9553620998676,204.0,9.0,True,12,word,image,11.0
1772.0,977.7652740478516,478.62234592437744,0.3770333528518677,0.3380256295204162,0.381939560174942,0.332376629114151,2.99566650390625,2.985260009765625,Fixation,973.5470463679387,476.9553620998676,204.0,9.0,True,12,word,image,11.0
1776.0,970.8719635009764,477.84712314605713,0.3724715113639831,0.3371886610984802,0.3792468607425689,0.3318382799625397,2.986114501953125,2.9824371337890625,Fixation,973.5470463679387,476.9553620998676,204.0,9.0,True,12,word,image,11.0
1780.0,979.3104553222656,479.5862674713135,0.3758135735988617,0.3364629447460174,0.38254314661026,0.333046019077301,2.9930419921875,2.9993438720703125,Fixation,973.5470463679387,476.9553620998676,204.0,9.0,True,12,word,image,11.0
1784.0,974.7295379638672,473.44877243041987,0.3750706911087036,0.3338925540447235,0.3807537257671356,0.3287838697433471,2.9961700439453125,3.003021240234375,Fixation,973.5470463679387,476.9553620998676,204.0,9.0,True,12,word,image,11.0
1788.0,973.0789184570311,480.4520845413208,0.3741532862186432,0.3279871344566345,0.3801089525222778,0.3336472809314728,3.0001220703125,3.0065460205078125,Fixation,973.5470463679387,476.9553620998676,204.0,9.0,True,12,word,image,11.0
1792.0,968.8205718994141,479.467134475708,0.3718144595623016,0.3305701911449432,0.3784455358982086,0.3329632878303528,2.97186279296875,2.98284912109375,Fixation,973.5470463679387,476.9553620998676,204.0,9.0,True,12,word,image,11.0
1796.0,972.5405120849608,481.2968730926513,0.3747609853744507,0.3397673666477203,0.3798986375331878,0.3342339396476745,3.0164337158203125,2.997055053710937,Fixation,973.5470463679387,476.9553620998676,204.0,9.0,True,12,word,image,11.0
1800.0,972.0264434814453,472.9160213470459,0.3771004974842071,0.3371303677558899,0.3796978294849396,0.3284139037132263,3.009017944335937,2.9868316650390625,Fixation,973.5470463679387,476.9553620998676,204.0,9.0,True,12,word,image,11.0
1804.0,974.918975830078,478.0017471313476,0.3762751519680023,0.3318855762481689,0.3808277249336242,0.3319456577301025,2.98211669921875,2.993759155273437,Fixation,973.5470463679387,476.9553620998676,204.0,9.0,True,12,word,image,11.0
1808.0,975.0643920898438,475.9290218353271,0.3747139275074005,0.3340227603912353,0.3808845281600952,0.3305062651634216,2.997833251953125,2.9978485107421875,Fixation,973.5470463679387,476.9553620998676,204.0,9.0,True,12,word,image,11.0
1812.0,967.9347991943359,481.32004737854004,0.3749451637268066,0.333448052406311,0.3780995309352875,0.3342500329017639,2.997039794921875,3.0102081298828125,Fixation,973.5470463679387,476.9553620998676,204.0,9.0,True,12,word,image,11.0
1816.0,972.079849243164,477.34827518463135,0.3743774592876434,0.328885406255722,0.3797186911106109,0.3314918577671051,2.9961090087890625,2.9950103759765625,Fixation,973.5470463679387,476.9553620998676,204.0,9.0,True,12,word,image,11.0
1820.0,973.0885314941406,484.22404289245605,0.371722549200058,0.3306328058242798,0.3801127076148987,0.3362666964530945,2.993759155273437,3.005584716796875,Fixation,973.5470463679387,476.9553620998676,204.0,9.0,True,12,word,image,11.0
1824.0,974.9846649169922,479.13299560546875,0.3715224266052246,0.3317369222640991,0.3808533847332001,0.3327312469482422,3.002304077148437,3.00634765625,Fixation,973.5470463679387,476.9553620998676,204.0,9.0,True,12,word,image,11.0
1828.0,972.6260375976562,480.8028316497803,0.3727429807186126,0.3284333646297455,0.3799320459365845,0.3338908553123474,3.0091705322265625,2.9923248291015625,Fixation,973.5470463679387,476.9553620998676,204.0,9.0,True,12,word,image,11.0
1832.0,972.4755859374999,472.81834602355957,0.3729782998561859,0.3279400169849396,0.3798732757568359,0.3283460736274719,3.011871337890625,2.9975128173828125,Fixation,973.5470463679387,476.9553620998676,204.0,9.0,True,12,word,image,11.0
1836.0,973.4033203125,472.08951473236084,0.3745996057987213,0.3306156992912292,0.3802356719970703,0.3278399407863617,3.005340576171875,2.998687744140625,Fixation,973.5470463679387,476.9553620998676,204.0,9.0,True,12,word,image,11.0
1840.0,967.9818725585938,473.85247707366943,0.3724885582923889,0.3303523361682892,0.3781179189682007,0.3290642201900482,3.0178985595703125,3.0046844482421875,Fixation,973.5470463679387,476.9553620998676,204.0,9.0,True,12,word,image,11.0
1844.0,973.501739501953,471.6218662261963,0.3721538782119751,0.3358987271785736,0.3802741169929504,0.327515184879303,3.0179901123046875,3.0109100341796875,Fixation,973.5470463679387,476.9553620998676,204.0,9.0,True,12,word,image,11.0
1848.0,966.4950561523438,477.2671222686767,0.373516708612442,0.3300122618675232,0.3775371313095093,0.3314355015754699,3.017120361328125,3.009429931640625,Fixation,973.5470463679387,476.9553620998676,204.0,9.0,True,12,word,image,11.0
1852.0,973.5871124267577,478.200831413269,0.3743013739585876,0.328408807516098,0.3803074657917022,0.332083910703659,3.007659912109375,3.00982666015625,Fixation,973.5470463679387,476.9553620998676,204.0,9.0,True,12,word,image,11.0
1856.0,972.5257110595702,477.37136363983154,0.3734054863452911,0.3314346671104431,0.3798928558826446,0.3315078914165497,3.017608642578125,3.020843505859375,Fixation,973.5470463679387,476.9553620998676,204.0,9.0,True,12,word,image,11.0
1860.0,968.0346679687499,480.87831974029535,0.37564417719841,0.3309946358203888,0.3781385421752929,0.3339432775974273,3.0251617431640625,3.014495849609375,Fixation,973.5470463679387,476.9553620998676,204.0,9.0,True,12,word,image,11.0
1864.0,966.442413330078,475.4719305038452,0.375254213809967,0.3356606960296631,0.3775165677070617,0.3301888406276703,3.0211334228515625,3.004669189453125,Fixation,973.5470463679387,476.9553620998676,204.0,9.0,True,12,word,image,11.0
1868.0,967.1728515624999,475.0598573684692,0.3738492429256439,0.3317151963710785,0.3778018951416015,0.3299026787281036,3.016845703125,3.02130126953125,Fixation,973.5470463679387,476.9553620998676,204.0,9.0,True,12,word,image,11.0
1872.0,971.4298248291016,483.85385513305664,0.3759770393371582,0.3358082473278045,0.3794647753238678,0.3360096216201782,3.0162506103515625,3.018585205078125,Fixation,973.5470463679387,476.9553620998676,204.0,9.0,True,12,word,image,11.0
1876.0,974.1835021972656,482.0534706115722,0.3742278516292572,0.3338924646377563,0.3805404305458069,0.3347593545913696,3.024887084960937,3.016632080078125,Fixation,973.5470463679387,476.9553620998676,204.0,9.0,True,12,word,image,11.0
1880.0,966.3674163818358,479.7274160385131,0.3751651644706726,0.3356761038303375,0.3774872720241546,0.3331440389156341,3.0327301025390625,3.01190185546875,Fixation,973.5470463679387,476.9553620998676,204.0,9.0,True,12,word,image,11.0
1884.0,964.328155517578,487.0379590988159,0.3740586340427398,0.3347086906433105,0.3766906857490539,0.3382208049297333,3.021102905273437,3.0301055908203125,Fixation,973.5470463679387,476.9553620998676,204.0,9.0,True,12,word,image,11.0
1888.0,979.4152069091797,490.92162609100336,0.3743498027324676,0.3260221779346466,0.3825840651988983,0.3409177958965301,2.972030639648437,3.014755249023437,Fixation,973.5470463679387,476.9553620998676,204.0,9.0,True,12,word,image,11.0
1892.0,1008.8677215576172,535.1140880584717,0.3843493461608886,0.3653732538223266,0.3940889537334442,0.3716070055961609,2.9950714111328125,3.002105712890625,Fixation,973.5470463679387,476.9553620998676,204.0,9.0,True,12,word,image,11.0
1896.0,1062.6893615722654,588.3966636657715,0.4064889252185821,0.3990761339664459,0.4151130318641662,0.4086087942123413,2.979965209960937,2.95416259765625,Saccade,,,,0.0,False,13,,,
1900.0,1104.3099212646484,696.0171461105346,0.4190036356449127,0.4288765490055084,0.4313710629940033,0.4833452403545379,2.9429473876953125,2.9915771484375,Saccade,,,,0.0,False,13,,,
1904.0,1133.8343811035156,760.9509372711182,0.4328727424144745,0.4877826273441314,0.4429040551185608,0.528438150882721,2.9923095703125,3.0073699951171875,Saccade,,,,0.0,False,13,,,
1908.0,1158.6286163330078,789.173698425293,0.4481686651706695,0.5316318869590759,0.4525893032550812,0.5480372905731201,3.02130126953125,2.952117919921875,Saccade,,,,0.0,False,13,,,
1912.0,1178.2719421386719,869.84055519104,0.4576593339443207,0.573097288608551,0.4602624773979187,0.6040559411048889,3.0181121826171875,3.0072021484375,Saccade,,,,0.0,False,13,,,
1916.0,1201.5584564208982,919.4511222839355,0.470541387796402,0.6096115708351135,0.4693587720394134,0.6385077238082886,3.0248260498046875,2.9945831298828125,Saccade,,,,0.0,False,13,,,
1920.0,1214.1592407226562,972.9282760620117,0.4713158309459686,0.6479397416114807,0.4742809534072876,0.6756446361541748,3.0391082763671875,3.002426147460937,Saccade,,,,0.0,False,13,,,
1924.0,1219.524230957031,1007.8331279754639,0.470314472913742,0.68491131067276,0.4763766527175903,0.6998841166496277,3.0469207763671875,2.9926300048828125,Saccade,,,,0.0,False,13,,,
1928.0,1237.8517913818357,1051.4372634887695,0.4756643176078796,0.7086817026138306,0.4835358560085296,0.7301647663116455,3.0548858642578125,2.9927978515625,Fixation,1262.288619494829,1067.8886130598726,240.0,10.0,True,14,word,white,6.0
1932.0,1243.137435913086,1073.2820320129395,0.4815349578857422,0.723021388053894,0.4856005609035492,0.7453347444534302,3.042221069335937,2.999176025390625,Fixation,1262.288619494829,1067.8886130598726,240.0,10.0,True,14,word,white,6.0
1936.0,1253.3190155029297,1069.6021270751953,0.4805962443351745,0.729651927947998,0.4895777404308319,0.7427792549133301,3.0278472900390625,3.004180908203125,Fixation,1262.288619494829,1067.8886130598726,240.0,10.0,True,14,word,white,6.0
1940.0,1256.462478637695,1054.817533493042,0.4794416427612304,0.7290371656417847,0.4908056557178497,0.7325121760368347,3.036895751953125,2.99957275390625,Fixation,1262.288619494829,1067.8886130598726,240.0,10.0,True,14,word,white,6.0
1944.0,1259.3501281738281,1054.0699481964111,0.4786539375782013,0.7238606214523315,0.4919336438179016,0.7319930195808411,3.0356597900390625,3.000030517578125,Fixation,1262.288619494829,1067.8886130598726,240.0,10.0,True,14,word,white,6.0
1948.0,1259.5682525634763,1056.3804244995117,0.4788160622119903,0.7234675288200378,0.492018848657608,0.7335975170135498,3.04150390625,2.9831695556640625,Fixation,1262.288619494829,1067.8886130598726,240.0,10.0,True,14,word,white,6.0
1952.0,1256.1669921875,1061.361436843872,0.4803126752376556,0.7299611568450928,0.4906902313232422,0.7370565533638,3.0484161376953125,2.9956512451171875,Fixation,1262.288619494829,1067.8886130598726,240.0,10.0,True,14,word,white,6.0
1956.0,1264.00032043457,1070.4416370391846,0.4823619127273559,0.7319141030311584,0.493750125169754,0.7433622479438782,3.0322723388671875,2.9961090087890625,Fixation,1262.288619494829,1067.8886130598726,240.0,10.0,True,14,word,white,6.0
1960.0,1259.6782684326172,1078.4229469299316,0.4805599749088287,0.7351443767547607,0.4920618236064911,0.748904824256897,3.0388336181640625,2.9988555908203125,Fixation,1262.288619494829,1067.8886130598726,240.0,10.0,True,14,word,white,6.0
1964.0,1257.010726928711,1070.3641319274902,0.483243316411972,0.736496090888977,0.4910198152065277,0.743308424949646,3.048492431640625,2.987152099609375,Fixation,1262.288619494829,1067.8886130598726,240.0,10.0,True,14,word,white,6.0
1968.0,1257.4655914306638,1068.6519813537598,0.4782524108886719,0.735366702079773,0.4911974966526031,0.7421194314956665,3.0540924072265625,2.99078369140625,Fixation,1262.288619494829,1067.8886130598726,240.0,10.0,True,14,word,white,6.0
1972.0,1259.3372344970703,1073.340826034546,0.4806245565414428,0.7319689393043518,0.4919286072254181,0.7453755736351013,3.045516967773437,2.99334716796875,Fixation,1262.288619494829,1067.8886130598726,240.0,10.0,True,14,word,white,6.0
1976.0,1258.5521697998047,1067.2949981689453,0.4796428382396698,0.7320176959037781,0.4916219413280487,0.7411770820617676,3.046173095703125,2.9923553466796875,Fixation,1262.288619494829,1067.8886130598726,240.0,10.0,True,14,word,white,6.0
1980.0,1264.4907379150388,1064.5889282226562,0.480735570192337,0.7316734194755554,0.4939416944980621,0.7392978668212891,3.0429229736328125,2.9947967529296875,Fixation,1262.288619494829,1067.8886130598726,240.0,10.0,True,14,word,white,6.0
1984.0,1260.8068847656248,1065.4141902923584,0.4791326820850372,0.7276701927185059,0.4925026893615722,0.7398709654808044,3.0391845703125,2.9917449951171875,Fixation,1262.288619494829,1067.8886130598726,240.0,10.0,True,14,word,white,6.0
1988.0,1264.5986938476562,1061.0769939422607,0.4777003228664398,0.7337971329689026,0.4939838647842407,0.7368590235710144,3.05206298828125,2.9763336181640625,Fixation,1262.288619494829,1067.8886130598726,240.0,10.0,True,14,word,white,6.0
1992.0,1266.2734985351562,1061.784324645996,0.4786767661571502,0.7382041811943054,0.4946380853652954,0.7373502254486084,3.041351318359375,2.9839630126953125,Fixation,1262.288619494829,1067.8886130598726,240.0,10.0,True,14,word,white,6.0
1996.0,1264.548873901367,1062.432689666748,0.4776059985160827,0.7329481840133667,0.4939644038677215,0.7378004789352417,3.037460327148437,2.9939117431640625,Fixation,1262.288619494829,1067.8886130598726,240.0,10.0,True,14,word,white,6.0
2000.0,1263.660430908203,1063.950433731079,0.4756493270397186,0.7365862727165222,0.4936173558235168,0.7388544678688049,3.0338134765625,2.985809326171875,Fixation,1262.288619494829,1067.8886130598726,240.0,10.0,True,14,word,white,6.0
2004.0,1261.4794921875,1075.3063488006592,0.478304773569107,0.7332887053489685,0.4927654266357422,0.7467405200004578,3.045379638671875,2.994232177734375,Fixation,1262.288619494829,1067.8886130598726,240.0,10.0,True,14,word,white,6.0
2008.0,1260.881423950195,1064.8967170715332,0.4796215891838074,0.7310462594032288,0.492531806230545,0.7395116090774536,3.03961181640625,2.990829467773437,Fixation,1262.288619494829,1067.8886130598726,240.0,10.0,True,14,word,white,6.0
2012.0,1260.9434509277341,1058.8324356079102,0.4769246578216553,0.7293461561203003,0.4925560355186462,0.7353003025054932,3.047332763671875,2.979354858398437,Fixation,1262.288619494829,1067.8886130598726,240.0,10.0,True,14,word,white,6.0
2016.0,1261.9525909423828,1074.6615886688232,0.4797738790512085,0.7320754528045654,0.4929502308368683,0.746292769908905,3.041610717773437,3.0069122314453125,Fixation,1262.288619494829,1067.8886130598726,240.0,10.0,True,14,word,white,6.0
2020.0,1256.749572753906,1068.3989524841309,0.4788871705532074,0.7337586283683777,0.4909178018569946,0.7419437170028687,3.041717529296875,2.978485107421875,Fixation,1262.288619494829,1067.8886130598726,240.0,10.0,True,14,word,white,6.0
2024.0,1253.8494873046873,1066.7406177520752,0.4789952039718628,0.7330843210220337,0.4897849559783935,0.7407920956611633,3.024993896484375,2.97857666015625,Fixation,1262.288619494829,1067.8886130598726,240.0,10.0,True,14,word,white,6.0
2028.0,1262.8891754150388,1071.242094039917,0.4813876450061798,0.7322853207588196,0.4933160841464996,0.7439181208610535,3.034576416015625,2.9825592041015625,Fixation,1262.288619494829,1067.8886130598726,240.0,10.0,True,14,word,white,6.0
2032.0,1258.5633850097656,1073.9363193511963,0.486344039440155,0.7383107542991638,0.4916263222694397,0.745789110660553,3.046539306640625,2.9918975830078125,Fixation,1262.288619494829,1067.8886130598726,240.0,10.0,True,14,word,white,6.0
2036.0,1264.2781829833984,1062.0449924468994,0.4808222353458404,0.7334370017051697,0.49385866522789,0.7375312447547913,3.0419921875,2.985824584960937,Fixation,1262.288619494829,1067.8886130598726,240.0,10.0,True,14,word,white,6.0
2040.0,1256.7309570312498,1062.1778583526611,0.4811200201511383,0.7294759154319763,0.490910530090332,0.7376235127449036,3.034408569335937,2.98468017578125,Fixation,1262.288619494829,1067.8886130598726,240.0,10.0,True,14,word,white,6.0
2044.0,1260.0902557373045,1069.288501739502,0.4851685762405395,0.7360144853591919,0.4922227561473846,0.7425614595413208,3.0314178466796875,2.9966583251953125,Fixation,1262.288619494829,1067.8886130598726,240.0,10.0,True,14,word,white,6.0
2048.0,1261.7997741699216,1068.8322257995605,0.4842592179775238,0.7341442704200745,0.4928905367851257,0.7422446012496948,3.050079345703125,2.985748291015625,Fixation,1262.288619494829,1067.8886130598726,240.0,10.0,True,14,word,white,6.0
2052.0,1263.8773345947263,1074.3562030792236,0.4810710549354553,0.7305135130882263,0.493702083826065,0.7460806965827942,3.02447509765625,2.9753570556640625,Fixation,1262.288619494829,1067.8886130598726,240.0,10.0,True,14,word,white,6.0
2056.0,1264.0094757080076,1058.9021301269531,0.4791625738143921,0.7300792932510376,0.4937537014484405,0.7353487014770508,3.050872802734375,2.9927520751953125,Fixation,1262.288619494829,1067.8886130598726,240.0,10.0,True,14,word,white,6.0
2060.0,1259.5220184326172,1066.2075233459473,0.4814706146717071,0.730480968952179,0.4920007884502411,0.7404218912124634,3.0429229736328125,2.9783935546875,Fixation,1262.288619494829,1067.8886130598726,240.0,10.0,True,14,word,white,6.0
2064.0,1263.8485717773438,1069.2473030090332,0.4837154746055603,0.7323834300041199,0.4936908483505249,0.7425328493118286,3.0426177978515625,2.976104736328125,Fixation,1262.288619494829,1067.8886130598726,240.0,10.0,True,14,word,white,6.0
2068.0,1271.5155792236326,1074.9486064910889,0.4778337478637695,0.7282610535621643,0.4966857731342315,0.7464920878410339,3.03985595703125,2.9859619140625,Fixation,1262.288619494829,1067.8886130598726,240.0,10.0,True,14,word,white,6.0
2072.0,1266.2235260009763,1072.0935344696045,0.4796180129051208,0.7346351742744446,0.4946185648441314,0.7445093989372253,3.042999267578125,2.980209350585937,Fixation,1262.288619494829,1067.8886130598726,240.0,10.0,True,14,word,white,6.0
2076.0,1253.2862091064453,1068.2197380065918,0.481885552406311,0.7353169918060303,0.4895649254322052,0.7418192625045776,3.04052734375,2.996566772460937,Fixation,1262.288619494829,1067.8886130598726,240.0,10.0,True,14,word,white,6.0
2080.0,1262.7719879150388,1067.1684837341309,0.4801983535289764,0.7390784025192261,0.4932703077793121,0.7410892248153687,3.048934936523437,2.989410400390625,Fixation,1262.288619494829,1067.8886130598726,240.0,10.0,True,14,word,white,6.0
2084.0,1262.087631225586,1067.9189014434814,0.4784661829471588,0.7315854430198669,0.4930029809474945,0.7416103482246399,3.03570556640625,2.97998046875,Fixation,1262.288619494829,1067.8886130598726,240.0,10.0,True,14,word,white,6.0
2088.0,1252.8331756591795,1071.9100284576416,0.4765800237655639,0.7354413270950317,0.489387959241867,0.7443819642066956,3.037109375,2.99102783203125,Fixation,1262.288619494829,1067.8886130598726,240.0,10.0,True,14,word,white,6.0
2092.0,1262.3826599121094,1068.746395111084,0.4795862734317779,0.7333677411079407,0.4931182265281677,0.7421849966049194,3.037200927734375,2.996200561523437,Fixation,1262.288619494829,1067.8886130598726,240.0,10.0,True,14,word,white,6.0
2096.0,1253.9109039306638,1060.735559463501,0.4816065728664398,0.7381834387779236,0.4898089468479156,0.7366219162940979,3.04351806640625,2.984481811523437,Fixation,1262.288619494829,1067.8886130598726,240.0,10.0,True,14,word,white,6.0
2100.0,1266.7876434326172,1065.9624767303467,0.4819050431251526,0.7393587827682495,0.4948389232158661,0.7402517199516296,3.050750732421875,2.9927520751953125,Fixation,1262.288619494829,1067.8886130598726,240.0,10.0,True,14,word,white,6.0
2104.0,1261.377182006836,1064.1660404205322,0.4816906154155731,0.7319043874740601,0.4927254617214203,0.7390041947364807,3.040557861328125,3.003173828125,Fixation,1262.288619494829,1067.8886130598726,240.0,10.0,True,14,word,white,6.0
2108.0,1267.3431396484375,1072.021951675415,0.481891006231308,0.735467791557312,0.4950559139251709,0.7444596886634827,3.0329132080078125,3.0078887939453125,Fixation,1262.288619494829,1067.8886130598726,240.0,10.0,True,14,word,white,6.0
2112.0,1258.6558532714844,1068.1539916992188,0.4814903438091278,0.7390994429588318,0.4916624426841736,0.7417736053466797,3.041961669921875,3.0133209228515625,Fixation,1262.288619494829,1067.8886130598726,240.0,10.0,True,14,word,white,6.0
2116.0,1272.9450988769531,1065.5353832244873,0.4802058935165405,0.7373562455177307,0.4972441792488098,0.7399551272392273,3.038543701171875,3.00030517578125,Fixation,1262.288619494829,1067.8886130598726,240.0,10.0,True,14,word,white,6.0
2120.0,1267.475814819336,1068.6500072479248,0.4817444682121277,0.7347464561462402,0.4951077401638031,0.7421180605888367,3.03985595703125,2.993759155273437,Fixation,1262.288619494829,1067.8886130598726,240.0,10.0,True,14,word,white,6.0
2124.0,1265.4593658447266,1078.2419300079346,0.4796972572803497,0.7351301312446594,0.4943200647830963,0.7487791180610657,3.0452117919921875,3.0077056884765625,Fixation,1262.288619494829,1067.8886130598726,240.0,10.0,True,14,word,white,6.0
2128.0,1273.3112335205076,1075.6044387817383,0.4791728854179382,0.7375748753547668,0.4973872005939483,0.7469475269317627,3.042388916015625,3.00030517578125,Fixation,1262.288619494829,1067.8886130598726,240.0,10.0,True,14,word,white,6.0
2132.0,1270.7281494140623,1064.8301982879639,0.4803667366504669,0.736083447933197,0.4963781833648681,0.7394654154777527,3.0591583251953125,2.995513916015625,Fixation,1262.288619494829,1067.8886130598726,240.0,10.0,True,14,word,white,6.0
2136.0,1264.108200073242,1065.9144973754883,0.4794887900352478,0.7318103909492493,0.4937922656536102,0.7402184009552002,3.04443359375,3.011474609375,Fixation,1262.288619494829,1067.8886130598726,240.0,10.0,True,14,word,white,6.0
2140.0,1267.5627899169922,1073.4147262573242,0.4779158532619476,0.7350110411643982,0.4951417148113251,0.7454268932342529,3.0399627685546875,2.9982452392578125,Fixation,1262.288619494829,1067.8886130598726,240.0,10.0,True,14,word,white,6.0
2144.0,1265.0274658203123,1074.514045715332,0.4776113629341125,0.7298476099967957,0.4941513538360595,0.7461903095245361,3.03607177734375,3.012176513671875,Fixation,1262.288619494829,1067.8886130598726,240.0,10.0,True,14,word,white,6.0
2148.0,1269.0482330322266,1072.071132659912,0.477659672498703,0.7352664470672607,0.4957219660282135,0.744493842124939,3.046600341796875,2.9965362548828125,Fixation,1262.288619494829,1067.8886130598726,240.0,10.0,True,14,word,white,6.0
2152.0,1265.2457427978513,1073.166332244873,0.4793737232685089,0.734602689743042,0.4942366182804107,0.745254397392273,3.057342529296875,3.01019287109375,Fixation,1262.288619494829,1067.8886130598726,240.0,10.0,True,14,word,white,6.0
2156.0,1254.5370483398435,1075.6412601470947,0.4758558571338653,0.7333722710609436,0.4900535345077514,0.7469730973243713,3.0443572998046875,3.0059967041015625,Fixation,1262.288619494829,1067.8886130598726,240.0,10.0,True,14,word,white,6.0
2160.0,1255.064239501953,1076.513385772705,0.4791664183139801,0.7346407771110535,0.4902594685554504,0.7475787401199341,3.0477447509765625,3.02496337890625,Fixation,1262.288619494829,1067.8886130598726,240.0,10.0,True,14,word,white,6.0
2164.0,1284.9406433105469,1072.6249980926514,0.482655256986618,0.7304158210754395,0.5019299387931824,0.7448784708976746,3.031036376953125,2.99517822265625,Fixation,1262.288619494829,1067.8886130598726,240.0,10.0,True,14,word,white,6.0
2168.0,1307.2315979003906,1068.6506938934326,0.494365930557251,0.7236351370811462,0.5106373429298401,0.7421185374259949,3.0435791015625,3.027008056640625,Fixation,1262.288619494829,1067.8886130598726,240.0,10.0,True,14,word,white,6.0
2172.0,1341.9834899902344,1068.5454654693604,0.5027768015861511,0.7209544777870178,0.5242123007774353,0.7420454621315002,3.0390625,3.0194244384765625,Fixation,1382.0366096496582,1080.2920260429382,156.0,11.0,True,15,word,white,6.0
2176.0,1372.9403686523438,1074.5422840118408,0.5077497363090515,0.7194569110870361,0.5363048315048218,0.7462099194526672,3.03668212890625,3.030517578125,Fixation,1382.0366096496582,1080.2920260429382,156.0,11.0,True,15,word,white,6.0
2180.0,1369.2692565917969,1073.2280445098877,0.5137902498245239,0.7237667441368103,0.5348708033561707,0.7452972531318665,3.0521697998046875,3.0322265625,Fixation,1382.0366096496582,1080.2920260429382,156.0,11.0,True,15,word,white,6.0
2184.0,1369.2872619628906,1072.0535373687744,0.5207562446594238,0.7162314057350159,0.5348778367042542,0.74448162317276,3.05255126953125,3.0287322998046875,Fixation,1382.0366096496582,1080.2920260429382,156.0,11.0,True,15,word,white,6.0
2188.0,1371.6119384765625,1075.4986095428467,0.5304499268531799,0.7243916392326355,0.5357859134674072,0.7468740344047546,3.040374755859375,3.03076171875,Fixation,1382.0366096496582,1080.2920260429382,156.0,11.0,True,15,word,white,6.0
2192.0,1383.7646484375,1082.3406887054443,0.5279335975646973,0.7266733050346375,0.5405330657958984,0.7516254782676697,3.043975830078125,3.0249481201171875,Fixation,1382.0366096496582,1080.2920260429382,156.0,11.0,True,15,word,white,6.0
2196.0,1378.7847900390625,1079.6842288970947,0.5264863967895508,0.7334949374198914,0.5385878086090088,0.7497807145118713,3.057968139648437,3.0224609375,Fixation,1382.0366096496582,1080.2920260429382,156.0,11.0,True,15,word,white,6.0
2200.0,1368.6520385742188,1080.1043701171875,0.5276345014572144,0.7254998683929443,0.5346297025680542,0.7500724792480469,3.062286376953125,3.03753662109375,Fixation,1382.0366096496582,1080.2920260429382,156.0,11.0,True,15,word,white,6.0
2204.0,1373.9215087890625,1076.253662109375,0.5240978002548218,0.7315525412559509,0.5366880893707275,0.7473983764648438,3.059326171875,3.03515625,Fixation,1382.0366096496582,1080.2920260429382,156.0,11.0,True,15,word,white,6.0
2208.0,1376.978759765625,1087.2571563720703,0.5263711214065552,0.727605938911438,0.5378823280334473,0.7550396919250488,3.06781005859375,3.0430908203125,Fixation,1382.0366096496582,1080.2920260429382,156.0,11.0,True,15,word,white,6.0
2212.0,1379.3734741210938,1080.3216934204102,0.5260036587715149,0.730732798576355,0.5388177633285522,0.7502233982086182,3.064239501953125,3.032562255859375,Fixation,1382.0366096496582,1080.2920260429382,156.0,11.0,True,15,word,white,6.0
2216.0,1374.3093872070312,1080.4416847229004,0.5266396999359131,0.7306392192840576,0.5368396043777466,0.7503067255020142,3.058135986328125,3.03143310546875,Fixation,1382.0366096496582,1080.2920260429382,156.0,11.0,True,15,word,white,6.0
2220.0,1385.404052734375,1084.5968341827393,0.5283388495445251,0.7317136526107788,0.5411734580993652,0.7531922459602356,3.058929443359375,3.033309936523437,Fixation,1382.0366096496582,1080.2920260429382,156.0,11.0,True,15,word,white,6.0
2224.0,1376.3700866699219,1080.432071685791,0.5279499888420105,0.7307244539260864,0.5376445651054382,0.7503000497817993,3.0492706298828125,3.0398406982421875,Fixation,1382.0366096496582,1080.2920260429382,156.0,11.0,True,15,word,white,6.0
2228.0,1384.3023681640625,1077.3136711120605,0.5293157696723938,0.7289626598358154,0.5407431125640869,0.7481344938278198,3.0670318603515625,3.032943725585937,Fixation,1382.0366096496582,1080.2920260429382,156.0,11.0,True,15,word,white,6.0
2232.0,1378.9790344238281,1080.8612251281738,0.5281179547309875,0.7291383147239685,0.5386636853218079,0.7505980730056763,3.066757202148437,3.0359039306640625,Fixation,1382.0366096496582,1080.2920260429382,156.0,11.0,True,15,word,white,6.0
2236.0,1374.9359130859375,1079.9787139892578,0.5259981751441956,0.7282256484031677,0.5370843410491943,0.7499852180480957,3.067123413085937,3.040130615234375,Fixation,1382.0366096496582,1080.2920260429382,156.0,11.0,True,15,word,white,6.0
2240.0,1381.6806030273438,1085.334119796753,0.5267459750175476,0.7307401299476624,0.5397189855575562,0.7537042498588562,3.0696258544921875,3.045883178710937,Fixation,1382.0366096496582,1080.2920260429382,156.0,11.0,True,15,word,white,6.0
2244.0,1382.891845703125,1076.5950107574463,0.5282983779907227,0.7266426682472229,0.5401921272277832,0.7476354241371155,3.045883178710937,3.016387939453125,Fixation,1382.0366096496582,1080.2920260429382,156.0,11.0,True,15,word,white,6.0
2248.0,1381.644287109375,1083.0409812927246,0.5279805660247803,0.7310373783111572,0.5397047996520996,0.7521117925643921,3.06512451171875,3.0380859375,Fixation,1382.0366096496582,1080.2920260429382,156.0,11.0,True,15,word,white,6.0
2252.0,1381.8521118164062,1085.4077625274658,0.5285260081291199,0.7265243530273438,0.5397859811782837,0.7537553906440735,3.0529022216796875,3.034896850585937,Fixation,1382.0366096496582,1080.2920260429382,156.0,11.0,True,15,word,white,6.0
2256.0,1387.7459716796875,1077.7179336547852,0.529419481754303,0.731654167175293,0.5420882701873779,0.7484152317047119,3.0658721923828125,3.037139892578125,Fixation,1382.0366096496582,1080.2920260429382,156.0,11.0,True,15,word,white,6.0
2260.0,1376.7349243164062,1074.9046611785889,0.527858555316925,0.7311182618141174,0.5377870798110962,0.7464615702629089,3.0696563720703125,3.036834716796875,Fixation,1382.0366096496582,1080.2920260429382,156.0,11.0,True,15,word,white,6.0
2264.0,1380.0053405761719,1082.5534629821777,0.5264492034912109,0.7281438708305359,0.5390645861625671,0.7517732381820679,3.0684967041015625,3.03656005859375,Fixation,1382.0366096496582,1080.2920260429382,156.0,11.0,True,15,word,white,6.0
2268.0,1392.6640319824219,1077.3443126678467,0.5277303457260132,0.7299770712852478,0.5440093874931335,0.7481557726860046,3.076751708984375,3.027694702148437,Fixation,1382.0366096496582,1080.2920260429382,156.0,11.0,True,15,word,white,6.0
2272.0,1387.1775817871094,1086.8514347076416,0.5264431238174438,0.7264007925987244,0.5418662428855896,0.7547579407691956,3.0633697509765625,3.0486602783203125,Fixation,1382.0366096496582,1080.2920260429382,156.0,11.0,True,15,word,white,6.0
2276.0,1387.0391845703125,1077.893886566162,0.5273281335830688,0.7286244630813599,0.5418121814727783,0.7485374212265015,3.0604400634765625,3.0363311767578125,Fixation,1382.0366096496582,1080.2920260429382,156.0,11.0,True,15,word,white,6.0
2280.0,1389.1606140136719,1077.3133277893066,0.5256481766700745,0.7275127172470093,0.5426408648490906,0.7481342554092407,3.088729858398437,3.038803100585937,Fixation,1382.0366096496582,1080.2920260429382,156.0,11.0,True,15,word,white,6.0
2284.0,1388.4620666503906,1085.3972053527832,0.526675820350647,0.7344598770141602,0.5423679947853088,0.7537480592727661,3.07208251953125,3.055419921875,Fixation,1382.0366096496582,1080.2920260429382,156.0,11.0,True,15,word,white,6.0
2288.0,1393.3090209960938,1085.251121520996,0.5249559879302979,0.7307472229003906,0.5442613363265991,0.7536466121673584,3.07000732421875,3.051361083984375,Fixation,1382.0366096496582,1080.2920260429382,156.0,11.0,True,15,word,white,6.0
2292.0,1386.8772888183594,1081.8739414215088,0.5273308753967285,0.7270796298980713,0.5417489409446716,0.7513013482093811,3.086151123046875,3.045257568359375,Fixation,1382.0366096496582,1080.2920260429382,156.0,11.0,True,15,word,white,6.0
2296.0,1388.9863586425781,1079.613332748413,0.5243262052536011,0.730635404586792,0.5425727963447571,0.7497314810752869,3.0699920654296875,3.052108764648437,Fixation,1382.0366096496582,1080.2920260429382,156.0,11.0,True,15,word,white,6.0
2300.0,1389.4178771972656,1084.6650695800781,0.5261696577072144,0.7292236089706421,0.5427413582801819,0.753239631652832,3.066192626953125,3.0582427978515625,Fixation,1382.0366096496582,1080.2920260429382,156.0,11.0,True,15,word,white,6.0
2304.0,1385.107421875,1085.2233123779297,0.5264856219291687,0.724197506904602,0.5410575866699219,0.7536273002624512,3.073837280273437,3.05712890625,Fixation,1382.0366096496582,1080.2920260429382,156.0,11.0,True,15,word,white,6.0
2308.0,1391.1322021484375,1081.7505168914795,0.525864839553833,0.7358521223068237,0.5434110164642334,0.7512156367301941,3.1001129150390625,3.0510711669921875,Fixation,1382.0366096496582,1080.2920260429382,156.0,11.0,True,15,word,white,6.0
2312.0,1392.7777099609375,1084.0882873535156,0.5285906791687012,0.7300752401351929,0.5440537929534912,0.7528390884399414,3.085189819335937,3.03570556640625,Fixation,1382.0366096496582,1080.2920260429382,156.0,11.0,True,15,word,white,6.0
2316.0,1390.7833862304688,1083.3641338348389,0.5280125737190247,0.7301663160324097,0.5432747602462769,0.7523362040519714,3.0892486572265625,3.048248291015625,Fixation,1382.0366096496582,1080.2920260429382,156.0,11.0,True,15,word,white,6.0
2320.0,1393.4956359863281,1086.5963459014893,0.5241012573242188,0.7285001277923584,0.5443342328071594,0.7545807957649231,3.0796356201171875,3.05291748046875,Fixation,1382.0366096496582,1080.2920260429382,156.0,11.0,True,15,word,white,6.0
2324.0,1398.8099670410156,1085.8531379699707,0.52735835313797,0.7289659380912781,0.5464101433753967,0.754064679145813,3.092147827148437,3.05731201171875,Fixation,1382.0366096496582,1080.2920260429382,156.0,11.0,True,15,word,white,6.0
2328.0,1392.840576171875,1069.593801498413,0.5267922878265381,0.7202773094177246,0.5440783500671387,0.7427734732627869,3.079437255859375,3.046859741210937,Fixation,1382.0366096496582,1080.2920260429382,156.0,11.0,True,15,word,white,6.0
2332.0,1371.7294311523438,1006.7434215545654,0.5153676867485046,0.6852558851242065,0.5358318090438843,0.6991273760795593,3.0986480712890625,3.02557373046875,Saccade,,,,0.0,False,16,,,
2336.0,1350.1066589355469,924.3278503417969,0.5061431527137756,0.6427901387214661,0.527385413646698,0.6418943405151367,3.0730438232421875,3.03192138671875,Saccade,,,,0.0,False,16,,,
2340.0,1331.0397338867188,835.6240653991699,0.5017279982566833,0.586475133895874,0.5199373960494995,0.5802944898605347,3.0749053955078125,3.0395050048828125,Saccade,,,,0.0,False,16,,,
2344.0,1319.9835205078125,780.007495880127,0.4943252503871918,0.5383954048156738,0.5156185626983643,0.541671872138977,3.0788116455078125,3.0667877197265625,Saccade,,,,0.0,False,16,,,
2348.0,1298.2560729980469,677.3490571975708,0.4886282086372375,0.5026508569717407,0.5071312785148621,0.4703812897205353,3.08099365234375,2.964385986328125,Saccade,,,,0.0,False,16,,,
2352.0,1280.7620239257812,660.0891065597533,0.4848867356777191,0.4620154798030853,0.5002976655960083,0.4583952128887176,3.028060913085937,3.017547607421875,Saccade,,,,0.0,False,16,,,
2356.0,1276.5595245361328,598.4607839584351,0.4784302711486816,0.4311992228031158,0.4986560642719269,0.4155977666378021,3.023910522460937,2.978607177734375,Saccade,,,,0.0,False,16,,,
2360.0,1269.6260070800781,576.8648386001587,0.4784878194332123,0.3898637294769287,0.4959476590156555,0.4006005823612213,2.991439819335937,2.9949493408203125,Fixation,1231.721461047865,545.5153930350526,288.0,12.0,True,17,word,image,11.0
2364.0,1260.9629821777344,558.1329345703125,0.4745126068592071,0.3769631385803222,0.4925636649131775,0.3875923156738281,3.006256103515625,3.022323608398437,Fixation,1231.721461047865,545.5153930350526,288.0,12.0,True,17,word,image,11.0
2368.0,1248.6787414550781,558.5504150390625,0.4757035672664642,0.3879880011081695,0.4877651333808899,0.3878822326660156,3.04345703125,3.036285400390625,Fixation,1231.721461047865,545.5153930350526,288.0,12.0,True,17,word,image,11.0
2372.0,1242.7845764160156,551.0135793685913,0.4732447862625122,0.3885341882705688,0.4854627251625061,0.3826483190059662,3.0457916259765625,3.0293121337890625,Fixation,1231.721461047865,545.5153930350526,288.0,12.0,True,17,word,image,11.0
2376.0,1243.1937408447266,560.723090171814,0.4722495973110199,0.3935408890247345,0.4856225550174713,0.3893910348415375,3.0597381591796875,3.0374755859375,Fixation,1231.721461047865,545.5153930350526,288.0,12.0,True,17,word,image,11.0
2380.0,1242.5814819335935,556.1735486984253,0.4724506735801697,0.3802215456962585,0.48538339138031,0.3862316310405731,3.047576904296875,3.0139312744140625,Fixation,1231.721461047865,545.5153930350526,288.0,12.0,True,17,word,image,11.0
2384.0,1239.2394256591795,561.4511489868164,0.472721517086029,0.3870213031768799,0.484077900648117,0.3898966312408447,3.0559234619140625,3.0313720703125,Fixation,1231.721461047865,545.5153930350526,288.0,12.0,True,17,word,image,11.0
2388.0,1237.4479675292969,541.0149908065796,0.4727015793323517,0.380607396364212,0.4833781123161316,0.3757048547267914,3.057281494140625,3.0221405029296875,Fixation,1231.721461047865,545.5153930350526,288.0,12.0,True,17,word,image,11.0
2392.0,1234.2276763916013,533.7414836883544,0.4721221029758453,0.3709373474121094,0.4821201860904693,0.3706538081169128,3.0655670166015625,3.030029296875,Fixation,1231.721461047865,545.5153930350526,288.0,12.0,True,17,word,image,11.0
2396.0,1239.8519134521484,521.1554002761841,0.4747962355613708,0.3720084726810455,0.4843171536922455,0.3619134724140167,3.05743408203125,3.02294921875,Fixation,1231.721461047865,545.5153930350526,288.0,12.0,True,17,word,image,11.0
2400.0,1241.5199279785154,532.6013946533202,0.4733052551746368,0.3669979274272918,0.4849687218666076,0.3698620796203613,3.03961181640625,3.028961181640625,Fixation,1231.721461047865,545.5153930350526,288.0,12.0,True,17,word,image,11.0
2404.0,1235.7292938232422,538.1072187423706,0.4733184576034546,0.374800831079483,0.482706755399704,0.3736855685710907,3.044921875,3.037582397460937,Fixation,1231.721461047865,545.5153930350526,288.0,12.0,True,17,word,image,11.0
2408.0,1232.8770446777344,541.1189746856688,0.4759862422943115,0.3757061064243316,0.48159259557724,0.3757770657539367,3.0493927001953125,3.031768798828125,Fixation,1231.721461047865,545.5153930350526,288.0,12.0,True,17,word,image,11.0
2412.0,1228.167724609375,543.1045818328856,0.4744637310504913,0.3725564479827881,0.4797530174255371,0.3771559596061706,3.045639038085937,3.039047241210937,Fixation,1231.721461047865,545.5153930350526,288.0,12.0,True,17,word,image,11.0
2416.0,1231.623764038086,549.2302751541138,0.4727206528186798,0.3756524920463562,0.4811030328273773,0.3814099133014679,3.0531463623046875,3.009140014648437,Fixation,1231.721461047865,545.5153930350526,288.0,12.0,True,17,word,image,11.0
2420.0,1232.3058319091797,547.9317855834961,0.4730057120323181,0.3717014789581299,0.4813694655895233,0.3805081844329834,3.0442657470703125,3.026031494140625,Fixation,1231.721461047865,545.5153930350526,288.0,12.0,True,17,word,image,11.0
2424.0,1231.8673706054685,544.3347930908202,0.4728254675865173,0.3742362856864929,0.4811981916427612,0.3780102729797363,3.058990478515625,3.0316925048828125,Fixation,1231.721461047865,545.5153930350526,288.0,12.0,True,17,word,image,11.0
2428.0,1232.796859741211,554.4925117492676,0.4732006192207336,0.3781550824642181,0.4815612733364105,0.3850642442703247,3.0638885498046875,3.03515625,Fixation,1231.721461047865,545.5153930350526,288.0,12.0,True,17,word,image,11.0
2432.0,1232.2612762451172,543.8524675369263,0.4731481373310089,0.3671597242355346,0.4813520610332489,0.377675324678421,3.028717041015625,3.0218658447265625,Fixation,1231.721461047865,545.5153930350526,288.0,12.0,True,17,word,image,11.0
2436.0,1233.3607482910156,548.3032178878784,0.4709001183509826,0.3660484552383423,0.481781542301178,0.3807661235332489,3.04547119140625,3.024444580078125,Fixation,1231.721461047865,545.5153930350526,288.0,12.0,True,17,word,image,11.0
2440.0,1228.5833740234375,539.2871332168579,0.4740626811981201,0.372678130865097,0.4799153804779053,0.374504953622818,3.0611724853515625,3.02215576171875,Fixation,1231.721461047865,545.5153930350526,288.0,12.0,True,17,word,image,11.0
2444.0,1225.2549743652344,539.96901512146,0.4719005227088928,0.3753218054771423,0.4786152243614197,0.3749784827232361,3.066314697265625,3.027450561523437,Fixation,1231.721461047865,545.5153930350526,288.0,12.0,True,17,word,image,11.0
2448.0,1225.8459472656248,543.2037591934204,0.4718959927558899,0.3725624978542328,0.4788460731506347,0.3772248327732086,3.045166015625,3.0282745361328125,Fixation,1231.721461047865,545.5153930350526,288.0,12.0,True,17,word,image,11.0
2452.0,1230.6781768798828,534.9712228775023,0.4700449109077453,0.3816971480846405,0.4807336628437042,0.3715077936649322,3.055511474609375,3.0138092041015625,Fixation,1231.721461047865,545.5153930350526,288.0,12.0,True,17,word,image,11.0
2456.0,1223.7554931640625,534.5766162872314,0.4705112874507904,0.377035915851593,0.4780294895172119,0.3712337613105774,3.049835205078125,3.005767822265625,Fixation,1231.721461047865,545.5153930350526,288.0,12.0,True,17,word,image,11.0
2460.0,1229.7338104248045,538.8796949386597,0.4700070023536682,0.3801607191562652,0.4803647696971893,0.3742220103740692,3.057952880859375,3.0009918212890625,Fixation,1231.721461047865,545.5153930350526,288.0,12.0,True,17,word,image,11.0
2464.0,1230.7153320312498,537.7884864807129,0.4734094440937042,0.3774775564670563,0.480748176574707,0.3734642267227173,3.0411529541015625,3.008087158203125,Fixation,1231.721461047865,545.5153930350526,288.0,12.0,True,17,word,image,11.0
2468.0,1234.5640563964844,537.1164751052855,0.4740592837333679,0.3851813673973083,0.4822515845298767,0.3729975521564483,3.069122314453125,3.003021240234375,Fixation,1231.721461047865,545.5153930350526,288.0,12.0,True,17,word,image,11.0
2472.0,1231.1869812011716,537.5408220291138,0.4704079627990722,0.3758817315101623,0.4809324145317077,0.3732922375202179,3.03955078125,3.0138092041015625,Fixation,1231.721461047865,545.5153930350526,288.0,12.0,True,17,word,image,11.0
2476.0,1226.8260192871094,532.9702520370482,0.4683454632759094,0.3793022036552429,0.4792289137840271,0.3701182305812835,3.0510711669921875,3.0016632080078125,Fixation,1231.721461047865,545.5153930350526,288.0,12.0,True,17,word,image,11.0
2480.0,1233.5109710693357,533.9215993881226,0.4720757901668548,0.3670473396778106,0.4818402230739593,0.370778888463974,3.0410614013671875,3.000106811523437,Fixation,1231.721461047865,545.5153930350526,288.0,12.0,True,17,word,image,11.0
2484.0,1225.5726623535154,537.674674987793,0.4727571308612823,0.3736509978771209,0.478739321231842,0.3733851909637451,3.041000366210937,2.996078491210937,Fixation,1231.721461047865,545.5153930350526,288.0,12.0,True,17,word,image,11.0
2488.0,1231.7715454101562,534.4644355773925,0.4695287644863128,0.3768754601478576,0.4811607599258423,0.3711558580398559,3.045989990234375,3.00286865234375,Fixation,1231.721461047865,545.5153930350526,288.0,12.0,True,17,word,image,11.0
2492.0,1225.9117889404295,540.9017372131347,0.4709779322147369,0.3755115270614624,0.4788717925548553,0.3756262063980102,3.031951904296875,2.9922027587890625,Fixation,1231.721461047865,545.5153930350526,288.0,12.0,True,17,word,image,11.0
2496.0,1226.708984375,540.1989555358886,0.4708713889122009,0.3753915429115295,0.4791831970214844,0.3751381635665893,3.0476226806640625,2.996551513671875,Fixation,1231.721461047865,545.5153930350526,288.0,12.0,True,17,word,image,11.0
2500.0,1238.9815521240232,538.6425018310547,0.4694166779518127,0.3780541718006134,0.4839771687984466,0.3740572929382324,3.045623779296875,3.00238037109375,Fixation,1231.721461047865,545.5153930350526,288.0,12.0,True,17,word,image,11.0
2504.0,1228.2026672363281,542.377381324768,0.4718301892280578,0.3738213777542114,0.4797666668891907,0.3766509592533111,3.0365142822265625,3.0196685791015625,Fixation,1231.721461047865,545.5153930350526,288.0,12.0,True,17,word,image,11.0
2508.0,1230.0592803955076,534.4194602966307,0.4717411398887634,0.3686310052871704,0.4804919064044952,0.3711246252059936,3.0357818603515625,2.9854736328125,Fixation,1231.721461047865,545.5153930350526,288.0,12.0,True,17,word,image,11.0
2512.0,1231.800765991211,536.9668722152709,0.4728744626045227,0.3781336843967438,0.4811721742153168,0.3728936612606048,3.0408935546875,2.979965209960937,Fixation,1231.721461047865,545.5153930350526,288.0,12.0,True,17,word,image,11.0
2516.0,1234.7008514404295,536.4283704757689,0.474029392004013,0.3706573843955993,0.4823050200939178,0.372519701719284,3.039520263671875,2.9900665283203125,Fixation,1231.721461047865,545.5153930350526,288.0,12.0,True,17,word,image,11.0
2520.0,1233.1369018554688,529.6716928482055,0.4717068076133728,0.36638343334198,0.4816941022872925,0.3678275644779205,3.024765014648437,2.98443603515625,Fixation,1231.721461047865,545.5153930350526,288.0,12.0,True,17,word,image,11.0
2524.0,1231.3788604736328,542.5727748870848,0.4699757099151611,0.3658119142055511,0.4810073673725128,0.3767866492271423,3.0217437744140625,2.996688842773437,Fixation,1231.721461047865,545.5153930350526,288.0,12.0,True,17,word,image,11.0
2528.0,1234.9413299560545,535.773696899414,0.4706255197525024,0.365904301404953,0.4823989570140838,0.3720650672912597,3.0234375,2.975936889648437,Fixation,1231.721461047865,545.5153930350526,288.0,12.0,True,17,word,image,11.0
2532.0,1234.1802978515625,540.5917167663573,0.4719825387001037,0.3651730120182037,0.4821016788482666,0.3754109144210815,3.01361083984375,2.980926513671875,Fixation,1231.721461047865,545.5153930350526,288.0,12.0,True,17,word,image,11.0
2536.0,1232.1897125244138,549.4576406478882,0.4714085459709167,0.3607185482978821,0.4813241064548492,0.3815678060054779,3.0006256103515625,2.9810943603515625,Fixation,1231.721461047865,545.5153930350526,288.0,12.0,True,17,word,image,11.0
2540.0,1228.9086151123047,542.9793977737426,0.4700213372707367,0.3668138980865478,0.480042427778244,0.3770690262317657,3.02923583984375,2.987411499023437,Fixation,1231.721461047865,545.5153930350526,288.0,12.0,True,17,word,image,11.0
2544.0,1230.7566833496091,549.3247318267822,0.4695623517036438,0.3673792779445648,0.4807643294334411,0.3814755082130432,3.0156402587890625,2.9744110107421875,Fixation,1231.721461047865,545.5153930350526,288.0,12.0,True,17,word,image,11.0
2548.0,1226.2081909179685,551.2672948837279,0.4695632755756378,0.3753146827220917,0.4789875745773315,0.3828245103359222,3.0420684814453125,2.982757568359375,Fixation,1231.721461047865,545.5153930350526,288.0,12.0,True,17,word,image,11.0
2552.0,1222.4959564208982,553.2307577133179,0.4706563353538513,0.3749913871288299,0.4775374829769134,0.3841880261898041,3.0406646728515625,2.989990234375,Fixation,1231.721461047865,545.5153930350526,288.0,12.0,True,17,word,image,11.0
2556.0,1222.729797363281,561.357421875,0.4695868790149688,0.3727885484695434,0.4776288270950317,0.38983154296875,3.0233917236328125,3.002304077148437,Fixation,1231.721461047865,545.5153930350526,288.0,12.0,True,17,word,image,11.0
2560.0,1228.1480407714844,551.5969276428222,0.4720946848392486,0.3745247721672058,0.4797453284263611,0.3830534219741821,3.0289459228515625,2.99017333984375,Fixation,1231.721461047865,545.5153930350526,288.0,12.0,True,17,word,image,11.0
2564.0,1233.7337493896484,546.9996213912963,0.4720051884651184,0.3811903297901153,0.4819272458553314,0.3798608481884002,3.0304718017578125,2.9973907470703125,Fixation,1231.721461047865,545.5153930350526,288.0,12.0,True,17,word,image,11.0
2568.0,1225.3118133544922,560.4456853866577,0.4704021513462066,0.3798468112945556,0.4786374270915985,0.3891983926296234,3.0373077392578125,2.9915008544921875,Fixation,1231.721461047865,545.5153930350526,288.0,12.0,True,17,word,image,11.0
2572.0,1222.4051666259766,558.3038234710693,0.4711169004440307,0.3770638108253479,0.4775020182132721,0.3877109885215759,3.033294677734375,2.9780426025390625,Fixation,1231.721461047865,545.5153930350526,288.0,12.0,True,17,word,image,11.0
2576.0,1224.5214080810547,561.5264225006102,0.4720605313777923,0.3773542046546936,0.478328675031662,0.3899489045143127,3.031280517578125,2.9871826171875,Fixation,1231.721461047865,545.5153930350526,288.0,12.0,True,17,word,image,11.0
2580.0,1227.7108001708984,560.7038640975952,0.4711128771305084,0.3830962479114532,0.4795745313167572,0.3893776834011078,3.0223541259765625,2.9865875244140625,Fixation,1231.721461047865,545.5153930350526,288.0,12.0,True,17,word,image,11.0
2584.0,1224.923400878906,557.2938537597656,0.4692025780677795,0.3736212849617004,0.4784857034683227,0.3870096206665039,3.0159454345703125,2.975006103515625,Fixation,1231.721461047865,545.5153930350526,288.0,12.0,True,17,word,image,11.0
2588.0,1225.7240295410154,553.8000726699828,0.4703139960765838,0.3799771666526794,0.4787984490394592,0.3845833837985992,3.02252197265625,2.96405029296875,Fixation,1231.721461047865,545.5153930350526,288.0,12.0,True,17,word,image,11.0
2592.0,1223.7304687499998,556.5831756591796,0.4700895547866821,0.3812504410743713,0.4780197143554687,0.3865160942077636,3.016815185546875,2.957977294921875,Fixation,1231.721461047865,545.5153930350526,288.0,12.0,True,17,word,image,11.0
2596.0,1217.2346496582031,542.8294944763184,0.469064861536026,0.3737817704677582,0.4754822850227356,0.3769649267196655,3.0135650634765625,2.9612274169921875,Fixation,1231.721461047865,545.5153930350526,288.0,12.0,True,17,word,image,11.0
2600.0,1231.4086151123047,533.2786846160888,0.4704562425613403,0.3731144964694977,0.481018990278244,0.3703324198722839,3.014617919921875,2.954132080078125,Fixation,1231.721461047865,545.5153930350526,288.0,12.0,True,17,word,image,11.0
2604.0,1226.823272705078,541.2221002578735,0.4705500900745392,0.3786172270774841,0.4792278409004211,0.3758486807346344,3.0092315673828125,2.9388885498046875,Fixation,1231.721461047865,545.5153930350526,288.0,12.0,True,17,word,image,11.0
2608.0,1223.5149383544922,546.1684370040894,0.4717244803905487,0.3767971098423004,0.4779355227947235,0.3792836368083954,3.000595092773437,2.9543914794921875,Fixation,1231.721461047865,545.5153930350526,288.0,12.0,True,17,word,image,11.0
2612.0,1217.860107421875,539.8025035858154,0.4698761105537414,0.3783228099346161,0.4757266044616699,0.3748628497123718,2.99713134765625,2.9469757080078125,Fixation,1231.721461047865,545.5153930350526,288.0,12.0,True,17,word,image,11.0
2616.0,1224.9472045898438,543.2584333419799,0.4731013476848602,0.376978725194931,0.4784950017929077,0.3772628009319305,3.0078582763671875,2.9583740234375,Fixation,1231.721461047865,545.5153930350526,288.0,12.0,True,17,word,image,11.0
2620.0,1230.5331420898438,546.3587236404419,0.4702472984790802,0.375902771949768,0.4806770086288452,0.3794157803058624,2.996429443359375,2.9442138671875,Fixation,1231.721461047865,545.5153930350526,288.0,12.0,True,17,word,image,11.0
2624.0,1227.2584533691404,543.1056547164916,0.4709792733192444,0.3730420172214508,0.4793978333473205,0.3771567046642303,2.988555908203125,2.9495849609375,Fixation,1231.721461047865,545.5153930350526,288.0,12.0,True,17,word,image,11.0
2628.0,1234.3927764892576,550.1123571395874,0.4712009131908417,0.3736234307289123,0.4821846783161163,0.3820224702358246,2.9967498779296875,2.94818115234375,Fixation,1231.721461047865,545.5153930350526,288.0,12.0,True,17,word,image,11.0
2632.0,1238.0902862548828,540.4954147338866,0.4684887826442718,0.3738914728164673,0.4836290180683136,0.3753440380096435,2.9961395263671875,2.9506072998046875,Fixation,1231.721461047865,545.5153930350526,288.0,12.0,True,17,word,image,11.0
2636.0,1228.7032318115232,550.1507663726807,0.4682423770427704,0.3714959025382995,0.4799621999263763,0.3820491433143616,3.001739501953125,2.943817138671875,Fixation,1231.721461047865,545.5153930350526,288.0,12.0,True,17,word,image,11.0
2640.0,1228.8250732421875,547.1174669265747,0.467368870973587,0.38467738032341,0.4800097942352295,0.3799426853656769,3.016098022460937,2.9470672607421875,Fixation,1231.721461047865,545.5153930350526,288.0,12.0,True,17,word,image,11.0
2644.0,1234.1686248779297,547.0706033706665,0.4699743688106537,0.3761065602302551,0.4820971190929413,0.3799101412296295,2.986679077148437,2.930648803710937,Fixation,1231.721461047865,545.5153930350526,288.0,12.0,True,17,word,image,11.0
2648.0,1233.3014678955076,573.9743614196776,0.4751603305339813,0.3906693160533905,0.4817583858966827,0.3985933065414428,2.98406982421875,2.915679931640625,Fixation,1231.721461047865,545.5153930350526,288.0,12.0,True,17,word,image,11.0
2652.0,1266.1779022216795,608.6888408660888,0.4835020303726196,0.4140412807464599,0.4946007430553436,0.4227005839347839,2.9532470703125,2.8911590576171875,Saccade,,,,0.0,False,18,,,
2656.0,1292.0552062988281,723.5273838043213,0.4965267479419708,0.4659241139888763,0.5047090649604797,0.5024495720863342,2.988128662109375,2.9423370361328125,Saccade,,,,0.0,False,18,,,
2660.0,1306.3328552246094,779.5656394958496,0.5043464303016663,0.4965274930000305,0.510286271572113,0.5413650274276733,2.9897613525390625,2.9555816650390625,Saccade,,,,0.0,False,18,,,
2664.0,1321.5959167480469,824.9069881439209,0.513035774230957,0.5427935123443604,0.5162484049797058,0.5728520750999451,2.9893341064453125,2.9405670166015625,Saccade,,,,0.0,False,18,,,
2668.0,1345.8277893066406,876.6131114959717,0.5230554342269897,0.5804141759872437,0.5257139801979065,0.6087591052055359,3.01885986328125,2.9429168701171875,Saccade,,,,0.0,False,18,,,
2672.0,1370.9896850585938,940.9666442871094,0.5294843912124634,0.6212062835693359,0.5355428457260132,0.6534490585327148,2.986801147460937,2.9589996337890625,Saccade,,,,0.0,False,18,,,
2676.0,1379.0739440917969,977.6642417907715,0.5274892449378967,0.6485079526901245,0.5387007594108582,0.6789335012435913,2.9929351806640625,2.943115234375,Saccade,,,,0.0,False,18,,,
2680.0,1367.0780944824219,1024.0188217163086,0.5298483371734619,0.6860219240188599,0.534014880657196,0.7111241817474365,3.017486572265625,2.95068359375,Saccade,,,,0.0,False,18,,,
2684.0,1369.12353515625,1063.2967472076416,0.5255135297775269,0.7128475904464722,0.5348138809204102,0.7384005188941956,3.006439208984375,2.9688720703125,Fixation,1406.5039986636743,1126.2294922069627,200.0,13.0,True,19,word,spoon,7.0
2688.0,1380.4763793945312,1083.4733963012695,0.5297815203666687,0.7263414263725281,0.5392485857009888,0.7524120807647705,3.0116729736328125,2.971908569335937,Fixation,1406.5039986636743,1126.2294922069627,200.0,13.0,True,19,word,spoon,7.0
2692.0,1395.28564453125,1109.2504978179932,0.5309703946113586,0.7421532273292542,0.5450334548950195,0.7703128457069397,3.010467529296875,2.9737548828125,Fixation,1406.5039986636743,1126.2294922069627,200.0,13.0,True,19,word,spoon,7.0
2696.0,1412.1908569335938,1113.4728527069092,0.5318345427513123,0.7538695931434631,0.5516370534896851,0.7732450366020203,3.0199737548828125,2.9562530517578125,Fixation,1406.5039986636743,1126.2294922069627,200.0,13.0,True,19,word,spoon,7.0
2700.0,1409.5657348632812,1120.6203174591064,0.5341925621032715,0.7521657943725586,0.5506116151809692,0.7782085537910461,3.014251708984375,2.97540283203125,Fixation,1406.5039986636743,1126.2294922069627,200.0,13.0,True,19,word,spoon,7.0
2704.0,1402.9598999023438,1114.121389389038,0.5323313474655151,0.7543809413909912,0.548031210899353,0.7736954092979431,3.017333984375,2.974029541015625,Fixation,1406.5039986636743,1126.2294922069627,200.0,13.0,True,19,word,spoon,7.0
2708.0,1409.8965454101562,1111.5659523010254,0.531032919883728,0.753706157207489,0.5507408380508423,0.7719208002090454,3.006378173828125,2.96343994140625,Fixation,1406.5039986636743,1126.2294922069627,200.0,13.0,True,19,word,spoon,7.0
2712.0,1402.6829528808594,1114.5841884613037,0.5313898921012878,0.7564201354980469,0.5479230284690857,0.774016797542572,2.986724853515625,2.96124267578125,Fixation,1406.5039986636743,1126.2294922069627,200.0,13.0,True,19,word,spoon,7.0
2716.0,1396.7218017578125,1119.9060344696045,0.5318475961685181,0.7581635117530823,0.5455944538116455,0.7777125239372253,3.004501342773437,2.96246337890625,Fixation,1406.5039986636743,1126.2294922069627,200.0,13.0,True,19,word,spoon,7.0
2720.0,1404.249267578125,1124.9999141693115,0.5304270386695862,0.7562283873558044,0.5485348701477051,0.7812499403953552,3.00103759765625,2.9619903564453125,Fixation,1406.5039986636743,1126.2294922069627,200.0,13.0,True,19,word,spoon,7.0
2724.0,1401.0690307617188,1122.7556133270264,0.5295085310935974,0.7602540254592896,0.5472925901412964,0.7796913981437683,3.000946044921875,2.9685821533203125,Fixation,1406.5039986636743,1126.2294922069627,200.0,13.0,True,19,word,spoon,7.0
2728.0,1400.7472229003906,1126.0183811187744,0.5374594330787659,0.756517767906189,0.5471668839454651,0.78195720911026,2.98907470703125,2.974151611328125,Fixation,1406.5039986636743,1126.2294922069627,200.0,13.0,True,19,word,spoon,7.0
2732.0,1409.8095703125,1126.8987464904785,0.5315126180648804,0.7577103972434998,0.5507068634033203,0.7825685739517212,3.0020904541015625,2.9644927978515625,Fixation,1406.5039986636743,1126.2294922069627,200.0,13.0,True,19,word,spoon,7.0
2736.0,1411.8275451660156,1124.3392753601074,0.5316193103790283,0.7546926736831665,0.5514951348304749,0.780791163444519,2.9854278564453125,2.97735595703125,Fixation,1406.5039986636743,1126.2294922069627,200.0,13.0,True,19,word,spoon,7.0
2740.0,1416.0520935058594,1124.4000434875488,0.5320733189582825,0.7548336386680603,0.5531453490257263,0.78083336353302,2.99517822265625,2.97906494140625,Fixation,1406.5039986636743,1126.2294922069627,200.0,13.0,True,19,word,spoon,7.0
2744.0,1406.8190002441406,1125.2583503723145,0.5383855104446411,0.7546204328536987,0.5495386719703674,0.7814294099807739,3.006805419921875,2.984237670898437,Fixation,1406.5039986636743,1126.2294922069627,200.0,13.0,True,19,word,spoon,7.0
2748.0,1414.2910766601562,1126.4106273651123,0.5334845781326294,0.7586296200752258,0.5524574518203735,0.7822296023368835,2.997802734375,2.97491455078125,Fixation,1406.5039986636743,1126.2294922069627,200.0,13.0,True,19,word,spoon,7.0
2752.0,1409.1229248046875,1126.9484424591064,0.5339916348457336,0.7585206627845764,0.550438642501831,0.7826030850410461,3.0138092041015625,2.97650146484375,Fixation,1406.5039986636743,1126.2294922069627,200.0,13.0,True,19,word,spoon,7.0
2756.0,1411.1013793945312,1128.0043315887451,0.5305931568145752,0.7553294897079468,0.5512114763259888,0.783336341381073,2.985458374023437,2.97259521484375,Fixation,1406.5039986636743,1126.2294922069627,200.0,13.0,True,19,word,spoon,7.0
2760.0,1418.7971496582031,1131.1390399932861,0.532162070274353,0.7541385293006897,0.5542176365852356,0.7855132222175598,2.99737548828125,2.9658660888671875,Fixation,1406.5039986636743,1126.2294922069627,200.0,13.0,True,19,word,spoon,7.0
2764.0,1406.9252014160156,1133.8323211669922,0.533170759677887,0.7547407150268555,0.5495801568031311,0.7873835563659668,2.996124267578125,2.979705810546875,Fixation,1406.5039986636743,1126.2294922069627,200.0,13.0,True,19,word,spoon,7.0
2768.0,1406.0379028320312,1128.2660293579102,0.5328580141067505,0.7543769478797913,0.5492335557937622,0.7835180759429932,2.979583740234375,2.98382568359375,Fixation,1406.5039986636743,1126.2294922069627,200.0,13.0,True,19,word,spoon,7.0
2772.0,1407.1209716796875,1126.6541290283203,0.5339848399162292,0.7613725066184998,0.5496566295623779,0.7823987007141113,3.001739501953125,2.971099853515625,Fixation,1406.5039986636743,1126.2294922069627,200.0,13.0,True,19,word,spoon,7.0
2776.0,1402.4169921875,1127.8389358520508,0.5337330102920532,0.7594587206840515,0.5478191375732422,0.7832214832305908,2.977279663085937,2.96905517578125,Fixation,1406.5039986636743,1126.2294922069627,200.0,13.0,True,19,word,spoon,7.0
2780.0,1408.4828186035156,1133.7104415893555,0.5350168347358704,0.7598958611488342,0.5501886010169983,0.7872989177703857,2.98687744140625,2.9694366455078125,Fixation,1406.5039986636743,1126.2294922069627,200.0,13.0,True,19,word,spoon,7.0
2784.0,1406.7828369140625,1136.3242435455322,0.5328697562217712,0.7577160596847534,0.5495245456695557,0.7891140580177307,2.99127197265625,2.990020751953125,Fixation,1406.5039986636743,1126.2294922069627,200.0,13.0,True,19,word,spoon,7.0
2788.0,1405.4107666015625,1134.5663452148438,0.5342055559158325,0.7595533728599548,0.5489885807037354,0.7878932952880859,2.9991607666015625,2.9747467041015625,Fixation,1406.5039986636743,1126.2294922069627,200.0,13.0,True,19,word,spoon,7.0
2792.0,1400.4193115234375,1134.4640350341797,0.5347685217857361,0.7598084807395935,0.5470387935638428,0.7878222465515137,2.9848785400390625,2.978988647460937,Fixation,1406.5039986636743,1126.2294922069627,200.0,13.0,True,19,word,spoon,7.0
2796.0,1405.4931640625,1134.4711589813232,0.5356141924858093,0.7599048018455505,0.5490207672119141,0.78782719373703,2.9995269775390625,2.97991943359375,Fixation,1406.5039986636743,1126.2294922069627,200.0,13.0,True,19,word,spoon,7.0
2800.0,1400.9132385253906,1134.2561531066895,0.5344144701957703,0.7572635412216187,0.5472317337989807,0.7876778841018677,3.005523681640625,2.987030029296875,Fixation,1406.5039986636743,1126.2294922069627,200.0,13.0,True,19,word,spoon,7.0
2804.0,1400.0309753417969,1131.4652824401855,0.5322824120521545,0.7596700191497803,0.5468870997428894,0.7857397794723511,2.980926513671875,2.9713897705078125,Fixation,1406.5039986636743,1126.2294922069627,200.0,13.0,True,19,word,spoon,7.0
2808.0,1405.2737426757812,1132.9309272766113,0.5334437489509583,0.7599486708641052,0.548935055732727,0.7867575883865356,2.984954833984375,2.984481811523437,Fixation,1406.5039986636743,1126.2294922069627,200.0,13.0,True,19,word,spoon,7.0
2812.0,1400.0331115722656,1135.621976852417,0.5326600074768066,0.7625422477722168,0.5468879342079163,0.7886263728141785,3.011581420898437,2.9805145263671875,Fixation,1406.5039986636743,1126.2294922069627,200.0,13.0,True,19,word,spoon,7.0
2816.0,1399.6893310546875,1130.4437255859375,0.5328276753425598,0.761770486831665,0.5467536449432373,0.7850303649902344,2.9904937744140625,2.9927520751953125,Fixation,1406.5039986636743,1126.2294922069627,200.0,13.0,True,19,word,spoon,7.0
2820.0,1397.2627258300781,1138.8304138183594,0.5298144221305847,0.765960156917572,0.5458057522773743,0.7908544540405273,2.9944305419921875,2.993881225585937,Fixation,1406.5039986636743,1126.2294922069627,200.0,13.0,True,19,word,spoon,7.0
2824.0,1399.4935607910156,1129.9077987670898,0.5322325825691223,0.7628085613250732,0.5466771721839905,0.7846581935882568,2.995147705078125,2.9828643798828125,Fixation,1406.5039986636743,1126.2294922069627,200.0,13.0,True,19,word,spoon,7.0
2828.0,1397.0350646972656,1136.4503288269043,0.5323537588119507,0.7617086172103882,0.5457168221473694,0.7892016172409058,2.98419189453125,2.970123291015625,Fixation,1406.5039986636743,1126.2294922069627,200.0,13.0,True,19,word,spoon,7.0
2832.0,1396.4747619628906,1132.8364276885986,0.5322901010513306,0.758826732635498,0.5454979538917542,0.7866919636726379,2.9811553955078125,2.96575927734375,Fixation,1406.5039986636743,1126.2294922069627,200.0,13.0,True,19,word,spoon,7.0
2836.0,1404.786376953125,1128.6911487579346,0.5307947993278503,0.7584953308105469,0.5487446784973145,0.7838132977485657,2.98565673828125,2.985931396484375,Fixation,1406.5039986636743,1126.2294922069627,200.0,13.0,True,19,word,spoon,7.0
2840.0,1394.9430847167969,1140.6509685516357,0.5340554714202881,0.7637538313865662,0.5448996424674988,0.7921187281608582,2.9958648681640625,2.992706298828125,Fixation,1406.5039986636743,1126.2294922069627,200.0,13.0,True,19,word,spoon,7.0
2844.0,1401.0676574707031,1136.6370964050293,0.532149076461792,0.7642103433609009,0.5472920536994934,0.789331316947937,2.9954071044921875,2.9820709228515625,Fixation,1406.5039986636743,1126.2294922069627,200.0,13.0,True,19,word,spoon,7.0
2848.0,1406.3331604003906,1133.023796081543,0.5371885895729065,0.7621751427650452,0.5493488907814026,0.7868220806121826,3.0222930908203125,2.970977783203125,Fixation,1406.5039986636743,1126.2294922069627,200.0,13.0,True,19,word,spoon,7.0
2852.0,1396.7376708984375,1133.0542659759521,0.5322886109352112,0.759100079536438,0.5456006526947021,0.7868432402610779,2.9867401123046875,2.989593505859375,Fixation,1406.5039986636743,1126.2294922069627,200.0,13.0,True,19,word,spoon,7.0
2856.0,1402.7621459960938,1134.0785694122314,0.5316213369369507,0.7615601420402527,0.5479539632797241,0.7875545620918274,3.004608154296875,2.982528686523437,Fixation,1406.5039986636743,1126.2294922069627,200.0,13.0,True,19,word,spoon,7.0
2860.0,1406.4801025390625,1137.406997680664,0.5320004820823669,0.7598200440406799,0.5494062900543213,0.7898659706115723,2.999053955078125,2.9757080078125,Fixation,1406.5039986636743,1126.2294922069627,200.0,13.0,True,19,word,spoon,7.0
2864.0,1402.0614624023438,1126.589069366455,0.5353747606277466,0.7601342797279358,0.5476802587509155,0.7823535203933716,3.0113983154296875,2.9766387939453125,Fixation,1406.5039986636743,1126.2294922069627,200.0,13.0,True,19,word,spoon,7.0
2868.0,1396.2614440917969,1137.6612281799316,0.5339664220809937,0.7591648697853088,0.5454146265983582,0.790042519569397,2.992279052734375,2.989654541015625,Fixation,1406.5039986636743,1126.2294922069627,200.0,13.0,True,19,word,spoon,7.0
2872.0,1408.6239624023438,1137.7556419372559,0.53191077709198,0.7563217878341675,0.5502437353134155,0.7901080846786499,3.0045928955078125,2.9886016845703125,Fixation,1406.5039986636743,1126.2294922069627,200.0,13.0,True,19,word,spoon,7.0
2876.0,1429.6710205078125,1128.8366317749023,0.5431396961212158,0.7520026564598083,0.5584652423858643,0.78391432762146,3.0006866455078125,2.986297607421875,Fixation,1406.5039986636743,1126.2294922069627,200.0,13.0,True,19,word,spoon,7.0
2880.0,1473.8279724121094,1123.6437034606934,0.5484176278114319,0.744421660900116,0.5757140517234802,0.7803081274032593,2.9870147705078125,2.963470458984375,Fixation,1406.5039986636743,1126.2294922069627,200.0,13.0,True,19,word,spoon,7.0
2884.0,1482.6654052734375,1112.4493217468262,0.5569673776626587,0.7371296286582947,0.5791661739349365,0.7725342512130737,2.9826812744140625,2.99432373046875,Fixation,1406.5039986636743,1126.2294922069627,200.0,13.0,True,19,word,spoon,7.0
2888.0,1498.5554504394531,1107.815408706665,0.5631427764892578,0.7386359572410583,0.5853732228279114,0.7693162560462952,2.9773712158203125,2.9860382080078125,Fixation,1505.3830900646392,1113.9119284493584,248.0,14.0,True,20,word,spoon,7.0
2892.0,1502.5639343261719,1113.6335277557373,0.5713310241699219,0.7390496730804443,0.5869390368461609,0.7733566164970398,2.97247314453125,2.9945220947265625,Fixation,1505.3830900646392,1113.9119284493584,248.0,14.0,True,20,word,spoon,7.0
2896.0,1496.2228393554688,1120.3761291503906,0.5732744932174683,0.7408455014228821,0.58446204662323,0.7780389785766602,2.97393798828125,2.9916534423828125,Fixation,1505.3830900646392,1113.9119284493584,248.0,14.0,True,20,word,spoon,7.0
2900.0,1503.9364624023438,1115.581455230713,0.5763360261917114,0.7382153272628784,0.5874751806259155,0.7747093439102173,2.99786376953125,2.9932861328125,Fixation,1505.3830900646392,1113.9119284493584,248.0,14.0,True,20,word,spoon,7.0
2904.0,1498.3940124511719,1115.100975036621,0.5760815143585205,0.7397437691688538,0.585310161113739,0.7743756771087646,2.9798126220703125,2.985321044921875,Fixation,1505.3830900646392,1113.9119284493584,248.0,14.0,True,20,word,spoon,7.0
2908.0,1490.5783081054688,1118.8379573822021,0.5738480687141418,0.7365237474441528,0.5822571516036987,0.7769708037376404,2.9803009033203125,2.991455078125,Fixation,1505.3830900646392,1113.9119284493584,248.0,14.0,True,20,word,spoon,7.0
2912.0,1495.5894470214844,1104.5227718353271,0.5752095580101013,0.7336880564689636,0.5842146277427673,0.7670297026634216,2.9759521484375,2.986419677734375,Fixation,1505.3830900646392,1113.9119284493584,248.0,14.0,True,20,word,spoon,7.0
2916.0,1497.5019836425781,1112.5736904144287,0.581779956817627,0.7327319383621216,0.5849617123603821,0.7726206183433533,2.979339599609375,2.9783935546875,Fixation,1505.3830900646392,1113.9119284493584,248.0,14.0,True,20,word,spoon,7.0
2920.0,1499.9667358398438,1115.3683376312256,0.5776230692863464,0.7348920702934265,0.585924506187439,0.77456134557724,2.98486328125,2.979598999023437,Fixation,1505.3830900646392,1113.9119284493584,248.0,14.0,True,20,word,spoon,7.0
2924.0,1497.2222900390625,1113.5163688659668,0.5773358345031738,0.7360836267471313,0.5848524570465088,0.7732752561569214,2.989776611328125,2.984893798828125,Fixation,1505.3830900646392,1113.9119284493584,248.0,14.0,True,20,word,spoon,7.0
2928.0,1498.2893371582031,1110.1905155181885,0.5795234441757202,0.7388637661933899,0.5852692723274231,0.7709656357765198,2.978790283203125,2.98382568359375,Fixation,1505.3830900646392,1113.9119284493584,248.0,14.0,True,20,word,spoon,7.0
2932.0,1509.188232421875,1110.4630279541016,0.5775283575057983,0.736050009727478,0.5895266532897949,0.7711548805236816,2.977020263671875,2.9594268798828125,Fixation,1505.3830900646392,1113.9119284493584,248.0,14.0,True,20,word,spoon,7.0
2936.0,1492.5241088867188,1121.1027717590332,0.5789859294891357,0.7369860410690308,0.5830172300338745,0.7785435914993286,2.9698944091796875,2.980438232421875,Fixation,1505.3830900646392,1113.9119284493584,248.0,14.0,True,20,word,spoon,7.0
2940.0,1501.4726257324219,1118.4058856964111,0.5795526504516602,0.7345607876777649,0.5865127444267273,0.7766707539558411,2.9644775390625,2.9790191650390625,Fixation,1505.3830900646392,1113.9119284493584,248.0,14.0,True,20,word,spoon,7.0
2944.0,1505.0395202636719,1117.7540016174316,0.5781151056289673,0.7339993119239807,0.5879060626029968,0.776218056678772,2.971954345703125,2.990692138671875,Fixation,1505.3830900646392,1113.9119284493584,248.0,14.0,True,20,word,spoon,7.0
2948.0,1501.8975830078125,1116.1976337432861,0.5762790441513062,0.7362180948257446,0.5866787433624268,0.7751372456550598,2.978118896484375,2.9868316650390625,Fixation,1505.3830900646392,1113.9119284493584,248.0,14.0,True,20,word,spoon,7.0
2952.0,1504.2814636230469,1115.445671081543,0.5789855122566223,0.7367264032363892,0.5876099467277527,0.7746150493621826,2.98370361328125,2.9755859375,Fixation,1505.3830900646392,1113.9119284493584,248.0,14.0,True,20,word,spoon,7.0
2956.0,1498.4713745117188,1122.4049091339111,0.5797454118728638,0.7305673360824585,0.5853403806686401,0.7794478535652161,2.9384918212890625,2.992431640625,Fixation,1505.3830900646392,1113.9119284493584,248.0,14.0,True,20,word,spoon,7.0
2960.0,1496.3493347167969,1114.2521953582764,0.5804455280303955,0.731600821018219,0.5845114588737488,0.7737862467765808,2.9590301513671875,2.9791259765625,Fixation,1505.3830900646392,1113.9119284493584,248.0,14.0,True,20,word,spoon,7.0
2964.0,1508.0308532714844,1116.816816329956,0.5790095329284668,0.7330609560012817,0.5890745520591736,0.7755672335624695,2.9580841064453125,2.9769439697265625,Fixation,1505.3830900646392,1113.9119284493584,248.0,14.0,True,20,word,spoon,7.0
2968.0,1504.1172790527344,1118.0320072174072,0.5779622793197632,0.7371544241905212,0.5875458121299744,0.7764111161231995,2.95166015625,2.9810791015625,Fixation,1505.3830900646392,1113.9119284493584,248.0,14.0,True,20,word,spoon,7.0
2972.0,1506.6139221191406,1120.2965641021729,0.5773158073425293,0.7335319519042969,0.5885210633277893,0.7779837250709534,2.95147705078125,2.971435546875,Fixation,1505.3830900646392,1113.9119284493584,248.0,14.0,True,20,word,spoon,7.0
2976.0,1506.8986511230469,1112.7819156646729,0.5775346159934998,0.736822783946991,0.5886322855949402,0.7727652192115784,2.951995849609375,2.9789581298828125,Fixation,1505.3830900646392,1113.9119284493584,248.0,14.0,True,20,word,spoon,7.0
2980.0,1502.0841979980469,1113.1647205352783,0.5774800777435303,0.7371222376823425,0.5867516398429871,0.7730310559272766,2.958847045898437,2.9697265625,Fixation,1505.3830900646392,1113.9119284493584,248.0,14.0,True,20,word,spoon,7.0
2984.0,1506.453857421875,1115.1903247833252,0.5801957845687866,0.7316191792488098,0.5884585380554199,0.7744377255439758,2.94085693359375,2.9593963623046875,Fixation,1505.3830900646392,1113.9119284493584,248.0,14.0,True,20,word,spoon,7.0
2988.0,1498.45703125,1117.8030109405518,0.5777048468589783,0.7297102212905884,0.5853347778320312,0.7762520909309387,2.94873046875,2.971893310546875,Fixation,1505.3830900646392,1113.9119284493584,248.0,14.0,True,20,word,spoon,7.0
2992.0,1496.7375183105469,1119.3744850158691,0.5762722492218018,0.7335490584373474,0.5846630930900574,0.7773433923721313,2.94049072265625,2.95916748046875,Fixation,1505.3830900646392,1113.9119284493584,248.0,14.0,True,20,word,spoon,7.0
2996.0,1507.7128601074219,1119.4446086883545,0.5791735053062439,0.7322521209716797,0.5889503359794617,0.7773920893669128,2.9449005126953125,2.947052001953125,Fixation,1505.3830900646392,1113.9119284493584,248.0,14.0,True,20,word,spoon,7.0
3000.0,1504.7102355957031,1122.6059246063232,0.5797253251075745,0.7322233319282532,0.5877774357795715,0.77958744764328,2.9451904296875,2.9616851806640625,Fixation,1505.3830900646392,1113.9119284493584,248.0,14.0,True,20,word,spoon,7.0
3004.0,1496.4364624023438,1114.121904373169,0.5796128511428833,0.7304847240447998,0.5845454931259155,0.7736957669258118,2.929443359375,2.959259033203125,Fixation,1505.3830900646392,1113.9119284493584,248.0,14.0,True,20,word,spoon,7.0
3008.0,1495.0981140136719,1110.2614116668701,0.5798546075820923,0.7267780900001526,0.5840227007865906,0.7710148692131042,2.936508178710937,2.969818115234375,Fixation,1505.3830900646392,1113.9119284493584,248.0,14.0,True,20,word,spoon,7.0
3012.0,1499.4960021972656,1110.6429290771484,0.5794612169265747,0.7310036420822144,0.5857406258583069,0.7712798118591309,2.9281768798828125,2.964828491210937,Fixation,1505.3830900646392,1113.9119284493584,248.0,14.0,True,20,word,spoon,7.0
3016.0,1505.4562377929688,1115.3491115570068,0.5789349675178528,0.7335640788078308,0.5880688428878784,0.7745479941368103,2.9379119873046875,2.9384002685546875,Fixation,1505.3830900646392,1113.9119284493584,248.0,14.0,True,20,word,spoon,7.0
3020.0,1502.9347229003906,1107.7459716796875,0.5761576294898987,0.7391648888587952,0.5870838761329651,0.7692680358886719,2.9459381103515625,2.929931640625,Fixation,1505.3830900646392,1113.9119284493584,248.0,14.0,True,20,word,spoon,7.0
3024.0,1493.6497497558594,1112.693853378296,0.5794675946235657,0.7321260571479797,0.5834569334983826,0.7727040648460388,2.926620483398437,2.94744873046875,Fixation,1505.3830900646392,1113.9119284493584,248.0,14.0,True,20,word,spoon,7.0
3028.0,1493.8414001464844,1106.8516159057617,0.5734966397285461,0.7361099123954773,0.5835317969322205,0.7686469554901123,2.927520751953125,2.95574951171875,Fixation,1505.3830900646392,1113.9119284493584,248.0,14.0,True,20,word,spoon,7.0
3032.0,1492.7568054199219,1113.9274978637695,0.5806913375854492,0.7355971932411194,0.583108127117157,0.7735607624053955,2.932769775390625,2.93218994140625,Fixation,1505.3830900646392,1113.9119284493584,248.0,14.0,True,20,word,spoon,7.0
3036.0,1490.9831237792969,1114.4056606292725,0.5780150294303894,0.7255595922470093,0.5824152827262878,0.7738928198814392,2.9256744384765625,2.9468536376953125,Fixation,1505.3830900646392,1113.9119284493584,248.0,14.0,True,20,word,spoon,7.0
3040.0,1494.3782043457031,1111.5936756134033,0.5778915286064148,0.7284377813339233,0.5837414860725403,0.7719400525093079,2.9188385009765625,2.95257568359375,Fixation,1505.3830900646392,1113.9119284493584,248.0,14.0,True,20,word,spoon,7.0
3044.0,1492.5717163085938,1108.709421157837,0.5745368599891663,0.7350161075592041,0.5830358266830444,0.7699370980262756,2.939117431640625,2.94769287109375,Fixation,1505.3830900646392,1113.9119284493584,248.0,14.0,True,20,word,spoon,7.0
3048.0,1495.953369140625,1115.853967666626,0.572921872138977,0.7329109311103821,0.5843567848205566,0.7748985886573792,2.9210205078125,2.943603515625,Fixation,1505.3830900646392,1113.9119284493584,248.0,14.0,True,20,word,spoon,7.0
3052.0,1504.049072265625,1111.5836334228516,0.5743950605392456,0.7321239709854126,0.5875191688537598,0.7719330787658691,2.9307403564453125,2.941619873046875,Fixation,1505.3830900646392,1113.9119284493584,248.0,14.0,True,20,word,spoon,7.0
3056.0,1500.8636474609375,1108.7665843963623,0.5755506157875061,0.7310885787010193,0.5862748622894287,0.769976794719696,2.92376708984375,2.9417266845703125,Fixation,1505.3830900646392,1113.9119284493584,248.0,14.0,True,20,word,spoon,7.0
3060.0,1503.6865234375,1108.5086631774902,0.5754381418228149,0.7272389531135559,0.5873775482177734,0.769797682762146,2.90350341796875,2.9324951171875,Fixation,1505.3830900646392,1113.9119284493584,248.0,14.0,True,20,word,spoon,7.0
3064.0,1504.8457336425781,1112.1579265594482,0.5760039687156677,0.7293751239776611,0.5878303647041321,0.7723318934440613,2.905120849609375,2.927276611328125,Fixation,1505.3830900646392,1113.9119284493584,248.0,14.0,True,20,word,spoon,7.0
3068.0,1504.5318603515625,1114.1308307647705,0.5751282572746277,0.7320241332054138,0.5877077579498291,0.7737019658088684,2.904205322265625,2.9367828369140625,Fixation,1505.3830900646392,1113.9119284493584,248.0,14.0,True,20,word,spoon,7.0
3072.0,1511.4413452148438,1117.5577068328857,0.5760793685913086,0.7256096601486206,0.5904067754745483,0.7760817408561707,2.915283203125,2.944732666015625,Fixation,1505.3830900646392,1113.9119284493584,248.0,14.0,True,20,word,spoon,7.0
3076.0,1507.506103515625,1109.5198345184326,0.5773554444313049,0.7305265069007874,0.588869571685791,0.7704998850822449,2.914779663085937,2.933135986328125,Fixation,1505.3830900646392,1113.9119284493584,248.0,14.0,True,20,word,spoon,7.0
3080.0,1505.6642150878906,1109.7402477264404,0.571431577205658,0.729769229888916,0.5881500840187073,0.7706529498100281,2.9176177978515625,2.929306030273437,Fixation,1505.3830900646392,1113.9119284493584,248.0,14.0,True,20,word,spoon,7.0
3084.0,1506.3287353515625,1111.204433441162,0.5736439228057861,0.7340884804725647,0.5884096622467041,0.7716697454452515,2.9226531982421875,2.929107666015625,Fixation,1505.3830900646392,1113.9119284493584,248.0,14.0,True,20,word,spoon,7.0
3088.0,1504.7802734375,1111.9829177856445,0.5757572650909424,0.7316781878471375,0.5878047943115234,0.7722103595733643,2.9155426025390625,2.9335174560546875,Fixation,1505.3830900646392,1113.9119284493584,248.0,14.0,True,20,word,spoon,7.0
3092.0,1511.9285583496094,1111.6262912750244,0.5772574543952942,0.7301312685012817,0.5905970931053162,0.7719627022743225,2.906967163085937,2.929840087890625,Fixation,1505.3830900646392,1113.9119284493584,248.0,14.0,True,20,word,spoon,7.0
3096.0,1508.8192749023438,1119.1942405700684,0.5769413113594055,0.7319812178611755,0.589382529258728,0.777218222618103,2.924530029296875,2.9325103759765625,Fixation,1505.3830900646392,1113.9119284493584,248.0,14.0,True,20,word,spoon,7.0
3100.0,1516.0665893554688,1110.6483364105225,0.5737796425819397,0.7269314527511597,0.59221351146698,0.7712835669517517,2.8997955322265625,2.920867919921875,Fixation,1505.3830900646392,1113.9119284493584,248.0,14.0,True,20,word,spoon,7.0
3104.0,1514.3626403808594,1107.8650188446045,0.5770364999771118,0.7292375564575195,0.5915479063987732,0.7693507075309753,2.903472900390625,2.919921875,Fixation,1505.3830900646392,1113.9119284493584,248.0,14.0,True,20,word,spoon,7.0
3108.0,1507.9582214355469,1118.0341529846191,0.5764825344085693,0.7297114729881287,0.5890461802482605,0.7764126062393188,2.909271240234375,2.9332733154296875,Fixation,1505.3830900646392,1113.9119284493584,248.0,14.0,True,20,word,spoon,7.0
3112.0,1514.6267700195312,1112.571029663086,0.5773587226867676,0.7311859726905823,0.5916510820388794,0.7726187705993652,2.901519775390625,2.925262451171875,Fixation,1505.3830900646392,1113.9119284493584,248.0,14.0,True,20,word,spoon,7.0
3116.0,1519.6917724609375,1113.3607578277588,0.5705826878547668,0.7296872735023499,0.5936295986175537,0.7731671929359436,2.8988800048828125,2.904037475585937,Fixation,1505.3830900646392,1113.9119284493584,248.0,14.0,True,20,word,spoon,7.0
3120.0,1518.2569885253906,1115.2750396728516,0.5768511295318604,0.732539713382721,0.5930691361427307,0.7744965553283691,2.9111785888671875,2.909698486328125,Fixation,1505.3830900646392,1113.9119284493584,248.0,14.0,True,20,word,spoon,7.0
3124.0,1515.4026794433594,1111.7973518371582,0.5788247585296631,0.7263874411582947,0.5919541716575623,0.7720814943313599,2.896636962890625,2.92218017578125,Fixation,1505.3830900646392,1113.9119284493584,248.0,14.0,True,20,word,spoon,7.0
3128.0,1522.5918579101562,1114.913091659546,0.579623818397522,0.7364956140518188,0.5947624444961548,0.7742452025413513,2.89794921875,2.93603515625,Fixation,1505.3830900646392,1113.9119284493584,248.0,14.0,True,20,word,spoon,7.0
3132.0,1561.8804931640625,1111.259708404541,0.5891925692558289,0.72947096824646,0.6101095676422119,0.7717081308364868,2.9067535400390625,2.9123687744140625,Fixation,1505.3830900646392,1113.9119284493584,248.0,14.0,True,20,word,spoon,7.0
3136.0,1590.4339599609375,1113.543062210083,0.5997610688209534,0.7179431319236755,0.6212632656097412,0.7732937932014465,2.891815185546875,2.9327392578125,Fixation,1505.3830900646392,1113.9119284493584,248.0,14.0,True,20,word,spoon,7.0
3140.0,1620.211181640625,1106.2522602081299,0.6150197386741638,0.7191430926322937,0.6328949928283691,0.7682307362556458,2.8987579345703125,2.937103271484375,Fixation,1699.5895902989275,1102.3740791062178,232.0,15.0,True,21,word,keyboard,10.0
3144.0,1652.928466796875,1101.1566638946533,0.6246568560600281,0.7187395095825195,0.6456751823425293,0.7646921277046204,2.89794921875,2.92315673828125,Fixation,1699.5895902989275,1102.3740791062178,232.0,15.0,True,21,word,keyboard,10.0
3148.0,1682.4911499023438,1104.7212982177734,0.6378105878829956,0.7222028374671936,0.657223105430603,0.7671675682067871,2.898422241210937,2.9260406494140625,Fixation,1699.5895902989275,1102.3740791062178,232.0,15.0,True,21,word,keyboard,10.0
3152.0,1688.4976196289062,1098.847303390503,0.6511468887329102,0.7291440367698669,0.6595693826675415,0.7630884051322937,2.9051666259765625,2.9199676513671875,Fixation,1699.5895902989275,1102.3740791062178,232.0,15.0,True,21,word,keyboard,10.0
3156.0,1700.457763671875,1104.9662590026855,0.6504113078117371,0.7235300540924072,0.6642413139343262,0.7673376798629761,2.890167236328125,2.9241485595703125,Fixation,1699.5895902989275,1102.3740791062178,232.0,15.0,True,21,word,keyboard,10.0
3160.0,1711.6778564453125,1114.8731803894043,0.6549668312072754,0.7281376123428345,0.6686241626739502,0.7742174863815308,2.890869140625,2.924468994140625,Fixation,1699.5895902989275,1102.3740791062178,232.0,15.0,True,21,word,keyboard,10.0
3164.0,1711.0118103027344,1109.3188190460205,0.6545246839523315,0.7232769727706909,0.6683639883995056,0.7703602910041809,2.909332275390625,2.9076690673828125,Fixation,1699.5895902989275,1102.3740791062178,232.0,15.0,True,21,word,keyboard,10.0
3168.0,1707.1551513671875,1100.6742095947266,0.6555485129356384,0.7190170288085938,0.6668574810028076,0.7643570899963379,2.8763885498046875,2.918609619140625,Fixation,1699.5895902989275,1102.3740791062178,232.0,15.0,True,21,word,keyboard,10.0
3172.0,1696.8353271484375,1102.3359775543213,0.6516903042793274,0.7175146341323853,0.6628262996673584,0.7655110955238342,2.867645263671875,2.9226226806640625,Fixation,1699.5895902989275,1102.3740791062178,232.0,15.0,True,21,word,keyboard,10.0
3176.0,1702.8543090820312,1102.1016597747803,0.6563904881477356,0.7229644060134888,0.6651774644851685,0.7653483748435974,2.87139892578125,2.9197998046875,Fixation,1699.5895902989275,1102.3740791062178,232.0,15.0,True,21,word,keyboard,10.0
3180.0,1707.943115234375,1101.6145706176758,0.6510197520256042,0.7247732877731323,0.6671652793884277,0.7650101184844971,2.884490966796875,2.924224853515625,Fixation,1699.5895902989275,1102.3740791062178,232.0,15.0,True,21,word,keyboard,10.0
3184.0,1709.4902038574219,1097.4165058135986,0.6548156142234802,0.7252759337425232,0.6677696108818054,0.7620947957038879,2.8956451416015625,2.914581298828125,Fixation,1699.5895902989275,1102.3740791062178,232.0,15.0,True,21,word,keyboard,10.0
3188.0,1708.1385803222656,1094.6489810943604,0.6558728814125061,0.723740816116333,0.667241632938385,0.7601729035377502,2.8510284423828125,2.914764404296875,Fixation,1699.5895902989275,1102.3740791062178,232.0,15.0,True,21,word,keyboard,10.0
3192.0,1716.4787292480469,1094.5317363739014,0.6618052124977112,0.7263769507408142,0.6704995036125183,0.7600914835929871,2.8944244384765625,2.9146881103515625,Fixation,1699.5895902989275,1102.3740791062178,232.0,15.0,True,21,word,keyboard,10.0
3196.0,1716.8917846679688,1099.483995437622,0.6569995880126953,0.7204075455665588,0.6706608533859253,0.7635305523872375,2.867156982421875,2.922348022460937,Fixation,1699.5895902989275,1102.3740791062178,232.0,15.0,True,21,word,keyboard,10.0
3200.0,1710.7060241699219,1095.8871746063232,0.6582520008087158,0.7268701195716858,0.6682445406913757,0.76103276014328,2.876983642578125,2.8905029296875,Fixation,1699.5895902989275,1102.3740791062178,232.0,15.0,True,21,word,keyboard,10.0
3204.0,1712.4143981933594,1099.4586753845215,0.6588371396064758,0.7238059043884277,0.668911874294281,0.7635129690170288,2.88714599609375,2.9132537841796875,Fixation,1699.5895902989275,1102.3740791062178,232.0,15.0,True,21,word,keyboard,10.0
3208.0,1710.3569030761719,1094.696102142334,0.6524494290351868,0.7235341668128967,0.6681081652641296,0.7602056264877319,2.8639678955078125,2.92584228515625,Fixation,1699.5895902989275,1102.3740791062178,232.0,15.0,True,21,word,keyboard,10.0
3212.0,1710.0047302246094,1100.5337047576904,0.6606555581092834,0.7309436202049255,0.667970597743988,0.7642595171928406,2.879608154296875,2.9197998046875,Fixation,1699.5895902989275,1102.3740791062178,232.0,15.0,True,21,word,keyboard,10.0
3216.0,1710.0521850585938,1099.0143299102783,0.6580743193626404,0.719509482383728,0.6679891347885132,0.7632043957710266,2.86273193359375,2.908477783203125,Fixation,1699.5895902989275,1102.3740791062178,232.0,15.0,True,21,word,keyboard,10.0
3220.0,1715.8734130859375,1103.0218505859375,0.6562132835388184,0.7209669947624207,0.6702630519866943,0.7659873962402344,2.86102294921875,2.8962554931640625,Fixation,1699.5895902989275,1102.3740791062178,232.0,15.0,True,21,word,keyboard,10.0
3224.0,1708.7078857421875,1102.2760677337646,0.6583660840988159,0.735023558139801,0.667464017868042,0.765469491481781,2.886947631835937,2.9007568359375,Fixation,1699.5895902989275,1102.3740791062178,232.0,15.0,True,21,word,keyboard,10.0
3228.0,1705.1748657226562,1102.839117050171,0.6585285663604736,0.7312638163566589,0.6660839319229126,0.7658604979515076,2.882919311523437,2.89874267578125,Fixation,1699.5895902989275,1102.3740791062178,232.0,15.0,True,21,word,keyboard,10.0
3232.0,1704.7084045410156,1101.317253112793,0.6580379009246826,0.7294145226478577,0.6659017205238342,0.7648036479949951,2.85491943359375,2.8994140625,Fixation,1699.5895902989275,1102.3740791062178,232.0,15.0,True,21,word,keyboard,10.0
3236.0,1700.6906127929688,1107.390718460083,0.6587631702423096,0.7342466711997986,0.6643322706222534,0.7690213322639465,2.8796844482421875,2.901275634765625,Fixation,1699.5895902989275,1102.3740791062178,232.0,15.0,True,21,word,keyboard,10.0
3240.0,1698.0015563964844,1102.2128105163574,0.6614479422569275,0.732433021068573,0.6632818579673767,0.7654255628585815,2.8616485595703125,2.89239501953125,Fixation,1699.5895902989275,1102.3740791062178,232.0,15.0,True,21,word,keyboard,10.0
3244.0,1697.1623229980469,1106.343584060669,0.656777024269104,0.7270351052284241,0.6629540324211121,0.7682941555976868,2.86541748046875,2.9102783203125,Fixation,1699.5895902989275,1102.3740791062178,232.0,15.0,True,21,word,keyboard,10.0
3248.0,1697.3306274414062,1100.3330326080322,0.656832754611969,0.7281325459480286,0.6630197763442993,0.7641201615333557,2.8555145263671875,2.9086456298828125,Fixation,1699.5895902989275,1102.3740791062178,232.0,15.0,True,21,word,keyboard,10.0
3252.0,1695.7684326171875,1093.901481628418,0.6532222032546997,0.7207321524620056,0.6624095439910889,0.7596538066864014,2.8463897705078125,2.8788299560546875,Fixation,1699.5895902989275,1102.3740791062178,232.0,15.0,True,21,word,keyboard,10.0
3256.0,1696.6844177246094,1104.5601081848145,0.6565492153167725,0.7256439328193665,0.6627673506736755,0.7670556306838989,2.8553009033203125,2.911849975585937,Fixation,1699.5895902989275,1102.3740791062178,232.0,15.0,True,21,word,keyboard,10.0
3260.0,1699.1102600097656,1103.0064010620117,0.6590192914009094,0.7369409799575806,0.6637149453163147,0.7659766674041748,2.8640899658203125,2.8792724609375,Fixation,1699.5895902989275,1102.3740791062178,232.0,15.0,True,21,word,keyboard,10.0
3264.0,1690.2119445800781,1108.8101863861084,0.6568353176116943,0.7346767783164978,0.660239040851593,0.7700070738792419,2.874740600585937,2.898223876953125,Fixation,1699.5895902989275,1102.3740791062178,232.0,15.0,True,21,word,keyboard,10.0
3268.0,1694.9546813964844,1098.7004470825195,0.656447172164917,0.7249361276626587,0.6620916724205017,0.762986421585083,2.8440399169921875,2.89453125,Fixation,1699.5895902989275,1102.3740791062178,232.0,15.0,True,21,word,keyboard,10.0
3272.0,1690.8474731445312,1108.4080696105957,0.6572752594947815,0.7300938963890076,0.6604872941970825,0.7697278261184692,2.847686767578125,2.8940582275390625,Fixation,1699.5895902989275,1102.3740791062178,232.0,15.0,True,21,word,keyboard,10.0
3276.0,1691.6221618652344,1099.1125202178955,0.6541834473609924,0.7252177596092224,0.6607899069786072,0.7632725834846497,2.83245849609375,2.891082763671875,Fixation,1699.5895902989275,1102.3740791062178,232.0,15.0,True,21,word,keyboard,10.0
3280.0,1693.7734985351562,1105.7258605957031,0.6565572619438171,0.7310465574264526,0.6616302728652954,0.7678651809692383,2.8560028076171875,2.876708984375,Fixation,1699.5895902989275,1102.3740791062178,232.0,15.0,True,21,word,keyboard,10.0
3284.0,1695.4214477539062,1098.9457511901855,0.6561709046363831,0.7280128598213196,0.6622740030288696,0.7631567716598511,2.84954833984375,2.8691558837890625,Fixation,1699.5895902989275,1102.3740791062178,232.0,15.0,True,21,word,keyboard,10.0
3288.0,1693.9834594726562,1108.066291809082,0.6543362140655518,0.7277799248695374,0.6617122888565063,0.7694904804229736,2.839447021484375,2.900787353515625,Fixation,1699.5895902989275,1102.3740791062178,232.0,15.0,True,21,word,keyboard,10.0
3292.0,1686.502685546875,1104.7522830963135,0.6523898243904114,0.7289955019950867,0.658790111541748,0.767189085483551,2.8568267822265625,2.8710479736328125,Fixation,1699.5895902989275,1102.3740791062178,232.0,15.0,True,21,word,keyboard,10.0
3296.0,1694.7483825683594,1104.4241523742676,0.6546578407287598,0.7323375940322876,0.6620110869407654,0.7669612169265747,2.8646697998046875,2.878387451171875,Fixation,1699.5895902989275,1102.3740791062178,232.0,15.0,True,21,word,keyboard,10.0
3300.0,1693.7669372558594,1103.6511611938477,0.6516802906990051,0.7291459441184998,0.6616277098655701,0.7664244174957275,2.856475830078125,2.8684844970703125,Fixation,1699.5895902989275,1102.3740791062178,232.0,15.0,True,21,word,keyboard,10.0
3304.0,1691.2765502929688,1104.7639560699463,0.6551218032836914,0.7273241281509399,0.6606549024581909,0.7671971917152405,2.85540771484375,2.8634490966796875,Fixation,1699.5895902989275,1102.3740791062178,232.0,15.0,True,21,word,keyboard,10.0
3308.0,1698.5739135742188,1100.7004737854004,0.6547443866729736,0.7220288515090942,0.6635054349899292,0.7643753290176392,2.821640014648437,2.86309814453125,Fixation,1699.5895902989275,1102.3740791062178,232.0,15.0,True,21,word,keyboard,10.0
3312.0,1693.6940002441406,1099.753246307373,0.6535481810569763,0.7319042682647705,0.6615992188453674,0.763717532157898,2.840789794921875,2.8772735595703125,Fixation,1699.5895902989275,1102.3740791062178,232.0,15.0,True,21,word,keyboard,10.0
3316.0,1698.7016296386719,1109.7282314300537,0.6545304656028748,0.724649965763092,0.6635553240776062,0.7706446051597595,2.840240478515625,2.885955810546875,Fixation,1699.5895902989275,1102.3740791062178,232.0,15.0,True,21,word,keyboard,10.0
3320.0,1700.4826354980469,1112.722692489624,0.660024106502533,0.7333353757858276,0.6642510294914246,0.7727240920066833,2.8642120361328125,2.875106811523437,Fixation,1699.5895902989275,1102.3740791062178,232.0,15.0,True,21,word,keyboard,10.0
3324.0,1693.7306213378906,1100.959939956665,0.6558536291122437,0.7223960757255554,0.6616135239601135,0.7645555138587952,2.830352783203125,2.867645263671875,Fixation,1699.5895902989275,1102.3740791062178,232.0,15.0,True,21,word,keyboard,10.0
3328.0,1694.8085021972656,1111.0168933868408,0.6551260948181152,0.7307811379432678,0.6620345711708069,0.7715395092964172,2.840560913085937,2.883285522460937,Fixation,1699.5895902989275,1102.3740791062178,232.0,15.0,True,21,word,keyboard,10.0
3332.0,1694.4227600097656,1105.351037979126,0.6552270650863647,0.7247406244277954,0.6618838906288147,0.7676048874855042,2.8279266357421875,2.86859130859375,Fixation,1699.5895902989275,1102.3740791062178,232.0,15.0,True,21,word,keyboard,10.0
3336.0,1694.5225524902344,1109.3637084960938,0.656231164932251,0.7282400131225586,0.6619228720664978,0.7703914642333984,2.862640380859375,2.86749267578125,Fixation,1699.5895902989275,1102.3740791062178,232.0,15.0,True,21,word,keyboard,10.0
3340.0,1706.15966796875,1096.3534927368164,0.6563277840614319,0.7230018973350525,0.666468620300293,0.7613565921783447,2.825790405273437,2.870391845703125,Fixation,1699.5895902989275,1102.3740791062178,232.0,15.0,True,21,word,keyboard,10.0
3344.0,1705.7424926757812,1102.2258567810059,0.6586354374885559,0.7270841002464294,0.666305661201477,0.7654346227645874,2.830673217773437,2.8650054931640625,Fixation,1699.5895902989275,1102.3740791062178,232.0,15.0,True,21,word,keyboard,10.0
3348.0,1701.2060546875,1103.2135105133057,0.6549041867256165,0.7197750210762024,0.6645336151123047,0.7661204934120178,2.8216705322265625,2.8592987060546875,Fixation,1699.5895902989275,1102.3740791062178,232.0,15.0,True,21,word,keyboard,10.0
3352.0,1706.0008239746094,1101.6813468933105,0.6608151793479919,0.7251986861228943,0.6664065718650818,0.7650564908981323,2.8446502685546875,2.8764801025390625,Fixation,1699.5895902989275,1102.3740791062178,232.0,15.0,True,21,word,keyboard,10.0
3356.0,1710.7810974121094,1104.8615455627441,0.658760666847229,0.7249337434768677,0.6682738661766052,0.7672649621963501,2.8497467041015625,2.873275756835937,Fixation,1699.5895902989275,1102.3740791062178,232.0,15.0,True,21,word,keyboard,10.0
3360.0,1712.633056640625,1097.4156475067139,0.659404993057251,0.7231808304786682,0.6689972877502441,0.7620941996574402,2.82421875,2.858184814453125,Fixation,1699.5895902989275,1102.3740791062178,232.0,15.0,True,21,word,keyboard,10.0
3364.0,1715.0849914550781,1094.132022857666,0.6589825749397278,0.7215901613235474,0.6699550747871399,0.7598139047622681,2.8205108642578125,2.86932373046875,Fixation,1699.5895902989275,1102.3740791062178,232.0,15.0,True,21,word,keyboard,10.0
3368.0,1717.2531127929688,1093.2051372528076,0.6590215563774109,0.7268106937408447,0.6708019971847534,0.7591702342033386,2.8435211181640625,2.854354858398437,Fixation,1699.5895902989275,1102.3740791062178,232.0,15.0,True,21,word,keyboard,10.0
3372.0,1709.068603515625,1102.2893714904785,0.6600745916366577,0.7273249626159668,0.667604923248291,0.7654787302017212,2.83941650390625,2.8603057861328125,Fixation,1699.5895902989275,1102.3740791062178,232.0,15.0,True,21,word,keyboard,10.0
3376.0,1705.1463317871094,1079.4590091705322,0.652483344078064,0.7150212526321411,0.6660727858543396,0.7496243119239807,2.8225250244140625,2.856185913085937,Saccade,,,,0.0,False,22,,,
3380.0,1700.513916015625,1034.6168518066406,0.6445485353469849,0.6828193068504333,0.6642632484436035,0.7184839248657227,2.832183837890625,2.852813720703125,Saccade,,,,0.0,False,22,,,
3384.0,1666.2431335449219,954.1353034973145,0.625662088394165,0.6368348002433777,0.6508762240409851,0.6625939607620239,2.8564605712890625,2.823699951171875,Saccade,,,,0.0,False,22,,,
3388.0,1642.3492431640625,889.8971271514893,0.6110119223594666,0.5812521576881409,0.6415426731109619,0.6179841160774231,2.8225250244140625,2.8284149169921875,Saccade,,,,0.0,False,22,,,
3392.0,1598.3113098144531,854.5474147796631,0.5984190702438354,0.5536547303199768,0.6243403553962708,0.5934357047080994,2.829620361328125,2.8365020751953125,Saccade,,,,0.0,False,22,,,
3396.0,1578.0000305175781,795.1557540893555,0.5879815220832825,0.4992007613182068,0.616406261920929,0.5521914958953857,2.784881591796875,2.82513427734375,Saccade,,,,0.0,False,22,,,
3400.0,1562.0750427246094,746.7362594604492,0.5838940739631653,0.4584391117095947,0.6101855635643005,0.5185668468475342,2.737655639648437,2.804306030273437,Saccade,,,,0.0,False,22,,,
3404.0,1544.0724182128906,700.3670454025267,0.5752397775650024,0.4244564771652221,0.6031532883644104,0.4863660037517547,2.73455810546875,2.80047607421875,Saccade,,,,0.0,False,22,,,
3408.0,1531.4169311523438,655.4210329055786,0.5701407790184021,0.4226647317409515,0.5982097387313843,0.4551534950733185,2.776962280273437,2.7993316650390625,Saccade,,,,0.0,False,22,,,
3412.0,1512.4073791503906,623.7789916992188,0.5643442273139954,0.3985825479030609,0.5907841324806213,0.4331798553466797,2.7800445556640625,2.81768798828125,Fixation,1458.6635825549856,567.7265240178889,480.0,16.0,True,23,word,image,11.0
3416.0,1493.5372924804688,607.2449541091919,0.5613882541656494,0.3924083113670349,0.5834130048751831,0.4216978847980499,2.796600341796875,2.7973785400390625,Fixation,1458.6635825549856,567.7265240178889,480.0,16.0,True,23,word,image,11.0
3420.0,1481.0841369628906,596.2274694442748,0.5553701519966125,0.3827097415924072,0.5785484910011292,0.4140468537807464,2.781097412109375,2.8024139404296875,Fixation,1458.6635825549856,567.7265240178889,480.0,16.0,True,23,word,image,11.0
3424.0,1467.9924011230469,594.5554876327514,0.5541736483573914,0.3770124018192291,0.5734345316886902,0.4128857553005218,2.80206298828125,2.807159423828125,Fixation,1458.6635825549856,567.7265240178889,480.0,16.0,True,23,word,image,11.0
3428.0,1470.7504272460938,592.5239181518554,0.552707850933075,0.3688134551048279,0.5745118856430054,0.4114749431610107,2.7845458984375,2.8250732421875,Fixation,1458.6635825549856,567.7265240178889,480.0,16.0,True,23,word,image,11.0
3432.0,1472.5390625,589.7577238082885,0.5574566125869751,0.3632113933563232,0.5752105712890625,0.409553974866867,2.7863006591796875,2.8076324462890625,Fixation,1458.6635825549856,567.7265240178889,480.0,16.0,True,23,word,image,11.0
3436.0,1477.757568359375,586.1877679824828,0.5581291913986206,0.3695139288902282,0.5772490501403809,0.4070748388767242,2.7920684814453125,2.819122314453125,Fixation,1458.6635825549856,567.7265240178889,480.0,16.0,True,23,word,image,11.0
3440.0,1464.6755981445312,582.7465152740479,0.5568150281906128,0.3699460625648498,0.5721389055252075,0.4046850800514221,2.819549560546875,2.8204498291015625,Fixation,1458.6635825549856,567.7265240178889,480.0,16.0,True,23,word,image,11.0
3444.0,1463.42529296875,571.5671968460082,0.5560272336006165,0.3671408295631408,0.571650505065918,0.3969216644763946,2.822906494140625,2.82830810546875,Fixation,1458.6635825549856,567.7265240178889,480.0,16.0,True,23,word,image,11.0
3448.0,1457.3030090332031,567.8649759292601,0.5604734420776367,0.3566229939460754,0.569258987903595,0.3943506777286529,2.8160552978515625,2.84051513671875,Fixation,1458.6635825549856,567.7265240178889,480.0,16.0,True,23,word,image,11.0
3452.0,1452.4894714355469,569.1069889068602,0.5589804649353027,0.3617077469825744,0.5673786997795105,0.3952131867408752,2.824371337890625,2.8322296142578125,Fixation,1458.6635825549856,567.7265240178889,480.0,16.0,True,23,word,image,11.0
3456.0,1460.5921936035156,566.7724800109863,0.5577205419540405,0.3617450594902038,0.5705438256263733,0.3935920000076294,2.825103759765625,2.8442535400390625,Fixation,1458.6635825549856,567.7265240178889,480.0,16.0,True,23,word,image,11.0
3460.0,1457.9524230957031,575.9163236618041,0.5570625066757202,0.3618834316730499,0.569512665271759,0.3999418914318084,2.8119354248046875,2.832138061523437,Fixation,1458.6635825549856,567.7265240178889,480.0,16.0,True,23,word,image,11.0
3464.0,1457.7069091796875,574.0834093093872,0.5602109432220459,0.3671958148479461,0.5694167613983154,0.39866903424263,2.8244781494140625,2.837646484375,Fixation,1458.6635825549856,567.7265240178889,480.0,16.0,True,23,word,image,11.0
3468.0,1456.7257690429688,578.6708450317383,0.5561440587043762,0.3591468036174774,0.5690335035324097,0.4018547534942627,2.80303955078125,2.8389892578125,Fixation,1458.6635825549856,567.7265240178889,480.0,16.0,True,23,word,image,11.0
3472.0,1458.7060546875,564.2194890975952,0.5556864142417908,0.3582273423671722,0.5698070526123047,0.3918190896511078,2.8173828125,2.83929443359375,Fixation,1458.6635825549856,567.7265240178889,480.0,16.0,True,23,word,image,11.0
3476.0,1454.351806640625,571.1475276947021,0.5581713318824768,0.3621612191200256,0.5681061744689941,0.3966302275657654,2.8022003173828125,2.8439178466796875,Fixation,1458.6635825549856,567.7265240178889,480.0,16.0,True,23,word,image,11.0
3480.0,1456.3754272460938,564.9093103408813,0.5561767220497131,0.3587076663970947,0.5688966512680054,0.3922981321811676,2.816497802734375,2.8320465087890625,Fixation,1458.6635825549856,567.7265240178889,480.0,16.0,True,23,word,image,11.0
3484.0,1455.0083923339844,567.029070854187,0.5573116540908813,0.3557383418083191,0.5683626532554626,0.3937701880931854,2.8114776611328125,2.8189849853515625,Fixation,1458.6635825549856,567.7265240178889,480.0,16.0,True,23,word,image,11.0
3488.0,1451.9712829589844,565.8972644805907,0.5572859048843384,0.3606734573841095,0.5671762824058533,0.3929842114448547,2.8199615478515625,2.833038330078125,Fixation,1458.6635825549856,567.7265240178889,480.0,16.0,True,23,word,image,11.0
3492.0,1456.0243225097656,568.7706184387207,0.5561275482177734,0.3600689172744751,0.5687595009803772,0.3949795961380005,2.8035430908203125,2.8209228515625,Fixation,1458.6635825549856,567.7265240178889,480.0,16.0,True,23,word,image,11.0
3496.0,1449.9223327636719,563.2932472229003,0.5568533539772034,0.3581856787204742,0.5663759112358093,0.3911758661270141,2.8072662353515625,2.83514404296875,Fixation,1458.6635825549856,567.7265240178889,480.0,16.0,True,23,word,image,11.0
3500.0,1454.1053771972656,566.9169759750365,0.5588201284408569,0.3637524545192718,0.5680099129676819,0.3936923444271087,2.8182373046875,2.8355712890625,Fixation,1458.6635825549856,567.7265240178889,480.0,16.0,True,23,word,image,11.0
3504.0,1459.4367980957031,565.5495643615722,0.5589054226875305,0.3602877557277679,0.570092499256134,0.3927427530288696,2.7901763916015625,2.826034545898437,Fixation,1458.6635825549856,567.7265240178889,480.0,16.0,True,23,word,image,11.0
3508.0,1455.8488464355469,564.7202682495117,0.5566647052764893,0.3548185527324676,0.5686909556388855,0.3921668529510498,2.805328369140625,2.8438873291015625,Fixation,1458.6635825549856,567.7265240178889,480.0,16.0,True,23,word,image,11.0
3512.0,1455.4853820800781,561.1701393127441,0.5586990714073181,0.3602646589279175,0.5685489773750305,0.3897014856338501,2.814804077148437,2.826568603515625,Fixation,1458.6635825549856,567.7265240178889,480.0,16.0,True,23,word,image,11.0
3516.0,1450.7247924804688,568.6637592315674,0.5584109425544739,0.36133474111557,0.5666893720626831,0.3949053883552551,2.8025054931640625,2.8218231201171875,Fixation,1458.6635825549856,567.7265240178889,480.0,16.0,True,23,word,image,11.0
3520.0,1457.7000427246094,567.2288846969603,0.5583706498146057,0.3608926832675934,0.5694140791893005,0.3939089477062225,2.807373046875,2.823150634765625,Fixation,1458.6635825549856,567.7265240178889,480.0,16.0,True,23,word,image,11.0
3524.0,1452.7291870117188,560.7536029815674,0.5561953783035278,0.35789754986763,0.5674723386764526,0.3894122242927551,2.8103485107421875,2.843658447265625,Fixation,1458.6635825549856,567.7265240178889,480.0,16.0,True,23,word,image,11.0
3528.0,1457.6731872558594,565.9960556030273,0.5590165257453918,0.3583122491836548,0.5694035887718201,0.3930528163909912,2.7961578369140625,2.8427276611328125,Fixation,1458.6635825549856,567.7265240178889,480.0,16.0,True,23,word,image,11.0
3532.0,1463.1623840332031,571.6871452331542,0.5557519793510437,0.3553275763988495,0.57154780626297,0.3970049619674682,2.797592163085937,2.8365478515625,Fixation,1458.6635825549856,567.7265240178889,480.0,16.0,True,23,word,image,11.0
3536.0,1461.4349365234375,567.2576808929443,0.5600480437278748,0.3557683229446411,0.5708730220794678,0.3939289450645447,2.79608154296875,2.8393096923828125,Fixation,1458.6635825549856,567.7265240178889,480.0,16.0,True,23,word,image,11.0
3540.0,1461.1355590820312,559.3637895584106,0.5609617233276367,0.3488437235355377,0.5707560777664185,0.3884470760822296,2.793319702148437,2.813232421875,Fixation,1458.6635825549856,567.7265240178889,480.0,16.0,True,23,word,image,11.0
3544.0,1463.5774230957031,557.0669174194336,0.5585285425186157,0.3527207672595978,0.571709930896759,0.3868520259857178,2.7945556640625,2.818939208984375,Fixation,1458.6635825549856,567.7265240178889,480.0,16.0,True,23,word,image,11.0
3548.0,1458.7106323242188,556.7579269409179,0.5588759183883667,0.3544916212558746,0.569808840751648,0.3866374492645263,2.7965850830078125,2.8177032470703125,Fixation,1458.6635825549856,567.7265240178889,480.0,16.0,True,23,word,image,11.0
3552.0,1465.6390380859375,557.5225925445557,0.5568166375160217,0.3459674417972564,0.5725152492523193,0.3871684670448303,2.796661376953125,2.8127899169921875,Fixation,1458.6635825549856,567.7265240178889,480.0,16.0,True,23,word,image,11.0
3556.0,1461.3996887207031,567.681040763855,0.5548108220100403,0.3526298105716705,0.5708592534065247,0.3942229449748993,2.7887420654296875,2.822128295898437,Fixation,1458.6635825549856,567.7265240178889,480.0,16.0,True,23,word,image,11.0
3560.0,1458.3369445800781,563.7901639938354,0.5563308000564575,0.3539981245994568,0.569662868976593,0.3915209472179413,2.79229736328125,2.825103759765625,Fixation,1458.6635825549856,567.7265240178889,480.0,16.0,True,23,word,image,11.0
3564.0,1467.5508117675781,565.0325202941895,0.5573881268501282,0.3563002943992615,0.5732620358467102,0.3923836946487427,2.798446655273437,2.82177734375,Fixation,1458.6635825549856,567.7265240178889,480.0,16.0,True,23,word,image,11.0
3568.0,1459.1558837890625,549.0332508087158,0.5548521280288696,0.3549338281154632,0.5699827671051025,0.381273090839386,2.7909393310546875,2.801483154296875,Fixation,1458.6635825549856,567.7265240178889,480.0,16.0,True,23,word,image,11.0
3572.0,1467.3518371582031,554.078164100647,0.5550806522369385,0.3540282845497131,0.5731843113899231,0.3847765028476715,2.7809600830078125,2.8057403564453125,Fixation,1458.6635825549856,567.7265240178889,480.0,16.0,True,23,word,image,11.0
3576.0,1457.7397155761719,568.2664489746093,0.557144045829773,0.351097047328949,0.5694295763969421,0.3946294784545898,2.788330078125,2.84515380859375,Fixation,1458.6635825549856,567.7265240178889,480.0,16.0,True,23,word,image,11.0
3580.0,1457.1543884277344,564.8911571502686,0.5556736588478088,0.3543651103973388,0.5692009329795837,0.3922855257987976,2.77496337890625,2.817474365234375,Fixation,1458.6635825549856,567.7265240178889,480.0,16.0,True,23,word,image,11.0
3584.0,1452.4520874023438,563.5989332199097,0.5553417205810547,0.3534491658210754,0.5673640966415405,0.3913881480693817,2.7898712158203125,2.838226318359375,Fixation,1458.6635825549856,567.7265240178889,480.0,16.0,True,23,word,image,11.0
3588.0,1452.4449157714844,560.6106090545654,0.5545443892478943,0.3535792231559753,0.5673612952232361,0.3893129229545593,2.7783355712890625,2.829376220703125,Fixation,1458.6635825549856,567.7265240178889,480.0,16.0,True,23,word,image,11.0
3592.0,1461.8385314941406,568.8250780105591,0.5568321347236633,0.3582557141780853,0.5710306763648987,0.3950174152851105,2.791412353515625,2.819808959960937,Fixation,1458.6635825549856,567.7265240178889,480.0,16.0,True,23,word,image,11.0
3596.0,1457.3854064941406,564.1007852554321,0.5551142692565918,0.3583845496177673,0.5692911744117737,0.3917366564273834,2.7844696044921875,2.8311920166015625,Fixation,1458.6635825549856,567.7265240178889,480.0,16.0,True,23,word,image,11.0
3600.0,1450.7394409179688,574.6248722076415,0.5559902191162109,0.3599312901496887,0.5666950941085815,0.3990450501441955,2.786895751953125,2.84112548828125,Fixation,1458.6635825549856,567.7265240178889,480.0,16.0,True,23,word,image,11.0
3604.0,1445.0314331054688,568.8571786880492,0.5562165379524231,0.3613751530647278,0.5644654035568237,0.3950397074222564,2.796661376953125,2.8492889404296875,Fixation,1458.6635825549856,567.7265240178889,480.0,16.0,True,23,word,image,11.0
3608.0,1448.4846496582031,569.359459877014,0.5570356845855713,0.3619926571846008,0.5658143162727356,0.395388513803482,2.802108764648437,2.8366851806640625,Fixation,1458.6635825549856,567.7265240178889,480.0,16.0,True,23,word,image,11.0
3612.0,1455.7113647460938,564.6233654022217,0.5558307766914368,0.3575868904590606,0.5686372518539429,0.3920995593070984,2.799957275390625,2.830307006835937,Fixation,1458.6635825549856,567.7265240178889,480.0,16.0,True,23,word,image,11.0
3616.0,1458.2524108886719,569.9260711669922,0.5561485886573792,0.3582149744033813,0.5696298480033875,0.3957819938659668,2.79571533203125,2.8212127685546875,Fixation,1458.6635825549856,567.7265240178889,480.0,16.0,True,23,word,image,11.0
3620.0,1453.6604309082031,572.9314756393433,0.556013286113739,0.3604823052883148,0.5678361058235168,0.3978690803050995,2.791854858398437,2.835678100585937,Fixation,1458.6635825549856,567.7265240178889,480.0,16.0,True,23,word,image,11.0
3624.0,1464.0396118164062,567.9210233688354,0.557043194770813,0.3563491106033325,0.5718904733657837,0.3943895995616913,2.7891998291015625,2.8254852294921875,Fixation,1458.6635825549856,567.7265240178889,480.0,16.0,True,23,word,image,11.0
3628.0,1464.0576171875,568.7586450576782,0.5580198764801025,0.3511000275611877,0.5718975067138672,0.3949712812900543,2.7832489013671875,2.8330841064453125,Fixation,1458.6635825549856,567.7265240178889,480.0,16.0,True,23,word,image,11.0
3632.0,1468.7608337402344,565.9538269042969,0.5591225028038025,0.3553075492382049,0.573734700679779,0.3930234909057617,2.795318603515625,2.8402099609375,Fixation,1458.6635825549856,567.7265240178889,480.0,16.0,True,23,word,image,11.0
3636.0,1464.2825317382812,568.0940580368041,0.5590961575508118,0.3556191325187683,0.5719853639602661,0.3945097625255584,2.7882537841796875,2.8319854736328125,Fixation,1458.6635825549856,567.7265240178889,480.0,16.0,True,23,word,image,11.0
3640.0,1461.3145446777344,562.7344465255737,0.5562626123428345,0.3505488336086273,0.57082599401474,0.390787810087204,2.7824249267578125,2.8436737060546875,Fixation,1458.6635825549856,567.7265240178889,480.0,16.0,True,23,word,image,11.0
3644.0,1464.8486328125,568.9518070220946,0.5592416524887085,0.3551084101200104,0.5722064971923828,0.3951054215431213,2.7750244140625,2.83038330078125,Fixation,1458.6635825549856,567.7265240178889,480.0,16.0,True,23,word,image,11.0
3648.0,1466.2275695800781,556.6087961196899,0.5566818714141846,0.3523470759391784,0.572745144367218,0.3865338861942291,2.7800445556640625,2.823211669921875,Fixation,1458.6635825549856,567.7265240178889,480.0,16.0,True,23,word,image,11.0
3652.0,1461.0697937011719,566.630344390869,0.5560774207115173,0.356168270111084,0.5707303881645203,0.3934932947158813,2.775604248046875,2.8489227294921875,Fixation,1458.6635825549856,567.7265240178889,480.0,16.0,True,23,word,image,11.0
3656.0,1462.7500915527344,562.0400762557982,0.5564735531806946,0.356363832950592,0.5713867545127869,0.390305608510971,2.780731201171875,2.8352508544921875,Fixation,1458.6635825549856,567.7265240178889,480.0,16.0,True,23,word,image,11.0
3660.0,1457.8834533691406,561.3670349121093,0.5580376982688904,0.3519968688488006,0.5694857239723206,0.3898382186889648,2.780792236328125,2.82452392578125,Fixation,1458.6635825549856,567.7265240178889,480.0,16.0,True,23,word,image,11.0
3664.0,1456.5203857421875,564.6281719207764,0.5568625330924988,0.3595562577247619,0.568953275680542,0.3921028971672058,2.767333984375,2.834579467773437,Fixation,1458.6635825549856,567.7265240178889,480.0,16.0,True,23,word,image,11.0
3668.0,1459.2881774902344,560.9817838668823,0.5568065643310547,0.3584912121295929,0.5700344443321228,0.3895706832408905,2.782577514648437,2.833709716796875,Fixation,1458.6635825549856,567.7265240178889,480.0,16.0,True,23,word,image,11.0
3672.0,1460.1791381835938,563.0883264541626,0.5550065636634827,0.3605058789253235,0.5703824758529663,0.3910335600376129,2.785186767578125,2.83819580078125,Fixation,1458.6635825549856,567.7265240178889,480.0,16.0,True,23,word,image,11.0
3676.0,1456.4201354980469,567.1297502517699,0.5556130409240723,0.3557523488998413,0.5689141154289246,0.3938401043415069,2.78033447265625,2.823974609375,Fixation,1458.6635825549856,567.7265240178889,480.0,16.0,True,23,word,image,11.0
3680.0,1454.2805480957031,569.3485164642334,0.554998517036438,0.3648096621036529,0.568078339099884,0.3953809142112732,2.7959136962890625,2.8319549560546875,Fixation,1458.6635825549856,567.7265240178889,480.0,16.0,True,23,word,image,11.0
3684.0,1451.8702697753906,569.5899152755737,0.5559558272361755,0.3605618178844452,0.567136824131012,0.395548552274704,2.7763824462890625,2.82916259765625,Fixation,1458.6635825549856,567.7265240178889,480.0,16.0,True,23,word,image,11.0
3688.0,1451.3493347167969,567.3888731002806,0.5559206604957581,0.3594758510589599,0.5669333338737488,0.3940200507640838,2.772918701171875,2.826644897460937,Fixation,1458.6635825549856,567.7265240178889,480.0,16.0,True,23,word,image,11.0
3692.0,1450.1712036132812,563.79638671875,0.5565608739852905,0.3612307012081146,0.566473126411438,0.3915252685546875,2.790252685546875,2.82806396484375,Fixation,1458.6635825549856,567.7265240178889,480.0,16.0,True,23,word,image,11.0
3696.0,1451.2995910644531,567.4186134338378,0.5567781925201416,0.358958899974823,0.566913902759552,0.3940407037734985,2.779815673828125,2.8266143798828125,Fixation,1458.6635825549856,567.7265240178889,480.0,16.0,True,23,word,image,11.0
3700.0,1458.0848693847656,566.9292068481444,0.5566302537918091,0.3571556806564331,0.5695644021034241,0.3937008380889892,2.76702880859375,2.825790405273437,Fixation,1458.6635825549856,567.7265240178889,480.0,16.0,True,23,word,image,11.0
3704.0,1453.9897155761719,573.9998960494994,0.5563244223594666,0.3653091490268707,0.5679647326469421,0.3986110389232635,2.795867919921875,2.8370819091796875,Fixation,1458.6635825549856,567.7265240178889,480.0,16.0,True,23,word,image,11.0
3708.0,1453.2411193847656,574.1064119338989,0.5571102499961853,0.3693805038928985,0.5676723122596741,0.3986850082874298,2.802490234375,2.8466033935546875,Fixation,1458.6635825549856,567.7265240178889,480.0,16.0,True,23,word,image,11.0
3712.0,1459.5420837402344,565.7034158706665,0.5560473203659058,0.3682000637054443,0.570133626461029,0.3928495943546295,2.799560546875,2.8414459228515625,Fixation,1458.6635825549856,567.7265240178889,480.0,16.0,True,23,word,image,11.0
3716.0,1458.1529235839844,571.2077808380127,0.5577490329742432,0.3669746220111847,0.5695909857749939,0.3966720700263977,2.794891357421875,2.839080810546875,Fixation,1458.6635825549856,567.7265240178889,480.0,16.0,True,23,word,image,11.0
3720.0,1457.6246643066406,570.9789562225342,0.5582841634750366,0.3669925034046173,0.5693846344947815,0.3965131640434265,2.8024444580078125,2.8571014404296875,Fixation,1458.6635825549856,567.7265240178889,480.0,16.0,True,23,word,image,11.0
3724.0,1457.4299621582031,570.2736854553222,0.5582618713378906,0.3670410513877868,0.5693085789680481,0.3960233926773071,2.792465209960937,2.8421783447265625,Fixation,1458.6635825549856,567.7265240178889,480.0,16.0,True,23,word,image,11.0
3728.0,1460.1959228515625,568.0575799942015,0.5581346750259399,0.3653507828712463,0.5703890323638916,0.3944844305515289,2.798919677734375,2.838409423828125,Fixation,1458.6635825549856,567.7265240178889,480.0,16.0,True,23,word,image,11.0
3732.0,1457.2663879394531,567.1163606643677,0.5564941763877869,0.3650738000869751,0.5692446827888489,0.393830806016922,2.796493530273437,2.846405029296875,Fixation,1458.6635825549856,567.7265240178889,480.0,16.0,True,23,word,image,11.0
3736.0,1467.3123168945312,561.4645385742188,0.5602516531944275,0.3647612631320953,0.5731688737869263,0.3899059295654297,2.80059814453125,2.8175811767578125,Fixation,1458.6635825549856,567.7265240178889,480.0,16.0,True,23,word,image,11.0
3740.0,1458.5150146484375,566.8797683715819,0.5613709092140198,0.3684779703617096,0.5697324275970459,0.3936665058135986,2.7975006103515625,2.838409423828125,Fixation,1458.6635825549856,567.7265240178889,480.0,16.0,True,23,word,image,11.0
3744.0,1457.2569274902344,570.509204864502,0.5580511689186096,0.3670388460159302,0.5692409873008728,0.3961869478225708,2.79193115234375,2.8440399169921875,Fixation,1458.6635825549856,567.7265240178889,480.0,16.0,True,23,word,image,11.0
3748.0,1462.2184753417969,557.048077583313,0.5589886903762817,0.3642750382423401,0.5711790919303894,0.3868389427661896,2.7781982421875,2.835693359375,Fixation,1458.6635825549856,567.7265240178889,480.0,16.0,True,23,word,image,11.0
3752.0,1463.9274597167969,564.7642993927002,0.5559632182121277,0.3676636517047882,0.5718466639518738,0.3921974301338196,2.784088134765625,2.822540283203125,Fixation,1458.6635825549856,567.7265240178889,480.0,16.0,True,23,word,image,11.0
3756.0,1467.039794921875,552.6090431213378,0.5569361448287964,0.3617051839828491,0.5730624198913574,0.3837562799453735,2.784210205078125,2.8138580322265625,Fixation,1458.6635825549856,567.7265240178889,480.0,16.0,True,23,word,image,11.0
3760.0,1463.1719970703125,553.6528301239013,0.5596924424171448,0.3645824790000915,0.5715515613555908,0.384481132030487,2.7978668212890625,2.82049560546875,Fixation,1458.6635825549856,567.7265240178889,480.0,16.0,True,23,word,image,11.0
3764.0,1463.5011291503906,557.2434282302855,0.5589936375617981,0.3608467876911163,0.5716801285743713,0.3869746029376983,2.7841796875,2.80743408203125,Fixation,1458.6635825549856,567.7265240178889,480.0,16.0,True,23,word,image,11.0
3768.0,1466.1766052246094,554.2220163345336,0.5566384196281433,0.3665772676467895,0.572725236415863,0.384876400232315,2.7766571044921875,2.8148193359375,Fixation,1458.6635825549856,567.7265240178889,480.0,16.0,True,23,word,image,11.0
3772.0,1461.4048767089844,567.654047012329,0.5585046410560608,0.3632405996322632,0.570861279964447,0.3942041993141174,2.789535522460937,2.834335327148437,Fixation,1458.6635825549856,567.7265240178889,480.0,16.0,True,23,word,image,11.0
3776.0,1455.4478454589844,567.7607345581054,0.5595968961715698,0.3586937487125397,0.5685343146324158,0.3942782878875732,2.7908935546875,2.834716796875,Fixation,1458.6635825549856,567.7265240178889,480.0,16.0,True,23,word,image,11.0
3780.0,1454.595947265625,561.5190410614013,0.5560174584388733,0.3651256859302521,0.5682015419006348,0.389943778514862,2.7847442626953125,2.84295654296875,Fixation,1458.6635825549856,567.7265240178889,480.0,16.0,True,23,word,image,11.0
3784.0,1458.619384765625,565.8986806869506,0.5562723875045776,0.3668135106563568,0.5697731971740723,0.3929851949214935,2.78277587890625,2.849838256835937,Fixation,1458.6635825549856,567.7265240178889,480.0,16.0,True,23,word,image,11.0
3788.0,1457.406005859375,571.1658954620361,0.5583361387252808,0.3629516959190368,0.5692992210388184,0.3966429829597473,2.790023803710937,2.84375,Fixation,1458.6635825549856,567.7265240178889,480.0,16.0,True,23,word,image,11.0
3792.0,1453.2655334472656,568.4251499176024,0.5566002130508423,0.3581720292568207,0.5676818490028381,0.3947396874427795,2.7953338623046875,2.8333740234375,Fixation,1458.6635825549856,567.7265240178889,480.0,16.0,True,23,word,image,11.0
3796.0,1459.8826599121094,570.7638645172119,0.5560158491134644,0.3598515093326568,0.5702666640281677,0.3963637948036194,2.7877197265625,2.8436737060546875,Fixation,1458.6635825549856,567.7265240178889,480.0,16.0,True,23,word,image,11.0
3800.0,1452.9644775390625,568.1485176086425,0.5559157133102417,0.3653199672698974,0.5675642490386963,0.3945475816726684,2.77978515625,2.857330322265625,Fixation,1458.6635825549856,567.7265240178889,480.0,16.0,True,23,word,image,11.0
3804.0,1448.8534545898438,566.300754547119,0.5554952025413513,0.3584244847297668,0.5659583806991577,0.3932644128799438,2.76776123046875,2.850799560546875,Fixation,1458.6635825549856,567.7265240178889,480.0,16.0,True,23,word,image,11.0
3808.0,1458.3576965332031,570.8430004119873,0.5544071197509766,0.3600563406944275,0.5696709752082825,0.3964187502861023,2.786361694335937,2.8382720947265625,Fixation,1458.6635825549856,567.7265240178889,480.0,16.0,True,23,word,image,11.0
3812.0,1453.4075927734375,570.2098703384399,0.5541366338729858,0.3600009381771087,0.567737340927124,0.3959790766239166,2.7892303466796875,2.8576812744140625,Fixation,1458.6635825549856,567.7265240178889,480.0,16.0,True,23,word,image,11.0
3816.0,1449.5045471191406,564.6829319000244,0.5567610859870911,0.3576383888721466,0.5662127137184143,0.3921409249305725,2.7734527587890625,2.848876953125,Fixation,1458.6635825549856,567.7265240178889,480.0,16.0,True,23,word,image,11.0
3820.0,1455.5693054199219,564.1380786895751,0.5525110363960266,0.362953633069992,0.568581759929657,0.3917625546455383,2.792953491210937,2.853744506835937,Fixation,1458.6635825549856,567.7265240178889,480.0,16.0,True,23,word,image,11.0
3824.0,1458.15185546875,569.5120239257812,0.554623007774353,0.3637574017047882,0.5695905685424805,0.3954944610595703,2.7825164794921875,2.85955810546875,Fixation,1458.6635825549856,567.7265240178889,480.0,16.0,True,23,word,image,11.0
3828.0,1460.3335571289062,565.4857921600342,0.5556560158729553,0.3620342016220093,0.570442795753479,0.3926984667778015,2.7883453369140625,2.844345092773437,Fixation,1458.6635825549856,567.7265240178889,480.0,16.0,True,23,word,image,11.0
3832.0,1456.3638305664062,561.285924911499,0.5552376508712769,0.3598476648330688,0.5688921213150024,0.3897818922996521,2.7750701904296875,2.82611083984375,Fixation,1458.6635825549856,567.7265240178889,480.0,16.0,True,23,word,image,11.0
3836.0,1460.3640747070312,571.5803289413452,0.5563222169876099,0.3681865632534027,0.5704547166824341,0.3969307839870453,2.79119873046875,2.8464508056640625,Fixation,1458.6635825549856,567.7265240178889,480.0,16.0,True,23,word,image,11.0
3840.0,1457.10693359375,570.7941198348999,0.5588034987449646,0.3627336025238037,0.5691823959350586,0.3963848054409027,2.7887115478515625,2.85540771484375,Fixation,1458.6635825549856,567.7265240178889,480.0,16.0,True,23,word,image,11.0
3844.0,1461.1129760742188,570.6043910980225,0.5571158528327942,0.3618901968002319,0.5707472562789917,0.3962530493736267,2.787353515625,2.8550567626953125,Fixation,1458.6635825549856,567.7265240178889,480.0,16.0,True,23,word,image,11.0
3848.0,1456.1253356933594,573.2340717315674,0.5562708973884583,0.3605061769485473,0.5687989592552185,0.3980792164802551,2.7884521484375,2.872589111328125,Fixation,1458.6635825549856,567.7265240178889,480.0,16.0,True,23,word,image,11.0
3852.0,1457.04833984375,567.2780656814574,0.5539506673812866,0.3582208454608917,0.5691595077514648,0.3939431011676788,2.7893524169921875,2.8643035888671875,Fixation,1458.6635825549856,567.7265240178889,480.0,16.0,True,23,word,image,11.0
3856.0,1451.0137939453125,580.2540779113768,0.5560577511787415,0.3592361807823181,0.5668022632598877,0.4029542207717895,2.77294921875,2.8647003173828125,Fixation,1458.6635825549856,567.7265240178889,480.0,16.0,True,23,word,image,11.0
3860.0,1450.0715637207031,568.6217021942139,0.5534821152687073,0.3630180954933166,0.5664342045783997,0.3948761820793152,2.7881622314453125,2.875091552734375,Fixation,1458.6635825549856,567.7265240178889,480.0,16.0,True,23,word,image,11.0
3864.0,1460.0349426269531,573.0118989944457,0.5556862950325012,0.3643348515033722,0.5703261494636536,0.397924929857254,2.791351318359375,2.855697631835937,Fixation,1458.6635825549856,567.7265240178889,480.0,16.0,True,23,word,image,11.0
3868.0,1458.0607604980469,574.5869350433348,0.5578881502151489,0.3605354428291321,0.5695549845695496,0.3990187048912048,2.7952423095703125,2.8583526611328125,Fixation,1458.6635825549856,567.7265240178889,480.0,16.0,True,23,word,image,11.0
3872.0,1454.1575622558594,570.5534934997559,0.5550475120544434,0.3607951700687408,0.5680302977561951,0.3962177038192749,2.7851104736328125,2.8783416748046875,Fixation,1458.6635825549856,567.7265240178889,480.0,16.0,True,23,word,image,11.0
3876.0,1458.6293029785156,572.4315547943115,0.5546103715896606,0.3606813549995422,0.5697770714759827,0.3975219130516052,2.786285400390625,2.8676910400390625,Fixation,1458.6635825549856,567.7265240178889,480.0,16.0,True,23,word,image,11.0
3880.0,1454.0151977539062,574.899959564209,0.5553047060966492,0.3651263117790222,0.5679746866226196,0.3992360830307007,2.7855377197265625,2.871429443359375,Fixation,1458.6635825549856,567.7265240178889,480.0,16.0,True,23,word,image,11.0
3884.0,1452.5640869140625,561.5323019027709,0.5529038310050964,0.351054847240448,0.5674078464508057,0.3899529874324798,2.77581787109375,2.8719482421875,Fixation,1458.6635825549856,567.7265240178889,480.0,16.0,True,23,word,image,11.0
3888.0,1437.8536987304688,539.5240259170531,0.5446054339408875,0.3442157208919525,0.5616616010665894,0.374669462442398,2.7846832275390625,2.8697662353515625,Fixation,1458.6635825549856,567.7265240178889,480.0,16.0,True,23,word,image,11.0
3892.0,1417.342529296875,507.21675395965576,0.5373995304107666,0.327985942363739,0.5536494255065918,0.3522338569164276,2.8020172119140625,2.8650360107421875,Fixation,1458.6635825549856,567.7265240178889,480.0,16.0,True,23,word,image,11.0
3896.0,1404.0158081054688,499.255313873291,0.5299556851387024,0.3189477622509002,0.5484436750411987,0.3467050790786743,2.8153076171875,2.88018798828125,Fixation,1359.3782052077815,472.06016160674017,704.0,17.0,True,24,word,image,11.0
3900.0,1387.9635620117188,478.2027196884155,0.5243771076202393,0.3126315772533417,0.5421732664108276,0.3320852220058441,2.812347412109375,2.877914428710937,Fixation,1359.3782052077815,472.06016160674017,704.0,17.0,True,24,word,image,11.0
3904.0,1374.7012329101562,482.78496265411377,0.5240579843521118,0.3113043010234833,0.5369926691055298,0.3352673351764679,2.7935943603515625,2.90179443359375,Fixation,1359.3782052077815,472.06016160674017,704.0,17.0,True,24,word,image,11.0
3908.0,1367.0062255859375,477.21772670745844,0.5191492438316345,0.3103120625019073,0.5339868068695068,0.3314011991024017,2.813095092773437,2.892242431640625,Fixation,1359.3782052077815,472.06016160674017,704.0,17.0,True,24,word,image,11.0
3912.0,1358.6395263671875,478.680624961853,0.5173121094703674,0.3165980875492096,0.5307185649871826,0.3324171006679535,2.82464599609375,2.895858764648437,Fixation,1359.3782052077815,472.06016160674017,704.0,17.0,True,24,word,image,11.0
3916.0,1346.2115478515625,475.47347545623774,0.509681224822998,0.3110774159431457,0.5258638858795166,0.3301899135112762,2.8079833984375,2.887969970703125,Fixation,1359.3782052077815,472.06016160674017,704.0,17.0,True,24,word,image,11.0
3920.0,1345.4808044433594,468.0048322677612,0.5124365091323853,0.3049869835376739,0.5255784392356873,0.3250033557415008,2.80657958984375,2.876861572265625,Fixation,1359.3782052077815,472.06016160674017,704.0,17.0,True,24,word,image,11.0
3924.0,1345.4280090332031,468.5913133621216,0.5145480036735535,0.3096891045570373,0.525557816028595,0.3254106342792511,2.7998504638671875,2.8912506103515625,Fixation,1359.3782052077815,472.06016160674017,704.0,17.0,True,24,word,image,11.0
3928.0,1353.5295104980469,479.92306709289545,0.5169640183448792,0.3046227097511291,0.5287224650382996,0.3332799077033996,2.7993621826171875,2.8820953369140625,Fixation,1359.3782052077815,472.06016160674017,704.0,17.0,True,24,word,image,11.0
3932.0,1346.4263916015625,475.59887409210205,0.5153260231018066,0.3012331426143646,0.5259478092193604,0.3302769958972931,2.8016510009765625,2.89874267578125,Fixation,1359.3782052077815,472.06016160674017,704.0,17.0,True,24,word,image,11.0
3936.0,1346.9544982910156,467.7242088317871,0.5153223276138306,0.3015741109848022,0.526154100894928,0.3248084783554077,2.7987518310546875,2.8866729736328125,Fixation,1359.3782052077815,472.06016160674017,704.0,17.0,True,24,word,image,11.0
3940.0,1343.7371826171875,465.2894067764282,0.5153678059577942,0.3031855821609497,0.5248973369598389,0.3231176435947418,2.80615234375,2.876922607421875,Fixation,1359.3782052077815,472.06016160674017,704.0,17.0,True,24,word,image,11.0
3944.0,1351.2777709960938,470.0627088546753,0.5137127637863159,0.3033888041973114,0.5278428792953491,0.3264324367046356,2.8020172119140625,2.884979248046875,Fixation,1359.3782052077815,472.06016160674017,704.0,17.0,True,24,word,image,11.0
3948.0,1344.9905395507812,477.9475450515747,0.515448808670044,0.3031795024871826,0.5253869295120239,0.3319080173969269,2.811874389648437,2.895172119140625,Fixation,1359.3782052077815,472.06016160674017,704.0,17.0,True,24,word,image,11.0
3952.0,1342.6759338378906,469.672908782959,0.5122825503349304,0.2986441254615783,0.524482786655426,0.3261617422103882,2.808212280273437,2.8699493408203125,Fixation,1359.3782052077815,472.06016160674017,704.0,17.0,True,24,word,image,11.0
3956.0,1339.3748474121094,474.9886608123779,0.5147863626480103,0.2991075217723846,0.5231932997703552,0.3298532366752624,2.8021697998046875,2.88519287109375,Fixation,1359.3782052077815,472.06016160674017,704.0,17.0,True,24,word,image,11.0
3960.0,1343.4808349609375,472.7667188644409,0.5130133628845215,0.2993578910827636,0.5247972011566162,0.3283102214336395,2.809310913085937,2.889678955078125,Fixation,1359.3782052077815,472.06016160674017,704.0,17.0,True,24,word,image,11.0
3964.0,1346.1431884765625,466.8491220474243,0.5143234133720398,0.3001158535480499,0.5258371829986572,0.3242007791996002,2.8117828369140625,2.878036499023437,Fixation,1359.3782052077815,472.06016160674017,704.0,17.0,True,24,word,image,11.0
3968.0,1350.3022766113281,471.5561628341675,0.5135490894317627,0.3021965026855469,0.5274618268013,0.3274695575237274,2.811676025390625,2.894500732421875,Fixation,1359.3782052077815,472.06016160674017,704.0,17.0,True,24,word,image,11.0
3972.0,1350.8428955078125,471.7955017089844,0.5169327855110168,0.3010625541210174,0.5276730060577393,0.3276357650756836,2.810546875,2.886810302734375,Fixation,1359.3782052077815,472.06016160674017,704.0,17.0,True,24,word,image,11.0
3976.0,1343.4658813476562,467.4696350097656,0.5152148008346558,0.3009443283081054,0.5247913599014282,0.3246316909790039,2.80523681640625,2.90985107421875,Fixation,1359.3782052077815,472.06016160674017,704.0,17.0,True,24,word,image,11.0
3980.0,1343.2484436035156,469.68217849731445,0.5147910118103027,0.3032997548580169,0.5247064232826233,0.3261681795120239,2.817733764648437,2.8941192626953125,Fixation,1359.3782052077815,472.06016160674017,704.0,17.0,True,24,word,image,11.0
3984.0,1340.1419067382812,469.7326469421386,0.5145570635795593,0.300638735294342,0.5234929323196411,0.3262032270431518,2.8040008544921875,2.888336181640625,Fixation,1359.3782052077815,472.06016160674017,704.0,17.0,True,24,word,image,11.0
3988.0,1341.0853576660156,465.31747341156006,0.5161097645759583,0.3019475638866424,0.5238614678382874,0.3231371343135834,2.7996826171875,2.880218505859375,Fixation,1359.3782052077815,472.06016160674017,704.0,17.0,True,24,word,image,11.0
3992.0,1344.5660400390625,464.1370439529419,0.5156893730163574,0.3029283881187439,0.5252211093902588,0.3223173916339874,2.8061676025390625,2.895858764648437,Fixation,1359.3782052077815,472.06016160674017,704.0,17.0,True,24,word,image,11.0
3996.0,1342.0236206054688,466.8981742858886,0.5181785821914673,0.3035956025123596,0.5242279767990112,0.3242348432540893,2.8069305419921875,2.8765106201171875,Fixation,1359.3782052077815,472.06016160674017,704.0,17.0,True,24,word,image,11.0
4000.0,1347.5128173828125,468.7395429611206,0.5149528980255127,0.3068422079086303,0.5263721942901611,0.3255135715007782,2.828353881835937,2.885971069335937,Fixation,1359.3782052077815,472.06016160674017,704.0,17.0,True,24,word,image,11.0
4004.0,1351.2181091308594,470.6501770019531,0.5157687664031982,0.3081567883491516,0.5278195738792419,0.3268404006958008,2.8222198486328125,2.886627197265625,Fixation,1359.3782052077815,472.06016160674017,704.0,17.0,True,24,word,image,11.0
4008.0,1348.0477905273438,475.9427547454834,0.5166512131690979,0.3073956072330475,0.5265811681747437,0.3305158019065857,2.815780639648437,2.8987274169921875,Fixation,1359.3782052077815,472.06016160674017,704.0,17.0,True,24,word,image,11.0
4012.0,1345.0582885742188,466.67664527893066,0.5148453116416931,0.3059896528720855,0.5254133939743042,0.3240810036659241,2.82806396484375,2.892608642578125,Fixation,1359.3782052077815,472.06016160674017,704.0,17.0,True,24,word,image,11.0
4016.0,1346.4176940917969,469.84783172607416,0.5119622349739075,0.3138221800327301,0.5259444117546082,0.3262832164764404,2.8209991455078125,2.8855133056640625,Fixation,1359.3782052077815,472.06016160674017,704.0,17.0,True,24,word,image,11.0
4020.0,1344.586181640625,468.7636184692383,0.5136299133300781,0.3115523755550384,0.5252289772033691,0.3255302906036377,2.82366943359375,2.885589599609375,Fixation,1359.3782052077815,472.06016160674017,704.0,17.0,True,24,word,image,11.0
4024.0,1342.3324584960938,464.89110946655273,0.5134479403495789,0.3089708387851715,0.5243486166000366,0.3228410482406616,2.8211669921875,2.879058837890625,Fixation,1359.3782052077815,472.06016160674017,704.0,17.0,True,24,word,image,11.0
4028.0,1347.6530456542969,471.8563556671142,0.5144795179367065,0.3120943009853363,0.5264269709587097,0.3276780247688293,2.8146514892578125,2.8943328857421875,Fixation,1359.3782052077815,472.06016160674017,704.0,17.0,True,24,word,image,11.0
4032.0,1346.3421630859375,476.89195632934565,0.5134238004684448,0.3089444935321808,0.5259149074554443,0.3311749696731567,2.824813842773437,2.896514892578125,Fixation,1359.3782052077815,472.06016160674017,704.0,17.0,True,24,word,image,11.0
4036.0,1346.1424255371094,477.51873493194574,0.5162715911865234,0.3119086623191833,0.5258368849754333,0.331610232591629,2.821319580078125,2.884429931640625,Fixation,1359.3782052077815,472.06016160674017,704.0,17.0,True,24,word,image,11.0
4040.0,1343.8470458984375,482.1047115325927,0.5149346590042114,0.314754843711853,0.5249402523040771,0.3347949385643005,2.8141632080078125,2.8941650390625,Fixation,1359.3782052077815,472.06016160674017,704.0,17.0,True,24,word,image,11.0
4044.0,1349.53369140625,481.43055438995356,0.5124735832214355,0.3079838454723358,0.5271615982055664,0.3343267738819122,2.81732177734375,2.891952514648437,Fixation,1359.3782052077815,472.06016160674017,704.0,17.0,True,24,word,image,11.0
4048.0,1342.5634765625,479.01072978973383,0.5150617957115173,0.3151910305023193,0.5244388580322266,0.3326463401317596,2.82244873046875,2.8874053955078125,Fixation,1359.3782052077815,472.06016160674017,704.0,17.0,True,24,word,image,11.0
4052.0,1344.2855834960938,477.51667499542236,0.5154852271080017,0.3073925375938415,0.5251115560531616,0.3316088020801544,2.812652587890625,2.899261474609375,Fixation,1359.3782052077815,472.06016160674017,704.0,17.0,True,24,word,image,11.0
4056.0,1343.9518737792969,480.8656597137451,0.5141370892524719,0.3142372369766235,0.5249812006950378,0.333934485912323,2.8275299072265625,2.9044647216796875,Fixation,1359.3782052077815,472.06016160674017,704.0,17.0,True,24,word,image,11.0
4060.0,1347.4354553222656,481.8973445892334,0.514504611492157,0.3070541024208069,0.52634197473526,0.3346509337425232,2.80792236328125,2.88836669921875,Fixation,1359.3782052077815,472.06016160674017,704.0,17.0,True,24,word,image,11.0
4064.0,1344.9481201171875,475.0019216537475,0.5143495202064514,0.3061672747135162,0.5253703594207764,0.3298624455928802,2.8142547607421875,2.88250732421875,Fixation,1359.3782052077815,472.06016160674017,704.0,17.0,True,24,word,image,11.0
4068.0,1346.1305236816406,476.82058811187744,0.5125609636306763,0.3116359114646911,0.5258322358131409,0.331125408411026,2.8188018798828125,2.888046264648437,Fixation,1359.3782052077815,472.06016160674017,704.0,17.0,True,24,word,image,11.0
4072.0,1341.2936401367188,473.3982610702514,0.5140745639801025,0.3095194697380066,0.5239428281784058,0.3287487924098968,2.830718994140625,2.8733367919921875,Fixation,1359.3782052077815,472.06016160674017,704.0,17.0,True,24,word,image,11.0
4076.0,1341.1947631835938,467.2837257385254,0.5151451230049133,0.3113244175910949,0.5239042043685913,0.3245025873184204,2.8170623779296875,2.8788604736328125,Fixation,1359.3782052077815,472.06016160674017,704.0,17.0,True,24,word,image,11.0
4080.0,1346.888427734375,463.163251876831,0.5134637951850891,0.3083467483520508,0.5261282920837402,0.3216411471366882,2.820037841796875,2.88092041015625,Fixation,1359.3782052077815,472.06016160674017,704.0,17.0,True,24,word,image,11.0
4084.0,1338.5237121582031,467.7930450439453,0.5154006481170654,0.30858114361763,0.5228608250617981,0.3248562812805176,2.8130035400390625,2.872665405273437,Fixation,1359.3782052077815,472.06016160674017,704.0,17.0,True,24,word,image,11.0
4088.0,1338.037109375,472.3100566864013,0.5137698650360107,0.3107201159000397,0.5226707458496094,0.327993094921112,2.8228302001953125,2.86749267578125,Fixation,1359.3782052077815,472.06016160674017,704.0,17.0,True,24,word,image,11.0
4092.0,1336.8562316894531,471.2427091598511,0.5131992101669312,0.3134085834026336,0.5222094655036926,0.3272518813610077,2.815704345703125,2.892120361328125,Fixation,1359.3782052077815,472.06016160674017,704.0,17.0,True,24,word,image,11.0
4096.0,1334.6382141113281,467.40079879760737,0.5145879983901978,0.3081400096416473,0.5213430523872375,0.324583888053894,2.817123413085937,2.8702392578125,Fixation,1359.3782052077815,472.06016160674017,704.0,17.0,True,24,word,image,11.0
4100.0,1338.5844421386719,480.31213760375977,0.5162199139595032,0.3126902878284454,0.5228845477104187,0.3335500955581665,2.8155670166015625,2.8851776123046875,Fixation,1359.3782052077815,472.06016160674017,704.0,17.0,True,24,word,image,11.0
4104.0,1335.2104187011719,468.5583543777465,0.5132232308387756,0.3073581159114837,0.5215665698051453,0.3253877460956573,2.818115234375,2.8868865966796875,Fixation,1359.3782052077815,472.06016160674017,704.0,17.0,True,24,word,image,11.0
4108.0,1331.5975952148438,477.47826576232904,0.5151097774505615,0.310326874256134,0.5201553106307983,0.3315821290016174,2.8104248046875,2.8853759765625,Fixation,1359.3782052077815,472.06016160674017,704.0,17.0,True,24,word,image,11.0
4112.0,1345.3530883789062,475.09122848510737,0.5155572891235352,0.3062904775142669,0.5255285501480103,0.329924464225769,2.802276611328125,2.871185302734375,Fixation,1359.3782052077815,472.06016160674017,704.0,17.0,True,24,word,image,11.0
4116.0,1338.1208801269531,468.858675956726,0.513258695602417,0.3127658665180206,0.5227034687995911,0.3255963027477264,2.8097076416015625,2.8722076416015625,Fixation,1359.3782052077815,472.06016160674017,704.0,17.0,True,24,word,image,11.0
4120.0,1339.6083068847656,462.6450490951538,0.5158827900886536,0.3133651912212372,0.5232844948768616,0.3212812840938568,2.80401611328125,2.8640594482421875,Fixation,1359.3782052077815,472.06016160674017,704.0,17.0,True,24,word,image,11.0
4124.0,1340.7913208007812,472.16835021972656,0.5136492848396301,0.3116977214813232,0.5237466096878052,0.3278946876525879,2.8073272705078125,2.872406005859375,Fixation,1359.3782052077815,472.06016160674017,704.0,17.0,True,24,word,image,11.0
4128.0,1338.8096618652344,488.7199401855469,0.5144612193107605,0.3092060387134552,0.5229725241661072,0.3393888473510742,2.805648803710937,2.901397705078125,Fixation,1359.3782052077815,472.06016160674017,704.0,17.0,True,24,word,image,11.0
4132.0,1345.1849365234375,469.7222185134887,0.5130864381790161,0.3150463998317718,0.5254628658294678,0.3261959850788116,2.8206329345703125,2.856231689453125,Fixation,1359.3782052077815,472.06016160674017,704.0,17.0,True,24,word,image,11.0
4136.0,1344.1850280761719,471.4460849761963,0.5132961273193359,0.3161327242851257,0.5250722765922546,0.327393114566803,2.817367553710937,2.8647918701171875,Fixation,1359.3782052077815,472.06016160674017,704.0,17.0,True,24,word,image,11.0
4140.0,1340.9146118164062,468.9302587509155,0.5114195346832275,0.3079360127449035,0.5237947702407837,0.3256460130214691,2.8077850341796875,2.8562469482421875,Fixation,1359.3782052077815,472.06016160674017,704.0,17.0,True,24,word,image,11.0
4144.0,1336.6554260253906,475.1203680038452,0.516678512096405,0.3132594525814056,0.5221310257911682,0.3299447000026703,2.7884521484375,2.879241943359375,Fixation,1359.3782052077815,472.06016160674017,704.0,17.0,True,24,word,image,11.0
4148.0,1341.8084716796875,480.96968650817865,0.5142631530761719,0.3075398802757263,0.5241439342498779,0.3340067267417907,2.7971954345703125,2.8802032470703125,Fixation,1359.3782052077815,472.06016160674017,704.0,17.0,True,24,word,image,11.0
4152.0,1342.6869201660156,476.80985927581787,0.5163782238960266,0.3144179880619049,0.5244870781898499,0.3311179578304291,2.805023193359375,2.859405517578125,Fixation,1359.3782052077815,472.06016160674017,704.0,17.0,True,24,word,image,11.0
4156.0,1334.9435424804688,475.26237487792963,0.5163569450378418,0.3082671165466308,0.5214623212814331,0.3300433158874511,2.780303955078125,2.87127685546875,Fixation,1359.3782052077815,472.06016160674017,704.0,17.0,True,24,word,image,11.0
4160.0,1339.1653442382812,476.5365314483642,0.5171012282371521,0.3125886619091034,0.5231114625930786,0.3309281468391418,2.7965087890625,2.8666229248046875,Fixation,1359.3782052077815,472.06016160674017,704.0,17.0,True,24,word,image,11.0
4164.0,1342.6205444335938,481.9824457168579,0.514004647731781,0.3055594563484192,0.5244611501693726,0.334710031747818,2.790283203125,2.8754119873046875,Fixation,1359.3782052077815,472.06016160674017,704.0,17.0,True,24,word,image,11.0
4168.0,1339.9568176269531,478.02238941192627,0.5174372792243958,0.3064413070678711,0.5234206318855286,0.331959992647171,2.7922515869140625,2.877349853515625,Fixation,1359.3782052077815,472.06016160674017,704.0,17.0,True,24,word,image,11.0
4172.0,1338.5801696777344,479.4673061370849,0.5161183476448059,0.3105593621730804,0.522882878780365,0.3329634070396423,2.798828125,2.8647613525390625,Fixation,1359.3782052077815,472.06016160674017,704.0,17.0,True,24,word,image,11.0
4176.0,1337.2856140136719,485.1270675659179,0.5137321352958679,0.3098538219928741,0.5223771929740906,0.3368937969207763,2.785186767578125,2.8731689453125,Fixation,1359.3782052077815,472.06016160674017,704.0,17.0,True,24,word,image,11.0
4180.0,1338.5295104980469,474.34643268585205,0.5132290124893188,0.3112973570823669,0.5228630900382996,0.3294072449207306,2.7838592529296875,2.86444091796875,Fixation,1359.3782052077815,472.06016160674017,704.0,17.0,True,24,word,image,11.0
4184.0,1338.3197021484375,486.90140247344965,0.5152384042739868,0.3097839653491974,0.5227811336517334,0.3381259739398956,2.7969207763671875,2.870956420898437,Fixation,1359.3782052077815,472.06016160674017,704.0,17.0,True,24,word,image,11.0
4188.0,1339.4784545898438,485.3772640228271,0.5150501728057861,0.3013159334659576,0.5232337713241577,0.3370675444602966,2.797698974609375,2.875213623046875,Fixation,1359.3782052077815,472.06016160674017,704.0,17.0,True,24,word,image,11.0
4192.0,1340.7147216796875,481.93751335144043,0.5143994688987732,0.3107308149337768,0.5237166881561279,0.3346788287162781,2.787109375,2.864990234375,Fixation,1359.3782052077815,472.06016160674017,704.0,17.0,True,24,word,image,11.0
4196.0,1342.1279907226562,480.72665691375727,0.5153199434280396,0.3166438937187195,0.5242687463760376,0.3338379561901092,2.789413452148437,2.8706207275390625,Fixation,1359.3782052077815,472.06016160674017,704.0,17.0,True,24,word,image,11.0
4200.0,1333.1271362304688,484.4159603118896,0.5150737762451172,0.3162772357463836,0.5207527875900269,0.3363999724388122,2.786972045898437,2.863800048828125,Fixation,1359.3782052077815,472.06016160674017,704.0,17.0,True,24,word,image,11.0
4204.0,1335.4853820800781,476.0432195663452,0.5136356353759766,0.3144943714141845,0.5216739773750305,0.3305855691432953,2.786041259765625,2.8701171875,Fixation,1359.3782052077815,472.06016160674017,704.0,17.0,True,24,word,image,11.0
4208.0,1336.3951110839844,485.34224510192865,0.5130884051322937,0.3157994747161865,0.5220293402671814,0.3370432257652282,2.8013916015625,2.87445068359375,Fixation,1359.3782052077815,472.06016160674017,704.0,17.0,True,24,word,image,11.0
4212.0,1334.9932861328125,475.2614736557006,0.5149721503257751,0.3060727119445801,0.5214817523956299,0.330042690038681,2.769195556640625,2.8523406982421875,Fixation,1359.3782052077815,472.06016160674017,704.0,17.0,True,24,word,image,11.0
4216.0,1345.6709289550781,479.50867652893066,0.5144726037979126,0.3026555776596069,0.5256527066230774,0.3329921364784241,2.767181396484375,2.868026733398437,Fixation,1359.3782052077815,472.06016160674017,704.0,17.0,True,24,word,image,11.0
4220.0,1335.7029724121094,482.1717882156372,0.513152539730072,0.3012693226337433,0.5217589735984802,0.3348415195941925,2.7747802734375,2.8614044189453125,Fixation,1359.3782052077815,472.06016160674017,704.0,17.0,True,24,word,image,11.0
4224.0,1338.2217407226562,483.717942237854,0.5147339701652527,0.2997135818004608,0.5227428674697876,0.3359152376651764,2.7581329345703125,2.8557891845703125,Fixation,1359.3782052077815,472.06016160674017,704.0,17.0,True,24,word,image,11.0
4228.0,1340.0248718261719,485.89778423309326,0.513088047504425,0.302196055650711,0.5234472155570984,0.337429016828537,2.7710723876953125,2.8665313720703125,Fixation,1359.3782052077815,472.06016160674017,704.0,17.0,True,24,word,image,11.0
4232.0,1339.0284729003906,485.7032489776611,0.5164197087287903,0.3025076687335968,0.5230579972267151,0.3372939229011535,2.7629852294921875,2.86297607421875,Fixation,1359.3782052077815,472.06016160674017,704.0,17.0,True,24,word,image,11.0
4236.0,1337.882080078125,481.1972665786743,0.5159582495689392,0.301070362329483,0.5226101875305176,0.3341647684574127,2.782073974609375,2.866943359375,Fixation,1359.3782052077815,472.06016160674017,704.0,17.0,True,24,word,image,11.0
4240.0,1342.8572082519531,482.57420539855957,0.5131328701972961,0.3112077713012695,0.5245535969734192,0.3351209759712219,2.777801513671875,2.8612518310546875,Fixation,1359.3782052077815,472.06016160674017,704.0,17.0,True,24,word,image,11.0
4244.0,1337.7735900878906,482.94928550720215,0.5138275027275085,0.3089600205421448,0.5225678086280823,0.3353814482688904,2.771102905273437,2.8613739013671875,Fixation,1359.3782052077815,472.06016160674017,704.0,17.0,True,24,word,image,11.0
4248.0,1337.8074645996094,473.09823989868164,0.5141158699989319,0.3108131289482116,0.5225810408592224,0.3285404443740845,2.7751007080078125,2.8402862548828125,Fixation,1359.3782052077815,472.06016160674017,704.0,17.0,True,24,word,image,11.0
4252.0,1341.2370300292969,475.60784339904785,0.516914427280426,0.3140906989574432,0.5239207148551941,0.3302832245826721,2.794525146484375,2.840057373046875,Fixation,1359.3782052077815,472.06016160674017,704.0,17.0,True,24,word,image,11.0
4256.0,1345.1115417480469,472.2056007385254,0.5142180919647217,0.3081581890583038,0.5254341959953308,0.3279205560684204,2.775238037109375,2.846435546875,Fixation,1359.3782052077815,472.06016160674017,704.0,17.0,True,24,word,image,11.0
4260.0,1341.3401794433594,475.39288043975824,0.5169110894203186,0.3127190172672272,0.5239610075950623,0.3301339447498321,2.765380859375,2.841049194335937,Fixation,1359.3782052077815,472.06016160674017,704.0,17.0,True,24,word,image,11.0
4264.0,1344.556884765625,479.50026512145996,0.5166900157928467,0.313121348619461,0.5252175331115723,0.3329862952232361,2.778533935546875,2.842147827148437,Fixation,1359.3782052077815,472.06016160674017,704.0,17.0,True,24,word,image,11.0
4268.0,1348.6302185058594,471.87395095825195,0.5156375169754028,0.313715785741806,0.5268086791038513,0.3276902437210083,2.793243408203125,2.846298217773437,Fixation,1359.3782052077815,472.06016160674017,704.0,17.0,True,24,word,image,11.0
4272.0,1340.97900390625,479.2378807067871,0.5154627561569214,0.3151398599147796,0.5238199234008789,0.3328040838241577,2.78131103515625,2.858993530273437,Fixation,1359.3782052077815,472.06016160674017,704.0,17.0,True,24,word,image,11.0
4276.0,1342.1975708007812,474.52028274536127,0.5156702995300293,0.3056885004043579,0.5242959260940552,0.3295279741287231,2.78411865234375,2.841339111328125,Fixation,1359.3782052077815,472.06016160674017,704.0,17.0,True,24,word,image,11.0
4280.0,1340.9747314453125,473.8216638565063,0.5142530798912048,0.3142348229885101,0.5238182544708252,0.3290428221225738,2.7675018310546875,2.837677001953125,Fixation,1359.3782052077815,472.06016160674017,704.0,17.0,True,24,word,image,11.0
4284.0,1346.2158203125,472.91275978088373,0.5136529207229614,0.3089217245578766,0.5258655548095703,0.3284116387367248,2.779205322265625,2.842315673828125,Fixation,1359.3782052077815,472.06016160674017,704.0,17.0,True,24,word,image,11.0
4288.0,1349.4821166992188,469.82676029205317,0.5157023668289185,0.3077707290649414,0.5271414518356323,0.326268583536148,2.786117553710937,2.833251953125,Fixation,1359.3782052077815,472.06016160674017,704.0,17.0,True,24,word,image,11.0
4292.0,1355.4664611816406,460.82093238830566,0.5177896618843079,0.3032225668430328,0.5294790863990784,0.3200145363807678,2.77862548828125,2.845199584960937,Fixation,1359.3782052077815,472.06016160674017,704.0,17.0,True,24,word,image,11.0
4296.0,1371.5921020507812,462.15062141418457,0.5227747559547424,0.2959311306476593,0.5357781648635864,0.3209379315376282,2.752899169921875,2.849090576171875,Fixation,1359.3782052077815,472.06016160674017,704.0,17.0,True,24,word,image,11.0
4300.0,1381.9876098632812,465.70971965789795,0.5262616276741028,0.29373499751091,0.5398389101028442,0.3234095275402069,2.776840209960937,2.8412322998046875,Fixation,1359.3782052077815,472.06016160674017,704.0,17.0,True,24,word,image,11.0
4304.0,1380.2803039550781,471.63491249084467,0.5256736874580383,0.2943553030490875,0.5391719937324524,0.3275242447853088,2.7753143310546875,2.8473052978515625,Fixation,1359.3782052077815,472.06016160674017,704.0,17.0,True,24,word,image,11.0
4308.0,1389.2182922363281,464.777340888977,0.5264712572097778,0.2978209853172302,0.5426633954048157,0.3227620422840118,2.78643798828125,2.851654052734375,Fixation,1359.3782052077815,472.06016160674017,704.0,17.0,True,24,word,image,11.0
4312.0,1375.7412719726562,461.5260744094848,0.5271006226539612,0.2912300825119018,0.5373989343643188,0.32050421833992,2.7510528564453125,2.85516357421875,Fixation,1359.3782052077815,472.06016160674017,704.0,17.0,True,24,word,image,11.0
4316.0,1372.0979309082031,464.6957159042358,0.5242630839347839,0.2936890125274658,0.5359757542610168,0.3227053582668304,2.7719268798828125,2.842514038085937,Fixation,1359.3782052077815,472.06016160674017,704.0,17.0,True,24,word,image,11.0
4320.0,1378.7921142578125,469.5927429199218,0.5272881388664246,0.2905454337596893,0.538590669631958,0.3261060714721679,2.7637939453125,2.846893310546875,Fixation,1359.3782052077815,472.06016160674017,704.0,17.0,True,24,word,image,11.0
4324.0,1380.9042358398438,466.7615318298339,0.5272320508956909,0.2959827184677124,0.539415717124939,0.3241399526596069,2.77972412109375,2.826507568359375,Fixation,1359.3782052077815,472.06016160674017,704.0,17.0,True,24,word,image,11.0
4328.0,1384.4526672363281,464.83115673065186,0.5257226228713989,0.2957607209682464,0.5408018231391907,0.322799414396286,2.764923095703125,2.8313751220703125,Fixation,1359.3782052077815,472.06016160674017,704.0,17.0,True,24,word,image,11.0
4332.0,1374.4317626953125,463.6033916473388,0.5272231101989746,0.2905857861042022,0.5368874073028564,0.3219467997550964,2.770263671875,2.8397979736328125,Fixation,1359.3782052077815,472.06016160674017,704.0,17.0,True,24,word,image,11.0
4336.0,1379.4584655761719,469.9958038330078,0.5269802212715149,0.2917785346508026,0.5388509631156921,0.3263859748840332,2.7645721435546875,2.857574462890625,Fixation,1359.3782052077815,472.06016160674017,704.0,17.0,True,24,word,image,11.0
4340.0,1374.0390014648438,463.0377674102783,0.5256814360618591,0.3009345829486847,0.5367339849472046,0.3215540051460266,2.7796630859375,2.8288116455078125,Fixation,1359.3782052077815,472.06016160674017,704.0,17.0,True,24,word,image,11.0
4344.0,1378.9849853515625,466.29384040832514,0.5265824198722839,0.2984243929386139,0.5386660099029541,0.3238151669502258,2.775238037109375,2.8369140625,Fixation,1359.3782052077815,472.06016160674017,704.0,17.0,True,24,word,image,11.0
4348.0,1378.2696533203125,465.9285449981689,0.5274434089660645,0.3010784387588501,0.5383865833282471,0.3235614895820617,2.7845916748046875,2.825469970703125,Fixation,1359.3782052077815,472.06016160674017,704.0,17.0,True,24,word,image,11.0
4352.0,1375.6655883789062,462.36163616180414,0.5265896320343018,0.2952280938625335,0.5373693704605103,0.3210844695568084,2.771728515625,2.83526611328125,Fixation,1359.3782052077815,472.06016160674017,704.0,17.0,True,24,word,image,11.0
4356.0,1385.035400390625,479.2509698867797,0.5278876423835754,0.2959117293357849,0.5410294532775879,0.3328131735324859,2.761199951171875,2.848114013671875,Fixation,1359.3782052077815,472.06016160674017,704.0,17.0,True,24,word,image,11.0
4360.0,1380.5575561523438,465.86451530456543,0.5282066464424133,0.2993230819702148,0.5392802953720093,0.3235170245170593,2.7747344970703125,2.837631225585937,Fixation,1359.3782052077815,472.06016160674017,704.0,17.0,True,24,word,image,11.0
4364.0,1385.3721618652344,468.77876758575434,0.5283794403076172,0.2990773022174835,0.5411610007286072,0.3255408108234405,2.7678680419921875,2.82958984375,Fixation,1359.3782052077815,472.06016160674017,704.0,17.0,True,24,word,image,11.0
4368.0,1377.7210998535156,467.42453098297113,0.5268710255622864,0.3030323684215545,0.5381723046302795,0.3246003687381744,2.7738800048828125,2.831298828125,Fixation,1359.3782052077815,472.06016160674017,704.0,17.0,True,24,word,image,11.0
4372.0,1378.4858703613281,470.58619022369385,0.5294902324676514,0.2976812422275543,0.5384710431098938,0.3267959654331207,2.762298583984375,2.8289794921875,Fixation,1359.3782052077815,472.06016160674017,704.0,17.0,True,24,word,image,11.0
4376.0,1378.5342407226562,470.88136196136475,0.5288470387458801,0.3030475080013275,0.5384899377822876,0.3270009458065033,2.7759246826171875,2.8316192626953125,Fixation,1359.3782052077815,472.06016160674017,704.0,17.0,True,24,word,image,11.0
4380.0,1379.593505859375,468.73765468597406,0.5255563259124756,0.3026641607284546,0.5389037132263184,0.3255122601985931,2.78021240234375,2.836700439453125,Fixation,1359.3782052077815,472.06016160674017,704.0,17.0,True,24,word,image,11.0
4384.0,1377.8720092773438,469.4152450561523,0.5277708768844604,0.2977487742900848,0.5382312536239624,0.3259828090667724,2.78753662109375,2.8304901123046875,Fixation,1359.3782052077815,472.06016160674017,704.0,17.0,True,24,word,image,11.0
4388.0,1371.1245727539062,463.8613557815551,0.5294466018676758,0.2946110963821411,0.5355955362319946,0.3221259415149688,2.780303955078125,2.8111114501953125,Fixation,1359.3782052077815,472.06016160674017,704.0,17.0,True,24,word,image,11.0
4392.0,1376.9760131835938,465.2601385116577,0.5280711650848389,0.2975331544876098,0.5378812551498413,0.3230973184108734,2.763671875,2.82659912109375,Fixation,1359.3782052077815,472.06016160674017,704.0,17.0,True,24,word,image,11.0
4396.0,1375.9693908691406,464.6127605438232,0.5263484120368958,0.2983749508857727,0.5374880433082581,0.322647750377655,2.776519775390625,2.8070220947265625,Fixation,1359.3782052077815,472.06016160674017,704.0,17.0,True,24,word,image,11.0
4400.0,1380.6637573242188,466.8197679519653,0.5274497270584106,0.3019557297229767,0.539321780204773,0.324180394411087,2.781829833984375,2.827972412109375,Fixation,1359.3782052077815,472.06016160674017,704.0,17.0,True,24,word,image,11.0
4404.0,1373.797607421875,466.74569606781006,0.5281932950019836,0.2998542487621307,0.5366396903991699,0.3241289556026459,2.7572021484375,2.8236083984375,Fixation,1359.3782052077815,472.06016160674017,704.0,17.0,True,24,word,image,11.0
4408.0,1386.1514282226562,463.83431911468506,0.5285170078277588,0.2921969294548034,0.5414654016494751,0.3221071660518646,2.7684326171875,2.81488037109375,Fixation,1359.3782052077815,472.06016160674017,704.0,17.0,True,24,word,image,11.0
4412.0,1375.1771545410156,470.10639667510986,0.5264170169830322,0.2996087968349457,0.5371785759925842,0.3264627754688263,2.7606353759765625,2.821441650390625,Fixation,1359.3782052077815,472.06016160674017,704.0,17.0,True,24,word,image,11.0
4416.0,1386.6619873046875,461.7347717285156,0.5254050493240356,0.2955805659294128,0.5416648387908936,0.3206491470336914,2.7552490234375,2.821502685546875,Fixation,1359.3782052077815,472.06016160674017,704.0,17.0,True,24,word,image,11.0
4420.0,1378.8604736328125,468.97424697875977,0.5245438814163208,0.2965476512908935,0.5386173725128174,0.3256765604019165,2.7415313720703125,2.8200836181640625,Fixation,1359.3782052077815,472.06016160674017,704.0,17.0,True,24,word,image,11.0
4424.0,1382.8312683105469,470.5986356735229,0.5254168510437012,0.2956996858119964,0.5401684641838074,0.3268046081066131,2.7593536376953125,2.7977752685546875,Fixation,1359.3782052077815,472.06016160674017,704.0,17.0,True,24,word,image,11.0
4428.0,1380.9002685546875,462.6151371002197,0.5250765681266785,0.2946418523788452,0.5394141674041748,0.3212605118751526,2.746810913085937,2.8206024169921875,Fixation,1359.3782052077815,472.06016160674017,704.0,17.0,True,24,word,image,11.0
4432.0,1379.5440673828125,477.29746341705317,0.5256408452987671,0.2924590408802032,0.5388844013214111,0.331456571817398,2.761566162109375,2.8026885986328125,Fixation,1359.3782052077815,472.06016160674017,704.0,17.0,True,24,word,image,11.0
4436.0,1376.9024658203125,472.2113943099975,0.5280739068984985,0.2921966910362243,0.5378525257110596,0.3279245793819427,2.7563934326171875,2.813934326171875,Fixation,1359.3782052077815,472.06016160674017,704.0,17.0,True,24,word,image,11.0
4440.0,1384.2147827148438,462.42832660675043,0.5290720462799072,0.2995619475841522,0.5407088994979858,0.3211307823657989,2.7509307861328125,2.7971954345703125,Fixation,1359.3782052077815,472.06016160674017,704.0,17.0,True,24,word,image,11.0
4444.0,1380.0286865234375,466.1038112640381,0.5236645340919495,0.2978203892707824,0.5390737056732178,0.3236832022666931,2.7560272216796875,2.7890625,Fixation,1359.3782052077815,472.06016160674017,704.0,17.0,True,24,word,image,11.0
4448.0,1380.0886535644531,461.1112117767334,0.5262528657913208,0.2935776114463806,0.5390971302986145,0.3202161192893982,2.747894287109375,2.795867919921875,Fixation,1359.3782052077815,472.06016160674017,704.0,17.0,True,24,word,image,11.0
4452.0,1377.2784423828125,466.1327362060547,0.5257910490036011,0.2989256680011749,0.5379993915557861,0.3237032890319824,2.7505340576171875,2.798919677734375,Fixation,1359.3782052077815,472.06016160674017,704.0,17.0,True,24,word,image,11.0
4456.0,1377.5164794921875,464.5353412628174,0.5267373919487,0.2987128794193268,0.5380923748016357,0.3225939869880676,2.7403717041015625,2.7830963134765625,Fixation,1359.3782052077815,472.06016160674017,704.0,17.0,True,24,word,image,11.0
4460.0,1377.6292419433594,466.0841560363769,0.5287065505981445,0.2994881570339203,0.5381364226341248,0.3236695528030395,2.74395751953125,2.7924346923828125,Fixation,1359.3782052077815,472.06016160674017,704.0,17.0,True,24,word,image,11.0
4464.0,1382.174072265625,466.47528648376465,0.5287171006202698,0.3019997775554657,0.5399117469787598,0.323941171169281,2.741928100585937,2.787078857421875,Fixation,1359.3782052077815,472.06016160674017,704.0,17.0,True,24,word,image,11.0
4468.0,1377.3648071289062,473.3441877365112,0.5264691710472107,0.3063672482967376,0.538033127784729,0.3287112414836883,2.75689697265625,2.7974090576171875,Fixation,1359.3782052077815,472.06016160674017,704.0,17.0,True,24,word,image,11.0
4472.0,1383.5356140136719,461.0760641098022,0.5273703336715698,0.3020921647548675,0.5404435992240906,0.3201917111873626,2.7425537109375,2.7825927734375,Fixation,1359.3782052077815,472.06016160674017,704.0,17.0,True,24,word,image,11.0
4476.0,1381.007080078125,467.07528591156006,0.5271289944648743,0.3005224764347076,0.5394558906555176,0.3243578374385834,2.7275390625,2.7784576416015625,Fixation,1359.3782052077815,472.06016160674017,704.0,17.0,True,24,word,image,11.0
4480.0,1376.0902404785156,465.4579782485962,0.5275986790657043,0.2944426238536834,0.5375352501869202,0.3232347071170807,2.7487335205078125,2.785552978515625,Fixation,1359.3782052077815,472.06016160674017,704.0,17.0,True,24,word,image,11.0
4484.0,1383.189697265625,456.53574943542475,0.5264013409614563,0.3022297620773315,0.5403084754943848,0.3170387148857116,2.7313385009765625,2.775543212890625,Fixation,1359.3782052077815,472.06016160674017,704.0,17.0,True,24,word,image,11.0
4488.0,1384.7669982910156,460.99469661712646,0.525692343711853,0.2974236011505127,0.540924608707428,0.3201352059841156,2.734375,2.7806854248046875,Fixation,1359.3782052077815,472.06016160674017,704.0,17.0,True,24,word,image,11.0
4492.0,1378.4471130371094,466.60218715667725,0.5265745520591736,0.2986169457435608,0.5384559035301208,0.3240292966365814,2.7306365966796875,2.7800750732421875,Fixation,1359.3782052077815,472.06016160674017,704.0,17.0,True,24,word,image,11.0
4496.0,1379.2172241210938,474.73867893218994,0.5262687802314758,0.2949855327606201,0.5387567281723022,0.3296796381473541,2.706634521484375,2.791488647460937,Fixation,1359.3782052077815,472.06016160674017,704.0,17.0,True,24,word,image,11.0
4500.0,1381.0746765136719,464.63434696197504,0.5266783833503723,0.2944308519363403,0.5394822955131531,0.322662740945816,2.7163848876953125,2.7816619873046875,Fixation,1359.3782052077815,472.06016160674017,704.0,17.0,True,24,word,image,11.0
4504.0,1372.0948791503906,476.07999801635737,0.5256773233413696,0.2934637665748596,0.5359745621681213,0.3306111097335815,2.7292022705078125,2.7975311279296875,Fixation,1359.3782052077815,472.06016160674017,704.0,17.0,True,24,word,image,11.0
4508.0,1370.4576110839844,478.8399267196655,0.5264527797698975,0.2989741861820221,0.5353350043296814,0.3325277268886566,2.7259063720703125,2.78179931640625,Fixation,1359.3782052077815,472.06016160674017,704.0,17.0,True,24,word,image,11.0
4512.0,1381.7231750488281,473.583869934082,0.5272383093833923,0.3012561500072479,0.5397356152534485,0.3288776874542236,2.732391357421875,2.785629272460937,Fixation,1359.3782052077815,472.06016160674017,704.0,17.0,True,24,word,image,11.0
4516.0,1384.7988891601562,467.5897550582885,0.5246292352676392,0.3067291676998138,0.540937066078186,0.324715107679367,2.729461669921875,2.787872314453125,Fixation,1359.3782052077815,472.06016160674017,704.0,17.0,True,24,word,image,11.0
4520.0,1378.0569458007812,469.1508865356445,0.5269895195960999,0.3056049048900604,0.5383034944534302,0.3257992267608642,2.734771728515625,2.7870635986328125,Fixation,1359.3782052077815,472.06016160674017,704.0,17.0,True,24,word,image,11.0
4524.0,1384.7891235351562,462.80799865722656,0.5270844101905823,0.3017185926437378,0.5409332513809204,0.3213944435119629,2.717529296875,2.773788452148437,Fixation,1359.3782052077815,472.06016160674017,704.0,17.0,True,24,word,image,11.0
4528.0,1377.8631591796875,467.96715259551996,0.526526689529419,0.2998806238174438,0.5382277965545654,0.3249771893024444,2.702301025390625,2.7694244384765625,Fixation,1359.3782052077815,472.06016160674017,704.0,17.0,True,24,word,image,11.0
4532.0,1379.0280151367188,471.00860595703125,0.5253090262413025,0.3017727136611938,0.5386828184127808,0.3270893096923828,2.727645874023437,2.76885986328125,Fixation,1359.3782052077815,472.06016160674017,704.0,17.0,True,24,word,image,11.0
4536.0,1376.9476318359375,472.63621330261225,0.5282396078109741,0.3029117882251739,0.5378701686859131,0.3282195925712585,2.722320556640625,2.7689208984375,Fixation,1359.3782052077815,472.06016160674017,704.0,17.0,True,24,word,image,11.0
4540.0,1382.0039367675781,466.9116497039795,0.5266242623329163,0.3086173236370086,0.5398452877998352,0.3242442011833191,2.7208404541015625,2.757308959960937,Fixation,1359.3782052077815,472.06016160674017,704.0,17.0,True,24,word,image,11.0
4544.0,1382.8944396972656,466.7030382156372,0.5251955986022949,0.3032814860343933,0.5401931405067444,0.3240993320941925,2.7152099609375,2.748321533203125,Fixation,1359.3782052077815,472.06016160674017,704.0,17.0,True,24,word,image,11.0
4548.0,1376.197509765625,467.7615022659302,0.5269632339477539,0.29653000831604,0.5375771522521973,0.3248343765735626,2.7065582275390625,2.7718658447265625,Fixation,1359.3782052077815,472.06016160674017,704.0,17.0,True,24,word,image,11.0
4552.0,1378.3187866210938,473.6669969558716,0.5253359079360962,0.2999890744686126,0.5384057760238647,0.3289354145526886,2.711578369140625,2.7663116455078125,Fixation,1359.3782052077815,472.06016160674017,704.0,17.0,True,24,word,image,11.0
4556.0,1380.4527282714844,467.807765007019,0.5287905335426331,0.3042050898075104,0.5392393469810486,0.3248665034770965,2.7134246826171875,2.7644805908203125,Fixation,1359.3782052077815,472.06016160674017,704.0,17.0,True,24,word,image,11.0
4560.0,1378.2656860351562,469.1229915618896,0.5275513529777527,0.2991207242012024,0.5383850336074829,0.3257798552513122,2.7225494384765625,2.77105712890625,Fixation,1359.3782052077815,472.06016160674017,704.0,17.0,True,24,word,image,11.0
4564.0,1374.8382568359375,471.9252347946167,0.5268539786338806,0.302147626876831,0.5370461940765381,0.3277258574962616,2.719451904296875,2.7871856689453125,Fixation,1359.3782052077815,472.06016160674017,704.0,17.0,True,24,word,image,11.0
4568.0,1379.6548461914062,468.05401325225824,0.5268064737319946,0.304034024477005,0.5389276742935181,0.3250375092029571,2.7088623046875,2.7613525390625,Fixation,1359.3782052077815,472.06016160674017,704.0,17.0,True,24,word,image,11.0
4572.0,1376.2654113769531,471.45316600799555,0.5273646116256714,0.3021631240844726,0.5376036763191223,0.3273980319499969,2.7067413330078125,2.760848999023437,Fixation,1359.3782052077815,472.06016160674017,704.0,17.0,True,24,word,image,11.0
4576.0,1383.431396484375,472.123761177063,0.5269638299942017,0.2992616295814514,0.540402889251709,0.3278637230396271,2.690414428710937,2.76068115234375,Fixation,1359.3782052077815,472.06016160674017,704.0,17.0,True,24,word,image,11.0
4580.0,1377.7726745605469,466.39649391174316,0.5248921513557434,0.2995490133762359,0.5381924510002136,0.3238864541053772,2.692245483398437,2.758895874023437,Fixation,1359.3782052077815,472.06016160674017,704.0,17.0,True,24,word,image,11.0
4584.0,1375.7768249511719,463.9285612106323,0.5253540277481079,0.3019492328166961,0.5374128222465515,0.322172611951828,2.706512451171875,2.756820678710937,Fixation,1359.3782052077815,472.06016160674017,704.0,17.0,True,24,word,image,11.0
4588.0,1378.0717468261719,462.67487525939936,0.5261319279670715,0.3005125820636749,0.5383092761039734,0.3213019967079162,2.6855010986328125,2.745468139648437,Fixation,1359.3782052077815,472.06016160674017,704.0,17.0,True,24,word,image,11.0
4592.0,1380.7002258300781,476.5378618240356,0.5262280106544495,0.3053124845027923,0.5393360257148743,0.3309290707111358,2.7148590087890625,2.7541656494140625,Fixation,1359.3782052077815,472.06016160674017,704.0,17.0,True,24,word,image,11.0
4596.0,1368.3380126953125,475.32069683074945,0.5265704393386841,0.3120477795600891,0.5345070362091064,0.330083817243576,2.6934051513671875,2.7478485107421875,Fixation,1359.3782052077815,472.06016160674017,704.0,17.0,True,24,word,image,11.0
4600.0,1371.3803100585938,501.991639137268,0.5248715281486511,0.3254913985729217,0.5356954336166382,0.3486053049564361,2.694931030273437,2.751739501953125,Fixation,1359.3782052077815,472.06016160674017,704.0,17.0,True,24,word,image,11.0
4604.0,1350.4206848144531,543.2433271408081,0.5170292258262634,0.3476645350456238,0.5275080800056458,0.3772523105144501,2.684677124023437,2.7132568359375,Saccade,,,,0.0,False,25,,,
4608.0,1331.3621520996094,591.0742378234863,0.5095850825309753,0.3908530175685882,0.5200633406639099,0.4104682207107544,2.6643524169921875,2.70452880859375,Saccade,,,,0.0,False,25,,,
4612.0,1294.9452209472656,642.5877571105956,0.496419608592987,0.4094929099082947,0.5058379769325256,0.4462414979934692,2.6223602294921875,2.69171142578125,Saccade,,,,0.0,False,25,,,
4616.0,1269.349899291992,663.3329486846924,0.4827577769756317,0.4521433413028717,0.4958398044109344,0.4606478810310364,2.640243530273437,2.640625,Saccade,,,,0.0,False,25,,,
4620.0,1238.759765625,708.2184934616089,0.4646063148975372,0.4628220200538635,0.4838905334472656,0.4918183982372284,2.5829315185546875,2.6309051513671875,Saccade,,,,0.0,False,25,,,
4624.0,1192.4587249755857,796.6844844818115,0.4583503007888794,0.5429918766021729,0.4658041894435882,0.5532531142234802,2.656600952148437,2.713958740234375,Saccade,,,,0.0,False,25,,,
4628.0,1177.456359863281,864.0918731689453,0.4493628740310669,0.5465438365936279,0.4599438905715942,0.6000638008117676,2.580108642578125,2.738525390625,Saccade,,,,0.0,False,25,,,
4632.0,1178.8282775878906,908.439474105835,0.4514689147472381,0.6038772463798523,0.4604797959327698,0.6308607459068298,2.63458251953125,2.7022857666015625,Saccade,,,,0.0,False,25,,,
4636.0,1179.4963836669922,953.0480003356934,0.4501838982105255,0.6329788565635681,0.4607407748699188,0.6618388891220093,2.6291961669921875,2.697860717773437,Saccade,,,,0.0,False,25,,,
4640.0,1165.0949096679688,993.2605361938477,0.4416640698909759,0.6706541776657104,0.4551151990890503,0.6897642612457275,2.638763427734375,2.69085693359375,Saccade,,,,0.0,False,25,,,
4644.0,1149.2945861816404,1032.6900386810303,0.4380578994750976,0.6977878212928772,0.4489431977272033,0.7171458601951599,2.645614624023437,2.696395874023437,Fixation,1151.9769375566123,1085.618665943975,272.0,18.0,True,26,word,pink,4.0
4648.0,1150.4012298583984,1068.1874656677246,0.4334343075752258,0.7248961925506592,0.4493754804134369,0.7417968511581421,2.6622772216796875,2.671051025390625,Fixation,1151.9769375566123,1085.618665943975,272.0,18.0,True,26,word,pink,4.0
4652.0,1159.7682189941406,1081.8193531036377,0.4382284283638,0.7397634387016296,0.4530344605445862,0.751263439655304,2.679351806640625,2.6829376220703125,Fixation,1151.9769375566123,1085.618665943975,272.0,18.0,True,26,word,pink,4.0
4656.0,1155.1934051513672,1089.572525024414,0.4348216950893402,0.7418055534362793,0.4512474238872528,0.7566475868225098,2.6781463623046875,2.6900787353515625,Fixation,1151.9769375566123,1085.618665943975,272.0,18.0,True,26,word,pink,4.0
4660.0,1162.632827758789,1072.1979904174805,0.4358020424842834,0.7425763607025146,0.454153448343277,0.744581937789917,2.6728668212890625,2.6982879638671875,Fixation,1151.9769375566123,1085.618665943975,272.0,18.0,True,26,word,pink,4.0
4664.0,1155.2981567382812,1068.6192798614502,0.4315843880176544,0.7429270148277283,0.4512883424758911,0.7420967221260071,2.67437744140625,2.681976318359375,Fixation,1151.9769375566123,1085.618665943975,272.0,18.0,True,26,word,pink,4.0
4668.0,1159.6676635742188,1076.658697128296,0.4324864149093628,0.7385558485984802,0.4529951810836792,0.7476796507835388,2.665863037109375,2.6842498779296875,Fixation,1151.9769375566123,1085.618665943975,272.0,18.0,True,26,word,pink,4.0
4672.0,1159.9952697753904,1078.4128189086914,0.4324598014354706,0.7401217222213745,0.4531231522560119,0.7488977909088135,2.673568725585937,2.687255859375,Fixation,1151.9769375566123,1085.618665943975,272.0,18.0,True,26,word,pink,4.0
4676.0,1153.154373168945,1081.385736465454,0.4341701567173004,0.7487911581993103,0.4504509270191192,0.7509623169898987,2.6781158447265625,2.6914825439453125,Fixation,1151.9769375566123,1085.618665943975,272.0,18.0,True,26,word,pink,4.0
4680.0,1147.6403808593748,1087.7681922912598,0.4291272461414337,0.7434598207473755,0.4482970237731933,0.7553945779800415,2.662139892578125,2.6704559326171875,Fixation,1151.9769375566123,1085.618665943975,272.0,18.0,True,26,word,pink,4.0
4684.0,1147.3622131347656,1081.8913650512695,0.4304619133472442,0.7485551238059998,0.4481883645057678,0.7513134479522705,2.6768341064453125,2.692626953125,Fixation,1151.9769375566123,1085.618665943975,272.0,18.0,True,26,word,pink,4.0
4688.0,1145.1382446289062,1086.4385890960693,0.4350106120109558,0.7478854656219482,0.4473196268081665,0.7544712424278259,2.672149658203125,2.714141845703125,Fixation,1151.9769375566123,1085.618665943975,272.0,18.0,True,26,word,pink,4.0
4692.0,1152.1283721923826,1082.1961498260498,0.4325520694255829,0.7478235960006714,0.4500501453876495,0.7515251040458679,2.674285888671875,2.6912384033203125,Fixation,1151.9769375566123,1085.618665943975,272.0,18.0,True,26,word,pink,4.0
4696.0,1147.5997161865234,1078.0089855194092,0.4326505959033966,0.7491259574890137,0.4482811391353607,0.7486173510551453,2.6779937744140625,2.677352905273437,Fixation,1151.9769375566123,1085.618665943975,272.0,18.0,True,26,word,pink,4.0
4700.0,1160.7181549072266,1078.714942932129,0.4335897564888,0.7504398822784424,0.4534055292606354,0.7491075992584229,2.69488525390625,2.68121337890625,Fixation,1151.9769375566123,1085.618665943975,272.0,18.0,True,26,word,pink,4.0
4704.0,1153.5929107666013,1078.225622177124,0.4334175586700439,0.7523324489593506,0.4506222307682037,0.7487677931785583,2.6749267578125,2.6946258544921875,Fixation,1151.9769375566123,1085.618665943975,272.0,18.0,True,26,word,pink,4.0
4708.0,1155.5562591552734,1081.1300468444824,0.4326068460941314,0.7416206002235413,0.4513891637325287,0.7507847547531128,2.67449951171875,2.697509765625,Fixation,1151.9769375566123,1085.618665943975,272.0,18.0,True,26,word,pink,4.0
4712.0,1158.642578125,1075.7201385498047,0.4295459687709808,0.7479518055915833,0.4525947570800781,0.7470278739929199,2.6559295654296875,2.6821746826171875,Fixation,1151.9769375566123,1085.618665943975,272.0,18.0,True,26,word,pink,4.0
4716.0,1154.3942260742188,1087.6094055175781,0.4334132671356201,0.7520452737808228,0.4509352445602417,0.755284309387207,2.6847686767578125,2.713363647460937,Fixation,1151.9769375566123,1085.618665943975,272.0,18.0,True,26,word,pink,4.0
4720.0,1152.5495147705078,1085.7301425933838,0.4340632259845733,0.7454128861427307,0.4502146542072296,0.7539792656898499,2.66900634765625,2.705841064453125,Fixation,1151.9769375566123,1085.618665943975,272.0,18.0,True,26,word,pink,4.0
4724.0,1148.9642333984373,1092.5335121154785,0.4325115084648132,0.746880054473877,0.4488141536712646,0.7587038278579712,2.6668701171875,2.708099365234375,Fixation,1151.9769375566123,1085.618665943975,272.0,18.0,True,26,word,pink,4.0
4728.0,1153.3980560302732,1079.020586013794,0.4332470297813415,0.7454771399497986,0.4505461156368255,0.749319851398468,2.664413452148437,2.6874542236328125,Fixation,1151.9769375566123,1085.618665943975,272.0,18.0,True,26,word,pink,4.0
4732.0,1156.068344116211,1087.3079681396484,0.4316235482692718,0.7499966025352478,0.4515891969203949,0.7550749778747559,2.6659088134765625,2.7040252685546875,Fixation,1151.9769375566123,1085.618665943975,272.0,18.0,True,26,word,pink,4.0
4736.0,1160.0489807128906,1083.4725379943848,0.4349845349788666,0.7500113844871521,0.4531441330909729,0.7524114847183228,2.6629638671875,2.7112579345703125,Fixation,1151.9769375566123,1085.618665943975,272.0,18.0,True,26,word,pink,4.0
4740.0,1152.2367095947263,1087.9149627685547,0.4316101372241974,0.7502861618995667,0.45009246468544,0.7554965019226074,2.659820556640625,2.7038726806640625,Fixation,1151.9769375566123,1085.618665943975,272.0,18.0,True,26,word,pink,4.0
4744.0,1151.82502746582,1086.117753982544,0.435713529586792,0.7502313256263733,0.449931651353836,0.7542484402656555,2.6810455322265625,2.709701538085937,Fixation,1151.9769375566123,1085.618665943975,272.0,18.0,True,26,word,pink,4.0
4748.0,1156.3340759277341,1084.529628753662,0.4363517761230469,0.7478958368301392,0.4516929984092712,0.7531455755233765,2.6770172119140625,2.702392578125,Fixation,1151.9769375566123,1085.618665943975,272.0,18.0,True,26,word,pink,4.0
4752.0,1147.6064300537107,1083.5272121429443,0.4343581795692444,0.7416175603866577,0.4482837617397308,0.7524494528770447,2.6780548095703125,2.736968994140625,Fixation,1151.9769375566123,1085.618665943975,272.0,18.0,True,26,word,pink,4.0
4756.0,1149.576644897461,1085.3314590454102,0.4318544864654541,0.7463752031326294,0.4490533769130707,0.7537024021148682,2.6701202392578125,2.7140350341796875,Fixation,1151.9769375566123,1085.618665943975,272.0,18.0,True,26,word,pink,4.0
4760.0,1145.045700073242,1091.1379051208496,0.4356100559234619,0.7500891089439392,0.4472834765911102,0.7577346563339233,2.687347412109375,2.7292938232421875,Fixation,1151.9769375566123,1085.618665943975,272.0,18.0,True,26,word,pink,4.0
4764.0,1151.5770721435545,1087.5489807128906,0.4333010613918304,0.7505285739898682,0.449834793806076,0.7552423477172852,2.6829071044921875,2.7159881591796875,Fixation,1151.9769375566123,1085.618665943975,272.0,18.0,True,26,word,pink,4.0
4768.0,1152.0034790039062,1096.8719100952148,0.4359496235847473,0.7534102201461792,0.4500013589859009,0.7617166042327881,2.686386108398437,2.718902587890625,Fixation,1151.9769375566123,1085.618665943975,272.0,18.0,True,26,word,pink,4.0
4772.0,1147.72705078125,1079.5658683776855,0.4335376024246216,0.754806637763977,0.4483308792114258,0.7496985197067261,2.689300537109375,2.7052764892578125,Fixation,1151.9769375566123,1085.618665943975,272.0,18.0,True,26,word,pink,4.0
4776.0,1149.1601562499998,1084.9199867248535,0.4348861277103424,0.7535482048988342,0.4488906860351562,0.7534166574478149,2.687728881835937,2.733993530273437,Fixation,1151.9769375566123,1085.618665943975,272.0,18.0,True,26,word,pink,4.0
4780.0,1141.9641113281248,1081.2258338928223,0.4314307868480682,0.7526981234550476,0.4460797309875488,0.7508512735366821,2.674301147460937,2.722030639648437,Fixation,1151.9769375566123,1085.618665943975,272.0,18.0,True,26,word,pink,4.0
4784.0,1145.5745697021482,1088.2867813110352,0.4359617233276367,0.748947262763977,0.4474900662899017,0.7557547092437744,2.6833038330078125,2.7447052001953125,Fixation,1151.9769375566123,1085.618665943975,272.0,18.0,True,26,word,pink,4.0
4788.0,1153.8403320312498,1089.3649005889893,0.4337099492549896,0.7513359785079956,0.450718879699707,0.7565034031867981,2.685302734375,2.7246856689453125,Fixation,1151.9769375566123,1085.618665943975,272.0,18.0,True,26,word,pink,4.0
4792.0,1156.5193939208982,1082.7281284332275,0.4332382082939148,0.7503889799118042,0.4517653882503509,0.7518945336341858,2.677947998046875,2.720550537109375,Fixation,1151.9769375566123,1085.618665943975,272.0,18.0,True,26,word,pink,4.0
4796.0,1143.0912780761716,1078.6031913757324,0.4343930780887604,0.7490297555923462,0.4465200304985046,0.7490299940109253,2.681427001953125,2.7183837890625,Fixation,1151.9769375566123,1085.618665943975,272.0,18.0,True,26,word,pink,4.0
4800.0,1154.0941619873047,1096.7120933532715,0.4313541650772095,0.7521616816520691,0.4508180320262909,0.7616056203842163,2.683258056640625,2.7484588623046875,Fixation,1151.9769375566123,1085.618665943975,272.0,18.0,True,26,word,pink,4.0
4804.0,1159.5129394531248,1082.1419048309326,0.4325353503227234,0.7533915042877197,0.4529347419738769,0.7514874339103699,2.685333251953125,2.7310943603515625,Fixation,1151.9769375566123,1085.618665943975,272.0,18.0,True,26,word,pink,4.0
4808.0,1155.07568359375,1096.7526054382324,0.4294494688510895,0.7463372945785522,0.4512014389038086,0.7616337537765503,2.699493408203125,2.7454376220703125,Fixation,1151.9769375566123,1085.618665943975,272.0,18.0,True,26,word,pink,4.0
4812.0,1157.990798950195,1082.6831531524658,0.4336083531379699,0.7482307553291321,0.45234015583992,0.7518633008003235,2.696929931640625,2.724395751953125,Fixation,1151.9769375566123,1085.618665943975,272.0,18.0,True,26,word,pink,4.0
4816.0,1149.0751647949216,1091.297206878662,0.4356985092163086,0.7455881834030151,0.4488574862480163,0.7578452825546265,2.6919403076171875,2.7554473876953125,Fixation,1151.9769375566123,1085.618665943975,272.0,18.0,True,26,word,pink,4.0
4820.0,1152.096710205078,1091.3417530059814,0.4318021237850189,0.745166540145874,0.4500377774238586,0.7578762173652649,2.6916961669921875,2.74627685546875,Fixation,1151.9769375566123,1085.618665943975,272.0,18.0,True,26,word,pink,4.0
4824.0,1143.5321807861326,1095.920991897583,0.432362288236618,0.7500753998756409,0.4466922581195831,0.7610562443733215,2.70440673828125,2.7644500732421875,Fixation,1151.9769375566123,1085.618665943975,272.0,18.0,True,26,word,pink,4.0
4828.0,1142.448806762695,1092.34468460083,0.4330533146858215,0.7465864419937134,0.4462690651416778,0.7585726976394653,2.688079833984375,2.759552001953125,Fixation,1151.9769375566123,1085.618665943975,272.0,18.0,True,26,word,pink,4.0
4832.0,1147.714920043945,1094.1912460327148,0.4353885352611542,0.7540938854217529,0.4483261406421661,0.7598550319671631,2.6967926025390625,2.7559967041015625,Fixation,1151.9769375566123,1085.618665943975,272.0,18.0,True,26,word,pink,4.0
4836.0,1161.4464569091797,1099.0188789367676,0.4368330836296081,0.749339759349823,0.4536900222301483,0.7632075548171997,2.680892944335937,2.7548828125,Fixation,1151.9769375566123,1085.618665943975,272.0,18.0,True,26,word,pink,4.0
4840.0,1146.5335083007812,1091.6357231140137,0.439045250415802,0.7483234405517578,0.4478646516799927,0.7580803632736206,2.6856689453125,2.7510986328125,Fixation,1151.9769375566123,1085.618665943975,272.0,18.0,True,26,word,pink,4.0
4844.0,1145.3598785400388,1086.8121242523193,0.4377356171607971,0.7568319439888,0.4474062025547027,0.7547306418418884,2.7046661376953125,2.751434326171875,Fixation,1151.9769375566123,1085.618665943975,272.0,18.0,True,26,word,pink,4.0
4848.0,1138.0550384521484,1089.7164630889893,0.4352806508541107,0.7521056532859802,0.4445527493953705,0.7567475438117981,2.709808349609375,2.763168334960937,Fixation,1151.9769375566123,1085.618665943975,272.0,18.0,True,26,word,pink,4.0
4852.0,1144.5426177978513,1083.4261894226074,0.4353484511375427,0.7528837323188782,0.4470869600772857,0.752379298210144,2.71002197265625,2.7596893310546875,Fixation,1151.9769375566123,1085.618665943975,272.0,18.0,True,26,word,pink,4.0
4856.0,1152.6395416259766,1097.394790649414,0.4316588342189789,0.754962682723999,0.4502498209476471,0.7620797157287598,2.7076568603515625,2.7857208251953125,Fixation,1151.9769375566123,1085.618665943975,272.0,18.0,True,26,word,pink,4.0
4860.0,1142.3000335693357,1086.077070236206,0.4334602653980255,0.7548742294311523,0.4462109506130218,0.754220187664032,2.7021636962890625,2.7708282470703125,Fixation,1151.9769375566123,1085.618665943975,272.0,18.0,True,26,word,pink,4.0
4864.0,1158.2026672363281,1085.6234550476074,0.4340235292911529,0.755511462688446,0.4524229168891907,0.753905177116394,2.705062866210937,2.7574462890625,Fixation,1151.9769375566123,1085.618665943975,272.0,18.0,True,26,word,pink,4.0
4868.0,1156.7958831787107,1091.4799404144287,0.4316147267818451,0.7512331604957581,0.4518733918666839,0.7579721808433533,2.70550537109375,2.741973876953125,Fixation,1151.9769375566123,1085.618665943975,272.0,18.0,True,26,word,pink,4.0
4872.0,1153.3724212646484,1090.2332496643066,0.4325462281703949,0.7502471804618835,0.4505361020565033,0.7571064233779907,2.707138061523437,2.76904296875,Fixation,1151.9769375566123,1085.618665943975,272.0,18.0,True,26,word,pink,4.0
4876.0,1150.2263641357422,1091.9152736663818,0.4289316534996032,0.754968523979187,0.4493071734905243,0.758274495601654,2.712509155273437,2.760360717773437,Fixation,1151.9769375566123,1085.618665943975,272.0,18.0,True,26,word,pink,4.0
4880.0,1156.2136077880857,1095.6772327423096,0.4321829080581665,0.7528850436210632,0.451645940542221,0.7608869671821594,2.7112579345703125,2.7676544189453125,Fixation,1151.9769375566123,1085.618665943975,272.0,18.0,True,26,word,pink,4.0
4884.0,1151.8157958984373,1089.640245437622,0.4333752393722534,0.7523314356803894,0.4499280452728271,0.7566946148872375,2.70623779296875,2.7645721435546875,Fixation,1151.9769375566123,1085.618665943975,272.0,18.0,True,26,word,pink,4.0
4888.0,1155.2147674560545,1087.1763896942139,0.43370321393013,0.7541345953941345,0.4512557685375213,0.7549836039543152,2.718536376953125,2.7690887451171875,Fixation,1151.9769375566123,1085.618665943975,272.0,18.0,True,26,word,pink,4.0
4892.0,1142.483673095703,1099.411382675171,0.4327399730682373,0.7509199976921082,0.446282684803009,0.7634801268577576,2.7252349853515625,2.791046142578125,Fixation,1151.9769375566123,1085.618665943975,272.0,18.0,True,26,word,pink,4.0
4896.0,1153.9161682128906,1090.667552947998,0.4354364275932312,0.7500558495521545,0.4507485032081604,0.7574080228805542,2.72052001953125,2.768280029296875,Fixation,1151.9769375566123,1085.618665943975,272.0,18.0,True,26,word,pink,4.0
4900.0,1150.8257293701172,1090.5546855926514,0.4341511130332947,0.7532745599746704,0.449541300535202,0.7573296427726746,2.722518920898437,2.763580322265625,Fixation,1151.9769375566123,1085.618665943975,272.0,18.0,True,26,word,pink,4.0
4904.0,1142.5348663330078,1086.8580436706543,0.4365569353103637,0.750304102897644,0.4463026821613312,0.7547625303268433,2.7202301025390625,2.7756500244140625,Fixation,1151.9769375566123,1085.618665943975,272.0,18.0,True,26,word,pink,4.0
4908.0,1138.8916015624998,1087.8034687042236,0.4371525645256042,0.7543323636054993,0.4448795318603515,0.7554190754890442,2.732650756835937,2.7727508544921875,Fixation,1151.9769375566123,1085.618665943975,272.0,18.0,True,26,word,pink,4.0
4912.0,1150.0070953369138,1088.583927154541,0.4365628957748413,0.7504910826683044,0.449221521615982,0.7559610605239868,2.7174835205078125,2.768951416015625,Fixation,1151.9769375566123,1085.618665943975,272.0,18.0,True,26,word,pink,4.0
4916.0,1190.1996612548828,1091.6096305847168,0.4453860819339752,0.7420082092285156,0.4649217426776886,0.7580622434616089,2.725860595703125,2.790313720703125,Fixation,1151.9769375566123,1085.618665943975,272.0,18.0,True,26,word,pink,4.0
4920.0,1247.763671875,1100.8638954162598,0.4512175321578979,0.7374179363250732,0.4874076843261719,0.7644888162612915,2.7042694091796875,2.8085174560546875,Fixation,1325.5295867919922,1085.439923286438,156.0,19.0,True,27,word,white,6.0
4924.0,1282.3136901855469,1092.246322631836,0.4757270812988281,0.7326677441596985,0.5009037852287292,0.7585043907165527,2.71685791015625,2.8017120361328125,Fixation,1325.5295867919922,1085.439923286438,156.0,19.0,True,27,word,white,6.0
4928.0,1325.3018188476562,1082.5110626220703,0.4861190021038055,0.7252781987190247,0.5176960229873657,0.7517437934875488,2.696319580078125,2.806991577148437,Fixation,1325.5295867919922,1085.439923286438,156.0,19.0,True,27,word,white,6.0
4932.0,1326.6900634765625,1085.7540893554688,0.4978074133396148,0.7175153493881226,0.5182383060455322,0.7539958953857422,2.686126708984375,2.821929931640625,Fixation,1325.5295867919922,1085.439923286438,156.0,19.0,True,27,word,white,6.0
4936.0,1321.9464111328125,1083.165521621704,0.5025780200958252,0.7272545099258423,0.5163853168487549,0.7521982789039612,2.699310302734375,2.7997283935546875,Fixation,1325.5295867919922,1085.439923286438,156.0,19.0,True,27,word,white,6.0
4940.0,1326.3587951660156,1088.9586639404297,0.5024786591529846,0.7276046276092529,0.5181089043617249,0.7562212944030762,2.7003936767578125,2.8129119873046875,Fixation,1325.5295867919922,1085.439923286438,156.0,19.0,True,27,word,white,6.0
4944.0,1322.8909301757812,1092.8933143615723,0.5007137656211853,0.7203364372253418,0.5167542695999146,0.7589536905288696,2.69866943359375,2.813629150390625,Fixation,1325.5295867919922,1085.439923286438,156.0,19.0,True,27,word,white,6.0
4948.0,1317.9209899902344,1084.2509365081787,0.4983398020267486,0.728958249092102,0.5148128867149353,0.7529520392417908,2.696502685546875,2.8241119384765625,Fixation,1325.5295867919922,1085.439923286438,156.0,19.0,True,27,word,white,6.0
4952.0,1323.0348205566406,1091.4892959594727,0.4995172619819641,0.725196897983551,0.5168104767799377,0.7579786777496338,2.719955444335937,2.837066650390625,Fixation,1325.5295867919922,1085.439923286438,156.0,19.0,True,27,word,white,6.0
4956.0,1328.45703125,1084.7521877288818,0.499149739742279,0.7258262634277344,0.5189285278320312,0.753300130367279,2.7045440673828125,2.8181304931640625,Fixation,1325.5295867919922,1085.439923286438,156.0,19.0,True,27,word,white,6.0
4960.0,1321.5809631347656,1082.1366691589355,0.4989523291587829,0.724821150302887,0.5162425637245178,0.7514837980270386,2.70501708984375,2.8065948486328125,Fixation,1325.5295867919922,1085.439923286438,156.0,19.0,True,27,word,white,6.0
4964.0,1333.0851745605469,1090.2526473999023,0.5002326369285583,0.7270843386650085,0.5207363963127136,0.75711989402771,2.72027587890625,2.8280181884765625,Fixation,1325.5295867919922,1085.439923286438,156.0,19.0,True,27,word,white,6.0
4968.0,1337.3751831054688,1086.6856956481934,0.5040299296379089,0.7297499775886536,0.5224121809005737,0.7546428442001343,2.71514892578125,2.825057983398437,Fixation,1325.5295867919922,1085.439923286438,156.0,19.0,True,27,word,white,6.0
4972.0,1337.0368957519531,1087.6672554016113,0.5087586045265198,0.727882444858551,0.5222800374031067,0.7553244829177856,2.7242584228515625,2.8302764892578125,Fixation,1325.5295867919922,1085.439923286438,156.0,19.0,True,27,word,white,6.0
4976.0,1335.618896484375,1078.0231475830078,0.5104657411575317,0.7259309887886047,0.521726131439209,0.7486271858215332,2.728363037109375,2.818084716796875,Fixation,1325.5295867919922,1085.439923286438,156.0,19.0,True,27,word,white,6.0
4980.0,1325.9747314453125,1083.6484050750732,0.5056406855583191,0.7264969944953918,0.5179588794708252,0.7525336146354675,2.702789306640625,2.824249267578125,Fixation,1325.5295867919922,1085.439923286438,156.0,19.0,True,27,word,white,6.0
4984.0,1328.9187622070312,1081.1251544952393,0.5078291296958923,0.726775586605072,0.5191088914871216,0.7507813572883606,2.723983764648437,2.8367462158203125,Fixation,1325.5295867919922,1085.439923286438,156.0,19.0,True,27,word,white,6.0
4988.0,1324.7068786621094,1085.1169681549072,0.501897931098938,0.7305461168289185,0.5174636244773865,0.7535534501075745,2.7237548828125,2.825927734375,Fixation,1325.5295867919922,1085.439923286438,156.0,19.0,True,27,word,white,6.0
4992.0,1323.4834289550781,1086.146764755249,0.5041978359222412,0.7247815728187561,0.5169857144355774,0.7542685866355896,2.7152862548828125,2.837890625,Fixation,1325.5295867919922,1085.439923286438,156.0,19.0,True,27,word,white,6.0
4996.0,1318.9788818359375,1094.0696239471436,0.5010611414909363,0.7280052304267883,0.5152261257171631,0.7597705721855164,2.7287139892578125,2.84124755859375,Fixation,1325.5295867919922,1085.439923286438,156.0,19.0,True,27,word,white,6.0
5000.0,1336.5452575683594,1085.8636951446533,0.4998812079429626,0.725734531879425,0.5220879912376404,0.7540720105171204,2.7433319091796875,2.8419952392578125,Fixation,1325.5295867919922,1085.439923286438,156.0,19.0,True,27,word,white,6.0
5004.0,1339.0312194824219,1089.9799633026123,0.5009550452232361,0.7252737879753113,0.523059070110321,0.7569305300712585,2.73370361328125,2.846282958984375,Fixation,1325.5295867919922,1085.439923286438,156.0,19.0,True,27,word,white,6.0
5008.0,1335.4911804199219,1077.6353645324707,0.500622034072876,0.7264383435249329,0.521676242351532,0.748357892036438,2.71539306640625,2.8366851806640625,Fixation,1325.5295867919922,1085.439923286438,156.0,19.0,True,27,word,white,6.0
5012.0,1336.9265747070312,1085.9131336212158,0.5017189979553223,0.7222806215286255,0.5222369432449341,0.754106342792511,2.7046356201171875,2.8332672119140625,Fixation,1325.5295867919922,1085.439923286438,156.0,19.0,True,27,word,white,6.0
5016.0,1332.2322082519531,1083.4436130523682,0.5017502307891846,0.7245578765869141,0.5204032063484192,0.7523913979530334,2.71148681640625,2.8280487060546875,Fixation,1325.5295867919922,1085.439923286438,156.0,19.0,True,27,word,white,6.0
5020.0,1332.3149108886719,1079.4530868530273,0.505260705947876,0.7237135767936707,0.5204355120658875,0.7496201992034912,2.7091064453125,2.840667724609375,Fixation,1325.5295867919922,1085.439923286438,156.0,19.0,True,27,word,white,6.0
5024.0,1322.0907592773438,1079.8104000091553,0.5031060576438904,0.7243773341178894,0.5164417028427124,0.7498683333396912,2.72662353515625,2.841278076171875,Fixation,1325.5295867919922,1085.439923286438,156.0,19.0,True,27,word,white,6.0
5028.0,1334.1438293457031,1091.362009048462,0.5049323439598083,0.7252143025398254,0.5211499333381653,0.7578902840614319,2.7201080322265625,2.8629913330078125,Fixation,1325.5295867919922,1085.439923286438,156.0,19.0,True,27,word,white,6.0
5032.0,1324.6292114257812,1082.6215267181396,0.505220353603363,0.7231307625770569,0.5174332857131958,0.7518205046653748,2.722686767578125,2.83807373046875,Fixation,1325.5295867919922,1085.439923286438,156.0,19.0,True,27,word,white,6.0
5036.0,1318.5235595703125,1082.0647430419922,0.5024864077568054,0.7312431931495667,0.5150482654571533,0.7514338493347168,2.741561889648437,2.838958740234375,Fixation,1325.5295867919922,1085.439923286438,156.0,19.0,True,27,word,white,6.0
5040.0,1325.4304504394531,1084.0973854064941,0.4997971355915069,0.7245789766311646,0.5177462697029114,0.7528454065322876,2.7316131591796875,2.8447418212890625,Fixation,1325.5295867919922,1085.439923286438,156.0,19.0,True,27,word,white,6.0
5044.0,1337.2999572753906,1083.4171772003174,0.5026652216911316,0.7276917099952698,0.5223827958106995,0.7523730397224426,2.742904663085937,2.8337860107421875,Fixation,1325.5295867919922,1085.439923286438,156.0,19.0,True,27,word,white,6.0
5048.0,1329.5126342773438,1077.8477954864502,0.5034592747688293,0.7283623814582825,0.5193408727645874,0.7485054135322571,2.76873779296875,2.860336303710937,Fixation,1325.5295867919922,1085.439923286438,156.0,19.0,True,27,word,white,6.0
5052.0,1335.6301879882812,1085.3106880187988,0.5055480003356934,0.7234070897102356,0.5217305421829224,0.7536879777908325,2.7254638671875,2.851303100585937,Fixation,1325.5295867919922,1085.439923286438,156.0,19.0,True,27,word,white,6.0
5056.0,1340.8982849121094,1083.9562797546387,0.5027462840080261,0.7268099784851074,0.5237883925437927,0.7527474164962769,2.741317749023437,2.846054077148437,Fixation,1325.5295867919922,1085.439923286438,156.0,19.0,True,27,word,white,6.0
5060.0,1336.6340637207031,1086.291904449463,0.5070452094078064,0.7327161431312561,0.5221226811408997,0.7543693780899048,2.76129150390625,2.8496246337890625,Fixation,1325.5295867919922,1085.439923286438,156.0,19.0,True,27,word,white,6.0
5064.0,1325.9632873535156,1095.1472282409668,0.5063450932502747,0.729108989238739,0.517954409122467,0.7605189085006714,2.7579803466796875,2.87225341796875,Fixation,1325.5295867919922,1085.439923286438,156.0,19.0,True,27,word,white,6.0
5068.0,1320.4031372070312,1092.8880786895752,0.5038548111915588,0.7300184369087219,0.5157824754714966,0.7589500546455383,2.74566650390625,2.873397827148437,Fixation,1325.5295867919922,1085.439923286438,156.0,19.0,True,27,word,white,6.0
5072.0,1328.966064453125,1074.3832397460938,0.5062035322189331,0.7215471267700195,0.519127368927002,0.7460994720458984,2.752593994140625,2.8355255126953125,Fixation,1325.5295867919922,1085.439923286438,156.0,19.0,True,27,word,white,6.0
5076.0,1319.0786743164062,1074.3519973754883,0.4995401501655578,0.7153375148773193,0.5152651071548462,0.7460777759552002,2.7683868408203125,2.872650146484375,Fixation,1325.5295867919922,1085.439923286438,156.0,19.0,True,27,word,white,6.0
5080.0,1321.307373046875,997.0671272277832,0.4942803978919983,0.6865897178649902,0.5161356925964355,0.6924077272415161,2.7597198486328125,2.8133087158203125,Saccade,,,,0.0,False,28,,,
5084.0,1303.9164733886719,928.8088130950928,0.4836874902248382,0.6236013174057007,0.50934237241745,0.6450061202049255,2.746429443359375,2.877304077148437,Saccade,,,,0.0,False,28,,,
5088.0,1281.0484313964844,811.4456462860107,0.4717103838920593,0.5704447627067566,0.5004095435142517,0.5635039210319519,2.77508544921875,2.848480224609375,Saccade,,,,0.0,False,28,,,
5092.0,1276.5981292724607,716.0349655151366,0.4620113372802734,0.4865127503871918,0.498671144247055,0.497246503829956,2.674957275390625,2.78936767578125,Saccade,,,,0.0,False,28,,,
5096.0,1247.513961791992,668.6493444442748,0.4596816301345825,0.4632044434547424,0.4873101413249969,0.4643398225307464,2.726409912109375,2.810760498046875,Saccade,,,,0.0,False,28,,,
5100.0,1246.3877868652344,624.6446371078491,0.4601762294769287,0.4285932183265686,0.4868702292442322,0.4337809979915619,2.7339630126953125,2.821319580078125,Saccade,,,,0.0,False,28,,,
5104.0,1249.8128509521484,596.948103904724,0.4631878435611725,0.4119386970996856,0.488208144903183,0.4145472943782806,2.759628295898437,2.861724853515625,Saccade,,,,0.0,False,28,,,
5108.0,1244.0392303466795,567.0819854736327,0.4616202414035797,0.3874979019165039,0.4859528243541717,0.3938069343566894,2.758087158203125,2.86944580078125,Saccade,,,,0.0,False,28,,,
5112.0,1246.1427307128906,550.481686592102,0.4616395831108093,0.3696888983249664,0.4867745041847229,0.3822789490222931,2.7523193359375,2.854232788085937,Saccade,,,,0.0,False,28,,,
5116.0,1248.227767944336,532.0127248764038,0.4649512469768524,0.3616302907466888,0.4875889718532562,0.3694532811641693,2.777328491210937,2.8804931640625,Fixation,1228.643569946289,518.4133041129923,208.0,20.0,True,29,word,image,11.0
5120.0,1234.9765014648438,530.1088714599609,0.4638614952564239,0.3530236780643463,0.4824126958847046,0.368131160736084,2.775482177734375,2.883026123046875,Fixation,1228.643569946289,518.4133041129923,208.0,20.0,True,29,word,image,11.0
5124.0,1239.3993377685547,517.2950363159179,0.4634335339069366,0.3508757054805755,0.4841403663158417,0.3592326641082763,2.78875732421875,2.8900604248046875,Fixation,1228.643569946289,518.4133041129923,208.0,20.0,True,29,word,image,11.0
5128.0,1233.296432495117,511.37482166290283,0.4624367952346802,0.342864841222763,0.4817564189434051,0.3551214039325714,2.799835205078125,2.8690643310546875,Fixation,1228.643569946289,518.4133041129923,208.0,20.0,True,29,word,image,11.0
5132.0,1233.6804962158203,508.4788513183593,0.4654642343521118,0.3507768809795379,0.4819064438343048,0.3531103134155273,2.8135528564453125,2.8758544921875,Fixation,1228.643569946289,518.4133041129923,208.0,20.0,True,29,word,image,11.0
5136.0,1230.0235748291016,518.4101915359496,0.4666535854339599,0.3430829644203186,0.4804779589176178,0.3600070774555206,2.800323486328125,2.89251708984375,Fixation,1228.643569946289,518.4133041129923,208.0,20.0,True,29,word,image,11.0
5140.0,1235.9427642822263,506.5999746322631,0.4667151272296905,0.3434275686740875,0.4827901422977447,0.3518055379390716,2.8024139404296875,2.888214111328125,Fixation,1228.643569946289,518.4133041129923,208.0,20.0,True,29,word,image,11.0
5144.0,1230.688552856445,510.8734846115112,0.4697002470493316,0.3422471582889557,0.4807377159595489,0.3547732532024383,2.802719116210937,2.8948516845703125,Fixation,1228.643569946289,518.4133041129923,208.0,20.0,True,29,word,image,11.0
5148.0,1226.7841339111326,499.1978931427002,0.4666017293930053,0.3450733125209808,0.4792125523090362,0.3466652035713196,2.8084716796875,2.8848114013671875,Fixation,1228.643569946289,518.4133041129923,208.0,20.0,True,29,word,image,11.0
5152.0,1229.4862365722654,513.1300592422484,0.4712301790714264,0.3500028252601623,0.4802680611610412,0.3563403189182281,2.830917358398437,2.898345947265625,Fixation,1228.643569946289,518.4133041129923,208.0,20.0,True,29,word,image,11.0
5156.0,1229.785385131836,508.5309934616089,0.4668757021427154,0.3388312458992004,0.4803849160671234,0.3531465232372284,2.795150756835937,2.88739013671875,Fixation,1228.643569946289,518.4133041129923,208.0,20.0,True,29,word,image,11.0
5160.0,1228.2383728027344,515.3550910949707,0.4687675535678863,0.3364719450473785,0.4797806143760681,0.357885479927063,2.7877349853515625,2.890625,Fixation,1228.643569946289,518.4133041129923,208.0,20.0,True,29,word,image,11.0
5164.0,1235.5811309814453,519.8178148269652,0.4687641561031341,0.3421584665775299,0.4826488792896271,0.360984593629837,2.8110809326171875,2.865997314453125,Fixation,1228.643569946289,518.4133041129923,208.0,20.0,True,29,word,image,11.0
5168.0,1232.3168945312498,524.9230670928954,0.469989150762558,0.3436817824840545,0.4813737869262695,0.3645299077033996,2.811370849609375,2.877227783203125,Fixation,1228.643569946289,518.4133041129923,208.0,20.0,True,29,word,image,11.0
5172.0,1234.503707885742,519.6840476989746,0.4698990881443023,0.3420394659042358,0.482228010892868,0.3608916997909546,2.806396484375,2.887939453125,Fixation,1228.643569946289,518.4133041129923,208.0,20.0,True,29,word,image,11.0
5176.0,1229.5536041259766,517.2701025009155,0.4684146046638489,0.345804214477539,0.4802943766117096,0.3592153489589691,2.8009033203125,2.870635986328125,Fixation,1228.643569946289,518.4133041129923,208.0,20.0,True,29,word,image,11.0
5180.0,1224.62532043457,526.3860940933228,0.465711385011673,0.3397896885871887,0.478369265794754,0.3655458986759186,2.803192138671875,2.8966522216796875,Fixation,1228.643569946289,518.4133041129923,208.0,20.0,True,29,word,image,11.0
5184.0,1223.0709075927734,515.433497428894,0.4675121307373047,0.3399298787117004,0.4777620732784271,0.3579399287700653,2.800888061523437,2.891387939453125,Fixation,1228.643569946289,518.4133041129923,208.0,20.0,True,29,word,image,11.0
5188.0,1230.1221466064453,513.2809925079346,0.4688558578491211,0.3519138395786285,0.4805164635181427,0.3564451336860657,2.8267974853515625,2.8722381591796875,Fixation,1228.643569946289,518.4133041129923,208.0,20.0,True,29,word,image,11.0
5192.0,1230.566940307617,514.56467628479,0.4687822461128235,0.3470867574214935,0.4806902110576629,0.3573365807533264,2.82818603515625,2.8708648681640625,Fixation,1228.643569946289,518.4133041129923,208.0,20.0,True,29,word,image,11.0
5196.0,1230.839157104492,509.83742237091064,0.4657040238380432,0.3458101749420166,0.4807965457439422,0.3540537655353546,2.8048553466796875,2.878402709960937,Fixation,1228.643569946289,518.4133041129923,208.0,20.0,True,29,word,image,11.0
5200.0,1229.3798065185547,521.9254302978514,0.4661396443843841,0.3413283824920654,0.4802264869213104,0.3624482154846191,2.7967529296875,2.8772735595703125,Fixation,1228.643569946289,518.4133041129923,208.0,20.0,True,29,word,image,11.0
5204.0,1229.205093383789,515.2689599990845,0.4669043123722076,0.3397818207740783,0.4801582396030426,0.3578256666660309,2.8131866455078125,2.883270263671875,Fixation,1228.643569946289,518.4133041129923,208.0,20.0,True,29,word,image,11.0
5208.0,1232.7452850341795,515.1072549819945,0.468651533126831,0.3405953347682953,0.4815411269664764,0.357713371515274,2.807357788085937,2.879501342773437,Fixation,1228.643569946289,518.4133041129923,208.0,20.0,True,29,word,image,11.0
5212.0,1227.8024291992188,515.0972986221313,0.4700970947742462,0.338445097208023,0.4796103239059448,0.3577064573764801,2.8129425048828125,2.8709869384765625,Fixation,1228.643569946289,518.4133041129923,208.0,20.0,True,29,word,image,11.0
5216.0,1229.0492248535154,514.065442085266,0.4639227986335754,0.3420398235321045,0.4800973534584045,0.3569898903369903,2.806625366210937,2.8773193359375,Fixation,1228.643569946289,518.4133041129923,208.0,20.0,True,29,word,image,11.0
5220.0,1227.9591369628904,517.5389671325684,0.4656523466110229,0.3432334661483764,0.4796715378761291,0.359402060508728,2.796371459960937,2.868392944335937,Fixation,1228.643569946289,518.4133041129923,208.0,20.0,True,29,word,image,11.0
5224.0,1228.8256072998047,512.8578472137451,0.4688402414321899,0.3547252416610718,0.4800100028514862,0.356151282787323,2.829086303710937,2.8858642578125,Fixation,1228.643569946289,518.4133041129923,208.0,20.0,True,29,word,image,11.0
5228.0,1230.40901184082,515.9532880783081,0.4671135246753692,0.3453496098518371,0.4806285202503204,0.3583008944988251,2.8222808837890625,2.8977813720703125,Fixation,1228.643569946289,518.4133041129923,208.0,20.0,True,29,word,image,11.0
5232.0,1226.249084472656,516.5620851516724,0.4654681384563446,0.3460866212844848,0.4790035486221313,0.3587236702442169,2.8180389404296875,2.87677001953125,Fixation,1228.643569946289,518.4133041129923,208.0,20.0,True,29,word,image,11.0
5236.0,1227.8505706787107,519.403338432312,0.4654477834701538,0.3468019664287567,0.4796291291713714,0.3606967628002167,2.81512451171875,2.88702392578125,Fixation,1228.643569946289,518.4133041129923,208.0,20.0,True,29,word,image,11.0
5240.0,1231.0137176513672,517.4413776397705,0.4676003158092499,0.3519221544265747,0.4808647334575653,0.3593342900276184,2.823348999023437,2.8793182373046875,Fixation,1228.643569946289,518.4133041129923,208.0,20.0,True,29,word,image,11.0
5244.0,1225.3208160400388,519.1504383087158,0.4647082686424255,0.3518083989620209,0.4786409437656402,0.360521137714386,2.8260040283203125,2.8825225830078125,Fixation,1228.643569946289,518.4133041129923,208.0,20.0,True,29,word,image,11.0
5248.0,1230.9906005859373,520.6780958175659,0.4683118462562561,0.3491756319999695,0.4808557033538818,0.3615820109844208,2.843048095703125,2.888412475585937,Fixation,1228.643569946289,518.4133041129923,208.0,20.0,True,29,word,image,11.0
5252.0,1225.957565307617,522.6220321655273,0.4672271907329559,0.3494141101837158,0.4788896739482879,0.3629319667816162,2.8131866455078125,2.8976593017578125,Fixation,1228.643569946289,518.4133041129923,208.0,20.0,True,29,word,image,11.0
5256.0,1221.7208099365232,522.1978139877318,0.4654264152050018,0.3566608428955078,0.4772346913814544,0.3626373708248138,2.832748413085937,2.876190185546875,Fixation,1228.643569946289,518.4133041129923,208.0,20.0,True,29,word,image,11.0
5260.0,1224.0238189697263,522.0196294784545,0.4659334719181061,0.3492174446582794,0.4781343042850494,0.3625136315822601,2.8324432373046875,2.898590087890625,Fixation,1228.643569946289,518.4133041129923,208.0,20.0,True,29,word,image,11.0
5264.0,1228.7090301513672,514.1096019744873,0.4672014713287353,0.3527201116085052,0.4799644649028778,0.3570205569267273,2.851654052734375,2.885711669921875,Fixation,1228.643569946289,518.4133041129923,208.0,20.0,True,29,word,image,11.0
5268.0,1226.5142822265625,522.357029914856,0.4678614735603332,0.3484221994876861,0.479107141494751,0.3627479374408722,2.8360748291015625,2.8871612548828125,Fixation,1228.643569946289,518.4133041129923,208.0,20.0,True,29,word,image,11.0
5272.0,1222.9011535644531,532.8225803375244,0.4676485657691955,0.3510769605636596,0.4776957631111145,0.3700156807899475,2.8182830810546875,2.913116455078125,Fixation,1228.643569946289,518.4133041129923,208.0,20.0,True,29,word,image,11.0
5276.0,1217.0289611816404,524.2037630081177,0.4678553342819214,0.3497851490974426,0.4754019379615783,0.3640303909778595,2.82745361328125,2.8983612060546875,Fixation,1228.643569946289,518.4133041129923,208.0,20.0,True,29,word,image,11.0
5280.0,1227.114562988281,523.6543178558348,0.4653250277042389,0.3507991433143616,0.4793416261672973,0.3636488318443298,2.84771728515625,2.88812255859375,Fixation,1228.643569946289,518.4133041129923,208.0,20.0,True,29,word,image,11.0
5284.0,1223.858947753906,520.524115562439,0.4679120779037475,0.3480510711669922,0.4780699014663696,0.3614750802516937,2.833160400390625,2.9005584716796875,Fixation,1228.643569946289,518.4133041129923,208.0,20.0,True,29,word,image,11.0
5288.0,1218.0636596679688,524.8111867904662,0.4673517048358917,0.3505773544311523,0.4758061170578003,0.3644522130489349,2.843719482421875,2.889556884765625,Fixation,1228.643569946289,518.4133041129923,208.0,20.0,True,29,word,image,11.0
5292.0,1225.4190826416016,519.9344158172607,0.4676517844200134,0.3528012037277221,0.4786793291568756,0.3610655665397644,2.8219757080078125,2.893524169921875,Fixation,1228.643569946289,518.4133041129923,208.0,20.0,True,29,word,image,11.0
5296.0,1229.8912811279295,530.6633377075195,0.4684081673622131,0.3454404771327972,0.4804262816905975,0.368516206741333,2.840484619140625,2.9099578857421875,Fixation,1228.643569946289,518.4133041129923,208.0,20.0,True,29,word,image,11.0
5300.0,1225.7457733154297,525.0988912582396,0.4681687653064728,0.3534093201160431,0.4788069427013397,0.364652007818222,2.8428192138671875,2.890960693359375,Fixation,1228.643569946289,518.4133041129923,208.0,20.0,True,29,word,image,11.0
5304.0,1220.5611419677734,522.726616859436,0.4687374234199524,0.3497747182846069,0.4767816960811615,0.363004595041275,2.8363800048828125,2.91632080078125,Fixation,1228.643569946289,518.4133041129923,208.0,20.0,True,29,word,image,11.0
5308.0,1231.9124603271482,519.8228788375854,0.4663350284099579,0.3502109944820404,0.4812158048152923,0.3609881103038788,2.8430328369140625,2.882675170898437,Fixation,1228.643569946289,518.4133041129923,208.0,20.0,True,29,word,image,11.0
5312.0,1223.8121795654295,521.3717794418335,0.4669042527675628,0.3544694483280182,0.4780516326427459,0.3620637357234955,2.839447021484375,2.8902130126953125,Fixation,1228.643569946289,518.4133041129923,208.0,20.0,True,29,word,image,11.0
5316.0,1223.5084533691404,511.4600086212158,0.4656583368778229,0.347327172756195,0.4779329895973205,0.355180561542511,2.8341064453125,2.88385009765625,Fixation,1228.643569946289,518.4133041129923,208.0,20.0,True,29,word,image,11.0
5320.0,1230.7474517822263,523.8699245452881,0.4683396816253662,0.3526662588119507,0.4807607233524322,0.3637985587120056,2.84613037109375,2.8842926025390625,Fixation,1228.643569946289,518.4133041129923,208.0,20.0,True,29,word,image,11.0
5324.0,1222.1088409423828,518.0196619033813,0.4672491252422333,0.3496036231517792,0.4773862659931183,0.3597358763217926,2.827667236328125,2.892547607421875,Fixation,1228.643569946289,518.4133041129923,208.0,20.0,True,29,word,image,11.0
