timestamp,x,y,l_x,l_y,r_x,r_y,pupil_l,pupil_r,event_type,fixation_x,fixation_y,event_duration,fixation_id,merged,event_id,aoi_type,aoi,aoi_id
0.0,1277.9318237304685,723.0098247528076,0.5069794654846191,0.4721466600894928,0.4991921186447143,0.5020901560783386,3.15106201171875,2.7952880859375,Fixation,1273.6647602297226,721.7979120308498,420.0,1.0,True,1,image,,9.0
4.0,1277.1949005126953,728.3792209625244,0.5033097267150879,0.4613744616508484,0.4989042580127716,0.5058189034461975,3.1448516845703125,2.7956085205078125,Fixation,1273.6647602297226,721.7979120308498,420.0,1.0,True,1,image,,9.0
8.0,1283.3686828613281,732.1725082397461,0.5090215802192688,0.468880832195282,0.5013158917427063,0.5084531307220459,3.16705322265625,2.8137664794921875,Fixation,1273.6647602297226,721.7979120308498,420.0,1.0,True,1,image,,9.0
12.0,1284.0469360351562,698.4984254837035,0.5064077973365784,0.4630381166934967,0.5015808343887329,0.4850683510303497,3.1416473388671875,2.756820678710937,Fixation,1273.6647602297226,721.7979120308498,420.0,1.0,True,1,image,,9.0
16.0,1274.9231719970703,731.6270542144775,0.5049901604652405,0.4669169187545776,0.4980168640613556,0.5080743432044983,3.16473388671875,2.81591796875,Fixation,1273.6647602297226,721.7979120308498,420.0,1.0,True,1,image,,9.0
20.0,1273.5932922363281,740.4274463653564,0.5034266710281372,0.4721665680408478,0.4974973797798157,0.5141857266426086,3.16729736328125,2.81439208984375,Fixation,1273.6647602297226,721.7979120308498,420.0,1.0,True,1,image,,9.0
24.0,1274.8963165283203,722.4875450134277,0.5062556862831116,0.4605158269405365,0.4980063736438751,0.5017274618148804,3.1239471435546875,2.7994842529296875,Fixation,1273.6647602297226,721.7979120308498,420.0,1.0,True,1,image,,9.0
28.0,1265.5879974365232,724.297456741333,0.5029718279838562,0.4841281175613403,0.4943703114986419,0.502984344959259,3.203109741210937,2.792755126953125,Fixation,1273.6647602297226,721.7979120308498,420.0,1.0,True,1,image,,9.0
32.0,1279.9215698242185,739.8837089538574,0.5080202221870422,0.4723822474479675,0.4999693632125854,0.5138081312179565,3.193344116210937,2.807830810546875,Fixation,1273.6647602297226,721.7979120308498,420.0,1.0,True,1,image,,9.0
36.0,1264.4023132324219,718.1133127212523,0.5052391290664673,0.4686330258846283,0.4939071536064148,0.4986898005008697,3.17889404296875,2.81353759765625,Fixation,1273.6647602297226,721.7979120308498,420.0,1.0,True,1,image,,9.0
40.0,1278.5829925537107,720.8561611175537,0.5051205158233643,0.4849887192249298,0.4994464814662933,0.5005945563316345,3.217529296875,2.806304931640625,Fixation,1273.6647602297226,721.7979120308498,420.0,1.0,True,1,image,,9.0
44.0,1276.5158081054685,730.7414531707764,0.5047959089279175,0.4676918089389801,0.4986389875411987,0.5074593424797058,3.159637451171875,2.8189697265625,Fixation,1273.6647602297226,721.7979120308498,420.0,1.0,True,1,image,,9.0
48.0,1274.2745971679688,737.6992321014404,0.5054776668548584,0.4736834466457367,0.4977635145187378,0.5122911334037781,3.177886962890625,2.8218536376953125,Fixation,1273.6647602297226,721.7979120308498,420.0,1.0,True,1,image,,9.0
52.0,1272.0437622070312,735.0668048858643,0.5038696527481079,0.4781346321105957,0.4968920946121216,0.5104630589485168,3.184188842773437,2.813323974609375,Fixation,1273.6647602297226,721.7979120308498,420.0,1.0,True,1,image,,9.0
56.0,1277.3156738281248,733.3628082275391,0.5054625272750854,0.4701266586780548,0.4989514350891113,0.509279727935791,3.17352294921875,2.826034545898437,Fixation,1273.6647602297226,721.7979120308498,420.0,1.0,True,1,image,,9.0
60.0,1278.4849548339841,722.7149105072021,0.5053574442863464,0.4824067056179046,0.4994081854820251,0.5018853545188904,3.1916961669921875,2.806793212890625,Fixation,1273.6647602297226,721.7979120308498,420.0,1.0,True,1,image,,9.0
64.0,1266.623306274414,714.4215631484984,0.5038018822669983,0.4799858331680298,0.494774729013443,0.4961260855197906,3.20452880859375,2.8019256591796875,Fixation,1273.6647602297226,721.7979120308498,420.0,1.0,True,1,image,,9.0
68.0,1268.7673950195312,707.1905851364136,0.5058005452156067,0.479175329208374,0.4956122636795044,0.4911045730113983,3.193466186523437,2.7914581298828125,Fixation,1273.6647602297226,721.7979120308498,420.0,1.0,True,1,image,,9.0
72.0,1267.7882385253906,717.4845600128174,0.5073699355125427,0.4746216237545013,0.4952297806739807,0.4982531666755676,3.203353881835937,2.7929840087890625,Fixation,1273.6647602297226,721.7979120308498,420.0,1.0,True,1,image,,9.0
76.0,1272.7461242675781,722.7722454071045,0.5036217570304871,0.4662880301475525,0.4971664547920227,0.5019251704216003,3.1527099609375,2.8175048828125,Fixation,1273.6647602297226,721.7979120308498,420.0,1.0,True,1,image,,9.0
80.0,1275.7053375244138,728.2846355438232,0.5051161050796509,0.4774366915225982,0.4983223974704742,0.505753219127655,3.1990966796875,2.805816650390625,Fixation,1273.6647602297226,721.7979120308498,420.0,1.0,True,1,image,,9.0
84.0,1266.678466796875,713.2974815368651,0.5058627128601074,0.4825792610645294,0.4947962760925293,0.4953454732894897,3.1999969482421875,2.81524658203125,Fixation,1273.6647602297226,721.7979120308498,420.0,1.0,True,1,image,,9.0
88.0,1280.4280090332031,732.0292568206787,0.5051046013832092,0.4791763424873352,0.500167191028595,0.5083536505699158,3.197998046875,2.816146850585937,Fixation,1273.6647602297226,721.7979120308498,420.0,1.0,True,1,image,,9.0
92.0,1275.8795166015623,732.5177192687988,0.5041773319244385,0.4799886643886566,0.4983904361724853,0.5086928606033325,3.189666748046875,2.83416748046875,Fixation,1273.6647602297226,721.7979120308498,420.0,1.0,True,1,image,,9.0
96.0,1269.0518188476562,725.3929996490479,0.5049759149551392,0.4702748358249664,0.4957233667373657,0.5037451386451721,3.169219970703125,2.828094482421875,Fixation,1273.6647602297226,721.7979120308498,420.0,1.0,True,1,image,,9.0
100.0,1260.5289459228516,733.7268161773682,0.5060275793075562,0.491180807352066,0.4923941195011139,0.5095325112342834,3.241073608398437,2.8296356201171875,Fixation,1273.6647602297226,721.7979120308498,420.0,1.0,True,1,image,,9.0
104.0,1261.2962341308591,723.8753414154053,0.5053802132606506,0.4750567078590393,0.4926938414573669,0.5026912093162537,3.177825927734375,2.8065948486328125,Fixation,1273.6647602297226,721.7979120308498,420.0,1.0,True,1,image,,9.0
108.0,1272.2755432128906,721.129789352417,0.5057085156440735,0.4805041551589966,0.4969826340675354,0.5007845759391785,3.2046356201171875,2.83489990234375,Fixation,1273.6647602297226,721.7979120308498,420.0,1.0,True,1,image,,9.0
112.0,1271.272735595703,727.2661685943604,0.505128026008606,0.4809607267379761,0.4965909123420715,0.5050459504127502,3.1950225830078125,2.820281982421875,Fixation,1273.6647602297226,721.7979120308498,420.0,1.0,True,1,image,,9.0
116.0,1263.3713531494138,717.9437541961669,0.5044500827789307,0.4825743734836578,0.4935044348239898,0.4985720515251159,3.231842041015625,2.818603515625,Fixation,1273.6647602297226,721.7979120308498,420.0,1.0,True,1,image,,9.0
120.0,1269.918975830078,727.3579216003418,0.5058603286743164,0.4725808203220367,0.4960620999336242,0.5051096677780151,3.1813201904296875,2.8331451416015625,Fixation,1273.6647602297226,721.7979120308498,420.0,1.0,True,1,image,,9.0
124.0,1251.1952209472654,707.5115060806274,0.5031834840774536,0.4735147953033447,0.4887481331825256,0.4913274347782135,3.1833648681640625,2.8057861328125,Fixation,1273.6647602297226,721.7979120308498,420.0,1.0,True,1,image,,9.0
128.0,1270.5718231201172,707.0570755004883,0.5041829347610474,0.475559264421463,0.4963171184062958,0.4910118579864502,3.1920318603515625,2.8011474609375,Fixation,1273.6647602297226,721.7979120308498,420.0,1.0,True,1,image,,9.0
132.0,1268.8243103027344,718.3006381988524,0.5078741312026978,0.4764033257961273,0.4956344962120056,0.498819887638092,3.2031402587890625,2.816619873046875,Fixation,1273.6647602297226,721.7979120308498,420.0,1.0,True,1,image,,9.0
136.0,1275.7839202880857,702.5574445724486,0.5056021213531494,0.4764130413532257,0.4983530938625335,0.4878871142864227,3.1884765625,2.805694580078125,Fixation,1273.6647602297226,721.7979120308498,420.0,1.0,True,1,image,,9.0
140.0,1256.36474609375,705.4745292663573,0.5040882229804993,0.4837410449981689,0.4907674789428711,0.4899128675460815,3.199432373046875,2.803070068359375,Fixation,1273.6647602297226,721.7979120308498,420.0,1.0,True,1,image,,9.0
144.0,1265.1831054687498,720.3319931030273,0.5079338550567627,0.4891477227210998,0.4942121505737304,0.5002305507659912,3.2033843994140625,2.856674194335937,Fixation,1273.6647602297226,721.7979120308498,420.0,1.0,True,1,image,,9.0
148.0,1268.8126373291016,718.0051660537719,0.5055917501449585,0.4663729965686798,0.4956299364566803,0.4986146986484527,3.1726837158203125,2.815521240234375,Fixation,1273.6647602297226,721.7979120308498,420.0,1.0,True,1,image,,9.0
152.0,1259.5575714111326,699.7294521331786,0.5059705376625061,0.4797063767910003,0.4920146763324737,0.4859232306480407,3.21148681640625,2.7965545654296875,Fixation,1273.6647602297226,721.7979120308498,420.0,1.0,True,1,image,,9.0
156.0,1273.6060333251953,698.7249755859375,0.5074958205223083,0.4812829792499542,0.4975023567676544,0.4852256774902344,3.205780029296875,2.8006591796875,Fixation,1273.6647602297226,721.7979120308498,420.0,1.0,True,1,image,,9.0
160.0,1263.8524627685547,703.40669631958,0.505825936794281,0.4838301837444305,0.4936923682689667,0.4884768724441528,3.1988525390625,2.82733154296875,Fixation,1273.6647602297226,721.7979120308498,420.0,1.0,True,1,image,,9.0
164.0,1266.7545318603513,700.8526325225829,0.5069348216056824,0.4849852323532104,0.4948259890079498,0.4867032170295715,3.2143096923828125,2.811065673828125,Fixation,1273.6647602297226,721.7979120308498,420.0,1.0,True,1,image,,9.0
168.0,1270.384521484375,717.7108097076415,0.5021479725837708,0.4798959493637085,0.496243953704834,0.4984102845191955,3.21527099609375,2.8235626220703125,Fixation,1273.6647602297226,721.7979120308498,420.0,1.0,True,1,image,,9.0
172.0,1270.4055786132812,712.2751092910767,0.5074967741966248,0.4865135848522186,0.496252179145813,0.4946354925632477,3.2154693603515625,2.8312530517578125,Fixation,1273.6647602297226,721.7979120308498,420.0,1.0,True,1,image,,9.0
176.0,1263.1021118164062,717.6821851730346,0.5109564065933228,0.4790606498718261,0.4933992624282837,0.4983904063701629,3.1900177001953125,2.81890869140625,Fixation,1273.6647602297226,721.7979120308498,420.0,1.0,True,1,image,,9.0
180.0,1271.9933319091797,713.5498666763306,0.5085436701774597,0.4726049900054931,0.4968723952770233,0.4955207407474518,3.1786041259765625,2.835556030273437,Fixation,1273.6647602297226,721.7979120308498,420.0,1.0,True,1,image,,9.0
184.0,1269.0351867675781,731.0440921783447,0.5051416158676147,0.4824330806732178,0.4957168698310852,0.5076695084571838,3.214706420898437,2.846221923828125,Fixation,1273.6647602297226,721.7979120308498,420.0,1.0,True,1,image,,9.0
188.0,1267.6493072509766,702.6769638061522,0.5059906840324402,0.477913349866867,0.4951755106449127,0.4879701137542724,3.2198486328125,2.8220977783203125,Fixation,1273.6647602297226,721.7979120308498,420.0,1.0,True,1,image,,9.0
192.0,1264.8297882080076,724.3146228790283,0.5077816843986511,0.4799588024616241,0.494074136018753,0.5029962658882141,3.2143096923828125,2.855560302734375,Fixation,1273.6647602297226,721.7979120308498,420.0,1.0,True,1,image,,9.0
196.0,1272.6014709472654,689.1317224502562,0.5083914399147034,0.4809654057025909,0.4971099495887756,0.4785636961460113,3.210418701171875,2.799835205078125,Fixation,1273.6647602297226,721.7979120308498,420.0,1.0,True,1,image,,9.0
200.0,1263.156509399414,725.7025909423828,0.5050784349441528,0.4703240096569061,0.4934205114841461,0.503960132598877,3.182586669921875,2.8508453369140625,Fixation,1273.6647602297226,721.7979120308498,420.0,1.0,True,1,image,,9.0
204.0,1261.8154907226562,723.1286144256592,0.5064775347709656,0.4698502123355865,0.4928966760635376,0.5021726489067078,3.186065673828125,2.846542358398437,Fixation,1273.6647602297226,721.7979120308498,420.0,1.0,True,1,image,,9.0
208.0,1264.9639892578125,723.6525249481201,0.506355345249176,0.4786107242107391,0.494126558303833,0.5025364756584167,3.21710205078125,2.8519439697265625,Fixation,1273.6647602297226,721.7979120308498,420.0,1.0,True,1,image,,9.0
212.0,1272.1199798583984,736.7800712585449,0.5044982433319092,0.4760541617870331,0.4969218671321869,0.5116528272628784,3.170928955078125,2.8189849853515625,Fixation,1273.6647602297226,721.7979120308498,420.0,1.0,True,1,image,,9.0
216.0,1272.6126861572266,727.9407978057861,0.5056508183479309,0.4809242188930511,0.4971143305301666,0.5055144429206848,3.2038116455078125,2.8426055908203125,Fixation,1273.6647602297226,721.7979120308498,420.0,1.0,True,1,image,,9.0
220.0,1277.154846191406,731.1498355865479,0.5051892995834351,0.4769135415554046,0.498888611793518,0.5077429413795471,3.195220947265625,2.852401733398437,Fixation,1273.6647602297226,721.7979120308498,420.0,1.0,True,1,image,,9.0
224.0,1264.6231842041016,725.0659847259521,0.505729079246521,0.4778667390346527,0.4939934313297272,0.5035180449485779,3.1950836181640625,2.824325561523437,Fixation,1273.6647602297226,721.7979120308498,420.0,1.0,True,1,image,,9.0
228.0,1261.500778198242,728.7755870819092,0.5055438876152039,0.4799790382385254,0.4927737414836883,0.5060941576957703,3.2027587890625,2.8369140625,Fixation,1273.6647602297226,721.7979120308498,420.0,1.0,True,1,image,,9.0
232.0,1258.419952392578,739.8733234405518,0.5063300132751465,0.4750682413578033,0.4915702939033508,0.5138009190559387,3.200546264648437,2.847015380859375,Fixation,1273.6647602297226,721.7979120308498,420.0,1.0,True,1,image,,9.0
236.0,1260.7658386230469,735.5222225189209,0.5047197937965393,0.4820113480091095,0.4924866557121277,0.5107793211936951,3.209686279296875,2.849212646484375,Fixation,1273.6647602297226,721.7979120308498,420.0,1.0,True,1,image,,9.0
240.0,1265.5031585693357,718.1734800338745,0.5082207322120667,0.4823481738567352,0.4943371713161468,0.4987315833568573,3.2047119140625,2.8135528564453125,Fixation,1273.6647602297226,721.7979120308498,420.0,1.0,True,1,image,,9.0
244.0,1272.7307891845703,740.4891586303711,0.5039881467819214,0.483489841222763,0.4971604645252228,0.5142285823822021,3.212738037109375,2.8384552001953125,Fixation,1273.6647602297226,721.7979120308498,420.0,1.0,True,1,image,,9.0
248.0,1272.4943542480469,735.2735710144043,0.5049260854721069,0.4871471226215362,0.4970681071281433,0.5106066465377808,3.2257843017578125,2.8596649169921875,Fixation,1273.6647602297226,721.7979120308498,420.0,1.0,True,1,image,,9.0
252.0,1269.5780944824216,728.5532855987549,0.5038785934448242,0.4750373661518097,0.495928943157196,0.505939781665802,3.183746337890625,2.8301544189453125,Fixation,1273.6647602297226,721.7979120308498,420.0,1.0,True,1,image,,9.0
256.0,1270.2753448486328,717.0687532424926,0.5051092505455017,0.4853858649730682,0.4962013065814972,0.4979644119739532,3.2093963623046875,2.82989501953125,Fixation,1273.6647602297226,721.7979120308498,420.0,1.0,True,1,image,,9.0
260.0,1277.2975921630857,725.5820846557617,0.5057716965675354,0.4789423942565918,0.4989443719387054,0.5038764476776123,3.194366455078125,2.849960327148437,Fixation,1273.6647602297226,721.7979120308498,420.0,1.0,True,1,image,,9.0
264.0,1271.9691467285156,740.1749324798584,0.5049688816070557,0.4903002679347992,0.4968629479408264,0.5140103697776794,3.22882080078125,2.866424560546875,Fixation,1273.6647602297226,721.7979120308498,420.0,1.0,True,1,image,,9.0
268.0,1270.863037109375,708.886170387268,0.5053296685218811,0.4825808703899383,0.4964308738708496,0.4922820627689361,3.2018280029296875,2.842987060546875,Fixation,1273.6647602297226,721.7979120308498,420.0,1.0,True,1,image,,9.0
272.0,1273.2521057128906,720.6657886505127,0.503409206867218,0.485676109790802,0.4973641037940979,0.5004623532295227,3.2179718017578125,2.8447265625,Fixation,1273.6647602297226,721.7979120308498,420.0,1.0,True,1,image,,9.0
276.0,1278.2621765136719,698.1396961212158,0.5068729519844055,0.4804180562496185,0.4993211627006531,0.484819233417511,3.1829833984375,2.817245483398437,Fixation,1273.6647602297226,721.7979120308498,420.0,1.0,True,1,image,,9.0
280.0,1280.5520629882812,720.465030670166,0.5054260492324829,0.4884212017059326,0.5002156496047974,0.5003229379653931,3.2234039306640625,2.8341064453125,Fixation,1273.6647602297226,721.7979120308498,420.0,1.0,True,1,image,,9.0
284.0,1279.1792297363281,714.1635990142822,0.5037404298782349,0.485408067703247,0.4996793866157532,0.4959469437599182,3.2116851806640625,2.8221435546875,Fixation,1273.6647602297226,721.7979120308498,420.0,1.0,True,1,image,,9.0
288.0,1275.8866119384766,722.7755069732666,0.5055948495864868,0.488553375005722,0.4983932077884674,0.5019274353981018,3.21185302734375,2.8373565673828125,Fixation,1273.6647602297226,721.7979120308498,420.0,1.0,True,1,image,,9.0
292.0,1283.3149719238281,729.4394016265869,0.5060147643089294,0.4920867681503296,0.5012949109077454,0.5065551400184631,3.2216033935546875,2.851593017578125,Fixation,1273.6647602297226,721.7979120308498,420.0,1.0,True,1,image,,9.0
296.0,1281.865234375,710.8178758621216,0.5038977265357971,0.4816829264163971,0.5007286071777344,0.4936235249042511,3.19146728515625,2.799896240234375,Fixation,1273.6647602297226,721.7979120308498,420.0,1.0,True,1,image,,9.0
300.0,1284.835205078125,720.4517269134521,0.5025734901428223,0.4861959815025329,0.5018887519836426,0.5003136992454529,3.188232421875,2.8087921142578125,Fixation,1273.6647602297226,721.7979120308498,420.0,1.0,True,1,image,,9.0
304.0,1285.3614807128906,721.490364074707,0.5064237713813782,0.4829427599906921,0.5020943284034729,0.5010349750518799,3.19390869140625,2.8184814453125,Fixation,1273.6647602297226,721.7979120308498,420.0,1.0,True,1,image,,9.0
308.0,1281.212158203125,727.1708965301514,0.5066883563995361,0.4792795777320862,0.5004734992980957,0.5049797892570496,3.1886138916015625,2.8453369140625,Fixation,1273.6647602297226,721.7979120308498,420.0,1.0,True,1,image,,9.0
312.0,1285.4939270019531,726.7851734161377,0.5070127248764038,0.4858050346374511,0.5021460652351379,0.504711925983429,3.1908721923828125,2.814315795898437,Fixation,1273.6647602297226,721.7979120308498,420.0,1.0,True,1,image,,9.0
316.0,1283.939208984375,728.3246326446533,0.5066118240356445,0.4914394617080688,0.5015387535095215,0.5057809948921204,3.1962127685546875,2.824691772460937,Fixation,1273.6647602297226,721.7979120308498,420.0,1.0,True,1,image,,9.0
320.0,1283.1198120117188,733.4794521331787,0.5076982975006104,0.4893125593662262,0.5012186765670776,0.5093607306480408,3.22528076171875,2.8166656494140625,Fixation,1273.6647602297226,721.7979120308498,420.0,1.0,True,1,image,,9.0
324.0,1280.8845520019531,736.7708015441895,0.5060585737228394,0.4862891137599945,0.5003455281257629,0.5116463899612427,3.1982879638671875,2.8251495361328125,Fixation,1273.6647602297226,721.7979120308498,420.0,1.0,True,1,image,,9.0
328.0,1275.7247161865234,742.4554538726807,0.5050765872001648,0.4790660440921783,0.4983299672603607,0.5155940651893616,3.1828155517578125,2.8348846435546875,Fixation,1273.6647602297226,721.7979120308498,420.0,1.0,True,1,image,,9.0
332.0,1288.6738586425781,738.7001037597656,0.5052069425582886,0.4788159728050232,0.5033882260322571,0.5129861831665039,3.162216186523437,2.8138885498046875,Fixation,1273.6647602297226,721.7979120308498,420.0,1.0,True,1,image,,9.0
336.0,1281.4895629882812,725.3603839874268,0.5070644617080688,0.4836896359920501,0.5005818605422974,0.5037224888801575,3.1778717041015625,2.805084228515625,Fixation,1273.6647602297226,721.7979120308498,420.0,1.0,True,1,image,,9.0
340.0,1282.6969909667969,731.7435264587402,0.5038672089576721,0.4838511943817138,0.501053512096405,0.5081552267074585,3.159820556640625,2.816192626953125,Fixation,1273.6647602297226,721.7979120308498,420.0,1.0,True,1,image,,9.0
344.0,1280.7447814941406,726.6264724731445,0.5037904381752014,0.4808526337146759,0.5002909302711487,0.5046017169952393,3.154449462890625,2.806884765625,Fixation,1273.6647602297226,721.7979120308498,420.0,1.0,True,1,image,,9.0
348.0,1281.0635375976562,740.2428245544434,0.5067846775054932,0.4672453105449676,0.5004154443740845,0.5140575170516968,3.1414337158203125,2.832275390625,Fixation,1273.6647602297226,721.7979120308498,420.0,1.0,True,1,image,,9.0
352.0,1282.1609497070312,709.0918207168579,0.5065862536430359,0.4853544235229492,0.5008441209793091,0.492424875497818,3.158721923828125,2.7860107421875,Fixation,1273.6647602297226,721.7979120308498,420.0,1.0,True,1,image,,9.0
356.0,1272.679672241211,710.0045013427734,0.5038779377937317,0.486224889755249,0.497140496969223,0.4930586814880371,3.1829833984375,2.793243408203125,Fixation,1273.6647602297226,721.7979120308498,420.0,1.0,True,1,image,,9.0
360.0,1273.0451202392578,720.4751586914062,0.5078160166740417,0.492588609457016,0.4972832500934601,0.5003299713134766,3.179962158203125,2.81365966796875,Fixation,1273.6647602297226,721.7979120308498,420.0,1.0,True,1,image,,9.0
364.0,1288.6759948730469,729.9559307098389,0.5061878561973572,0.4957062900066376,0.5033890604972839,0.5069138407707214,3.154052734375,2.8055572509765625,Fixation,1273.6647602297226,721.7979120308498,420.0,1.0,True,1,image,,9.0
368.0,1284.7189331054688,724.8604202270508,0.5054798126220703,0.4900625944137573,0.5018433332443237,0.5033752918243408,3.15435791015625,2.8004913330078125,Fixation,1273.6647602297226,721.7979120308498,420.0,1.0,True,1,image,,9.0
372.0,1284.8324584960938,719.1395473480225,0.5056111216545105,0.4983047246932983,0.5018876791000366,0.4994024634361267,3.16290283203125,2.817291259765625,Fixation,1273.6647602297226,721.7979120308498,420.0,1.0,True,1,image,,9.0
376.0,1279.6521759033203,719.2591953277588,0.5012228488922119,0.4911083877086639,0.4998641312122345,0.4994855523109436,3.13983154296875,2.7972564697265625,Fixation,1273.6647602297226,721.7979120308498,420.0,1.0,True,1,image,,9.0
380.0,1279.3769836425781,696.5263366699218,0.5029782056808472,0.4942646324634552,0.4997566342353821,0.4836988449096679,3.1399078369140625,2.7593994140625,Fixation,1273.6647602297226,721.7979120308498,420.0,1.0,True,1,image,,9.0
384.0,1279.199752807617,693.1391572952269,0.5061579346656799,0.490414947271347,0.4996874034404754,0.4813466370105743,3.1407470703125,2.762237548828125,Fixation,1273.6647602297226,721.7979120308498,420.0,1.0,True,1,image,,9.0
388.0,1281.392822265625,711.631293296814,0.503949761390686,0.4940314888954162,0.5005440711975098,0.4941883981227875,3.1399688720703125,2.7868804931640625,Fixation,1273.6647602297226,721.7979120308498,420.0,1.0,True,1,image,,9.0
392.0,1281.57958984375,701.7602920532227,0.5063120722770691,0.4823623597621918,0.5006170272827148,0.4873335361480713,3.102203369140625,2.7643585205078125,Fixation,1273.6647602297226,721.7979120308498,420.0,1.0,True,1,image,,9.0
396.0,1281.1846923828125,704.1943216323853,0.50468510389328,0.4823288023471832,0.5004627704620361,0.4890238344669342,3.121978759765625,2.77093505859375,Fixation,1273.6647602297226,721.7979120308498,420.0,1.0,True,1,image,,9.0
400.0,1270.0873565673828,718.7578582763671,0.5017844438552856,0.4915778338909149,0.4961278736591339,0.4991374015808105,3.13299560546875,2.774627685546875,Fixation,1273.6647602297226,721.7979120308498,420.0,1.0,True,1,image,,9.0
404.0,1282.3518371582031,716.6147518157959,0.5047173500061035,0.4894672334194183,0.5009186863899231,0.4976491332054138,3.108367919921875,2.77459716796875,Fixation,1273.6647602297226,721.7979120308498,420.0,1.0,True,1,image,,9.0
408.0,1281.4427185058594,722.217264175415,0.5036649703979492,0.4823225140571594,0.5005635619163513,0.5015397667884827,3.115753173828125,2.7789306640625,Fixation,1273.6647602297226,721.7979120308498,420.0,1.0,True,1,image,,9.0
412.0,1270.1382446289062,711.3035488128661,0.5042807459831238,0.481937438249588,0.4961477518081665,0.4939607977867126,3.0827178955078125,2.746063232421875,Fixation,1273.6647602297226,721.7979120308498,420.0,1.0,True,1,image,,9.0
416.0,1280.1725769042969,730.3825950622559,0.5042741894721985,0.4961766004562378,0.500067412853241,0.5072101354598999,3.11346435546875,2.7602081298828125,Fixation,1273.6647602297226,721.7979120308498,420.0,1.0,True,1,image,,9.0
420.0,1274.4512939453125,769.0367889404297,0.4996440708637237,0.5110156536102295,0.4978325366973877,0.5340533256530762,3.0962371826171875,2.7632598876953125,Fixation,1273.6647602297226,721.7979120308498,420.0,1.0,True,1,image,,9.0
424.0,1233.8847351074216,782.3390007019043,0.4872151017189026,0.5387837886810303,0.4819862246513366,0.5432909727096558,3.096282958984375,2.7699127197265625,Saccade,,,,0.0,False,2,,,
428.0,1168.6788177490234,836.0929584503174,0.4636295437812805,0.5685247182846069,0.4565151631832123,0.5806201100349426,3.081161499023437,2.71661376953125,Saccade,,,,0.0,False,2,,,
432.0,1125.0357818603513,891.8032550811768,0.4437080919742584,0.6105219125747681,0.4394671022891998,0.619307816028595,3.093597412109375,2.7112274169921875,Saccade,,,,0.0,False,2,,,
436.0,1072.595443725586,936.176176071167,0.430418461561203,0.654554545879364,0.418982595205307,0.650122344493866,3.114410400390625,2.7238006591796875,Saccade,,,,0.0,False,2,,,
440.0,1032.9296875,980.7394695281982,0.4059334099292755,0.6911739110946655,0.4034881591796875,0.6810690760612488,3.0943756103515625,2.73150634765625,Saccade,,,,0.0,False,2,,,
444.0,999.8990631103516,996.1788654327393,0.3940985798835754,0.7078729867935181,0.3905855715274811,0.6917908787727356,3.1190338134765625,2.719268798828125,Saccade,,,,0.0,False,2,,,
448.0,951.9234466552734,1022.982759475708,0.3803977370262146,0.7216426134109497,0.3718450963497162,0.7104046940803528,3.107177734375,2.740997314453125,Saccade,,,,0.0,False,2,,,
452.0,936.2548065185547,1043.3426570892334,0.3708423674106598,0.7392950654029846,0.3657245337963104,0.7245435118675232,3.08831787109375,2.72662353515625,Fixation,927.4946855817523,1057.7161707196917,136.0,2.0,True,3,word,close,1.0
456.0,930.0666046142577,1071.928653717041,0.3724172413349151,0.7469176650047302,0.3633072674274444,0.7443948984146118,3.0960693359375,2.75146484375,Fixation,927.4946855817523,1057.7161707196917,136.0,2.0,True,3,word,close,1.0
460.0,941.3124084472655,1090.1464748382568,0.3726560473442077,0.7523327469825745,0.3677001595497131,0.7570461630821228,3.10638427734375,2.7324676513671875,Fixation,927.4946855817523,1057.7161707196917,136.0,2.0,True,3,word,close,1.0
464.0,939.6648406982421,1074.0213775634766,0.3689348697662353,0.7474753260612488,0.3670565783977508,0.7458481788635254,3.081298828125,2.7415313720703125,Fixation,927.4946855817523,1057.7161707196917,136.0,2.0,True,3,word,close,1.0
468.0,935.8246612548828,1061.5774726867676,0.3705466687679291,0.740004301071167,0.3655565083026886,0.7372065782546997,3.0577850341796875,2.7181854248046875,Fixation,927.4946855817523,1057.7161707196917,136.0,2.0,True,3,word,close,1.0
472.0,929.4239807128906,1043.4950065612793,0.3704966306686401,0.7318632006645203,0.3630562424659729,0.7246493101119995,3.051864624023437,2.6842041015625,Fixation,927.4946855817523,1057.7161707196917,136.0,2.0,True,3,word,close,1.0
476.0,930.12451171875,1054.4480323791504,0.3730051219463348,0.7464163899421692,0.3633298873901367,0.7322555780410767,3.045639038085937,2.6995849609375,Fixation,927.4946855817523,1057.7161707196917,136.0,2.0,True,3,word,close,1.0
480.0,923.8507080078124,1061.5717220306396,0.3735088109970093,0.7431218028068542,0.3608791828155517,0.7372025847434998,3.076416015625,2.7125396728515625,Fixation,927.4946855817523,1057.7161707196917,136.0,2.0,True,3,word,close,1.0
484.0,922.2580718994141,1067.6207256317139,0.3696427643299103,0.7447443008422852,0.3602570593357086,0.7414032816886902,3.0348663330078125,2.7069854736328125,Fixation,927.4946855817523,1057.7161707196917,136.0,2.0,True,3,word,close,1.0
488.0,933.2477569580078,1058.4771823883057,0.3750859200954437,0.7474088668823242,0.3645499050617218,0.7350535988807678,3.059677124023437,2.6871490478515625,Fixation,927.4946855817523,1057.7161707196917,136.0,2.0,True,3,word,close,1.0
492.0,930.6830596923827,1069.3847179412842,0.3726876676082611,0.7398523688316345,0.363548070192337,0.742628276348114,3.048309326171875,2.7182769775390625,Fixation,927.4946855817523,1057.7161707196917,136.0,2.0,True,3,word,close,1.0
496.0,926.6934967041016,1071.3410568237305,0.3737630844116211,0.7510039210319519,0.3619896471500397,0.7439868450164795,3.0366363525390625,2.698822021484375,Fixation,927.4946855817523,1057.7161707196917,136.0,2.0,True,3,word,close,1.0
500.0,924.2530059814453,1045.8204174041748,0.368914783000946,0.7473962306976318,0.3610363304615021,0.7262641787528992,3.0391387939453125,2.6791229248046875,Fixation,927.4946855817523,1057.7161707196917,136.0,2.0,True,3,word,close,1.0
504.0,928.4690093994141,1064.7537231445312,0.3697611093521118,0.7458178400993347,0.3626832067966461,0.7394123077392578,3.0362548828125,2.689682006835937,Fixation,927.4946855817523,1057.7161707196917,136.0,2.0,True,3,word,close,1.0
508.0,927.2209167480469,1055.6225395202637,0.3760468363761902,0.7443684935569763,0.3621956706047058,0.7330712080001831,3.0269012451171875,2.71051025390625,Fixation,927.4946855817523,1057.7161707196917,136.0,2.0,True,3,word,close,1.0
512.0,920.9262847900391,1046.9526958465576,0.3757417201995849,0.7432486414909363,0.359736829996109,0.7270504832267761,3.0249786376953125,2.6631011962890625,Fixation,927.4946855817523,1057.7161707196917,136.0,2.0,True,3,word,close,1.0
516.0,927.7124023437499,1069.6298503875732,0.3740025758743286,0.7401712536811829,0.3623876571655273,0.7427985072135925,3.024154663085937,2.702117919921875,Fixation,927.4946855817523,1057.7161707196917,136.0,2.0,True,3,word,close,1.0
520.0,926.2747192382812,1065.6240463256836,0.3739544451236725,0.744362473487854,0.3618260622024536,0.7400166988372803,3.012725830078125,2.69244384765625,Fixation,927.4946855817523,1057.7161707196917,136.0,2.0,True,3,word,close,1.0
524.0,927.9542541503905,1034.4677639007568,0.3722164034843445,0.739513635635376,0.3624821305274963,0.7183803915977478,3.02044677734375,2.638900756835937,Fixation,927.4946855817523,1057.7161707196917,136.0,2.0,True,3,word,close,1.0
528.0,929.5711517333983,1044.3297958374023,0.3725200295448303,0.7438535690307617,0.3631137311458587,0.725229024887085,3.0034942626953125,2.66033935546875,Fixation,927.4946855817523,1057.7161707196917,136.0,2.0,True,3,word,close,1.0
532.0,920.6462860107421,1032.7762985229492,0.3747480511665344,0.7441275119781494,0.3596274554729461,0.7172057628631592,3.005722045898437,2.646636962890625,Fixation,927.4946855817523,1057.7161707196917,136.0,2.0,True,3,word,close,1.0
536.0,930.3826904296875,1052.6927947998047,0.376169204711914,0.7478700280189514,0.3634307384490967,0.7310366630554199,3.00958251953125,2.66510009765625,Fixation,927.4946855817523,1057.7161707196917,136.0,2.0,True,3,word,close,1.0
540.0,930.2562713623046,1043.6676979064941,0.372510552406311,0.7465567588806152,0.3633813560009002,0.7247692346572876,2.992218017578125,2.6654205322265625,Fixation,927.4946855817523,1057.7161707196917,136.0,2.0,True,3,word,close,1.0
544.0,929.0376281738281,1030.5519104003906,0.3748075067996979,0.7425257563591003,0.3629053235054016,0.7156610488891602,2.9853515625,2.63604736328125,Fixation,927.4946855817523,1057.7161707196917,136.0,2.0,True,3,word,close,1.0
548.0,928.4984588623046,1043.8282871246338,0.3708967566490173,0.7356635928153992,0.3626947104930877,0.7248807549476624,2.990386962890625,2.6611785888671875,Fixation,927.4946855817523,1057.7161707196917,136.0,2.0,True,3,word,close,1.0
552.0,927.0361328125,1048.185224533081,0.3745819330215454,0.7456485629081726,0.3621234893798828,0.7279064059257507,2.9974822998046875,2.6548614501953125,Fixation,927.4946855817523,1057.7161707196917,136.0,2.0,True,3,word,close,1.0
556.0,934.7505950927734,1054.702434539795,0.3707291185855865,0.7400690913200378,0.3651369512081146,0.7324322462081909,3.00665283203125,2.663299560546875,Fixation,927.4946855817523,1057.7161707196917,136.0,2.0,True,3,word,close,1.0
560.0,934.9974822998047,1046.0695838928223,0.3759203255176544,0.7495313286781311,0.3652333915233612,0.7264372110366821,2.9943084716796875,2.6577301025390625,Fixation,927.4946855817523,1057.7161707196917,136.0,2.0,True,3,word,close,1.0
564.0,916.3535308837891,1064.0381526947021,0.375262975692749,0.743149995803833,0.3579505980014801,0.7389153838157654,2.9869842529296875,2.656845092773437,Fixation,927.4946855817523,1057.7161707196917,136.0,2.0,True,3,word,close,1.0
568.0,926.7769622802734,1044.6828174591064,0.3701808750629425,0.74488765001297,0.3620222508907318,0.7254741787910461,2.98321533203125,2.638046264648437,Fixation,927.4946855817523,1057.7161707196917,136.0,2.0,True,3,word,close,1.0
572.0,930.1412963867188,1056.4270305633545,0.3777689337730407,0.7426052689552307,0.363336443901062,0.7336298823356628,2.985336303710937,2.645172119140625,Fixation,927.4946855817523,1057.7161707196917,136.0,2.0,True,3,word,close,1.0
576.0,923.0027008056641,1060.0443649291992,0.3742617666721344,0.7453776597976685,0.3605479300022125,0.7361419200897217,2.9879150390625,2.656005859375,Fixation,927.4946855817523,1057.7161707196917,136.0,2.0,True,3,word,close,1.0
580.0,930.8198547363281,1055.1448059082031,0.3797363340854645,0.7548399567604065,0.3636015057563782,0.7327394485473633,2.9978485107421875,2.61639404296875,Fixation,927.4946855817523,1057.7161707196917,136.0,2.0,True,3,word,close,1.0
584.0,917.0531463623046,1089.6556949615479,0.3632752597332001,0.7532658576965332,0.3582238852977752,0.7567053437232971,2.990478515625,2.64837646484375,Fixation,927.4946855817523,1057.7161707196917,136.0,2.0,True,3,word,close,1.0
588.0,890.7743072509766,1103.0429649353027,0.3523454964160919,0.7828204035758972,0.3479587137699127,0.7660020589828491,2.9631500244140625,2.641845703125,Fixation,927.4946855817523,1057.7161707196917,136.0,2.0,True,3,word,close,1.0
592.0,867.7819061279296,1129.6978569030762,0.3465258777141571,0.7916601300239563,0.3389773070812225,0.7845124006271362,2.9522247314453125,2.654571533203125,Fixation,869.8779678344727,1117.0169437848604,204.0,3.0,True,4,word,close,1.0
596.0,863.2723999023438,1134.5823955535889,0.3481182157993316,0.7853615880012512,0.337215781211853,0.7879044413566589,2.984954833984375,2.6457672119140625,Fixation,869.8779678344727,1117.0169437848604,204.0,3.0,True,4,word,close,1.0
600.0,859.9472045898438,1121.4231777191162,0.3498708307743072,0.7903437614440918,0.3359168767929077,0.7787660956382751,2.9666290283203125,2.6378936767578125,Fixation,869.8779678344727,1117.0169437848604,204.0,3.0,True,4,word,close,1.0
604.0,879.0339660644531,1110.3971099853516,0.3525033593177795,0.7967770099639893,0.343372642993927,0.7711091041564941,2.9674072265625,2.6427154541015625,Fixation,869.8779678344727,1117.0169437848604,204.0,3.0,True,4,word,close,1.0
608.0,880.7450103759764,1126.3989543914795,0.3444199562072754,0.7897401452064514,0.3440410196781158,0.7822214961051941,2.9489898681640625,2.649261474609375,Fixation,869.8779678344727,1117.0169437848604,204.0,3.0,True,4,word,close,1.0
612.0,876.7896270751952,1102.0663833618164,0.3448326885700226,0.7835635542869568,0.3424959480762481,0.7653238773345947,2.9413604736328125,2.6314239501953125,Fixation,869.8779678344727,1117.0169437848604,204.0,3.0,True,4,word,close,1.0
616.0,878.8140869140624,1112.80912399292,0.346562385559082,0.7821427583694458,0.3432867527008056,0.7727841138839722,2.931549072265625,2.6587371826171875,Fixation,869.8779678344727,1117.0169437848604,204.0,3.0,True,4,word,close,1.0
620.0,882.7873229980468,1110.1288032531738,0.3454191088676452,0.7804378867149353,0.344838798046112,0.7709227800369263,2.937118530273437,2.6060028076171875,Fixation,869.8779678344727,1117.0169437848604,204.0,3.0,True,4,word,close,1.0
624.0,875.9912872314453,1105.4380702972412,0.3470981419086456,0.7863762974739075,0.3421840965747833,0.7676653265953064,2.9599761962890625,2.6018524169921875,Fixation,869.8779678344727,1117.0169437848604,204.0,3.0,True,4,word,close,1.0
628.0,865.8787536621094,1108.9438247680664,0.3463740348815918,0.7883817553520203,0.3382338881492615,0.7700998783111572,2.957611083984375,2.6319122314453125,Fixation,869.8779678344727,1117.0169437848604,204.0,3.0,True,4,word,close,1.0
632.0,867.0824432373046,1122.9198932647705,0.3484212756156921,0.7916615605354309,0.3387040793895721,0.7798054814338684,2.94219970703125,2.631378173828125,Fixation,869.8779678344727,1117.0169437848604,204.0,3.0,True,4,word,close,1.0
636.0,875.7342529296875,1115.2691173553467,0.347971111536026,0.7920729517936707,0.3420836925506592,0.7744924426078796,2.9406890869140625,2.6532135009765625,Fixation,869.8779678344727,1117.0169437848604,204.0,3.0,True,4,word,close,1.0
640.0,864.5276641845703,1104.0861511230469,0.3509931266307831,0.7834134101867676,0.3377061188220978,0.7667264938354492,2.95458984375,2.6289215087890625,Fixation,869.8779678344727,1117.0169437848604,204.0,3.0,True,4,word,close,1.0
644.0,872.6795959472655,1125.6794357299805,0.34919273853302,0.790553629398346,0.3408904671669006,0.781721830368042,2.9560546875,2.620513916015625,Fixation,869.8779678344727,1117.0169437848604,204.0,3.0,True,4,word,close,1.0
648.0,881.6655731201172,1112.402286529541,0.3498511612415313,0.7849690914154053,0.3444006145000458,0.7725015878677368,2.949310302734375,2.6113739013671875,Fixation,869.8779678344727,1117.0169437848604,204.0,3.0,True,4,word,close,1.0
652.0,870.3848266601561,1111.2899208068848,0.3495661616325378,0.7951757311820984,0.3399940729141235,0.7717291116714478,2.936981201171875,2.618682861328125,Fixation,869.8779678344727,1117.0169437848604,204.0,3.0,True,4,word,close,1.0
656.0,875.8838653564452,1108.4825706481934,0.3473473489284515,0.7895759344100952,0.3421421349048614,0.7697795629501343,2.931427001953125,2.59539794921875,Fixation,869.8779678344727,1117.0169437848604,204.0,3.0,True,4,word,close,1.0
660.0,871.5813446044921,1106.8754768371582,0.3536142110824585,0.7910637259483337,0.3404614627361297,0.7686635255813599,2.9507598876953125,2.614532470703125,Fixation,869.8779678344727,1117.0169437848604,204.0,3.0,True,4,word,close,1.0
664.0,864.7640228271483,1111.8840408325195,0.346427172422409,0.7842159867286682,0.3377984464168548,0.772141695022583,2.9312286376953125,2.5972442626953125,Fixation,869.8779678344727,1117.0169437848604,204.0,3.0,True,4,word,close,1.0
668.0,865.1087951660155,1116.6199207305908,0.3504882752895355,0.7880669832229614,0.3379331231117248,0.7754305005073547,2.9323883056640625,2.6152801513671875,Fixation,869.8779678344727,1117.0169437848604,204.0,3.0,True,4,word,close,1.0
672.0,868.213882446289,1116.6324520111084,0.3503011167049408,0.7908167839050293,0.3391460478305816,0.7754392027854919,2.9237213134765625,2.628204345703125,Fixation,869.8779678344727,1117.0169437848604,204.0,3.0,True,4,word,close,1.0
676.0,866.9295501708984,1109.569959640503,0.3492812216281891,0.7889430522918701,0.3386443555355072,0.7705346941947937,2.9347076416015625,2.59619140625,Fixation,869.8779678344727,1117.0169437848604,204.0,3.0,True,4,word,close,1.0
680.0,866.4724731445312,1098.1221199035645,0.3508619666099548,0.7851338386535645,0.3384658098220825,0.7625848054885864,2.9232177734375,2.582763671875,Fixation,869.8779678344727,1117.0169437848604,204.0,3.0,True,4,word,close,1.0
684.0,872.5315093994141,1113.2307243347168,0.3519916236400604,0.7845838069915771,0.3408326208591461,0.7730768918991089,2.930511474609375,2.6119842529296875,Fixation,869.8779678344727,1117.0169437848604,204.0,3.0,True,4,word,close,1.0
688.0,867.5463104248046,1105.5883598327637,0.3517411351203918,0.7917050719261169,0.3388852775096893,0.7677696943283081,2.923095703125,2.6107177734375,Fixation,869.8779678344727,1117.0169437848604,204.0,3.0,True,4,word,close,1.0
692.0,865.3675842285156,1118.1714820861816,0.3500505685806274,0.7830253839492798,0.3380342125892639,0.7765079736709595,2.9305572509765625,2.5943145751953125,Fixation,869.8779678344727,1117.0169437848604,204.0,3.0,True,4,word,close,1.0
696.0,862.8202056884764,1105.0568103790283,0.3491140305995941,0.7902942299842834,0.3370391428470611,0.7674005627632141,2.9128570556640625,2.57855224609375,Fixation,869.8779678344727,1117.0169437848604,204.0,3.0,True,4,word,close,1.0
700.0,863.0328369140624,1109.770803451538,0.3479913175106048,0.794746458530426,0.3371222019195556,0.7706741690635681,2.928573608398437,2.5871124267578125,Fixation,869.8779678344727,1117.0169437848604,204.0,3.0,True,4,word,close,1.0
704.0,858.3935546875,1125.386323928833,0.3469597399234772,0.7890545129776001,0.3353099822998047,0.781518280506134,2.91033935546875,2.6311798095703125,Fixation,869.8779678344727,1117.0169437848604,204.0,3.0,True,4,word,close,1.0
708.0,874.7998046875,1110.5743503570557,0.347360223531723,0.7890453338623047,0.3417186737060547,0.7712321877479553,2.9150848388671875,2.594024658203125,Fixation,869.8779678344727,1117.0169437848604,204.0,3.0,True,4,word,close,1.0
712.0,865.0268554687499,1106.3415241241455,0.3503893315792084,0.7892376184463501,0.3379011154174804,0.7682927250862122,2.930755615234375,2.5868682861328125,Fixation,869.8779678344727,1117.0169437848604,204.0,3.0,True,4,word,close,1.0
716.0,859.1463470458984,1125.930061340332,0.3438269197940826,0.7943821549415588,0.3356040418148041,0.7818958759307861,2.932647705078125,2.6027374267578125,Fixation,869.8779678344727,1117.0169437848604,204.0,3.0,True,4,word,close,1.0
720.0,862.3591613769531,1133.3580207824707,0.343691349029541,0.7957640290260315,0.3368590474128723,0.787054181098938,2.900146484375,2.622772216796875,Fixation,869.8779678344727,1117.0169437848604,204.0,3.0,True,4,word,close,1.0
724.0,872.4667358398436,1113.7196159362793,0.3440064191818237,0.7952685952186584,0.3408073186874389,0.7734163999557495,2.90106201171875,2.593109130859375,Fixation,869.8779678344727,1117.0169437848604,204.0,3.0,True,4,word,close,1.0
728.0,865.9175872802734,1118.7931537628174,0.3515921235084533,0.7970589995384216,0.3382490575313568,0.7769396901130676,2.911117553710937,2.599853515625,Fixation,869.8779678344727,1117.0169437848604,204.0,3.0,True,4,word,close,1.0
732.0,870.1301574707031,1109.8528575897217,0.3470095694065094,0.7784475684165955,0.3398945927619934,0.7707311511039734,2.8962554931640625,2.56744384765625,Fixation,869.8779678344727,1117.0169437848604,204.0,3.0,True,4,word,close,1.0
736.0,872.9178619384766,1103.344488143921,0.3477984666824341,0.790666401386261,0.3409835398197174,0.7662114500999451,2.9115753173828125,2.572372436523437,Fixation,869.8779678344727,1117.0169437848604,204.0,3.0,True,4,word,close,1.0
740.0,866.0028076171874,1115.2556419372559,0.3479132652282715,0.7867599129676819,0.3382823467254638,0.7744830846786499,2.8883819580078125,2.586151123046875,Fixation,869.8779678344727,1117.0169437848604,204.0,3.0,True,4,word,close,1.0
744.0,869.522247314453,1125.8022594451904,0.3483826816082001,0.7874048352241516,0.3396571278572082,0.7818071246147156,2.92138671875,2.5925445556640625,Fixation,869.8779678344727,1117.0169437848604,204.0,3.0,True,4,word,close,1.0
748.0,864.6176147460936,1132.867670059204,0.3460208773612976,0.7903616428375244,0.3377412557601928,0.7867136597633362,2.917449951171875,2.591781616210937,Fixation,869.8779678344727,1117.0169437848604,204.0,3.0,True,4,word,close,1.0
752.0,870.8181762695311,1128.6011981964111,0.3521030247211456,0.7928034663200378,0.3401633501052856,0.7837508320808411,2.921966552734375,2.5823211669921875,Fixation,869.8779678344727,1117.0169437848604,204.0,3.0,True,4,word,close,1.0
756.0,855.81298828125,1135.1374626159668,0.3496853709220886,0.7950939536094666,0.3343019485473633,0.7882899045944214,2.915985107421875,2.6077423095703125,Fixation,869.8779678344727,1117.0169437848604,204.0,3.0,True,4,word,close,1.0
760.0,873.4954071044921,1134.5335578918457,0.3496735692024231,0.7925597429275513,0.3412091434001922,0.7878705263137817,2.921722412109375,2.587371826171875,Fixation,869.8779678344727,1117.0169437848604,204.0,3.0,True,4,word,close,1.0
764.0,858.4425354003906,1119.7997760772705,0.3505361676216125,0.7807509303092957,0.3353291153907776,0.7776387333869934,2.902069091796875,2.5738983154296875,Fixation,869.8779678344727,1117.0169437848604,204.0,3.0,True,4,word,close,1.0
768.0,856.0523223876953,1128.3858489990234,0.3527474999427795,0.7946118116378784,0.3343954384326935,0.7836012840270996,2.9080963134765625,2.5731353759765625,Fixation,869.8779678344727,1117.0169437848604,204.0,3.0,True,4,word,close,1.0
772.0,867.9326629638672,1125.7487869262695,0.3500678241252899,0.7914344668388367,0.3390361964702606,0.7817699909210205,2.9234619140625,2.5923309326171875,Fixation,869.8779678344727,1117.0169437848604,204.0,3.0,True,4,word,close,1.0
776.0,872.2610473632811,1115.5346775054932,0.3493668735027313,0.7938554883003235,0.3407269716262817,0.7746768593788147,2.891952514648437,2.571380615234375,Fixation,869.8779678344727,1117.0169437848604,204.0,3.0,True,4,word,close,1.0
780.0,870.0082397460936,1103.8456535339355,0.3505883514881134,0.8045558929443359,0.3398469686508178,0.7665594816207886,2.9034881591796875,2.5531463623046875,Fixation,869.8779678344727,1117.0169437848604,204.0,3.0,True,4,word,close,1.0
784.0,857.8811645507812,1103.494005203247,0.3441411852836609,0.7891699075698853,0.3351098299026489,0.7663152813911438,2.9119873046875,2.523651123046875,Fixation,869.8779678344727,1117.0169437848604,204.0,3.0,True,4,word,close,1.0
788.0,866.5726470947264,1121.3500499725342,0.3527889549732208,0.7901289463043213,0.3385049402713775,0.7787153124809265,2.9016265869140625,2.5649871826171875,Fixation,869.8779678344727,1117.0169437848604,204.0,3.0,True,4,word,close,1.0
792.0,891.6646575927734,1130.9844589233398,0.3571935296058655,0.7894845008850098,0.3483065068721771,0.7854058742523193,2.887542724609375,2.575912475585937,Fixation,869.8779678344727,1117.0169437848604,204.0,3.0,True,4,word,close,1.0
796.0,918.0434417724608,1142.702407836914,0.3665350675582886,0.7892122268676758,0.3586107194423675,0.7935433387756348,2.927703857421875,2.613067626953125,Fixation,869.8779678344727,1117.0169437848604,204.0,3.0,True,4,word,close,1.0
800.0,948.8728332519531,1130.0969696044922,0.3734222948551178,0.7835378646850586,0.3706534504890442,0.7847895622253418,2.91705322265625,2.5729522705078125,Fixation,958.6268173217774,1116.138479232788,196.0,4.0,True,5,word,close,1.0
804.0,954.0116882324219,1113.1107330322266,0.3780065476894378,0.7856709957122803,0.3726608157157898,0.7729935646057129,2.894012451171875,2.5667724609375,Fixation,958.6268173217774,1116.138479232788,196.0,4.0,True,5,word,close,1.0
808.0,944.4220733642578,1106.9558143615723,0.3786464631557464,0.790108323097229,0.3689148724079132,0.7687193155288696,2.87042236328125,2.536163330078125,Fixation,958.6268173217774,1116.138479232788,196.0,4.0,True,5,word,close,1.0
812.0,963.4603881835938,1123.9768981933594,0.3777804970741272,0.7934127449989319,0.3763517141342163,0.7805395126342773,2.901885986328125,2.5701446533203125,Fixation,958.6268173217774,1116.138479232788,196.0,4.0,True,5,word,close,1.0
816.0,971.565933227539,1117.8931331634521,0.3779185712337494,0.7878077030181885,0.3795179426670074,0.7763146758079529,2.873321533203125,2.560821533203125,Fixation,958.6268173217774,1116.138479232788,196.0,4.0,True,5,word,close,1.0
820.0,960.8666229248046,1110.4053497314453,0.3796713054180145,0.7860243320465088,0.3753385245800018,0.7711148262023926,2.8979644775390625,2.5426177978515625,Fixation,958.6268173217774,1116.138479232788,196.0,4.0,True,5,word,close,1.0
824.0,957.4469757080077,1122.8096866607666,0.3806015849113464,0.7834135293960571,0.3740027248859405,0.7797289490699768,2.899765014648437,2.553741455078125,Fixation,958.6268173217774,1116.138479232788,196.0,4.0,True,5,word,close,1.0
828.0,954.021759033203,1130.4664707183838,0.3851047456264496,0.782873272895813,0.3726647496223449,0.7850461602210999,2.897201538085937,2.551513671875,Fixation,958.6268173217774,1116.138479232788,196.0,4.0,True,5,word,close,1.0
832.0,959.1827392578125,1125.666389465332,0.3819383680820465,0.7801730632781982,0.374680757522583,0.7817127704620361,2.897918701171875,2.559555053710937,Fixation,958.6268173217774,1116.138479232788,196.0,4.0,True,5,word,close,1.0
836.0,952.8284454345702,1113.0993175506592,0.3860350847244262,0.7788642644882202,0.372198611497879,0.7729856371879578,2.889312744140625,2.545013427734375,Fixation,958.6268173217774,1116.138479232788,196.0,4.0,True,5,word,close,1.0
840.0,962.9124450683594,1122.7249717712402,0.383235216140747,0.7821366190910339,0.3761376738548279,0.7796701192855835,2.898956298828125,2.549285888671875,Fixation,958.6268173217774,1116.138479232788,196.0,4.0,True,5,word,close,1.0
844.0,969.0717315673828,1123.875789642334,0.38519287109375,0.7735640406608582,0.3785436451435089,0.7804692983627319,2.9097442626953125,2.5328369140625,Fixation,958.6268173217774,1116.138479232788,196.0,4.0,True,5,word,close,1.0
848.0,962.7703857421875,1110.3597736358643,0.3835651874542236,0.7846584916114807,0.376082181930542,0.7710831761360168,2.9045867919921875,2.5186004638671875,Fixation,958.6268173217774,1116.138479232788,196.0,4.0,True,5,word,close,1.0
852.0,958.3274841308593,1132.704677581787,0.3843639194965362,0.7779110074043274,0.3743466734886169,0.7866004705429077,2.9078826904296875,2.5562286376953125,Fixation,958.6268173217774,1116.138479232788,196.0,4.0,True,5,word,close,1.0
856.0,962.6024627685547,1103.5319423675537,0.3827008306980133,0.7828064560890198,0.3760165870189667,0.7663416266441345,2.884002685546875,2.535736083984375,Fixation,958.6268173217774,1116.138479232788,196.0,4.0,True,5,word,close,1.0
860.0,963.9686584472655,1120.1010417938232,0.3810744881629944,0.782348096370697,0.3765502572059631,0.777847945690155,2.881927490234375,2.552398681640625,Fixation,958.6268173217774,1116.138479232788,196.0,4.0,True,5,word,close,1.0
864.0,958.5084533691405,1108.6253929138184,0.3830037117004394,0.7815741300582886,0.3744173645973205,0.7698787450790405,2.887603759765625,2.5561065673828125,Fixation,958.6268173217774,1116.138479232788,196.0,4.0,True,5,word,close,1.0
868.0,956.9959259033203,1107.8833866119385,0.3844776749610901,0.7846348881721497,0.3738265335559845,0.7693634629249573,2.913421630859375,2.54205322265625,Fixation,958.6268173217774,1116.138479232788,196.0,4.0,True,5,word,close,1.0
872.0,962.7260589599608,1119.892816543579,0.3844195306301117,0.7767459154129028,0.3760648667812347,0.7777033448219299,2.9016571044921875,2.5597381591796875,Fixation,958.6268173217774,1116.138479232788,196.0,4.0,True,5,word,close,1.0
876.0,959.4725799560546,1108.7453842163086,0.3807935118675232,0.7858404517173767,0.3747939765453338,0.7699620723724365,2.87933349609375,2.5197296142578125,Fixation,958.6268173217774,1116.138479232788,196.0,4.0,True,5,word,close,1.0
880.0,963.5064697265625,1119.647855758667,0.3816077411174774,0.7853922247886658,0.3763697147369385,0.777533233165741,2.889007568359375,2.545150756835937,Fixation,958.6268173217774,1116.138479232788,196.0,4.0,True,5,word,close,1.0
884.0,958.3049011230469,1116.589879989624,0.3857202529907226,0.7779144048690796,0.3743378520011902,0.7754096388816833,2.893417358398437,2.50726318359375,Fixation,958.6268173217774,1116.138479232788,196.0,4.0,True,5,word,close,1.0
888.0,950.5261993408202,1123.7610340118408,0.3832736909389496,0.7849382162094116,0.3712992966175079,0.7803896069526672,2.8839874267578125,2.5640411376953125,Fixation,958.6268173217774,1116.138479232788,196.0,4.0,True,5,word,close,1.0
892.0,952.2571563720702,1092.6338481903076,0.3794483244419098,0.7797187566757202,0.3719754517078399,0.7587735056877136,2.9090728759765625,2.5226287841796875,Fixation,958.6268173217774,1116.138479232788,196.0,4.0,True,5,word,close,1.0
896.0,961.7071533203124,1124.8821544647217,0.3824808895587921,0.7747571468353271,0.375666856765747,0.7811681628227234,2.8786163330078125,2.5580596923828125,Fixation,958.6268173217774,1116.138479232788,196.0,4.0,True,5,word,close,1.0
900.0,952.4927520751952,1107.323169708252,0.3853872716426849,0.7803646922111511,0.3720674812793731,0.7689744234085083,2.8882293701171875,2.55841064453125,Fixation,958.6268173217774,1116.138479232788,196.0,4.0,True,5,word,close,1.0
904.0,958.6753845214843,1100.2656555175781,0.3836066126823425,0.7883771061897278,0.3744825720787048,0.764073371887207,2.8865966796875,2.512603759765625,Fixation,958.6268173217774,1116.138479232788,196.0,4.0,True,5,word,close,1.0
908.0,959.2511749267577,1101.1939144134521,0.3813701868057251,0.7866551280021667,0.3747074902057647,0.7647179961204529,2.896514892578125,2.50628662109375,Fixation,958.6268173217774,1116.138479232788,196.0,4.0,True,5,word,close,1.0
912.0,955.0997161865234,1107.4514865875244,0.3822043538093567,0.787142813205719,0.3730858266353607,0.7690635323524475,2.8925933837890625,2.530731201171875,Fixation,958.6268173217774,1116.138479232788,196.0,4.0,True,5,word,close,1.0
916.0,961.2960052490234,1118.3850288391113,0.3818109333515167,0.7808077335357666,0.3755062520503998,0.7766562700271606,2.8776092529296875,2.5238800048828125,Fixation,958.6268173217774,1116.138479232788,196.0,4.0,True,5,word,close,1.0
920.0,951.9889831542969,1089.9989318847656,0.3784838616847992,0.7887065410614014,0.3718706965446472,0.7569437026977539,2.8789520263671875,2.5238037109375,Fixation,958.6268173217774,1116.138479232788,196.0,4.0,True,5,word,close,1.0
924.0,962.3499298095703,1115.8872699737549,0.3823766410350799,0.792323648929596,0.3759179413318634,0.774921715259552,2.889373779296875,2.5553741455078125,Fixation,958.6268173217774,1116.138479232788,196.0,4.0,True,5,word,close,1.0
928.0,962.6615905761718,1101.1225032806396,0.3866142332553863,0.7876369953155518,0.3760396838188171,0.7646684050559998,2.905029296875,2.518035888671875,Fixation,958.6268173217774,1116.138479232788,196.0,4.0,True,5,word,close,1.0
932.0,957.4966430664061,1113.9210605621338,0.3839654922485351,0.785040020942688,0.3740221261978149,0.7735562920570374,2.8861083984375,2.514877319335937,Fixation,958.6268173217774,1116.138479232788,196.0,4.0,True,5,word,close,1.0
936.0,951.1822509765625,1130.9095287322998,0.3847460746765136,0.7840954661369324,0.3715555667877197,0.7853538393974304,2.88983154296875,2.5489959716796875,Fixation,958.6268173217774,1116.138479232788,196.0,4.0,True,5,word,close,1.0
940.0,957.1946716308593,1124.6978759765625,0.3831934332847595,0.7861101627349854,0.3739041686058044,0.7810401916503906,2.9058074951171875,2.57598876953125,Fixation,958.6268173217774,1116.138479232788,196.0,4.0,True,5,word,close,1.0
944.0,951.2989044189453,1112.1411895751953,0.3796485066413879,0.7768836617469788,0.3716011345386505,0.7723202705383301,2.878158569335937,2.5253143310546875,Fixation,958.6268173217774,1116.138479232788,196.0,4.0,True,5,word,close,1.0
948.0,959.6086883544922,1103.7263488769531,0.3851659893989563,0.785197377204895,0.3748471438884735,0.7664766311645508,2.89776611328125,2.5120086669921875,Fixation,958.6268173217774,1116.138479232788,196.0,4.0,True,5,word,close,1.0
952.0,955.9828186035156,1120.3391361236572,0.3824819922447204,0.7890685796737671,0.3734307885169983,0.778013288974762,2.916488647460937,2.560028076171875,Fixation,958.6268173217774,1116.138479232788,196.0,4.0,True,5,word,close,1.0
956.0,951.5782928466796,1119.4526767730713,0.3799502551555633,0.7783160209655762,0.3717102706432342,0.7773976922035217,2.8778076171875,2.5243682861328125,Fixation,958.6268173217774,1116.138479232788,196.0,4.0,True,5,word,close,1.0
960.0,951.5243530273436,1111.001958847046,0.3859920799732208,0.7854658365249634,0.3716892004013061,0.7715291380882263,2.8863067626953125,2.504364013671875,Fixation,958.6268173217774,1116.138479232788,196.0,4.0,True,5,word,close,1.0
964.0,951.7987060546875,1115.6566429138184,0.3844397962093353,0.787039577960968,0.3717963695526123,0.7747615575790405,2.877899169921875,2.501556396484375,Fixation,958.6268173217774,1116.138479232788,196.0,4.0,True,5,word,close,1.0
968.0,939.0284729003906,1128.6573314666748,0.3913514316082001,0.7806795239448547,0.3668079972267151,0.7837898135185242,2.896942138671875,2.5363922119140625,Fixation,958.6268173217774,1116.138479232788,196.0,4.0,True,5,word,close,1.0
972.0,949.4134521484375,1114.3095302581787,0.3863297402858734,0.783758282661438,0.3708646297454834,0.7738260626792908,2.870147705078125,2.5186920166015625,Fixation,958.6268173217774,1116.138479232788,196.0,4.0,True,5,word,close,1.0
976.0,941.5371704101562,1123.7753677368164,0.3886981010437011,0.7869479656219482,0.3677879571914673,0.7803995609283447,2.880111694335937,2.5360260009765625,Fixation,958.6268173217774,1116.138479232788,196.0,4.0,True,5,word,close,1.0
980.0,940.5560302734375,1119.9801921844482,0.3873345553874969,0.7844452261924744,0.3674046993255615,0.7777640223503113,2.8644561767578125,2.5580291748046875,Fixation,958.6268173217774,1116.138479232788,196.0,4.0,True,5,word,close,1.0
984.0,958.0355072021483,1130.4888725280762,0.3872470259666443,0.7837380766868591,0.3742326200008392,0.7850617170333862,2.8990936279296875,2.5411529541015625,Fixation,958.6268173217774,1116.138479232788,196.0,4.0,True,5,word,close,1.0
988.0,964.7158050537108,1123.6474800109863,0.3856211304664612,0.7870089411735535,0.3768421113491058,0.7803107500076294,2.868499755859375,2.513214111328125,Fixation,958.6268173217774,1116.138479232788,196.0,4.0,True,5,word,close,1.0
992.0,999.8294830322266,1128.2309246063232,0.3936209082603454,0.7871484160423279,0.3905583918094635,0.78349369764328,2.869720458984375,2.5123443603515625,Fixation,958.6268173217774,1116.138479232788,196.0,4.0,True,5,word,close,1.0
996.0,1016.4065551757811,1113.9191722869873,0.4059739410877228,0.7785422205924988,0.3970338106155395,0.7735549807548523,2.85992431640625,2.5008697509765625,Fixation,958.6268173217774,1116.138479232788,196.0,4.0,True,5,word,close,1.0
1000.0,1091.3067626953123,1109.1517066955566,0.4329246282577514,0.784856379032135,0.4262917041778564,0.7702442407608032,2.88238525390625,2.48358154296875,Fixation,1166.407512748157,1107.0136997338384,232.0,5.0,True,6,word,sandwich,5.0
1004.0,1132.46337890625,1126.8372917175293,0.4442571699619293,0.7903993129730225,0.4423685073852539,0.782525897026062,2.862396240234375,2.51556396484375,Fixation,1166.407512748157,1107.0136997338384,232.0,5.0,True,6,word,sandwich,5.0
1008.0,1151.007385253906,1118.483648300171,0.4566832780838012,0.7871010303497314,0.4496122598648071,0.7767247557640076,2.873153686523437,2.4927520751953125,Fixation,1166.407512748157,1107.0136997338384,232.0,5.0,True,6,word,sandwich,5.0
1012.0,1185.1011657714844,1106.7838096618652,0.465203046798706,0.7803910374641418,0.4629301428794861,0.7685998678207397,2.8544158935546875,2.48468017578125,Fixation,1166.407512748157,1107.0136997338384,232.0,5.0,True,6,word,sandwich,5.0
1016.0,1162.1128082275388,1107.135887145996,0.4614092707633972,0.7851542830467224,0.4539503157138824,0.7688443660736084,2.863494873046875,2.4518585205078125,Fixation,1166.407512748157,1107.0136997338384,232.0,5.0,True,6,word,sandwich,5.0
1020.0,1161.1247253417969,1108.7830638885498,0.4613024890422821,0.7806311845779419,0.4535643458366394,0.7699882388114929,2.8732452392578125,2.4785308837890625,Fixation,1166.407512748157,1107.0136997338384,232.0,5.0,True,6,word,sandwich,5.0
1024.0,1162.2574615478516,1123.7578582763672,0.4612954258918762,0.7842984199523926,0.4540068209171295,0.7803874015808105,2.8851318359375,2.482757568359375,Fixation,1166.407512748157,1107.0136997338384,232.0,5.0,True,6,word,sandwich,5.0
1028.0,1176.9091796875,1121.9573020935059,0.4551808834075928,0.7896769642829895,0.4597301483154297,0.7791370153427124,2.891143798828125,2.487533569335937,Fixation,1166.407512748157,1107.0136997338384,232.0,5.0,True,6,word,sandwich,5.0
1032.0,1170.574722290039,1111.4752292633057,0.4598568677902221,0.774022102355957,0.4572557508945465,0.7718577980995178,2.8728179931640625,2.492584228515625,Fixation,1166.407512748157,1107.0136997338384,232.0,5.0,True,6,word,sandwich,5.0
1036.0,1173.2546997070312,1108.7537956237793,0.4652642607688904,0.7900188565254211,0.4583026170730591,0.7699679136276245,2.87158203125,2.4942169189453125,Fixation,1166.407512748157,1107.0136997338384,232.0,5.0,True,6,word,sandwich,5.0
1040.0,1172.4913024902344,1114.1881656646729,0.4693816900253296,0.7935012578964233,0.4580044150352478,0.7737417817115784,2.8631591796875,2.4886474609375,Fixation,1166.407512748157,1107.0136997338384,232.0,5.0,True,6,word,sandwich,5.0
1044.0,1179.7122192382812,1111.344165802002,0.4648803770542145,0.7886359095573425,0.4608250856399536,0.7717667818069458,2.8829345703125,2.49639892578125,Fixation,1166.407512748157,1107.0136997338384,232.0,5.0,True,6,word,sandwich,5.0
1048.0,1188.8268280029297,1121.495018005371,0.4641800224781036,0.7910062670707703,0.4643854796886444,0.7788159847259521,2.863739013671875,2.4944305419921875,Fixation,1166.407512748157,1107.0136997338384,232.0,5.0,True,6,word,sandwich,5.0
1052.0,1173.2532501220703,1116.3185691833496,0.4622702300548553,0.7776892185211182,0.4583020508289337,0.7752212285995483,2.8608856201171875,2.4866485595703125,Fixation,1166.407512748157,1107.0136997338384,232.0,5.0,True,6,word,sandwich,5.0
1056.0,1170.293502807617,1101.3176822662354,0.4615695476531982,0.7844820618629456,0.4571458995342254,0.764803946018219,2.865692138671875,2.492416381835937,Fixation,1166.407512748157,1107.0136997338384,232.0,5.0,True,6,word,sandwich,5.0
1060.0,1158.5037994384766,1119.8702430725098,0.4596470594406128,0.7907193899154663,0.4525405466556549,0.777687668800354,2.8759918212890625,2.4914093017578125,Fixation,1166.407512748157,1107.0136997338384,232.0,5.0,True,6,word,sandwich,5.0
1064.0,1158.4147644042966,1112.2549152374268,0.4580830633640289,0.7771880626678467,0.4525057673454284,0.7723992466926575,2.827880859375,2.498779296875,Fixation,1166.407512748157,1107.0136997338384,232.0,5.0,True,6,word,sandwich,5.0
1068.0,1162.1446228027344,1114.8015117645264,0.4631932973861694,0.7750998735427856,0.4539627432823181,0.7741677165031433,2.8669891357421875,2.5001220703125,Fixation,1166.407512748157,1107.0136997338384,232.0,5.0,True,6,word,sandwich,5.0
1072.0,1164.936752319336,1100.8214950561523,0.458801805973053,0.7725728750228882,0.4550534188747406,0.7644593715667725,2.8562164306640625,2.480941772460937,Fixation,1166.407512748157,1107.0136997338384,232.0,5.0,True,6,word,sandwich,5.0
1076.0,1163.9372253417969,1100.8512783050537,0.4617948830127716,0.7815770506858826,0.4546629786491394,0.7644800543785095,2.8732147216796875,2.49993896484375,Fixation,1166.407512748157,1107.0136997338384,232.0,5.0,True,6,word,sandwich,5.0
1080.0,1158.0001068115232,1103.7790489196777,0.4704979956150055,0.7775444388389587,0.4523437917232513,0.7665132284164429,2.9014129638671875,2.49810791015625,Fixation,1166.407512748157,1107.0136997338384,232.0,5.0,True,6,word,sandwich,5.0
1084.0,1153.8691711425781,1098.788251876831,0.4584082961082458,0.7791336178779602,0.4507301449775696,0.7630473971366882,2.871551513671875,2.4796600341796875,Fixation,1166.407512748157,1107.0136997338384,232.0,5.0,True,6,word,sandwich,5.0
1088.0,1159.5744323730466,1108.0214881896973,0.4601334631443023,0.7785214185714722,0.4529587626457214,0.7694593667984009,2.865264892578125,2.4990692138671875,Fixation,1166.407512748157,1107.0136997338384,232.0,5.0,True,6,word,sandwich,5.0
1092.0,1169.0711212158203,1095.3236961364746,0.455352783203125,0.7727786898612976,0.4566684067249298,0.7606414556503296,2.8617401123046875,2.480712890625,Fixation,1166.407512748157,1107.0136997338384,232.0,5.0,True,6,word,sandwich,5.0
1096.0,1162.7579498291016,1116.5600109100342,0.4624187648296356,0.7801419496536255,0.4542023241519928,0.7753888964653015,2.879257202148437,2.488433837890625,Fixation,1166.407512748157,1107.0136997338384,232.0,5.0,True,6,word,sandwich,5.0
1100.0,1167.9712677001953,1093.9057731628418,0.4617488980293274,0.7803180813789368,0.4562387764453888,0.7596567869186401,2.85455322265625,2.465606689453125,Fixation,1166.407512748157,1107.0136997338384,232.0,5.0,True,6,word,sandwich,5.0
1104.0,1161.5814971923826,1105.8078289031982,0.4648604691028595,0.7765089273452759,0.4537427723407745,0.7679221034049988,2.8972930908203125,2.46282958984375,Fixation,1166.407512748157,1107.0136997338384,232.0,5.0,True,6,word,sandwich,5.0
1108.0,1168.4088897705078,1112.2109699249268,0.4637967944145202,0.7761223316192627,0.4564097225666046,0.7723687291145325,2.87322998046875,2.4898834228515625,Fixation,1166.407512748157,1107.0136997338384,232.0,5.0,True,6,word,sandwich,5.0
1112.0,1161.200714111328,1113.486156463623,0.4646099805831909,0.7698450088500977,0.4535940289497375,0.7732542753219604,2.8993072509765625,2.503158569335937,Fixation,1166.407512748157,1107.0136997338384,232.0,5.0,True,6,word,sandwich,5.0
1116.0,1163.0590057373045,1093.0387115478516,0.4635601341724396,0.7766410112380981,0.4543199241161346,0.7590546607971191,2.861602783203125,2.483489990234375,Fixation,1166.407512748157,1107.0136997338384,232.0,5.0,True,6,word,sandwich,5.0
1120.0,1150.172348022461,1102.926836013794,0.4691627323627472,0.7771853804588318,0.4492860734462738,0.765921413898468,2.8707275390625,2.497314453125,Fixation,1166.407512748157,1107.0136997338384,232.0,5.0,True,6,word,sandwich,5.0
1124.0,1161.2497711181638,1098.9796543121338,0.4590482115745544,0.7743949890136719,0.4536131918430328,0.7631803154945374,2.876693725585937,2.48779296875,Fixation,1166.407512748157,1107.0136997338384,232.0,5.0,True,6,word,sandwich,5.0
1128.0,1168.78303527832,1100.293893814087,0.462041437625885,0.7735286355018616,0.4565558731555938,0.7640929818153381,2.866302490234375,2.48028564453125,Fixation,1166.407512748157,1107.0136997338384,232.0,5.0,True,6,word,sandwich,5.0
1132.0,1167.3676300048826,1099.4102668762207,0.4577489197254181,0.7700504660606384,0.4560029804706573,0.7634793519973755,2.831039428710937,2.4680938720703125,Fixation,1166.407512748157,1107.0136997338384,232.0,5.0,True,6,word,sandwich,5.0
1136.0,1169.9479675292969,1097.5520324707031,0.4705393314361572,0.7810531854629517,0.4570109248161316,0.7621889114379883,2.8681640625,2.49444580078125,Fixation,1166.407512748157,1107.0136997338384,232.0,5.0,True,6,word,sandwich,5.0
1140.0,1161.3089752197266,1090.8916568756104,0.4631296992301941,0.7746561765670776,0.4536363184452057,0.7575636506080627,2.8588409423828125,2.462509155273437,Fixation,1166.407512748157,1107.0136997338384,232.0,5.0,True,6,word,sandwich,5.0
1144.0,1159.209976196289,1089.6793842315674,0.4637005925178528,0.7853630781173706,0.4528163969516754,0.7567217946052551,2.861968994140625,2.477752685546875,Fixation,1166.407512748157,1107.0136997338384,232.0,5.0,True,6,word,sandwich,5.0
1148.0,1165.961456298828,1107.819013595581,0.4601141512393951,0.7775092124938965,0.4554536938667297,0.7693187594413757,2.8937225341796875,2.489608764648437,Fixation,1166.407512748157,1107.0136997338384,232.0,5.0,True,6,word,sandwich,5.0
1152.0,1167.6538848876953,1109.2145347595215,0.4679683446884155,0.7695267796516418,0.456114798784256,0.7702878713607788,2.842498779296875,2.491561889648437,Fixation,1166.407512748157,1107.0136997338384,232.0,5.0,True,6,word,sandwich,5.0
1156.0,1163.9606475830078,1101.7735290527344,0.4591168463230133,0.7692777514457703,0.4546721279621124,0.7651205062866211,2.8457489013671875,2.4798126220703125,Fixation,1166.407512748157,1107.0136997338384,232.0,5.0,True,6,word,sandwich,5.0
1160.0,1160.9132385253906,1105.6353950500488,0.4653700292110443,0.7700124979019165,0.4534817337989807,0.767802357673645,2.8663482666015625,2.463165283203125,Fixation,1166.407512748157,1107.0136997338384,232.0,5.0,True,6,word,sandwich,5.0
1164.0,1173.8237762451172,1105.3339576721191,0.4639720916748047,0.7799417972564697,0.4585249125957489,0.7675930261611938,2.863433837890625,2.4761505126953125,Fixation,1166.407512748157,1107.0136997338384,232.0,5.0,True,6,word,sandwich,5.0
1168.0,1168.266372680664,1106.8027782440186,0.4630865454673767,0.773239016532898,0.4563540518283844,0.7686130404472351,2.864120483398437,2.49908447265625,Fixation,1166.407512748157,1107.0136997338384,232.0,5.0,True,6,word,sandwich,5.0
1172.0,1164.116439819336,1104.571008682251,0.4640180170536041,0.7745072245597839,0.4547329843044281,0.7670632004737854,2.860702514648437,2.487045288085937,Fixation,1166.407512748157,1107.0136997338384,232.0,5.0,True,6,word,sandwich,5.0
1176.0,1159.3311309814453,1101.353988647461,0.4680623710155487,0.7801797986030579,0.4528637230396271,0.764829158782959,2.8563232421875,2.468612670898437,Fixation,1166.407512748157,1107.0136997338384,232.0,5.0,True,6,word,sandwich,5.0
1180.0,1180.9039306640625,1108.6017036437988,0.4665091037750244,0.7888030409812927,0.4612905979156494,0.7698622941970825,2.8638916015625,2.4930877685546875,Fixation,1166.407512748157,1107.0136997338384,232.0,5.0,True,6,word,sandwich,5.0
1184.0,1160.5611419677734,1107.2687530517578,0.4583538770675659,0.7761296033859253,0.4533441960811615,0.7689366340637207,2.8331756591796875,2.46612548828125,Fixation,1166.407512748157,1107.0136997338384,232.0,5.0,True,6,word,sandwich,5.0
1188.0,1163.6924743652344,1107.2110748291016,0.4624511003494262,0.7763767838478088,0.4545673727989197,0.7688965797424316,2.864898681640625,2.497055053710937,Fixation,1166.407512748157,1107.0136997338384,232.0,5.0,True,6,word,sandwich,5.0
1192.0,1162.9516601562498,1092.676591873169,0.4657477438449859,0.7866752743721008,0.4542779922485351,0.7588031888008118,2.8440704345703125,2.4624176025390625,Fixation,1166.407512748157,1107.0136997338384,232.0,5.0,True,6,word,sandwich,5.0
1196.0,1170.019760131836,1098.7565803527832,0.4683762788772583,0.7769870758056641,0.4570389688014984,0.7630254030227661,2.8578338623046875,2.478240966796875,Fixation,1166.407512748157,1107.0136997338384,232.0,5.0,True,6,word,sandwich,5.0
1200.0,1166.9298553466795,1103.718023300171,0.4636559784412384,0.7802729606628418,0.4558319747447967,0.7664708495140076,2.861053466796875,2.481842041015625,Fixation,1166.407512748157,1107.0136997338384,232.0,5.0,True,6,word,sandwich,5.0
1204.0,1168.1272125244138,1103.6104774475098,0.4694010019302368,0.7736262679100037,0.4562996923923492,0.766396164894104,2.8548126220703125,2.4616851806640625,Fixation,1166.407512748157,1107.0136997338384,232.0,5.0,True,6,word,sandwich,5.0
1208.0,1161.5592193603513,1109.9757671356201,0.4669621884822845,0.7755962014198303,0.4537340700626373,0.7708165049552917,2.855255126953125,2.461669921875,Fixation,1166.407512748157,1107.0136997338384,232.0,5.0,True,6,word,sandwich,5.0
1212.0,1159.055480957031,1120.1911640167236,0.4609124958515167,0.784564197063446,0.4527560472488403,0.7779105305671692,2.8616485595703125,2.4725341796875,Fixation,1166.407512748157,1107.0136997338384,232.0,5.0,True,6,word,sandwich,5.0
1216.0,1171.467819213867,1107.6254653930664,0.4621413946151733,0.7828793525695801,0.4576046168804168,0.7691843509674072,2.86712646484375,2.473175048828125,Fixation,1166.407512748157,1107.0136997338384,232.0,5.0,True,6,word,sandwich,5.0
1220.0,1168.4385681152344,1108.9348125457764,0.4694955050945282,0.776856005191803,0.4564213156700134,0.7700936198234558,2.858062744140625,2.447235107421875,Fixation,1166.407512748157,1107.0136997338384,232.0,5.0,True,6,word,sandwich,5.0
1224.0,1192.821578979492,1108.8437461853027,0.471479594707489,0.7701298594474792,0.4659459292888641,0.7700303792953491,2.8400115966796875,2.4732666015625,Fixation,1166.407512748157,1107.0136997338384,232.0,5.0,True,6,word,sandwich,5.0
1228.0,1219.4673919677734,1108.6580085754395,0.4818775057792663,0.7762068510055542,0.4763544499874115,0.7699013948440552,2.8590545654296875,2.4507293701171875,Fixation,1166.407512748157,1107.0136997338384,232.0,5.0,True,6,word,sandwich,5.0
1232.0,1224.1547393798828,1110.663185119629,0.4927943050861358,0.7824718356132507,0.4781854450702667,0.7712938785552979,2.8638458251953125,2.475616455078125,Fixation,1166.407512748157,1107.0136997338384,232.0,5.0,True,6,word,sandwich,5.0
1236.0,1260.7666015624998,1112.2208404541016,0.5039884448051453,0.7698890566825867,0.4924869537353515,0.7723755836486816,2.8539581298828125,2.450347900390625,Saccade,,,,0.0,False,7,,,
1240.0,1282.4754333496094,1105.3974723815918,0.5113469958305359,0.7742949724197388,0.5009669661521912,0.7676371335983276,2.8472900390625,2.457626342773437,Saccade,,,,0.0,False,7,,,
1244.0,1311.1434936523438,1122.6422309875488,0.5068216919898987,0.7765700817108154,0.5121654272079468,0.77961266040802,2.8365020751953125,2.475738525390625,Saccade,,,,0.0,False,7,,,
1248.0,1315.9510803222656,1097.8314971923828,0.5204923152923584,0.7672227025032043,0.514043390750885,0.762382984161377,2.8180389404296875,2.4578094482421875,Saccade,,,,0.0,False,7,,,
1252.0,1335.6068420410156,1096.8428134918213,0.5248478651046753,0.7760735154151917,0.5217214226722717,0.7616963982582092,2.83160400390625,2.484375,Saccade,,,,0.0,False,7,,,
1256.0,1347.9997253417969,1093.3106231689453,0.5274066925048828,0.7663483023643494,0.5265623927116394,0.7592434883117676,2.8354644775390625,2.43115234375,Saccade,,,,0.0,False,7,,,
1260.0,1343.333740234375,1105.2438354492188,0.5339066982269287,0.7691109776496887,0.5247397422790527,0.7675304412841797,2.8084869384765625,2.4642791748046875,Saccade,,,,0.0,False,7,,,
1264.0,1337.5636291503906,1107.072114944458,0.5222650766372681,0.7691409587860107,0.5224857926368713,0.7688000798225403,2.821533203125,2.4571075439453125,Saccade,,,,0.0,False,7,,,
1268.0,1336.0871887207031,1091.5233707427979,0.5277308225631714,0.7785581350326538,0.5219090580940247,0.7580023407936096,2.874603271484375,2.462677001953125,Saccade,,,,0.0,False,7,,,
1272.0,1336.580810546875,1115.5121040344238,0.5329514741897583,0.773780345916748,0.522101879119873,0.7746611833572388,2.8617706298828125,2.4676055908203125,Saccade,,,,0.0,False,7,,,
1276.0,1357.3902893066406,1108.3269596099854,0.5280584096908569,0.7706431150436401,0.5302305817604065,0.7696714997291565,2.82177734375,2.482208251953125,Fixation,1343.4234685483186,1099.7237354776134,88.0,6.0,True,8,word,sandwich,5.0
1280.0,1347.3973083496094,1107.3564720153809,0.5255000591278076,0.7701987624168396,0.5263270735740662,0.7689975500106812,2.831207275390625,2.4559783935546875,Fixation,1343.4234685483186,1099.7237354776134,88.0,6.0,True,8,word,sandwich,5.0
1284.0,1338.6872863769531,1090.951738357544,0.5290205478668213,0.7842300534248352,0.5229247212409973,0.7576053738594055,2.8407745361328125,2.4608154296875,Fixation,1343.4234685483186,1099.7237354776134,88.0,6.0,True,8,word,sandwich,5.0
1288.0,1345.5903625488281,1095.4678916931152,0.5222880840301514,0.773583710193634,0.525621235370636,0.7607415914535522,2.813262939453125,2.4452056884765625,Fixation,1343.4234685483186,1099.7237354776134,88.0,6.0,True,8,word,sandwich,5.0
1292.0,1357.607421875,1122.8618717193604,0.5275559425354004,0.7678532600402832,0.5303153991699219,0.7797651886940002,2.8176422119140625,2.4842529296875,Fixation,1343.4234685483186,1099.7237354776134,88.0,6.0,True,8,word,sandwich,5.0
1296.0,1342.3832702636719,1089.8715591430664,0.5291470885276794,0.773576021194458,0.5243684649467468,0.7568552494049072,2.8300933837890625,2.456298828125,Fixation,1343.4234685483186,1099.7237354776134,88.0,6.0,True,8,word,sandwich,5.0
1300.0,1338.2115173339844,1093.1356143951416,0.5286985635757446,0.7715398669242859,0.5227388739585876,0.7591219544410706,2.8379669189453125,2.4491424560546875,Fixation,1343.4234685483186,1099.7237354776134,88.0,6.0,True,8,word,sandwich,5.0
1304.0,1339.505615234375,1086.3555908203125,0.5295143127441406,0.7787454128265381,0.5232443809509277,0.7544136047363281,2.81317138671875,2.4626617431640625,Fixation,1343.4234685483186,1099.7237354776134,88.0,6.0,True,8,word,sandwich,5.0
1308.0,1350.0215148925781,1102.2114372253418,0.530268669128418,0.7762652039527893,0.5273521542549133,0.7654246091842651,2.8125457763671875,2.478759765625,Fixation,1343.4234685483186,1099.7237354776134,88.0,6.0,True,8,word,sandwich,5.0
1312.0,1324.33349609375,1100.868787765503,0.5257949233055115,0.7781620621681213,0.5173177719116211,0.7644922137260437,2.79547119140625,2.443359375,Fixation,1343.4234685483186,1099.7237354776134,88.0,6.0,True,8,word,sandwich,5.0
1316.0,1338.9051818847656,1102.5755310058594,0.5271649360656738,0.7674307227134705,0.5230098366737366,0.7656774520874023,2.8091278076171875,2.48480224609375,Fixation,1343.4234685483186,1099.7237354776134,88.0,6.0,True,8,word,sandwich,5.0
1320.0,1349.8654174804688,1090.6807708740234,0.528531014919281,0.7696244120597839,0.5272911787033081,0.7574172019958496,2.812255859375,2.4269561767578125,Fixation,1343.4234685483186,1099.7237354776134,88.0,6.0,True,8,word,sandwich,5.0
1324.0,1326.9346618652344,1092.6131629943848,0.5281360149383545,0.7653524279594421,0.5183338522911072,0.7587591409683228,2.84759521484375,2.431137084960937,Fixation,1343.4234685483186,1099.7237354776134,88.0,6.0,True,8,word,sandwich,5.0
1328.0,1341.3601684570312,1094.3273735046387,0.5318937301635742,0.7713517546653748,0.5239688158035278,0.7599495649337769,2.8214569091796875,2.4366912841796875,Fixation,1343.4234685483186,1099.7237354776134,88.0,6.0,True,8,word,sandwich,5.0
1332.0,1335.133056640625,1090.9582614898682,0.5306206941604614,0.7679019570350647,0.5215363502502441,0.7576099038124084,2.839462280273437,2.4467315673828125,Fixation,1343.4234685483186,1099.7237354776134,88.0,6.0,True,8,word,sandwich,5.0
1336.0,1323.9994812011719,1109.3522930145264,0.5352087020874023,0.7750506401062012,0.5171872973442078,0.7703835368156433,2.8319549560546875,2.4395904541015625,Fixation,1343.4234685483186,1099.7237354776134,88.0,6.0,True,8,word,sandwich,5.0
1340.0,1336.4627075195312,1102.7925109863281,0.5303683876991272,0.7652497291564941,0.5220557451248169,0.7658281326293945,2.827606201171875,2.4691925048828125,Fixation,1343.4234685483186,1099.7237354776134,88.0,6.0,True,8,word,sandwich,5.0
1344.0,1344.552001953125,1090.7189655303955,0.5293774008750916,0.77887362241745,0.5252156257629395,0.7574437260627747,2.8358306884765625,2.45843505859375,Fixation,1343.4234685483186,1099.7237354776134,88.0,6.0,True,8,word,sandwich,5.0
1348.0,1343.7721252441406,1099.2615222930908,0.5302163362503052,0.7641778588294983,0.5249109864234924,0.7633760571479797,2.8423309326171875,2.4374542236328125,Fixation,1343.4234685483186,1099.7237354776134,88.0,6.0,True,8,word,sandwich,5.0
1352.0,1335.3056335449219,1090.558204650879,0.5311458706855774,0.7736408710479736,0.5216037631034851,0.7573320865631104,2.7987060546875,2.44036865234375,Fixation,1343.4234685483186,1099.7237354776134,88.0,6.0,True,8,word,sandwich,5.0
1356.0,1326.962890625,1109.3406200408936,0.5279646515846252,0.7696242332458496,0.5183448791503906,0.7703754305839539,2.8275909423828125,2.481201171875,Fixation,1343.4234685483186,1099.7237354776134,88.0,6.0,True,8,word,sandwich,5.0
1360.0,1354.6299743652344,1113.4246158599854,0.532135009765625,0.766912579536438,0.5291523337364197,0.7732115387916565,2.83697509765625,2.4398651123046875,Fixation,1343.4234685483186,1099.7237354776134,88.0,6.0,True,8,word,sandwich,5.0
1364.0,1399.7283935546875,1109.6341609954834,0.5435857772827148,0.7747036218643188,0.5467689037322998,0.7705792784690857,2.83892822265625,2.4584503173828125,Fixation,1343.4234685483186,1099.7237354776134,88.0,6.0,True,8,word,sandwich,5.0
1368.0,1445.1968383789062,1117.4696445465088,0.5612077713012695,0.7762870192527771,0.5645300149917603,0.7760205864906311,2.820785522460937,2.47283935546875,Fixation,1436.9661738954742,1111.3057743269821,460.0,7.0,True,9,word,plant,6.0
1372.0,1450.2192687988281,1104.860429763794,0.566591739654541,0.7883891463279724,0.5664919018745422,0.767264187335968,2.8435211181640625,2.469345092773437,Fixation,1436.9661738954742,1111.3057743269821,460.0,7.0,True,9,word,plant,6.0
1376.0,1422.3330688476562,1113.1617164611816,0.565071165561676,0.7772544026374817,0.5555988550186157,0.7730289697647095,2.81243896484375,2.4494781494140625,Fixation,1436.9661738954742,1111.3057743269821,460.0,7.0,True,9,word,plant,6.0
1380.0,1438.5821533203125,1097.0131874084473,0.5632616281509399,0.7763476967811584,0.5619461536407471,0.7618147134780884,2.839111328125,2.4314117431640625,Fixation,1436.9661738954742,1111.3057743269821,460.0,7.0,True,9,word,plant,6.0
1384.0,1415.6263732910156,1114.3696975708008,0.5626839995384216,0.7706332802772522,0.552979052066803,0.7738678455352783,2.860809326171875,2.431884765625,Fixation,1436.9661738954742,1111.3057743269821,460.0,7.0,True,9,word,plant,6.0
1388.0,1427.5010681152344,1114.7483825683594,0.5597563982009888,0.7849113941192627,0.5576176047325134,0.7741308212280273,2.8424530029296875,2.4382476806640625,Fixation,1436.9661738954742,1111.3057743269821,460.0,7.0,True,9,word,plant,6.0
1392.0,1430.6858825683594,1110.4292964935303,0.5572999119758606,0.7796858549118042,0.5588616728782654,0.7711314558982849,2.8287506103515625,2.4450225830078125,Fixation,1436.9661738954742,1111.3057743269821,460.0,7.0,True,9,word,plant,6.0
1396.0,1438.4776306152344,1109.0669059753418,0.5646070837974548,0.7684980630874634,0.5619053244590759,0.7701853513717651,2.809799194335937,2.4422760009765625,Fixation,1436.9661738954742,1111.3057743269821,460.0,7.0,True,9,word,plant,6.0
1400.0,1435.3341674804688,1124.957857131958,0.5591124296188354,0.7786194086074829,0.5606774091720581,0.7812207341194153,2.847930908203125,2.46044921875,Fixation,1436.9661738954742,1111.3057743269821,460.0,7.0,True,9,word,plant,6.0
1404.0,1432.3344421386719,1118.230791091919,0.5570069551467896,0.7767677903175354,0.5595056414604187,0.7765491604804993,2.82403564453125,2.4568023681640625,Fixation,1436.9661738954742,1111.3057743269821,460.0,7.0,True,9,word,plant,6.0
1408.0,1433.9556884765625,1125.0889205932617,0.5583733916282654,0.7740097641944885,0.5601389408111572,0.7813117504119873,2.803497314453125,2.439666748046875,Fixation,1436.9661738954742,1111.3057743269821,460.0,7.0,True,9,word,plant,6.0
1412.0,1428.6102294921875,1112.0947551727295,0.5625823140144348,0.7716935873031616,0.5580508708953857,0.7722880244255066,2.8282470703125,2.4497222900390625,Fixation,1436.9661738954742,1111.3057743269821,460.0,7.0,True,9,word,plant,6.0
1416.0,1419.8956298828125,1121.6233348846436,0.5655843019485474,0.7812920212745667,0.5546467304229736,0.7789050936698914,2.843505859375,2.43402099609375,Fixation,1436.9661738954742,1111.3057743269821,460.0,7.0,True,9,word,plant,6.0
1420.0,1410.3228759765625,1116.5668773651123,0.5625247955322266,0.7785608172416687,0.5509073734283447,0.7753936648368835,2.8213653564453125,2.4664306640625,Fixation,1436.9661738954742,1111.3057743269821,460.0,7.0,True,9,word,plant,6.0
1424.0,1419.9313354492188,1117.2954940795898,0.5678520202636719,0.7750577926635742,0.5546606779098511,0.7758996486663818,2.825057983398437,2.451507568359375,Fixation,1436.9661738954742,1111.3057743269821,460.0,7.0,True,9,word,plant,6.0
1428.0,1432.1574401855469,1107.9433822631836,0.5569031238555908,0.7709230184555054,0.5594365000724792,0.7694051265716553,2.815658569335937,2.4186553955078125,Fixation,1436.9661738954742,1111.3057743269821,460.0,7.0,True,9,word,plant,6.0
1432.0,1435.7533264160156,1114.0872287750244,0.557755172252655,0.7831903696060181,0.5608411431312561,0.7736716866493225,2.8402557373046875,2.4630279541015625,Fixation,1436.9661738954742,1111.3057743269821,460.0,7.0,True,9,word,plant,6.0
1436.0,1415.2720642089844,1122.6849746704102,0.5647484660148621,0.7787353992462158,0.5528406500816345,0.7796423435211182,2.82012939453125,2.4427947998046875,Fixation,1436.9661738954742,1111.3057743269821,460.0,7.0,True,9,word,plant,6.0
1440.0,1426.5605163574219,1117.5931549072266,0.5604055523872375,0.7808724641799927,0.5572502017021179,0.7761063575744629,2.8359375,2.4683074951171875,Fixation,1436.9661738954742,1111.3057743269821,460.0,7.0,True,9,word,plant,6.0
1444.0,1424.1392517089844,1114.3333053588867,0.5622410774230957,0.778325617313385,0.556304395198822,0.7738425731658936,2.8358612060546875,2.452911376953125,Fixation,1436.9661738954742,1111.3057743269821,460.0,7.0,True,9,word,plant,6.0
1448.0,1438.2029724121094,1103.9196395874023,0.5682395696640015,0.7931965589523315,0.5617980360984802,0.766610860824585,2.8221893310546875,2.4228057861328125,Fixation,1436.9661738954742,1111.3057743269821,460.0,7.0,True,9,word,plant,6.0
1452.0,1434.061279296875,1117.0654678344727,0.5657668113708496,0.7860339879989624,0.5601801872253418,0.7757399082183838,2.821273803710937,2.4655914306640625,Fixation,1436.9661738954742,1111.3057743269821,460.0,7.0,True,9,word,plant,6.0
1456.0,1420.5166625976562,1120.8642482757568,0.5680758953094482,0.778581440448761,0.5548893213272095,0.7783779501914978,2.8457183837890625,2.422714233398437,Fixation,1436.9661738954742,1111.3057743269821,460.0,7.0,True,9,word,plant,6.0
1460.0,1440.0216674804688,1119.4816875457764,0.5554327368736267,0.7750848531723022,0.5625084638595581,0.7774178385734558,2.8372039794921875,2.4349365234375,Fixation,1436.9661738954742,1111.3057743269821,460.0,7.0,True,9,word,plant,6.0
1464.0,1441.6938781738281,1097.366123199463,0.5642247796058655,0.7722889184951782,0.5631616711616516,0.7620598077774048,2.80950927734375,2.4456024169921875,Fixation,1436.9661738954742,1111.3057743269821,460.0,7.0,True,9,word,plant,6.0
1468.0,1419.7427368164062,1115.2934074401855,0.5650534629821777,0.784268856048584,0.5545870065689087,0.7745093107223511,2.824859619140625,2.421142578125,Fixation,1436.9661738954742,1111.3057743269821,460.0,7.0,True,9,word,plant,6.0
1472.0,1430.2421569824219,1116.5576076507568,0.5609179735183716,0.7818577885627747,0.5586883425712585,0.7753872275352478,2.826889038085937,2.4475250244140625,Fixation,1436.9661738954742,1111.3057743269821,460.0,7.0,True,9,word,plant,6.0
1476.0,1429.9176025390625,1117.7572631835938,0.5558035969734192,0.7765985131263733,0.5585615634918213,0.7762203216552734,2.798080444335937,2.4389190673828125,Fixation,1436.9661738954742,1111.3057743269821,460.0,7.0,True,9,word,plant,6.0
1480.0,1428.3103942871094,1127.0864582061768,0.5569643378257751,0.7799186110496521,0.5579337477684021,0.782698929309845,2.79541015625,2.473297119140625,Fixation,1436.9661738954742,1111.3057743269821,460.0,7.0,True,9,word,plant,6.0
1484.0,1438.4361267089844,1105.7967567443848,0.5621843934059143,0.7757538557052612,0.561889111995697,0.7679144144058228,2.8050079345703125,2.452423095703125,Fixation,1436.9661738954742,1111.3057743269821,460.0,7.0,True,9,word,plant,6.0
1488.0,1431.2248229980469,1123.5419940948486,0.5618315935134888,0.7791710495948792,0.5590721964836121,0.7802374958992004,2.805526733398437,2.46319580078125,Fixation,1436.9661738954742,1111.3057743269821,460.0,7.0,True,9,word,plant,6.0
1492.0,1433.5853576660156,1119.856424331665,0.5620893836021423,0.7852776646614075,0.5599942803382874,0.7776780724525452,2.8340301513671875,2.459701538085937,Fixation,1436.9661738954742,1111.3057743269821,460.0,7.0,True,9,word,plant,6.0
1496.0,1433.8746643066406,1106.4879512786865,0.559585690498352,0.7827932238578796,0.5601072907447815,0.768394410610199,2.826416015625,2.40704345703125,Fixation,1436.9661738954742,1111.3057743269821,460.0,7.0,True,9,word,plant,6.0
1500.0,1430.1066589355469,1108.183708190918,0.56263667345047,0.7853069305419922,0.558635413646698,0.7695720195770264,2.863800048828125,2.428695678710937,Fixation,1436.9661738954742,1111.3057743269821,460.0,7.0,True,9,word,plant,6.0
1504.0,1425.6317138671875,1099.0150165557861,0.5530254244804382,0.7802656292915344,0.5568873882293701,0.7632048726081848,2.8019561767578125,2.42724609375,Fixation,1436.9661738954742,1111.3057743269821,460.0,7.0,True,9,word,plant,6.0
1508.0,1420.0538635253906,1128.4341716766357,0.5629304647445679,0.7830730676651001,0.5547085404396057,0.7836348414421082,2.830596923828125,2.428192138671875,Fixation,1436.9661738954742,1111.3057743269821,460.0,7.0,True,9,word,plant,6.0
1512.0,1435.1434326171875,1117.4565124511719,0.5625619888305664,0.7852364778518677,0.5606029033660889,0.7760114669799805,2.8275909423828125,2.4447174072265625,Fixation,1436.9661738954742,1111.3057743269821,460.0,7.0,True,9,word,plant,6.0
1516.0,1444.879150390625,1121.865291595459,0.5610467791557312,0.788634181022644,0.5644059181213379,0.7790731191635132,2.8109283447265625,2.464218139648437,Fixation,1436.9661738954742,1111.3057743269821,460.0,7.0,True,9,word,plant,6.0
1520.0,1435.8494567871094,1109.901523590088,0.5671476721763611,0.7802524566650391,0.5608786940574646,0.770764946937561,2.8164825439453125,2.448944091796875,Fixation,1436.9661738954742,1111.3057743269821,460.0,7.0,True,9,word,plant,6.0
1524.0,1433.9045715332031,1100.9868049621582,0.5561776161193848,0.7829252481460571,0.5601189732551575,0.7645741701126099,2.803131103515625,2.409271240234375,Fixation,1436.9661738954742,1111.3057743269821,460.0,7.0,True,9,word,plant,6.0
1528.0,1430.1509094238281,1114.5289993286133,0.5674387812614441,0.7826911807060242,0.5586526989936829,0.7739784717559814,2.8061065673828125,2.4746551513671875,Fixation,1436.9661738954742,1111.3057743269821,460.0,7.0,True,9,word,plant,6.0
1532.0,1431.683349609375,1110.6660175323486,0.5634639859199524,0.7860637903213501,0.5592513084411621,0.7712958455085754,2.835556030273437,2.4414520263671875,Fixation,1436.9661738954742,1111.3057743269821,460.0,7.0,True,9,word,plant,6.0
1536.0,1414.7232055664062,1111.9182014465332,0.5698379874229431,0.7839925289154053,0.5526262521743774,0.7721654176712036,2.805648803710937,2.4678955078125,Fixation,1436.9661738954742,1111.3057743269821,460.0,7.0,True,9,word,plant,6.0
1540.0,1423.6393737792969,1117.178077697754,0.5654552578926086,0.7897762060165405,0.5561091303825378,0.7758181095123291,2.800033569335937,2.4560546875,Fixation,1436.9661738954742,1111.3057743269821,460.0,7.0,True,9,word,plant,6.0
1544.0,1442.2285461425781,1119.0991401672363,0.5653876662254333,0.7727082967758179,0.5633705258369446,0.7771521806716919,2.8072052001953125,2.447418212890625,Fixation,1436.9661738954742,1111.3057743269821,460.0,7.0,True,9,word,plant,6.0
1548.0,1440.7098388671875,1115.6739807128906,0.5591890215873718,0.7756083011627197,0.5627772808074951,0.7747735977172852,2.8019561767578125,2.4366455078125,Fixation,1436.9661738954742,1111.3057743269821,460.0,7.0,True,9,word,plant,6.0
1552.0,1433.3656311035156,1100.860891342163,0.5697024464607239,0.7911523580551147,0.5599084496498108,0.7644867300987244,2.834197998046875,2.4553375244140625,Fixation,1436.9661738954742,1111.3057743269821,460.0,7.0,True,9,word,plant,6.0
1556.0,1450.8535766601562,1117.1805667877197,0.563788115978241,0.7872428894042969,0.5667396783828735,0.7758198380470276,2.86407470703125,2.457672119140625,Fixation,1436.9661738954742,1111.3057743269821,460.0,7.0,True,9,word,plant,6.0
1560.0,1448.9785766601562,1121.5188789367676,0.5693983435630798,0.7820973992347717,0.5660072565078735,0.7788325548171997,2.832733154296875,2.468902587890625,Fixation,1436.9661738954742,1111.3057743269821,460.0,7.0,True,9,word,plant,6.0
1564.0,1432.1699523925781,1115.5824851989746,0.5659493803977966,0.7693979740142822,0.5594413876533508,0.7747100591659546,2.811370849609375,2.4477081298828125,Fixation,1436.9661738954742,1111.3057743269821,460.0,7.0,True,9,word,plant,6.0
1568.0,1438.9179992675781,1113.351058959961,0.5654286742210388,0.7795130610466003,0.5620773434638977,0.773160457611084,2.818466186523437,2.455429077148437,Fixation,1436.9661738954742,1111.3057743269821,460.0,7.0,True,9,word,plant,6.0
1572.0,1449.1242980957031,1089.2512607574463,0.5694597363471985,0.7856336832046509,0.566064178943634,0.7564244866371155,2.8316802978515625,2.4228973388671875,Fixation,1436.9661738954742,1111.3057743269821,460.0,7.0,True,9,word,plant,6.0
1576.0,1454.9722290039062,1099.1107177734375,0.5647959113121033,0.7807136178016663,0.5683485269546509,0.7632713317871094,2.7921295166015625,2.4681854248046875,Fixation,1436.9661738954742,1111.3057743269821,460.0,7.0,True,9,word,plant,6.0
1580.0,1442.6274108886719,1100.70219039917,0.5662615299224854,0.774951159954071,0.5635263323783875,0.7643765211105347,2.8088531494140625,2.4243316650390625,Fixation,1436.9661738954742,1111.3057743269821,460.0,7.0,True,9,word,plant,6.0
1584.0,1438.6955261230469,1119.860029220581,0.5720193386077881,0.7810338139533997,0.5619904398918152,0.7776805758476257,2.8130035400390625,2.469467163085937,Fixation,1436.9661738954742,1111.3057743269821,460.0,7.0,True,9,word,plant,6.0
1588.0,1437.4668884277344,1099.229850769043,0.5648602843284607,0.7752245664596558,0.5615105032920837,0.7633540630340576,2.847137451171875,2.4508819580078125,Fixation,1436.9661738954742,1111.3057743269821,460.0,7.0,True,9,word,plant,6.0
1592.0,1431.3528442382812,1115.4704761505127,0.5725194811820984,0.7844758629798889,0.5591222047805786,0.7746322751045227,2.816680908203125,2.467147827148437,Fixation,1436.9661738954742,1111.3057743269821,460.0,7.0,True,9,word,plant,6.0
1596.0,1447.9353332519531,1114.246015548706,0.5708056688308716,0.7777900099754333,0.5655997395515442,0.773781955242157,2.822372436523437,2.426483154296875,Fixation,1436.9661738954742,1111.3057743269821,460.0,7.0,True,9,word,plant,6.0
1600.0,1443.5700988769531,1124.5440673828125,0.5677101612091064,0.7712445259094238,0.5638945698738098,0.7809333801269531,2.8182525634765625,2.43695068359375,Fixation,1436.9661738954742,1111.3057743269821,460.0,7.0,True,9,word,plant,6.0
1604.0,1448.2243347167969,1108.2340908050537,0.5669264793395996,0.777423620223999,0.5657126307487488,0.7696070075035095,2.8181610107421875,2.42486572265625,Fixation,1436.9661738954742,1111.3057743269821,460.0,7.0,True,9,word,plant,6.0
1608.0,1454.3922424316406,1111.9824886322021,0.5743119120597839,0.7769672870635986,0.5681219696998596,0.7722100615501404,2.819808959960937,2.4619903564453125,Fixation,1436.9661738954742,1111.3057743269821,460.0,7.0,True,9,word,plant,6.0
1612.0,1438.709716796875,1107.3160457611084,0.5680980682373047,0.7732603549957275,0.5619959831237793,0.7689694762229919,2.823348999023437,2.4388885498046875,Fixation,1436.9661738954742,1111.3057743269821,460.0,7.0,True,9,word,plant,6.0
1616.0,1447.2885131835938,1115.7541465759277,0.580806314945221,0.785865843296051,0.5653470754623413,0.7748292684555054,2.82061767578125,2.463409423828125,Fixation,1436.9661738954742,1111.3057743269821,460.0,7.0,True,9,word,plant,6.0
1620.0,1445.3663635253906,1106.6615009307861,0.5710002779960632,0.7839995622634888,0.5645962357521057,0.7685149312019348,2.82366943359375,2.457992553710937,Fixation,1436.9661738954742,1111.3057743269821,460.0,7.0,True,9,word,plant,6.0
1624.0,1455.6027221679688,1102.9373931884766,0.5763997435569763,0.778817355632782,0.5685948133468628,0.7659287452697754,2.836639404296875,2.444244384765625,Fixation,1436.9661738954742,1111.3057743269821,460.0,7.0,True,9,word,plant,6.0
1628.0,1443.8665771484375,1091.165370941162,0.5731956958770752,0.7728068828582764,0.5640103816986084,0.7577537298202515,2.8346710205078125,2.44305419921875,Fixation,1436.9661738954742,1111.3057743269821,460.0,7.0,True,9,word,plant,6.0
1632.0,1453.314208984375,1097.5017356872559,0.5718811750411987,0.7777794003486633,0.5677008628845215,0.7621539831161499,2.818222045898437,2.413192749023437,Fixation,1436.9661738954742,1111.3057743269821,460.0,7.0,True,9,word,plant,6.0
1636.0,1452.2747802734375,1110.7190608978271,0.5687140822410583,0.7753622531890869,0.5672948360443115,0.7713326811790466,2.816390991210937,2.4585418701171875,Fixation,1436.9661738954742,1111.3057743269821,460.0,7.0,True,9,word,plant,6.0
1640.0,1440.6388854980469,1113.6553287506104,0.5659249424934387,0.7774269580841064,0.5627495646476746,0.7733717560768127,2.836761474609375,2.4576873779296875,Fixation,1436.9661738954742,1111.3057743269821,460.0,7.0,True,9,word,plant,6.0
1644.0,1441.7721557617188,1117.6700592041016,0.5642127394676208,0.7827775478363037,0.5631922483444214,0.7761597633361816,2.8219451904296875,2.453155517578125,Fixation,1436.9661738954742,1111.3057743269821,460.0,7.0,True,9,word,plant,6.0
1648.0,1436.5388488769531,1119.3737983703613,0.5691539645195007,0.7853049039840698,0.5611479878425598,0.7773429155349731,2.83111572265625,2.4443817138671875,Fixation,1436.9661738954742,1111.3057743269821,460.0,7.0,True,9,word,plant,6.0
1652.0,1434.0763854980469,1119.4431495666504,0.5653761029243469,0.7777722477912903,0.5601860880851746,0.7773910760879517,2.8297119140625,2.44720458984375,Fixation,1436.9661738954742,1111.3057743269821,460.0,7.0,True,9,word,plant,6.0
1656.0,1429.3923950195312,1106.9872283935547,0.5664409399032593,0.7836511135101318,0.5583564043045044,0.7687411308288574,2.8335723876953125,2.4503936767578125,Fixation,1436.9661738954742,1111.3057743269821,460.0,7.0,True,9,word,plant,6.0
1660.0,1426.9206237792969,1110.5637073516846,0.5669329762458801,0.7805786728858948,0.5573908686637878,0.7712247967720032,2.8340301513671875,2.4546661376953125,Fixation,1436.9661738954742,1111.3057743269821,460.0,7.0,True,9,word,plant,6.0
1664.0,1428.7007141113281,1117.6510906219482,0.5609608292579651,0.7814896702766418,0.5580862164497375,0.7761465907096863,2.87933349609375,2.4467926025390625,Fixation,1436.9661738954742,1111.3057743269821,460.0,7.0,True,9,word,plant,6.0
1668.0,1426.7127990722656,1109.5170879364014,0.5650386810302734,0.7861859202384949,0.5573096871376038,0.7704979777336121,2.8695068359375,2.46832275390625,Fixation,1436.9661738954742,1111.3057743269821,460.0,7.0,True,9,word,plant,6.0
1672.0,1439.5010375976562,1105.153455734253,0.5599214434623718,0.7745358943939209,0.5623050928115845,0.7674676775932312,2.8087921142578125,2.469970703125,Fixation,1436.9661738954742,1111.3057743269821,460.0,7.0,True,9,word,plant,6.0
1676.0,1430.9323120117188,1108.4681510925293,0.5696978569030762,0.7815645933151245,0.5589579343795776,0.769769549369812,2.832748413085937,2.4431915283203125,Fixation,1436.9661738954742,1111.3057743269821,460.0,7.0,True,9,word,plant,6.0
1680.0,1420.4801940917969,1120.601692199707,0.5647397041320801,0.7838717103004456,0.5548750758171082,0.7781956195831299,2.813995361328125,2.4607696533203125,Fixation,1436.9661738954742,1111.3057743269821,460.0,7.0,True,9,word,plant,6.0
1684.0,1428.1336975097656,1108.379316329956,0.5660375356674194,0.7873217463493347,0.5578647255897522,0.7697078585624695,2.829833984375,2.458709716796875,Fixation,1436.9661738954742,1111.3057743269821,460.0,7.0,True,9,word,plant,6.0
1688.0,1434.3121337890625,1100.1798248291016,0.5623982548713684,0.7793728113174438,0.5602781772613525,0.7640137672424316,2.8351593017578125,2.4332427978515625,Fixation,1436.9661738954742,1111.3057743269821,460.0,7.0,True,9,word,plant,6.0
1692.0,1422.723388671875,1114.2855834960938,0.568498969078064,0.779687225818634,0.5557513236999512,0.7738094329833984,2.82025146484375,2.4597320556640625,Fixation,1436.9661738954742,1111.3057743269821,460.0,7.0,True,9,word,plant,6.0
1696.0,1425.9712219238281,1114.2998313903809,0.5596944689750671,0.784026026725769,0.5570200085639954,0.7738193273544312,2.8269805908203125,2.4530029296875,Fixation,1436.9661738954742,1111.3057743269821,460.0,7.0,True,9,word,plant,6.0
1700.0,1430.1490783691406,1107.4999809265137,0.561093270778656,0.7790888547897339,0.5586519837379456,0.7690972089767456,2.830230712890625,2.4538726806640625,Fixation,1436.9661738954742,1111.3057743269821,460.0,7.0,True,9,word,plant,6.0
1704.0,1439.5791625976562,1123.432388305664,0.5648828148841858,0.7847920060157776,0.5623356103897095,0.7801613807678223,2.84759521484375,2.48370361328125,Fixation,1436.9661738954742,1111.3057743269821,460.0,7.0,True,9,word,plant,6.0
1708.0,1432.965087890625,1098.4833812713623,0.5636231899261475,0.7813859581947327,0.5597519874572754,0.762835681438446,2.865509033203125,2.4614715576171875,Fixation,1436.9661738954742,1111.3057743269821,460.0,7.0,True,9,word,plant,6.0
1712.0,1432.2132873535156,1092.0650482177734,0.5736020803451538,0.7733347415924072,0.559458315372467,0.7583785057067871,2.84002685546875,2.44989013671875,Fixation,1436.9661738954742,1111.3057743269821,460.0,7.0,True,9,word,plant,6.0
1716.0,1437.2248840332031,1115.5799102783203,0.5598030686378479,0.7810388803482056,0.56141597032547,0.7747082710266113,2.8531951904296875,2.454254150390625,Fixation,1436.9661738954742,1111.3057743269821,460.0,7.0,True,9,word,plant,6.0
1720.0,1447.4205017089844,1099.3392848968506,0.5620204210281372,0.7793737053871155,0.565398633480072,0.7634300589561462,2.8654937744140625,2.4265289306640625,Fixation,1436.9661738954742,1111.3057743269821,460.0,7.0,True,9,word,plant,6.0
1724.0,1451.636962890625,1126.0155487060547,0.5583984851837158,0.786431074142456,0.5670456886291504,0.7819552421569824,2.8147735595703125,2.472763061523437,Fixation,1436.9661738954742,1111.3057743269821,460.0,7.0,True,9,word,plant,6.0
1728.0,1448.590087890625,1088.36763381958,0.561751127243042,0.7838637232780457,0.5658555030822754,0.7558108568191528,2.8253326416015625,2.4159088134765625,Fixation,1436.9661738954742,1111.3057743269821,460.0,7.0,True,9,word,plant,6.0
1732.0,1437.3902893066406,1115.3688526153564,0.5589943528175354,0.788031816482544,0.5614805817604065,0.7745617032051086,2.830062866210937,2.4650115966796875,Fixation,1436.9661738954742,1111.3057743269821,460.0,7.0,True,9,word,plant,6.0
1736.0,1445.111083984375,1108.3674716949463,0.5643040537834167,0.7735448479652405,0.5644965171813965,0.7696996331214905,2.821533203125,2.470489501953125,Fixation,1436.9661738954742,1111.3057743269821,460.0,7.0,True,9,word,plant,6.0
1740.0,1433.504638671875,1108.3654117584229,0.5623739361763,0.7746375203132629,0.5599627494812012,0.7696982026100159,2.8332061767578125,2.4513397216796875,Fixation,1436.9661738954742,1111.3057743269821,460.0,7.0,True,9,word,plant,6.0
1744.0,1436.2744140625,1121.1165046691895,0.567084550857544,0.7893398404121399,0.5610446929931641,0.7785531282424927,2.845733642578125,2.46514892578125,Fixation,1436.9661738954742,1111.3057743269821,460.0,7.0,True,9,word,plant,6.0
1748.0,1428.8377380371094,1106.6201305389404,0.566677451133728,0.7802302837371826,0.5581397414207458,0.7684862017631531,2.86151123046875,2.46112060546875,Fixation,1436.9661738954742,1111.3057743269821,460.0,7.0,True,9,word,plant,6.0
1752.0,1436.01806640625,1100.26273727417,0.5623629093170166,0.7712414264678955,0.5609445571899414,0.7640713453292847,2.8446502685546875,2.469268798828125,Fixation,1436.9661738954742,1111.3057743269821,460.0,7.0,True,9,word,plant,6.0
1756.0,1440.1765441894531,1114.4794750213623,0.5589305758476257,0.7786460518836975,0.5625689625740051,0.773944079875946,2.83929443359375,2.43731689453125,Fixation,1436.9661738954742,1111.3057743269821,460.0,7.0,True,9,word,plant,6.0
1760.0,1433.2868957519531,1104.4592571258545,0.5654545426368713,0.771808385848999,0.5598776936531067,0.7669855952262878,2.840362548828125,2.4368133544921875,Fixation,1436.9661738954742,1111.3057743269821,460.0,7.0,True,9,word,plant,6.0
1764.0,1440.8709716796875,1107.6726722717285,0.561865508556366,0.7802681922912598,0.5628402233123779,0.7692171335220337,2.84417724609375,2.43939208984375,Fixation,1436.9661738954742,1111.3057743269821,460.0,7.0,True,9,word,plant,6.0
1768.0,1452.3007202148438,1094.9547958374023,0.5644956827163696,0.7809382677078247,0.5673049688339233,0.760385274887085,2.8555450439453125,2.44232177734375,Fixation,1436.9661738954742,1111.3057743269821,460.0,7.0,True,9,word,plant,6.0
1772.0,1432.1986389160156,1103.9287376403809,0.567423939704895,0.7763310074806213,0.5594525933265686,0.7666171789169312,2.8153839111328125,2.4209136962890625,Fixation,1436.9661738954742,1111.3057743269821,460.0,7.0,True,9,word,plant,6.0
1776.0,1444.2356872558594,1105.7655143737793,0.5577447414398193,0.7792952060699463,0.5641545653343201,0.7678927183151245,2.80499267578125,2.459869384765625,Fixation,1436.9661738954742,1111.3057743269821,460.0,7.0,True,9,word,plant,6.0
1780.0,1445.0042724609375,1103.8316631317139,0.5672515034675598,0.7746530771255493,0.5644547939300537,0.7665497660636902,2.8249969482421875,2.444320678710937,Fixation,1436.9661738954742,1111.3057743269821,460.0,7.0,True,9,word,plant,6.0
1784.0,1437.2157287597656,1117.4167728424072,0.557963490486145,0.7745102643966675,0.5614123940467834,0.7759838700294495,2.8405303955078125,2.48858642578125,Fixation,1436.9661738954742,1111.3057743269821,460.0,7.0,True,9,word,plant,6.0
1788.0,1430.5104064941406,1108.1536674499512,0.5694722533226013,0.7753867506980896,0.5587931275367737,0.769551157951355,2.8716278076171875,2.4677734375,Fixation,1436.9661738954742,1111.3057743269821,460.0,7.0,True,9,word,plant,6.0
1792.0,1453.5975646972656,1113.966293334961,0.5748119950294495,0.7831082940101624,0.5678115487098694,0.773587703704834,2.8603057861328125,2.4584197998046875,Fixation,1436.9661738954742,1111.3057743269821,460.0,7.0,True,9,word,plant,6.0
1796.0,1446.7788696289062,1131.2967109680176,0.5672882795333862,0.7754440903663635,0.5651479959487915,0.7856227159500122,2.851287841796875,2.489242553710937,Fixation,1436.9661738954742,1111.3057743269821,460.0,7.0,True,9,word,plant,6.0
1800.0,1442.8802490234375,1112.3058986663818,0.5628489851951599,0.7780479192733765,0.5636250972747803,0.772434651851654,2.8607330322265625,2.4446563720703125,Fixation,1436.9661738954742,1111.3057743269821,460.0,7.0,True,9,word,plant,6.0
1804.0,1444.744873046875,1110.7632637023926,0.5635883808135986,0.7719711065292358,0.5643534660339355,0.771363377571106,2.8558502197265625,2.4146881103515625,Fixation,1436.9661738954742,1111.3057743269821,460.0,7.0,True,9,word,plant,6.0
1808.0,1449.4081115722656,1105.5087089538574,0.5647316575050354,0.7747336626052856,0.5661750435829163,0.7677143812179565,2.841796875,2.4379119873046875,Fixation,1436.9661738954742,1111.3057743269821,460.0,7.0,True,9,word,plant,6.0
1812.0,1456.512451171875,1108.8150787353516,0.5658923387527466,0.7777035236358643,0.5689501762390137,0.7700104713439941,2.8682861328125,2.4704132080078125,Fixation,1436.9661738954742,1111.3057743269821,460.0,7.0,True,9,word,plant,6.0
1816.0,1449.0989685058594,1106.7561721801758,0.570730984210968,0.7736128568649292,0.5660542845726013,0.7685806751251221,2.842681884765625,2.461029052734375,Fixation,1436.9661738954742,1111.3057743269821,460.0,7.0,True,9,word,plant,6.0
1820.0,1446.3992309570312,1108.024663925171,0.5638939738273621,0.7865761518478394,0.5649996995925903,0.7694615721702576,2.850616455078125,2.440704345703125,Fixation,1436.9661738954742,1111.3057743269821,460.0,7.0,True,9,word,plant,6.0
1824.0,1466.3650512695312,1103.3446598052979,0.5785524845123291,0.7676353454589844,0.5727988481521606,0.7662115693092346,2.896514892578125,2.4246063232421875,Fixation,1436.9661738954742,1111.3057743269821,460.0,7.0,True,9,word,plant,6.0
1828.0,1472.275390625,1110.130090713501,0.5790903568267822,0.7691555023193359,0.5751075744628906,0.7709236741065979,2.906707763671875,2.463958740234375,Fixation,1436.9661738954742,1111.3057743269821,460.0,7.0,True,9,word,plant,6.0
1832.0,1495.2937316894531,1079.5885276794434,0.5879243016242981,0.7624984383583069,0.5840991139411926,0.7497142553329468,2.843002319335937,2.421127319335937,Fixation,1559.2931226402343,1090.2615519358242,320.0,8.0,True,10,word,with,7.0
1836.0,1493.8888549804688,1077.485933303833,0.5995674729347229,0.7689811587333679,0.5835503339767456,0.748254120349884,2.862289428710937,2.428314208984375,Fixation,1559.2931226402343,1090.2615519358242,320.0,8.0,True,10,word,with,7.0
1840.0,1524.0663146972656,1090.178575515747,0.6071001887321472,0.770948588848114,0.5953384041786194,0.7570684552192688,2.871124267578125,2.4544219970703125,Fixation,1559.2931226402343,1090.2615519358242,320.0,8.0,True,10,word,with,7.0
1844.0,1558.4249877929688,1091.3387489318848,0.619666337966919,0.7652682065963745,0.6087597608566284,0.7578741312026978,2.8590545654296875,2.45013427734375,Fixation,1559.2931226402343,1090.2615519358242,320.0,8.0,True,10,word,with,7.0
1848.0,1583.2234191894531,1091.2781524658203,0.628395140171051,0.773213803768158,0.6184466481208801,0.7578320503234863,2.868392944335937,2.432525634765625,Fixation,1559.2931226402343,1090.2615519358242,320.0,8.0,True,10,word,with,7.0
1852.0,1571.5776062011719,1081.5495014190674,0.6255455017089844,0.76969313621521,0.6138975024223328,0.7510760426521301,2.90252685546875,2.4339599609375,Fixation,1559.2931226402343,1090.2615519358242,320.0,8.0,True,10,word,with,7.0
1856.0,1569.7261047363281,1102.8163719177246,0.6274566054344177,0.7692826986312866,0.6131742596626282,0.7658447027206421,2.861557006835937,2.448974609375,Fixation,1559.2931226402343,1090.2615519358242,320.0,8.0,True,10,word,with,7.0
1860.0,1570.545654296875,1089.8622035980225,0.6201699376106262,0.7726956605911255,0.6134943962097168,0.7568487524986267,2.8949737548828125,2.421722412109375,Fixation,1559.2931226402343,1090.2615519358242,320.0,8.0,True,10,word,with,7.0
1864.0,1562.4781799316406,1094.4383525848389,0.6199917793273926,0.7771899700164795,0.6103430390357971,0.7600266337394714,2.895980834960937,2.4447174072265625,Fixation,1559.2931226402343,1090.2615519358242,320.0,8.0,True,10,word,with,7.0
1868.0,1558.4149169921875,1090.1309394836426,0.6134471893310547,0.779456377029419,0.6087558269500732,0.7570353746414185,2.8900299072265625,2.451446533203125,Fixation,1559.2931226402343,1090.2615519358242,320.0,8.0,True,10,word,with,7.0
1872.0,1566.4399719238281,1088.2259273529053,0.6216838359832764,0.7710087299346924,0.6118906140327454,0.7557124495506287,2.900848388671875,2.4564208984375,Fixation,1559.2931226402343,1090.2615519358242,320.0,8.0,True,10,word,with,7.0
1876.0,1566.3850402832031,1100.6223678588867,0.6254662871360779,0.7834404110908508,0.6118691563606262,0.7643210887908936,2.910888671875,2.4481353759765625,Fixation,1559.2931226402343,1090.2615519358242,320.0,8.0,True,10,word,with,7.0
1880.0,1558.9572143554688,1078.7209510803223,0.6214629411697388,0.7601175308227539,0.608967661857605,0.7491117715835571,2.86181640625,2.4421539306640625,Fixation,1559.2931226402343,1090.2615519358242,320.0,8.0,True,10,word,with,7.0
1884.0,1561.2532043457031,1081.6718101501465,0.6175594925880432,0.7686775922775269,0.6098645329475403,0.7511609792709351,2.8400421142578125,2.4351806640625,Fixation,1559.2931226402343,1090.2615519358242,320.0,8.0,True,10,word,with,7.0
1888.0,1553.8021850585938,1074.3788623809814,0.6242738962173462,0.7721903324127197,0.6069539785385132,0.7460964322090149,2.8877716064453125,2.431854248046875,Fixation,1559.2931226402343,1090.2615519358242,320.0,8.0,True,10,word,with,7.0
1892.0,1558.2992553710938,1086.3542175292969,0.6194651126861572,0.776128351688385,0.6087106466293335,0.7544126510620117,2.873626708984375,2.407577514648437,Fixation,1559.2931226402343,1090.2615519358242,320.0,8.0,True,10,word,with,7.0
1896.0,1561.002197265625,1073.484764099121,0.6249691843986511,0.765373945236206,0.6097664833068848,0.7454755306243896,2.883285522460937,2.447906494140625,Fixation,1559.2931226402343,1090.2615519358242,320.0,8.0,True,10,word,with,7.0
1900.0,1556.558837890625,1096.2738418579102,0.6215208172798157,0.7696198225021362,0.6080307960510254,0.7613012790679932,2.8657684326171875,2.4390106201171875,Fixation,1559.2931226402343,1090.2615519358242,320.0,8.0,True,10,word,with,7.0
1904.0,1563.6726379394531,1084.4004535675049,0.6191954016685486,0.7740793824195862,0.6108096241950989,0.7530558705329895,2.88861083984375,2.433349609375,Fixation,1559.2931226402343,1090.2615519358242,320.0,8.0,True,10,word,with,7.0
1908.0,1564.9716186523438,1104.1349029541016,0.6196017861366272,0.7689007520675659,0.6113170385360718,0.7667603492736816,2.878509521484375,2.4459228515625,Fixation,1559.2931226402343,1090.2615519358242,320.0,8.0,True,10,word,with,7.0
1912.0,1560.7479858398438,1086.483564376831,0.6212080717086792,0.7757708430290222,0.609667181968689,0.7545024752616882,2.865447998046875,2.4356842041015625,Fixation,1559.2931226402343,1090.2615519358242,320.0,8.0,True,10,word,with,7.0
1916.0,1551.9769287109375,1083.8474464416504,0.6252734661102295,0.7703233361244202,0.60624098777771,0.7526718378067017,2.8835906982421875,2.4525604248046875,Fixation,1559.2931226402343,1090.2615519358242,320.0,8.0,True,10,word,with,7.0
1920.0,1545.8969116210938,1052.6729679107666,0.6238449215888977,0.7781731486320496,0.6038659811019897,0.7310228943824768,2.894393920898437,2.384384155273437,Fixation,1559.2931226402343,1090.2615519358242,320.0,8.0,True,10,word,with,7.0
1924.0,1540.0544738769531,1085.4812335968018,0.6195893883705139,0.7653040289878845,0.6015837788581848,0.7538064122200012,2.8577423095703125,2.44464111328125,Fixation,1559.2931226402343,1090.2615519358242,320.0,8.0,True,10,word,with,7.0
1928.0,1555.6480407714844,1097.3473262786865,0.6150265336036682,0.7639765739440918,0.6076750159263611,0.762046754360199,2.883880615234375,2.433746337890625,Fixation,1559.2931226402343,1090.2615519358242,320.0,8.0,True,10,word,with,7.0
1932.0,1553.4225463867188,1086.5731716156006,0.61930912733078,0.7660504579544067,0.606805682182312,0.7545647025108337,2.873291015625,2.4189605712890625,Fixation,1559.2931226402343,1090.2615519358242,320.0,8.0,True,10,word,with,7.0
1936.0,1552.2190856933594,1072.2253704071045,0.6134048104286194,0.7681317925453186,0.6063355803489685,0.7446009516716003,2.85345458984375,2.4353790283203125,Fixation,1559.2931226402343,1090.2615519358242,320.0,8.0,True,10,word,with,7.0
1940.0,1547.0362854003906,1087.267370223999,,,0.6043110489845276,0.7550467848777771,,2.4371795654296875,Fixation,1559.2931226402343,1090.2615519358242,320.0,8.0,True,10,word,with,7.0
1944.0,1554.4676208496094,1091.7577743530273,0.6192089319229126,0.7661554217338562,0.6072139143943787,0.7581651210784912,2.8605499267578125,2.4431915283203125,Fixation,1559.2931226402343,1090.2615519358242,320.0,8.0,True,10,word,with,7.0
1948.0,1556.3142395019531,1098.8131427764893,0.6234129667282104,0.7784804105758667,0.6079352498054504,0.7630646824836731,2.8744354248046875,2.4543914794921875,Fixation,1559.2931226402343,1090.2615519358242,320.0,8.0,True,10,word,with,7.0
1952.0,1546.8843078613281,1073.3909511566162,0.6270797848701477,0.781509518623352,0.6042516827583313,0.7454103827476501,2.880859375,2.439910888671875,Fixation,1559.2931226402343,1090.2615519358242,320.0,8.0,True,10,word,with,7.0
1956.0,1549.8091125488281,1082.8496646881104,0.6254964470863342,0.7700958251953125,0.605394184589386,0.7519789338111877,2.869903564453125,2.434906005859375,Fixation,1559.2931226402343,1090.2615519358242,320.0,8.0,True,10,word,with,7.0
1960.0,1554.2507934570312,1069.5281410217285,0.6189654469490051,0.7682656645774841,0.6071292161941528,0.7427278757095337,2.8792266845703125,2.4482421875,Fixation,1559.2931226402343,1090.2615519358242,320.0,8.0,True,10,word,with,7.0
1964.0,1566.8695068359375,1080.8392524719238,0.6182969212532043,0.7708730697631836,0.6120584011077881,0.7505828142166138,2.8656463623046875,2.4646759033203125,Fixation,1559.2931226402343,1090.2615519358242,320.0,8.0,True,10,word,with,7.0
1968.0,1565.4335021972656,1091.3282775878906,0.6204424500465393,0.771809995174408,0.6114974617958069,0.7578668594360352,2.866790771484375,2.4373321533203125,Fixation,1559.2931226402343,1090.2615519358242,320.0,8.0,True,10,word,with,7.0
1972.0,1545.6344604492188,1098.4192657470703,0.6167620420455933,0.7672280669212341,0.6037634611129761,0.7627911567687988,2.85772705078125,2.459457397460937,Fixation,1559.2931226402343,1090.2615519358242,320.0,8.0,True,10,word,with,7.0
1976.0,1548.8325500488281,1089.7375774383545,0.6230889558792114,0.7725100517272949,0.6050127148628235,0.7567622065544128,2.8563232421875,2.44586181640625,Fixation,1559.2931226402343,1090.2615519358242,320.0,8.0,True,10,word,with,7.0
1980.0,1561.8441772460938,1071.70334815979,0.618481457233429,0.7726958394050598,0.6100953817367554,0.7442384362220764,2.86419677734375,2.40216064453125,Fixation,1559.2931226402343,1090.2615519358242,320.0,8.0,True,10,word,with,7.0
1984.0,1564.0876770019531,1102.300443649292,0.6206082701683044,0.7705865502357483,0.6109717488288879,0.7654864192008972,2.830062866210937,2.4185943603515625,Fixation,1559.2931226402343,1090.2615519358242,320.0,8.0,True,10,word,with,7.0
1988.0,1549.0982055664062,1105.616512298584,0.6212442517280579,0.7779956459999084,0.6051164865493774,0.7677892446517944,2.81243896484375,2.4724578857421875,Fixation,1559.2931226402343,1090.2615519358242,320.0,8.0,True,10,word,with,7.0
1992.0,1566.1782836914062,1109.769687652588,0.624695360660553,0.7694305181503296,0.6117883920669556,0.770673394203186,2.82733154296875,2.46575927734375,Fixation,1559.2931226402343,1090.2615519358242,320.0,8.0,True,10,word,with,7.0
1996.0,1561.2184143066406,1076.5523529052734,0.6254029870033264,0.7708615660667419,0.6098509430885315,0.7476058006286621,2.8549346923828125,2.4402008056640625,Fixation,1559.2931226402343,1090.2615519358242,320.0,8.0,True,10,word,with,7.0
2000.0,1560.7884216308594,1097.1544647216797,0.6202431917190552,0.7732603549957275,0.6096829771995544,0.7619128227233887,2.85858154296875,2.44830322265625,Fixation,1559.2931226402343,1090.2615519358242,320.0,8.0,True,10,word,with,7.0
2004.0,1555.8631896972656,1108.4003448486328,0.624406099319458,0.7655134797096252,0.6077590584754944,0.7697224617004395,2.85504150390625,2.4730682373046875,Fixation,1559.2931226402343,1090.2615519358242,320.0,8.0,True,10,word,with,7.0
2008.0,1563.2054138183594,1083.9787673950195,0.620388388633728,0.764102041721344,0.6106271147727966,0.752763032913208,2.8194122314453125,2.4426727294921875,Fixation,1559.2931226402343,1090.2615519358242,320.0,8.0,True,10,word,with,7.0
2012.0,1570.0436401367188,1090.325345993042,0.6211854815483093,0.7700983881950378,0.6132982969284058,0.7571703791618347,2.827667236328125,2.4150543212890625,Fixation,1559.2931226402343,1090.2615519358242,320.0,8.0,True,10,word,with,7.0
2016.0,1567.3715209960938,1078.4606266021729,0.6235423684120178,0.7739449739456177,0.6122545003890991,0.7489309906959534,2.852645874023437,2.42608642578125,Fixation,1559.2931226402343,1090.2615519358242,320.0,8.0,True,10,word,with,7.0
2020.0,1568.359375,1081.4147472381592,0.6231013536453247,0.7706981301307678,0.612640380859375,0.7509824633598328,2.863555908203125,2.43133544921875,Fixation,1559.2931226402343,1090.2615519358242,320.0,8.0,True,10,word,with,7.0
2024.0,1574.1877746582031,1096.9529342651367,0.6239427328109741,0.7609299421310425,0.6149170994758606,0.761772871017456,2.8316802978515625,2.426116943359375,Fixation,1559.2931226402343,1090.2615519358242,320.0,8.0,True,10,word,with,7.0
2028.0,1582.0222473144531,1095.1166725158691,0.6196385622024536,0.7631168961524963,0.6179774403572083,0.7604976892471313,2.82513427734375,2.4398651123046875,Fixation,1559.2931226402343,1090.2615519358242,320.0,8.0,True,10,word,with,7.0
2032.0,1576.7752075195312,1094.5106220245361,0.6237218976020813,0.7659953236579895,0.6159278154373169,0.7600768208503723,2.8424530029296875,2.42626953125,Fixation,1559.2931226402343,1090.2615519358242,320.0,8.0,True,10,word,with,7.0
2036.0,1587.8382873535156,1099.0633392333984,0.6317823529243469,0.766501784324646,0.620249330997467,0.7632384300231934,2.8728179931640625,2.4500732421875,Fixation,1559.2931226402343,1090.2615519358242,320.0,8.0,True,10,word,with,7.0
2040.0,1579.8088073730469,1095.9063148498535,0.6238890886306763,0.7707737684249878,0.6171128153800964,0.7610460519790649,2.808197021484375,2.423080444335937,Fixation,1559.2931226402343,1090.2615519358242,320.0,8.0,True,10,word,with,7.0
2044.0,1580.1104736328125,1085.885238647461,0.6240313649177551,0.7658329606056213,0.6172306537628174,0.754086971282959,2.8524169921875,2.434967041015625,Fixation,1559.2931226402343,1090.2615519358242,320.0,8.0,True,10,word,with,7.0
2048.0,1570.8198547363281,1092.7789878845215,0.6180586218833923,0.775316596031189,0.6136015057563782,0.7588742971420288,2.8493804931640625,2.442367553710937,Fixation,1559.2931226402343,1090.2615519358242,320.0,8.0,True,10,word,with,7.0
2052.0,1567.8034973144531,1095.3671264648438,0.6263895034790039,0.776426374912262,0.6124232411384583,0.7606716156005859,2.8485107421875,2.439605712890625,Fixation,1559.2931226402343,1090.2615519358242,320.0,8.0,True,10,word,with,7.0
2056.0,1573.7373352050781,1086.715908050537,0.6193723082542419,0.7566649317741394,0.6147411465644836,0.7546638250350952,2.81097412109375,2.413787841796875,Fixation,1559.2931226402343,1090.2615519358242,320.0,8.0,True,10,word,with,7.0
2060.0,1568.2717895507812,1082.6029014587402,0.6187413334846497,0.7663013935089111,0.6126061677932739,0.7518075704574585,2.8221893310546875,2.413238525390625,Fixation,1559.2931226402343,1090.2615519358242,320.0,8.0,True,10,word,with,7.0
2064.0,1558.1906127929688,1104.88205909729,0.622616171836853,0.744324803352356,0.6086682081222534,0.7672792077064514,2.7864227294921875,2.4507598876953125,Fixation,1559.2931226402343,1090.2615519358242,320.0,8.0,True,10,word,with,7.0
2068.0,1561.4651489257812,1092.024621963501,0.6238092184066772,0.7565263509750366,0.6099473237991333,0.7583504319190979,2.821380615234375,2.429718017578125,Fixation,1559.2931226402343,1090.2615519358242,320.0,8.0,True,10,word,with,7.0
2072.0,1559.8222351074219,1091.4250946044922,0.6101687550544739,0.769601047039032,0.6093055605888367,0.7579340934753418,2.806304931640625,2.4236297607421875,Fixation,1559.2931226402343,1090.2615519358242,320.0,8.0,True,10,word,with,7.0
2076.0,1552.3316955566406,1093.4500122070312,0.6167523860931396,0.759922444820404,0.6063795685768127,0.7593402862548828,2.834442138671875,2.4107208251953125,Fixation,1559.2931226402343,1090.2615519358242,320.0,8.0,True,10,word,with,7.0
2080.0,1557.939453125,1099.3666648864746,0.6175982356071472,0.7737199068069458,0.6085700988769531,0.7634490728378296,2.823516845703125,2.423080444335937,Fixation,1559.2931226402343,1090.2615519358242,320.0,8.0,True,10,word,with,7.0
2084.0,1556.7832946777344,1093.931007385254,0.6147313714027405,0.7670045495033264,0.60811847448349,0.7596743106842041,2.8215789794921875,2.41827392578125,Fixation,1559.2931226402343,1090.2615519358242,320.0,8.0,True,10,word,with,7.0
2088.0,1548.2069396972656,1101.3279819488525,0.6201050877571106,0.767460823059082,0.6047683358192444,0.764811098575592,2.825180053710937,2.43743896484375,Fixation,1559.2931226402343,1090.2615519358242,320.0,8.0,True,10,word,with,7.0
2092.0,1562.1139526367188,1097.9542350769043,0.6178363561630249,0.7670167684555054,0.6102007627487183,0.7624682188034058,2.834381103515625,2.4331207275390625,Fixation,1559.2931226402343,1090.2615519358242,320.0,8.0,True,10,word,with,7.0
2096.0,1548.0209350585938,1104.7371768951416,0.6200870275497437,0.7648186087608337,0.6046956777572632,0.7671785950660706,2.7797088623046875,2.419647216796875,Fixation,1559.2931226402343,1090.2615519358242,320.0,8.0,True,10,word,with,7.0
2100.0,1548.4246826171875,1097.1180725097656,0.6212389469146729,0.7570846676826477,0.6048533916473389,0.7618875503540039,2.822357177734375,2.422882080078125,Fixation,1559.2931226402343,1090.2615519358242,320.0,8.0,True,10,word,with,7.0
2104.0,1561.0621643066406,1100.7084560394287,0.621702253818512,0.7822891473770142,0.6097899079322815,0.7643808722496033,2.8131103515625,2.4246826171875,Fixation,1559.2931226402343,1090.2615519358242,320.0,8.0,True,10,word,with,7.0
2108.0,1554.3295288085938,1095.0454330444336,0.6179972290992737,0.7584929466247559,0.6071599721908569,0.7604482173919678,2.791488647460937,2.4131317138671875,Fixation,1559.2931226402343,1090.2615519358242,320.0,8.0,True,10,word,with,7.0
2112.0,1551.8295288085938,1095.02028465271,0.6169713735580444,0.7714720964431763,0.6061834096908569,0.7604307532310486,2.8072662353515625,2.400115966796875,Fixation,1559.2931226402343,1090.2615519358242,320.0,8.0,True,10,word,with,7.0
2116.0,1552.5482177734375,1080.6972885131836,0.6143970489501953,0.7661371827125549,0.606464147567749,0.7504842281341553,2.830291748046875,2.3780975341796875,Fixation,1559.2931226402343,1090.2615519358242,320.0,8.0,True,10,word,with,7.0
2120.0,1561.7585754394531,1104.1516399383545,0.6213257908821106,0.7736676335334778,0.6100619435310364,0.7667719721794128,2.7861480712890625,2.40069580078125,Fixation,1559.2931226402343,1090.2615519358242,320.0,8.0,True,10,word,with,7.0
2124.0,1566.5513610839844,1083.5643768310547,0.6211658120155334,0.7688886523246765,0.6119341254234314,0.7524752616882324,2.787506103515625,2.3905181884765625,Fixation,1559.2931226402343,1090.2615519358242,320.0,8.0,True,10,word,with,7.0
2128.0,1575.867919921875,1100.5321598052979,0.6197190880775452,0.7660351991653442,0.6155734062194824,0.7642584443092346,2.808197021484375,2.406890869140625,Fixation,1559.2931226402343,1090.2615519358242,320.0,8.0,True,10,word,with,7.0
2132.0,1561.1973571777344,1093.64896774292,0.6164774298667908,0.7612416744232178,0.6098427176475525,0.7594784498214722,2.824859619140625,2.4072418212890625,Fixation,1559.2931226402343,1090.2615519358242,320.0,8.0,True,10,word,with,7.0
2136.0,1563.0648803710938,1118.7401103973389,0.6240181922912598,0.7610201835632324,0.6105722188949585,0.7769028544425964,2.831756591796875,2.4031982421875,Fixation,1559.2931226402343,1090.2615519358242,320.0,8.0,True,10,word,with,7.0
2140.0,1566.8223571777344,1091.8600845336914,0.6238161325454712,0.774688184261322,0.6120399832725525,0.7582361698150635,2.79901123046875,2.4091033935546875,Fixation,1559.2931226402343,1090.2615519358242,320.0,8.0,True,10,word,with,7.0
2144.0,1566.4021301269531,1090.587043762207,0.6218053102493286,0.7728769183158875,0.6118758320808411,0.7573521137237549,2.8274078369140625,2.4081268310546875,Fixation,1559.2931226402343,1090.2615519358242,320.0,8.0,True,10,word,with,7.0
2148.0,1562.2248840332031,1092.2470092773438,0.6251206994056702,0.7663829922676086,0.61024409532547,0.7585048675537109,2.829803466796875,2.417755126953125,Fixation,1559.2931226402343,1090.2615519358242,320.0,8.0,True,10,word,with,7.0
2152.0,1559.1819763183594,1070.3953742980957,0.6158491373062134,0.7584880590438843,0.6090554594993591,0.7433301210403442,2.8200225830078125,2.424346923828125,Fixation,1559.2931226402343,1090.2615519358242,320.0,8.0,True,10,word,with,7.0
2156.0,1538.1439208984375,1029.8992538452148,0.6098032593727112,0.7231996059417725,0.6008374691009521,0.7152078151702881,2.783432006835937,2.4125213623046875,Saccade,,,,0.0,False,11,,,
2160.0,1531.5032958984375,972.8760051727295,0.598937451839447,0.6793738603591919,0.5982434749603271,0.6756083369255066,2.8441619873046875,2.3875885009765625,Saccade,,,,0.0,False,11,,,
2164.0,1546.0581970214844,863.9156627655029,0.5938977599143982,0.6397890448570251,0.6039289832115173,0.5999414324760437,2.81585693359375,2.3658599853515625,Saccade,,,,0.0,False,11,,,
2168.0,1549.6804809570312,773.4644508361816,0.5937947034835815,0.606886625289917,0.6053439378738403,0.5371280908584595,2.814727783203125,2.356048583984375,Saccade,,,,0.0,False,11,,,
2172.0,1539.6803283691406,764.155855178833,0.5825954079627991,0.5847732424736023,0.6014376282691956,0.530663788318634,2.77880859375,2.35089111328125,Saccade,,,,0.0,False,11,,,
2176.0,1517.8474426269531,723.5819721221924,0.5745556354522705,0.5574943423271179,0.5929091572761536,0.5024874806404114,2.7900390625,2.315902709960937,Fixation,1467.2428748721168,705.409494127546,80.0,9.0,True,12,image,,9.0
2180.0,1495.0773620605469,715.9296512603759,0.5666733384132385,0.5350416898727417,0.5840145945549011,0.4971733689308166,2.7784881591796875,2.3524169921875,Fixation,1467.2428748721168,705.409494127546,80.0,9.0,True,12,image,,9.0
2184.0,1483.3146667480469,722.7599716186523,0.5664206147193909,0.535998523235321,0.5794197916984558,0.5019166469573975,2.783798217773437,2.3814849853515625,Fixation,1467.2428748721168,705.409494127546,80.0,9.0,True,12,image,,9.0
2188.0,1476.3337707519531,736.8725109100342,0.5609703660011292,0.5034036040306091,0.5766928791999817,0.5117170214653015,2.7202301025390625,2.3812255859375,Fixation,1467.2428748721168,705.409494127546,80.0,9.0,True,12,image,,9.0
2192.0,1475.8930969238281,698.4282588958739,0.5592230558395386,0.5019307136535645,0.5765207409858704,0.4850196242332458,2.741928100585937,2.3383331298828125,Fixation,1467.2428748721168,705.409494127546,80.0,9.0,True,12,image,,9.0
2196.0,1474.8912048339844,695.3352212905884,0.560019850730896,0.490064263343811,0.5761293768882751,0.4828716814517975,2.754150390625,2.359527587890625,Fixation,1467.2428748721168,705.409494127546,80.0,9.0,True,12,image,,9.0
2200.0,1470.5912780761719,697.2803592681885,0.5584499835968018,0.4910503029823303,0.5744497179985046,0.4842224717140198,2.7593994140625,2.344451904296875,Fixation,1467.2428748721168,705.409494127546,80.0,9.0,True,12,image,,9.0
2204.0,1476.0556030273438,722.0905780792236,0.5675459504127502,0.4981797635555267,0.5765842199325562,0.5014517903327942,2.785400390625,2.3806304931640625,Fixation,1467.2428748721168,705.409494127546,80.0,9.0,True,12,image,,9.0
2208.0,1466.8516540527344,730.7149314880371,0.5642585158348083,0.502761721611023,0.5729889273643494,0.5074409246444702,2.7586212158203125,2.3846435546875,Fixation,1467.2428748721168,705.409494127546,80.0,9.0,True,12,image,,9.0
2212.0,1463.0014038085938,725.2653694152832,0.5662750601768494,0.4932577311992645,0.5714849233627319,0.5036565065383911,2.7880096435546875,2.4042205810546875,Fixation,1467.2428748721168,705.409494127546,80.0,9.0,True,12,image,,9.0
2216.0,1457.9881286621094,694.0626096725463,0.56718510389328,0.4968504607677459,0.5695266127586365,0.4819879233837127,2.766845703125,2.360443115234375,Fixation,1467.2428748721168,705.409494127546,80.0,9.0,True,12,image,,9.0
2220.0,1458.9787292480469,720.794620513916,0.5585513114929199,0.4928572475910187,0.5699135661125183,0.5005518198013306,2.773223876953125,2.382720947265625,Fixation,1467.2428748721168,705.409494127546,80.0,9.0,True,12,image,,9.0
2224.0,1459.7410583496094,696.438488960266,0.5681568384170532,0.4896703362464905,0.5702113509178162,0.4836378395557403,2.7816314697265625,2.3663787841796875,Fixation,1467.2428748721168,705.409494127546,80.0,9.0,True,12,image,,9.0
2228.0,1458.5601806640625,684.3326711654662,0.5628132820129395,0.494017481803894,0.5697500705718994,0.4752310216426849,2.762680053710937,2.3534088134765625,Fixation,1467.2428748721168,705.409494127546,80.0,9.0,True,12,image,,9.0
2232.0,1451.5914916992188,700.0496435165404,0.5631314516067505,0.488432377576828,0.5670279264450073,0.4861455857753753,2.7577056884765625,2.3795623779296875,Fixation,1467.2428748721168,705.409494127546,80.0,9.0,True,12,image,,9.0
2236.0,1458.0769348144531,691.5278148651122,0.5614255666732788,0.484912633895874,0.5695613026618958,0.4802276492118835,2.7855377197265625,2.3682403564453125,Fixation,1467.2428748721168,705.409494127546,80.0,9.0,True,12,image,,9.0
2240.0,1452.9806518554688,690.4133892059326,0.5679661631584167,0.4658527076244354,0.5675705671310425,0.4794537425041199,2.725128173828125,2.375595092773437,Fixation,1467.2428748721168,705.409494127546,80.0,9.0,True,12,image,,9.0
2244.0,1458.6782836914062,679.336895942688,0.5634269118309021,0.4810647070407867,0.5697962045669556,0.4717617332935333,2.75921630859375,2.380950927734375,Fixation,1467.2428748721168,705.409494127546,80.0,9.0,True,12,image,,9.0
2248.0,1452.4833679199219,683.6499738693237,0.5559227466583252,0.4678620994091034,0.5673763155937195,0.4747569262981415,2.74493408203125,2.375961303710937,Fixation,1467.2428748721168,705.409494127546,80.0,9.0,True,12,image,,9.0
2252.0,1451.8768310546875,721.4826393127441,0.5574019551277161,0.4634259641170501,0.5671393871307373,0.5010296106338501,2.7544708251953125,2.4323883056640625,Fixation,1467.2428748721168,705.409494127546,80.0,9.0,True,12,image,,9.0
2256.0,1451.2872314453125,683.2518053054808,0.5608764290809631,0.4720500409603119,0.5669090747833252,0.4744804203510284,2.754364013671875,2.3789520263671875,Fixation,1467.2428748721168,705.409494127546,80.0,9.0,True,12,image,,9.0
2260.0,1451.5045166015625,677.3522329330443,0.561333179473877,0.4712899625301361,0.5669939517974854,0.4703834950923919,2.7613677978515625,2.379379272460937,Fixation,1442.4916890462239,671.3442798614502,296.0,10.0,True,13,image,,9.0
2264.0,1447.1725463867188,673.1402635574341,0.5583047270774841,0.4734908938407898,0.565301775932312,0.4674585163593292,2.7857208251953125,2.3729400634765625,Fixation,1442.4916890462239,671.3442798614502,296.0,10.0,True,13,image,,9.0
2268.0,1444.290771484375,676.1669111251831,0.5591161251068115,0.4747461080551147,0.564176082611084,0.4695603549480438,2.79364013671875,2.3690643310546875,Fixation,1442.4916890462239,671.3442798614502,296.0,10.0,True,13,image,,9.0
2272.0,1453.9459228515625,672.0512437820433,0.5596849322319031,0.4633573591709137,0.5679476261138916,0.466702252626419,2.732177734375,2.376129150390625,Fixation,1442.4916890462239,671.3442798614502,296.0,10.0,True,13,image,,9.0
2276.0,1449.3611145019531,678.7431192398071,0.5626213550567627,0.4595719873905182,0.5661566853523254,0.4713493883609772,2.7232818603515625,2.3806915283203125,Fixation,1442.4916890462239,671.3442798614502,296.0,10.0,True,13,image,,9.0
2280.0,1445.8160400390625,693.9693975448608,0.5597156882286072,0.4619271755218506,0.5647718906402588,0.4819231927394867,2.76025390625,2.4228057861328125,Fixation,1442.4916890462239,671.3442798614502,296.0,10.0,True,13,image,,9.0
2284.0,1451.1177062988281,672.2952604293823,0.5633515119552612,0.4617043733596802,0.5668428540229797,0.4668717086315155,2.7825164794921875,2.38604736328125,Fixation,1442.4916890462239,671.3442798614502,296.0,10.0,True,13,image,,9.0
2288.0,1444.6157836914062,668.2907009124756,0.5572360157966614,0.4532356858253479,0.5643030405044556,0.4640907645225525,2.73199462890625,2.36614990234375,Fixation,1442.4916890462239,671.3442798614502,296.0,10.0,True,13,image,,9.0
2292.0,1452.9508972167969,677.5492572784424,0.5604751110076904,0.4756068587303161,0.5675589442253113,0.4705203175544739,2.7809600830078125,2.39739990234375,Fixation,1442.4916890462239,671.3442798614502,296.0,10.0,True,13,image,,9.0
2296.0,1440.6990051269531,679.046959877014,0.5612809062004089,0.4489898979663849,0.5627730488777161,0.471560388803482,2.734848022460937,2.385955810546875,Fixation,1442.4916890462239,671.3442798614502,296.0,10.0,True,13,image,,9.0
2300.0,1438.0072021484375,671.7692041397094,0.5631638169288635,0.4362184405326843,0.5617215633392334,0.4665063917636871,2.7109832763671875,2.3973388671875,Fixation,1442.4916890462239,671.3442798614502,296.0,10.0,True,13,image,,9.0
2304.0,1451.1514282226562,669.0220642089844,0.5596246123313904,0.4591488838195801,0.5668560266494751,0.4645986557006836,2.77435302734375,2.3745269775390625,Fixation,1442.4916890462239,671.3442798614502,296.0,10.0,True,13,image,,9.0
2308.0,1442.6060485839844,678.4847688674926,0.5584428906440735,0.4770045876502991,0.5635179877281189,0.4711699783802032,2.7965087890625,2.396240234375,Fixation,1442.4916890462239,671.3442798614502,296.0,10.0,True,13,image,,9.0
2312.0,1442.5160217285156,667.4737215042113,0.5559088587760925,0.4621443748474121,0.5634828209877014,0.4635234177112579,2.7458953857421875,2.388580322265625,Fixation,1442.4916890462239,671.3442798614502,296.0,10.0,True,13,image,,9.0
2316.0,1450.6333923339844,670.8705139160156,0.5585284233093262,0.4781243801116943,0.5666536688804626,0.4658823013305664,2.8238677978515625,2.39556884765625,Fixation,1442.4916890462239,671.3442798614502,296.0,10.0,True,13,image,,9.0
2320.0,1452.3301696777344,665.0821352005004,0.5600385069847107,0.4418822228908539,0.567316472530365,0.4618625938892364,2.721298217773437,2.38421630859375,Fixation,1442.4916890462239,671.3442798614502,296.0,10.0,True,13,image,,9.0
2324.0,1437.8897094726562,666.6692733764648,0.5627620220184326,0.4411774575710296,0.5616756677627563,0.4629647731781006,2.7245330810546875,2.377349853515625,Fixation,1442.4916890462239,671.3442798614502,296.0,10.0,True,13,image,,9.0
2328.0,1453.2403564453125,675.7473707199097,0.5638371109962463,0.4638688266277313,0.5676720142364502,0.4692690074443817,2.7788848876953125,2.3900604248046875,Fixation,1442.4916890462239,671.3442798614502,296.0,10.0,True,13,image,,9.0
2332.0,1445.3759765625,663.6753273010254,0.5582118034362793,0.4507685303688049,0.5645999908447266,0.4608856439590454,2.753646850585937,2.396636962890625,Fixation,1442.4916890462239,671.3442798614502,296.0,10.0,True,13,image,,9.0
2336.0,1448.4626770019531,664.7531461715698,0.5590777397155762,0.4652916193008423,0.5658057332038879,0.4616341292858124,2.7861480712890625,2.3890380859375,Fixation,1442.4916890462239,671.3442798614502,296.0,10.0,True,13,image,,9.0
2340.0,1450.3109741210938,668.3850288391112,0.5649021863937378,0.4598729610443115,0.5665277242660522,0.4641562700271606,2.765472412109375,2.394561767578125,Fixation,1442.4916890462239,671.3442798614502,296.0,10.0,True,13,image,,9.0
2344.0,1441.4921569824219,670.6028509140014,0.5602860450744629,0.435438334941864,0.5630828738212585,0.4656964242458343,2.719345092773437,2.390289306640625,Fixation,1442.4916890462239,671.3442798614502,296.0,10.0,True,13,image,,9.0
2348.0,1440.2374267578125,672.1290063858031,0.5574117302894592,0.4513140916824341,0.5625927448272705,0.4667562544345855,2.726287841796875,2.399993896484375,Fixation,1442.4916890462239,671.3442798614502,296.0,10.0,True,13,image,,9.0
2352.0,1441.2895202636719,677.8840398788452,0.5630154013633728,0.4593027830123901,0.5630037188529968,0.4707528054714203,2.771347045898437,2.4066314697265625,Fixation,1442.4916890462239,671.3442798614502,296.0,10.0,True,13,image,,9.0
2356.0,1441.3101196289062,669.4628047943115,0.5639748573303223,0.4506355822086334,0.5630117654800415,0.4649047255516052,2.7172393798828125,2.4008331298828125,Fixation,1442.4916890462239,671.3442798614502,296.0,10.0,True,13,image,,9.0
2360.0,1438.5330200195312,666.4358568191528,0.5659795999526978,0.462960422039032,0.5619269609451294,0.4628026783466339,2.779769897460937,2.382919311523437,Fixation,1442.4916890462239,671.3442798614502,296.0,10.0,True,13,image,,9.0
2364.0,1441.0147094726562,674.1935348510741,0.5583779811859131,0.4528882205486297,0.5628963708877563,0.4681899547576904,2.7628631591796875,2.4000244140625,Fixation,1442.4916890462239,671.3442798614502,296.0,10.0,True,13,image,,9.0
2368.0,1439.5893859863281,679.8421812057494,0.5611099004745483,0.4633484780788421,0.5623396039009094,0.472112625837326,2.7782440185546875,2.4032440185546875,Fixation,1442.4916890462239,671.3442798614502,296.0,10.0,True,13,image,,9.0
2372.0,1442.2195434570312,675.1279306411743,0.5652827024459839,0.4663175344467163,0.5633670091629028,0.4688388407230377,2.7881317138671875,2.389495849609375,Fixation,1442.4916890462239,671.3442798614502,296.0,10.0,True,13,image,,9.0
2376.0,1448.6376953125,667.8541660308837,0.5637791156768799,0.4540285468101501,0.5658740997314453,0.4637876152992248,2.738433837890625,2.366683959960937,Fixation,1442.4916890462239,671.3442798614502,296.0,10.0,True,13,image,,9.0
2380.0,1444.6316528320312,664.3822288513184,0.557745099067688,0.4684377312660217,0.5643092393875122,0.4613765478134155,2.7715301513671875,2.37530517578125,Fixation,1442.4916890462239,671.3442798614502,296.0,10.0,True,13,image,,9.0
2384.0,1438.3155822753906,671.3241720199584,0.5623064637184143,0.4541177153587341,0.5618420243263245,0.4661973416805267,2.7348175048828125,2.39532470703125,Fixation,1442.4916890462239,671.3442798614502,296.0,10.0,True,13,image,,9.0
2388.0,1437.7552795410156,671.5496921539307,0.5644144415855408,0.4427640438079834,0.5616231560707092,0.4663539528846741,2.707916259765625,2.3964385986328125,Fixation,1442.4916890462239,671.3442798614502,296.0,10.0,True,13,image,,9.0
2392.0,1437.3048400878906,672.571678161621,0.5627474188804626,0.4617899954319,0.5614472031593323,0.4670636653900146,2.755035400390625,2.3889617919921875,Fixation,1442.4916890462239,671.3442798614502,296.0,10.0,True,13,image,,9.0
2396.0,1451.5379333496094,663.6046028137207,0.5609043836593628,0.4735908806324005,0.5670070052146912,0.4608365297317505,2.781723022460937,2.3863983154296875,Fixation,1442.4916890462239,671.3442798614502,296.0,10.0,True,13,image,,9.0
2400.0,1445.5320739746094,661.4902496337891,0.5662940144538879,0.4661283493041992,0.5646609663963318,0.4593682289123535,2.777069091796875,2.357940673828125,Fixation,1442.4916890462239,671.3442798614502,296.0,10.0,True,13,image,,9.0
2404.0,1441.0885620117188,674.4766044616698,0.5596283078193665,0.4652544856071472,0.5629252195358276,0.4683865308761596,2.7934722900390625,2.3789825439453125,Fixation,1442.4916890462239,671.3442798614502,296.0,10.0,True,13,image,,9.0
2408.0,1442.3963928222656,666.4520359039307,0.5648900270462036,0.448695421218872,0.5634360909461975,0.4628139138221741,2.74090576171875,2.3740692138671875,Fixation,1442.4916890462239,671.3442798614502,296.0,10.0,True,13,image,,9.0
2412.0,1442.7752685546875,653.8097763061522,0.5687795877456665,0.4587132036685943,0.5635840892791748,0.4540345668792724,2.735336303710937,2.3702850341796875,Fixation,1442.4916890462239,671.3442798614502,296.0,10.0,True,13,image,,9.0
2416.0,1444.9607849121094,666.5871334075927,0.5685234069824219,0.4659384191036224,0.5644378066062927,0.4629077315330505,2.794662475585937,2.3910675048828125,Fixation,1442.4916890462239,671.3442798614502,296.0,10.0,True,13,image,,9.0
2420.0,1441.4324951171875,664.2888021469116,0.5618563294410706,0.471883624792099,0.5630595684051514,0.4613116681575775,2.7671051025390625,2.377059936523437,Fixation,1442.4916890462239,671.3442798614502,296.0,10.0,True,13,image,,9.0
2424.0,1450.1605224609375,663.6368751525878,0.5611361265182495,0.4550956189632416,0.5664689540863037,0.460858941078186,2.74615478515625,2.3709869384765625,Fixation,1442.4916890462239,671.3442798614502,296.0,10.0,True,13,image,,9.0
2428.0,1440.4100036621094,664.8364448547363,0.5647193789482117,0.4516390562057495,0.5626601576805115,0.4616919755935669,2.7166900634765625,2.385971069335937,Fixation,1442.4916890462239,671.3442798614502,296.0,10.0,True,13,image,,9.0
2432.0,1446.9863891601562,669.6675539016724,0.5619281530380249,0.4642290771007538,0.565229058265686,0.4650469124317169,2.7414093017578125,2.3866119384765625,Fixation,1442.4916890462239,671.3442798614502,296.0,10.0,True,13,image,,9.0
2436.0,1451.1767578125,671.7683887481688,0.5659809708595276,0.4585395455360412,0.5668659210205078,0.4665058255195617,2.76141357421875,2.3835601806640625,Fixation,1442.4916890462239,671.3442798614502,296.0,10.0,True,13,image,,9.0
2440.0,1443.3674621582031,659.737114906311,0.5633639693260193,0.4402834177017212,0.5638154149055481,0.4581507742404938,2.685897827148437,2.36279296875,Fixation,1442.4916890462239,671.3442798614502,296.0,10.0,True,13,image,,9.0
2444.0,1444.0652465820312,672.6482820510864,0.5607774257659912,0.4740788042545318,0.564087986946106,0.4671168625354767,2.7753448486328125,2.3763427734375,Fixation,1442.4916890462239,671.3442798614502,296.0,10.0,True,13,image,,9.0
2448.0,1451.63330078125,668.0449247360228,0.5629950165748596,0.453893631696701,0.5670442581176758,0.4639200866222381,2.7156982421875,2.3766021728515625,Fixation,1442.4916890462239,671.3442798614502,296.0,10.0,True,13,image,,9.0
2452.0,1439.9612426757812,668.8050842285156,0.5653289556503296,0.4586838185787201,0.562484860420227,0.4644479751586914,2.72076416015625,2.36273193359375,Fixation,1442.4916890462239,671.3442798614502,296.0,10.0,True,13,image,,9.0
2456.0,1446.5786743164062,671.2219476699828,0.5629703998565674,0.4508465230464935,0.5650697946548462,0.4661263525485992,2.7135162353515625,2.369979858398437,Fixation,1442.4916890462239,671.3442798614502,296.0,10.0,True,13,image,,9.0
2460.0,1441.45751953125,670.9130430221558,0.5628525614738464,0.4468685090541839,0.5630693435668945,0.4659118354320526,2.7071990966796875,2.372665405273437,Fixation,1442.4916890462239,671.3442798614502,296.0,10.0,True,13,image,,9.0
2464.0,1445.3636169433594,672.2951745986938,0.5635660290718079,0.453395128250122,0.5645951628684998,0.4668716490268707,2.707427978515625,2.3792266845703125,Fixation,1442.4916890462239,671.3442798614502,296.0,10.0,True,13,image,,9.0
2468.0,1449.2626953125,678.0544996261597,0.5617831945419312,0.4672966301441192,0.5661182403564453,0.4708711802959442,2.7371063232421875,2.3641815185546875,Fixation,1442.4916890462239,671.3442798614502,296.0,10.0,True,13,image,,9.0
2472.0,1438.2572937011719,674.4095706939697,0.5644497871398926,0.4704688787460327,0.5618192553520203,0.4683399796485901,2.766387939453125,2.3783721923828125,Fixation,1442.4916890462239,671.3442798614502,296.0,10.0,True,13,image,,9.0
2476.0,1438.6174011230469,667.4152278900146,0.5605064034461975,0.4553370773792267,0.5619599223136902,0.4634827971458435,2.72479248046875,2.354339599609375,Fixation,1442.4916890462239,671.3442798614502,296.0,10.0,True,13,image,,9.0
2480.0,1435.223388671875,674.9049854278563,0.56364905834198,0.4574827849864959,0.5606341361999512,0.4686840176582336,2.7410888671875,2.362701416015625,Fixation,1442.4916890462239,671.3442798614502,296.0,10.0,True,13,image,,9.0
2484.0,1442.8511047363281,673.5628938674926,0.5639006495475769,0.4544058442115783,0.5636137127876282,0.4677520096302032,2.73333740234375,2.353424072265625,Fixation,1442.4916890462239,671.3442798614502,296.0,10.0,True,13,image,,9.0
2488.0,1438.9962768554688,674.7797155380248,0.5600783228874207,0.4613445997238159,0.5621079206466675,0.4685970246791839,2.747543334960937,2.3761138916015625,Fixation,1442.4916890462239,671.3442798614502,296.0,10.0,True,13,image,,9.0
2492.0,1439.2303466796875,682.8341102600098,0.5562620759010315,0.4815240502357483,0.5621993541717529,0.474190354347229,2.7462615966796875,2.3712615966796875,Fixation,1442.4916890462239,671.3442798614502,296.0,10.0,True,13,image,,9.0
2496.0,1438.98681640625,683.1383800506591,0.5612058043479919,0.4707522690296173,0.5621042251586914,0.4744016528129577,2.737945556640625,2.3570556640625,Fixation,1442.4916890462239,671.3442798614502,296.0,10.0,True,13,image,,9.0
2500.0,1441.7694091796875,691.0330009460449,0.5615748763084412,0.4817914068698883,0.5631911754608154,0.4798840284347534,2.75537109375,2.364852905273437,Fixation,1442.4916890462239,671.3442798614502,296.0,10.0,True,13,image,,9.0
2504.0,1444.5147705078125,683.1954574584961,0.5607941150665283,0.4540635943412781,0.5642635822296143,0.4744412899017334,2.696395874023437,2.3560333251953125,Fixation,1442.4916890462239,671.3442798614502,296.0,10.0,True,13,image,,9.0
2508.0,1445.1432800292969,684.6540641784668,0.5585362315177917,0.484450489282608,0.5645090937614441,0.4754542112350464,2.7518310546875,2.354248046875,Fixation,1442.4916890462239,671.3442798614502,296.0,10.0,True,13,image,,9.0
2512.0,1436.5310668945312,676.0560607910156,0.5617216229438782,0.457699179649353,0.5611449480056763,0.4694833755493164,2.673736572265625,2.3437652587890625,Fixation,1442.4916890462239,671.3442798614502,296.0,10.0,True,13,image,,9.0
2516.0,1445.9371948242188,679.5200157165527,0.5599521398544312,0.4887647330760956,0.5648192167282104,0.4718888998031616,2.756103515625,2.353790283203125,Fixation,1442.4916890462239,671.3442798614502,296.0,10.0,True,13,image,,9.0
2520.0,1454.9261474609375,675.615234375,0.5567516088485718,0.4773499965667724,0.5683305263519287,0.46917724609375,2.7316131591796875,2.340362548828125,Fixation,1442.4916890462239,671.3442798614502,296.0,10.0,True,13,image,,9.0
2524.0,1442.5473022460938,667.400722503662,0.5582119226455688,0.4597771465778351,0.5634950399398804,0.4634727239608764,2.682647705078125,2.3440704345703125,Fixation,1442.4916890462239,671.3442798614502,296.0,10.0,True,13,image,,9.0
2528.0,1453.2373046875,676.6306114196776,0.5605642199516296,0.4600474238395691,0.5676708221435547,0.4698823690414428,2.687469482421875,2.364593505859375,Fixation,1442.4916890462239,671.3442798614502,296.0,10.0,True,13,image,,9.0
2532.0,1441.8437194824219,694.9331474304198,0.5601472854614258,0.4733798801898956,0.563220202922821,0.4825924634933471,2.724472045898437,2.377166748046875,Fixation,1442.4916890462239,671.3442798614502,296.0,10.0,True,13,image,,9.0
2536.0,1458.6781311035156,675.4467487335205,0.5607475638389587,0.4438948035240173,0.5697961449623108,0.4690602421760559,2.639678955078125,2.328887939453125,Fixation,1442.4916890462239,671.3442798614502,296.0,10.0,True,13,image,,9.0
2540.0,1437.8520202636719,665.8036708831786,0.5584425926208496,0.4475203454494476,0.5616609454154968,0.4623636603355407,2.70111083984375,2.3632049560546875,Fixation,1442.4916890462239,671.3442798614502,296.0,10.0,True,13,image,,9.0
2544.0,1429.2247009277344,656.4284706115722,0.5525510311126709,0.4586860537528991,0.5582908987998962,0.4558531045913696,2.7051239013671875,2.3514404296875,Fixation,1442.4916890462239,671.3442798614502,296.0,10.0,True,13,image,,9.0
2548.0,1416.84326171875,650.5110454559326,0.5454960465431213,0.4511228799819946,0.5534543991088867,0.4517437815666199,2.7110748291015625,2.36383056640625,Fixation,1442.4916890462239,671.3442798614502,296.0,10.0,True,13,image,,9.0
2552.0,1395.3524780273438,651.2696599960326,0.5468921661376953,0.4404856264591217,0.5450595617294312,0.4522705972194671,2.70965576171875,2.3531494140625,Fixation,1442.4916890462239,671.3442798614502,296.0,10.0,True,13,image,,9.0
2556.0,1383.8371276855469,645.0416135787963,0.5395527482032776,0.4282474815845489,0.5405613780021667,0.4479455649852752,2.677093505859375,2.37506103515625,Fixation,1442.4916890462239,671.3442798614502,296.0,10.0,True,13,image,,9.0
2560.0,1381.6401672363281,644.0007877349854,0.5397897958755493,0.4198119044303894,0.5397031903266907,0.4472227692604065,2.660507202148437,2.3805389404296875,Fixation,1383.8092560129066,636.2519940641738,384.0,11.0,True,14,image,,9.0
2564.0,1377.1319580078125,637.0466566085815,0.5388059020042419,0.4456959366798401,0.5379421710968018,0.4423935115337372,2.7308807373046875,2.361236572265625,Fixation,1383.8092560129066,636.2519940641738,384.0,11.0,True,14,image,,9.0
2568.0,1384.5675659179688,636.7730283737181,0.5391042828559875,0.4133846163749695,0.5408467054367065,0.4422034919261932,2.647430419921875,2.36859130859375,Fixation,1383.8092560129066,636.2519940641738,384.0,11.0,True,14,image,,9.0
2572.0,1382.9119873046875,635.2930068969727,0.5418466329574585,0.4583065509796142,0.5401999950408936,0.4411756992340088,2.735870361328125,2.369125366210937,Fixation,1383.8092560129066,636.2519940641738,384.0,11.0,True,14,image,,9.0
2576.0,1379.3646240234375,648.2330560684204,0.540349543094635,0.4426107704639435,0.5388143062591553,0.4501618444919586,2.6809234619140625,2.37518310546875,Fixation,1383.8092560129066,636.2519940641738,384.0,11.0,True,14,image,,9.0
2580.0,1376.0134887695312,644.9314928054808,0.5428351163864136,0.4455240070819855,0.5375052690505981,0.4478690922260284,2.7307586669921875,2.3560791015625,Fixation,1383.8092560129066,636.2519940641738,384.0,11.0,True,14,image,,9.0
2584.0,1380.3318786621094,647.0966577529906,0.5407443046569824,0.4258379638195038,0.5391921401023865,0.4493726789951324,2.6537628173828125,2.34136962890625,Fixation,1383.8092560129066,636.2519940641738,384.0,11.0,True,14,image,,9.0
2588.0,1388.2087707519531,633.8718223571776,0.5402103662490845,0.4130636155605316,0.5422690510749817,0.4401887655258178,2.631439208984375,2.370361328125,Fixation,1383.8092560129066,636.2519940641738,384.0,11.0,True,14,image,,9.0
2592.0,1384.3553161621094,640.040988922119,0.5432239174842834,0.4332811236381531,0.540763795375824,0.4444729089736938,2.695587158203125,2.3558502197265625,Fixation,1383.8092560129066,636.2519940641738,384.0,11.0,True,14,image,,9.0
2596.0,1380.0730895996094,638.5259056091307,0.5389379858970642,0.4096706211566925,0.5390910506248474,0.4434207677841186,2.6256561279296875,2.362274169921875,Fixation,1383.8092560129066,636.2519940641738,384.0,11.0,True,14,image,,9.0
2600.0,1379.2098999023438,644.5796298980712,0.5402902364730835,0.4381256699562073,0.538753867149353,0.4476247429847717,2.6885528564453125,2.357818603515625,Fixation,1383.8092560129066,636.2519940641738,384.0,11.0,True,14,image,,9.0
2604.0,1393.6297607421875,643.9850807189941,0.5413033962249756,0.4205714464187622,0.544386625289917,0.4472118616104126,2.660629272460937,2.339752197265625,Fixation,1383.8092560129066,636.2519940641738,384.0,11.0,True,14,image,,9.0
2608.0,1395.693359375,646.3809585571288,0.5430114269256592,0.421623945236206,0.5451927185058594,0.4488756656646728,2.6419219970703125,2.371826171875,Fixation,1383.8092560129066,636.2519940641738,384.0,11.0,True,14,image,,9.0
2612.0,1395.9175109863281,644.9136400222777,0.5397176742553711,0.434166818857193,0.5452802777290344,0.4478566944599151,2.67724609375,2.362411499023437,Fixation,1383.8092560129066,636.2519940641738,384.0,11.0,True,14,image,,9.0
2616.0,1390.0544738769531,643.9658546447754,0.539169192314148,0.4045117795467376,0.5429900288581848,0.4471985101699829,2.605010986328125,2.359375,Fixation,1383.8092560129066,636.2519940641738,384.0,11.0,True,14,image,,9.0
2620.0,1389.3345642089844,645.9020662307738,0.5381010174751282,0.4212895333766937,0.5427088141441345,0.4485431015491485,2.648422241210937,2.3540191650390625,Fixation,1383.8092560129066,636.2519940641738,384.0,11.0,True,14,image,,9.0
2624.0,1398.5041809082031,645.2697086334227,0.5333129167556763,0.4087498486042022,0.5462906956672668,0.4481039643287658,2.6168670654296875,2.3586883544921875,Fixation,1383.8092560129066,636.2519940641738,384.0,11.0,True,14,image,,9.0
2628.0,1403.3843994140625,655.087752342224,0.5380975008010864,0.4330959916114807,0.5481970310211182,0.4549220502376556,2.6598358154296875,2.347198486328125,Fixation,1383.8092560129066,636.2519940641738,384.0,11.0,True,14,image,,9.0
2632.0,1393.3700561523438,642.3367023468018,0.5388938784599304,0.4277267456054687,0.5442851781845093,0.4460671544075012,2.65087890625,2.354766845703125,Fixation,1383.8092560129066,636.2519940641738,384.0,11.0,True,14,image,,9.0
2636.0,1398.1282043457031,647.1925735473632,0.5369506478309631,0.4118554592132568,0.5461438298225403,0.4494392871856689,2.622406005859375,2.348358154296875,Fixation,1383.8092560129066,636.2519940641738,384.0,11.0,True,14,image,,9.0
2640.0,1397.8733825683594,645.5095624923706,0.5370104908943176,0.4139255881309509,0.5460442900657654,0.4482705295085907,2.61920166015625,2.33697509765625,Fixation,1383.8092560129066,636.2519940641738,384.0,11.0,True,14,image,,9.0
2644.0,1391.9525146484375,654.3537712097168,0.5379340052604675,0.441102534532547,0.5437314510345459,0.4544123411178589,2.67327880859375,2.351348876953125,Fixation,1383.8092560129066,636.2519940641738,384.0,11.0,True,14,image,,9.0
2648.0,1401.1927795410156,650.4988145828247,0.5391294360160828,0.4275239109992981,0.5473409295082092,0.4517352879047394,2.6445770263671875,2.3386383056640625,Fixation,1383.8092560129066,636.2519940641738,384.0,11.0,True,14,image,,9.0
2652.0,1394.4940185546875,654.6442651748657,0.5355092287063599,0.4367944896221161,0.5447242259979248,0.4546140730381012,2.67889404296875,2.349395751953125,Fixation,1383.8092560129066,636.2519940641738,384.0,11.0,True,14,image,,9.0
2656.0,1391.163330078125,648.2515525817871,0.5358132719993591,0.4318762123584747,0.5434231758117676,0.4501746892929077,2.64129638671875,2.3498992919921875,Fixation,1383.8092560129066,636.2519940641738,384.0,11.0,True,14,image,,9.0
2660.0,1399.8915100097656,643.3142280578612,0.5339549779891968,0.4160028398036957,0.5468326210975647,0.4467459917068481,2.625762939453125,2.3414459228515625,Fixation,1383.8092560129066,636.2519940641738,384.0,11.0,True,14,image,,9.0
2664.0,1388.0201721191406,644.3260860443115,0.5367467999458313,0.4253176152706146,0.5421953797340393,0.4474486708641052,2.634552001953125,2.32275390625,Fixation,1383.8092560129066,636.2519940641738,384.0,11.0,True,14,image,,9.0
2668.0,1385.2632141113281,634.1192722320557,0.5375526547431946,0.4199557900428772,0.5411184430122375,0.4403606057167053,2.6291656494140625,2.3379364013671875,Fixation,1383.8092560129066,636.2519940641738,384.0,11.0,True,14,image,,9.0
2672.0,1386.5472412109375,641.6507005691528,0.5349520444869995,0.416118174791336,0.5416200160980225,0.4455907642841339,2.5973052978515625,2.326385498046875,Fixation,1383.8092560129066,636.2519940641738,384.0,11.0,True,14,image,,9.0
2676.0,1388.580322265625,633.3432340621947,0.5356450080871582,0.413430392742157,0.5424141883850098,0.4398216903209686,2.6094970703125,2.326889038085937,Fixation,1383.8092560129066,636.2519940641738,384.0,11.0,True,14,image,,9.0
2680.0,1386.5957641601562,640.1675033569336,0.5338016152381897,0.4317890405654907,0.541638970375061,0.4445607662200928,2.629989624023437,2.314117431640625,Fixation,1383.8092560129066,636.2519940641738,384.0,11.0,True,14,image,,9.0
2684.0,1390.294189453125,633.8838386535645,0.5375753045082092,0.4114716947078705,0.543083667755127,0.4401971101760864,2.5911407470703125,2.319488525390625,Fixation,1383.8092560129066,636.2519940641738,384.0,11.0,True,14,image,,9.0
2688.0,1386.8229675292969,642.2052955627441,0.5407583117485046,0.4460749924182892,0.5417277216911316,0.4459758996963501,2.66717529296875,2.332763671875,Fixation,1383.8092560129066,636.2519940641738,384.0,11.0,True,14,image,,9.0
2692.0,1389.896240234375,648.1940031051636,0.5351818203926086,0.4281527101993561,0.5429282188415527,0.4501347243785858,2.596893310546875,2.32159423828125,Fixation,1383.8092560129066,636.2519940641738,384.0,11.0,True,14,image,,9.0
2696.0,1384.3211364746094,643.3837080001831,0.5316817164421082,0.4192887544631958,0.5407504439353943,0.4467942416667938,2.59326171875,2.3262939453125,Fixation,1383.8092560129066,636.2519940641738,384.0,11.0,True,14,image,,9.0
2700.0,1382.9937744140625,640.8821296691895,0.5382429957389832,0.4322636723518371,0.5402319431304932,0.4450570344924927,2.6291046142578125,2.320709228515625,Fixation,1383.8092560129066,636.2519940641738,384.0,11.0,True,14,image,,9.0
2704.0,1387.4678039550781,640.1725673675537,0.5386888384819031,0.435356467962265,0.5419796109199524,0.4445642828941345,2.6388092041015625,2.330841064453125,Fixation,1383.8092560129066,636.2519940641738,384.0,11.0,True,14,image,,9.0
2708.0,1382.3783874511719,644.961061477661,0.5351513624191284,0.4228257536888122,0.539991557598114,0.4478896260261535,2.5872955322265625,2.3267974853515625,Fixation,1383.8092560129066,636.2519940641738,384.0,11.0,True,14,image,,9.0
2712.0,1379.8263549804688,643.9008378982543,0.5402228832244873,0.4342168569564819,0.5389946699142456,0.4471533596515655,2.6278076171875,2.311370849609375,Fixation,1383.8092560129066,636.2519940641738,384.0,11.0,True,14,image,,9.0
2716.0,1379.8295593261719,643.4947299957275,0.5348322987556458,0.4319439232349396,0.5389959216117859,0.4468713402748108,2.6157684326171875,2.31719970703125,Fixation,1383.8092560129066,636.2519940641738,384.0,11.0,True,14,image,,9.0
2720.0,1381.2809753417969,639.3675613403319,0.5400322675704956,0.4210708737373352,0.5395628809928894,0.4440052509307861,2.575790405273437,2.308868408203125,Fixation,1383.8092560129066,636.2519940641738,384.0,11.0,True,14,image,,9.0
2724.0,1381.16455078125,649.3661499023436,0.5359898805618286,0.4220827519893646,0.5395174026489258,0.4509487152099609,2.6078643798828125,2.3400421142578125,Fixation,1383.8092560129066,636.2519940641738,384.0,11.0,True,14,image,,9.0
2728.0,1385.0593566894531,632.8149032592773,0.5377556681632996,0.4174337089061737,0.5410388112068176,0.4394547939300537,2.57476806640625,2.283843994140625,Fixation,1383.8092560129066,636.2519940641738,384.0,11.0,True,14,image,,9.0
2732.0,1385.2009582519531,637.7236461639404,0.5373983979225159,0.4207789003849029,0.5410941243171692,0.4428636431694031,2.579620361328125,2.311264038085937,Fixation,1383.8092560129066,636.2519940641738,384.0,11.0,True,14,image,,9.0
2736.0,1381.8208312988281,641.0800981521606,0.5361559391021729,0.414848268032074,0.5397737622261047,0.4451945126056671,2.5789947509765625,2.30816650390625,Fixation,1383.8092560129066,636.2519940641738,384.0,11.0,True,14,image,,9.0
2740.0,1385.1144409179688,640.9984302520751,0.5380064249038696,0.4172273576259613,0.5410603284835815,0.4451377987861633,2.576278686523437,2.31011962890625,Fixation,1383.8092560129066,636.2519940641738,384.0,11.0,True,14,image,,9.0
2744.0,1381.6429138183594,643.0728721618651,0.5314471125602722,0.4262721538543701,0.5397042632102966,0.4465783834457397,2.559539794921875,2.3140411376953125,Fixation,1383.8092560129066,636.2519940641738,384.0,11.0,True,14,image,,9.0
2748.0,1379.2689514160156,642.615008354187,0.534191906452179,0.4172245562076568,0.5387769341468811,0.4462604224681854,2.5404815673828125,2.28704833984375,Fixation,1383.8092560129066,636.2519940641738,384.0,11.0,True,14,image,,9.0
2752.0,1379.757080078125,639.1869306564331,0.5387375354766846,0.4238907694816589,0.5389676094055176,0.4438798129558563,2.5506134033203125,2.307479858398437,Fixation,1383.8092560129066,636.2519940641738,384.0,11.0,True,14,image,,9.0
2756.0,1379.2446899414062,640.4203176498413,0.5350265502929688,0.4154859483242035,0.5387674570083618,0.4447363317012787,2.564453125,2.282470703125,Fixation,1383.8092560129066,636.2519940641738,384.0,11.0,True,14,image,,9.0
2760.0,1374.9322509765625,643.8299417495728,0.5371869802474976,0.4196691215038299,0.5370829105377197,0.4471041262149811,2.5681915283203125,2.294464111328125,Fixation,1383.8092560129066,636.2519940641738,384.0,11.0,True,14,image,,9.0
2764.0,1381.1903381347656,635.0648260116577,0.5407642722129822,0.4156333208084106,0.5395274758338928,0.4410172402858734,2.540145874023437,2.2935943603515625,Fixation,1383.8092560129066,636.2519940641738,384.0,11.0,True,14,image,,9.0
2768.0,1388.36669921875,637.848744392395,0.5361785292625427,0.4275626838207245,0.5423307418823242,0.4429505169391632,2.57598876953125,2.2919921875,Fixation,1383.8092560129066,636.2519940641738,384.0,11.0,True,14,image,,9.0
2772.0,1372.5955200195312,635.1813840866089,0.5387089252471924,0.4254937171936035,0.5361701250076294,0.4410981833934784,2.563461303710937,2.310882568359375,Fixation,1383.8092560129066,636.2519940641738,384.0,11.0,True,14,image,,9.0
2776.0,1379.9043273925781,633.9859342575072,0.5338913202285767,0.4159649014472961,0.5390251278877258,0.4402680099010467,2.55877685546875,2.2931671142578125,Fixation,1383.8092560129066,636.2519940641738,384.0,11.0,True,14,image,,9.0
2780.0,1376.0328674316406,646.6666030883788,0.5356812477111816,0.4143611490726471,0.5375128388404846,0.4490740299224853,2.532135009765625,2.2999420166015625,Fixation,1383.8092560129066,636.2519940641738,384.0,11.0,True,14,image,,9.0
2784.0,1378.961181640625,627.7619647979736,0.5389455556869507,0.4136410653591156,0.5386567115783691,0.4359458088874817,2.538177490234375,2.2813873291015625,Fixation,1383.8092560129066,636.2519940641738,384.0,11.0,True,14,image,,9.0
2788.0,1384.8220825195312,626.7837953567504,0.5364158749580383,0.4170476794242859,0.5409461259841919,0.4352665245532989,2.5090789794921875,2.29730224609375,Fixation,1383.8092560129066,636.2519940641738,384.0,11.0,True,14,image,,9.0
2792.0,1390.3187561035156,632.0451736450195,0.5415909886360168,0.4178833961486816,0.5430932641029358,0.438920259475708,2.556137084960937,2.2902374267578125,Fixation,1383.8092560129066,636.2519940641738,384.0,11.0,True,14,image,,9.0
2796.0,1379.6533203125,636.7236757278442,0.53547203540802,0.4170985817909241,0.5389270782470703,0.4421692192554474,2.5352020263671875,2.287353515625,Fixation,1383.8092560129066,636.2519940641738,384.0,11.0,True,14,image,,9.0
2800.0,1375.6121826171875,637.3883485794067,0.5374556183815002,0.4205292165279388,0.5373485088348389,0.442630797624588,2.542816162109375,2.2972564697265625,Fixation,1383.8092560129066,636.2519940641738,384.0,11.0,True,14,image,,9.0
2804.0,1374.5074462890625,635.6674003601073,0.5367423295974731,0.4136550724506378,0.536916971206665,0.441435694694519,2.5383453369140625,2.284393310546875,Fixation,1383.8092560129066,636.2519940641738,384.0,11.0,True,14,image,,9.0
2808.0,1374.09423828125,625.6015634536743,0.5352246165275574,0.4209274351596832,0.5367555618286133,0.4344455301761627,2.54901123046875,2.276473999023437,Fixation,1383.8092560129066,636.2519940641738,384.0,11.0,True,14,image,,9.0
2812.0,1380.5963134765625,628.297505378723,0.538107693195343,0.4232522845268249,0.5392954349517822,0.4363177120685577,2.533050537109375,2.2840118408203125,Fixation,1383.8092560129066,636.2519940641738,384.0,11.0,True,14,image,,9.0
2816.0,1379.677734375,631.3342809677123,0.5385785698890686,0.4203752875328064,0.5389366149902344,0.4384265840053558,2.532196044921875,2.267684936523437,Fixation,1383.8092560129066,636.2519940641738,384.0,11.0,True,14,image,,9.0
2820.0,1374.5487976074219,630.3349542617797,0.5363003015518188,0.4192589521408081,0.5369331240653992,0.4377326071262359,2.5258941650390625,2.25927734375,Fixation,1383.8092560129066,636.2519940641738,384.0,11.0,True,14,image,,9.0
2824.0,1373.0168151855469,642.6650047302246,0.531563401222229,0.4148041903972626,0.5363346934318542,0.4462951421737671,2.51776123046875,2.271728515625,Fixation,1383.8092560129066,636.2519940641738,384.0,11.0,True,14,image,,9.0
2828.0,1377.0475769042969,638.6616897583008,0.5369067788124084,0.4180818498134613,0.537909209728241,0.4435150623321533,2.523300170898437,2.2718963623046875,Fixation,1383.8092560129066,636.2519940641738,384.0,11.0,True,14,image,,9.0
2832.0,1373.2150268554688,636.2493753433228,0.5300306677818298,0.4208725690841675,0.5364121198654175,0.4418398439884186,2.51373291015625,2.281951904296875,Fixation,1383.8092560129066,636.2519940641738,384.0,11.0,True,14,image,,9.0
2836.0,1377.0034790039062,635.3542041778563,0.5347422361373901,0.4196586608886719,0.5378919839859009,0.4412181973457336,2.5053863525390625,2.266998291015625,Fixation,1383.8092560129066,636.2519940641738,384.0,11.0,True,14,image,,9.0
2840.0,1383.9921569824219,636.0470294952393,0.5372111797332764,0.4148775637149811,0.5406219363212585,0.4416993260383606,2.4864044189453125,2.27581787109375,Fixation,1383.8092560129066,636.2519940641738,384.0,11.0,True,14,image,,9.0
2844.0,1379.2869567871094,634.0265321731567,0.5390028357505798,0.4183366596698761,0.5387839674949646,0.4402962028980255,2.513290405273437,2.26446533203125,Fixation,1383.8092560129066,636.2519940641738,384.0,11.0,True,14,image,,9.0
2848.0,1373.9750671386719,635.2164888381957,0.5352700352668762,0.4251697957515716,0.5367090106010437,0.4411225616931915,2.49810791015625,2.2528533935546875,Fixation,1383.8092560129066,636.2519940641738,384.0,11.0,True,14,image,,9.0
2852.0,1380.3504943847656,635.9462642669678,0.5406493544578552,0.4172063767910003,0.5391994118690491,0.4416293501853943,2.49627685546875,2.2483367919921875,Fixation,1383.8092560129066,636.2519940641738,384.0,11.0,True,14,image,,9.0
2856.0,1379.8046875,628.9911460876464,0.5381237268447876,0.4188312590122223,0.5389862060546875,0.43679940700531,2.4962921142578125,2.25152587890625,Fixation,1383.8092560129066,636.2519940641738,384.0,11.0,True,14,image,,9.0
2860.0,1382.1611022949219,629.0075397491454,0.537505567073822,0.4321204721927643,0.5399066805839539,0.4368107914924621,2.5216064453125,2.2477569580078125,Fixation,1383.8092560129066,636.2519940641738,384.0,11.0,True,14,image,,9.0
2864.0,1376.5602111816406,618.1369113922119,0.5383253693580627,0.4252915680408478,0.5377188324928284,0.4292617440223694,2.5037841796875,2.235626220703125,Fixation,1383.8092560129066,636.2519940641738,384.0,11.0,True,14,image,,9.0
2868.0,1379.4627380371094,637.8468132019042,0.5379769206047058,0.4261241555213928,0.5388526320457458,0.4429491758346557,2.492401123046875,2.246444702148437,Fixation,1383.8092560129066,636.2519940641738,384.0,11.0,True,14,image,,9.0
2872.0,1382.4250793457031,636.305079460144,0.538987934589386,0.4195561110973358,0.5400097966194153,0.4418785274028778,2.4930877685546875,2.244857788085937,Fixation,1383.8092560129066,636.2519940641738,384.0,11.0,True,14,image,,9.0
2876.0,1377.3774719238281,633.9131498336792,0.5360438823699951,0.4221015572547912,0.5380380749702454,0.4402174651622772,2.4808807373046875,2.262176513671875,Fixation,1383.8092560129066,636.2519940641738,384.0,11.0,True,14,image,,9.0
2880.0,1386.8202209472656,634.167423248291,0.5382962226867676,0.4198929071426391,0.5417266488075256,0.4403940439224243,2.4820556640625,2.233306884765625,Fixation,1383.8092560129066,636.2519940641738,384.0,11.0,True,14,image,,9.0
2884.0,1380.5079650878906,635.6594610214233,0.5383952856063843,0.4194874167442322,0.5392609238624573,0.4414301812648773,2.485107421875,2.241180419921875,Fixation,1383.8092560129066,636.2519940641738,384.0,11.0,True,14,image,,9.0
2888.0,1388.7544250488281,636.0711479187012,0.5365756154060364,0.4278196692466736,0.5424821972846985,0.4417160749435425,2.479721069335937,2.242904663085937,Fixation,1383.8092560129066,636.2519940641738,384.0,11.0,True,14,image,,9.0
2892.0,1393.1327819824219,632.197823524475,0.5348523855209351,0.4218249917030334,0.5441924929618835,0.439026266336441,2.4741973876953125,2.2191619873046875,Fixation,1383.8092560129066,636.2519940641738,384.0,11.0,True,14,image,,9.0
2896.0,1388.3573913574219,629.5926904678345,0.5372748970985413,0.4265570342540741,0.5423271059989929,0.4372171461582184,2.47210693359375,2.217880249023437,Fixation,1383.8092560129066,636.2519940641738,384.0,11.0,True,14,image,,9.0
2900.0,1378.2089233398438,629.8646879196167,0.5378936529159546,0.4279513657093048,0.5383628606796265,0.4374060332775116,2.456161499023437,2.228729248046875,Fixation,1383.8092560129066,636.2519940641738,384.0,11.0,True,14,image,,9.0
2904.0,1382.8842163085938,632.4081087112426,0.5377762913703918,0.4241424202919006,0.5401891469955444,0.4391722977161407,2.4831085205078125,2.2174835205078125,Fixation,1383.8092560129066,636.2519940641738,384.0,11.0,True,14,image,,9.0
2908.0,1389.9563598632812,629.3129682540894,0.5340469479560852,0.4275887012481689,0.5429517030715942,0.4370228946208954,2.4810791015625,2.203704833984375,Fixation,1383.8092560129066,636.2519940641738,384.0,11.0,True,14,image,,9.0
2912.0,1382.8474426269531,635.021653175354,0.5391194820404053,0.4224001765251159,0.5401747822761536,0.4409872591495514,2.447372436523437,2.219345092773437,Fixation,1383.8092560129066,636.2519940641738,384.0,11.0,True,14,image,,9.0
2916.0,1381.8496704101562,641.3653993606567,0.5371783971786499,0.421181857585907,0.5397850275039673,0.4453926384449005,2.4457550048828125,2.2286376953125,Fixation,1383.8092560129066,636.2519940641738,384.0,11.0,True,14,image,,9.0
2920.0,1388.7384033203125,635.2606916427611,0.5387937426567078,0.4309487640857696,0.5424759387969971,0.4411532580852508,2.452377319335937,2.2090301513671875,Fixation,1383.8092560129066,636.2519940641738,384.0,11.0,True,14,image,,9.0
2924.0,1390.4205322265625,629.8019456863403,0.5357639789581299,0.4213703572750091,0.543133020401001,0.4373624622821808,2.4427947998046875,2.1958770751953125,Fixation,1383.8092560129066,636.2519940641738,384.0,11.0,True,14,image,,9.0
2928.0,1391.9062805175781,615.2965593338012,0.5356804132461548,0.4072692096233368,0.543713390827179,0.4272892773151397,2.4460601806640625,2.220367431640625,Fixation,1383.8092560129066,636.2519940641738,384.0,11.0,True,14,image,,9.0
2932.0,1383.8029479980469,601.2862014770508,0.5347172617912292,0.3976837396621704,0.5405480265617371,0.4175598621368408,2.47662353515625,2.2274932861328125,Fixation,1383.8092560129066,636.2519940641738,384.0,11.0,True,14,image,,9.0
2936.0,1376.5364074707031,578.8425493240355,0.5302919745445251,0.3792624175548553,0.5377095341682434,0.4019739925861358,2.4724578857421875,2.2419891357421875,Fixation,1383.8092560129066,636.2519940641738,384.0,11.0,True,14,image,,9.0
2940.0,1368.7117004394531,580.1903486251831,0.5327985286712646,0.3748084604740143,0.5346530079841614,0.4029099643230438,2.4923248291015625,2.2149810791015625,Fixation,1383.8092560129066,636.2519940641738,384.0,11.0,True,14,image,,9.0
2944.0,1367.7845764160156,573.8899898529052,0.5309812426567078,0.383009672164917,0.5342908501625061,0.3985347151756286,2.4825592041015625,2.228912353515625,Fixation,1383.8092560129066,636.2519940641738,384.0,11.0,True,14,image,,9.0
2948.0,1365.6840515136719,553.2704973220825,0.5286574959754944,0.3739757537841797,0.5334703326225281,0.3842156231403351,2.492645263671875,2.219390869140625,Fixation,1368.2698168073382,555.2123813969748,332.0,12.0,True,15,image,,9.0
2952.0,1370.6707763671875,534.1587066650391,0.5320363640785217,0.3673277795314789,0.5354182720184326,0.370943546295166,2.490951538085937,2.2300567626953125,Fixation,1368.2698168073382,555.2123813969748,332.0,12.0,True,15,image,,9.0
2956.0,1367.2709655761719,543.3936595916747,0.5329376459121704,0.3693292438983917,0.5340902209281921,0.3773567080497741,2.498153686523437,2.260345458984375,Fixation,1368.2698168073382,555.2123813969748,332.0,12.0,True,15,image,,9.0
2960.0,1364.619140625,543.4366607666014,0.53184974193573,0.3737557530403137,0.5330543518066406,0.3773865699768066,2.464340209960937,2.23345947265625,Fixation,1368.2698168073382,555.2123813969748,332.0,12.0,True,15,image,,9.0
2964.0,1365.7882690429688,557.5318193435669,0.5328356623649597,0.370922714471817,0.5335110425949097,0.3871748745441437,2.485214233398437,2.218994140625,Fixation,1368.2698168073382,555.2123813969748,332.0,12.0,True,15,image,,9.0
2968.0,1369.8239135742188,559.8464584350586,0.5292107462882996,0.3751168847084045,0.5350874662399292,0.388782262802124,2.470306396484375,2.221405029296875,Fixation,1368.2698168073382,555.2123813969748,332.0,12.0,True,15,image,,9.0
2972.0,1362.7384948730469,548.5595512390137,0.5319800972938538,0.367002785205841,0.5323197245597839,0.3809441328048706,2.478256225585937,2.208770751953125,Fixation,1368.2698168073382,555.2123813969748,332.0,12.0,True,15,image,,9.0
2976.0,1372.8741455078125,551.3955688476561,0.5303136110305786,0.3704539835453033,0.5362789630889893,0.382913589477539,2.482330322265625,2.207550048828125,Fixation,1368.2698168073382,555.2123813969748,332.0,12.0,True,15,image,,9.0
2980.0,1374.5579528808594,556.1113214492797,0.5301958918571472,0.367945909500122,0.5369367003440857,0.3861884176731109,2.4658660888671875,2.2054901123046875,Fixation,1368.2698168073382,555.2123813969748,332.0,12.0,True,15,image,,9.0
2984.0,1374.3150329589844,565.987343788147,0.5295584201812744,0.3705554604530334,0.5368418097496033,0.3930467665195465,2.4663238525390625,2.21405029296875,Fixation,1368.2698168073382,555.2123813969748,332.0,12.0,True,15,image,,9.0
2988.0,1381.2086486816406,553.8512277603149,0.5313060283660889,0.3729112148284912,0.5395346283912659,0.3846189081668854,2.4785919189453125,2.1933135986328125,Fixation,1368.2698168073382,555.2123813969748,332.0,12.0,True,15,image,,9.0
2992.0,1376.7286682128906,556.6163063049316,0.5301954746246338,0.3676767349243164,0.5377846360206604,0.386539101600647,2.460189819335937,2.206756591796875,Fixation,1368.2698168073382,555.2123813969748,332.0,12.0,True,15,image,,9.0
2996.0,1378.7956237792969,564.7428846359253,0.5326647162437439,0.3704573512077331,0.5385920405387878,0.3921825587749481,2.4850311279296875,2.217376708984375,Fixation,1368.2698168073382,555.2123813969748,332.0,12.0,True,15,image,,9.0
3000.0,1380.2496337890625,561.2029695510864,0.5311151742935181,0.3751336932182312,0.5391600131988525,0.3897242844104767,2.494171142578125,2.1911773681640625,Fixation,1368.2698168073382,555.2123813969748,332.0,12.0,True,15,image,,9.0
3004.0,1372.9798889160156,565.1227712631226,0.5286542177200317,0.371565580368042,0.5363202691078186,0.392446368932724,2.45989990234375,2.2312164306640625,Fixation,1368.2698168073382,555.2123813969748,332.0,12.0,True,15,image,,9.0
3008.0,1374.0568542480469,562.4651098251343,0.5340025424957275,0.3651439547538757,0.5367409586906433,0.3906007707118988,2.470123291015625,2.1944732666015625,Fixation,1368.2698168073382,555.2123813969748,332.0,12.0,True,15,image,,9.0
3012.0,1375.1107788085938,559.2807912826538,0.5289271473884583,0.3700543045997619,0.5371526479721069,0.3883894383907318,2.452865600585937,2.1925506591796875,Fixation,1368.2698168073382,555.2123813969748,332.0,12.0,True,15,image,,9.0
3016.0,1380.3695678710938,561.9396543502806,0.531574010848999,0.3651194870471954,0.539206862449646,0.3902358710765838,2.438018798828125,2.2045135498046875,Fixation,1368.2698168073382,555.2123813969748,332.0,12.0,True,15,image,,9.0
3020.0,1377.5953674316406,563.5767889022826,0.5305992960929871,0.3718891739845276,0.5381231904029846,0.3913727700710296,2.4492645263671875,2.207763671875,Fixation,1368.2698168073382,555.2123813969748,332.0,12.0,True,15,image,,9.0
3024.0,1375.3929138183594,555.0062942504883,0.5286260843276978,0.3718923330307007,0.5372628569602966,0.3854210376739502,2.4444122314453125,2.193817138671875,Fixation,1368.2698168073382,555.2123813969748,332.0,12.0,True,15,image,,9.0
3028.0,1370.9970092773438,559.7336769104003,0.5337545275688171,0.3681724965572357,0.5355457067489624,0.3887039422988891,2.430908203125,2.193634033203125,Fixation,1368.2698168073382,555.2123813969748,332.0,12.0,True,15,image,,9.0
3032.0,1372.6805114746094,558.859920501709,0.5286614298820496,0.3716514110565185,0.5362033247947693,0.3880971670150757,2.452392578125,2.20843505859375,Fixation,1368.2698168073382,555.2123813969748,332.0,12.0,True,15,image,,9.0
3036.0,1377.6995849609375,562.0490455627441,0.5315883755683899,0.3681800961494446,0.5381639003753662,0.3903118371963501,2.4476318359375,2.20361328125,Fixation,1368.2698168073382,555.2123813969748,332.0,12.0,True,15,image,,9.0
3040.0,1379.7935485839844,548.2852792739867,0.5317316651344299,0.3728277087211609,0.5389818549156189,0.3807536661624908,2.434112548828125,2.166229248046875,Fixation,1368.2698168073382,555.2123813969748,332.0,12.0,True,15,image,,9.0
3044.0,1366.4851379394531,559.0098667144775,0.5295542478561401,0.3703878223896026,0.5337832570075989,0.3882012963294983,2.43841552734375,2.18634033203125,Fixation,1368.2698168073382,555.2123813969748,332.0,12.0,True,15,image,,9.0
3048.0,1382.2294616699219,556.0614538192748,0.5284001231193542,0.3682711124420166,0.5399333834648132,0.3861537873744964,2.4462432861328125,2.1862030029296875,Fixation,1368.2698168073382,555.2123813969748,332.0,12.0,True,15,image,,9.0
3052.0,1381.7112731933594,559.8298072814941,0.5261279344558716,0.368352472782135,0.539730966091156,0.3887706995010376,2.4298248291015625,2.1775665283203125,Fixation,1368.2698168073382,555.2123813969748,332.0,12.0,True,15,image,,9.0
3056.0,1371.6897583007812,547.0899152755737,0.5316324830055237,0.3679252564907074,0.5358163118362427,0.379923552274704,2.44647216796875,2.1784210205078125,Fixation,1368.2698168073382,555.2123813969748,332.0,12.0,True,15,image,,9.0
3060.0,1371.0415649414062,549.6638917922972,0.5323785543441772,0.3730109632015228,0.5355631113052368,0.3817110359668731,2.449371337890625,2.177703857421875,Fixation,1368.2698168073382,555.2123813969748,332.0,12.0,True,15,image,,9.0
3064.0,1377.3162841796875,553.3308362960815,0.5309655070304871,0.3681991994380951,0.5380141735076904,0.3842575252056122,2.427978515625,2.162200927734375,Fixation,1368.2698168073382,555.2123813969748,332.0,12.0,True,15,image,,9.0
3068.0,1374.2611694335938,559.581971168518,0.5294379591941833,0.3640106618404388,0.5368207693099976,0.3885985910892486,2.416748046875,2.183685302734375,Fixation,1368.2698168073382,555.2123813969748,332.0,12.0,True,15,image,,9.0
3072.0,1380.5738830566406,559.4745969772338,0.5307929515838623,0.3706904351711273,0.5392866730690002,0.3885240256786346,2.422103881835937,2.173828125,Fixation,1368.2698168073382,555.2123813969748,332.0,12.0,True,15,image,,9.0
3076.0,1376.7485046386719,548.903260231018,0.5279034376144409,0.3707011044025421,0.5377923846244812,0.3811828196048736,2.45050048828125,2.1785430908203125,Fixation,1368.2698168073382,555.2123813969748,332.0,12.0,True,15,image,,9.0
3080.0,1368.7535095214844,556.8956422805786,0.5310260653495789,0.3689554035663605,0.5346693396568298,0.3867330849170685,2.4296875,2.1820220947265625,Fixation,1368.2698168073382,555.2123813969748,332.0,12.0,True,15,image,,9.0
3084.0,1375.2897644042969,562.048659324646,0.529026448726654,0.3668187856674194,0.5372225642204285,0.3903115689754486,2.4113922119140625,2.184722900390625,Fixation,1368.2698168073382,555.2123813969748,332.0,12.0,True,15,image,,9.0
3088.0,1371.845703125,555.8650302886963,0.5357115864753723,0.3649185299873352,0.5358772277832031,0.386017382144928,2.4241943359375,2.1722412109375,Fixation,1368.2698168073382,555.2123813969748,332.0,12.0,True,15,image,,9.0
3092.0,1379.2323303222656,560.4241418838501,0.5299018025398254,0.3701018989086151,0.538762629032135,0.3891834318637848,2.4236297607421875,2.161834716796875,Fixation,1368.2698168073382,555.2123813969748,332.0,12.0,True,15,image,,9.0
3096.0,1375.3337097167969,547.466197013855,0.5336447954177856,0.3642168641090393,0.5372397303581238,0.3801848590373993,2.417205810546875,2.166748046875,Fixation,1368.2698168073382,555.2123813969748,332.0,12.0,True,15,image,,9.0
3100.0,1375.2606201171875,549.7249174118041,0.531878650188446,0.3673030436038971,0.5372111797332764,0.3817534148693084,2.412582397460937,2.1610870361328125,Fixation,1368.2698168073382,555.2123813969748,332.0,12.0,True,15,image,,9.0
3104.0,1369.5246887207031,551.2864351272582,0.5317313075065613,0.3670331239700317,0.5349705815315247,0.3828378021717071,2.3958740234375,2.1498260498046875,Fixation,1368.2698168073382,555.2123813969748,332.0,12.0,True,15,image,,9.0
3108.0,1382.0448303222656,557.4418258666992,0.5324980020523071,0.37042436003685,0.539861261844635,0.3871123790740967,2.4093780517578125,2.1630401611328125,Fixation,1368.2698168073382,555.2123813969748,332.0,12.0,True,15,image,,9.0
3112.0,1373.1446838378906,554.4283962249756,0.5330949425697327,0.3660531044006347,0.536384642124176,0.3850197196006775,2.416046142578125,2.1708526611328125,Fixation,1368.2698168073382,555.2123813969748,332.0,12.0,True,15,image,,9.0
3116.0,1371.0124206542969,555.6038045883179,0.5327174067497253,0.3711461424827575,0.5355517268180847,0.3858359754085541,2.4178009033203125,2.165496826171875,Fixation,1368.2698168073382,555.2123813969748,332.0,12.0,True,15,image,,9.0
3120.0,1365.960693359375,558.527283668518,0.5317071080207825,0.3629798591136932,0.5335783958435059,0.3878661692142486,2.394882202148437,2.1507568359375,Fixation,1368.2698168073382,555.2123813969748,332.0,12.0,True,15,image,,9.0
3124.0,1365.2839660644531,541.8781471252441,0.5282922983169556,0.3648553192615509,0.533314049243927,0.3763042688369751,2.38916015625,2.1325225830078125,Fixation,1368.2698168073382,555.2123813969748,332.0,12.0,True,15,image,,9.0
3128.0,1376.4024353027344,555.8776903152465,0.5284209251403809,0.3685965538024902,0.5376572012901306,0.3860261738300323,2.401107788085937,2.1468658447265625,Fixation,1368.2698168073382,555.2123813969748,332.0,12.0,True,15,image,,9.0
3132.0,1367.6286315917969,561.3772058486938,0.5293688178062439,0.3700094819068908,0.5342299342155457,0.3898452818393707,2.3988494873046875,2.1812896728515625,Fixation,1368.2698168073382,555.2123813969748,332.0,12.0,True,15,image,,9.0
3136.0,1371.9767761230469,558.5934162139893,0.5329874157905579,0.3687629699707031,0.5359284281730652,0.3879120945930481,2.4044647216796875,2.1586151123046875,Fixation,1368.2698168073382,555.2123813969748,332.0,12.0,True,15,image,,9.0
3140.0,1371.0136413574219,553.661971092224,0.5309616327285767,0.3655132353305816,0.5355522036552429,0.3844874799251556,2.39886474609375,2.154083251953125,Fixation,1368.2698168073382,555.2123813969748,332.0,12.0,True,15,image,,9.0
3144.0,1367.0333862304688,558.0929803848267,0.5292891263961792,0.3701644837856293,0.5339974164962769,0.3875645697116852,2.390869140625,2.1388397216796875,Fixation,1368.2698168073382,555.2123813969748,332.0,12.0,True,15,image,,9.0
3148.0,1367.4925231933594,553.1424379348755,0.5322557091712952,0.3701569437980652,0.534176766872406,0.3841266930103302,2.3791961669921875,2.1650390625,Fixation,1368.2698168073382,555.2123813969748,332.0,12.0,True,15,image,,9.0
3152.0,1358.88671875,553.153510093689,0.5322266221046448,0.3733018934726715,0.5308151245117188,0.3841343820095062,2.421859741210937,2.14581298828125,Fixation,1368.2698168073382,555.2123813969748,332.0,12.0,True,15,image,,9.0
3156.0,1364.5841979980469,555.8745574951171,0.5336463451385498,0.3658868968486786,0.5330407023429871,0.386023998260498,2.378280639648437,2.1248931884765625,Fixation,1368.2698168073382,555.2123813969748,332.0,12.0,True,15,image,,9.0
3160.0,1360.6773376464844,556.678533554077,0.5303494334220886,0.3676483631134033,0.531514585018158,0.3865823149681091,2.380126953125,2.140960693359375,Fixation,1368.2698168073382,555.2123813969748,332.0,12.0,True,15,image,,9.0
3164.0,1359.8866271972656,556.3872241973876,0.5300443172454834,0.3677262365818023,0.5312057137489319,0.3863800168037414,2.388900756835937,2.122909545898437,Fixation,1368.2698168073382,555.2123813969748,332.0,12.0,True,15,image,,9.0
3168.0,1360.872802734375,552.7147436141967,0.5324425101280212,0.3691292107105255,0.5315909385681152,0.3838296830654144,2.382431030273437,2.133392333984375,Fixation,1368.2698168073382,555.2123813969748,332.0,12.0,True,15,image,,9.0
3172.0,1361.1158752441406,552.2471380233765,0.5293199419975281,0.3726541996002197,0.5316858887672424,0.3835049569606781,2.382431030273437,2.1361236572265625,Fixation,1368.2698168073382,555.2123813969748,332.0,12.0,True,15,image,,9.0
3176.0,1363.375244140625,547.5605249404906,0.5295100212097168,0.3716637790203094,0.5325684547424316,0.3802503645420074,2.3778839111328125,2.13623046875,Fixation,1368.2698168073382,555.2123813969748,332.0,12.0,True,15,image,,9.0
3180.0,1365.0686645507812,555.8166217803954,0.5313743352890015,0.3655565679073334,0.5332299470901489,0.3859837651252746,2.3863983154296875,2.132049560546875,Fixation,1368.2698168073382,555.2123813969748,332.0,12.0,True,15,image,,9.0
3184.0,1350.0990295410156,562.064538002014,0.5311997532844543,0.3673239648342132,0.5273824334144592,0.390322595834732,2.3637237548828125,2.150985717773437,Fixation,1368.2698168073382,555.2123813969748,332.0,12.0,True,15,image,,9.0
3188.0,1356.1970520019531,558.9597415924071,0.5305675268173218,0.3672291934490204,0.5297644734382629,0.3881664872169494,2.360580444335937,2.138534545898437,Fixation,1368.2698168073382,555.2123813969748,332.0,12.0,True,15,image,,9.0
3192.0,1354.5375061035156,554.18137550354,0.5311315655708313,0.3698275983333587,0.5291162133216858,0.3848481774330139,2.3825225830078125,2.1381988525390625,Fixation,1368.2698168073382,555.2123813969748,332.0,12.0,True,15,image,,9.0
3196.0,1349.8007202148438,560.7947158813475,0.5300614833831787,0.363371342420578,0.5272659063339233,0.3894407749176025,2.3662109375,2.1379547119140625,Fixation,1368.2698168073382,555.2123813969748,332.0,12.0,True,15,image,,9.0
3200.0,1357.3883056640625,560.074725151062,0.5343202948570251,0.3674755096435547,0.5302298069000244,0.3889407813549042,2.3669586181640625,2.1279754638671875,Fixation,1368.2698168073382,555.2123813969748,332.0,12.0,True,15,image,,9.0
3204.0,1360.1504516601562,548.1237459182738,0.529660701751709,0.3660846650600433,0.5313087701797485,0.3806414902210235,2.355438232421875,2.126708984375,Fixation,1368.2698168073382,555.2123813969748,332.0,12.0,True,15,image,,9.0
3208.0,1349.4215393066406,559.5119333267211,0.5316729545593262,0.3614696562290191,0.5271177887916565,0.3885499536991119,2.354217529296875,2.1455078125,Fixation,1368.2698168073382,555.2123813969748,332.0,12.0,True,15,image,,9.0
3212.0,1350.1969909667969,550.6536483764648,0.5308299660682678,0.3676008880138397,0.527420699596405,0.3823983669281006,2.349227905273437,2.1217803955078125,Fixation,1368.2698168073382,555.2123813969748,332.0,12.0,True,15,image,,9.0
3216.0,1355.4573059082031,555.215163230896,0.533196747303009,0.3651559948921203,0.5294755101203918,0.3855660855770111,2.37152099609375,2.13055419921875,Fixation,1368.2698168073382,555.2123813969748,332.0,12.0,True,15,image,,9.0
3220.0,1349.7434997558594,556.5808153152465,0.5351172685623169,0.3653071224689483,0.5272435545921326,0.3865144550800323,2.3487091064453125,2.1343994140625,Fixation,1368.2698168073382,555.2123813969748,332.0,12.0,True,15,image,,9.0
3224.0,1351.2619018554688,540.265474319458,0.5334581136703491,0.3660838305950165,0.5278366804122925,0.3751843571662903,2.372100830078125,2.1235809326171875,Fixation,1368.2698168073382,555.2123813969748,332.0,12.0,True,15,image,,9.0
3228.0,1355.6649780273438,561.6262865066528,0.5311000943183899,0.3618550300598144,0.5295566320419312,0.3900182545185089,2.348724365234375,2.129257202148437,Fixation,1368.2698168073382,555.2123813969748,332.0,12.0,True,15,image,,9.0
3232.0,1345.106201171875,550.0638198852539,0.532067060470581,0.3683232963085174,0.5254321098327637,0.3819887638092041,2.3340301513671875,2.1248321533203125,Fixation,1368.2698168073382,555.2123813969748,332.0,12.0,True,15,image,,9.0
3236.0,1364.0406799316406,555.3281593322754,0.5334675908088684,0.3645959198474884,0.5328283905982971,0.3856445550918579,2.361328125,2.125762939453125,Fixation,1368.2698168073382,555.2123813969748,332.0,12.0,True,15,image,,9.0
3240.0,1349.4436645507812,562.3432302474974,0.5326025485992432,0.362761378288269,0.5271264314651489,0.3905161321163177,2.3652801513671875,2.1273651123046875,Fixation,1368.2698168073382,555.2123813969748,332.0,12.0,True,15,image,,9.0
3244.0,1356.2416076660156,558.1464958190917,0.5350327491760254,0.3639890849590301,0.5297818779945374,0.3876017332077026,2.343658447265625,2.109405517578125,Fixation,1368.2698168073382,555.2123813969748,332.0,12.0,True,15,image,,9.0
3248.0,1367.2581481933594,548.9699935913086,0.5295088887214661,0.3732188045978546,0.534085214138031,0.3812291622161865,2.3529510498046875,2.1212158203125,Fixation,1368.2698168073382,555.2123813969748,332.0,12.0,True,15,image,,9.0
3252.0,1353.7312316894531,565.2133226394652,0.5364596247673035,0.3670958280563354,0.5288012623786926,0.392509251832962,2.3604888916015625,2.10711669921875,Fixation,1368.2698168073382,555.2123813969748,332.0,12.0,True,15,image,,9.0
3256.0,1355.9211730957031,549.7111415863037,0.5307332277297974,0.3723698556423187,0.529656708240509,0.381743848323822,2.356109619140625,2.1267852783203125,Fixation,1368.2698168073382,555.2123813969748,332.0,12.0,True,15,image,,9.0
3260.0,1357.8216552734375,554.8680639266967,0.535409688949585,0.368738442659378,0.5303990840911865,0.3853250443935394,2.3382568359375,2.111175537109375,Fixation,1368.2698168073382,555.2123813969748,332.0,12.0,True,15,image,,9.0
3264.0,1360.3041076660156,549.7608375549316,0.5338689684867859,0.3645671606063843,0.5313687920570374,0.381778359413147,2.3392333984375,2.1263580322265625,Fixation,1368.2698168073382,555.2123813969748,332.0,12.0,True,15,image,,9.0
3268.0,1354.0768432617188,556.4995336532592,0.5341461300849915,0.3757082223892212,0.5289362668991089,0.38645800948143,2.3385467529296875,2.1187744140625,Fixation,1368.2698168073382,555.2123813969748,332.0,12.0,True,15,image,,9.0
3272.0,1362.6399230957031,553.3922052383423,0.533980667591095,0.3694946765899658,0.532281219959259,0.3843001425266266,2.3245086669921875,2.104095458984375,Fixation,1368.2698168073382,555.2123813969748,332.0,12.0,True,15,image,,9.0
3276.0,1401.1192321777344,550.6277704238892,0.5387322306632996,0.3677038550376892,0.5473122000694275,0.3823803961277008,2.34234619140625,2.1227569580078125,Fixation,1368.2698168073382,555.2123813969748,332.0,12.0,True,15,image,,9.0
3280.0,1434.2807006835938,552.7243566513062,0.5519406795501709,0.3632756769657135,0.5602658987045288,0.3838363587856293,2.31903076171875,2.1206512451171875,Fixation,1368.2698168073382,555.2123813969748,332.0,12.0,True,15,image,,9.0
3284.0,1467.9840087890625,542.7385139465332,0.5664108395576477,0.365018755197525,0.5734312534332275,0.3769017457962036,2.3460693359375,2.119537353515625,Fixation,1546.7496160558753,529.7410237466967,292.0,13.0,True,16,image,,9.0
3288.0,1509.7573852539062,537.6584529876708,0.58043372631073,0.3575141429901123,0.5897489786148071,0.3733739256858825,2.3507843017578125,2.120819091796875,Fixation,1546.7496160558753,529.7410237466967,292.0,13.0,True,16,image,,9.0
3292.0,1546.7999267578125,525.1900434494019,0.5896855592727661,0.3518179953098297,0.6042187213897705,0.3647153079509735,2.3268280029296875,2.085968017578125,Fixation,1546.7496160558753,529.7410237466967,292.0,13.0,True,16,image,,9.0
3296.0,1552.9692077636719,533.6177587509155,0.6050976514816284,0.3553750514984131,0.6066285967826843,0.3705678880214691,2.3418426513671875,2.0771484375,Fixation,1546.7496160558753,529.7410237466967,292.0,13.0,True,16,image,,9.0
3300.0,1551.6970825195312,536.3108682632445,0.6050000786781311,0.3509325683116913,0.6061316728591919,0.3724381029605865,2.339935302734375,2.0978240966796875,Fixation,1546.7496160558753,529.7410237466967,292.0,13.0,True,16,image,,9.0
3304.0,1548.0654907226562,530.420479774475,0.6077347993850708,0.3499014675617218,0.6047130823135376,0.368347555398941,2.3475341796875,2.099822998046875,Fixation,1546.7496160558753,529.7410237466967,292.0,13.0,True,16,image,,9.0
3308.0,1536.4619445800781,531.8011522293091,0.6055911779403687,0.3494567573070526,0.600180447101593,0.369306355714798,2.30743408203125,2.102203369140625,Fixation,1546.7496160558753,529.7410237466967,292.0,13.0,True,16,image,,9.0
3312.0,1548.0390930175781,518.3001995086669,0.6046772003173828,0.3547202944755554,0.6047027707099915,0.3599306941032409,2.339218139648437,2.095809936523437,Fixation,1546.7496160558753,529.7410237466967,292.0,13.0,True,16,image,,9.0
3316.0,1541.9447326660156,529.5603704452514,0.6026796102523804,0.3550840020179748,0.6023221611976624,0.3677502572536468,2.335174560546875,2.11737060546875,Fixation,1546.7496160558753,529.7410237466967,292.0,13.0,True,16,image,,9.0
3320.0,1545.7833862304688,530.5754470825195,0.6030140519142151,0.3531573414802551,0.6038216352462769,0.368455171585083,2.3352203369140625,2.0748748779296875,Fixation,1546.7496160558753,529.7410237466967,292.0,13.0,True,16,image,,9.0
3324.0,1542.7099609375,523.5295629501343,0.6069009900093079,0.3507486581802368,0.6026210784912109,0.3635621964931488,2.327117919921875,2.10296630859375,Fixation,1546.7496160558753,529.7410237466967,292.0,13.0,True,16,image,,9.0
3328.0,1540.4737854003906,529.7023773193358,0.6069100499153137,0.3485124409198761,0.6017475724220276,0.3678488731384277,2.32708740234375,2.108871459960937,Fixation,1546.7496160558753,529.7410237466967,292.0,13.0,True,16,image,,9.0
3332.0,1537.1002197265625,526.166582107544,0.6066007614135742,0.3572880625724792,0.6004297733306885,0.3653934597969055,2.320907592773437,2.10467529296875,Fixation,1546.7496160558753,529.7410237466967,292.0,13.0,True,16,image,,9.0
3336.0,1535.147705078125,536.1186933517455,0.6093629002571106,0.3530968427658081,0.5996670722961426,0.3723046481609344,2.3386383056640625,2.0952606201171875,Fixation,1546.7496160558753,529.7410237466967,292.0,13.0,True,16,image,,9.0
3340.0,1531.8217468261719,537.2129487991333,0.607620894908905,0.3541729748249054,0.5983678698539734,0.3730645477771759,2.35809326171875,2.084808349609375,Fixation,1546.7496160558753,529.7410237466967,292.0,13.0,True,16,image,,9.0
3344.0,1548.0415344238281,536.068181991577,0.604602575302124,0.3547605574131012,0.6047037243843079,0.3722695708274841,2.322601318359375,2.076400756835937,Fixation,1546.7496160558753,529.7410237466967,292.0,13.0,True,16,image,,9.0
3348.0,1538.3735656738281,532.2962665557861,0.6042651534080505,0.3501713573932647,0.6009271740913391,0.3696501851081848,2.3108673095703125,2.107879638671875,Fixation,1546.7496160558753,529.7410237466967,292.0,13.0,True,16,image,,9.0
3352.0,1546.0075378417969,539.803533554077,0.6066034436225891,0.351018875837326,0.6039091944694519,0.3748635649681091,2.3440704345703125,2.085968017578125,Fixation,1546.7496160558753,529.7410237466967,292.0,13.0,True,16,image,,9.0
3356.0,1535.7730102539062,528.3162975311278,0.6028684377670288,0.3520311117172241,0.5999113321304321,0.3668863177299499,2.317138671875,2.0960235595703125,Fixation,1546.7496160558753,529.7410237466967,292.0,13.0,True,16,image,,9.0
3360.0,1544.7142028808594,534.6763944625854,0.6041676998138428,0.3522603809833526,0.6034039855003357,0.3713030517101288,2.3284149169921875,2.10858154296875,Fixation,1546.7496160558753,529.7410237466967,292.0,13.0,True,16,image,,9.0
3364.0,1553.3442687988281,533.8763236999512,0.605861485004425,0.3512695729732513,0.6067751049995422,0.370747447013855,2.3198394775390625,2.095062255859375,Fixation,1546.7496160558753,529.7410237466967,292.0,13.0,True,16,image,,9.0
3368.0,1552.2674560546875,522.0875644683837,0.6082921624183655,0.3531406819820404,0.6063544750213623,0.3625608086585998,2.3302154541015625,2.10308837890625,Fixation,1546.7496160558753,529.7410237466967,292.0,13.0,True,16,image,,9.0
3372.0,1550.1243591308594,531.7667341232299,0.6102041602134705,0.3490106463432312,0.6055173277854919,0.369282454252243,2.339599609375,2.082061767578125,Fixation,1546.7496160558753,529.7410237466967,292.0,13.0,True,16,image,,9.0
3376.0,1559.6768188476562,528.9919137954711,0.6110039949417114,0.3475305438041687,0.6092487573623657,0.3673554956912994,2.3499298095703125,2.103500366210937,Fixation,1546.7496160558753,529.7410237466967,292.0,13.0,True,16,image,,9.0
3380.0,1557.8712463378906,532.1585512161255,0.6040315628051758,0.3569816350936889,0.6085434556007385,0.3695545494556427,2.326416015625,2.0972442626953125,Fixation,1546.7496160558753,529.7410237466967,292.0,13.0,True,16,image,,9.0
3384.0,1556.5377807617188,528.4507513046265,0.6051815748214722,0.347727358341217,0.6080225706100464,0.3669796884059906,2.3188934326171875,2.0963134765625,Fixation,1546.7496160558753,529.7410237466967,292.0,13.0,True,16,image,,9.0
3388.0,1557.1585083007812,528.0580759048462,0.6056265830993652,0.3516265749931335,0.6082650423049927,0.3667069971561432,2.31915283203125,2.1041412353515625,Fixation,1546.7496160558753,529.7410237466967,292.0,13.0,True,16,image,,9.0
3392.0,1554.9688720703125,524.1980552673339,0.6075501441955566,0.3506907224655151,0.6074097156524658,0.3640264272689819,2.31695556640625,2.111724853515625,Fixation,1546.7496160558753,529.7410237466967,292.0,13.0,True,16,image,,9.0
3396.0,1555.7051086425781,518.3086967468261,0.6074557304382324,0.3492586314678192,0.6076973080635071,0.3599365949630737,2.3199005126953125,2.0945281982421875,Fixation,1546.7496160558753,529.7410237466967,292.0,13.0,True,16,image,,9.0
3400.0,1558.8764953613281,530.1855611801147,0.6077616214752197,0.3489225506782532,0.6089361310005188,0.3681844174861908,2.31243896484375,2.0867919921875,Fixation,1546.7496160558753,529.7410237466967,292.0,13.0,True,16,image,,9.0
3404.0,1562.6704406738281,522.9181909561157,0.6078325510025024,0.3482473492622375,0.6104181408882141,0.3631376326084137,2.338958740234375,2.0875701904296875,Fixation,1546.7496160558753,529.7410237466967,292.0,13.0,True,16,image,,9.0
3408.0,1561.1592102050781,528.0891036987305,0.6016824245452881,0.3441559672355652,0.6098278164863586,0.3667285442352295,2.33697509765625,2.097396850585937,Fixation,1546.7496160558753,529.7410237466967,292.0,13.0,True,16,image,,9.0
3412.0,1548.65478515625,526.2826251983641,0.6053318381309509,0.3508764207363128,0.6049432754516602,0.3654740452766418,2.314239501953125,2.087127685546875,Fixation,1546.7496160558753,529.7410237466967,292.0,13.0,True,16,image,,9.0
3416.0,1559.0774536132812,523.8283824920654,0.6041949987411499,0.3530133962631225,0.609014630317688,0.3637697100639343,2.308380126953125,2.088729858398437,Fixation,1546.7496160558753,529.7410237466967,292.0,13.0,True,16,image,,9.0
3420.0,1562.4369812011719,522.3732089996337,0.6051034927368164,0.3492090702056885,0.6103269457817078,0.3627591729164123,2.33062744140625,2.10540771484375,Fixation,1546.7496160558753,529.7410237466967,292.0,13.0,True,16,image,,9.0
3424.0,1559.7532653808594,533.3899641036986,0.6036040782928467,0.3517847061157226,0.6092786192893982,0.3704096972942352,2.318466186523437,2.091049194335937,Fixation,1546.7496160558753,529.7410237466967,292.0,13.0,True,16,image,,9.0
3428.0,1556.3774108886719,525.9340667724609,0.6039981245994568,0.3505808115005493,0.6079599261283875,0.365231990814209,2.3125152587890625,2.081161499023437,Fixation,1546.7496160558753,529.7410237466967,292.0,13.0,True,16,image,,9.0
3432.0,1554.8503112792969,523.3972120285033,0.6054542064666748,0.3545667231082916,0.6073634028434753,0.3634702861309051,2.328521728515625,2.0938873291015625,Fixation,1546.7496160558753,529.7410237466967,292.0,13.0,True,16,image,,9.0
3436.0,1551.8588256835938,519.4212341308593,0.6050338745117188,0.3498760461807251,0.6061948537826538,0.3607091903686523,2.313934326171875,2.0850067138671875,Fixation,1546.7496160558753,529.7410237466967,292.0,13.0,True,16,image,,9.0
3440.0,1543.63525390625,530.9149074554443,0.6032441258430481,0.3518499135971069,0.6029825210571289,0.3686909079551697,2.329681396484375,2.092437744140625,Fixation,1546.7496160558753,529.7410237466967,292.0,13.0,True,16,image,,9.0
3444.0,1542.3974609375,526.1122512817383,0.6008929014205933,0.3439456820487976,0.6024990081787109,0.3653557300567627,2.3179931640625,2.0852508544921875,Fixation,1546.7496160558753,529.7410237466967,292.0,13.0,True,16,image,,9.0
3448.0,1535.4751586914062,519.9046325683593,0.6026090979576111,0.3461997509002685,0.5997949838638306,0.3610448837280273,2.2996826171875,2.069183349609375,Fixation,1546.7496160558753,529.7410237466967,292.0,13.0,True,16,image,,9.0
3452.0,1539.3051147460938,525.5489015579224,0.6074285507202148,0.3543148636817932,0.6012910604476929,0.3649645149707794,2.334823608398437,2.092498779296875,Fixation,1546.7496160558753,529.7410237466967,292.0,13.0,True,16,image,,9.0
3456.0,1543.01025390625,531.2045001983641,0.6049612760543823,0.3461238741874695,0.6027383804321289,0.3688920140266418,2.319091796875,2.0928192138671875,Fixation,1546.7496160558753,529.7410237466967,292.0,13.0,True,16,image,,9.0
3460.0,1544.8947143554688,519.7673034667969,0.6074304580688477,0.350521057844162,0.603474497795105,0.3609495162963867,2.32244873046875,2.10400390625,Fixation,1546.7496160558753,529.7410237466967,292.0,13.0,True,16,image,,9.0
3464.0,1536.9596862792969,527.0420551300049,0.6106201410293579,0.3486529588699341,0.6003748774528503,0.3660014271736145,2.306640625,2.0996551513671875,Fixation,1546.7496160558753,529.7410237466967,292.0,13.0,True,16,image,,9.0
3468.0,1550.3651428222656,524.3379163742064,0.6081392765045166,0.3489733040332794,0.6056113839149475,0.3641235530376434,2.3109893798828125,2.083236694335937,Fixation,1546.7496160558753,529.7410237466967,292.0,13.0,True,16,image,,9.0
3472.0,1539.4024658203125,532.394757270813,0.606248676776886,0.3366996049880981,0.6013290882110596,0.3697185814380646,2.30487060546875,2.118499755859375,Fixation,1546.7496160558753,529.7410237466967,292.0,13.0,True,16,image,,9.0
3476.0,1545.4829406738281,523.8555908203125,0.6025545597076416,0.3431422710418701,0.6037042737007141,0.3637886047363281,2.2958526611328125,2.087020874023437,Fixation,1546.7496160558753,529.7410237466967,292.0,13.0,True,16,image,,9.0
3480.0,1548.4304809570312,524.1032552719116,0.6065293550491333,0.3536156415939331,0.6048556566238403,0.3639605939388275,2.316024780273437,2.074676513671875,Fixation,1546.7496160558753,529.7410237466967,292.0,13.0,True,16,image,,9.0
3484.0,1554.1456604003906,527.2512674331665,0.6008461713790894,0.3485007882118225,0.6070881485939026,0.3661467134952545,2.2901611328125,2.0762176513671875,Fixation,1546.7496160558753,529.7410237466967,292.0,13.0,True,16,image,,9.0
3488.0,1564.5320129394531,535.45672416687,0.6010333299636841,0.3479146361351013,0.6111453175544739,0.3718449473381042,2.31109619140625,2.09710693359375,Fixation,1546.7496160558753,529.7410237466967,292.0,13.0,True,16,image,,9.0
3492.0,1560.3965759277344,529.045000076294,0.6051831245422363,0.354850560426712,0.6095299124717712,0.367392361164093,2.322998046875,2.0936737060546875,Fixation,1546.7496160558753,529.7410237466967,292.0,13.0,True,16,image,,9.0
3496.0,1558.7391662597656,525.2739429473876,0.6070337295532227,0.3525359034538269,0.608882486820221,0.3647735714912414,2.320297241210937,2.089691162109375,Fixation,1546.7496160558753,529.7410237466967,292.0,13.0,True,16,image,,9.0
3500.0,1563.6494445800781,527.7123928070068,0.6024506092071533,0.3518792986869812,0.610800564289093,0.3664669394493103,2.31317138671875,2.0907440185546875,Fixation,1546.7496160558753,529.7410237466967,292.0,13.0,True,16,image,,9.0
3504.0,1567.0339965820312,523.3737373352051,0.6021198034286499,0.3547020852565765,0.612122654914856,0.3634539842605591,2.3203582763671875,2.08563232421875,Fixation,1546.7496160558753,529.7410237466967,292.0,13.0,True,16,image,,9.0
3508.0,1555.4962158203125,528.0919790267943,0.605717122554779,0.3517382442951202,0.6076157093048096,0.3667305409908294,2.3263092041015625,2.08892822265625,Fixation,1546.7496160558753,529.7410237466967,292.0,13.0,True,16,image,,9.0
3512.0,1555.7864379882812,536.0161685943602,0.6051655411720276,0.3521869778633117,0.6077290773391724,0.3722334504127502,2.307220458984375,2.09967041015625,Fixation,1546.7496160558753,529.7410237466967,292.0,13.0,True,16,image,,9.0
3516.0,1554.2155456542969,524.1815328598021,0.6038830280303955,0.3560840785503387,0.6071154475212097,0.3640149533748626,2.2920684814453125,2.07476806640625,Fixation,1546.7496160558753,529.7410237466967,292.0,13.0,True,16,image,,9.0
3520.0,1545.0422668457031,528.104510307312,0.6040365695953369,0.3543639779090881,0.6035321354866028,0.3667392432689667,2.28271484375,2.094879150390625,Fixation,1546.7496160558753,529.7410237466967,292.0,13.0,True,16,image,,9.0
3524.0,1540.0968933105469,526.0108852386473,0.6056126952171326,0.3522495329380035,0.6016003489494324,0.3652853369712829,2.2943115234375,2.10302734375,Fixation,1546.7496160558753,529.7410237466967,292.0,13.0,True,16,image,,9.0
3528.0,1547.3443603515625,534.0842056274414,0.6027211546897888,0.3518942892551422,0.6044313907623291,0.370891809463501,2.30548095703125,2.086410522460937,Fixation,1546.7496160558753,529.7410237466967,292.0,13.0,True,16,image,,9.0
3532.0,1544.9028015136719,535.5511379241943,0.6054739952087402,0.3531080484390259,0.6034776568412781,0.3719105124473572,2.314483642578125,2.0937957763671875,Fixation,1546.7496160558753,529.7410237466967,292.0,13.0,True,16,image,,9.0
3536.0,1539.8875427246094,535.497407913208,0.6053621172904968,0.3507149219512939,0.6015185713768005,0.3718731999397278,2.314605712890625,2.0811767578125,Fixation,1546.7496160558753,529.7410237466967,292.0,13.0,True,16,image,,9.0
3540.0,1538.90380859375,538.7183761596679,0.6094033122062683,0.3535647392272949,0.6011343002319336,0.3741099834442138,2.305816650390625,2.08868408203125,Fixation,1546.7496160558753,529.7410237466967,292.0,13.0,True,16,image,,9.0
3544.0,1535.0807189941406,531.5298843383788,0.6097241640090942,0.3503254652023315,0.5996409058570862,0.3691179752349853,2.3063507080078125,2.088104248046875,Fixation,1546.7496160558753,529.7410237466967,292.0,13.0,True,16,image,,9.0
3548.0,1536.5928649902344,536.2516021728514,0.6074085235595703,0.3531120717525482,0.6002315878868103,0.3723969459533691,2.300384521484375,2.090057373046875,Fixation,1546.7496160558753,529.7410237466967,292.0,13.0,True,16,image,,9.0
3552.0,1533.83056640625,537.7056169509887,0.6062094569206238,0.3461317718029022,0.5991525650024414,0.3734066784381866,2.286865234375,2.0957794189453125,Fixation,1546.7496160558753,529.7410237466967,292.0,13.0,True,16,image,,9.0
3556.0,1541.3642883300781,539.1930198669434,0.6038232445716858,0.3498373031616211,0.6020954251289368,0.3744395971298218,2.289169311523437,2.0690460205078125,Fixation,1546.7496160558753,529.7410237466967,292.0,13.0,True,16,image,,9.0
3560.0,1539.4512939453125,536.0956478118895,0.6070148348808289,0.3458774089813232,0.6013481616973877,0.3722886443138122,2.28912353515625,2.0927276611328125,Fixation,1546.7496160558753,529.7410237466967,292.0,13.0,True,16,image,,9.0
3564.0,1547.01904296875,530.8372735977172,0.6078132390975952,0.3513644635677337,0.604304313659668,0.3686369955539703,2.298828125,2.1083221435546875,Fixation,1546.7496160558753,529.7410237466967,292.0,13.0,True,16,image,,9.0
3568.0,1546.1634826660156,536.6397285461425,0.6060696244239807,0.3459088802337646,0.6039701104164124,0.3726664781570434,2.3233184814453125,2.0765838623046875,Fixation,1546.7496160558753,529.7410237466967,292.0,13.0,True,16,image,,9.0
3572.0,1547.9861450195312,536.4030504226685,0.6118748188018799,0.3554191887378692,0.6046820878982544,0.3725021183490753,2.316390991210937,2.0868377685546875,Fixation,1546.7496160558753,529.7410237466967,292.0,13.0,True,16,image,,9.0
3576.0,1549.4166564941406,532.8442525863647,0.6076659560203552,0.3481378257274627,0.6052408814430237,0.3700307309627533,2.292388916015625,2.0936431884765625,Fixation,1546.7496160558753,529.7410237466967,292.0,13.0,True,16,image,,9.0
3580.0,1544.8417663574219,544.3873643875121,0.6081247925758362,0.3452720046043396,0.6034538149833679,0.3780467808246612,2.30987548828125,2.086883544921875,Fixation,1525.661140359858,541.2053595819781,368.0,14.0,True,17,image,,9.0
3584.0,1544.0386962890625,534.8455667495728,0.6052714586257935,0.3541969954967499,0.603140115737915,0.3714205324649811,2.29913330078125,2.0819854736328125,Fixation,1525.661140359858,541.2053595819781,368.0,14.0,True,17,image,,9.0
3588.0,1556.4476013183594,543.0829524993895,0.6032649278640747,0.3508139550685882,0.6079873442649841,0.3771409392356872,2.2943267822265625,2.09686279296875,Fixation,1525.661140359858,541.2053595819781,368.0,14.0,True,17,image,,9.0
3592.0,1548.8700866699219,537.2563791275023,0.6100617051124573,0.3532950282096863,0.6050273776054382,0.3730947077274322,2.3175201416015625,2.0867462158203125,Fixation,1525.661140359858,541.2053595819781,368.0,14.0,True,17,image,,9.0
3596.0,1555.6672668457031,532.0464134216307,0.6087363362312317,0.349677175283432,0.6076825261116028,0.3694766759872436,2.310333251953125,2.0794677734375,Fixation,1525.661140359858,541.2053595819781,368.0,14.0,True,17,image,,9.0
3600.0,1552.9830932617188,529.5620441436766,0.6093129515647888,0.3508999049663543,0.6066340208053589,0.3677514195442199,2.310394287109375,2.0712432861328125,Fixation,1525.661140359858,541.2053595819781,368.0,14.0,True,17,image,,9.0
3604.0,1561.2629699707031,535.0531482696532,0.6031739711761475,0.3502446115016937,0.6098683476448059,0.3715646862983703,2.30340576171875,2.080902099609375,Fixation,1525.661140359858,541.2053595819781,368.0,14.0,True,17,image,,9.0
3608.0,1552.5245666503906,525.7869958877562,0.6094971895217896,0.3620388209819793,0.6064549088478088,0.3651298582553863,2.2929229736328125,2.0704345703125,Fixation,1525.661140359858,541.2053595819781,368.0,14.0,True,17,image,,9.0
3612.0,1559.7113037109375,543.041582107544,0.6060415506362915,0.3562481105327606,0.609262228012085,0.3771122097969055,2.289520263671875,2.0821075439453125,Fixation,1525.661140359858,541.2053595819781,368.0,14.0,True,17,image,,9.0
3616.0,1563.0998229980469,534.2149686813354,0.607455313205719,0.3523790538311004,0.6105858683586121,0.3709826171398163,2.2972412109375,2.0975341796875,Fixation,1525.661140359858,541.2053595819781,368.0,14.0,True,17,image,,9.0
3620.0,1557.5959777832031,531.148796081543,0.6088197231292725,0.3560739755630493,0.6084359288215637,0.3688533306121826,2.29351806640625,2.0881805419921875,Fixation,1525.661140359858,541.2053595819781,368.0,14.0,True,17,image,,9.0
3624.0,1560.909423828125,534.7583627700806,0.6103224158287048,0.3593508899211883,0.6097302436828613,0.3713599741458893,2.304718017578125,2.087615966796875,Fixation,1525.661140359858,541.2053595819781,368.0,14.0,True,17,image,,9.0
3628.0,1560.7015991210938,535.4868936538696,0.6065101623535156,0.3571954667568207,0.6096490621566772,0.3718658983707428,2.286651611328125,2.079742431640625,Fixation,1525.661140359858,541.2053595819781,368.0,14.0,True,17,image,,9.0
3632.0,1560.7786560058594,519.6957206726073,0.6086704134941101,0.3602866530418396,0.6096791625022888,0.360899806022644,2.3065643310546875,2.083221435546875,Fixation,1525.661140359858,541.2053595819781,368.0,14.0,True,17,image,,9.0
3636.0,1557.0046997070312,532.7651166915894,0.6107485890388489,0.356503427028656,0.6082049608230591,0.3699757754802704,2.31640625,2.0692291259765625,Fixation,1525.661140359858,541.2053595819781,368.0,14.0,True,17,image,,9.0
3640.0,1545.6964111328125,530.8559417724609,0.6089686751365662,0.3600344955921173,0.6037876605987549,0.368649959564209,2.294921875,2.0836181640625,Fixation,1525.661140359858,541.2053595819781,368.0,14.0,True,17,image,,9.0
3644.0,1542.34375,531.2874555587767,0.6082209348678589,0.3576940298080444,0.60247802734375,0.3689496219158172,2.306121826171875,2.09271240234375,Fixation,1525.661140359858,541.2053595819781,368.0,14.0,True,17,image,,9.0
3648.0,1552.8132629394531,533.2627201080322,0.6080726385116577,0.3582694232463836,0.6065676808357239,0.3703213334083557,2.3084259033203125,2.0982208251953125,Fixation,1525.661140359858,541.2053595819781,368.0,14.0,True,17,image,,9.0
3652.0,1549.5657348632812,533.6090898513794,0.6076942086219788,0.3558487594127655,0.6052991151809692,0.3705618679523468,2.3015289306640625,2.0842742919921875,Fixation,1525.661140359858,541.2053595819781,368.0,14.0,True,17,image,,9.0
3656.0,1551.1648559570312,542.7273988723755,0.6047002673149109,0.3605068922042846,0.6059237718582153,0.3768940269947052,2.315521240234375,2.104400634765625,Fixation,1525.661140359858,541.2053595819781,368.0,14.0,True,17,image,,9.0
3660.0,1551.1860656738281,523.8037061691284,0.6030576229095459,0.3514721691608429,0.6059320569038391,0.3637525737285614,2.313385009765625,2.093414306640625,Fixation,1525.661140359858,541.2053595819781,368.0,14.0,True,17,image,,9.0
3664.0,1549.6693420410156,541.7478132247924,0.6068506836891174,0.3544811308383941,0.6053395867347717,0.3762137591838836,2.316513061523437,2.085189819335937,Fixation,1525.661140359858,541.2053595819781,368.0,14.0,True,17,image,,9.0
3668.0,1550.052490234375,533.6570262908934,0.6084412932395935,0.3570028245449066,0.6054892539978027,0.3705951571464538,2.321929931640625,2.0731353759765625,Fixation,1525.661140359858,541.2053595819781,368.0,14.0,True,17,image,,9.0
3672.0,1541.1662292480469,530.1187849044799,0.607006847858429,0.3513586819171905,0.6020180583000183,0.3681380450725555,2.30303955078125,2.0951385498046875,Fixation,1525.661140359858,541.2053595819781,368.0,14.0,True,17,image,,9.0
3676.0,1548.2673645019531,532.3620557785033,0.6072975993156433,0.3535012006759643,0.6047919392585754,0.3696958720684051,2.315399169921875,2.0837860107421875,Fixation,1525.661140359858,541.2053595819781,368.0,14.0,True,17,image,,9.0
3680.0,1548.6018371582031,539.4000434875488,0.6069669127464294,0.3528908789157867,0.6049225926399231,0.37458336353302,2.300277709960937,2.0973663330078125,Fixation,1525.661140359858,541.2053595819781,368.0,14.0,True,17,image,,9.0
3684.0,1538.6178588867188,528.0312967300414,0.6058691740036011,0.355866938829422,0.6010226011276245,0.3666884005069732,2.315948486328125,2.08331298828125,Fixation,1525.661140359858,541.2053595819781,368.0,14.0,True,17,image,,9.0
3688.0,1536.2625122070312,529.430422782898,0.6108525991439819,0.3485006988048553,0.6001025438308716,0.3676600158214569,2.2973785400390625,2.0918121337890625,Fixation,1525.661140359858,541.2053595819781,368.0,14.0,True,17,image,,9.0
3692.0,1540.623779296875,533.344988822937,0.6088386178016663,0.346172958612442,0.6018061637878418,0.3703784644603729,2.30963134765625,2.088104248046875,Fixation,1525.661140359858,541.2053595819781,368.0,14.0,True,17,image,,9.0
3696.0,1534.8536682128906,525.1516342163086,0.6054864525794983,0.3458775579929352,0.5995522141456604,0.3646886348724365,2.310302734375,2.1203155517578125,Fixation,1525.661140359858,541.2053595819781,368.0,14.0,True,17,image,,9.0
3700.0,1546.2017822265625,532.8320646286011,0.6067939400672913,0.351523607969284,0.603985071182251,0.3700222671031952,2.307723999023437,2.092620849609375,Fixation,1525.661140359858,541.2053595819781,368.0,14.0,True,17,image,,9.0
3704.0,1543.0975341796875,524.6916246414185,0.605871319770813,0.3455825448036194,0.6027724742889404,0.3643691837787628,2.2869415283203125,2.0830535888671875,Fixation,1525.661140359858,541.2053595819781,368.0,14.0,True,17,image,,9.0
3708.0,1536.8193054199219,531.1068248748778,0.6078600883483887,0.3525246381759643,0.600320041179657,0.3688241839408874,2.326141357421875,2.104583740234375,Fixation,1525.661140359858,541.2053595819781,368.0,14.0,True,17,image,,9.0
3712.0,1536.8478393554688,526.004705429077,0.6078116297721863,0.3538126945495605,0.60033118724823,0.3652810454368591,2.2843017578125,2.0847320556640625,Fixation,1525.661140359858,541.2053595819781,368.0,14.0,True,17,image,,9.0
3716.0,1544.2105102539062,530.9347343444824,0.6075246930122375,0.3475812971591949,0.6032072305679321,0.3687046766281128,2.3111114501953125,2.1013641357421875,Fixation,1525.661140359858,541.2053595819781,368.0,14.0,True,17,image,,9.0
3720.0,1541.9766235351562,530.9481239318847,0.6115050911903381,0.3554242551326751,0.6023346185684204,0.3687139749526977,2.343414306640625,2.0850830078125,Fixation,1525.661140359858,541.2053595819781,368.0,14.0,True,17,image,,9.0
3724.0,1545.5397033691406,528.7520170211792,0.6111568808555603,0.3522202968597412,0.6037264466285706,0.3671889007091522,2.330917358398437,2.098983764648437,Fixation,1525.661140359858,541.2053595819781,368.0,14.0,True,17,image,,9.0
3728.0,1540.7795715332031,531.0527515411376,0.6078999042510986,0.3552549183368683,0.6018670201301575,0.3687866330146789,2.321868896484375,2.1020660400390625,Fixation,1525.661140359858,541.2053595819781,368.0,14.0,True,17,image,,9.0
3732.0,1549.1972351074219,533.1074953079224,0.6112944483757019,0.3577061593532562,0.6051551699638367,0.3702135384082794,2.3225250244140625,2.083480834960937,Fixation,1525.661140359858,541.2053595819781,368.0,14.0,True,17,image,,9.0
3736.0,1543.5928344726562,527.7215337753296,0.6070643663406372,0.3506236374378204,0.6029659509658813,0.3664732873439789,2.3282623291015625,2.0901031494140625,Fixation,1525.661140359858,541.2053595819781,368.0,14.0,True,17,image,,9.0
3740.0,1541.8952941894531,536.2457227706909,0.6043731570243835,0.3520049750804901,0.6023028492927551,0.372392863035202,2.330810546875,2.116806030273437,Fixation,1525.661140359858,541.2053595819781,368.0,14.0,True,17,image,,9.0
3744.0,1544.6603393554688,528.8160467147826,0.6072513461112976,0.3517857491970062,0.60338294506073,0.3672333657741546,2.323089599609375,2.111053466796875,Fixation,1525.661140359858,541.2053595819781,368.0,14.0,True,17,image,,9.0
3748.0,1538.4945678710938,527.1174573898315,0.6064829230308533,0.3487977385520935,0.600974440574646,0.3660537898540497,2.3209381103515625,2.123397827148437,Fixation,1525.661140359858,541.2053595819781,368.0,14.0,True,17,image,,9.0
3752.0,1540.7064819335938,536.8250799179077,0.6052421927452087,0.3516119718551636,0.6018384695053101,0.3727951943874359,2.312362670898437,2.097320556640625,Fixation,1525.661140359858,541.2053595819781,368.0,14.0,True,17,image,,9.0
3756.0,1535.5342102050781,533.8379573822021,0.604307234287262,0.3488956093788147,0.5998180508613586,0.3707208037376404,2.331878662109375,2.1093902587890625,Fixation,1525.661140359858,541.2053595819781,368.0,14.0,True,17,image,,9.0
3760.0,1547.3182678222656,527.188138961792,0.6091936826705933,0.3523982763290405,0.6044211983680725,0.3661028742790222,2.3214874267578125,2.1110992431640625,Fixation,1525.661140359858,541.2053595819781,368.0,14.0,True,17,image,,9.0
3764.0,1544.5166015625,526.623158454895,0.6074952483177185,0.3567025661468506,0.6033267974853516,0.3657105267047882,2.346923828125,2.11187744140625,Fixation,1525.661140359858,541.2053595819781,368.0,14.0,True,17,image,,9.0
3768.0,1536.6172790527344,532.4188327789307,0.604667067527771,0.358008325099945,0.6002411246299744,0.3697353005409241,2.3453369140625,2.1223907470703125,Fixation,1525.661140359858,541.2053595819781,368.0,14.0,True,17,image,,9.0
3772.0,1537.0004272460938,532.1744728088378,0.6031347513198853,0.3613334894180298,0.6003907918930054,0.3695656061172485,2.3409576416015625,2.112579345703125,Fixation,1525.661140359858,541.2053595819781,368.0,14.0,True,17,image,,9.0
3776.0,1514.8965454101562,544.8313236236571,0.5975701212882996,0.3654213845729828,0.5917564630508423,0.3783550858497619,2.337615966796875,2.1306304931640625,Fixation,1525.661140359858,541.2053595819781,368.0,14.0,True,17,image,,9.0
3780.0,1521.1643981933594,540.3188180923462,0.5923861861228943,0.3688870370388031,0.594204843044281,0.3752214014530182,2.330596923828125,2.12261962890625,Fixation,1525.661140359858,541.2053595819781,368.0,14.0,True,17,image,,9.0
3784.0,1516.4454650878906,550.3271913528442,0.5882508158683777,0.3655211329460144,0.5923615097999573,0.3821716606616974,2.32537841796875,2.115631103515625,Fixation,1525.661140359858,541.2053595819781,368.0,14.0,True,17,image,,9.0
3788.0,1515.1522827148438,551.6702270507812,0.5873422622680664,0.3711402118206024,0.5918563604354858,0.3831043243408203,2.337432861328125,2.112411499023437,Fixation,1525.661140359858,541.2053595819781,368.0,14.0,True,17,image,,9.0
3792.0,1501.7256164550781,556.5025806427002,0.5880531668663025,0.367035299539566,0.5866115689277649,0.3864601254463196,2.3328094482421875,2.119125366210937,Fixation,1525.661140359858,541.2053595819781,368.0,14.0,True,17,image,,9.0
3796.0,1506.182861328125,555.8818960189818,0.5910934805870056,0.3704711198806762,0.5883526802062988,0.3860290944576263,2.3333740234375,2.1220703125,Fixation,1525.661140359858,541.2053595819781,368.0,14.0,True,17,image,,9.0
3800.0,1501.1003112792969,555.0951290130615,0.5916426181793213,0.370416522026062,0.5863673090934753,0.3854827284812927,2.3173828125,2.10198974609375,Fixation,1525.661140359858,541.2053595819781,368.0,14.0,True,17,image,,9.0
3804.0,1508.114013671875,550.7315397262572,0.5906322002410889,0.3724691271781921,0.5891070365905762,0.3824524581432342,2.3176727294921875,2.1228485107421875,Fixation,1525.661140359858,541.2053595819781,368.0,14.0,True,17,image,,9.0
3808.0,1500.648193359375,561.9127893447875,0.5925638675689697,0.3745614886283874,0.5861907005310059,0.3902172148227691,2.328948974609375,2.119369506835937,Fixation,1525.661140359858,541.2053595819781,368.0,14.0,True,17,image,,9.0
3812.0,1492.9408264160156,553.5141277313231,0.5909538865089417,0.3693181276321411,0.5831800103187561,0.38438481092453,2.338775634765625,2.1256866455078125,Fixation,1525.661140359858,541.2053595819781,368.0,14.0,True,17,image,,9.0
3816.0,1494.2170715332031,542.2970008850098,0.5891591906547546,0.3732914328575134,0.5836785435676575,0.376595139503479,2.335433959960937,2.1374664306640625,Fixation,1525.661140359858,541.2053595819781,368.0,14.0,True,17,image,,9.0
3820.0,1481.6819763183594,549.1943550109863,0.5889776349067688,0.3740050196647644,0.5787820219993591,0.3813849687576294,2.3474884033203125,2.115020751953125,Fixation,1525.661140359858,541.2053595819781,368.0,14.0,True,17,image,,9.0
3824.0,1495.0840759277344,546.1216592788696,0.5909494161605835,0.3659089207649231,0.5840172171592712,0.3792511522769928,2.3404693603515625,2.12689208984375,Fixation,1525.661140359858,541.2053595819781,368.0,14.0,True,17,image,,9.0
3828.0,1483.2888793945312,550.5922365188599,0.5913670063018799,0.3741376399993896,0.5794097185134888,0.3823557198047638,2.3477783203125,2.13531494140625,Fixation,1525.661140359858,541.2053595819781,368.0,14.0,True,17,image,,9.0
3832.0,1486.0597229003906,549.8548650741577,0.591331958770752,0.3643469512462616,0.5804920792579651,0.3818436563014984,2.3462371826171875,2.1375885009765625,Fixation,1525.661140359858,541.2053595819781,368.0,14.0,True,17,image,,9.0
3836.0,1489.7966003417969,547.3120450973511,0.5896044969558716,0.3720456957817077,0.5819517970085144,0.3800778090953827,2.350738525390625,2.1405181884765625,Fixation,1525.661140359858,541.2053595819781,368.0,14.0,True,17,image,,9.0
3840.0,1492.3519897460938,542.3940753936766,0.5871496200561523,0.3729219436645508,0.5829499959945679,0.3766625523567199,2.332504272460937,2.131576538085937,Fixation,1525.661140359858,541.2053595819781,368.0,14.0,True,17,image,,9.0
3844.0,1497.2636413574219,557.3261690139769,0.5893750786781311,0.3692501187324524,0.5848686099052429,0.3870320618152618,2.3404998779296875,2.1365966796875,Fixation,1525.661140359858,541.2053595819781,368.0,14.0,True,17,image,,9.0
3848.0,1498.0760192871094,549.8841762542725,0.5883156657218933,0.3741407990455627,0.5851859450340271,0.3818640112876892,2.3727569580078125,2.1498565673828125,Fixation,1525.661140359858,541.2053595819781,368.0,14.0,True,17,image,,9.0
3852.0,1501.2532043457031,550.7864713668823,0.5890164971351624,0.3721242547035217,0.5864270329475403,0.3824906051158905,2.3359832763671875,2.1386871337890625,Fixation,1525.661140359858,541.2053595819781,368.0,14.0,True,17,image,,9.0
3856.0,1504.8794555664062,543.9798831939697,0.5914126038551331,0.3776458203792572,0.5878435373306274,0.3777638077735901,2.3645477294921875,2.1330108642578125,Fixation,1525.661140359858,541.2053595819781,368.0,14.0,True,17,image,,9.0
3860.0,1510.3562927246094,552.6561212539672,0.5896735191345215,0.3722275793552398,0.5899829268455505,0.3837889730930328,2.339874267578125,2.147918701171875,Fixation,1525.661140359858,541.2053595819781,368.0,14.0,True,17,image,,9.0
3864.0,1509.2472839355469,553.6829566955566,0.5880822539329529,0.3745973706245422,0.589549720287323,0.3845020532608032,2.3347930908203125,2.150497436523437,Fixation,1525.661140359858,541.2053595819781,368.0,14.0,True,17,image,,9.0
3868.0,1507.4929809570312,553.7887859344482,0.5918915867805481,0.3689613938331604,0.5888644456863403,0.3845755457878113,2.3632965087890625,2.1399383544921875,Fixation,1525.661140359858,541.2053595819781,368.0,14.0,True,17,image,,9.0
3872.0,1508.7779235839844,548.5912227630615,0.5908883810043335,0.3729782402515411,0.5893663763999939,0.3809661269187927,2.3439483642578125,2.1427459716796875,Fixation,1525.661140359858,541.2053595819781,368.0,14.0,True,17,image,,9.0
3876.0,1512.4971008300781,549.8483848571776,0.5894639492034912,0.3705660104751587,0.5908191800117493,0.3818391561508178,2.348480224609375,2.1341094970703125,Fixation,1525.661140359858,541.2053595819781,368.0,14.0,True,17,image,,9.0
3880.0,1503.0192565917969,538.1417226791382,0.587562620639801,0.3661935031414032,0.5871168971061707,0.3737095296382904,2.3541412353515625,2.1277313232421875,Fixation,1525.661140359858,541.2053595819781,368.0,14.0,True,17,image,,9.0
3884.0,1518.6686706542969,555.7552957534789,0.5881158709526062,0.3778908848762512,0.5932299494743347,0.3859411776065826,2.3675689697265625,2.159286499023437,Fixation,1525.661140359858,541.2053595819781,368.0,14.0,True,17,image,,9.0
3888.0,1510.8984375,545.2947664260864,0.5858089327812195,0.3721734881401062,0.5901947021484375,0.3786769211292267,2.378204345703125,2.144439697265625,Fixation,1525.661140359858,541.2053595819781,368.0,14.0,True,17,image,,9.0
3892.0,1511.2899780273438,557.9409742355346,0.5868085026741028,0.3691579401493072,0.5903476476669312,0.3874590098857879,2.340911865234375,2.16583251953125,Fixation,1525.661140359858,541.2053595819781,368.0,14.0,True,17,image,,9.0
3896.0,1515.7015991210938,549.1036748886108,0.5918843150138855,0.3658118844032287,0.5920709371566772,0.3813219964504242,2.3712158203125,2.1546173095703125,Fixation,1525.661140359858,541.2053595819781,368.0,14.0,True,17,image,,9.0
3900.0,1498.5856628417969,551.7080354690551,0.586951732635498,0.3743564784526825,0.5853850245475769,0.3831305801868438,2.34442138671875,2.1499176025390625,Fixation,1525.661140359858,541.2053595819781,368.0,14.0,True,17,image,,9.0
3904.0,1504.0238952636719,550.3738403320312,0.5887212753295898,0.3669949769973755,0.5875093340873718,0.3822040557861328,2.369415283203125,2.15460205078125,Fixation,1525.661140359858,541.2053595819781,368.0,14.0,True,17,image,,9.0
3908.0,1502.1232604980469,546.9703531265258,0.5897442102432251,0.3736462891101837,0.5867668986320496,0.3798405230045318,2.37933349609375,2.171722412109375,Fixation,1525.661140359858,541.2053595819781,368.0,14.0,True,17,image,,9.0
3912.0,1491.6162109375,550.9071063995361,0.5888046026229858,0.3696061372756958,0.5826625823974609,0.3825743794441223,2.3651123046875,2.136962890625,Fixation,1525.661140359858,541.2053595819781,368.0,14.0,True,17,image,,9.0
3916.0,1494.0606689453125,555.7585573196411,0.5883054137229919,0.3712083101272583,0.5836174488067627,0.3859434425830841,2.346435546875,2.163299560546875,Fixation,1525.661140359858,541.2053595819781,368.0,14.0,True,17,image,,9.0
3920.0,1492.8916931152344,554.6617698669434,0.5875598192214966,0.3674680888652801,0.5831608176231384,0.3851817846298218,2.3634033203125,2.1541748046875,Fixation,1525.661140359858,541.2053595819781,368.0,14.0,True,17,image,,9.0
3924.0,1493.6778259277344,557.9963779449463,0.5907524228096008,0.3717747926712036,0.5834679007530212,0.3874974846839905,2.374984741210937,2.152191162109375,Fixation,1525.661140359858,541.2053595819781,368.0,14.0,True,17,image,,9.0
3928.0,1491.759033203125,545.4672861099243,0.5896610021591187,0.3694905042648315,0.5827183723449707,0.3787967264652252,2.363037109375,2.1500244140625,Fixation,1525.661140359858,541.2053595819781,368.0,14.0,True,17,image,,9.0
3932.0,1488.6155700683594,552.7251291275023,0.587458074092865,0.3690719604492187,0.5814904570579529,0.3838368952274322,2.368392944335937,2.167572021484375,Fixation,1525.661140359858,541.2053595819781,368.0,14.0,True,17,image,,9.0
3936.0,1505.7823181152344,553.4569215774535,0.5912935733795166,0.3681004047393799,0.5881962180137634,0.3843450844287872,2.3940887451171875,2.1322174072265625,Fixation,1525.661140359858,541.2053595819781,368.0,14.0,True,17,image,,9.0
3940.0,1505.8961486816406,562.2425937652588,0.5872772932052612,0.3712466359138489,0.5882406830787659,0.3904462456703186,2.3695526123046875,2.16351318359375,Fixation,1525.661140359858,541.2053595819781,368.0,14.0,True,17,image,,9.0
3944.0,1494.3519592285156,557.0134449005127,0.5868954658508301,0.3695712983608246,0.5837312340736389,0.3868148922920227,2.371200561523437,2.1611328125,Fixation,1525.661140359858,541.2053595819781,368.0,14.0,True,17,image,,9.0
3948.0,1500.5000305175781,557.1631336212158,0.5925680994987488,0.3636582195758819,0.586132824420929,0.386918842792511,2.376373291015625,2.171844482421875,Fixation,1525.661140359858,541.2053595819781,368.0,14.0,True,17,image,,9.0
3952.0,1501.7774963378906,564.0840911865234,0.589867889881134,0.367993950843811,0.5866318345069885,0.3917250633239746,2.3851470947265625,2.169189453125,Fixation,1509.8011144002278,554.367024898529,140.0,15.0,True,18,image,,9.0
3956.0,1505.0727844238281,552.2988080978394,0.5923628807067871,0.3632128834724426,0.5879190564155579,0.3835408389568329,2.368011474609375,2.1513671875,Fixation,1509.8011144002278,554.367024898529,140.0,15.0,True,18,image,,9.0
3960.0,1504.2161560058594,544.7063112258911,0.5924538373947144,0.3676383197307586,0.5875844359397888,0.3782682716846466,2.3825225830078125,2.1556854248046875,Fixation,1509.8011144002278,554.367024898529,140.0,15.0,True,18,image,,9.0
3964.0,1510.3385925292969,547.7959156036376,0.587280809879303,0.3700473010540008,0.5899760127067566,0.3804138302803039,2.35968017578125,2.14208984375,Fixation,1509.8011144002278,554.367024898529,140.0,15.0,True,18,image,,9.0
3968.0,1502.9318237304688,556.5524053573608,0.5879503488540649,0.3702832460403442,0.5870827436447144,0.3864947259426117,2.389144897460937,2.165512084960937,Fixation,1509.8011144002278,554.367024898529,140.0,15.0,True,18,image,,9.0
3972.0,1513.4877014160156,556.3092470169067,0.5915408134460449,0.3674713373184204,0.5912061333656311,0.386325865983963,2.39593505859375,2.1553497314453125,Fixation,1509.8011144002278,554.367024898529,140.0,15.0,True,18,image,,9.0
3976.0,1513.790283203125,556.2720394134521,0.5832993984222412,0.3738840222358703,0.5913243293762207,0.3863000273704529,2.38104248046875,2.155380249023437,Fixation,1509.8011144002278,554.367024898529,140.0,15.0,True,18,image,,9.0
3980.0,1514.86083984375,555.3334808349609,0.5874748826026917,0.3660774528980255,0.5917425155639648,0.385648250579834,2.383087158203125,2.1704254150390625,Fixation,1509.8011144002278,554.367024898529,140.0,15.0,True,18,image,,9.0
3984.0,1512.232666015625,561.3081979751587,0.590348482131958,0.3776783943176269,0.5907158851623535,0.3897973597049713,2.407196044921875,2.1651153564453125,Fixation,1509.8011144002278,554.367024898529,140.0,15.0,True,18,image,,9.0
3988.0,1511.2998962402344,559.3173122406005,0.586134135723114,0.3747578859329223,0.5903515219688416,0.3884148001670837,2.3829803466796875,2.1491851806640625,Fixation,1509.8011144002278,554.367024898529,140.0,15.0,True,18,image,,9.0
3992.0,1512.9603576660156,559.0762996673583,0.5867674946784973,0.3686023950576782,0.5910001397132874,0.3882474303245544,2.38482666015625,2.15374755859375,Fixation,1509.8011144002278,554.367024898529,140.0,15.0,True,18,image,,9.0
3996.0,1513.5398864746094,553.584680557251,0.587226390838623,0.3699458837509155,0.5912265181541443,0.3844338059425354,2.386825561523437,2.1665802001953125,Fixation,1509.8011144002278,554.367024898529,140.0,15.0,True,18,image,,9.0
4000.0,1507.8564453125,556.2235021591187,0.5875276923179626,0.3709965050220489,0.5890064239501953,0.3862663209438324,2.384033203125,2.1576385498046875,Fixation,1509.8011144002278,554.367024898529,140.0,15.0,True,18,image,,9.0
4004.0,1510.987548828125,555.4345035552979,0.5856624841690063,0.3736902475357055,0.5902295112609863,0.3857184052467346,2.3919219970703125,2.17559814453125,Fixation,1509.8011144002278,554.367024898529,140.0,15.0,True,18,image,,9.0
4008.0,1511.7323303222656,558.5817003250121,0.5857119560241699,0.371680736541748,0.590520441532135,0.3879039585590362,2.396102905273437,2.166229248046875,Fixation,1509.8011144002278,554.367024898529,140.0,15.0,True,18,image,,9.0
4012.0,1526.2745666503906,567.3780155181885,0.5908619165420532,0.3684954643249511,0.5962010025978088,0.3940125107765198,2.406219482421875,2.166366577148437,Fixation,1509.8011144002278,554.367024898529,140.0,15.0,True,18,image,,9.0
4016.0,1516.153564453125,565.390863418579,0.5932164788246155,0.3771878480911255,0.592247486114502,0.3926325440406799,2.387939453125,2.170639038085937,Fixation,1509.8011144002278,554.367024898529,140.0,15.0,True,18,image,,9.0
4020.0,1516.9316101074219,562.9951572418212,0.5878578424453735,0.3753853738307953,0.5925514101982117,0.3909688591957092,2.39520263671875,2.165740966796875,Fixation,1509.8011144002278,554.367024898529,140.0,15.0,True,18,image,,9.0
4024.0,1513.8555908203125,552.1116542816161,0.5902917981147766,0.3677136600017547,0.5913498401641846,0.3834108710289001,2.370346069335937,2.164535522460937,Fixation,1509.8011144002278,554.367024898529,140.0,15.0,True,18,image,,9.0
4028.0,1506.9886779785156,566.5054607391356,0.5901710391044617,0.376347005367279,0.5886674523353577,0.3934065699577331,2.405548095703125,2.1715850830078125,Fixation,1509.8011144002278,554.367024898529,140.0,15.0,True,18,image,,9.0
4032.0,1510.0460815429688,564.2892694473267,0.5850391983985901,0.372064471244812,0.5898617506027222,0.3918675482273102,2.39093017578125,2.1648712158203125,Fixation,1509.8011144002278,554.367024898529,140.0,15.0,True,18,image,,9.0
4036.0,1514.7061157226562,554.9421787261963,0.5851735472679138,0.3705551028251648,0.5916820764541626,0.385376513004303,2.3827362060546875,2.168243408203125,Fixation,1509.8011144002278,554.367024898529,140.0,15.0,True,18,image,,9.0
4040.0,1510.0120544433594,543.2713937759399,0.5908912420272827,0.3736430704593658,0.5898484587669373,0.3772718012332916,2.392852783203125,2.1510009765625,Fixation,1509.8011144002278,554.367024898529,140.0,15.0,True,18,image,,9.0
4044.0,1508.7995910644531,557.8021430969237,0.5925796031951904,0.3751178085803985,0.589374840259552,0.3873625993728637,2.4248809814453125,2.1789703369140625,Fixation,1509.8011144002278,554.367024898529,140.0,15.0,True,18,image,,9.0
4048.0,1514.4105529785156,561.1028909683228,0.5882571935653687,0.3781020045280456,0.5915666222572327,0.3896547853946686,2.379486083984375,2.1640167236328125,Fixation,1509.8011144002278,554.367024898529,140.0,15.0,True,18,image,,9.0
4052.0,1505.4847717285156,546.4001369476317,0.5882847309112549,0.3753197491168976,0.5880799889564514,0.3794445395469665,2.3996124267578125,2.155624389648437,Fixation,1509.8011144002278,554.367024898529,140.0,15.0,True,18,image,,9.0
4056.0,1504.2628479003906,546.8664550781249,0.5935150384902954,0.3817178606986999,0.5876026749610901,0.3797683715820312,2.405670166015625,2.1709747314453125,Fixation,1509.8011144002278,554.367024898529,140.0,15.0,True,18,image,,9.0
4060.0,1514.0766906738281,551.6519880294799,0.5914857983589172,0.3750424683094024,0.5914362072944641,0.3830916583538055,2.4154510498046875,2.1843414306640625,Fixation,1509.8011144002278,554.367024898529,140.0,15.0,True,18,image,,9.0
4064.0,1503.4455871582031,546.7942714691161,0.5922138690948486,0.3749964833259582,0.5872834324836731,0.3797182440757751,2.3865509033203125,2.158050537109375,Fixation,1509.8011144002278,554.367024898529,140.0,15.0,True,18,image,,9.0
4068.0,1503.8728332519531,549.3907785415649,0.5900136828422546,0.3702978491783142,0.5874503254890442,0.3815213739871979,2.3893280029296875,2.174163818359375,Fixation,1509.8011144002278,554.367024898529,140.0,15.0,True,18,image,,9.0
4072.0,1514.57275390625,537.8978347778319,0.5892432332038879,0.3770979940891266,0.5916299819946289,0.3735401630401611,2.3971405029296875,2.1813201904296875,Fixation,1509.8011144002278,554.367024898529,140.0,15.0,True,18,image,,9.0
4076.0,1506.3423156738281,550.1015424728394,0.5894709825515747,0.3706981241703033,0.5884149670600891,0.3820149600505829,2.390380859375,2.173004150390625,Fixation,1509.8011144002278,554.367024898529,140.0,15.0,True,18,image,,9.0
4080.0,1507.5157165527344,542.6674032211304,0.5901917815208435,0.3743779361248016,0.5888733267784119,0.3768523633480072,2.4027557373046875,2.1853485107421875,Fixation,1509.8011144002278,554.367024898529,140.0,15.0,True,18,image,,9.0
4084.0,1508.4910583496094,548.1016874313354,0.5923163294792175,0.369630217552185,0.5892543196678162,0.3806261718273163,2.399276733398437,2.182403564453125,Fixation,1509.8011144002278,554.367024898529,140.0,15.0,True,18,image,,9.0
4088.0,1514.2555236816406,543.9085578918456,0.5854006409645081,0.3744444251060486,0.5915060639381409,0.3777142763137817,2.40185546875,2.175155639648437,Fixation,1509.8011144002278,554.367024898529,140.0,15.0,True,18,image,,9.0
4092.0,1485.2568054199219,560.764718055725,0.5796688199043274,0.3803537786006927,0.580178439617157,0.3894199430942535,2.404296875,2.1781768798828125,Fixation,1509.8011144002278,554.367024898529,140.0,15.0,True,18,image,,9.0
4096.0,1437.3028564453125,606.3732147216796,0.5651481747627258,0.3999373018741607,0.5614464282989502,0.4210925102233886,2.399032592773437,2.1712646484375,Saccade,,,,0.0,False,19,,,
4100.0,1411.8623352050781,627.4752473831177,0.5501906871795654,0.4228191971778869,0.5515087246894836,0.4357466995716095,2.3970947265625,2.166107177734375,Saccade,,,,0.0,False,19,,,
4104.0,1370.927734375,646.2146615982055,0.5271332859992981,0.4304127991199493,0.5355186462402344,0.4487601816654205,2.375701904296875,2.15692138671875,Saccade,,,,0.0,False,19,,,
4108.0,1314.1195678710938,666.8770265579224,0.512303352355957,0.439030110836029,0.513327956199646,0.4631090462207794,2.357772827148437,2.1689605712890625,Fixation,1274.638486178416,694.277026878213,208.0,16.0,True,20,image,,9.0
4112.0,1291.6560363769531,691.2542295455933,0.5045825839042664,0.458826869726181,0.5045531392097473,0.480037659406662,2.34783935546875,2.136688232421875,Fixation,1274.638486178416,694.277026878213,208.0,16.0,True,20,image,,9.0
4116.0,1276.0021972656248,705.8038187026976,0.4950433075428009,0.4671006798744201,0.4984383583068847,0.4901415407657623,2.320587158203125,2.147369384765625,Fixation,1274.638486178416,694.277026878213,208.0,16.0,True,20,image,,9.0
4120.0,1287.6194763183594,710.7614421844482,0.4994294345378876,0.4688147306442261,0.5029763579368591,0.4935843348503113,2.3344879150390625,2.167953491210937,Fixation,1274.638486178416,694.277026878213,208.0,16.0,True,20,image,,9.0
4124.0,1284.2855834960938,707.0836400985718,0.4984993636608124,0.4645045101642608,0.5016740560531616,0.4910303056240082,2.3247528076171875,2.1571807861328125,Fixation,1274.638486178416,694.277026878213,208.0,16.0,True,20,image,,9.0
4128.0,1290.1701354980469,695.4760265350342,0.5024149417877197,0.4592477679252624,0.5039727091789246,0.4829694628715515,2.3180694580078125,2.1577301025390625,Fixation,1274.638486178416,694.277026878213,208.0,16.0,True,20,image,,9.0
4132.0,1291.54296875,689.9045848846434,0.4956271350383758,0.4625107645988464,0.5045089721679688,0.4791004061698913,2.3335723876953125,2.162948608398437,Fixation,1274.638486178416,694.277026878213,208.0,16.0,True,20,image,,9.0
4136.0,1288.9665222167969,702.6210021972656,0.5025246739387512,0.4584486782550812,0.5035025477409363,0.4879312515258789,2.32684326171875,2.1591033935546875,Fixation,1274.638486178416,694.277026878213,208.0,16.0,True,20,image,,9.0
4140.0,1274.0721893310545,694.6744108200072,0.500791072845459,0.4574755430221557,0.4976844489574432,0.4824127852916717,2.307357788085937,2.1371307373046875,Fixation,1274.638486178416,694.277026878213,208.0,16.0,True,20,image,,9.0
4144.0,1280.3883361816406,699.272403717041,0.497805505990982,0.458189845085144,0.5001516938209534,0.4856058359146118,2.3297119140625,2.161376953125,Fixation,1274.638486178416,694.277026878213,208.0,16.0,True,20,image,,9.0
4148.0,1285.1158142089844,695.4765415191649,0.501715898513794,0.4587737917900085,0.5019983649253845,0.4829698204994201,2.325546264648437,2.1428375244140625,Fixation,1274.638486178416,694.277026878213,208.0,16.0,True,20,image,,9.0
4152.0,1290.2597045898438,706.1287307739257,0.5024253129959106,0.4605985283851623,0.5040076971054077,0.4903671741485595,2.360092163085937,2.154541015625,Fixation,1274.638486178416,694.277026878213,208.0,16.0,True,20,image,,9.0
4156.0,1287.608642578125,694.5188426971434,0.5003484487533569,0.4655585587024688,0.5029721260070801,0.4823047518730163,2.321136474609375,2.145736694335937,Fixation,1274.638486178416,694.277026878213,208.0,16.0,True,20,image,,9.0
4160.0,1282.8524780273438,694.9184703826904,0.50020831823349,0.4645698070526123,0.5011142492294312,0.4825822710990906,2.327865600585937,2.14666748046875,Fixation,1274.638486178416,694.277026878213,208.0,16.0,True,20,image,,9.0
4164.0,1273.4818267822263,695.5578660964965,0.4996979534626007,0.4571921229362488,0.4974538385868072,0.4830262959003448,2.3125762939453125,2.145294189453125,Fixation,1274.638486178416,694.277026878213,208.0,16.0,True,20,image,,9.0
4168.0,1277.0907592773438,693.614616394043,0.4989336729049682,0.4670823514461517,0.4988635778427124,0.4816768169403076,2.344940185546875,2.148468017578125,Fixation,1274.638486178416,694.277026878213,208.0,16.0,True,20,image,,9.0
4172.0,1276.2496185302732,701.9004964828491,0.5005928874015808,0.4604575037956238,0.498535007238388,0.4874309003353119,2.32049560546875,2.1629638671875,Fixation,1274.638486178416,694.277026878213,208.0,16.0,True,20,image,,9.0
4176.0,1273.4156799316406,695.0412940979003,0.497162789106369,0.459226131439209,0.4974279999732971,0.4826675653457641,2.333404541015625,2.144027709960937,Fixation,1274.638486178416,694.277026878213,208.0,16.0,True,20,image,,9.0
4180.0,1268.25813293457,699.0425062179564,0.5025893449783325,0.4620667099952698,0.4954133331775665,0.4854461848735809,2.318145751953125,2.144256591796875,Fixation,1274.638486178416,694.277026878213,208.0,16.0,True,20,image,,9.0
4184.0,1270.6417083740234,685.3070640563964,0.4993102550506592,0.4698398411273956,0.4963444173336029,0.4759076833724975,2.354705810546875,2.130233764648437,Fixation,1274.638486178416,694.277026878213,208.0,16.0,True,20,image,,9.0
4188.0,1266.189041137695,700.3232288360596,0.4989854693412781,0.4704433977603912,0.4946050941944122,0.4863355755805969,2.3515625,2.144805908203125,Fixation,1274.638486178416,694.277026878213,208.0,16.0,True,20,image,,9.0
4192.0,1272.218780517578,694.6418809890747,0.5026821494102478,0.4743454754352569,0.4969604611396789,0.4823901951313019,2.3354034423828125,2.14093017578125,Fixation,1274.638486178416,694.277026878213,208.0,16.0,True,20,image,,9.0
4196.0,1269.7206878662107,699.3691778182982,0.5010983347892761,0.4609099626541137,0.4959846436977386,0.485673040151596,2.3376617431640625,2.145965576171875,Fixation,1274.638486178416,694.277026878213,208.0,16.0,True,20,image,,9.0
4200.0,1271.1197662353516,684.8514318466187,0.5012789368629456,0.4722658395767212,0.4965311586856842,0.4755912721157074,2.3416900634765625,2.1305389404296875,Fixation,1274.638486178416,694.277026878213,208.0,16.0,True,20,image,,9.0
4204.0,1275.101089477539,698.4707450866698,0.5005910396575928,0.4710732400417328,0.4980863630771637,0.4850491285324096,2.345672607421875,2.152923583984375,Fixation,1274.638486178416,694.277026878213,208.0,16.0,True,20,image,,9.0
4208.0,1268.5237884521484,686.5088224411011,0.5012704730033875,0.4637761414051056,0.4955171048641205,0.4767422378063202,2.345367431640625,2.16241455078125,Fixation,1274.638486178416,694.277026878213,208.0,16.0,True,20,image,,9.0
4212.0,1266.8960571289062,695.1217174530029,0.5018839240074158,0.4563622772693634,0.494881272315979,0.4827234148979187,2.33795166015625,2.1615447998046875,Fixation,1274.638486178416,694.277026878213,208.0,16.0,True,20,image,,9.0
4216.0,1275.543975830078,699.031777381897,0.5016356706619263,0.4660238325595855,0.4982593655586242,0.485438734292984,2.3366851806640625,2.1531982421875,Fixation,1274.638486178416,694.277026878213,208.0,16.0,True,20,image,,9.0
4220.0,1261.4421844482422,696.1500120162963,0.5050330758094788,0.4632024466991424,0.4927508533000946,0.4834375083446502,2.3321990966796875,2.15655517578125,Fixation,1274.638486178416,694.277026878213,208.0,16.0,True,20,image,,9.0
4224.0,1262.646255493164,691.9123792648315,0.5022448301315308,0.4593741595745086,0.4932211935520172,0.4804947078227997,2.3370819091796875,2.154296875,Fixation,1274.638486178416,694.277026878213,208.0,16.0,True,20,image,,9.0
4228.0,1263.9527893066406,699.7543430328368,0.5000096559524536,0.4681688249111175,0.4937315583229065,0.4859405159950256,2.3422088623046875,2.1563720703125,Fixation,1274.638486178416,694.277026878213,208.0,16.0,True,20,image,,9.0
4232.0,1262.8126525878906,695.8656120300293,0.5016339421272278,0.464408129453659,0.4932861924171448,0.483240008354187,2.3047637939453125,2.149505615234375,Fixation,1274.638486178416,694.277026878213,208.0,16.0,True,20,image,,9.0
4236.0,1267.9479217529295,700.2649068832396,0.4945879280567169,0.4620734751224518,0.4952921569347381,0.486295074224472,2.3348846435546875,2.1544647216796875,Fixation,1274.638486178416,694.277026878213,208.0,16.0,True,20,image,,9.0
4240.0,1266.0656738281248,696.9837284088135,0.5033732056617737,0.4621797800064087,0.4945569038391113,0.484016478061676,2.33721923828125,2.162216186523437,Fixation,1274.638486178416,694.277026878213,208.0,16.0,True,20,image,,9.0
4244.0,1276.7582702636719,699.9152755737305,0.4973336458206177,0.4634006917476654,0.4987336993217468,0.4860522747039795,2.340972900390625,2.15081787109375,Fixation,1274.638486178416,694.277026878213,208.0,16.0,True,20,image,,9.0
4248.0,1277.956085205078,697.1472787857055,0.4997952580451965,0.4684496521949768,0.4992015957832336,0.4841300547122955,2.3362579345703125,2.1613922119140625,Fixation,1274.638486178416,694.277026878213,208.0,16.0,True,20,image,,9.0
4252.0,1268.4176635742188,693.881378173828,0.4966963231563568,0.4655186533927917,0.4954756498336792,0.4818620681762695,2.3031463623046875,2.141098022460937,Fixation,1274.638486178416,694.277026878213,208.0,16.0,True,20,image,,9.0
4256.0,1270.0479888916013,683.515863418579,0.497501015663147,0.4694496393203735,0.4961124956607818,0.4746637940406799,2.332305908203125,2.138702392578125,Fixation,1274.638486178416,694.277026878213,208.0,16.0,True,20,image,,9.0
4260.0,1275.878677368164,694.0714931488037,0.4991996884346008,0.4646480977535248,0.4983901083469391,0.481994092464447,2.3380889892578125,2.159149169921875,Fixation,1274.638486178416,694.277026878213,208.0,16.0,True,20,image,,9.0
4264.0,1269.6617126464841,686.3970279693602,0.5018495321273804,0.4644117057323456,0.4959616065025329,0.4766646027565002,2.342514038085937,2.133407592773437,Fixation,1274.638486178416,694.277026878213,208.0,16.0,True,20,image,,9.0
4268.0,1276.4337158203123,685.522584915161,0.4978766441345215,0.4614683091640472,0.4986069202423095,0.4760573506355285,2.3234405517578125,2.139373779296875,Fixation,1274.638486178416,694.277026878213,208.0,16.0,True,20,image,,9.0
4272.0,1273.7701416015623,702.0469236373901,0.4973199069499969,0.457192063331604,0.4975664615631103,0.4875325858592987,2.3294677734375,2.16021728515625,Fixation,1274.638486178416,694.277026878213,208.0,16.0,True,20,image,,9.0
4276.0,1271.3983154296875,687.988715171814,0.4989944100379944,0.4667927920818329,0.4966399669647217,0.4777699410915375,2.334014892578125,2.14996337890625,Fixation,1274.638486178416,694.277026878213,208.0,16.0,True,20,image,,9.0
4280.0,1265.7550811767578,696.2693166732787,0.5036203861236572,0.4729496240615845,0.494435578584671,0.483520358800888,2.345932006835937,2.1614532470703125,Fixation,1274.638486178416,694.277026878213,208.0,16.0,True,20,image,,9.0
4284.0,1276.8180847167969,683.9089250564574,0.4983736574649811,0.4573622345924377,0.4987570643424988,0.4749367535114288,2.311126708984375,2.1343231201171875,Fixation,1274.638486178416,694.277026878213,208.0,16.0,True,20,image,,9.0
4288.0,1278.1359100341795,693.0530261993407,0.4995918869972229,0.462253987789154,0.4992718398571014,0.4812868237495422,2.34344482421875,2.1509246826171875,Fixation,1274.638486178416,694.277026878213,208.0,16.0,True,20,image,,9.0
4292.0,1274.1424560546875,684.533815383911,0.5016006231307983,0.4632808566093445,0.4977118968963623,0.475370705127716,2.3255157470703125,2.1553192138671875,Fixation,1274.638486178416,694.277026878213,208.0,16.0,True,20,image,,9.0
4296.0,1270.5038452148435,692.0149898529052,0.5006441473960876,0.4635030627250671,0.4962905645370483,0.4805659651756286,2.345001220703125,2.1462554931640625,Fixation,1274.638486178416,694.277026878213,208.0,16.0,True,20,image,,9.0
4300.0,1259.579391479492,699.6550798416138,0.4995251595973968,0.4681132137775421,0.4920231997966766,0.4858715832233429,2.3658905029296875,2.1773834228515625,Fixation,1274.638486178416,694.277026878213,208.0,16.0,True,20,image,,9.0
4304.0,1263.642807006836,690.4465198516846,0.4990371763706207,0.4684637188911438,0.4936104714870453,0.4794767498970032,2.330062866210937,2.1498260498046875,Fixation,1274.638486178416,694.277026878213,208.0,16.0,True,20,image,,9.0
4308.0,1265.5422210693357,677.9530906677246,0.5001822113990784,0.4651978611946106,0.4943524301052093,0.4708007574081421,2.36181640625,2.155303955078125,Fixation,1274.638486178416,694.277026878213,208.0,16.0,True,20,image,,9.0
4312.0,1265.72639465332,692.1426200866698,0.4983370304107666,0.4689927399158478,0.4944243729114532,0.4806545972824096,2.3408203125,2.140472412109375,Fixation,1274.638486178416,694.277026878213,208.0,16.0,True,20,image,,9.0
4316.0,1261.6929626464841,691.7337226867676,0.498043954372406,0.4662749171257019,0.4928488135337829,0.4803706407546997,2.346466064453125,2.159896850585937,Fixation,1274.638486178416,694.277026878213,208.0,16.0,True,20,image,,9.0
