AU1,AU2,AU4,AU5,AU6,AU7,AU9,AU10,AU11,AU12,AU13,AU14,AU15,AU16,AU17,AU18,AU19,AU20,AU22,AU23,AU24,AU25,AU26,AU27,AU32,AU38,AU39,AUL1,AUR1,AUL2,AUR2,AUL4,AUR4,AUL6,AUR6,AUL10,AUR10,AUL12,AUR12,AUL14,AUR14
0.2037001252174377,0.1095153614878654,0.4283873438835144,0.16380575299263,0.335432231426239,0.3944063782691955,0.1302894353866577,0.3353006243705749,0.0522756837308406,0.0659284070134162,0.0173705480992794,0.2367903292179107,0.22772017121315,0.0696185082197189,0.4651502668857574,0.0716646760702133,0.0124396756291389,0.1746475398540496,0.0399078056216239,0.1166575774550437,0.0622932985424995,0.2132197171449661,0.1446154564619064,0.0737632066011428,0.0172593351453542,0.1888882517814636,0.0524042658507823,0.1984295696020126,0.365290105342865,0.1830560714006424,0.2718086540699005,0.0231707729399204,0.0260294917970895,0.0113869272172451,0.0357953310012817,0.1870743036270141,0.0690326392650604,0.0426771342754364,0.023531312122941,0.295625627040863,0.0505886673927307
0.261726975440979,0.1162566095590591,0.4253106713294983,0.2073867917060852,0.331691026687622,0.4016761481761932,0.1200969964265823,0.3477276563644409,0.0441130883991718,0.0766577124595642,0.0102215558290481,0.2430985867977142,0.2747079730033874,0.0521735101938247,0.5234642028808594,0.0646257102489471,0.0133059350773692,0.1955795288085937,0.0427595824003219,0.1263989210128784,0.0729132443666458,0.184381827712059,0.1437830626964569,0.0701854825019836,0.0190394409000873,0.2180641591548919,0.044367853552103,0.1857110857963562,0.324983149766922,0.1948900818824768,0.2261710613965988,0.0160339660942554,0.0113058518618345,0.0184950567781925,0.030059078708291,0.1666859984397888,0.0656861960887909,0.0455148592591285,0.0314482785761356,0.3141057193279266,0.0547232367098331
0.2587208151817322,0.1108568906784057,0.4398428201675415,0.2012597024440765,0.3337697982788086,0.4107588529586792,0.1243011653423309,0.351034015417099,0.043818399310112,0.0785143822431564,0.0102734519168734,0.2378458976745605,0.2770133018493652,0.0507108457386493,0.5310014486312866,0.0642272680997848,0.013106120750308,0.1959186941385269,0.0416363924741745,0.1263368725776672,0.0773693174123764,0.1865177303552627,0.1435477137565612,0.0691923350095748,0.0187175385653972,0.2179652154445648,0.043784312903881,0.1854018568992614,0.3231503963470459,0.1939679682254791,0.2234741747379303,0.0158561170101165,0.0116095189005136,0.0194947775453329,0.0299840532243251,0.165196806192398,0.0663121938705444,0.0452411621809005,0.0315584614872932,0.3076887726783752,0.0613854303956031
0.240786612033844,0.0970670133829116,0.4970872402191162,0.1956815868616104,0.3477554321289062,0.4131098985671997,0.1316665112972259,0.3428357243537903,0.0528439469635486,0.0743215680122375,0.0134000228717923,0.2364497780799865,0.2532752156257629,0.0520187318325042,0.5431022644042969,0.0645774826407432,0.0129948053508996,0.2022528350353241,0.0406181141734123,0.1264895796775818,0.0781719610095024,0.1897286176681518,0.1277783811092376,0.0683826655149459,0.0190704148262739,0.2301569432020187,0.0448713451623916,0.187125414609909,0.3458342552185058,0.2007249891757965,0.2305519580841064,0.0144788976758718,0.0122793428599834,0.0202722791582345,0.0288315489888191,0.1696931719779968,0.0686220079660415,0.0514638796448707,0.0297839269042015,0.3444597721099853,0.0601219460368156
0.2407292127609253,0.0961812436580658,0.4926624000072479,0.1943891793489456,0.3468480408191681,0.4098492860794067,0.1294604539871215,0.3406246900558471,0.0525629445910453,0.0736305266618728,0.0135503290221095,0.2349446415901184,0.2515128254890442,0.0524459667503833,0.5418264865875244,0.0639231652021408,0.0132095413282513,0.2019958794116974,0.0401245914399623,0.1256272494792938,0.0782365575432777,0.1893590688705444,0.1264602839946746,0.0683791041374206,0.0190424285829067,0.2320638597011566,0.0451356172561645,0.1884633302688598,0.3508484363555908,0.2012485414743423,0.2329405546188354,0.0145135726779699,0.0131528489291667,0.0203502252697944,0.0288492906838655,0.1705191731452942,0.068827599287033,0.0519381798803806,0.0297762528061866,0.3459153473377228,0.0600659921765327
0.2183775901794433,0.0938521027565002,0.4796090424060821,0.1916770040988922,0.3345581293106079,0.4011232852935791,0.1222206801176071,0.3291290402412414,0.0435034558176994,0.0662708729505539,0.014998435974121,0.2275831848382949,0.2301722168922424,0.0505067594349384,0.5359437465667725,0.0698109865188598,0.0136010758578777,0.1912278681993484,0.0404306724667549,0.1207992658019065,0.0824413150548935,0.1778453588485717,0.1253706216812133,0.0630120709538459,0.0159987043589353,0.2261326014995575,0.0486877337098121,0.1805133819580078,0.353573203086853,0.1954235136508941,0.2446441203355789,0.0155510790646076,0.0157915465533733,0.0206103194504976,0.0280006155371665,0.1720867156982422,0.0670583695173263,0.0444898568093776,0.0323947928845882,0.3466500043869018,0.060910053551197
0.2195044755935669,0.0962434262037277,0.4745384752750397,0.198468416929245,0.3361956775188446,0.3988385796546936,0.1225623190402984,0.3298815190792084,0.0435929521918296,0.066769003868103,0.0155837275087833,0.2282208651304245,0.2360566556453704,0.0502624213695526,0.5304043292999268,0.068929798901081,0.0137277543544769,0.1942598968744278,0.0407393425703048,0.1202798038721084,0.081088401377201,0.1758453547954559,0.1249480247497558,0.0633324012160301,0.0156963262706995,0.2276777625083923,0.0484845265746116,0.1813246458768844,0.3546355068683624,0.1966728717088699,0.2447881400585174,0.0157541297376155,0.016044121235609,0.0208738669753074,0.0279599912464618,0.1733505129814148,0.0676396265625953,0.0451043546199798,0.0323200412094593,0.3463899791240692,0.0605198182165622
0.2333624511957168,0.1181928515434265,0.4399150013923645,0.2357816994190216,0.3298058211803436,0.3979443311691284,0.1270108222961425,0.3221637904644012,0.04767731949687,0.0682889521121978,0.016448974609375,0.219430387020111,0.2429015189409256,0.0482901930809021,0.5053452253341675,0.0656604543328285,0.0148616256192326,0.1736315935850143,0.0436642616987228,0.1090958938002586,0.0789053589105606,0.1780207157135009,0.1333769261837005,0.0714684426784515,0.0237530656158924,0.225582480430603,0.0503488481044769,0.1873225569725036,0.3629076480865478,0.2043551206588745,0.2489417493343353,0.0172227770090103,0.0149477384984493,0.0185388606041669,0.0256837457418441,0.2006489634513855,0.0705808624625206,0.0495205000042915,0.0305160488933324,0.3329184353351593,0.0588615536689758
0.2193031013011932,0.0966551750898361,0.4861157834529876,0.2143228650093078,0.3430592119693756,0.3927005231380462,0.1223028451204299,0.3215435743331909,0.0461253747344017,0.0652089491486549,0.0170385744422674,0.2261798083782196,0.2374931871891021,0.0530046224594116,0.5359690189361572,0.0635660961270332,0.0131713785231113,0.1962417960166931,0.0420923940837383,0.1201613545417785,0.0785139799118042,0.1691728234291076,0.1216901466250419,0.0664394497871398,0.0171037577092647,0.2310366332530975,0.0520976781845092,0.1834850311279297,0.3683981895446777,0.199951097369194,0.2487708181142807,0.016288623213768,0.0162044763565063,0.0212733037769794,0.0286282636225223,0.1798264980316162,0.0682511776685714,0.04761403799057,0.0330766141414642,0.3476430773735046,0.0613303929567337
0.2474243938922882,0.1241501569747924,0.4601548612117767,0.2289814800024032,0.3405380845069885,0.4016088247299194,0.1115465238690376,0.3271682858467102,0.0592597536742687,0.0669033825397491,0.0167873725295066,0.2292002439498901,0.2686839699745178,0.0532716065645217,0.5355419516563416,0.0629005134105682,0.0135753918439149,0.2007986307144165,0.0429526418447494,0.1227280274033546,0.0844466760754585,0.1639647185802459,0.1317800730466842,0.0711066573858261,0.0138495452702045,0.2321338653564453,0.054561261087656,0.1832839846611023,0.3853128552436828,0.2035183012485504,0.2596306204795837,0.0175570547580719,0.0158557686954736,0.0198549553751945,0.0279165469110012,0.185739666223526,0.0692954137921333,0.0547413378953933,0.0284034982323646,0.3393577337265014,0.0587357878684997
0.2571731507778168,0.129953533411026,0.4503048062324524,0.2407939881086349,0.3390113711357116,0.3990660309791565,0.11111581325531,0.329016238451004,0.0588897988200187,0.0657271295785904,0.0161397792398929,0.2283939123153686,0.2684193849563598,0.0520369112491607,0.5372564792633057,0.0623916387557983,0.0137622160837054,0.1975383460521698,0.042555958032608,0.1219741478562355,0.0813516080379486,0.1619905531406402,0.1342653930187225,0.0705478712916374,0.0141419433057308,0.2365857809782028,0.0534391067922115,0.1817793548107147,0.378555953502655,0.2049888521432876,0.2582865953445434,0.0170705839991569,0.0151735972613096,0.019227597862482,0.0275642368942499,0.1878849267959594,0.0701970309019088,0.0553348809480667,0.0279326979070901,0.3352606296539306,0.0582587197422981
0.2671499848365783,0.1304589807987213,0.4458178281784057,0.2518194913864136,0.3321239352226257,0.3888469934463501,0.1112601608037948,0.3383316695690155,0.0591744855046272,0.0638518333435058,0.0115124676376581,0.2282065898180008,0.2715693712234497,0.0522845312952995,0.5282274484634399,0.0610759779810905,0.0139860725030303,0.1898213624954223,0.0422365665435791,0.1195938289165496,0.0747133046388626,0.1666840016841888,0.1417785584926605,0.0694304555654525,0.014530056156218,0.2307233065366745,0.0513407811522483,0.1824391931295395,0.356532871723175,0.2019382119178772,0.2473357319831848,0.0154295433312654,0.0142488162964582,0.0182942822575569,0.0270865652710199,0.1843124032020568,0.0678599625825882,0.0543262436985969,0.0264635980129241,0.3305131793022156,0.0558772757649421
0.2722670137882232,0.1365876793861389,0.4209756851196289,0.2914952039718628,0.317594975233078,0.4018996059894562,0.1167041584849357,0.3271760642528534,0.0507553964853286,0.0590021945536136,0.0104231601580977,0.2351343035697937,0.3075951039791107,0.0446091666817665,0.5293052792549133,0.0611405298113822,0.0150278080254793,0.1570212692022323,0.0443304851651191,0.1129417568445205,0.0800365135073661,0.1657338887453079,0.1419740319252014,0.0685311406850814,0.0191931892186403,0.2273393422365188,0.0469468235969543,0.1702786684036255,0.3018965125083923,0.1893992722034454,0.2261887341737747,0.0153877399861812,0.0124798920005559,0.0161090642213821,0.0257634446024894,0.200240820646286,0.0691024512052536,0.0481042154133319,0.0283082462847232,0.3129564523696899,0.0631209760904312
0.2579345107078552,0.128184899687767,0.3937972784042358,0.2911729514598846,0.3079553544521332,0.4009840488433838,0.1139575988054275,0.3175391256809234,0.0491353012621402,0.0604483969509601,0.0106894690543413,0.2214038670063018,0.290853887796402,0.0451885499060153,0.5139410495758057,0.061707392334938,0.0139730181545019,0.1577288955450058,0.045145459473133,0.1102056428790092,0.0761852860450744,0.1626052856445312,0.1348998546600341,0.0721037238836288,0.0219595581293106,0.232415497303009,0.0451939962804317,0.1651771068572998,0.2974106073379516,0.1809033751487732,0.2158499062061309,0.0160599611699581,0.0127482078969478,0.0170809850096702,0.0255493633449077,0.2056766003370285,0.0684583187103271,0.0488520637154579,0.0284770689904689,0.3183662295341491,0.0553431063890457
0.2574867010116577,0.1288215219974517,0.3837363421916961,0.2965167462825775,0.3059199154376983,0.3989250659942627,0.1175694614648819,0.3170827627182007,0.0495107881724834,0.0601434372365474,0.0107565382495522,0.2342642396688461,0.293564110994339,0.0456191599369049,0.5117665529251099,0.0616183094680309,0.0143167618662118,0.1571932733058929,0.0457298457622528,0.1094570755958557,0.0752008631825447,0.1637135297060012,0.1342732310295105,0.0707145929336547,0.0226925797760486,0.2304186224937439,0.0451982393860816,0.1655614972114563,0.2920835018157959,0.181862860918045,0.2140665054321289,0.0165516007691621,0.0128608718514442,0.0171742551028728,0.0257358849048614,0.2058536410331726,0.0686529874801635,0.0494160950183868,0.0284678451716899,0.3226074874401092,0.0644077062606811
0.2436368763446808,0.1091315895318985,0.4202159345149994,0.2432216852903366,0.3251171708106994,0.3986384868621826,0.1158908903598785,0.3323028087615967,0.044033944606781,0.0641418844461441,0.012757996097207,0.2230590879917144,0.2611145079135895,0.0536797009408474,0.5326569676399231,0.060395561158657,0.0130162583664059,0.1918236911296844,0.0398590415716171,0.1168191730976104,0.0709585696458816,0.1652329564094543,0.1310694813728332,0.0684930235147476,0.0167271234095096,0.2443719506263733,0.0460805036127567,0.1767737865447998,0.3411893844604492,0.1908942759037017,0.2345948219299316,0.0152676729485392,0.0139933247119188,0.0202690511941909,0.0281035397201776,0.1824637949466705,0.0668471008539199,0.0487334243953228,0.0311444103717803,0.3361115753650665,0.0579561963677406
0.211643099784851,0.1099020540714263,0.4056047797203064,0.2396220713853836,0.3109033703804016,0.3896747231483459,0.1273833811283111,0.3070850372314453,0.0479342862963676,0.0503903627395629,0.0188604183495044,0.2238544523715973,0.2184871137142181,0.0464426502585411,0.4636688828468323,0.084794096648693,0.0156215820461511,0.1470483839511871,0.0467084981501102,0.1350311040878296,0.0554659590125083,0.1724535524845123,0.1461434960365295,0.0709169954061508,0.0250942856073379,0.2152965515851974,0.0496899038553237,0.1764658689498901,0.3204964995384216,0.1773346364498138,0.2539394497871399,0.014271973632276,0.0120638534426689,0.0168908089399337,0.0268995743244886,0.214750200510025,0.0701433420181274,0.0483376607298851,0.0271900035440921,0.2909799218177795,0.0526205077767372
0.2338152676820755,0.1224408596754074,0.4030547142028808,0.2307405322790146,0.3025347590446472,0.3952786028385162,0.1257984787225723,0.3217066824436188,0.0436411425471305,0.0605444461107254,0.0142853129655122,0.2274725884199142,0.2386223226785659,0.0396525375545024,0.4836660027503967,0.0704053342342376,0.016040114685893,0.1558347791433334,0.043590672314167,0.1158408671617508,0.0698840841650962,0.1795842051506042,0.1528345048427581,0.0696366876363754,0.0193665642291307,0.2183065563440323,0.0505352914333343,0.1893199384212494,0.3324914574623108,0.1823143661022186,0.246814027428627,0.0158517751842737,0.0130573268979787,0.0182206593453884,0.0259056165814399,0.2077574431896209,0.070024698972702,0.0488423146307468,0.0290354285389184,0.292936772108078,0.0516218319535255
0.234042227268219,0.1235699355602264,0.3982065916061401,0.2334756553173065,0.303525447845459,0.3964870572090149,0.1241289228200912,0.3236020505428314,0.0434507690370082,0.0613967329263687,0.0145170483738183,0.228243812918663,0.2436165511608123,0.0396505370736122,0.4830718338489532,0.070603460073471,0.0160486437380313,0.1558932811021804,0.0432634353637695,0.1162937879562377,0.0708149969577789,0.1806197315454483,0.1544788777828216,0.0695069208741188,0.0190936736762523,0.2187269479036331,0.0496067143976688,0.1875640153884887,0.3325331509113312,0.180593654513359,0.2469893395900726,0.0159770771861076,0.0133068580180406,0.0185284856706857,0.0259753428399562,0.207637220621109,0.0698683261871337,0.0491540543735027,0.0290978178381919,0.2902320921421051,0.0513847172260284
0.2321605235338211,0.1211281716823577,0.4002500772476196,0.2250086367130279,0.3036409616470337,0.4001476764678955,0.1232904940843582,0.3244519531726837,0.0432105772197246,0.0623257793486118,0.0151089541614055,0.2295593619346618,0.2359981834888458,0.0430536344647407,0.4790350496768951,0.0711072161793708,0.0147762596607208,0.1550734788179397,0.0418439172208309,0.1155233532190322,0.073965698480606,0.183606743812561,0.1524563282728195,0.0693674683570861,0.016342019662261,0.2210084348917007,0.0484761223196983,0.1825627982616424,0.3285090923309326,0.1777576804161071,0.2454325556755066,0.0149221196770668,0.0131895989179611,0.0188678912818431,0.0259975418448448,0.2045468986034393,0.0696766078472137,0.0491673685610294,0.029447266831994,0.2881760001182556,0.051973570138216
0.2288005352020263,0.1211137399077415,0.4022519588470459,0.2211369127035141,0.3058982491493225,0.4019277095794678,0.1233802884817123,0.3227109611034393,0.0429460331797599,0.0556878298521041,0.0152290258556604,0.2271699011325836,0.2346092462539672,0.0429220348596572,0.4816114604473114,0.0713762193918228,0.0150457415729761,0.1584088802337646,0.0416548326611518,0.1161320880055427,0.0733417496085167,0.182618498802185,0.1512233763933181,0.0665026754140853,0.0171625297516584,0.2236279845237732,0.0493311882019043,0.1846683174371719,0.3414839506149292,0.1794697195291519,0.2498296201229095,0.0153393354266881,0.0135286804288625,0.0191712789237499,0.0260470174252986,0.2077061980962753,0.0706907957792282,0.0491107255220413,0.0294773764908313,0.2926991879940033,0.0528019592165946
0.2126958519220352,0.1164987683296203,0.4078941643238067,0.2438147366046905,0.3109405636787414,0.3969672620296478,0.1315691471099853,0.3082060217857361,0.0478380098938941,0.0522662140429019,0.0187875553965568,0.2215895056724548,0.2211069762706756,0.0494816228747367,0.4620021879673004,0.0799394026398658,0.0151821784675121,0.1486653089523315,0.0447375103831291,0.1329058110713958,0.0729120001196861,0.1669928282499313,0.1450398564338684,0.0669691488146781,0.0210791155695915,0.2140507251024246,0.0473994128406047,0.1697947978973388,0.3036834597587585,0.1755393296480178,0.2500223815441131,0.0135435098782181,0.0123932529240846,0.0171467922627925,0.025832001119852,0.2218851596117019,0.0713629648089408,0.0472783632576465,0.0270909965038299,0.284701943397522,0.052594318985939
0.2144345343112945,0.1137964129447937,0.4332616031169891,0.2335560619831085,0.3203029036521911,0.3933058977127075,0.1190160363912582,0.3030214309692383,0.0469759777188301,0.0610902868211269,0.0251741129904985,0.2180508524179458,0.2222948968410492,0.0525483414530754,0.4795355796813965,0.0721175521612167,0.0149702941998839,0.1543050557374954,0.0410104319453239,0.1294479817152023,0.0809473544359207,0.1640844792127609,0.1400408446788787,0.0623942092061042,0.0182831231504678,0.2205482125282287,0.05167131498456,0.1711725890636444,0.3538336157798767,0.1875397861003875,0.2687979340553283,0.0150661896914243,0.0157191585749387,0.0193402227014303,0.0271835308521986,0.2117795348167419,0.070509061217308,0.0480298288166523,0.0288238190114498,0.3119392096996307,0.0574103444814682
0.2150739580392837,0.1089313179254531,0.4340166449546814,0.2245810031890869,0.3037047386169433,0.3888337612152099,0.1213259026408195,0.3059863746166229,0.0462174266576767,0.0515208542346954,0.0256214700639247,0.2169383764266967,0.2074812948703766,0.0583147183060646,0.4663165807723999,0.0728055611252784,0.0151468273252248,0.1477514207363128,0.0416637733578681,0.1254850625991821,0.0785159319639206,0.1690869927406311,0.1389764547348022,0.0631324797868728,0.0178749375045299,0.2208193093538284,0.0533052906394004,0.1744110286235809,0.3615092933177948,0.1869599670171737,0.2724441587924957,0.014731515198946,0.0163780376315116,0.029996508732438,0.0251649376004934,0.2094137817621231,0.0707995072007179,0.0478745512664318,0.0284454375505447,0.3140578866004944,0.0579397417604923
0.2175188213586807,0.1101207062602043,0.4413821101188659,0.2262910008430481,0.3184168934822082,0.3917044103145599,0.1227017641067504,0.3085788488388061,0.0469634011387825,0.0514832288026809,0.0253116246312856,0.2178720086812973,0.2110567986965179,0.0583623126149177,0.4685252010822296,0.0727546736598014,0.0152871748432517,0.1484263837337494,0.042065892368555,0.1058995202183723,0.0783338397741317,0.1699547618627548,0.1414034813642501,0.0636444389820098,0.0176124200224876,0.2195469439029693,0.0535938777029514,0.17535200715065,0.3587679266929626,0.1868104338645935,0.271678626537323,0.0146086867898702,0.0157128274440765,0.0185665152966976,0.0270389523357152,0.2096977680921554,0.0709032416343689,0.0478637143969535,0.0284246616065502,0.3124819695949554,0.0571849718689918
0.2274247705936432,0.1171001940965652,0.4454436600208282,0.2387125045061111,0.3303989768028259,0.4002767503261566,0.1218902468681335,0.3154527544975281,0.0478377155959606,0.0611892640590667,0.0265813879668712,0.2213290184736251,0.2305068671703338,0.0605890899896621,0.4855581820011139,0.071581520140171,0.0152589734643697,0.1452899128198623,0.0409382842481136,0.1287375539541244,0.0751802772283554,0.1648202240467071,0.1416415423154831,0.0631248280405998,0.0175254419445991,0.2144599705934524,0.0535476543009281,0.1669210195541381,0.3467361032962799,0.1812337338924408,0.2643391489982605,0.0143718058243393,0.0147229870781302,0.0183117557317018,0.0269116219133138,0.2157522439956665,0.0706992596387863,0.0470148548483848,0.0275952778756618,0.301846444606781,0.0553963668644428
0.2322764694690704,0.118987888097763,0.4514916539192199,0.2367151975631714,0.3186345100402832,0.4038077592849731,0.1219664737582206,0.3185230195522308,0.0476363934576511,0.062294527888298,0.0259614158421754,0.2226751148700714,0.2328890562057495,0.0596458986401557,0.4864341020584106,0.071745753288269,0.014984855428338,0.1423384845256805,0.0408069714903831,0.129285916686058,0.073635309934616,0.166187584400177,0.1426096558570861,0.062528520822525,0.0170322842895984,0.2116213142871856,0.0529250390827655,0.166485458612442,0.3388108909130096,0.1793630123138427,0.2604695558547973,0.014005172997713,0.0143169211223721,0.0201477743685245,0.0353453569114208,0.2166796326637268,0.0704294592142105,0.0464693307876586,0.0275173597037792,0.2996758222579956,0.0547095537185668
0.2195262312889099,0.1169279813766479,0.397078275680542,0.2112561911344528,0.2974679172039032,0.3691115379333496,0.1246308013796806,0.2999150156974792,0.0455092266201972,0.0520322397351264,0.0202744640409946,0.221727043390274,0.2113915681838989,0.057119034230709,0.4635179042816162,0.0780252069234848,0.0181024558842182,0.1538653373718261,0.0496817603707313,0.1056764870882034,0.0610739886760711,0.1758527010679245,0.1420795768499374,0.0748627260327339,0.0262404903769493,0.2274715006351471,0.0531646497547626,0.1999582350254058,0.3634922504425049,0.1833790838718414,0.2729786336421966,0.0154746547341346,0.0131658315658569,0.0197440274059772,0.0268559996038675,0.2293922305107116,0.0751235634088516,0.0517886355519294,0.0291816927492618,0.2835790514945984,0.0516214519739151
0.2057783156633377,0.1120090782642364,0.3928356766700744,0.208873838186264,0.2965918779373169,0.3685771226882934,0.1290235370397567,0.2963334918022156,0.0450384281575679,0.052723754197359,0.0206904374063015,0.2189792841672897,0.2094209790229797,0.0502665303647518,0.4640825092792511,0.0777129605412483,0.0181166380643844,0.1578478515148162,0.0485060811042785,0.1057406663894653,0.0628651604056358,0.1730574667453766,0.1497795581817627,0.073721744120121,0.0267016924917697,0.2291677296161651,0.0537368692457675,0.1997836381196975,0.3686392307281494,0.1836660206317901,0.2747679352760315,0.0158377103507518,0.0140040796250104,0.0197064410895109,0.0266313888132572,0.2303568720817566,0.0761820077896118,0.0522631332278251,0.0291990786790847,0.2891603112220764,0.0519604347646236
0.2309553921222686,0.1136334538459777,0.4347635209560394,0.2506054043769836,0.3344138562679291,0.4027675092220306,0.1094538867473602,0.3000994324684143,0.0557853579521179,0.0662493929266929,0.0195756591856479,0.2071890830993652,0.2551085948944092,0.0526347905397415,0.5314221382141113,0.061323694884777,0.0143835619091987,0.2126356065273285,0.042770367115736,0.1195397973060607,0.0967028737068176,0.1385732740163803,0.1225503385066986,0.0712693035602569,0.0175847597420215,0.2686605453491211,0.0541769936680793,0.1822324991226196,0.3827534317970276,0.2058808803558349,0.2577919960021972,0.0186358261853456,0.0174455270171165,0.0216310918331146,0.0281268283724784,0.2002807110548019,0.0759880989789962,0.060048833489418,0.0291493609547615,0.3631038069725036,0.0663400888442993
0.2312254905700683,0.113850325345993,0.4318739175796509,0.2476219683885574,0.3348931670188904,0.4053423106670379,0.1094283610582351,0.304151713848114,0.0553346276283264,0.066950500011444,0.0190982148051261,0.2079602479934692,0.2554832100868225,0.056921474635601,0.5298905372619629,0.0655937790870666,0.0141616808250546,0.2105108797550201,0.0418997257947921,0.1207740232348442,0.0962268114089965,0.1395732164382934,0.1230055019259452,0.0698125883936882,0.0164371225982904,0.2659122347831726,0.0524358041584491,0.1811469793319702,0.3800168633460998,0.2039150148630142,0.2570623755455017,0.0179096423089504,0.0170442573726177,0.0217831078916788,0.0278407298028469,0.1967164576053619,0.0746082961559295,0.0591422319412231,0.028838500380516,0.3606837391853332,0.0655768364667892
0.2091100513935089,0.1002004668116569,0.4479921460151672,0.1935346573591232,0.3313665986061096,0.400892972946167,0.1213442683219909,0.3062777519226074,0.0409992113709449,0.0679676756262779,0.0157107450067996,0.2168397307395935,0.2128551304340362,0.0473751500248909,0.4963820874691009,0.0734939351677894,0.0135589390993118,0.1790348589420318,0.0393657349050045,0.1213817819952964,0.0725699886679649,0.1725343763828277,0.127736285328865,0.0670610219240188,0.0190912447869777,0.226785272359848,0.0540606975555419,0.1961591839790344,0.3718453645706177,0.2008040994405746,0.256398856639862,0.0155405420809984,0.0145462080836296,0.0187468864023685,0.0263277012854814,0.1905496716499328,0.0730227306485176,0.0498031899333,0.0302237700670957,0.3214510083198547,0.0660253688693046
0.2199057042598724,0.1033327355980873,0.4464709460735321,0.2018278539180755,0.3311558067798614,0.3997227847576141,0.1208159327507019,0.3046658635139465,0.0413359813392162,0.069247767329216,0.0157312620431184,0.2158902585506439,0.2204479873180389,0.0481023043394088,0.5014162063598633,0.0731359645724296,0.0136480247601866,0.1828702986240387,0.0402148626744747,0.1237758994102478,0.0745302513241767,0.1703652441501617,0.1285294592380523,0.0674645230174064,0.0195712856948375,0.2297448515892028,0.0542854480445385,0.1939557939767837,0.3754462599754333,0.2031474560499191,0.2568460702896118,0.0158685334026813,0.0148335490375757,0.0188092868775129,0.0263895113021135,0.1913340985774994,0.073938749730587,0.050699658691883,0.0303429532796144,0.3245457410812378,0.0665006339550018
0.2156172394752502,0.1181354895234108,0.4596709012985229,0.1766565442085266,0.3442889451980591,0.4105640947818756,0.1202158778905868,0.3269485831260681,0.052638866007328,0.0783290788531303,0.0220853295177221,0.2306822538375854,0.2600703537464142,0.0596432760357856,0.4917680919170379,0.0661382973194122,0.0165673159062862,0.1802655756473541,0.0361806526780128,0.1433387994766235,0.0805001109838485,0.1842698454856872,0.147449180483818,0.0627756267786026,0.0146121950820088,0.2017131745815277,0.0525369010865688,0.1886554956436157,0.3767480552196502,0.1778685301542282,0.2698425650596618,0.0124515136703848,0.0111699346452951,0.0124289710074663,0.0360122397541999,0.187655434012413,0.0679555833339691,0.0492598302662372,0.0246646869927644,0.2802158296108246,0.0569871924817562
0.2424946576356887,0.1275710761547088,0.4515199959278106,0.2114048153162002,0.3295329511165619,0.4052978456020355,0.0977517217397689,0.3178138136863708,0.0430203229188919,0.0761186555027961,0.0111607098951935,0.227807804942131,0.2514615356922149,0.0435051620006561,0.5166044235229492,0.0654556006193161,0.0142050459980964,0.1611942648887634,0.0380094051361084,0.1198976188898086,0.0802876204252243,0.1703456938266754,0.1496521532535553,0.0608269162476062,0.0164858400821685,0.2079529464244842,0.0484994985163211,0.1838217824697494,0.3323454260826111,0.1880779266357422,0.2420186996459961,0.0134526025503873,0.011728479526937,0.0177062563598155,0.0272205974906682,0.1907298266887664,0.0695089474320411,0.0466443300247192,0.0288214497268199,0.2881523072719574,0.057203684002161
0.2488128840923309,0.137223333120346,0.4515899419784546,0.2255216240882873,0.3335736989974975,0.3916426002979278,0.1154978796839714,0.3079442977905273,0.0548909455537796,0.0746215134859085,0.0142320869490504,0.2217971384525299,0.2561525106430053,0.0384729914367198,0.5202085375785828,0.0644021779298782,0.0140250269323587,0.1608565747737884,0.0378229320049285,0.1333066076040268,0.0803471356630325,0.1613562256097793,0.1521566063165664,0.0619957670569419,0.0173481274396181,0.2142018973827362,0.0527027063071727,0.1892618983983993,0.3485633134841919,0.1975835561752319,0.2507534623146057,0.0148029141128063,0.0124955419450998,0.0172867327928543,0.0263970959931612,0.19901704788208,0.0699187368154525,0.0545645877718925,0.0253722965717315,0.2919692993164062,0.0578264370560646
0.2459980547428131,0.1330768465995788,0.4571595191955566,0.2233030498027801,0.3338292241096496,0.3924385607242584,0.1153358072042465,0.3046383261680603,0.0547049418091774,0.0730926543474197,0.0145622277632355,0.2223266363143921,0.2506844997406006,0.0521083287894725,0.5213073492050171,0.0664713680744171,0.0138882938772439,0.1604013741016388,0.0376291312277317,0.1216058880090713,0.0810500383377075,0.1606104373931884,0.148586556315422,0.0614439398050308,0.0170911215245723,0.215433195233345,0.0521025471389293,0.1870886087417602,0.347158133983612,0.1962882578372955,0.2507194280624389,0.0146310832351446,0.0124190784990787,0.0174542609602212,0.0264186225831508,0.1992148160934448,0.0697749406099319,0.0545357801020145,0.0256673879921436,0.2933531403541565,0.0582686737179756
0.2536695897579193,0.1367031782865524,0.4576815068721771,0.23445725440979,0.3318124115467071,0.401280790567398,0.1157547831535339,0.3091909885406494,0.055340226739645,0.0727987438440322,0.0151337794959545,0.2230436354875564,0.2604692578315735,0.0455280803143978,0.5183808207511902,0.0673096925020217,0.0140104060992598,0.1682559251785278,0.0384798347949981,0.1216532215476036,0.0809643864631652,0.1609869301319122,0.1528958827257156,0.0613371394574642,0.0180983543395996,0.2176413536071777,0.0506935268640518,0.182789146900177,0.3404618501663208,0.1892793178558349,0.2539227604866028,0.0148047115653753,0.0118987169116735,0.0171886924654245,0.025947019457817,0.203672394156456,0.0696569606661796,0.0549821779131889,0.0252023749053478,0.2927543222904205,0.0577301532030105
0.2539756596088409,0.1359288394451141,0.4576978385448456,0.2379541397094726,0.3314977586269378,0.40402752161026,0.1161146834492683,0.3091874718666076,0.0554232224822044,0.0731516927480697,0.0148837659507989,0.2217835187911987,0.2626888155937195,0.0386688522994518,0.5204960107803345,0.0672560632228851,0.0140429399907588,0.1697401404380798,0.0384170711040496,0.1215523779392242,0.0804170072078704,0.1612240374088287,0.1519717872142791,0.0616199150681495,0.0180801004171371,0.2195851355791092,0.0501390323042869,0.1827772855758667,0.3408708274364471,0.1881700605154037,0.252423495054245,0.0149675719439983,0.012017223984003,0.0171432215720415,0.0259306468069553,0.2041895538568496,0.069665253162384,0.0554091669619083,0.0251767355948686,0.2948938012123108,0.0577608235180377
0.2463337928056717,0.1247437298297882,0.4743140339851379,0.2134408354759216,0.335759550333023,0.4131106734275818,0.1250920891761779,0.3122681975364685,0.0440261252224445,0.0738483592867851,0.0150063037872314,0.2205371409654617,0.2559159100055694,0.0619945153594017,0.5226784944534302,0.0676660239696502,0.0137729253619909,0.1638972163200378,0.0368720442056655,0.1236320734024047,0.076461985707283,0.167052537202835,0.1497185379266739,0.0596756786108017,0.0172554198652505,0.2186331748962402,0.0490911528468132,0.1839290857315063,0.3457551002502441,0.1882321238517761,0.2564457654953003,0.0146031891927123,0.0116040185093879,0.0174304004758596,0.0265346821397542,0.2032860517501831,0.0688882917165756,0.0495209246873855,0.0288143567740917,0.2952075600624084,0.0565457679331302
0.2484887540340423,0.1302739977836609,0.4533835053443908,0.2305849194526672,0.3307567834854126,0.4015533328056335,0.1198083907365799,0.307058185338974,0.0565838068723678,0.070776343345642,0.0146619230508804,0.2258778810501098,0.2461815625429153,0.0389889888465404,0.5066657662391663,0.0689174830913543,0.0139162056148052,0.1602667719125747,0.0389798730611801,0.1165461987257003,0.0715092495083808,0.1621311902999878,0.1475386023521423,0.0652095228433609,0.0175766460597515,0.2186869382858276,0.0496859215199947,0.1824995130300521,0.3309580683708191,0.1908182799816131,0.2508753538131714,0.0151400379836559,0.0112473145127296,0.0159111842513084,0.0254331231117248,0.203475996851921,0.0708197280764579,0.0541499704122543,0.0250016413629055,0.2881061434745788,0.0565397180616855
0.2494577318429947,0.1243200153112411,0.4571009874343872,0.2232697755098343,0.3345009386539459,0.4148693978786468,0.1306797713041305,0.3235778212547302,0.0427195057272911,0.0755079686641693,0.0158151108771562,0.2195042669773101,0.2441258728504181,0.0452882647514343,0.5152822136878967,0.0671414881944656,0.0133245605975389,0.1651928573846817,0.0362317711114883,0.1176066100597381,0.071285180747509,0.1715556979179382,0.151621788740158,0.0605786740779876,0.0173399057239294,0.2188979238271713,0.0479794032871723,0.1834661960601806,0.3446137309074402,0.189731478691101,0.2519554495811462,0.0146569367498159,0.0127363819628953,0.0172654539346694,0.0265800692141056,0.2007981091737747,0.0696239098906517,0.0502779819071292,0.0290682725608348,0.2961706519126892,0.0572499260306358
0.2452102303504943,0.1215887293219566,0.4606360197067261,0.2229401618242263,0.3347811698913574,0.4155706763267517,0.1317023336887359,0.3223640620708465,0.0427848473191261,0.0750422775745391,0.0158055629581213,0.2200870513916015,0.2416091859340667,0.0453689582645893,0.5178536176681519,0.0678350627422332,0.0133933527395129,0.1669744551181793,0.0370058044791221,0.1182466894388198,0.0734888464212417,0.1716784834861755,0.150347352027893,0.0615042820572853,0.0178650431334972,0.2179514765739441,0.048580564558506,0.184161975979805,0.3450343608856201,0.1905339956283569,0.250079333782196,0.0150377405807375,0.0128812938928604,0.0172539222985506,0.0265813097357749,0.2009035348892212,0.0700175389647483,0.0500232875347137,0.0292128715664148,0.2999368906021118,0.0581817924976348
0.2390995919704437,0.1345912963151931,0.4507722854614258,0.2257050275802612,0.3411189317703247,0.4122076630592346,0.1254773736000061,0.3332739472389221,0.0565423145890235,0.0765852928161621,0.0155204124748706,0.2333866953849792,0.2532915472984314,0.0651701390743255,0.4892959594726562,0.069500520825386,0.0143493749201297,0.1513436436653137,0.0367480255663394,0.1106186956167221,0.0638832747936248,0.1772702038288116,0.1511190235614776,0.0684952437877655,0.0175751633942127,0.2045946717262268,0.0484526455402374,0.1823191940784454,0.3213177919387817,0.1860508918762207,0.2415016442537307,0.0132792983204126,0.0107987821102142,0.0089904461055994,0.0321031101047992,0.1992964148521423,0.0676405131816864,0.0518087968230247,0.023756381124258,0.2780590355396271,0.0557445809245109
0.2383187562227249,0.1214195191860199,0.4648287296295166,0.2101442068815231,0.3323251605033874,0.4129562377929687,0.1276321113109588,0.322472482919693,0.0415640249848365,0.0740870013833046,0.0117040928453207,0.2256217151880264,0.2289782464504242,0.0448907166719436,0.5066592693328857,0.0664926767349243,0.0139241944998502,0.1697734296321869,0.0363496057689189,0.1171452850103378,0.0746689960360527,0.1757954955101013,0.139547973871231,0.0635372102260589,0.0167345330119133,0.2099612653255462,0.0498369857668876,0.1922051310539245,0.3493669927120209,0.1918068379163742,0.245020717382431,0.0151826087385416,0.0132587756961584,0.017638124525547,0.0267177652567625,0.1975477039813995,0.0696675330400466,0.0484243407845497,0.0294467005878686,0.3064448237419128,0.0609461180865764
0.2507849931716919,0.1348258852958679,0.4471303224563598,0.2030869126319885,0.3424665331840515,0.4194121956825256,0.1243566870689392,0.332039475440979,0.0522124953567981,0.0801227539777755,0.014879098162055,0.2360294610261917,0.2622078657150268,0.0423144772648811,0.5153300762176514,0.0664496421813964,0.0132144726812839,0.1677608489990234,0.0352443233132362,0.117914393544197,0.0738110467791557,0.1718330532312393,0.158258631825447,0.0631703659892082,0.0149468798190355,0.2079529464244842,0.047058567404747,0.1844030618667602,0.3439666032791137,0.1867074072360992,0.2465335875749588,0.0137309012934565,0.0128459762781858,0.0108072087168693,0.0326026529073715,0.1939373165369033,0.0698230862617492,0.0516368299722671,0.0258566662669181,0.2806580364704132,0.0568796098232269
0.2362297475337982,0.124596506357193,0.4638832211494446,0.1966237127780914,0.3295509815216064,0.4142800569534302,0.1244466751813888,0.3240047097206116,0.0510386489331722,0.0740773975849151,0.0173770021647214,0.2303285896778106,0.2427714467048645,0.0645746886730194,0.5130423307418823,0.0670604854822158,0.0134739903733134,0.1732289791107177,0.035746730864048,0.1211617887020111,0.079797476530075,0.1716408729553222,0.15051931142807,0.0601715818047523,0.015428602695465,0.213766872882843,0.0488221347332,0.1878593266010284,0.3659229278564453,0.1885085701942443,0.2596558928489685,0.0141476895660161,0.0128768216818571,0.0195754393935203,0.0362539589405059,0.1958298981189727,0.0701650977134704,0.0518127866089344,0.026386585086584,0.2957026958465576,0.0596429891884326
0.2543102204799652,0.1291811764240265,0.4558992087841034,0.1950521171092987,0.3432127833366394,0.4230506718158722,0.1291527152061462,0.3408840894699096,0.0412710234522819,0.0792564898729324,0.0141573883593082,0.2346880435943603,0.2574344277381897,0.0411498472094535,0.5156241059303284,0.0657495558261871,0.0128540275618433,0.1597124338150024,0.0343625992536544,0.1189610883593559,0.0719180405139923,0.1770631968975067,0.1601541638374328,0.0599094405770301,0.0141629725694656,0.2059572041034698,0.046079397201538,0.1827576011419296,0.3353350460529327,0.1836745738983154,0.2462007701396942,0.012941014021635,0.0126247955486178,0.0112258912995457,0.0336190685629844,0.1899307966232299,0.0699111223220825,0.0448619052767753,0.0291561782360076,0.2735199332237243,0.0546864718198776
0.2566579580307007,0.1327648013830185,0.4563037157058716,0.1959147155284881,0.3429290354251861,0.4232198596000671,0.1300431489944458,0.3432464599609375,0.0514281094074249,0.0800627842545509,0.0138014089316129,0.2343055009841919,0.2623263895511627,0.041427806019783,0.5157462358474731,0.0656263008713722,0.0128411585465073,0.1606423705816269,0.03492983430624,0.1188642680644989,0.0730271786451339,0.1780813783407211,0.1631545722484588,0.0601957142353057,0.0142511222511529,0.2082237303256988,0.0464846715331077,0.1849496066570282,0.3406285047531128,0.1838540434837341,0.2476372271776199,0.013013208284974,0.0131482388824224,0.0115658463910222,0.0337200053036212,0.1908343136310577,0.0697048902511596,0.0509021207690238,0.0253552943468093,0.2778778076171875,0.0551318004727363
0.2551416754722595,0.1308600008487701,0.4758811593055725,0.2080125957727432,0.3415341675281524,0.424201488494873,0.1321996748447418,0.3501853942871094,0.0526592321693897,0.0780633836984634,0.016565516591072,0.2334386557340622,0.2628862857818603,0.0665005445480346,0.5158184766769409,0.0656512603163719,0.0133504895493388,0.1666164100170135,0.0373014137148857,0.1182590201497078,0.0710931867361068,0.1824867576360702,0.1600637435913086,0.061313547194004,0.0149975484237074,0.2111577689647674,0.0489402115345001,0.1889299899339676,0.355196863412857,0.1810647249221801,0.254887044429779,0.0138732977211475,0.0129007073119282,0.0117580629885196,0.0352302826941013,0.1981240212917328,0.0690578445792198,0.052394364029169,0.0250566489994525,0.2860797643661499,0.0530880875885486
0.2579497992992401,0.1329657137393951,0.4735415577888489,0.2115246504545211,0.342156171798706,0.4246671199798584,0.1316811740398407,0.3501048386096954,0.052563689649105,0.0784248858690261,0.0167079977691173,0.2325298488140106,0.2648847997188568,0.0667049586772918,0.5174622535705566,0.0656049773097038,0.0133397113531827,0.1673945188522339,0.0374378487467765,0.1176718920469284,0.0711258649826049,0.1821025758981704,0.1602014452219009,0.0623520836234092,0.0150821302086114,0.2127397358417511,0.0492249503731727,0.1899299323558807,0.3567749559879303,0.1821324676275253,0.2544001340866089,0.0140743236988782,0.0132285570725798,0.0117375496774911,0.0351218618452549,0.2001150250434875,0.0693527609109878,0.0528834462165832,0.0251071043312549,0.2878115177154541,0.0535433627665042
0.2673956751823425,0.1337669342756271,0.4617819190025329,0.2111636996269226,0.3411165475845337,0.4300833940505981,0.1079742014408111,0.34773850440979,0.0532771460711956,0.0797569006681442,0.0134699810296297,0.235026866197586,0.2738832235336303,0.0434792414307594,0.5264129638671875,0.0655786767601966,0.0125949829816818,0.1608348488807678,0.0371873006224632,0.1205055564641952,0.0725940316915512,0.1785765886306762,0.1593560725450515,0.0627589225769043,0.0163524877279996,0.2103880196809768,0.0462199375033378,0.1826462745666504,0.3323481678962707,0.183027982711792,0.2367876470088958,0.0139685617759823,0.0132396649569273,0.011508553288877,0.0330965034663677,0.1947677582502365,0.0694572776556015,0.0527377799153327,0.024896465241909,0.2976517677307129,0.0576339773833751
0.2585408389568329,0.1309351325035095,0.4798054993152618,0.2101076245307922,0.3435600399971008,0.4298545718193054,0.1314660310745239,0.3481510877609253,0.0523150637745857,0.0806235671043396,0.0155271310359239,0.2306642085313797,0.2665778696537018,0.0652118921279907,0.5207719802856445,0.065393678843975,0.0132348723709583,0.1811229884624481,0.0381180718541145,0.1176332533359527,0.0708064436912536,0.1813146471977234,0.1572460085153579,0.0623548999428749,0.0167533662170171,0.2140496969223022,0.0479355901479721,0.1922526210546493,0.3561112880706787,0.1860834956169128,0.2482140362262725,0.0141484485939145,0.0132542997598648,0.0120573816820979,0.0350455865263938,0.1968355774879455,0.0697574317455291,0.0535937808454036,0.0251004956662654,0.3034860789775848,0.0570862516760826
0.2557710707187652,0.136769413948059,0.4399061203002929,0.2240078449249267,0.342881441116333,0.4201132655143738,0.1264219880104065,0.3387832939624786,0.0538456067442894,0.0823269337415695,0.0153941828757524,0.2342955619096756,0.2779782712459564,0.043974868953228,0.5160366892814636,0.0652298778295517,0.0130896493792533,0.1697577536106109,0.0389456003904342,0.1207447052001953,0.0734310150146484,0.1745018661022186,0.1497404277324676,0.0654612332582473,0.0158347263932228,0.2114908099174499,0.0483235046267509,0.1860134452581405,0.3464952409267425,0.1870681047439575,0.2420963048934936,0.0150065161287784,0.0136798387393355,0.0176705624908208,0.0266450233757495,0.1944135874509811,0.0705844387412071,0.0552467629313468,0.0259646847844123,0.2915824353694916,0.0563303306698799
0.2514662742614746,0.1358273327350616,0.437418669462204,0.2225603461265564,0.3421147167682647,0.4014623463153839,0.1254574656486511,0.3371614217758178,0.0538700446486473,0.0821961835026741,0.0155682489275932,0.2346776872873306,0.2777908444404602,0.0439863018691539,0.5148822069168091,0.0651840716600418,0.0132392849773168,0.1705019772052765,0.0389408618211746,0.1207901760935783,0.0734086111187934,0.1744809746742248,0.1489452868700027,0.0655525997281074,0.0157824866473674,0.2116228640079498,0.0485078394412994,0.1858357191085815,0.3470363616943359,0.1866885870695114,0.2421119809150695,0.0150384530425071,0.0138370301574468,0.017759159207344,0.0267079472541809,0.1941135674715042,0.0706649869680404,0.0552367009222507,0.0260108076035976,0.2914207279682159,0.0565004013478755
0.2325319498777389,0.1252868920564651,0.4559103846549988,0.208546757698059,0.3450641334056854,0.3972904682159424,0.1179104074835777,0.3191911578178406,0.0553494244813919,0.0746669769287109,0.0213056206703186,0.2291522026062011,0.2465112060308456,0.0559205636382103,0.4831886887550354,0.0688393861055374,0.0145197017118334,0.177540898323059,0.0404564216732978,0.112832024693489,0.0770842283964157,0.1745615601539611,0.1484303176403045,0.0651101022958755,0.0168098472058773,0.2149895429611206,0.0532893240451812,0.1880500316619873,0.3667210638523102,0.1864876449108123,0.2703422307968139,0.0141551280394196,0.0122475950047373,0.0173722654581069,0.0272482670843601,0.1943914592266082,0.0676390528678894,0.0523907020688056,0.0247682742774486,0.2973909080028534,0.0591055639088153
0.2506256401538849,0.1320430040359497,0.424479603767395,0.2277897000312805,0.3440362811088562,0.4063713550567627,0.1190938130021095,0.3377698361873626,0.0561232604086399,0.0785620808601379,0.0185377728193998,0.233049213886261,0.2598405182361603,0.0663829073309898,0.4847143888473511,0.0688800066709518,0.0141708888113498,0.1628964841365814,0.0416673459112644,0.1098411083221435,0.0707030743360519,0.1751103103160858,0.1568206548690796,0.0697733089327812,0.0184659454971551,0.2118626236915588,0.0495578311383724,0.1843695342540741,0.3404594361782074,0.1847779899835586,0.2502971887588501,0.0138423750177025,0.0106086041778326,0.0163455568253994,0.0265824254602193,0.1905605942010879,0.0668942555785179,0.0537889078259468,0.0255398377776145,0.2878291606903076,0.0567994005978107
0.2489812821149826,0.1323036402463913,0.4093979895114898,0.2142880260944366,0.3350131511688232,0.4094702005386352,0.118058905005455,0.3410094380378723,0.0448055267333984,0.0782971009612083,0.0121142510324716,0.2335809171199798,0.2589408755302429,0.0514819175004959,0.4805393815040588,0.0688847973942756,0.0149089060723781,0.1573927104473114,0.0396858677268028,0.1111912131309509,0.0650094375014305,0.17825847864151,0.1590088903903961,0.0680743604898452,0.0188732780516147,0.2066257894039154,0.0473778955638408,0.1864127814769745,0.3325293660163879,0.181815356016159,0.2440226376056671,0.0128163835033774,0.0112330466508865,0.0170539319515228,0.0262534040957689,0.1873239278793335,0.0662865042686462,0.0485023148357868,0.0286558549851179,0.2860031723976135,0.0575629696249961
0.2545600235462188,0.1353642493486404,0.4101508259773254,0.2184737920761108,0.3342859148979187,0.4097813069820404,0.1160603612661361,0.3406950831413269,0.0551482588052749,0.0777844935655593,0.0117024565115571,0.2337144315242767,0.2622893452644348,0.0513614565134048,0.4846020936965942,0.0687590017914772,0.015111818909645,0.1555054634809494,0.0394756942987442,0.1110964491963386,0.0658735036849975,0.1783179193735122,0.1592607349157333,0.0676463544368743,0.0183679014444351,0.2075782418251037,0.0475764460861682,0.1852793991565704,0.3269580602645874,0.1817102432250976,0.2404297888278961,0.0129642691463232,0.0114311538636684,0.017114620655775,0.026288079097867,0.1891749501228332,0.0662306100130081,0.0525738857686519,0.024768803268671,0.2854727506637573,0.0575622916221618
0.2724907994270324,0.1324106305837631,0.4319579601287842,0.2188756465911865,0.348224401473999,0.4239917397499084,0.125456228852272,0.3724299371242523,0.0440971963107585,0.0879961028695106,0.0119230058044195,0.2405111044645309,0.3338570594787597,0.0481488108634948,0.5836848020553589,0.0591747909784317,0.0128012970089912,0.1913257390260696,0.0379682816565036,0.1414095759391784,0.0999500453472137,0.1666061878204345,0.149813562631607,0.0608709715306758,0.0133271422237157,0.2131512463092804,0.0416679084300994,0.1692647784948349,0.3096967339515686,0.1821756213903427,0.2226806879043579,0.0128133222460746,0.0132584189996123,0.0181778743863105,0.0262627489864826,0.1637486070394516,0.0658998936414718,0.0448787882924079,0.0301899164915084,0.288089394569397,0.0571012943983078
0.2699273824691772,0.1306057274341583,0.4359169006347656,0.2136143743991851,0.3485298156738281,0.424161821603775,0.1258444190025329,0.3716764450073242,0.04401071742177,0.0873514637351036,0.0119072990491986,0.2405370622873306,0.3315937519073486,0.0441328883171081,0.5823267698287964,0.0592101700603961,0.0128948893398046,0.1917557418346405,0.0378607250750064,0.1413428783416748,0.100152663886547,0.16726815700531,0.1482740640640258,0.0606259554624557,0.0133573561906814,0.2125551104545593,0.0418004803359508,0.1700277626514434,0.3122651875019073,0.1823658347129821,0.2229148149490356,0.0128104528412222,0.0130178406834602,0.0181788224726915,0.0263847596943378,0.1632909178733825,0.065668448805809,0.0443654656410217,0.0302925184369087,0.2894318699836731,0.057403165847063
0.2574495077133178,0.1506696343421936,0.4097100496292114,0.2147295325994491,0.3554724454879761,0.4252882599830627,0.1206393018364906,0.3526009917259216,0.0537172816693782,0.091271236538887,0.0168991666287183,0.2296887040138244,0.3245072662830353,0.0553749613463878,0.5255268812179565,0.0687744319438934,0.0132840303704142,0.2017408907413482,0.0338762998580932,0.1397562772035598,0.0877647697925567,0.1700210869312286,0.1477983593940735,0.0645283237099647,0.0155781963840126,0.2214734852313995,0.0456789880990982,0.187306746840477,0.3648812472820282,0.1910753548145294,0.2433535754680633,0.0142207322642207,0.0148338200524449,0.0198310166597366,0.0271894205361604,0.187350183725357,0.0642956718802452,0.0549375489354133,0.0262331552803516,0.3100066781044006,0.0611237585544586
0.2736700773239136,0.1402710080146789,0.4091180264949798,0.233083501458168,0.3539721369743347,0.424201637506485,0.1145196184515953,0.3597310781478882,0.054643228650093,0.0885468572378158,0.0148712787777185,0.2373438477516174,0.3145845532417297,0.0555969104170799,0.5311062335968018,0.0685352236032486,0.0135376527905464,0.1886658072471618,0.0371347889304161,0.1271315217018127,0.0798274353146553,0.1729867756366729,0.1491412222385406,0.0653776302933693,0.0127742420881986,0.2236401885747909,0.0445605814456939,0.1781589686870575,0.3363763988018036,0.1851506680250167,0.232635498046875,0.0139896366745233,0.0122345071285963,0.018009778112173,0.026723463088274,0.173743262887001,0.0643820688128471,0.0538270622491836,0.0261568166315555,0.2835521399974823,0.0544643960893154
0.2324930429458618,0.1274300813674926,0.4549269676208496,0.2185348272323608,0.3390067815780639,0.4057090878486633,0.1210622116923332,0.3189753592014313,0.055724948644638,0.0755809992551803,0.0185895506292581,0.2286173105239868,0.2582939863204956,0.0414396524429321,0.5080717206001282,0.0687332600355148,0.014782091602683,0.1720388382673263,0.0406842082738876,0.1215739101171493,0.0738509744405746,0.175893098115921,0.1387441307306289,0.0695240199565887,0.0191387943923473,0.2120570689439773,0.0557711571455001,0.1930555552244186,0.3685120940208435,0.1944169253110885,0.2530025839805603,0.0156291536986827,0.0124863805249333,0.017771465703845,0.0277482718229293,0.2006880342960357,0.0696362406015396,0.0545668676495552,0.0258082896471023,0.3075347244739532,0.060516458004713
0.2395386099815368,0.1342381685972213,0.4576095044612884,0.2311588525772094,0.3405476808547973,0.4028147757053375,0.1194009780883789,0.3180883526802063,0.0567977242171764,0.0741043761372566,0.018902575597167,0.230253979563713,0.2726268768310547,0.0413813181221485,0.5146167278289795,0.0683620274066925,0.0150501672178506,0.1756008565425872,0.041616391390562,0.1228887438774108,0.0814829021692276,0.1715119183063507,0.1411831378936767,0.0692994967103004,0.0187739245593547,0.2093769907951355,0.0561273768544197,0.192382127046585,0.3681537508964538,0.1945470720529556,0.2549508810043335,0.0158790275454521,0.011805310845375,0.0174681041389703,0.0277744643390178,0.2001998722553253,0.0695417821407318,0.0555382966995239,0.0259834825992584,0.3013905882835388,0.0590253509581089
0.2568442225456238,0.1415296196937561,0.4120974540710449,0.2317913174629211,0.3379644155502319,0.412299633026123,0.1160989850759506,0.3491627871990204,0.0470873787999153,0.0796678215265274,0.0110833272337913,0.2475884854793548,0.2938123941421509,0.0470781624317169,0.4859601855278015,0.0662640184164047,0.0157551355659961,0.1586727648973465,0.0401417762041091,0.1143029183149337,0.0660764798521995,0.1785646826028823,0.1514137834310531,0.0681454092264175,0.0156156411394476,0.1940939724445343,0.0468259118497371,0.1814185082912445,0.3204261064529419,0.1809938549995422,0.2324909567832946,0.013075953349471,0.0097585283219814,0.015627384185791,0.0258629545569419,0.1810574382543563,0.0649605989456176,0.0462841689586639,0.0283539984375238,0.2722680270671844,0.0610702894628047
0.2362228035926818,0.1299849152565002,0.4480646252632141,0.2231387495994568,0.3372018337249756,0.409930944442749,0.1239383295178413,0.3387191295623779,0.046497069299221,0.0770695209503173,0.0127988252788782,0.2349738776683807,0.2711875736713409,0.0417508035898208,0.4978269636631012,0.0668714493513107,0.0152266975492239,0.1716005355119705,0.0402085557579994,0.1189523488283157,0.0733101665973663,0.1805560439825058,0.1428669542074203,0.0672924369573593,0.0183584913611412,0.1981036514043808,0.0508355349302291,0.1887540966272354,0.3499560058116913,0.186627596616745,0.2453751862049102,0.0141771882772445,0.011177584528923,0.0166672989726066,0.027691900730133,0.1886072754859924,0.0672035366296768,0.0482293590903282,0.0290497690439224,0.28866708278656,0.057267390191555
0.1554165184497833,0.0743602961301803,0.4601030945777893,0.1247367858886718,0.3535434007644653,0.4285881519317627,0.1568745076656341,0.2956826090812683,0.0566237233579158,0.0720090568065643,0.0248114224523305,0.2429736256599426,0.2133435159921646,0.072698563337326,0.4859085083007812,0.0782193690538406,0.0137581378221511,0.2102710902690887,0.0457454249262809,0.1347455978393554,0.0961345210671424,0.1973116546869278,0.128148078918457,0.0735048204660415,0.0234628096222877,0.1761431545019149,0.0534101836383342,0.2055471241474151,0.3893618881702423,0.1816562414169311,0.2885459661483764,0.0282021630555391,0.0252527873963117,0.0207369476556777,0.0360191613435745,0.1703680753707885,0.0682861655950546,0.0406753346323967,0.0253661219030618,0.3181778788566589,0.0562332645058631
0.1577236950397491,0.077098898589611,0.4592586755752563,0.124446652829647,0.3536792397499084,0.4319442510604858,0.1559543013572693,0.3001593351364136,0.0561558008193969,0.0734637230634689,0.0238320082426071,0.2442100793123245,0.2146591246128082,0.0708995535969734,0.4857812225818634,0.0781197398900985,0.0137989185750484,0.2084994614124298,0.0455967485904693,0.1353175938129425,0.0962442830204963,0.2001264542341232,0.1208588927984237,0.0727373883128166,0.0231411345303058,0.1730511635541916,0.0519346036016941,0.2052209377288818,0.3825008273124695,0.1809814572334289,0.2858060002326965,0.0276410058140754,0.0246385224163532,0.0205503441393375,0.035725113004446,0.1677463352680206,0.0674306154251098,0.0401376597583293,0.0251887515187263,0.3138045966625213,0.0549304783344268
0.1743049621582031,0.0786473378539085,0.463004320859909,0.1325086206197738,0.3589948415756225,0.4309412837028503,0.1488776504993438,0.331540048122406,0.0566025599837303,0.0740357041358947,0.0219998154789209,0.2453310191631317,0.2294257879257202,0.0683175176382064,0.5105171203613281,0.0776862204074859,0.0123502574861049,0.2083882689476013,0.0449871979653835,0.1358705013990402,0.0878447443246841,0.1902724802494049,0.1274188458919525,0.0684234499931335,0.020114304497838,0.18465656042099,0.0497700273990631,0.1984305381774902,0.3757977485656738,0.1823264807462692,0.2765220403671264,0.0280185434967279,0.0233561247587203,0.0229398049414157,0.0347959920763969,0.1748314946889877,0.0718491971492767,0.0442159585654735,0.0263096094131469,0.3167563080787658,0.0563563480973243
0.17239411175251,0.0771948024630546,0.5161376595497131,0.1341504454612732,0.3575146496295929,0.4295145869255066,0.1480870246887207,0.3253134191036224,0.0573664046823978,0.0726478025317192,0.022735396400094,0.243460550904274,0.2239088863134384,0.069685623049736,0.5076985359191895,0.0787142962217331,0.0122557710856199,0.209902286529541,0.0455283522605896,0.135214701294899,0.0894322544336319,0.1883397400379181,0.1260973215103149,0.0610328316688537,0.0211288668215274,0.1881701499223709,0.0513668730854988,0.1998763680458068,0.3818597197532654,0.1847547590732574,0.280452013015747,0.0171880070120096,0.0122055765241384,0.0234523154795169,0.0351833589375019,0.1768392622470855,0.0726218968629837,0.0451923161745071,0.0266913771629333,0.3208745121955871,0.0576070509850978
0.168843388557434,0.088734470307827,0.4810711145401001,0.1366716027259826,0.3466958999633789,0.4046658873558044,0.1372375786304474,0.3271965086460113,0.0421844683587551,0.0676194205880165,0.0160060115158557,0.2437785863876342,0.2116331607103347,0.0602247714996337,0.469741016626358,0.0793739557266235,0.0123483147472143,0.2000643610954284,0.0422603338956832,0.133608728647232,0.0717918872833252,0.1921817362308502,0.1271531581878662,0.0666515156626701,0.0194670092314481,0.1831936985254287,0.0524466484785079,0.2043449282646179,0.3663105368614197,0.1882439255714416,0.2698231339454651,0.0136448862031102,0.0079823955893516,0.0176415219902992,0.0332384370267391,0.1713066697120666,0.0707241892814636,0.0395898967981338,0.0294836983084678,0.3012313842773437,0.0535567328333854
0.1672331690788269,0.0887547805905342,0.4804534912109375,0.1356184482574463,0.3513886928558349,0.4085044860839844,0.1405304074287414,0.3341118097305298,0.0506840981543064,0.0694767981767654,0.0161574929952621,0.244357019662857,0.2151848822832107,0.0709768235683441,0.47035613656044,0.0761715695261955,0.0122881485149264,0.2000815719366073,0.0413757190108299,0.1326777338981628,0.0711613520979881,0.194406658411026,0.1262260824441909,0.0659833997488021,0.0192607399076223,0.1835781782865524,0.0511992499232292,0.2043638676404953,0.3708854913711548,0.1865614056587219,0.2707161605358124,0.0130932070314884,0.0075308037921786,0.0178381036967039,0.032894492149353,0.1698899716138839,0.071123294532299,0.0443543940782547,0.02664016187191,0.2988114953041076,0.0532882921397686
0.1858217418193817,0.0962206721305847,0.4626015424728393,0.1486817151308059,0.3501161932945251,0.4011213183403015,0.1320338547229766,0.3367904424667358,0.0411933362483978,0.069529965519905,0.0164401363581419,0.2363714277744293,0.226737767457962,0.0698485970497131,0.4722670316696167,0.0770880281925201,0.0161505453288555,0.1950010061264038,0.0391165800392627,0.1318086683750152,0.0666117295622825,0.1925426870584488,0.1306360960006714,0.0650040060281753,0.022328682243824,0.1827597916126251,0.0504710301756858,0.1980954706668853,0.3682103157043457,0.1830514818429947,0.2645582556724548,0.0126981483772397,0.0083882352337241,0.0161509327590465,0.0307593960314989,0.1754946410655975,0.0693232864141464,0.0416431576013565,0.0298950001597404,0.2886395454406738,0.0583304613828659
0.1847598403692245,0.0968555659055709,0.4573516845703125,0.1501136720180511,0.3490414917469024,0.3976591229438782,0.1307416260242462,0.3344716131687164,0.0500831678509712,0.0689668431878089,0.0202398281544446,0.2404548823833465,0.2288069576025009,0.0707677602767944,0.4706919193267822,0.0770217403769493,0.0164512321352958,0.1958456039428711,0.0395762920379638,0.1316483467817306,0.0668797492980957,0.1919910013675689,0.1299152672290802,0.0659103691577911,0.0228430218994617,0.18401600420475,0.0512609519064426,0.19948610663414,0.373721718788147,0.184315338730812,0.2668300271034241,0.0130595350638031,0.0085701355710625,0.0160289295017719,0.0306882914155721,0.1771023720502853,0.0695574209094047,0.0467365980148315,0.0267227720469236,0.3007595241069793,0.0536251850426197
0.1802323758602142,0.0922200009226799,0.462242841720581,0.1530044376850128,0.3444824814796448,0.3937386274337768,0.1266020983457565,0.3215116262435913,0.0509418360888958,0.065209686756134,0.0166698601096868,0.2274110615253448,0.2194614261388778,0.0698821991682052,0.4718440771102905,0.0767948478460311,0.0164611618965864,0.1966194659471511,0.0400709323585033,0.1299556791782379,0.0707648545503616,0.1860227286815643,0.1283518970012664,0.0659191906452179,0.0193792674690485,0.1912020742893219,0.050717569887638,0.1968005448579788,0.3727850317955017,0.1845433413982391,0.272727906703949,0.0127111971378326,0.0082786744460463,0.0181058272719383,0.0307317283004522,0.1792836338281631,0.0696462839841842,0.0476903691887855,0.0260677896440029,0.3006734848022461,0.0615156143903732
0.182338610291481,0.0932578444480896,0.4630952477455139,0.1535376608371734,0.3426850140094757,0.3947574496269226,0.1260606795549392,0.322184681892395,0.0507883876562118,0.0651203244924545,0.0164337381720542,0.23172427713871,0.2199328690767288,0.0696803480386734,0.4725848138332367,0.0773726776242256,0.0165007784962654,0.1964944303035736,0.0404819175601005,0.1298451423645019,0.0727042332291603,0.187415599822998,0.1306138932704925,0.0666902512311935,0.0197441820055246,0.1911650896072387,0.0510533079504966,0.1984114348888397,0.3719975352287292,0.1860768347978592,0.272299587726593,0.0128155685961246,0.0080902250483632,0.0182501710951328,0.0309012159705162,0.1793601810932159,0.0697408020496368,0.0474182330071926,0.026010263711214,0.3111409544944763,0.0548678450286388
0.1937656551599502,0.1110670939087867,0.4606056213378906,0.1507623046636581,0.3465349376201629,0.4102129340171814,0.1217442154884338,0.32427579164505,0.0504369363188743,0.0746333599090576,0.0226740576326847,0.2346755862236023,0.2479667067527771,0.0666091665625572,0.4785583019256592,0.0793695449829101,0.0126851722598075,0.1658834517002105,0.0385965816676616,0.138899564743042,0.0828486829996109,0.1839780211448669,0.1427769511938095,0.0645798444747924,0.0191959962248802,0.1981700360774994,0.0512395352125167,0.1941619366407394,0.3833121657371521,0.1857143938541412,0.2788596153259277,0.0121925547719001,0.0093103302642703,0.0161734912544488,0.0291119255125522,0.1829826235771179,0.0683581754565239,0.0483199208974838,0.0254319459199905,0.3064362406730652,0.0568009987473487
0.1928229331970214,0.1104875802993774,0.461245059967041,0.1504873782396316,0.346668541431427,0.4096160233020782,0.1217036247253418,0.3241155445575714,0.0505523607134819,0.0641908794641494,0.0229401551187038,0.2354326546192169,0.2477647066116333,0.0672624260187149,0.4778907597064972,0.0792743191123008,0.0128042185679078,0.1677239388227462,0.0387717820703983,0.1395893692970276,0.0835449770092964,0.1852187514305114,0.1419943571090698,0.0647143572568893,0.0194614473730325,0.1993533074855804,0.051473069936037,0.1949840486049652,0.3875270187854767,0.1863795071840286,0.2813164293766022,0.0121276034042239,0.0091022551059722,0.0162066854536533,0.0294218845665454,0.1818437278270721,0.0685520619153976,0.0482035689055919,0.0255138389766216,0.3063559532165527,0.0568848736584186
0.1880838871002197,0.0989790707826614,0.4559506773948669,0.1588154584169387,0.3354041576385498,0.4032244980335235,0.1396772563457489,0.3364925980567932,0.039245992898941,0.0791339576244354,0.0167854987084865,0.2356907129287719,0.2206139266490936,0.0673083215951919,0.474825918674469,0.0708393007516861,0.0153976837173104,0.1886100322008133,0.0396589636802673,0.1321543157100677,0.0683219283819198,0.1949801445007324,0.1424876600503921,0.0719663500785827,0.0203972235321998,0.1929772943258285,0.0500567480921745,0.1965890675783157,0.3573712706565857,0.1888664215803146,0.261451244354248,0.0126370191574096,0.0078145023435354,0.0189540386199951,0.030147299170494,0.1772050857543945,0.0670631676912307,0.0441168583929538,0.0299673080444335,0.3045224547386169,0.0526381283998489
0.1863788366317749,0.098208799958229,0.4603346288204193,0.1576196849346161,0.3359113335609436,0.4018920660018921,0.1399048566818237,0.3355383574962616,0.0394306406378746,0.0786310881376266,0.016684291884303,0.2359468340873718,0.2197121977806091,0.0688109993934631,0.4750246703624725,0.0776488110423088,0.0154512906447052,0.1899989992380142,0.0397900938987731,0.1335061639547348,0.0680925995111465,0.1955495178699493,0.13438481092453,0.0725499093532562,0.0166066233068704,0.1943806111812591,0.0500034354627132,0.197025865316391,0.3627428114414215,0.1882993429899215,0.2646886110305786,0.0123158022761344,0.0073677217587828,0.0185704976320266,0.0300319790840148,0.176624521613121,0.0670966804027557,0.0444887913763523,0.0299372896552085,0.3062818348407745,0.0527587942779064
0.1899648308753967,0.1144476756453514,0.4627657234668731,0.1517247408628463,0.3489564061164856,0.4114493131637573,0.1267699599266052,0.3279597163200378,0.0499346703290939,0.0782550424337387,0.0246875155717134,0.2322275340557098,0.2542775571346283,0.0671277344226837,0.4893189668655395,0.0786728635430336,0.0159671697765588,0.1915861517190933,0.0381902381777763,0.1425440460443496,0.0838535577058792,0.1849106252193451,0.1442947387695312,0.0635866522789001,0.0173033960163593,0.2011115252971649,0.0516726523637771,0.1934716403484344,0.3925372362136841,0.1864831298589706,0.2836911976337433,0.0118625629693269,0.0099694412201642,0.0190466120839118,0.0300872139632701,0.1822682619094848,0.0688251703977584,0.0489149689674377,0.0257435590028762,0.3022753596305847,0.0630698651075363
0.1891712695360183,0.1156130954623222,0.4604953825473785,0.1491982042789459,0.3497927784919739,0.4114164412021637,0.1252111941576004,0.3285316526889801,0.049984335899353,0.0789520591497421,0.0246224328875541,0.232266366481781,0.2549258172512054,0.0671489387750625,0.4890134334564209,0.0785799697041511,0.016087332740426,0.1932742893695831,0.0379375256597995,0.1430527567863464,0.0845858454704284,0.1843601167201995,0.1440054029226303,0.0636444240808487,0.0176349990069866,0.2010538578033447,0.0518624112010002,0.1947686821222305,0.3968099355697632,0.1876297891139984,0.2851011157035827,0.0118541680276393,0.0100143793970346,0.0192543677985668,0.030041180551052,0.1816829144954681,0.0691237226128578,0.0490750484168529,0.0258836448192596,0.3035931289196014,0.0633042827248573
0.1852280795574188,0.112375259399414,0.4607178866863251,0.1449958086013794,0.3480952382087707,0.4112455248832702,0.1228489428758621,0.3232520520687103,0.0495456904172897,0.0672648102045059,0.0233131609857082,0.2280238568782806,0.2458182275295257,0.0662070959806442,0.4867715835571289,0.0787111595273017,0.0160479396581649,0.1902266442775726,0.0363725796341896,0.1523312926292419,0.0854799970984458,0.1833608597517013,0.1448597013950348,0.0607613809406757,0.0172899309545755,0.2004344314336776,0.0515451095998287,0.1964501440525055,0.3967384696006775,0.1873194724321365,0.2844963073730469,0.0117955124005675,0.010907769203186,0.0167170912027359,0.0290500521659851,0.1824327707290649,0.0690686032176017,0.048464685678482,0.0251574739813804,0.308807224035263,0.0651633888483047
0.1860516816377639,0.1112162321805954,0.4689046144485473,0.1441306173801422,0.3495317697525024,0.4123878180980682,0.1227631717920303,0.3208168148994446,0.0499133430421352,0.0764302462339401,0.0235293786972761,0.2269773483276367,0.2441683113574981,0.0647967010736465,0.4890767633914947,0.0792042762041091,0.0158174782991409,0.1874291896820068,0.0360223203897476,0.1532357633113861,0.0868335962295532,0.1804344803094864,0.1438110172748565,0.0594618767499923,0.016919681802392,0.2003769278526306,0.0511769987642765,0.1942059397697448,0.3932442665100097,0.1855985075235366,0.2835884988307953,0.0115952817723155,0.0108019523322582,0.0167835652828216,0.0286304950714111,0.1836829185485839,0.0693358555436134,0.0483238920569419,0.0248510334640741,0.3104076385498047,0.0657141059637069
0.2000724673271179,0.1031053811311721,0.4699534475803375,0.149974450469017,0.3399980068206787,0.4169456362724304,0.1308612674474716,0.3277757465839386,0.0398062020540237,0.0672087520360946,0.0195347797125577,0.2270718514919281,0.2293057143688202,0.0645130574703216,0.4870123863220215,0.0776555389165878,0.0152313951402902,0.1856946349143982,0.0377289354801178,0.1398539990186691,0.0797004848718643,0.1823427379131317,0.1446367800235748,0.0635492652654647,0.017668655142188,0.1959993243217468,0.0497568883001804,0.1956893801689148,0.3664151728153229,0.1867749392986297,0.2632126212120056,0.0120716663077473,0.0090272165834903,0.0191625282168388,0.0301515348255634,0.1780328452587127,0.068670317530632,0.0435881465673446,0.0290443077683448,0.305155873298645,0.0635924562811851
0.1858055740594864,0.1143812090158462,0.464177131652832,0.1536328792572021,0.3430364429950714,0.4090001285076141,0.1234823837876319,0.3252003490924835,0.0506756752729415,0.0626550018787384,0.02168027497828,0.2275678515434265,0.2430169880390167,0.0539623536169528,0.4774194061756134,0.0788535177707672,0.0157305262982845,0.1846107542514801,0.0375840365886688,0.14828422665596,0.0823223888874054,0.1827556937932968,0.1445408016443252,0.0708060711622238,0.0170985907316207,0.2001771479845047,0.0501273870468139,0.1941422224044799,0.3778870105743408,0.185562789440155,0.2699309587478637,0.0115664936602115,0.0108715966343879,0.0162836089730262,0.0287982765585184,0.1823789626359939,0.0690651386976242,0.0484286285936832,0.0242694243788719,0.3098000884056091,0.0661415159702301
0.2030818313360214,0.107328400015831,0.4804010391235351,0.1469825059175491,0.344279795885086,0.4174540042877197,0.1318697184324264,0.3293822407722473,0.0405019968748092,0.0775939598679542,0.01833769492805,0.2269103825092315,0.237869456410408,0.0645062923431396,0.4922654628753662,0.0769826471805572,0.0153839271515607,0.1836844980716705,0.0375315472483634,0.1337278187274933,0.0905519872903823,0.1836358308792114,0.1499371081590652,0.0632642209529876,0.0165089610964059,0.1947292983531952,0.0515883229672908,0.1973514854907989,0.3730200529098511,0.1870542466640472,0.265275776386261,0.011985563673079,0.0090634729713201,0.0193030685186386,0.0309526436030864,0.1753399819135666,0.068773940205574,0.0443305447697639,0.0293309204280376,0.3070755898952484,0.0637372061610221
0.2030181586742401,0.1067343577742576,0.483951210975647,0.1506899148225784,0.345214307308197,0.4178332686424255,0.1331077516078949,0.3283049464225769,0.0410151481628418,0.0775515437126159,0.0182559043169021,0.2264496982097625,0.2368906438350677,0.0642599463462829,0.4920678734779358,0.0771889239549636,0.0153297074139118,0.1850067228078842,0.0380708463490009,0.1337458789348602,0.0903716832399368,0.1836728751659393,0.1500227004289627,0.0641420632600784,0.0168736893683671,0.1959376633167266,0.0523694828152656,0.197177842259407,0.3723259270191192,0.1879273653030395,0.2659118175506592,0.0121798552572727,0.0088791660964488,0.0191391129046678,0.0307440347969532,0.1760264337062835,0.068910002708435,0.0446840189397335,0.0293056275695562,0.3072382807731628,0.0636672675609588
0.1951845586299896,0.0859323143959045,0.4790410697460174,0.1575601994991302,0.3633076548576355,0.4270203113555908,0.136744886636734,0.3552842736244201,0.0395187176764011,0.0859315171837806,0.0223159790039062,0.227234736084938,0.2567267417907715,0.0748544633388519,0.5338276624679565,0.0721079409122467,0.0135174542665481,0.2295432686805725,0.0384972319006919,0.1387809813022613,0.0870838314294815,0.1785321533679962,0.1438791751861572,0.0689358711242675,0.015586782246828,0.2113880813121795,0.0546167381107807,0.1961641162633896,0.3956701755523681,0.192549467086792,0.2714662253856659,0.0180422905832529,0.0132050579413771,0.0183546282351017,0.0404065735638141,0.1580244898796081,0.0686870068311691,0.0514854378998279,0.033584140241146,0.3342325687408447,0.0649769604206085
0.1761765778064727,0.0845086425542831,0.4844506978988647,0.1587567329406738,0.3658839464187622,0.4280839562416076,0.1358104944229126,0.3533604145050049,0.0400006994605064,0.0858460515737533,0.0228634979575872,0.2261192500591278,0.2553452849388122,0.0744230300188064,0.5368949174880981,0.0722680836915969,0.0136467106640338,0.2314293086528778,0.0388890467584133,0.1374661177396774,0.0897707715630531,0.1774829924106598,0.143763780593872,0.064405933022499,0.0165322814136743,0.212989941239357,0.0554772540926933,0.1969290673732757,0.4208546280860901,0.1942567378282547,0.2725720107555389,0.0188261196017265,0.0137778799980878,0.0184758510440588,0.0406338013708591,0.1599348485469818,0.0693307518959045,0.0518183559179306,0.0335207618772983,0.3389879465103149,0.0662874728441238
0.1850292086601257,0.0817038863897323,0.4385557770729065,0.1949744373559951,0.3432736694812774,0.3858964443206787,0.1408184170722961,0.3133343458175659,0.044283352792263,0.0642779916524887,0.0251877140253782,0.2208502292633056,0.2212843894958496,0.0564585030078887,0.4788868129253387,0.0797595754265785,0.0155050661414861,0.2087083458900451,0.0423394218087196,0.1238510012626648,0.0661058574914932,0.1808065921068191,0.1196797490119934,0.072976529598236,0.0246995165944099,0.2215795665979385,0.0556511096656322,0.1967954933643341,0.4256410002708435,0.1964905560016632,0.2789032459259033,0.0197200663387775,0.0168650709092617,0.0195204056799411,0.0282494947314262,0.1904250383377075,0.0741502195596695,0.0488239005208015,0.0317247658967971,0.3410320878028869,0.0600190684199333
0.1529048979282379,0.0796766206622123,0.4401100575923919,0.1962161213159561,0.3409501314163208,0.3855211734771728,0.1408165693283081,0.3091980516910553,0.0443293713033199,0.062811903655529,0.0260768719017505,0.2200796902179718,0.2166051119565963,0.0575120970606803,0.4777541160583496,0.0805742442607879,0.0156839005649089,0.2125449925661087,0.0428333915770053,0.1214260309934616,0.0664388686418533,0.1807211637496948,0.1183943897485733,0.0739542841911315,0.0253991689532995,0.223922848701477,0.0563321635127067,0.199840098619461,0.4416505098342895,0.1983481794595718,0.2804395854473114,0.0206800065934658,0.0177771188318729,0.0204362347722053,0.0285137742757797,0.193961501121521,0.0750120282173156,0.049350082874298,0.0318595208227634,0.3446634709835052,0.0610208511352539
0.211099699139595,0.1144147664308548,0.4435987472534179,0.1967411339282989,0.338301807641983,0.3896203339099884,0.1191436573863029,0.3157703876495361,0.0566671304404735,0.0652145147323608,0.022462410852313,0.2187637537717819,0.2332324981689453,0.0686667710542678,0.5001531839370728,0.0713556930422782,0.0149645218625664,0.2032181471586227,0.0379794538021087,0.1179728358983993,0.0723593309521675,0.163756787776947,0.1292718946933746,0.0752404034137725,0.0198332741856575,0.2197622656822204,0.0544198267161846,0.1921738237142563,0.4199555218219757,0.198068618774414,0.2854653596878052,0.0191674828529357,0.0184928998351097,0.0151627901941537,0.0257949791848659,0.1961161345243454,0.070898912847042,0.0507879853248596,0.0265377983450889,0.3346236944198608,0.0674435272812843
0.1885807514190673,0.0945736095309257,0.4576071798801422,0.2192847728729248,0.3389922380447387,0.380094051361084,0.1232349276542663,0.3140081763267517,0.0586262755095958,0.0654216855764389,0.018753757700324,0.2234683334827423,0.2265852093696594,0.047968503087759,0.4960071742534637,0.0688269659876823,0.0149633362889289,0.2054382860660553,0.046173769980669,0.1122162491083145,0.0715804696083068,0.1726565062999725,0.123984158039093,0.0769176930189132,0.0186897031962871,0.2324285209178924,0.0576718896627426,0.194619670510292,0.416692852973938,0.2045085579156875,0.2667340934276581,0.0198928657919168,0.0163365993648767,0.0187181271612644,0.029373925179243,0.1915310770273208,0.0717206448316574,0.0535933785140514,0.0299551580101251,0.342399537563324,0.0592428855597972
0.2142733186483383,0.0977376475930213,0.4652518033981323,0.2171258181333542,0.3405495882034302,0.382276177406311,0.1230113059282302,0.3213794827461242,0.0589204356074333,0.0647581666707992,0.0181577745825052,0.2395935356616974,0.2303094267845153,0.0469054244458675,0.5058711767196655,0.0688331350684166,0.0149741526693105,0.2059293687343597,0.046600054949522,0.1119476556777954,0.0774521827697753,0.1753752529621124,0.129136636853218,0.0773647278547287,0.0237991400063037,0.232988178730011,0.0581156909465789,0.197951853275299,0.3905785679817199,0.2070011347532272,0.2620812058448791,0.0191396251320838,0.0158683713525533,0.0188309550285339,0.0297629963606596,0.1879645884037017,0.0715636610984802,0.0541805252432823,0.0298318713903427,0.3224349021911621,0.0844793915748596
0.2185072302818298,0.1137371063232421,0.4561801552772522,0.2082026898860931,0.3402845859527588,0.3963591456413269,0.1237489432096481,0.324576199054718,0.0571444928646087,0.0636222958564758,0.0219214130192995,0.2220804691314697,0.2397805750370025,0.0580407567322254,0.5151500701904297,0.0723455399274826,0.0146642662584781,0.20150226354599,0.038559153676033,0.1026659086346626,0.0731458067893982,0.1678992360830307,0.1312050074338913,0.076659619808197,0.0180724039673805,0.2252270430326461,0.0539942942559719,0.1906644999980926,0.4094182848930359,0.1980359256267547,0.2797145843505859,0.0187266450375318,0.0177890714257955,0.0195152796804904,0.0299157500267028,0.1979548931121826,0.0711107701063156,0.0519639067351818,0.0266311280429363,0.3308926820755005,0.0671328604221344
0.1968767940998077,0.1057118624448776,0.4201599955558777,0.2354107052087783,0.3348553776741028,0.3877006471157074,0.1275544464588165,0.3087896108627319,0.0590834990143775,0.0572404824197292,0.0219847317785024,0.2205299437046051,0.2396034002304077,0.0491372868418693,0.4832774102687835,0.0676687061786651,0.0152620896697044,0.1653506606817245,0.0428869873285293,0.1268270313739776,0.0741021260619163,0.1667177975177765,0.1306519359350204,0.0690793246030807,0.024044245481491,0.2275763303041458,0.0491364821791648,0.1846830546855926,0.3691420555114746,0.1898481696844101,0.2646927535533905,0.0163885094225406,0.0130430869758129,0.0141532374545931,0.0227987002581357,0.1930897235870361,0.0693951547145843,0.0508650168776512,0.0253391470760107,0.3122013807296753,0.0564665086567401
0.1976560056209564,0.106126494705677,0.4234252870082855,0.2390048950910568,0.3325899541378021,0.3861744403839111,0.1274125874042511,0.3064006567001343,0.0489496737718582,0.0563272759318351,0.0210947412997484,0.2210700809955597,0.2375851422548294,0.0500106215476989,0.4814704060554504,0.068122811615467,0.0153293684124946,0.1656672954559326,0.0434392914175987,0.1266852021217346,0.0736516788601875,0.1664487421512603,0.1318708658218383,0.0703611820936203,0.0254577230662107,0.2276284992694854,0.0496404021978378,0.1855792105197906,0.365668386220932,0.1914739161729812,0.2634016871452331,0.0164838377386331,0.0129979997873306,0.0139254378154873,0.0227675717324018,0.1931786388158798,0.0699938386678695,0.0462630279362201,0.0281971506774425,0.3135327398777008,0.0563884526491165
0.198615550994873,0.1106363087892532,0.425329178571701,0.2237788140773773,0.3265199959278106,0.3930098414421081,0.1296982169151306,0.314545601606369,0.058222223073244,0.0627095177769661,0.0185844954103231,0.226531907916069,0.2385515868663787,0.0543047450482845,0.4934032261371612,0.0744466483592987,0.0147099420428276,0.1893608272075653,0.040589615702629,0.1318599581718444,0.0888988450169563,0.1642899215221405,0.1452922075986862,0.0658896043896675,0.0223422683775424,0.2164370566606521,0.0481974184513092,0.1818619519472122,0.355740875005722,0.1896063983440399,0.2616746425628662,0.01562344096601,0.0165396872907876,0.0173442848026752,0.0278267972171306,0.18854421377182,0.0669595748186111,0.0510399155318737,0.0253325216472148,0.3070423007011413,0.0649077594280242
0.1994387805461883,0.0989561676979065,0.4329504370689392,0.2462781965732574,0.3167200982570648,0.3655005097389221,0.1336916387081146,0.2935498058795929,0.0494123771786689,0.0568493381142616,0.0158689282834529,0.2317715287208557,0.2209734171628952,0.0429181717336177,0.4896995723247528,0.0697677731513977,0.0154461897909641,0.1726737320423126,0.0460420660674572,0.1051416993141174,0.0693986266851425,0.1637918055057525,0.1246086582541465,0.0735610127449035,0.0223093070089817,0.2399943321943283,0.0532032698392868,0.1915384083986282,0.365374356508255,0.2011630684137344,0.255483865737915,0.0187175776809453,0.016288511455059,0.0167937725782394,0.0269484315067529,0.2035228610038757,0.0743010640144348,0.0473770387470722,0.0294478870928287,0.3075442016124725,0.07968769967556
0.1966959238052368,0.0860863253474235,0.4510474503040313,0.2315406203269958,0.316186249256134,0.3695231974124908,0.1318593621253967,0.2895392179489136,0.0494484789669513,0.0526153817772865,0.0167235732078552,0.2284889817237854,0.209526389837265,0.0532775670289993,0.4845243096351623,0.0718460083007812,0.0146546866744756,0.1919878870248794,0.0494111366569995,0.1067052334547042,0.074688471853733,0.1664814352989196,0.1197644621133804,0.0692050829529762,0.0225406028330326,0.2386745512485504,0.0514575019478797,0.189624011516571,0.3638789057731628,0.1970567107200622,0.25673907995224,0.0184170808643102,0.0168932881206274,0.0190453734248876,0.0283252038061618,0.193382054567337,0.0737126022577285,0.0473138764500618,0.0294264610856771,0.3248354494571686,0.0831144973635673
0.1964257955551147,0.0858460143208503,0.4543502330780029,0.2243170291185379,0.319790780544281,0.3732991516590118,0.13339164853096,0.2930729389190674,0.0495115481317043,0.053695622831583,0.0167914181947708,0.2138639837503433,0.211042582988739,0.052732415497303,0.4876901805400848,0.0722454413771629,0.0144500453025102,0.1922811269760131,0.0484288334846496,0.1175456047058105,0.0755568146705627,0.1673437058925628,0.120991513133049,0.067816637456417,0.0224714130163192,0.2365484535694122,0.0507205761969089,0.1891997009515762,0.3666936159133911,0.1969937682151794,0.2582469582557678,0.0185031294822692,0.0166769176721572,0.0192852281033992,0.0285007897764444,0.1921116113662719,0.0732602030038833,0.0470643155276775,0.0296348668634891,0.3420239388942718,0.0606615804135799
0.1938640922307968,0.0858299061655998,0.4462370276451111,0.2203751057386398,0.3164445161819458,0.3670385479927063,0.1277301609516143,0.2894997894763946,0.0504052489995956,0.0521516650915145,0.0185374077409505,0.2137442082166671,0.2040853798389434,0.0409333929419517,0.4800103902816772,0.0741196572780609,0.0147508569061756,0.1909422874450683,0.0494732782244682,0.1045370027422905,0.0750780254602432,0.1671423614025116,0.1201959177851677,0.0707215070724487,0.0239511951804161,0.2320866584777832,0.0542193166911602,0.192010298371315,0.3750281929969787,0.1996803283691406,0.2629548013210296,0.0199439320713281,0.0183686651289463,0.018899530172348,0.0282994471490383,0.198251336812973,0.0731776803731918,0.0468674041330814,0.0296908877789974,0.33837890625,0.0600632615387439
0.1928007900714874,0.0858577042818069,0.442326009273529,0.2235525697469711,0.3146800100803375,0.3700594007968902,0.1302118301391601,0.2905191779136657,0.0505994446575641,0.0526456534862518,0.0182089023292064,0.228165403008461,0.2089107632637024,0.0534744970500469,0.4851141571998596,0.0736617222428321,0.0148441921919584,0.191547155380249,0.0489760190248489,0.1049877852201461,0.0744300484657287,0.1674817949533462,0.1216001659631729,0.0706903785467147,0.0232709348201751,0.23556749522686,0.0533268451690673,0.1907182484865188,0.3681256771087646,0.199442982673645,0.2598514556884765,0.0195122826844453,0.0177227519452571,0.0190248899161815,0.0283665508031845,0.1964263916015625,0.0729828178882598,0.0469505339860916,0.0295421089977026,0.3185228407382965,0.0820580571889877
0.1989612281322479,0.0872164070606231,0.4235627651214599,0.2363233566284179,0.3101852834224701,0.371220052242279,0.1303593218326568,0.294288158416748,0.048780657351017,0.0517861768603324,0.0179550629109144,0.2309153228998184,0.2147727906703949,0.0480828545987606,0.4819739460945129,0.0712915360927581,0.0148030556738376,0.169047474861145,0.0496310070157051,0.1129807829856872,0.0738067179918289,0.1679489761590957,0.12074526399374,0.0717165023088455,0.0214337222278118,0.2408496141433715,0.0506266579031944,0.1840408146381378,0.3484099209308624,0.1956436336040496,0.2489854842424392,0.0175481010228395,0.0169103797525167,0.0190339032560586,0.0281092002987861,0.1928187608718872,0.0726194679737091,0.0475525334477424,0.0292706955224275,0.317596286535263,0.0825242400169372
0.2171247750520706,0.1043372675776481,0.4419592916965484,0.2322559356689453,0.3376524150371551,0.3790323138236999,0.1171164885163307,0.3149968683719635,0.0474746823310852,0.0611912198364734,0.0208813957870006,0.2232390344142913,0.2492118626832962,0.0571562498807907,0.5118197202682495,0.0664130225777626,0.0142232496291399,0.2111608982086181,0.0460650920867919,0.118598073720932,0.0795114785432815,0.1598681360483169,0.1256055980920791,0.0714212357997894,0.0185982175171375,0.2454341351985931,0.0533143058419227,0.1882158815860748,0.3876813054084778,0.2050933092832565,0.2611733675003052,0.0185720343142747,0.0162421762943267,0.0200639963150024,0.0295274164527654,0.1841421723365783,0.0715122073888778,0.0513555780053138,0.032522514462471,0.3401792645454407,0.0595764443278312
0.2152583450078964,0.1062994003295898,0.4351783394813537,0.2357761859893798,0.3348928391933441,0.3813226222991943,0.1192147955298423,0.3199198246002197,0.0481872409582138,0.0608668327331543,0.016518959775567,0.2395318448543548,0.2557352185249328,0.0583441518247127,0.5124561190605164,0.0656050592660904,0.0150300478562712,0.2062728404998779,0.0473974980413913,0.1202992796897888,0.077181302011013,0.1611942499876022,0.1293539106845855,0.0739197880029678,0.0195130202919244,0.2413744628429412,0.0532142110168933,0.1910681128501892,0.3776573240756988,0.2060381472110748,0.254781037569046,0.0180143825709819,0.0145174209028482,0.0191819965839386,0.0296775922179222,0.1801589131355285,0.0704821944236755,0.050268605351448,0.0321897566318511,0.3202535808086395,0.0791307985782623
0.2159111350774765,0.1065096855163574,0.4378354549407959,0.2379235029220581,0.3365343809127807,0.3827375173568725,0.120969071984291,0.3170348405838012,0.0482608526945114,0.0611015036702156,0.0200359728187322,0.2385112643241882,0.2574992179870605,0.0570333190262317,0.5190877914428711,0.0653114169836044,0.0143142668530344,0.2071223706007003,0.0463362112641334,0.1218699887394905,0.0777671337127685,0.1583991944789886,0.1288902908563614,0.0713218972086906,0.0184592511504888,0.2433247566223144,0.0523955002427101,0.1865113675594329,0.3719536662101745,0.2033359855413437,0.2527008652687073,0.018057931214571,0.0148867862299084,0.0196410212665796,0.0297535732388496,0.1825599521398544,0.0705506950616836,0.0503937304019928,0.0321774147450923,0.3168672919273376,0.0793716162443161
0.2156883031129837,0.1058379933238029,0.4367752373218536,0.236559122800827,0.3323660790920257,0.3832262754440307,0.1217836141586303,0.3115938305854797,0.0474536977708339,0.0608374662697315,0.0197790879756212,0.221689760684967,0.2563015222549438,0.0560176745057106,0.5121617317199707,0.0652429983019828,0.0136463902890682,0.2084538340568542,0.0454899445176124,0.1196476966142654,0.0844892412424087,0.1547773480415344,0.1274484097957611,0.0692916363477706,0.016680683940649,0.2466709613800048,0.0488568730652332,0.1834219992160797,0.3708023428916931,0.199504941701889,0.2531687021255493,0.0176323782652616,0.0153843630105257,0.0203689262270927,0.0297904517501592,0.1848087012767791,0.0710485056042671,0.0505082234740257,0.0316747762262821,0.34088796377182,0.0608264543116092
0.2151902914047241,0.1030795276165008,0.436017781496048,0.2321902960538864,0.3337777853012085,0.3843444287776947,0.121899738907814,0.3110895752906799,0.0468919426202774,0.0613236352801322,0.0195391438901424,0.2219443917274475,0.2525133192539215,0.0556788966059684,0.5158476829528809,0.0649998933076858,0.0135355480015277,0.2069128900766372,0.0444842875003814,0.1197071820497512,0.0846690982580185,0.154798686504364,0.1270403712987899,0.0683529898524284,0.0164460651576519,0.2458695918321609,0.0485721267759799,0.1812092661857605,0.3678756356239319,0.1986826360225677,0.252207338809967,0.0176405105739831,0.0158748589456081,0.0207518301904201,0.0298598483204841,0.1843957901000976,0.0705422461032867,0.0501256920397281,0.0317384488880634,0.3394191265106201,0.0606440640985965
0.2176149487495422,0.1045420169830322,0.4617475867271423,0.23073610663414,0.3344603180885315,0.3990229368209839,0.1189292222261428,0.3081103563308716,0.0465007200837135,0.0606574565172195,0.0184347480535507,0.2204195261001587,0.2539725303649902,0.0551395155489444,0.5168381333351135,0.0681442320346832,0.0133239030838012,0.2048480063676834,0.0439180731773376,0.1201370432972908,0.0851435214281082,0.1531976610422134,0.123390331864357,0.0624450743198394,0.0156048908829689,0.2432264387607574,0.0497417673468589,0.1819306910037994,0.367874801158905,0.1978195905685424,0.2527127563953399,0.0180489439517259,0.0172028504312038,0.0214151665568351,0.0308753345161676,0.1882776618003845,0.0701982825994491,0.0498016923666,0.0317209847271442,0.3467362523078918,0.0624499693512916
0.2187206298112869,0.104387030005455,0.4615087509155273,0.2312018871307373,0.3369090557098388,0.398252934217453,0.1173896044492721,0.3076583743095398,0.046752706170082,0.0597780309617519,0.0190353244543075,0.2195980101823806,0.2535156011581421,0.0545064099133014,0.5195610523223877,0.0682557448744773,0.013402922078967,0.2064163386821746,0.0440726578235626,0.1205126494169235,0.0867407545447349,0.15179243683815,0.1241130083799362,0.0664498805999755,0.0156663991510868,0.2471325248479843,0.0497052520513534,0.1819000542163849,0.3712021112442016,0.1980001926422119,0.2564185857772827,0.0179430171847343,0.0164401363581419,0.0211296938359737,0.0304380506277084,0.1872139275074005,0.0708015859127044,0.0499238856136798,0.0316950716078281,0.3448165655136108,0.0619905181229114
0.2148096561431884,0.1093281656503677,0.4535854756832123,0.2332538813352584,0.3383246064186096,0.3854286074638366,0.1139945685863494,0.296676367521286,0.0596941784024238,0.0601192936301231,0.0218464396893978,0.2149349898099899,0.2541938424110412,0.0545551255345344,0.5214086771011353,0.0650546252727508,0.0144836334511637,0.2170805037021637,0.0457953438162803,0.1234694793820381,0.0946715921163559,0.141340285539627,0.1221997290849685,0.0694292783737182,0.0176487751305103,0.24485445022583,0.0542700588703155,0.1862691640853881,0.3880093097686767,0.2055849432945251,0.2642461061477661,0.019400455057621,0.0171762015670537,0.0209275037050247,0.0298746638000011,0.1956335306167602,0.0749935284256935,0.0592506900429725,0.0301700569689273,0.3532784581184387,0.0632113069295883
0.2128941714763641,0.1089789122343063,0.4521603882312774,0.2445226311683654,0.3406309485435486,0.3868123888969421,0.1134362071752548,0.2977261543273926,0.0596479922533035,0.0599606409668922,0.0215302128344774,0.2148128449916839,0.2565217614173889,0.0545540042221546,0.5214331150054932,0.0691653043031692,0.0145324058830738,0.2173044681549072,0.0455085523426532,0.1248419359326362,0.094770647585392,0.1412101089954376,0.1230278611183166,0.0685896873474121,0.0171570070087909,0.2445204555988311,0.0542731210589408,0.1857919245958328,0.3879590630531311,0.2046311348676681,0.264707088470459,0.0194806046783924,0.0170846246182918,0.0209298655390739,0.0297338422387838,0.1943983137607574,0.0750169530510902,0.0590638145804405,0.0301640667021274,0.3502326905727386,0.0626426041126251
0.1996606290340423,0.0970405116677284,0.4479279816150665,0.247810959815979,0.317477285861969,0.37876957654953,0.1216359585523605,0.2843128442764282,0.0514308139681816,0.0545710027217865,0.0168130286037921,0.213122472167015,0.2279688715934753,0.0475796423852443,0.4872124493122101,0.0696398168802261,0.0150834387168288,0.1631176173686981,0.0478148013353347,0.1252329647541046,0.0813637673854827,0.1502422094345092,0.1198904812335968,0.0687250643968582,0.0201658010482788,0.2315731942653656,0.0548414476215839,0.1828042268753051,0.3553736805915832,0.1915740072727203,0.2555565237998962,0.0179740972816944,0.0147095508873462,0.0174570567905902,0.027902889996767,0.204827532172203,0.0730837285518646,0.0467040985822677,0.0286066867411136,0.3391733169555664,0.0602254085242748
0.2231747806072235,0.1169122606515884,0.4507426619529724,0.2409663498401641,0.3375884294509887,0.3872986733913421,0.1084504574537277,0.3006287515163421,0.0496667847037315,0.0591379813849926,0.0204238109290599,0.2137706577777862,0.2684818208217621,0.0537358149886131,0.5282036066055298,0.0646954029798507,0.0145924519747495,0.2102992981672287,0.0465620979666709,0.1307658702135086,0.1086064875125885,0.1394504606723785,0.1255344450473785,0.0695138871669769,0.0164850130677223,0.2441347390413284,0.0552704334259033,0.185693085193634,0.3799943625926971,0.2041327953338623,0.2593398094177246,0.0189573820680379,0.0163037907332181,0.0205858536064624,0.0289705116301774,0.1980529725551605,0.0740195587277412,0.051588162779808,0.031561080366373,0.3516663312911987,0.0619751289486885
0.2240534275770187,0.1192207410931587,0.4374974370002746,0.2484573274850845,0.33463916182518,0.3861125111579895,0.1090541034936904,0.2978928685188293,0.0496123731136322,0.0599657893180847,0.0200438592582941,0.2270982563495636,0.2732312977313995,0.0559201464056968,0.5308366417884827,0.0642319843173027,0.0148569671437144,0.2154780477285385,0.0465939193964004,0.1335171163082122,0.0947823524475097,0.1411548852920532,0.1274067461490631,0.0673863738775253,0.0165651217103004,0.2478000521659851,0.056144081056118,0.1867661327123642,0.3880258798599243,0.2065218091011047,0.2614461481571197,0.0204586200416088,0.0178046263754367,0.0205905884504318,0.0292813088744878,0.2002507150173187,0.0753299593925476,0.0527239106595516,0.0320478826761245,0.3708211183547973,0.0744157135486602
0.2282791137695312,0.120135486125946,0.4353708326816559,0.2479073703289032,0.334020733833313,0.3856171667575836,0.1093893498182296,0.2963179349899292,0.0495067685842514,0.0600222535431385,0.0198381263762712,0.208404079079628,0.2750424742698669,0.0560251623392105,0.5346550345420837,0.0671459212899208,0.0148974834010005,0.2167714238166809,0.0461936295032501,0.1338451951742172,0.0977818518877029,0.1393148452043533,0.1272737234830856,0.0669491738080978,0.016548965126276,0.248541921377182,0.0563251972198486,0.1814295947551727,0.393951416015625,0.2080469727516174,0.2610033750534057,0.0205068122595548,0.0184799954295158,0.0210755597800016,0.0293688718229532,0.2002966403961181,0.0755467340350151,0.0529669672250747,0.0322251617908477,0.383679986000061,0.0639263466000557
0.2094884365797042,0.1109214648604393,0.4384776949882507,0.2192238569259643,0.3484761118888855,0.3890950083732605,0.1074922084808349,0.2989065647125244,0.0476130843162536,0.0632228255271911,0.0196984596550464,0.2114977836608886,0.2658469974994659,0.0539760887622833,0.5442705154418945,0.0658028721809387,0.01454016007483,0.2135716080665588,0.0439640507102012,0.1383706033229828,0.0968193486332893,0.141381949186325,0.124100923538208,0.062839463353157,0.017175018787384,0.2371379286050796,0.0550379306077957,0.1868608593940735,0.3990891873836517,0.2069443464279174,0.2709227800369262,0.0200239494442939,0.0199283547699451,0.0225755237042903,0.0303577594459056,0.1873590797185897,0.0721848011016845,0.0486179366707801,0.0328946113586425,0.3443264961242676,0.0701713785529136
0.2272474765777588,0.1193068921566009,0.4452489018440246,0.2277076989412307,0.3496075272560119,0.3909546732902527,0.1138026416301727,0.3151001036167145,0.0455520525574684,0.0680480897426605,0.0214996226131916,0.2035885453224182,0.2730041742324829,0.0635609030723571,0.5590946674346924,0.0650851354002952,0.0166793651878833,0.2472777068614959,0.0467613339424133,0.1286157965660095,0.1223145574331283,0.1439113020896911,0.1329144835472107,0.068135991692543,0.0167317874729633,0.2562583982944488,0.05884500592947,0.1963462382555008,0.4482704401016235,0.2202308475971222,0.2951550781726837,0.0233443155884742,0.0234853811562061,0.0255579501390457,0.032615877687931,0.1747203767299652,0.0778758153319358,0.0562116354703903,0.0345615074038505,0.4055827856063843,0.0682633519172668
0.2058993130922317,0.1001101732254028,0.44364795088768,0.2250821739435196,0.3441939055919647,0.3956769108772278,0.118081085383892,0.3040064573287964,0.0473609566688537,0.0627608597278595,0.0204025581479072,0.2157549262046814,0.2518848180770874,0.0534908473491668,0.5429127812385559,0.0687551647424697,0.0138112027198076,0.2087676674127578,0.0451576448976993,0.1310787200927734,0.0899906605482101,0.1440736204385757,0.121490441262722,0.0649726763367652,0.0174185447394847,0.2377562671899795,0.0532480515539646,0.1808710545301437,0.3793200552463531,0.2021314948797226,0.2579219937324524,0.0191294532269239,0.0171895716339349,0.0214736890047788,0.0305366963148117,0.1875584423542022,0.0717491954565048,0.0497599281370639,0.0329850986599922,0.3537165522575378,0.0625437423586845
0.2066941559314727,0.1008471250534057,0.4462153315544128,0.2288710325956344,0.346050500869751,0.3974780142307281,0.1197296828031539,0.3070073127746582,0.047664850950241,0.0637610554695129,0.0210090465843677,0.2155161798000335,0.2533914744853973,0.0536797419190406,0.5425651669502258,0.0685697719454765,0.0138021055608987,0.210880309343338,0.0454947426915168,0.1311777979135513,0.0903674736618995,0.1446798890829086,0.1232515722513198,0.0654640048742294,0.0176788121461868,0.2395816147327423,0.0535545647144317,0.1819382011890411,0.3825221061706543,0.2032032907009124,0.259474903345108,0.0192362647503614,0.0167485289275646,0.0212949886918067,0.0303725842386484,0.1866965591907501,0.0721713081002235,0.0501353368163108,0.0330642908811569,0.3546414971351623,0.0627362132072448
0.1987801939249038,0.0876766815781593,0.4617932438850403,0.2201751470565796,0.331457257270813,0.4013013243675232,0.1231043636798858,0.2983041405677795,0.0471777729690074,0.0602989047765731,0.0195607170462608,0.2157187163829803,0.2327386438846588,0.0558233633637428,0.5243912935256958,0.0727388188242912,0.0141665088012814,0.2079534232616424,0.0450488291680812,0.1258264780044555,0.0871381610631942,0.1507312506437301,0.1181330978870391,0.0688976049423217,0.0202095732092857,0.2433183938264846,0.0528993643820285,0.1855220943689346,0.3736298680305481,0.2026611417531967,0.2540971636772156,0.0182246621698141,0.0179657451808452,0.0224025212228298,0.0302521809935569,0.1937290728092193,0.0718139708042144,0.0487810261547565,0.0328657627105712,0.3631014227867126,0.0638723075389862
0.2040131390094757,0.0919647812843322,0.4569163918495178,0.2308520227670669,0.3309634327888489,0.3961757719516754,0.1200954020023346,0.2930785417556762,0.0479228049516677,0.0596278682351112,0.0197141915559768,0.2143042534589767,0.2379252165555954,0.0553202703595161,0.5264970660209656,0.0724148899316787,0.0140820909291505,0.2094434797763824,0.0448848456144332,0.127123937010765,0.0870547369122505,0.1458296477794647,0.1189144253730773,0.0679266154766082,0.0201607439666986,0.2475350499153137,0.0531055852770805,0.1852130740880966,0.373647928237915,0.2042499631643295,0.2557786107063293,0.0181590914726257,0.0172403119504451,0.0222129225730896,0.0297105200588703,0.1960128098726272,0.0726664960384368,0.0493654012680053,0.0328409671783447,0.3595636188983917,0.0629522651433944
0.2126109898090362,0.105091817677021,0.4225220680236816,0.2401584088802337,0.3200953602790832,0.3845857381820678,0.1150098666548729,0.2917564809322357,0.0483932346105575,0.0604179427027702,0.0205325949937105,0.2089259624481201,0.2467772364616394,0.0524841472506523,0.5120604038238525,0.0667253285646438,0.0148785831406712,0.2167692333459854,0.0452251583337783,0.1216889768838882,0.0838512554764747,0.1415102183818817,0.1255413591861724,0.0719805806875228,0.020438615232706,0.251829594373703,0.0558400377631187,0.1905560791492462,0.3833647966384887,0.2097911685705185,0.260414183139801,0.0202350430190563,0.0183698087930679,0.0216463077813386,0.0295242089778184,0.2011094689369201,0.0749073401093483,0.053042709827423,0.0330035500228405,0.3573158681392669,0.0620661750435829
0.2177068144083023,0.1053254008293151,0.4200286865234375,0.239015132188797,0.3202009499073028,0.3868787288665771,0.1143111884593963,0.2942823767662048,0.0482400171458721,0.0612623281776905,0.0204623937606811,0.2087702304124832,0.2511636912822723,0.0523515008389949,0.509956955909729,0.0670953541994094,0.0148362014442682,0.2175270318984985,0.0450757928192615,0.121587797999382,0.0834154039621353,0.1434215903282165,0.1268856823444366,0.0714422464370727,0.0198547895997762,0.2525504827499389,0.0551970191299915,0.1828787624835968,0.3882865309715271,0.2085601538419723,0.2606696486473083,0.0200909245759248,0.0188368037343025,0.0218532290309667,0.0293668936938047,0.2014198899269104,0.0748437047004699,0.0528772659599781,0.0327924713492393,0.3552508950233459,0.0622299872338771
0.2210256457328796,0.1030157208442688,0.4374594092369079,0.2300395965576172,0.3239290118217468,0.395376443862915,0.118368774652481,0.3004551529884338,0.0475829169154167,0.0607403963804245,0.0188372079282999,0.2087912559509277,0.2524232268333435,0.0565862506628036,0.513164222240448,0.067307636141777,0.0143310446292161,0.2082720100879669,0.0433141887187957,0.1294361352920532,0.0819113403558731,0.1469428837299347,0.126896932721138,0.0684820413589477,0.0179993063211441,0.2506421208381653,0.0548562705516815,0.1773768663406372,0.3796024918556213,0.2035378515720367,0.2586305439472198,0.0183527991175651,0.0183279179036617,0.0209479853510856,0.0289683807641267,0.2025474607944488,0.0733269676566124,0.0503615215420722,0.0313039496541023,0.3561696410179138,0.0624584555625915
0.1965491324663162,0.096589058637619,0.4289960265159607,0.2260654270648956,0.3161940574645996,0.3785243034362793,0.1274636685848236,0.297640323638916,0.046141967177391,0.0604424811899662,0.0212049018591642,0.2157096564769745,0.2154006361961364,0.0490956418216228,0.4837360382080078,0.0717377662658691,0.0149102974683046,0.1925029754638672,0.0438777394592762,0.1344856768846511,0.0762448534369468,0.1575071066617965,0.1307615339756012,0.0660798624157905,0.0206881277263164,0.2225572168827057,0.0542105957865715,0.1820222735404968,0.3635340631008148,0.1954230070114135,0.2603030800819397,0.0174423716962337,0.0177284218370914,0.0194969773292541,0.0278665553778409,0.2030958533287048,0.074117012321949,0.0475392527878284,0.03037597425282,0.3387660980224609,0.0597222484648227
0.226734921336174,0.1114776879549026,0.4289012253284454,0.2553402483463287,0.3198017477989197,0.3875204920768738,0.1141896471381187,0.2932476997375488,0.0487847179174423,0.0581981092691421,0.0191918406635522,0.2066780030727386,0.2618869543075561,0.0515885688364505,0.5242674350738525,0.0670119822025299,0.0150226764380931,0.2154229581356048,0.0455230548977851,0.1343675702810287,0.0998174548149108,0.1360549330711364,0.1289160251617431,0.0713260993361473,0.0187097657471895,0.2561768591403961,0.0553793422877788,0.1806932389736175,0.3806171715259552,0.2065072059631347,0.25942063331604,0.0192475281655788,0.0179703924804925,0.021259170025587,0.0292060375213623,0.2055554986000061,0.0754661858081817,0.0534581653773784,0.0317825302481651,0.3529398143291473,0.0624066218733787
0.2265836298465728,0.1130120381712913,0.4205071032047272,0.2608616352081299,0.3190608620643616,0.3855921030044555,0.1144709587097168,0.2945358455181122,0.049421414732933,0.0572773218154907,0.0191314853727817,0.2089121043682098,0.2622915506362915,0.0526938587427139,0.5198281407356262,0.0667192935943603,0.0152086140587925,0.2151768505573272,0.0459197871387004,0.1345472037792205,0.0966891944408416,0.1370007395744323,0.129788652062416,0.0717902705073356,0.0189505815505981,0.2539319097995758,0.0546393245458602,0.1815797984600067,0.3789557516574859,0.2054523229598999,0.2599022090435028,0.0191818363964557,0.0168982148170471,0.0205899178981781,0.0290681347250938,0.2042686194181442,0.0748418569564819,0.0530724972486496,0.0315147154033184,0.3470658957958221,0.0608790814876556
0.2365534007549286,0.1188151538372039,0.419867604970932,0.2728669941425323,0.3187869191169739,0.373007982969284,0.1051615625619888,0.2827244699001312,0.0631971508264541,0.0552277415990829,0.0206658989191055,0.2210545241832733,0.2476870566606521,0.0547623187303543,0.5197091698646545,0.066614031791687,0.0159142389893531,0.221370130777359,0.0480703338980674,0.1294464170932769,0.1036308705806732,0.1271194815635681,0.1281712651252746,0.0758481174707412,0.0215165596455335,0.2634877860546112,0.0590255074203014,0.1856381595134735,0.3902547657489776,0.2130102664232254,0.2639274001121521,0.0218729842454195,0.0185464862734079,0.0206071324646472,0.0293335616588592,0.211165651679039,0.0782761126756668,0.0638591721653938,0.0300427097827196,0.3689527511596679,0.0755051523447036
0.2350735664367675,0.1185613423585891,0.4204805493354797,0.2750066518783569,0.3193595111370086,0.3741670250892639,0.1058688908815383,0.2820385694503784,0.0508878044784069,0.0554596334695816,0.0206842944025993,0.2226204574108123,0.2466347962617874,0.0547585189342498,0.5215164422988892,0.0672333538532257,0.0158176347613334,0.2219103723764419,0.0481162182986736,0.1299387812614441,0.1035526990890502,0.1278272867202758,0.12837815284729,0.0767638832330703,0.0220069475471973,0.2612380385398865,0.0589360333979129,0.1841799914836883,0.3859196305274963,0.2122127711772918,0.2624173760414123,0.0217198748141527,0.0185360796749591,0.0207008607685565,0.0292967688292264,0.2117892205715179,0.0779317170381546,0.055730827152729,0.0317692980170249,0.36621755361557,0.0751586258411407
0.2303124368190765,0.1127597689628601,0.416592001914978,0.2642735242843628,0.3214308023452759,0.3838822841644287,0.1094269156455993,0.283965140581131,0.0486613884568214,0.0575186014175415,0.0198258776217699,0.2054493278264999,0.2521705329418182,0.0529045984148979,0.530329704284668,0.0735597312450409,0.0151487961411476,0.2148501425981521,0.044282242655754,0.1332658976316452,0.1002221181988716,0.1305229216814041,0.1274162828922271,0.0726241320371627,0.0187692251056432,0.2618451714515686,0.0554392449557781,0.1757052838802337,0.3810395896434784,0.2076925784349441,0.2598389983177185,0.0202799215912818,0.0198351517319679,0.0225477293133735,0.029525252059102,0.2134877145290374,0.0776468366384506,0.054386019706726,0.0317773632705211,0.3502187132835388,0.0631295144557952
0.2343737334012985,0.1137156262993812,0.4158391952514648,0.2658216953277588,0.3232380151748657,0.3865470886230469,0.1093876510858535,0.2867172062397003,0.048292152583599,0.0584439635276794,0.0199247654527425,0.2051414102315902,0.2561004161834717,0.0526294782757759,0.5313465595245361,0.0728694871068,0.0151349529623985,0.2148612439632415,0.0441827103495597,0.1333652585744857,0.0992355644702911,0.1311377584934234,0.1284498125314712,0.0724004805088043,0.0182731598615646,0.2620128393173218,0.0547836422920227,0.1750560253858566,0.3794128000736236,0.2057255506515503,0.2593910992145538,0.0200757309794425,0.019667699933052,0.022574596107006,0.0296319406479597,0.2130253911018371,0.0772969424724578,0.0543508194386959,0.0316181369125843,0.3488950431346893,0.062596395611763
0.2308435291051864,0.109053835272789,0.4240893721580505,0.2528952062129974,0.328477144241333,0.3977568745613098,0.1150286048650741,0.295407235622406,0.0472611710429191,0.0643564835190773,0.0185587629675865,0.2047822028398513,0.2625755369663238,0.0587976202368736,0.5472344160079956,0.0660553351044654,0.0145837171003222,0.2087434530258178,0.0418768003582954,0.1339775323867797,0.1034744679927825,0.1332036554813385,0.1314232945442199,0.0700297355651855,0.0168922282755374,0.2511035203933716,0.0524453371763229,0.169165551662445,0.35873943567276,0.1996800005435943,0.2446298450231552,0.018955323845148,0.0200090855360031,0.0222368761897087,0.0293518286198377,0.2060806006193161,0.07516410946846,0.051739752292633,0.0310832858085632,0.3419545888900757,0.0709702670574188
0.2294306308031082,0.1079150885343551,0.4205969870090484,0.2553973197937011,0.3277056813240051,0.3939497470855713,0.1151318401098251,0.2942363619804382,0.0475443042814731,0.0628894045948982,0.0190862938761711,0.208340972661972,0.2577873468399048,0.0491115301847457,0.5417144298553467,0.0666542202234268,0.0145942484959959,0.2109670042991638,0.0422210432589054,0.1316557228565216,0.0984580963850021,0.1343440264463424,0.1298818886280059,0.070624865591526,0.0173903200775384,0.2532691359519958,0.053539615124464,0.1710654199123382,0.3644742369651794,0.2004953324794769,0.2474783658981323,0.0194471813738346,0.019909992814064,0.022478599101305,0.0297954566776752,0.2075797021389007,0.0758902728557586,0.0526208877563476,0.0313832201063632,0.3455166816711426,0.0626680478453636
0.201761394739151,0.0942297428846359,0.4308751225471496,0.2236076593399047,0.340967059135437,0.3995171189308166,0.1257427334785461,0.3022478520870209,0.0460190027952194,0.0648156255483627,0.0214640311896801,0.2084672451019287,0.2521045804023742,0.0583160519599914,0.5676552653312683,0.0757191181182861,0.0140540217980742,0.2112536281347274,0.0388459116220474,0.1318617463111877,0.0824734270572662,0.1382034718990326,0.1199412792921066,0.0704323500394821,0.0196477584540843,0.2445422410964965,0.0576122142374515,0.1768388748168945,0.4027752876281738,0.2015182077884674,0.2590008378028869,0.022168044000864,0.021765099838376,0.0222277343273162,0.0314732789993286,0.2053951621055603,0.0756440907716751,0.0529076680541038,0.0333829596638679,0.3584743440151214,0.062914028763771
0.1910823881626129,0.0947468876838684,0.4175752997398376,0.2332633733749389,0.3280061185359955,0.4040741324424743,0.1333121657371521,0.3023375868797302,0.0445661470293998,0.0641820430755615,0.0209285430610179,0.21656434237957,0.2302573472261428,0.0484367311000824,0.5148332715034485,0.0800379514694213,0.0138048715889453,0.1704384386539459,0.0362480282783508,0.1380654275417328,0.0883159935474395,0.145800843834877,0.1354141235351562,0.0661099702119827,0.0208868160843849,0.2193985283374786,0.0542923435568809,0.1831927001476287,0.3633175194263458,0.1919915378093719,0.252774566411972,0.0196035336703062,0.0199396796524524,0.0204491950571537,0.0288670174777507,0.2119072675704956,0.0745356380939483,0.0495998673141002,0.031260959804058,0.3381638526916504,0.0601046793162822
0.2231507897377014,0.1126827001571655,0.4430550634860992,0.2430557310581207,0.3371669054031372,0.395010381937027,0.1215878278017044,0.3070160746574402,0.0458596348762512,0.064033456146717,0.0186073500663042,0.2067005783319473,0.2650201916694641,0.0561806559562683,0.5719826817512512,0.0661758184432983,0.0130041595548391,0.2044486105442047,0.0390268787741661,0.1318978071212768,0.0811889171600341,0.1378015577793121,0.1264916211366653,0.0714044645428657,0.0173614844679832,0.248925894498825,0.0579186007380485,0.1802429258823394,0.390471339225769,0.205348864197731,0.2558869123458862,0.0209839791059494,0.0191084779798984,0.0211217030882835,0.0293821096420288,0.212563544511795,0.0756461918354034,0.0546040646731853,0.0328676477074623,0.3470233678817749,0.0698158890008926
0.226311981678009,0.1118597835302352,0.4458687305450439,0.2421205192804336,0.3399054408073425,0.3958856463432312,0.1210831999778747,0.3068698048591614,0.0557449087500572,0.0636766254901886,0.0187579505145549,0.2083511054515838,0.2658946216106415,0.0562273673713207,0.5785691738128662,0.0657430812716484,0.0132472328841686,0.2080676555633545,0.0397480875253677,0.1339083313941955,0.083754152059555,0.1389626562595367,0.1278698444366455,0.0723603293299675,0.017163323238492,0.2498902976512909,0.0583682879805564,0.1819101274013519,0.3950735330581665,0.2058800607919693,0.2593685984611511,0.02116628177464,0.0190567746758461,0.021656047552824,0.029646597802639,0.2110270261764526,0.0763574242591857,0.0614202246069908,0.0305689163506031,0.346017062664032,0.0700312852859497
0.2302306145429611,0.1113407090306282,0.4519868195056915,0.2396145761013031,0.3371637463569641,0.4039206504821777,0.121361032128334,0.3126297295093536,0.0553766600787639,0.0635153129696846,0.0189641807228326,0.2122509777545929,0.2615192532539367,0.0543308779597282,0.5792531967163086,0.0657979249954223,0.0133678391575813,0.2111670225858688,0.0404823534190654,0.1264874041080474,0.1006189510226249,0.1412514150142669,0.1300019025802612,0.0710633695125579,0.0168499909341335,0.2494957149028778,0.0558352246880531,0.1800260543823242,0.3941879868507385,0.2032666504383087,0.2598009705543518,0.0206966828554868,0.0185754150152206,0.02181126922369,0.0294681824743747,0.2075987458229065,0.0754945874214172,0.0598749369382858,0.0303383059799671,0.3598746657371521,0.0636112764477729
0.2298714220523834,0.1110169738531112,0.4515661001205444,0.2359585016965866,0.3383933305740356,0.4055720269680023,0.1210368275642395,0.3150889873504638,0.0546604916453361,0.063684344291687,0.0186845958232879,0.2129551470279693,0.2605113387107849,0.0542511343955993,0.5786000490188599,0.065862588584423,0.0132103785872459,0.2101978510618209,0.0399842709302902,0.1261976808309555,0.0983622670173645,0.1421470046043396,0.1299794763326645,0.0704030990600586,0.0158404484391212,0.2490795254707336,0.0550158396363258,0.1795320361852646,0.3950201272964477,0.2014927566051483,0.2602414488792419,0.0207215324044227,0.0187392309308052,0.0219158865511417,0.0295955203473567,0.2062532007694244,0.0753552541136741,0.0597505941987037,0.0303019993007183,0.3569480776786804,0.0630369558930397
0.2335665673017501,0.1130923628807067,0.4255654513835907,0.2438888549804687,0.335870087146759,0.4032407701015472,0.1308245360851287,0.3352280855178833,0.0435403622686862,0.0652338415384292,0.0196168683469295,0.2221056967973709,0.2562682628631592,0.0476994663476944,0.5117197632789612,0.074685588479042,0.0129034416750073,0.1922340840101242,0.0404335968196392,0.1301178485155105,0.08572269231081,0.1576665937900543,0.1518832594156265,0.0658235996961593,0.0176196582615375,0.2267875373363495,0.0460056848824024,0.1744502484798431,0.3561396598815918,0.1844530552625656,0.2529606819152832,0.016871677711606,0.0143379624933004,0.0205038078129291,0.0278114266693592,0.2062344551086425,0.0720624327659607,0.0500361695885658,0.0305905360728502,0.3223265409469604,0.0572842583060264
0.2369159460067749,0.1135388612747192,0.4210860133171081,0.2415821850299835,0.3313237428665161,0.4027644395828247,0.1296398639678955,0.3329046368598938,0.0428566932678222,0.0647287145256996,0.0186932925134897,0.2205193042755127,0.248971477150917,0.0479503646492958,0.5124158263206482,0.0749589502811431,0.0130389565601944,0.1785670220851898,0.0405092686414718,0.1450816541910171,0.0867463201284408,0.1581252217292785,0.1521688103675842,0.0659850984811782,0.0181883350014686,0.2257840484380722,0.0456204041838645,0.1767776161432266,0.352871298789978,0.1874512583017349,0.2501029074192047,0.0168558750301599,0.0148479416966438,0.0212662182748317,0.0280775986611843,0.2062541842460632,0.071984551846981,0.0496934466063976,0.0308015048503875,0.3268039226531982,0.0582530051469802
0.2111808955669403,0.108712300658226,0.4385320842266083,0.2274041473865509,0.3284130990505218,0.3974088430404663,0.1273927837610244,0.3096402585506439,0.0477017983794212,0.0523115620017051,0.0303904935717582,0.2166920304298401,0.2331927716732025,0.0631758794188499,0.5030970573425293,0.0777206420898437,0.015461741015315,0.1734018474817276,0.0404775105416774,0.1367459148168563,0.0830352455377578,0.1551888287067413,0.14494489133358,0.0652353912591934,0.0202704519033432,0.2126811146736145,0.0556942597031593,0.1803867816925048,0.3862735033035278,0.1843378990888595,0.2784750163555145,0.0170055702328681,0.0148123335093259,0.0192138459533453,0.0284046027809381,0.2240427583456039,0.0735660642385482,0.0491891950368881,0.0284048486500978,0.3215436041355133,0.0574681311845779
0.2263312637805938,0.1111378744244575,0.4308655560016632,0.2466746270656585,0.3274397253990173,0.4089055061340332,0.1287313103675842,0.3108245134353637,0.0443168543279171,0.0626096725463867,0.0217930451035499,0.2162650227546692,0.2376017570495605,0.0471610315144062,0.5195156335830688,0.0770392268896102,0.013430630788207,0.1780945658683776,0.0418249070644378,0.145577073097229,0.0931185334920883,0.1460676789283752,0.1454870551824569,0.0666241198778152,0.0195772871375083,0.2329257726669311,0.0498181693255901,0.1761923134326934,0.3670386075973511,0.1911863833665847,0.2589960098266601,0.0183199569582939,0.0160515699535608,0.021181346848607,0.0281146317720413,0.219105988740921,0.0750059634447097,0.0508783124387264,0.031225373968482,0.3362490236759186,0.0603262335062027
0.2386111319065094,0.1149552166461944,0.4492318630218506,0.2575820088386535,0.3324111104011535,0.4069619178771972,0.1216543316841125,0.3139623999595642,0.0449586510658264,0.0633756592869758,0.0170790366828441,0.2136195749044418,0.2627730667591095,0.0505497269332408,0.5813663005828857,0.0658901780843734,0.0130738671869039,0.2045384794473648,0.0391708500683307,0.1402939409017563,0.1014824509620666,0.1394190043210983,0.1384815573692321,0.0683674439787864,0.0167131759226322,0.2475619167089462,0.0499111749231815,0.1706649959087371,0.3661355972290039,0.1992832273244857,0.2477718293666839,0.0188677888363599,0.0168504770845174,0.0206888392567634,0.0285785105079412,0.2075213193893432,0.0740604773163795,0.050730749964714,0.0321497991681098,0.3499311506748199,0.0620049089193344
0.2202708572149276,0.1118953078985214,0.4232975244522095,0.2505322098731994,0.3267338871955871,0.4058122038841247,0.1287865340709686,0.3087112307548523,0.0447008088231086,0.0630187168717384,0.0218243934214115,0.216026484966278,0.2425587475299835,0.0464524775743484,0.524684488773346,0.0753684043884277,0.013407714664936,0.1758688688278198,0.041131641715765,0.1452846527099609,0.0951257646083831,0.1439027190208435,0.1434992402791977,0.0661646500229835,0.0194628871977329,0.2357606291770935,0.0498100444674491,0.1726532876491546,0.3652640283107757,0.1898355334997177,0.2556928098201751,0.0185779742896556,0.0168335679918527,0.0202092006802558,0.0277932249009609,0.2187975943088531,0.0751757323741912,0.0504056364297866,0.0311124138534069,0.3346019387245178,0.0602982342243194
0.2179983556270599,0.1098276451230049,0.4180396497249603,0.252549797296524,0.3253285586833954,0.4025277197360992,0.1276494264602661,0.307864785194397,0.0445237159729003,0.0615861751139164,0.0217438675463199,0.2154830545186996,0.2421196848154068,0.0487678349018096,0.5164177417755127,0.0750808715820312,0.0135407000780105,0.1765262484550476,0.0413003340363502,0.1401092857122421,0.0905916690826416,0.1434207260608673,0.1425491720438003,0.0671250969171524,0.0201289094984531,0.2350455373525619,0.0505318418145179,0.1739835441112518,0.3699302971363067,0.1899006962776184,0.257096379995346,0.0190716683864593,0.0174200981855392,0.0205050818622112,0.0285298712551593,0.2189361602067947,0.0751183107495307,0.0518453046679496,0.0311328507959842,0.3340056538581848,0.0605100840330123
0.2185222804546356,0.1115597188472747,0.4124782979488373,0.2552136778831482,0.3236860334873199,0.4012094140052795,0.1264890730381012,0.3078279793262481,0.0443999804556369,0.0614907257258892,0.0217159986495971,0.2156219482421875,0.2414047420024871,0.0387927331030368,0.513764500617981,0.0750584155321121,0.0136148994788527,0.1767140030860901,0.0413889214396476,0.1389931440353393,0.0893093049526214,0.1429759711027145,0.1429126560688018,0.0679416209459304,0.0203173644840717,0.2354018986225128,0.0507581606507301,0.1744950413703918,0.3696562945842743,0.1904355436563491,0.2563642263412475,0.019312797114253,0.0178943239152431,0.0206282045692205,0.0286840610206127,0.2191041857004165,0.0750297009944915,0.0523033998906612,0.0311088263988494,0.3341092467308044,0.0606035813689231
0.2140298187732696,0.1091200560331344,0.4126623570919037,0.2432815283536911,0.3244833350181579,0.389268010854721,0.1296914517879486,0.3133915066719055,0.0449039787054061,0.0629673823714256,0.0213553700596094,0.2228852808475494,0.2416096925735473,0.0469580069184303,0.5133939385414124,0.0759060904383659,0.0136145316064357,0.1738759130239486,0.0418672189116478,0.1402695626020431,0.0879941135644912,0.1495398133993148,0.1459836065769195,0.0678680315613746,0.0203483533114194,0.2265681326389312,0.0504616871476173,0.1740480065345764,0.3594126105308532,0.1890273541212082,0.2515187561511993,0.0184507314115762,0.0160449538379907,0.0195743348449468,0.0282286554574966,0.2138191759586334,0.0735958516597747,0.050229076296091,0.03083486109972,0.3235106170177459,0.0592229068279266
0.211282804608345,0.1092651411890983,0.4109019041061401,0.2481963038444519,0.3234850764274597,0.386609137058258,0.1304038614034652,0.3117245137691498,0.0452593490481376,0.062277115881443,0.0215776991099119,0.2215747237205505,0.2402091771364212,0.0379171222448349,0.5117254853248596,0.0759646892547607,0.0137563459575176,0.174418956041336,0.041998878121376,0.1397325694561004,0.0868756100535392,0.1489821672439575,0.1459122896194458,0.068574383854866,0.0209312681108713,0.2278867065906524,0.0515770614147186,0.1758773326873779,0.3616794943809509,0.1906609833240509,0.2530190348625183,0.0188438389450311,0.0159625280648469,0.0191663093864917,0.0282625164836645,0.2154099941253662,0.0739751160144805,0.0506687946617603,0.0308399945497512,0.3240991234779358,0.0587730221450328
0.2139368951320648,0.1203719228506088,0.4293173253536224,0.2222891896963119,0.3280703425407409,0.406742513179779,0.1265382170677185,0.324443906545639,0.0460172072052955,0.0636750236153602,0.0207280796021223,0.2219846546649933,0.2501333355903625,0.0509532168507576,0.5036364793777466,0.068390280008316,0.014737470075488,0.1847106516361236,0.0374323725700378,0.1409230977296829,0.0920404195785522,0.1577188372611999,0.1488647311925888,0.0648034811019897,0.0195939987897872,0.2098287343978881,0.0470253825187683,0.1752694398164749,0.3309672474861145,0.1825398653745651,0.2540923058986664,0.0141731975600123,0.0159302540123462,0.0176970735192298,0.0271383468061685,0.2016695439815521,0.0678035840392112,0.044666763395071,0.0276027098298072,0.3151786923408508,0.058522418141365
0.210014671087265,0.1093752384185791,0.4125936031341553,0.2482995390892028,0.3239902257919311,0.3862636685371399,0.1295676976442337,0.3111723661422729,0.0456234961748123,0.0625180900096893,0.0213704146444797,0.221985325217247,0.2410926222801208,0.038202092051506,0.5113732814788818,0.0756416171789169,0.0139992497861385,0.1752103716135025,0.0418273694813251,0.1390185952186584,0.0871819257736206,0.1481938958168029,0.1357014775276184,0.0687304213643074,0.0209797192364931,0.2267489284276962,0.0523247346282005,0.1764650344848632,0.3631408810615539,0.1903711706399917,0.2540500462055206,0.0189661365002393,0.0159862302243709,0.0190542712807655,0.0281498413532972,0.2165407836437225,0.0741070359945297,0.0509966947138309,0.030666995793581,0.3242478370666504,0.058443434536457
