AU1,AU2,AU4,AU5,AU6,AU7,AU9,AU10,AU11,AU12,AU13,AU14,AU15,AU16,AU17,AU18,AU19,AU20,AU22,AU23,AU24,AU25,AU26,AU27,AU32,AU38,AU39,AUL1,AUR1,AUL2,AUR2,AUL4,AUR4,AUL6,AUR6,AUL10,AUR10,AUL12,AUR12,AUL14,AUR14
0.28976970911026,0.0915979295969009,0.4196466207504272,0.1369184404611587,0.3009237945079803,0.4345608055591583,0.0744659230113029,0.2438399046659469,0.0267849303781986,0.1060758233070373,0.0453367605805397,0.2355566322803497,0.319216251373291,0.1161691844463348,0.5228322744369507,0.0853124409914016,0.0350460037589073,0.0981416255235672,0.0237526707351207,0.1116169542074203,0.0683685690164566,0.1802428215742111,0.1939329802989959,0.0555400475859642,0.0586433745920658,0.1210919618606567,0.0212630480527877,0.1892442554235458,0.5118598937988281,0.207182377576828,0.2820941209793091,0.0515784956514835,0.0293006263673305,0.1668754965066909,0.0451294556260108,0.2035055756568908,0.0801297724246978,0.0587702356278896,0.0457469820976257,0.2301754504442215,0.0493314191699028
0.2763653993606567,0.0973863154649734,0.416919469833374,0.1407902389764785,0.2921882271766662,0.4056526720523834,0.0803147703409195,0.2313078790903091,0.0295081920921802,0.1013804674148559,0.05373390391469,0.2258771061897277,0.2997059822082519,0.1241301745176315,0.4904176890850067,0.0858208239078521,0.037201315164566,0.1038597077131271,0.0263194851577281,0.1055323258042335,0.0615878999233245,0.1755106300115585,0.1718249171972274,0.0620904080569744,0.0482776388525962,0.1364725530147552,0.0256205648183822,0.1951901018619537,0.5358811616897583,0.2087155133485794,0.3118220269680023,0.0510168299078941,0.0269190538674592,0.1634775102138519,0.0458517521619796,0.2090828269720077,0.0863633006811142,0.0623109750449657,0.0472482740879058,0.2589236199855804,0.0493707284331321
0.2739954590797424,0.0963861122727394,0.4211556315422058,0.141675591468811,0.2624106705188751,0.409974604845047,0.0818040966987609,0.2303148508071899,0.0287290420383214,0.1007208228111267,0.0534620620310306,0.2254165112972259,0.3013622164726257,0.1244238317012786,0.498016744852066,0.086136020720005,0.0367117747664451,0.1045588627457618,0.0262508373707532,0.1085626482963562,0.0656297877430915,0.1729491353034973,0.1761845350265503,0.0623316690325737,0.0481269918382167,0.1382592767477035,0.0262230280786752,0.1948821395635604,0.5377110242843628,0.2092553526163101,0.3161966204643249,0.0511445477604866,0.0272023528814315,0.1686694622039795,0.0505506172776222,0.210184171795845,0.0862547308206558,0.0620428621768951,0.0471085347235202,0.2619556784629822,0.0494847819209098
0.2847745418548584,0.1108782589435577,0.4599391222000122,0.1518919914960861,0.2793704569339752,0.4141435027122497,0.082643836736679,0.2194146364927292,0.0284589789807796,0.1021501496434211,0.0474564209580421,0.2401891350746154,0.3232340514659881,0.110823668539524,0.5504217147827148,0.0888014957308769,0.0363878980278968,0.0941169336438179,0.0219216644763946,0.1232880130410194,0.0605550445616245,0.1721339076757431,0.1824779212474823,0.0582841001451015,0.0301598608493804,0.1083369776606559,0.0210610944777727,0.1862504780292511,0.4870075583457947,0.193804532289505,0.2850752472877502,0.0475043803453445,0.0197657495737075,0.1486541330814361,0.0526507385075092,0.2157601416110992,0.0768937617540359,0.0577526204288005,0.0458274483680725,0.2215699106454849,0.0383769385516643
0.2842162847518921,0.1106747984886169,0.4599067568778991,0.1516065597534179,0.2793645858764648,0.414506584405899,0.0826705694198608,0.2197315990924835,0.0285029523074626,0.1023839265108108,0.0474818609654903,0.2402249425649643,0.3228876888751983,0.1107005551457405,0.5500175952911377,0.0888261497020721,0.0363453477621078,0.0941017419099807,0.021899938583374,0.1233928725123405,0.0611560717225074,0.1720848828554153,0.1823398172855377,0.0581300146877765,0.0301170200109481,0.1080896407365799,0.0210137404501438,0.1860106289386749,0.4867161512374878,0.19363334774971,0.284486711025238,0.0474400743842124,0.0197059214115142,0.1483070850372314,0.0526423826813697,0.2153193652629852,0.0767667889595031,0.0577927157282829,0.0457771494984626,0.2213869988918304,0.0383668206632137
0.284496545791626,0.0977969020605087,0.4272432923316955,0.1438561677932739,0.282347023487091,0.4118116796016693,0.0832559689879417,0.2274783104658126,0.0295394379645586,0.0986931324005127,0.0517900958657264,0.2229945063591003,0.3005807399749756,0.1248092874884605,0.505678653717041,0.0903602167963981,0.0362421721220016,0.1005996763706207,0.0256469808518886,0.1052317097783088,0.0673012509942054,0.1754738837480545,0.1729980111122131,0.0588607564568519,0.0447149276733398,0.1363455802202224,0.0254281982779502,0.1936156153678894,0.531036376953125,0.2080617845058441,0.3114822208881378,0.0502095893025398,0.026545500382781,0.1602788120508194,0.044605866074562,0.2125943899154663,0.0849310308694839,0.0611340776085853,0.0466817170381546,0.2628760635852813,0.0493408255279064
0.2846867740154266,0.0969035625457763,0.4258618950843811,0.1423648744821548,0.281695544719696,0.4104906022548675,0.0831691324710846,0.2259556353092193,0.0293012857437133,0.0991266816854476,0.0516130290925502,0.2236360311508178,0.2994472980499267,0.1244544312357902,0.5063753724098206,0.0905722081661224,0.035870261490345,0.1014553979039192,0.0256199650466442,0.1058302819728851,0.0675403475761413,0.173316553235054,0.1741484701633453,0.0588966645300388,0.045298509299755,0.1361939162015915,0.0252204649150371,0.1937914788722992,0.5309514999389648,0.2089288234710693,0.3132592439651489,0.0506124645471572,0.026623835787177,0.1626302003860473,0.0442146249115467,0.2109492719173431,0.0848013013601303,0.0612482279539108,0.0470005199313163,0.2629600763320923,0.0493307970464229
0.2836068868637085,0.0968362838029861,0.4284835457801819,0.1421770900487899,0.2915810942649841,0.417919248342514,0.0731385126709938,0.2335615754127502,0.0293341856449842,0.1017048358917236,0.0500422939658165,0.2267930060625076,0.3194109797477722,0.1202219277620315,0.5145840644836426,0.0901271849870681,0.0436118319630622,0.1016061529517173,0.0253420658409595,0.10721967369318,0.0708056911826133,0.1783468723297119,0.1806011497974395,0.0586931183934211,0.0432986840605735,0.1212140023708343,0.0242130383849143,0.1922494769096374,0.5314359664916992,0.2067080736160278,0.3117784261703491,0.0506248846650123,0.026908054947853,0.1604890376329422,0.0438707061111927,0.20479816198349,0.0819980502128601,0.0615280792117118,0.0468632169067859,0.2622759044170379,0.0474377647042274
0.2838841676712036,0.0968617051839828,0.426563560962677,0.1416246145963668,0.2908601760864258,0.418718546628952,0.0731757134199142,0.2340171635150909,0.0291956067085266,0.1021282598376274,0.0501906983554363,0.2276580333709716,0.3195283412933349,0.1233687326312065,0.5136690139770508,0.0903463065624237,0.0436942875385284,0.1019759774208068,0.0252929031848907,0.1066021770238876,0.0706425905227661,0.1777894049882888,0.1805314123630523,0.0589294210076332,0.0436955839395523,0.1213408410549163,0.0241919178515672,0.1923660188913345,0.5313990116119385,0.2078220844268798,0.3118799328804016,0.0506337434053421,0.0270634815096855,0.1611212491989135,0.0439134761691093,0.2049451172351837,0.0822858065366745,0.0615135617554187,0.0469651632010936,0.2620941400527954,0.0476008988916873
0.300419270992279,0.0935515165328979,0.43625608086586,0.1401426494121551,0.3065513968467712,0.4353100061416626,0.0768016576766967,0.2402170598506927,0.0281493924558162,0.1093569099903106,0.0448738262057304,0.2426063120365142,0.3704918920993805,0.1091497838497161,0.5465801358222961,0.086164467036724,0.0291420333087444,0.0984761714935302,0.0224331356585025,0.1237313151359558,0.0672124475240707,0.1875331103801727,0.1965872794389724,0.0540110543370246,0.0306030698120594,0.104231908917427,0.0190656036138534,0.1828806698322296,0.4753177165985107,0.1979572474956512,0.2770185768604278,0.0471657514572143,0.0208997521549463,0.1549031436443328,0.0440301299095153,0.200644388794899,0.0720736682415008,0.0575861632823944,0.0460220836102962,0.2299122512340545,0.0395927429199218
0.3002042472362518,0.1015605479478836,0.4378950595855713,0.140786126255989,0.3062290549278259,0.4313800036907196,0.0766851007938385,0.2393448650836944,0.0284716002643108,0.1085726767778396,0.0463147722184658,0.2424047142267227,0.3660289645195007,0.1106310859322547,0.5433489680290222,0.0859593749046325,0.0295334998518228,0.0981775447726249,0.0228949710726737,0.1211877763271331,0.0655424520373344,0.1880058646202087,0.1935920566320419,0.0544936992228031,0.0308947600424289,0.1047931388020515,0.0195455532521009,0.1842019259929657,0.4766123294830322,0.1922229677438736,0.2753570675849914,0.0470213629305362,0.0208487659692764,0.153945505619049,0.0444904640316963,0.2034250199794769,0.0723516419529914,0.057539090514183,0.0458781458437442,0.2276819348335266,0.0393190793693065
0.3137469291687011,0.1085648387670517,0.4363984167575836,0.1474049538373947,0.2834026515483856,0.4480802416801452,0.0807542353868484,0.2573244869709015,0.0274985563009977,0.1162688061594963,0.0386317521333694,0.245484709739685,0.3750085830688476,0.1103880479931831,0.5386958122253418,0.0828312113881111,0.0301893632858991,0.097358226776123,0.022471833974123,0.1174736469984054,0.0715477094054222,0.1881881058216095,0.2135997414588928,0.0505580231547355,0.0232779942452907,0.1059730798006057,0.0172693841159343,0.1787465512752533,0.465825468301773,0.1981450766324997,0.2679305672645569,0.047550193965435,0.0216462034732103,0.1467735469341278,0.0495650768280029,0.1934622973203659,0.0704055726528167,0.0569354444742202,0.0472368150949478,0.2203867733478546,0.0391488187015056
0.2934679687023163,0.0899044573307037,0.4194477796554565,0.1382196247577667,0.2925662398338318,0.4344637095928192,0.0813418924808502,0.2556811273097992,0.0276782065629959,0.1073768138885498,0.044833205640316,0.2313178926706314,0.3165719211101532,0.1203906089067459,0.4812448918819427,0.084775909781456,0.0446277931332588,0.1053505986928939,0.0256707817316055,0.1103275343775749,0.0771166086196899,0.1851721107959747,0.1885250657796859,0.0565628036856651,0.0424785688519477,0.1178843304514885,0.0215687695890665,0.1884641647338867,0.5172439813613892,0.2109998911619186,0.3005648851394653,0.0514692477881908,0.0276398248970508,0.1595538407564163,0.0426277071237564,0.197407454252243,0.0780299752950668,0.0618487074971199,0.048509195446968,0.2606213092803955,0.0498574487864971
0.3072648048400879,0.0916830599308013,0.4280670583248138,0.1381610929965973,0.3115358054637909,0.4462872147560119,0.0713196694850921,0.2550707757472992,0.0277107693254947,0.1111768633127212,0.0403023101389408,0.2373892068862915,0.3581355214118957,0.1156903505325317,0.5401755571365356,0.0851576998829841,0.0413232147693634,0.1089233607053756,0.0253725685179233,0.1205870062112808,0.0762367099523544,0.1848400831222534,0.1992551535367965,0.0541644096374511,0.055642269551754,0.1213636621832847,0.0207732319831848,0.1857452094554901,0.5039880275726318,0.2075111120939254,0.2901770174503326,0.0497533865272998,0.0276806019246578,0.1589612662792205,0.0411943793296813,0.1981153041124344,0.0799694806337356,0.0618581287562847,0.047400627285242,0.2336862087249755,0.0496011413633823
0.3298220038414001,0.1079126298427581,0.4547117054462433,0.150211676955223,0.3258334994316101,0.462967574596405,0.0799800083041191,0.2577822804450989,0.0282863043248653,0.1157756745815277,0.0343376398086547,0.247173398733139,0.407218337059021,0.1106846556067466,0.5676040649414062,0.0850692391395568,0.0397131070494651,0.0994721502065658,0.0219544656574726,0.1270669996738433,0.0733611136674881,0.1914923191070556,0.2213500887155532,0.0504331141710281,0.0402202792465686,0.1074934899806976,0.0170186553150415,0.1795111894607544,0.4626522064208984,0.1964033544063568,0.2659260034561157,0.0458759479224681,0.0212081521749496,0.1422158181667328,0.0405933260917663,0.1970697194337844,0.073746234178543,0.0589120499789714,0.045704897493124,0.1969822645187378,0.0402982607483863
0.2916612923145294,0.093264564871788,0.4134725928306579,0.1371561884880066,0.2624243497848511,0.4352357983589172,0.0725967586040496,0.2443582564592361,0.0262218099087476,0.1091576889157295,0.0401827916502952,0.2276461571455001,0.3346841335296631,0.1144147366285324,0.5099859237670898,0.0859623998403549,0.0432598516345024,0.1039739176630973,0.0242897719144821,0.1119676008820533,0.0790597721934318,0.1815547943115234,0.1918264180421829,0.0547979921102523,0.0586977042257785,0.1239039599895477,0.0212946236133575,0.1910901963710785,0.5049722790718079,0.2144622653722763,0.2825924158096313,0.0528110228478908,0.0292957741767168,0.1690738648176193,0.0485348626971244,0.200306087732315,0.0781544148921966,0.0589159727096557,0.0472755059599876,0.2665861845016479,0.0497943609952926
0.2896715104579925,0.0926433950662612,0.4143660962581634,0.139228880405426,0.2925181090831756,0.4294267892837524,0.074059747159481,0.2426568567752838,0.0266292355954647,0.1080478131771087,0.0417691767215728,0.227209985256195,0.3292040228843689,0.1164768636226654,0.5051888227462769,0.085643321275711,0.0438000410795211,0.105060838162899,0.0246034171432256,0.1081054210662841,0.0749508142471313,0.182012677192688,0.187461569905281,0.0565927103161811,0.0605114623904228,0.1245370283722877,0.022649822756648,0.1931907087564468,0.5095800161361694,0.2148196697235107,0.2853457927703857,0.0519632659852504,0.0288761518895626,0.160161942243576,0.041506715118885,0.2026246339082718,0.0795597806572914,0.0590619593858718,0.046889804303646,0.2671173512935638,0.0500505194067955
0.2893750667572021,0.0885631069540977,0.4269790053367615,0.1362203657627105,0.2964743375778198,0.4282258152961731,0.0760387629270553,0.2419925034046173,0.0288544856011867,0.1079771295189857,0.0417600870132446,0.2301657944917678,0.3281964361667633,0.1197532713413238,0.5072815418243408,0.0847061872482299,0.0433097667992115,0.1062177568674087,0.0250862352550029,0.1125505268573761,0.0716844201087951,0.179981917142868,0.1848473101854324,0.0569343157112598,0.046483464539051,0.1261394917964935,0.023358728736639,0.1917154788970947,0.5210134983062744,0.2133065164089203,0.2976149618625641,0.0497340559959411,0.0290270540863275,0.1627339869737625,0.0425554513931274,0.2028566300868988,0.0840879380702972,0.0625468045473098,0.047788817435503,0.2755982279777527,0.0513434931635856
0.2913816571235657,0.0889666229486465,0.431522935628891,0.1375719606876373,0.2952839136123657,0.4304533302783966,0.0761651396751403,0.2423432171344757,0.0287274047732353,0.1079821586608886,0.0412524454295635,0.229890689253807,0.334137350320816,0.1193044632673263,0.5125800371170044,0.0841604545712471,0.0430704317986965,0.10671067237854,0.0247556287795305,0.1122553795576095,0.0710220038890838,0.1816013008356094,0.1864755153656005,0.0570588186383247,0.0458357706665992,0.1255671828985214,0.0234287306666374,0.1918155550956726,0.5176169872283936,0.2129671424627304,0.2947482466697693,0.0488436967134475,0.0283906999975442,0.1615132242441177,0.0427602529525756,0.2048020362854004,0.0838721245527267,0.0620087720453739,0.0471572652459144,0.2742242813110351,0.0509957931935787
0.289836585521698,0.0903229117393493,0.428825706243515,0.1406210511922836,0.2484426796436309,0.4215202331542969,0.0706285089254379,0.243495374917984,0.0284253917634487,0.1050655841827392,0.0441330000758171,0.2293462008237838,0.3064115047454834,0.1203331351280212,0.491045206785202,0.0843158736824989,0.0345653295516967,0.1032633334398269,0.0250069610774517,0.1046682223677635,0.0721310377120971,0.1795707046985626,0.1794355511665344,0.0581485815346241,0.0481955334544181,0.1250262409448623,0.0256052650511264,0.1950341910123825,0.5210760831832886,0.21871879696846,0.2953110337257385,0.0503819845616817,0.027612667530775,0.1692322790622711,0.0403450578451156,0.2082156836986541,0.084679327905178,0.0621164105832576,0.0477557964622974,0.2690817713737488,0.0537102296948432
0.2860280573368072,0.0900985226035118,0.4272747635841369,0.1407176256179809,0.2501150667667389,0.4208480417728424,0.0712721794843673,0.2457537353038787,0.0286561921238899,0.1055978089570999,0.0455942414700984,0.2306213825941085,0.303450345993042,0.1216121837496757,0.4848858118057251,0.0845119133591651,0.0352955274283885,0.1033994257450103,0.0251116454601287,0.104481466114521,0.0722862407565116,0.1799866259098053,0.1778608709573745,0.0582351610064506,0.0485347434878349,0.1248660832643508,0.0260475501418113,0.1946266293525695,0.5242446660995483,0.2194403111934662,0.2982023656368255,0.0506817735731601,0.0275671947747468,0.1677071154117584,0.0406516157090663,0.2080221176147461,0.0857940167188644,0.062840461730957,0.0481824874877929,0.2658290863037109,0.0528161451220512
0.2938550114631653,0.0883663743734359,0.429537683725357,0.1337070763111114,0.3027982711791992,0.4334397912025451,0.0783804655075073,0.2490954399108886,0.0290650036185979,0.1127448976039886,0.0399165302515029,0.233089804649353,0.3256689608097076,0.1150246784090995,0.4974097013473511,0.0832513347268104,0.0423417873680591,0.1037785559892654,0.023829024285078,0.1097972989082336,0.0702328830957412,0.1768610924482345,0.1863757371902465,0.0518222264945507,0.0568920448422431,0.1194790750741958,0.0224633477628231,0.1882754862308502,0.5036575794219971,0.2113089710474014,0.2877448797225952,0.0474661365151405,0.0259684585034847,0.1549215614795684,0.0414328724145889,0.2019681334495544,0.0820511505007743,0.0621768347918987,0.048268973827362,0.262220561504364,0.04910459369421
0.29761803150177,0.088879756629467,0.4307143092155456,0.1360843330621719,0.29898601770401,0.4335870742797851,0.0790168717503547,0.2486853599548339,0.0290223769843578,0.1124136820435524,0.0395954698324203,0.2339710295200348,0.3212738633155823,0.1150212287902832,0.4953456521034241,0.0832080617547035,0.0430850535631179,0.1028811857104301,0.0237677618861198,0.1084572300314903,0.0702711343765258,0.1783134043216705,0.186861515045166,0.0510203093290329,0.0576578602194786,0.1196403503417968,0.0226078126579523,0.1867429614067077,0.4990648031234741,0.210677683353424,0.2843469977378845,0.0472989715635776,0.0255543235689401,0.1545084118843078,0.0413295775651931,0.2021190375089645,0.0823440104722976,0.0618501044809818,0.0482243187725544,0.2621641159057617,0.0497356802225112
0.2977270781993866,0.0901971757411956,0.4337386786937713,0.1319559812545776,0.2527152895927429,0.4300452470779419,0.0843750461935997,0.2396566569805145,0.0278666093945503,0.109642893075943,0.0595177188515663,0.2354073524475097,0.3101563453674316,0.1158090755343437,0.4931384027004242,0.0841457620263099,0.0433114543557167,0.1038693264126777,0.0240765400230884,0.1074443906545639,0.0723346918821334,0.1732905209064483,0.1885415911674499,0.0506216362118721,0.058763287961483,0.1230777576565742,0.0234418455511331,0.1906908005475998,0.5003215074539185,0.2170528173446655,0.2815070748329162,0.0485049560666084,0.0269764363765716,0.1677799224853515,0.0435776300728321,0.2043375521898269,0.0838938355445861,0.0613794811069965,0.0477706417441368,0.2759903073310852,0.0522980317473411
0.29421466588974,0.0877910405397415,0.4311935901641845,0.1306601464748382,0.3027226328849792,0.4392038285732269,0.0857503712177276,0.2495581805706024,0.0282329879701137,0.1142619922757148,0.0393268167972564,0.234688401222229,0.3203037977218628,0.1126261353492736,0.4948083460330963,0.083320029079914,0.0417178459465503,0.101649098098278,0.0231701340526342,0.11145780980587,0.0730410069227218,0.1750479489564895,0.1871095895767212,0.0502313748002052,0.0551407039165496,0.1178115159273147,0.021769855171442,0.1848957240581512,0.4935857653617859,0.2086822390556335,0.27826127409935,0.0467292182147502,0.0254212282598018,0.1549993306398391,0.0410438552498817,0.2020163536071777,0.0818447545170784,0.0605459995567798,0.048250712454319,0.2647196650505066,0.0500707067549228
0.2944905459880829,0.0894060805439949,0.4317919611930847,0.1356150507926941,0.2494120150804519,0.423851877450943,0.084978312253952,0.2461877316236496,0.0280059371143579,0.1083123981952667,0.0413270145654678,0.2283107042312622,0.3020474910736084,0.1154111996293068,0.4772442579269409,0.0833793580532074,0.0341192036867141,0.1001387014985084,0.0237079989165067,0.1061317473649978,0.0749995186924934,0.1808924674987793,0.1848117709159851,0.0509408339858055,0.0550859719514846,0.1192493364214897,0.0215773414820432,0.1880151182413101,0.5001497864723206,0.213183119893074,0.2805518209934234,0.0503121241927146,0.0271477792412042,0.1693645566701889,0.0397812388837337,0.1970657706260681,0.0806343555450439,0.0609443895518779,0.0489523522555828,0.2604618072509765,0.0512664355337619
0.2936947047710418,0.0902208313345909,0.4305010437965393,0.1363289952278137,0.2501691579818725,0.4226828813552856,0.0842836275696754,0.2455305606126785,0.0280069671571254,0.1083726733922958,0.0414844006299972,0.227553904056549,0.3004481494426727,0.1155279427766799,0.4756486415863037,0.0833789184689521,0.0344041995704174,0.1000800803303718,0.0238711982965469,0.105873629450798,0.074577659368515,0.1805073320865631,0.184639573097229,0.0513854697346687,0.0548583716154098,0.1190535724163055,0.0215837582945823,0.1882655620574951,0.5016919374465942,0.2133463323116302,0.2816833555698395,0.0503564476966857,0.0271650739014148,0.1694262027740478,0.0397543609142303,0.1982190310955047,0.0807425081729888,0.0610864832997322,0.048955462872982,0.259592592716217,0.0509698465466499
0.2815016210079193,0.0864283144474029,0.4287843108177185,0.1382622867822647,0.2486718893051147,0.4168897271156311,0.0845154970884323,0.2436167597770691,0.0285468287765979,0.1056895032525062,0.0683409944176673,0.2246168702840805,0.2777997851371765,0.1217163056135177,0.4672116637229919,0.0835324823856353,0.045509286224842,0.098245695233345,0.0252966210246086,0.0982154309749603,0.0660126805305481,0.1828939765691757,0.1734175533056259,0.0535148046910762,0.0454428009688854,0.1211367845535278,0.0237724799662828,0.1892078965902328,0.5137814283370972,0.2146203070878982,0.2900153398513794,0.0503983199596405,0.0275361388921737,0.1739321053028106,0.0411813892424106,0.2031688392162323,0.08463104814291,0.0615285709500312,0.0486699603497982,0.262225478887558,0.052011027932167
0.2837298512458801,0.0870509147644043,0.4293066263198852,0.1387122273445129,0.2508521676063537,0.4185304343700409,0.084006480872631,0.2453118562698364,0.0285903550684452,0.1066114455461502,0.0427958220243454,0.224305510520935,0.28475022315979,0.1202083304524421,0.4699421525001526,0.0833906084299087,0.0454213395714759,0.0979949682950973,0.0250635799020528,0.0994584262371063,0.0666020810604095,0.1831059157848358,0.176268845796585,0.0527532175183296,0.0451862514019012,0.119518905878067,0.0232567749917507,0.187749296426773,0.5102510452270508,0.2130117565393448,0.2872916460037231,0.0500744618475437,0.0270472634583711,0.1719123125076294,0.0406653583049774,0.2020302414894104,0.0835262313485145,0.0611950755119323,0.0486139431595802,0.2603486478328705,0.0512058064341545
0.2879969477653503,0.0880559608340263,0.4206424951553345,0.1358384191989898,0.2844519913196563,0.4146997928619385,0.0839332789182663,0.2464814484119415,0.0285867284983396,0.1054705381393432,0.0447571277618408,0.2264253795146942,0.285709947347641,0.1221773251891136,0.4623278975486755,0.08464165776968,0.0354311689734458,0.1012059599161148,0.0249054506421089,0.0994959771633148,0.0702282488346099,0.1814355105161667,0.1810446977615356,0.0550478845834732,0.0627122223377227,0.1231140494346618,0.0240437500178813,0.1919220238924026,0.5190859436988831,0.2174620330333709,0.2937516868114471,0.052606277167797,0.0285021234303712,0.166029542684555,0.043600246310234,0.2011107951402664,0.0862449556589126,0.0630716159939765,0.0492185801267623,0.2648859620094299,0.0527578964829444
0.2869001626968384,0.0881578177213668,0.4219567775726318,0.1366308331489563,0.2876225411891937,0.4148449897766113,0.0837938487529754,0.2460470348596573,0.0289107747375965,0.1054500788450241,0.0447627380490303,0.2256043851375579,0.2869189083576202,0.1223650798201561,0.4627411365509033,0.084675595164299,0.0356269516050815,0.1010537147521972,0.0249901115894317,0.1004864573478698,0.0703441128134727,0.1809993982315063,0.1804386973381042,0.0553607121109962,0.0621112883090972,0.1231140121817588,0.0242951288819313,0.1921278685331344,0.5206555128097534,0.2176267802715301,0.295084148645401,0.0524303168058395,0.0282889772206544,0.1643251329660415,0.0434854999184608,0.2021284699440002,0.0864278227090835,0.0630845427513122,0.0491790696978569,0.2631289064884186,0.0521370097994804
0.2967253923416137,0.0990292727947235,0.4387481808662414,0.1408299207687378,0.2762649655342102,0.4288883805274963,0.0870709270238876,0.2451638281345367,0.0283994376659393,0.1109495088458061,0.0376353375613689,0.2374417632818222,0.3208491802215576,0.1133870556950569,0.4916333556175232,0.0831290856003761,0.029828630387783,0.0970151200890541,0.0220564939081668,0.1131314039230346,0.0703143179416656,0.1848828047513961,0.1963884085416793,0.0515423715114593,0.0345722138881683,0.1137366145849227,0.019610047340393,0.1822696179151535,0.4835744202136993,0.2070682942867279,0.2758982181549072,0.0495393723249435,0.0242262929677963,0.1661628186702728,0.0511323250830173,0.1914892643690109,0.0762205868959426,0.0611352734267711,0.0487311817705631,0.2430796772241592,0.0470303557813167
0.2959403693675995,0.098620094358921,0.43840092420578,0.1414964944124221,0.2680014967918396,0.4272123575210571,0.0872138515114784,0.2458281517028808,0.0288337208330631,0.1108994334936142,0.0379704050719738,0.238041952252388,0.3238500356674194,0.1132317408919334,0.4900912940502167,0.0890785679221153,0.0422719307243824,0.0973328649997711,0.0220835618674755,0.1124842688441276,0.0683229565620422,0.1857801377773285,0.195294514298439,0.0515188835561275,0.0339915454387664,0.1130155026912689,0.0194642692804336,0.1818929016590118,0.4843854904174804,0.204842984676361,0.2754586935043335,0.0490104705095291,0.0240796376019716,0.164951279759407,0.0400837957859039,0.1917881071567535,0.0754019096493721,0.0609480254352092,0.048535905778408,0.2414375096559524,0.0463050231337547
0.3106321096420288,0.1035664677619934,0.4390516877174377,0.1406454592943191,0.2715402245521545,0.4325038492679596,0.0855469107627868,0.2480286508798599,0.0280715879052877,0.1113063842058181,0.0372958369553089,0.2401846796274185,0.3313952684402466,0.1113803386688232,0.491966187953949,0.088841326534748,0.0295062381774187,0.0973211526870727,0.0222075171768665,0.1137080192565918,0.0688066855072975,0.1847997307777404,0.2047271281480789,0.0503576025366783,0.0426342114806175,0.1118173450231552,0.0187366530299186,0.1800947189331054,0.4733882248401642,0.201543778181076,0.2703802585601806,0.0485732667148113,0.0236671566963195,0.1640859693288803,0.0499450266361236,0.1918144822120666,0.0752579122781753,0.0599724054336547,0.0482900068163871,0.2354466915130615,0.0458147190511226
0.3117023110389709,0.1044772118330001,0.4382951855659485,0.1399306058883667,0.2730156183242798,0.4357145726680755,0.0853282660245895,0.2498510926961898,0.0278615355491638,0.1123879551887512,0.0370909981429576,0.2414723336696624,0.3387420773506164,0.110704705119133,0.4940755069255829,0.0890503525733947,0.029476024210453,0.09792460501194,0.0220908187329769,0.1148358508944511,0.0695704817771911,0.1854445338249206,0.2079202830791473,0.0500750541687011,0.0422830730676651,0.1112926304340362,0.0185206588357687,0.1798561811447143,0.4711945950984955,0.2011254429817199,0.2686935067176819,0.0487239882349967,0.0237550605088472,0.1644268035888672,0.0499731600284576,0.1910507082939148,0.0749699249863624,0.0598543062806129,0.0483280271291732,0.234153151512146,0.0455551519989967
0.2985084354877472,0.0840514302253723,0.4310389161109924,0.1315668821334839,0.2573148906230926,0.4328836798667907,0.0827981010079383,0.245408147573471,0.0275577120482921,0.1082741916179657,0.0379717051982879,0.2321540564298629,0.3072619438171386,0.1159843727946281,0.5071588754653931,0.0839733779430389,0.0408380664885044,0.101797416806221,0.0233327038586139,0.1084546223282814,0.0681812763214111,0.1774245649576187,0.1909784078598022,0.0510796085000038,0.0442442297935485,0.1197767034173011,0.0215711761265993,0.1865102052688598,0.4972584247589111,0.2071847468614578,0.2799734771251678,0.0480059385299682,0.0273917708545923,0.1702567934989929,0.0428202934563159,0.2009756565093994,0.0806413143873214,0.0615025721490383,0.0480968058109283,0.2750154137611389,0.0512412413954734
0.2974715530872345,0.083980917930603,0.4302258491516113,0.1324174106121063,0.2530099153518677,0.4311094880104065,0.0828419476747512,0.2447153031826019,0.027707751840353,0.107548601925373,0.0574657283723354,0.2315650582313537,0.3060660064220428,0.1170084103941917,0.5037975311279297,0.0836628973484039,0.0413646139204502,0.1023089438676834,0.0233741216361522,0.107638344168663,0.0674107670783996,0.1777923703193664,0.1887054741382599,0.0513795018196105,0.044610533863306,0.1198228448629379,0.02197140827775,0.1867999881505966,0.4985851049423218,0.2071610242128372,0.2810876071453094,0.0477636978030204,0.0271793026477098,0.1696808934211731,0.0427569821476936,0.202888086438179,0.081282839179039,0.0614385232329368,0.0480270013213157,0.2745479941368103,0.0512475036084651
0.2906653583049774,0.0842683762311935,0.4191884994506836,0.132019966840744,0.2820179760456085,0.428339421749115,0.0804949700832367,0.2492474019527435,0.0274140127003192,0.1090559661388397,0.0397663488984108,0.2321678847074508,0.3110522031784057,0.1161590218544006,0.5021977424621582,0.0838677585124969,0.0430891774594783,0.1053422018885612,0.0243628956377506,0.1060641258955001,0.0656079798936843,0.1823740899562835,0.1889836937189102,0.0521970093250274,0.0583841912448406,0.1188499480485916,0.0214148629456758,0.1873518526554107,0.497305303812027,0.2091303318738937,0.2789433598518371,0.0493157543241977,0.0270866472274065,0.1610976755619049,0.0401491150259971,0.1985246539115905,0.0795697271823883,0.0599034577608108,0.0479528494179248,0.262775719165802,0.0507780537009239
0.2955366969108581,0.0854709446430206,0.4190841317176819,0.1330340653657913,0.2824553251266479,0.4275174438953399,0.0793164297938346,0.2514276802539825,0.0274114944040775,0.1088317781686782,0.0400168448686599,0.2337057590484619,0.3133995532989502,0.1166525185108184,0.503090500831604,0.0835276395082473,0.0431394204497337,0.105411484837532,0.0246596820652484,0.104893147945404,0.0641331672668457,0.1831224262714386,0.1886258274316787,0.05225795134902,0.0582849830389022,0.1193318217992782,0.0211134906858205,0.1872829794883728,0.4953973889350891,0.2083308398723602,0.2768375873565674,0.0491779632866382,0.0271636005491018,0.1606666445732116,0.0402630344033241,0.1975718736648559,0.0795437544584274,0.0600257217884063,0.0477678515017032,0.2620268762111664,0.0508727915585041
0.2902370691299438,0.0847035348415374,0.422926127910614,0.1351541876792907,0.2788187265396118,0.4317423105239868,0.0803723260760307,0.2560898661613464,0.0279606580734252,0.1087587922811508,0.0402227193117141,0.2349678575992584,0.3136109709739685,0.1154662445187568,0.5032777786254883,0.0821053981781005,0.0432103052735328,0.1052677482366561,0.0244679488241672,0.1059421747922897,0.0691271275281906,0.1840014010667801,0.1963296830654144,0.0518490374088287,0.055859126150608,0.1162827089428901,0.0205969884991645,0.1849007606506347,0.4977273941040039,0.2061595320701599,0.2795713543891907,0.0472919307649135,0.0256441310048103,0.1560436189174652,0.0395605042576789,0.1946641206741333,0.0770956352353096,0.0598133504390716,0.0479345396161079,0.2535354495048523,0.0489241816103458
0.291003942489624,0.0850648134946823,0.425775408744812,0.1354676485061645,0.2791918218135834,0.429417610168457,0.0803514346480369,0.2532308101654053,0.0281378310173749,0.1081386804580688,0.0404064059257507,0.2341889142990112,0.3129643201828003,0.1148047596216201,0.5017916560173035,0.0818578377366066,0.0433081649243831,0.104115292429924,0.0244374424219131,0.105678804218769,0.0690222755074501,0.1837077140808105,0.1943922489881515,0.0516661554574966,0.0556347705423831,0.1163072809576988,0.0206842795014381,0.1841825246810913,0.4963259696960449,0.2063768208026886,0.2778238356113434,0.0469583757221698,0.025218641385436,0.1553343832492828,0.0395684950053691,0.1959687173366546,0.0769655108451843,0.0588928870856761,0.0475831031799316,0.2530373334884643,0.0489087924361228
0.2898662686347961,0.0863791778683662,0.4295198917388916,0.134598433971405,0.289870023727417,0.4316152930259704,0.0797097757458686,0.252652108669281,0.0277862027287483,0.1085140258073806,0.0402885600924491,0.2309044748544693,0.3223252892494201,0.1141652911901474,0.5013759732246399,0.0889294445514679,0.0419636368751525,0.1033410876989364,0.0238755494356155,0.1071476191282272,0.0710678622126579,0.1817868053913116,0.1926644742488861,0.0516368001699447,0.0544840358197689,0.1180806159973144,0.0205007344484329,0.1849884539842605,0.502926766872406,0.2066268920898437,0.2849085330963135,0.0462592914700508,0.0247294176369905,0.1554431319236755,0.0397639423608779,0.195371612906456,0.0765202045440673,0.0587678253650665,0.0471002086997032,0.2569706737995147,0.0493173822760582
0.2903026938438415,0.0860146358609199,0.4314773082733154,0.1350129246711731,0.2898767590522766,0.430169016122818,0.0795313715934753,0.2509314119815826,0.0277887172996997,0.1074171215295791,0.0401145741343498,0.2296567857265472,0.3168899416923523,0.1144166141748428,0.5013808012008667,0.088851124048233,0.0418799854815006,0.1025858521461486,0.0238311439752578,0.1067591533064842,0.0708715617656707,0.1816333830356598,0.1913776695728302,0.0517481565475463,0.0545113012194633,0.1183885559439659,0.0205580256879329,0.1851555258035659,0.5038696527481079,0.2069122940301895,0.2855843305587768,0.0463176444172859,0.024808008223772,0.155472993850708,0.0397778451442718,0.1963544487953186,0.0769313797354698,0.0586934611201286,0.0470802821218967,0.2580616176128387,0.0494966655969619
0.2990456819534302,0.0901362895965576,0.4350945353507995,0.1353644579648971,0.2988103926181793,0.4316308796405792,0.0787585005164146,0.25233194231987,0.0279431454837322,0.1075252518057823,0.0381273701786994,0.2286188602447509,0.3165852725505829,0.1131856068968772,0.483514666557312,0.0884677469730377,0.0410817041993141,0.1002725586295127,0.0235035456717014,0.1095230877399444,0.072442352771759,0.1803855150938034,0.1956002414226532,0.0505710691213607,0.0517792180180549,0.1189141422510147,0.0190871097147464,0.1828843653202057,0.5027937889099121,0.2075610756874084,0.2895556986331939,0.04622633010149,0.0245515517890453,0.1554017215967178,0.0393505133688449,0.1939982175827026,0.0762156918644905,0.0592812076210975,0.0476149320602417,0.2232440561056137,0.0503744520246982
0.3076006174087524,0.1025652438402175,0.435898870229721,0.1424244344234466,0.3109660148620605,0.4370876252651214,0.0813521742820739,0.2557310461997986,0.0276108887046575,0.1135915517807006,0.0408980622887611,0.2357782423496246,0.3452546000480652,0.1145422905683517,0.4901683926582336,0.0884634628891944,0.0314919427037239,0.10273477435112,0.0235007740557193,0.1095547974109649,0.0625246912240982,0.1862888038158416,0.2078674286603927,0.0519124791026115,0.0461485460400581,0.1081802695989608,0.0189431142061948,0.1805028319358825,0.4730834364891052,0.2048819959163665,0.2733787298202514,0.0466376468539238,0.0222262647002935,0.1561041176319122,0.0422417446970939,0.1968193054199218,0.0775157809257507,0.0558171346783638,0.0473678596317768,0.1876962184906005,0.0442897342145442
0.3078913688659668,0.1001864075660705,0.4432116150856018,0.1459787786006927,0.2716256082057953,0.4330923855304718,0.0820885747671127,0.2506968975067138,0.0278110541403293,0.109308935701847,0.0432354882359504,0.2322753369808197,0.3401954174041748,0.119078516960144,0.4968349933624267,0.0881430655717849,0.0346723794937133,0.105686992406845,0.0238124467432498,0.1069810092449188,0.0624021962285041,0.1868546903133392,0.2002255320549011,0.0543849319219589,0.0502953082323074,0.112271174788475,0.0208767186850309,0.1834684312343597,0.4809878468513489,0.2083486765623092,0.2779705226421356,0.0464201569557189,0.0225225966423749,0.1673058271408081,0.0362488031387329,0.2061968445777893,0.081741563975811,0.0570152662694454,0.0470160245895385,0.1951207220554351,0.045637272298336
0.2957047820091247,0.0914279520511627,0.4281330704689026,0.1376373469829559,0.2625921368598938,0.4212912917137146,0.0818497389554977,0.2474039793014526,0.0278389174491167,0.105737991631031,0.0414811298251152,0.2275579422712326,0.3093394041061401,0.1175703480839729,0.4968231320381164,0.0896472781896591,0.0451399460434913,0.1026643216609954,0.0249721612781286,0.1048866659402847,0.0615143068134784,0.1804264783859253,0.1860575377941131,0.0534241497516632,0.0587402656674385,0.1224359422922134,0.0219073668122291,0.1861562430858612,0.5032790899276733,0.210801362991333,0.2856389582157135,0.0468343049287796,0.0246911030262708,0.1685234606266021,0.0444281622767448,0.2018411308526992,0.081756368279457,0.0573537051677703,0.0469986721873283,0.2213283628225326,0.0506100691854953
0.3123725652694702,0.1007366776466369,0.440344750881195,0.1392805576324463,0.2242783606052398,0.4295446872711181,0.0811670050024986,0.2425279021263122,0.0276055000722408,0.1070337891578674,0.040232129395008,0.2302224785089492,0.3132694661617279,0.1102400720119476,0.4824519455432892,0.0883129388093948,0.0297839790582656,0.0945259407162666,0.0231918077915906,0.1053171306848526,0.0605202130973339,0.1839849948883056,0.1952574551105499,0.0514577999711036,0.0463104024529457,0.1120544150471687,0.0194242484867572,0.1811979711055755,0.4690443277359009,0.2076112031936645,0.2673449516296386,0.0477813780307769,0.0236303210258483,0.1763495504856109,0.0430278480052948,0.2064059972763061,0.0796114802360534,0.0575338564813137,0.0479324422776699,0.2345907092094421,0.0474693030118942
0.2970694005489349,0.0925488397479057,0.4291161894798279,0.1360058635473251,0.2039211988449096,0.4186572432518005,0.0642609745264053,0.2375575304031372,0.0277778226882219,0.1018619164824485,0.0385670736432075,0.2224500328302383,0.2899523973464966,0.113558828830719,0.4763854146003723,0.084267072379589,0.0340955629944801,0.0942073166370391,0.0237694568932056,0.1022659689188003,0.0663709565997123,0.1828097254037857,0.1810133755207061,0.0506763979792594,0.0558136701583862,0.1236084699630737,0.0203787237405776,0.1876256167888641,0.4988074898719787,0.2131752371788025,0.2818912267684936,0.0493888556957244,0.0271290838718414,0.1809800267219543,0.0438000783324241,0.2019079029560089,0.0791980475187301,0.0580494254827499,0.0466813892126083,0.2629340291023254,0.0526878759264946
0.299863338470459,0.0889806970953941,0.4318001866340637,0.1368873119354248,0.2508655190467834,0.4257936477661133,0.0650151669979095,0.2434903681278228,0.0277111046016216,0.1020029634237289,0.042694304138422,0.2276606559753418,0.3115437626838684,0.1152884066104888,0.4796429276466369,0.0838192254304885,0.0324233882129192,0.1004869490861892,0.0240363869816064,0.1022928059101104,0.0689734369516372,0.1800286173820495,0.1803181171417236,0.0529699623584747,0.0591165907680988,0.1242031157016754,0.021910710260272,0.1909080147743225,0.5110108256340027,0.2122281193733215,0.2884759306907654,0.0481453239917755,0.0267358869314193,0.1721348166465759,0.0357683151960372,0.2025611400604248,0.0809779912233352,0.0586890988051891,0.0463680922985076,0.2655175924301147,0.052576258778572
0.3012284934520721,0.0893036127090454,0.4305282831192016,0.1368054002523422,0.2538810670375824,0.4271518588066101,0.0645813345909118,0.2451242208480835,0.0274955481290817,0.1025062799453735,0.0434748604893684,0.2279808819293975,0.3135618567466736,0.1153759956359863,0.4790483713150024,0.0837485417723655,0.0323975160717964,0.1012377887964248,0.0240424126386642,0.1024736613035202,0.0687186419963836,0.1806305348873138,0.1815156638622284,0.0532577261328697,0.0587573908269405,0.1236714050173759,0.0217624679207801,0.1909180581569671,0.5103499293327332,0.2116909176111221,0.2890107035636902,0.0482828728854656,0.0265807174146175,0.1667192280292511,0.0453583262860775,0.2025989443063736,0.0810492187738418,0.0585736669600009,0.046248435974121,0.2631185352802276,0.0519424527883529
0.2881252765655517,0.0803610384464263,0.4279318749904632,0.1309303939342498,0.2408506870269775,0.4270640611648559,0.0782957971096038,0.2333606928586959,0.0254429802298545,0.1030919551849365,0.0608556047081947,0.2231609970331192,0.2930675446987152,0.1185058057308197,0.4877603650093078,0.0898516848683357,0.0420486032962799,0.0987980961799621,0.0245382897555828,0.1057231724262237,0.0659190118312835,0.1729796230792999,0.1817420125007629,0.0570403896272182,0.0495102629065513,0.1264064759016037,0.0245703272521495,0.1915530413389206,0.5218732953071594,0.2107795178890228,0.3037108182907104,0.0483955256640911,0.0311290752142667,0.181487500667572,0.0342272967100143,0.2090142965316772,0.0884691551327705,0.055899079889059,0.0388186872005462,0.299541711807251,0.0556332729756832
0.2870231866836548,0.080155462026596,0.4276212155818939,0.130878672003746,0.2415037900209427,0.4255096912384033,0.0779816359281539,0.2340288609266281,0.0256618447601795,0.1031534373760223,0.0618098825216293,0.224586009979248,0.2912103831768036,0.1193324476480484,0.4844910800457001,0.0830360800027847,0.0426018834114074,0.0990676656365394,0.0246907472610473,0.104414165019989,0.0650321394205093,0.1736242324113845,0.1799987107515335,0.0575170367956161,0.0503562912344932,0.1265861839056015,0.0247302707284688,0.1917879730463028,0.5232510566711426,0.2111637890338897,0.3043232560157776,0.0484232977032661,0.0309316758066415,0.1815064251422882,0.0344683527946472,0.2097791135311126,0.0890425369143486,0.0564568080008029,0.039039634168148,0.2992608845233917,0.0557489655911922
0.2823792099952698,0.0877294391393661,0.414616048336029,0.1356446295976638,0.2788121402263641,0.420478880405426,0.0682832896709442,0.2451274693012237,0.0295955650508403,0.1059386730194091,0.0717149525880813,0.2306304275989532,0.3016507029533386,0.1239669993519783,0.4862631261348724,0.0847649946808815,0.0464309602975845,0.1044963151216507,0.0257368590682744,0.100582867860794,0.0603534504771232,0.1769286692142486,0.1783372163772583,0.0565798729658126,0.0532268732786178,0.1375502198934555,0.0269158445298671,0.1939825117588043,0.5343990325927734,0.2149883806705474,0.3096166551113128,0.0493279322981834,0.0300897471606731,0.1589679569005966,0.0423173904418945,0.2107301652431488,0.0896100848913192,0.063113048672676,0.0462007820606231,0.2799147069454193,0.0533426851034164
0.2831212282180786,0.087346464395523,0.4161263704299927,0.1359146833419799,0.277627944946289,0.4229554831981659,0.068715900182724,0.2457195818424224,0.029530057683587,0.1058761179447174,0.0712985172867775,0.230908066034317,0.3018700182437897,0.1240801215171814,0.4889358580112457,0.0848929658532142,0.0464900210499763,0.1045385897159576,0.0258085280656814,0.1005021035671234,0.0620361678302288,0.1767692565917968,0.1795884668827057,0.0564487501978874,0.0533116459846496,0.1377514749765396,0.0270545799285173,0.1937141120433807,0.5339159965515137,0.2151763439178466,0.3094184994697571,0.0494208857417106,0.0302661284804344,0.1591543108224868,0.0421302542090415,0.2109236866235733,0.0896618142724037,0.0633420497179031,0.0463128313422203,0.2809118926525116,0.0535911321640014
0.2774755656719208,0.0858874171972274,0.4075410068035126,0.1336983740329742,0.2752086222171783,0.4183263182640075,0.0703436434268951,0.2417667508125305,0.0300936177372932,0.1062571853399276,0.0701603591442108,0.2282662093639373,0.2918833494186401,0.1235518977046012,0.4698894619941711,0.0839359611272811,0.0459541678428649,0.1030747815966606,0.0252088122069835,0.1022006645798683,0.0614402741193771,0.1738725900650024,0.1768842935562133,0.0563656315207481,0.0537806414067745,0.1255468726158142,0.0262128058820962,0.1933534145355224,0.5334658622741699,0.2155373096466064,0.3036241829395294,0.0500757917761802,0.0313133783638477,0.1630595922470092,0.0422743149101734,0.2070907056331634,0.0880699157714843,0.0636714249849319,0.0483707711100578,0.2799898982048034,0.0540456101298332
0.2796986103057861,0.0867869853973388,0.4072608351707458,0.134949654340744,0.2777499258518219,0.418204128742218,0.0717474669218063,0.2449754774570465,0.0297601409256458,0.1068265661597251,0.072887398302555,0.2290923297405243,0.2892711162567138,0.124193824827671,0.4694504737854004,0.083933874964714,0.0473543182015419,0.1039622724056243,0.0252297408878803,0.0997757315635681,0.0603341832756996,0.1747534573078155,0.1774090826511383,0.0575170367956161,0.0558739490807056,0.138225182890892,0.0271755941212177,0.1946508586406707,0.534512460231781,0.2174475193023681,0.305124282836914,0.0507374033331871,0.0317856222391128,0.1625296473503112,0.0422511026263237,0.2103488445281982,0.0897081643342971,0.0636257827281951,0.0485266484320163,0.2791540324687958,0.0538602210581302
0.2770837247371673,0.0875838696956634,0.4129218459129333,0.1350712329149246,0.2866844832897186,0.421861320734024,0.0711996257305145,0.2446603626012802,0.0295692272484302,0.1070472300052642,0.0468121916055679,0.230675533413887,0.3122520446777344,0.1241845116019249,0.4922203123569488,0.0838944613933563,0.0456546880304813,0.1064647138118743,0.0253035873174667,0.1033240854740142,0.0628941357135772,0.1765667796134948,0.1806280016899109,0.0575287751853466,0.0531924292445182,0.1272819936275482,0.0262364912778139,0.1966846585273742,0.5371315479278564,0.2173771560192108,0.30987548828125,0.0498628616333007,0.0295721888542175,0.1598006933927536,0.043021373450756,0.2057991623878479,0.0872419103980064,0.0632320344448089,0.0469037927687168,0.2759754657745361,0.0533396303653717
0.2779718041419983,0.0881813392043113,0.4142464399337768,0.1348515152931213,0.2888875007629394,0.4229956865310669,0.0712709799408912,0.2462842762470245,0.0295993536710739,0.1074643358588218,0.0464174076914787,0.2314643859863281,0.3128653466701507,0.1241316720843315,0.4932074546813965,0.083900973200798,0.0457294955849647,0.1064356416463851,0.0251758694648742,0.1028874889016151,0.0629295334219932,0.1771893948316574,0.181243747472763,0.0574687868356704,0.0532152839004993,0.1268188953399658,0.0261401422321796,0.1961735635995865,0.5360263586044312,0.2173813581466674,0.308881014585495,0.0495562180876731,0.0291311349719762,0.1586022675037384,0.04291383177042,0.2063332498073578,0.0872155800461769,0.0631031990051269,0.0468107201159,0.2752916514873504,0.0530823394656181
0.2784468233585357,0.0881521254777908,0.4216862916946411,0.130736619234085,0.2991880178451538,0.4246206283569336,0.0822194814682006,0.2439337968826294,0.0288132987916469,0.1079294979572296,0.0450489521026611,0.2336065173149109,0.3226903676986694,0.1189435273408889,0.5032219886779785,0.0838466733694076,0.0425768829882144,0.1063228994607925,0.0240660030394792,0.1058316677808761,0.0660098642110824,0.17233207821846,0.1880205571651458,0.0582417622208595,0.0474650338292121,0.1265057176351547,0.0237707160413265,0.1936838030815124,0.5257786512374878,0.2148360610008239,0.3064329624176025,0.0481305345892906,0.0284660179167985,0.1595143675804138,0.0410861149430274,0.2081438601016998,0.0846715196967125,0.0616672188043594,0.04557466506958,0.2757467627525329,0.0506185963749885
0.2783241271972656,0.0885634273290634,0.4216056168079376,0.1318020522594452,0.3005234599113464,0.4239916801452636,0.0743976235389709,0.2460106760263443,0.028832122683525,0.1085097044706344,0.045835193246603,0.2340388149023056,0.3260535597801208,0.1196490600705146,0.5028818845748901,0.0832726806402206,0.043382778763771,0.1074789017438888,0.0242397952824831,0.1047432646155357,0.0644958168268203,0.1738075464963913,0.1886197179555893,0.0592198595404624,0.0640228539705276,0.1258746683597564,0.0241664592176675,0.1945337355136871,0.527113676071167,0.2160698771476745,0.307220458984375,0.0480815321207046,0.0283819232136011,0.1582854986190796,0.0411364510655403,0.2099062502384185,0.0856446623802185,0.0610631108283996,0.0454917848110199,0.2720208764076233,0.0498019531369209
0.2994765639305115,0.0929076820611953,0.4288007318973541,0.1408057808876037,0.2413501441478729,0.4169663786888122,0.0659018754959106,0.242088183760643,0.0278247892856597,0.1010311096906662,0.0693781971931457,0.2291163802146911,0.3036941587924957,0.1172538995742797,0.4726083874702453,0.0828987956047058,0.0342413745820522,0.1041439175605773,0.0244183391332626,0.1057011187076568,0.072085827589035,0.1737666577100753,0.1735293269157409,0.0543056949973106,0.0621621459722518,0.1363480985164642,0.0227633789181709,0.1979435086250305,0.5205832719802856,0.2190578728914261,0.2920799851417541,0.0499401614069938,0.0280442666262388,0.1653116643428802,0.050380028784275,0.2031073421239853,0.0852892398834228,0.060610219836235,0.0472320951521396,0.2641807198524475,0.0525397472083568
0.2824134230613708,0.0860052928328514,0.4195391535758972,0.1321976035833358,0.2875977754592895,0.423984557390213,0.0746303349733352,0.2450881451368332,0.0282994657754898,0.1069178283214569,0.0466150417923927,0.2317007035017013,0.3091458082199096,0.1221459731459617,0.4941242933273315,0.0841553285717964,0.0443916991353035,0.1076458096504211,0.024685688316822,0.1030495315790176,0.0613424442708492,0.1733663529157638,0.1846397817134857,0.0605603493750095,0.0500653013586998,0.1238544285297393,0.0248688496649265,0.1954765766859054,0.5292844772338867,0.2169351577758789,0.3112682998180389,0.0498541966080665,0.0303749963641166,0.1631697118282318,0.0419130474328994,0.2111504971981048,0.0889370068907737,0.0621570460498333,0.0464132502675056,0.280141681432724,0.052113551646471
0.2943665385246277,0.0901166945695877,0.4247737228870392,0.1370206177234649,0.2371760606765747,0.4121451675891876,0.0651311129331588,0.2373637855052948,0.0283649079501628,0.1015889346599578,0.0682607740163803,0.2264357507228851,0.2946740686893463,0.1155394613742828,0.4730194807052612,0.0825785547494888,0.0338965207338333,0.0974444597959518,0.0232233833521604,0.1054114401340484,0.0715047568082809,0.171804741024971,0.1683906614780426,0.0534568503499031,0.0468296930193901,0.1243640705943107,0.0226805731654167,0.1974019855260849,0.525498628616333,0.2189141362905502,0.2936243116855621,0.0502227209508419,0.0295492261648178,0.1698420941829681,0.0500943064689636,0.1992066800594329,0.0844302549958229,0.0614737905561924,0.0481075495481491,0.2719798684120178,0.0550218597054481
0.2937833070755005,0.0898654460906982,0.4261778891086578,0.1384212672710418,0.2353710085153579,0.4115278124809265,0.0659811943769455,0.2372258305549621,0.0282361544668674,0.1009553596377372,0.0690451562404632,0.2259868681430816,0.2898797392845154,0.1163464561104774,0.4578774571418762,0.082467496395111,0.0344303101301193,0.0982117503881454,0.0231946222484111,0.104093812406063,0.0711459591984748,0.1713844835758209,0.1676916480064392,0.0542065873742103,0.0473211854696273,0.1240298971533775,0.0232432335615158,0.1983575224876403,0.5264407396316528,0.2199241518974304,0.2949223518371582,0.0504127778112888,0.0298522356897592,0.1699621379375457,0.0500253476202487,0.2029156386852264,0.0859660059213638,0.0616274587810039,0.0483139231801033,0.2717846632003784,0.0551632344722747
0.2868334352970123,0.0883558690547943,0.4279364347457886,0.1352603882551193,0.2442652285099029,0.4181020855903625,0.0704048424959182,0.2410546541213989,0.0277945473790168,0.1028074324131012,0.0465083867311477,0.2227365672588348,0.2967771291732788,0.1173986122012138,0.4934272468090057,0.0837057083845138,0.0332958921790123,0.1011750400066375,0.0241169445216655,0.1066420525312423,0.0685507506132125,0.1715810894966125,0.1685344576835632,0.054674107581377,0.0486815460026264,0.1242234483361244,0.0250684507191181,0.1984324157238006,0.5297098755836487,0.2196561396121978,0.2964070439338684,0.0508832298219203,0.0300694219768047,0.1711741387844085,0.0512074865400791,0.206677496433258,0.0869616940617561,0.0626019760966301,0.0483884140849113,0.2742210626602173,0.0538040772080421
0.2859992384910583,0.0884010642766952,0.4271802902221679,0.1346561312675476,0.2412194013595581,0.4167023301124573,0.0702773034572601,0.2410833239555359,0.0279993414878845,0.1020081937313079,0.0460757091641426,0.2219895720481872,0.2922244668006897,0.1178839579224586,0.4912305474281311,0.0835522338747978,0.0338045135140419,0.0999854356050491,0.0244906563311815,0.1049093827605247,0.0682303607463836,0.1721178740262985,0.1687329113483429,0.0542815811932086,0.0487134978175163,0.1248338520526886,0.0252701733261346,0.1979649662971496,0.5301182270050049,0.2204758077859878,0.2972609102725982,0.0512233451008796,0.030465604737401,0.1714993864297866,0.0510439723730087,0.2047669440507888,0.0866338685154914,0.0624950006604194,0.0485181398689746,0.2729179263114929,0.0538585186004638
0.2794530987739563,0.0881271511316299,0.4291997849941253,0.1359290480613708,0.2413425594568252,0.4118171334266662,0.0700651630759239,0.2412136346101761,0.0288550723344087,0.1007113009691238,0.0472533889114856,0.2220254242420196,0.2892202138900757,0.1203680038452148,0.4748288989067077,0.0832796692848205,0.0350458845496177,0.0999499559402465,0.0251607932150363,0.106827363371849,0.069116860628128,0.1739656031131744,0.1702852249145507,0.0558459758758544,0.0516149401664733,0.1254514753818512,0.0270103830844163,0.1996360868215561,0.5389282703399658,0.221867635846138,0.3020904660224914,0.0514297187328338,0.0299033671617507,0.1684263050556183,0.0502838790416717,0.2033302783966064,0.0877259895205497,0.0629531145095825,0.048115711659193,0.2733609080314636,0.0535504184663295
0.284404307603836,0.0901502221822738,0.4285578727722168,0.1340680122375488,0.2451031506061554,0.417912483215332,0.0695966035127639,0.2419936060905456,0.0282889828085899,0.1027459278702735,0.0473254844546318,0.2223694771528244,0.29680997133255,0.1174948886036872,0.4811437427997589,0.0836519598960876,0.0344515442848205,0.1006129086017608,0.0250064320862293,0.1077584773302078,0.0704461485147476,0.1736811399459839,0.1741855591535568,0.0553069561719894,0.063883826136589,0.1249543130397796,0.0259674936532974,0.1988517642021179,0.5312793254852295,0.22356978058815,0.3007110059261322,0.051456868648529,0.0301811918616294,0.1710300743579864,0.0503352433443069,0.2042216211557388,0.0879757851362228,0.0621040537953376,0.0486014038324356,0.269843578338623,0.0533591881394386
0.2883984744548797,0.090964987874031,0.4295759797096252,0.1360420882701873,0.2460331618785858,0.4236396551132202,0.0684779733419418,0.2429068386554718,0.0272354129701852,0.1052336990833282,0.0450432524085044,0.2275938093662262,0.3089865446090698,0.1170220449566841,0.4923443496227264,0.0837174206972122,0.0336903072893619,0.1046000719070434,0.0254027284681797,0.106186419725418,0.0741588696837425,0.1738238632678985,0.1814521104097366,0.0539085194468498,0.0643809884786605,0.1385608166456222,0.0255764313042163,0.1974784135818481,0.5224275588989258,0.2227375358343124,0.2970514595508575,0.0498845800757408,0.0282553862780332,0.1656374931335449,0.0497893989086151,0.2036188244819641,0.0850949957966804,0.0602955445647239,0.04743143171072,0.2699055671691894,0.054108839482069
0.2892407476902008,0.0915716961026191,0.4296165108680725,0.136346697807312,0.245739534497261,0.4243322014808655,0.0684774741530418,0.2430729120969772,0.0274014845490455,0.1052441895008087,0.0447733327746391,0.2280574887990951,0.3098860383033752,0.1167371124029159,0.4938209950923919,0.0834776535630226,0.0336990356445312,0.1046148091554641,0.025298211723566,0.1064744591712951,0.0741273090243339,0.1735799312591552,0.1821694374084472,0.0537388697266578,0.0640668794512748,0.1384980976581573,0.025487158447504,0.1973710805177688,0.5221961736679077,0.2222434282302856,0.2967531383037567,0.0497942194342613,0.0281648896634578,0.1650867760181427,0.0494800508022308,0.2040399014949798,0.0852910578250885,0.0603251829743385,0.047450378537178,0.269912838935852,0.0541466996073722
0.2801247835159302,0.0775565505027771,0.4361934065818786,0.1327618360519409,0.2882671356201172,0.4336948990821838,0.0810647904872894,0.2471343278884887,0.024989791214466,0.1083722561597824,0.0449612066149711,0.2261343598365783,0.2965701222419739,0.1217824667692184,0.5194173455238342,0.0815566554665565,0.0423601493239402,0.1059898287057876,0.0234865359961986,0.103004902601242,0.0633016005158424,0.1751427352428436,0.182058110833168,0.0561131462454795,0.0488231852650642,0.1200784370303154,0.0253701861947774,0.1954370737075805,0.5219497084617615,0.2130592316389084,0.3006438016891479,0.0475257001817226,0.0282680708914995,0.1615520119667053,0.0419537648558616,0.2106476128101349,0.0833412855863571,0.057943120598793,0.0410034880042076,0.2840514779090881,0.0518491752445697
0.276870846748352,0.0770985335111618,0.4312858879566192,0.1342733800411224,0.2829431891441345,0.4312037825584411,0.0760232657194137,0.2459111362695694,0.0276743397116661,0.1077647358179092,0.0459699444472789,0.2242918014526367,0.2921188473701477,0.1235357969999313,0.4903992116451263,0.0819893851876258,0.0429540686309337,0.1067104488611221,0.0236689448356628,0.1008577048778534,0.0626969039440155,0.1743464767932891,0.1799882650375366,0.0570745021104812,0.0500425994396209,0.1212077736854553,0.0259131845086812,0.1970444321632385,0.525810718536377,0.2141171991825103,0.303798496723175,0.0480534508824348,0.0287624318152666,0.1626988649368286,0.0419245772063732,0.2119940221309662,0.0840748474001884,0.0625384375452995,0.0471266396343708,0.2878095209598541,0.0527492575347423
0.2884857952594757,0.0934187322854995,0.4357642531394958,0.1459526866674423,0.2904183864593506,0.4277741014957428,0.0883384495973587,0.2420247495174408,0.028661835938692,0.1022633165121078,0.0483056083321571,0.2282628566026687,0.3092326521873474,0.1282835900783538,0.4973610937595367,0.0875460505485534,0.0446553602814674,0.1087023913860321,0.0258422493934631,0.1023131534457206,0.061001256108284,0.1776426136493683,0.1815644800662994,0.059552252292633,0.0491242557764053,0.1254962980747223,0.0262669548392295,0.1959657073020935,0.5325666666030884,0.2085250616073608,0.3139583468437195,0.0481753535568714,0.0263521745800972,0.1587224006652832,0.0438136011362075,0.2069730460643768,0.0838459283113479,0.0612889528274536,0.0464345514774322,0.2718708217144012,0.0496911033987998
0.2889521420001983,0.088370643556118,0.4346279203891754,0.1460742652416229,0.2910652160644531,0.428320050239563,0.0884854197502136,0.243212416768074,0.0287391655147075,0.1032910868525505,0.0481201112270355,0.2290334105491638,0.3120564222335815,0.1277654320001602,0.49654221534729,0.0876158773899078,0.0448091067373752,0.1088990196585655,0.0257518365979194,0.1022420078516006,0.0605583637952804,0.1778776347637176,0.1817018389701843,0.0592153519392013,0.0489014498889446,0.1247462853789329,0.0263233259320259,0.1956703066825866,0.5304746627807617,0.2133369147777557,0.3102505207061767,0.0481438226997852,0.0260793846100568,0.1576769649982452,0.0437045097351074,0.2071183770895004,0.0838714241981506,0.0609922967851161,0.0463686250150203,0.2701305150985718,0.0493678227066993
0.2769817113876343,0.0876005142927169,0.4291557073593139,0.1450747102499008,0.2736983001232147,0.4017544388771057,0.071597509086132,0.2280246764421463,0.0279191341251134,0.0968115851283073,0.0526930391788482,0.2158278375864029,0.2758899331092834,0.1270700097084045,0.4656654596328735,0.0873684808611869,0.034945610910654,0.101713128387928,0.0246832631528377,0.0985185950994491,0.0559910535812377,0.1685723960399627,0.1581735163927078,0.0590264499187469,0.0541211068630218,0.1373690068721771,0.0296743866056203,0.2011990696191787,0.5452510118484497,0.2190022468566894,0.307751715183258,0.0497408583760261,0.027888162061572,0.1618340164422989,0.0451992414891719,0.2166766971349716,0.0878636315464973,0.0617232397198677,0.046241708099842,0.2836107015609741,0.0522546395659446
0.2764136791229248,0.0869551301002502,0.4284883439540863,0.1448551565408706,0.2726256549358368,0.4019712209701538,0.0713556930422782,0.2295780032873153,0.0281950905919075,0.0964236408472061,0.0527212359011173,0.2157439291477203,0.2760887145996094,0.12764373421669,0.4640669226646423,0.0873522087931633,0.035202719271183,0.1011960506439209,0.0245286747813224,0.0973409786820411,0.0552357584238052,0.1708468794822693,0.1584107130765915,0.0586102865636348,0.0534385070204734,0.1371123045682907,0.0292802415788173,0.2002918422222137,0.5454716086387634,0.2175885438919067,0.30841064453125,0.0497030317783355,0.0280023906379938,0.1617241203784942,0.0453959330916404,0.2154778838157653,0.0875596106052398,0.0617082938551902,0.0460685789585113,0.2819852828979492,0.0521776601672172
0.2735021710395813,0.0848399996757507,0.4277445673942566,0.1439877152442932,0.2684258818626404,0.3981284499168396,0.0703800767660141,0.2171401083469391,0.0273109786212444,0.0950281620025634,0.0514289923012256,0.2112485766410827,0.2751961350440979,0.1253403723239898,0.4708622694015503,0.0881353169679641,0.0343824736773967,0.1021173819899559,0.0243537258356809,0.0996865779161453,0.0579694956541061,0.1673707813024521,0.1564785838127136,0.0574667640030384,0.0500275008380413,0.1274550855159759,0.0276897978037595,0.1996625661849975,0.5405048131942749,0.2163250297307968,0.3059622049331665,0.0492972582578659,0.028037741780281,0.167149469256401,0.045226115733385,0.2120958864688873,0.081569604575634,0.0610786825418472,0.0451485365629196,0.2889579534530639,0.0530839823186397
0.2819987535476684,0.0789926946163177,0.4258539974689483,0.1400909274816513,0.2625283300876617,0.4084512293338775,0.0718015283346176,0.2198272347450256,0.0272106770426034,0.0958634614944458,0.0512191206216812,0.2128308266401291,0.2745561599731445,0.1242290437221527,0.4730779826641083,0.089702695608139,0.0424470677971839,0.102837324142456,0.0252636298537254,0.0987032353878021,0.0610172972083091,0.1677045822143554,0.1616387963294983,0.0587728545069694,0.0534353330731391,0.126957893371582,0.0274442788213491,0.2017788589000702,0.5391964912414551,0.2176499962806701,0.3072909712791443,0.0503675416111946,0.0309320408850908,0.173615425825119,0.0458551421761512,0.2102300822734832,0.0829017907381057,0.0622854754328727,0.0465201772749424,0.2963144779205322,0.0552996024489402
0.2864205837249756,0.0862402468919754,0.425683856010437,0.139070376753807,0.2860994338989258,0.4236363172531128,0.0794029980897903,0.2337524890899658,0.0248518884181976,0.103693701326847,0.0459018573164939,0.2202383577823639,0.2944883108139038,0.1231761276721954,0.4940018057823181,0.088349811732769,0.0420319847762584,0.103070318698883,0.0247837603092193,0.1040422022342681,0.0612401142716407,0.1713468432426452,0.180291548371315,0.0569875314831733,0.0482994765043258,0.1273144632577896,0.025125615298748,0.1963172256946563,0.534448504447937,0.2146691083908081,0.3164112567901611,0.0500755161046981,0.0305066313594579,0.1672362387180328,0.0418291985988616,0.2080245912075042,0.0820034891366958,0.0583342425525188,0.0408545285463333,0.2948079109191894,0.0518086925148963
0.2861401438713074,0.0860691368579864,0.4206632077693939,0.1393737494945526,0.2876904010772705,0.4256627559661865,0.0782203823328018,0.2365933656692505,0.0268205627799034,0.105043776333332,0.0476177260279655,0.22137351334095,0.2996430397033691,0.1231268793344497,0.4936261177062988,0.0891783609986305,0.0426273420453071,0.1047543063759803,0.0253945887088775,0.1039195507764816,0.0611157491803169,0.171580821275711,0.1818562150001526,0.0580362230539321,0.0491123646497726,0.1267570406198501,0.0254147239029407,0.1964117586612701,0.5332763195037842,0.2148325890302658,0.3160871267318725,0.0503009594976902,0.0304278749972581,0.1676857024431228,0.0420431047677993,0.2076953649520874,0.0821438431739807,0.0612225644290447,0.0464554168283939,0.2901696264743805,0.0509141907095909
0.2878825068473816,0.0894282385706901,0.4230258464813232,0.1408229619264602,0.2741449475288391,0.4157144427299499,0.0752563774585723,0.2277020812034607,0.0268881488591432,0.0982279181480407,0.0524552166461944,0.2165467888116836,0.2962834239006042,0.1263283938169479,0.4836340248584747,0.089923083782196,0.0434831008315086,0.106715440750122,0.0274467393755912,0.1050731390714645,0.0668287649750709,0.1683480739593505,0.174209713935852,0.061005100607872,0.0518906190991401,0.1425598859786987,0.0273075848817825,0.2012348026037216,0.5440770983695984,0.2220195829868316,0.3215508162975311,0.0526205375790596,0.0326473377645015,0.1752248853445053,0.0453724339604377,0.2081267386674881,0.0851551070809364,0.0638366341590881,0.0474387183785438,0.2935823798179626,0.0542291924357414
0.289432168006897,0.0899766683578491,0.4229246973991394,0.1410363316535949,0.273293137550354,0.4147053062915802,0.0750907659530639,0.2280601263046264,0.027049221098423,0.0983109697699546,0.0522619560360908,0.2158899903297424,0.2918786704540252,0.1262798011302948,0.4809935688972473,0.0897423103451728,0.043526291847229,0.1058214828372001,0.0273971185088157,0.1032326444983482,0.0663309693336486,0.1680902540683746,0.172976404428482,0.0605388544499874,0.0522543862462043,0.1281242668628692,0.027388572692871,0.2008592337369918,0.5429015159606934,0.2224642634391784,0.3207888603210449,0.0527386404573917,0.0327705666422843,0.1749915778636932,0.0451961457729339,0.2088657468557357,0.0859407782554626,0.0637061297893524,0.0476166307926178,0.292845606803894,0.0542967393994331
0.2893549501895904,0.0869108289480209,0.4254831671714782,0.1420762538909912,0.2736854255199432,0.4198018610477447,0.0771441012620925,0.2345229834318161,0.0275952592492103,0.1005904078483581,0.0509279295802116,0.2142693996429443,0.2912195324897766,0.1264408230781555,0.4750959277153015,0.0891792327165603,0.0439132340252399,0.1039652898907661,0.0267642792314291,0.1008732095360755,0.0617113821208477,0.1693534702062606,0.1751109957695007,0.0610421597957611,0.0520477890968322,0.1246598362922668,0.0279747396707534,0.2001508772373199,0.5418108701705933,0.2197767496109008,0.3156413435935974,0.0509569309651851,0.0313753560185432,0.1716296523809433,0.0438112318515777,0.2121080160140991,0.0867074280977249,0.0632470473647117,0.0474769547581672,0.2904867529869079,0.0528192073106765
0.2909108996391296,0.0874909907579422,0.4276975989341736,0.1414988338947296,0.2745693027973175,0.4195358753204345,0.0748698562383651,0.231317788362503,0.0274497717618942,0.1004027128219604,0.0503891557455062,0.2145949006080627,0.2897982001304626,0.1250658929347992,0.4776822924613952,0.0898243188858032,0.04337789863348,0.1029536128044128,0.0267378538846969,0.1024838685989379,0.0624717287719249,0.168222576379776,0.1754564642906189,0.0603977814316749,0.0509726330637931,0.1378559023141861,0.0273426510393619,0.1994655281305313,0.5408596396446228,0.2188911139965057,0.3148030638694763,0.0515438169240951,0.0314756706357002,0.1726351380348205,0.0436583459377288,0.2128993570804596,0.0864199623465538,0.0632767900824546,0.0474344417452812,0.2910553812980652,0.0528961569070816
0.2950807213783264,0.088139533996582,0.4309588372707367,0.1409496515989303,0.2725827097892761,0.4230010211467743,0.0746919736266136,0.2309408485889434,0.0269540045410394,0.1005385592579841,0.0478609353303909,0.2167029827833175,0.2980377674102783,0.1227252185344696,0.4866858422756195,0.0909137353301048,0.0432052724063396,0.1045188009738922,0.0268035121262073,0.1058449298143386,0.0673607438802719,0.1687577962875366,0.1792960464954376,0.0587160512804985,0.0505202040076255,0.1386976838111877,0.0261286608874797,0.1986474990844726,0.5363108515739441,0.2188644409179687,0.3137085735797882,0.0508975982666015,0.0307777151465415,0.1734789311885833,0.0433635860681533,0.2076582312583923,0.0838989466428756,0.0630204677581787,0.048181727528572,0.2897849082946777,0.0532047897577285
0.2925233244895935,0.0874488949775695,0.4285237491130829,0.1401334553956985,0.2755883932113647,0.4248638153076172,0.0749254822731018,0.2319655418395996,0.0267500635236501,0.1019727438688278,0.0482172556221485,0.2168793976306915,0.2986938655376434,0.1223679631948471,0.4848974347114563,0.0912325978279113,0.0430968962609767,0.1045264527201652,0.0265672672539949,0.1052533984184265,0.067309059202671,0.1681778877973556,0.1793165057897567,0.0585017055273056,0.0505453906953334,0.1378188729286193,0.0257118009030818,0.1984483003616333,0.5356923937797546,0.2182463705539703,0.313920259475708,0.0512544363737106,0.0312106255441904,0.1748620569705963,0.043189886957407,0.2076126188039779,0.0839711502194404,0.0631161406636238,0.0483955144882202,0.2876280546188354,0.053000584244728
0.2911244630813598,0.0890572369098663,0.4263119101524353,0.1391519159078598,0.2892583012580871,0.4270119071006775,0.0755921602249145,0.2333746254444122,0.0264330338686704,0.1046810075640678,0.0466562360525131,0.2194719761610031,0.308918684720993,0.1192915812134742,0.4943764507770538,0.0857706069946289,0.0418513640761375,0.1068494617938995,0.0260521732270717,0.1112977415323257,0.0702830851078033,0.166019394993782,0.1829464137554168,0.0579332932829856,0.0469762310385704,0.1236297041177749,0.0240552518516778,0.1970254033803939,0.5330662131309509,0.2155586779117584,0.3140206933021545,0.0510943308472633,0.0299265105277299,0.1719902157783508,0.0422530621290206,0.2048188745975494,0.0807143822312355,0.062690332531929,0.0483585856854915,0.2856680154800415,0.0507807955145835
0.2920139133930206,0.0893003642559051,0.4285659790039062,0.139617919921875,0.2865854501724243,0.4259957671165466,0.0732006654143333,0.2325306981801986,0.0266569778323173,0.1034152656793594,0.0482243038713932,0.2192592322826385,0.3109632432460785,0.1194973960518837,0.4935433268547058,0.0910530984401702,0.0426996350288391,0.1062675639986991,0.0265786387026309,0.1107383668422699,0.0702381506562233,0.1679388284683227,0.1820330768823623,0.0589480251073837,0.0470380969345569,0.1234824061393737,0.024807009845972,0.1970414966344833,0.5348889827728271,0.2165833413600921,0.3161698579788208,0.0508757829666137,0.029590830206871,0.1710925698280334,0.0426069907844066,0.2066541016101837,0.0817448124289512,0.062433511018753,0.048124972730875,0.2829396724700928,0.0507171712815761
0.2941775023937225,0.0875971913337707,0.4220485985279083,0.1362481564283371,0.2862269580364227,0.4330577850341797,0.075542464852333,0.2357852458953857,0.0258745215833187,0.1051813587546348,0.0499389395117759,0.2214384824037552,0.318632423877716,0.1191584765911102,0.4954133033752441,0.092212826013565,0.0418932773172855,0.1081045120954513,0.0271950475871562,0.1097848266363143,0.0695662796497345,0.1691459119319915,0.1882318407297134,0.0598716996610164,0.0652457773685455,0.1248577088117599,0.024887066334486,0.1964938938617706,0.5269790291786194,0.216103583574295,0.3124251961708069,0.0515107847750186,0.0307617262005805,0.1759559512138366,0.0419749841094017,0.2105263024568557,0.0832413509488105,0.0616845712065696,0.0475389286875724,0.284747838973999,0.05111850425601
0.2946175038814544,0.087187260389328,0.4229338467121124,0.1366962194442749,0.2840004861354828,0.4323325753211975,0.0756227225065231,0.2349873781204223,0.0259448010474443,0.1042201295495033,0.0508772209286689,0.2212071716785431,0.3168023526668548,0.1196551918983459,0.495580792427063,0.0924413502216339,0.0421926975250244,0.1082933619618415,0.0275061018764972,0.1092057973146438,0.0690521895885467,0.1691448390483856,0.186968445777893,0.0604846738278865,0.0662396550178527,0.1248680800199508,0.0254437252879142,0.196995198726654,0.5271809101104736,0.2165798842906952,0.3118645250797272,0.0513616353273391,0.0307154543697834,0.1753423511981964,0.042124655097723,0.2121938616037368,0.0836754292249679,0.0616343133151531,0.0474159829318523,0.2841476202011108,0.0512132942676544
0.2956879734992981,0.085711196064949,0.4159260988235473,0.135000541806221,0.2860079109668731,0.428704023361206,0.0764160901308059,0.2363422363996505,0.0261668525636196,0.1076987236738205,0.0504460111260414,0.2215383052825927,0.3061777949333191,0.1190431267023086,0.4834640026092529,0.0923410728573799,0.0391795933246612,0.1054433286190033,0.0272423587739467,0.1094703674316406,0.0662152916193008,0.1663159281015396,0.1848139762878418,0.0600425451993942,0.0669600814580917,0.1231348812580108,0.0250861477106809,0.1965835392475128,0.5249283313751221,0.214684396982193,0.3081338703632355,0.0522988438606262,0.0314248949289321,0.1776746213436126,0.0420559495687484,0.21018847823143,0.0846690759062767,0.06273053586483,0.0483269840478897,0.2872434854507446,0.0520122535526752
0.2887690365314483,0.0863999128341674,0.4151937663555145,0.1361222863197326,0.2939518094062805,0.4281805753707886,0.0770616084337234,0.2389780879020691,0.0268858093768358,0.1065841242671012,0.0492898970842361,0.224797323346138,0.3138817250728607,0.1198682487010955,0.486823171377182,0.0913929790258407,0.0418141931295394,0.1044617742300033,0.027141336351633,0.1089966967701911,0.0662329792976379,0.1697320789098739,0.1803822517395019,0.0574478842318058,0.0658407360315322,0.1233514100313186,0.0236203707754611,0.1944698542356491,0.5220050811767578,0.2139079868793487,0.3036050796508789,0.0520058274269104,0.0312613248825073,0.1761785745620727,0.0422002002596855,0.2051512449979782,0.0827523618936538,0.0620652139186859,0.0479292497038841,0.2421027421951294,0.0536263138055801
0.296947717666626,0.0941805765032768,0.433639794588089,0.1442283987998962,0.2979408502578735,0.4318472146987915,0.0837126523256301,0.2361371964216232,0.0263869799673557,0.1075206398963928,0.0483987629413604,0.2214810848236084,0.3331065475940704,0.1172416359186172,0.5007575750350952,0.0890556499361991,0.0282040387392044,0.1044013574719429,0.0240933001041412,0.1105623990297317,0.0596392825245857,0.1735589504241943,0.1909310221672058,0.0564602836966514,0.0518294125795364,0.1149238348007202,0.0219444297254085,0.1886451244354248,0.5010905861854553,0.2095904350280761,0.2982812523841858,0.0496156401932239,0.025798350572586,0.1694433540105819,0.045221023261547,0.2054816037416458,0.0782234668731689,0.0596997812390327,0.0483789481222629,0.2521929740905761,0.0473252944648265
0.295079231262207,0.0954610854387283,0.427689641714096,0.1396316587924957,0.3061919510364532,0.4357962608337402,0.0792442709207534,0.2477047592401504,0.0280287899076938,0.1086890697479248,0.0485405214130878,0.2256055474281311,0.3221619725227356,0.1223796382546424,0.4977546334266662,0.0899752154946327,0.0427706763148307,0.1072097271680831,0.0266611706465482,0.1068399399518966,0.0612337440252304,0.1745139062404632,0.1916322708129882,0.059626504778862,0.049420241266489,0.1209940761327743,0.0247544459998607,0.1912903785705566,0.5261505842208862,0.2066656053066253,0.3154398798942566,0.0480650477111339,0.0284795928746461,0.1661923974752426,0.0411434322595596,0.2116197347640991,0.0844481512904167,0.0610431805253028,0.0468285791575908,0.2759276032447815,0.0485676154494285
0.2926084697246551,0.1311851888895034,0.450367271900177,0.1537601947784423,0.3104369640350342,0.4547269940376282,0.0880168676376342,0.2616350650787353,0.0283879972994327,0.1155838221311569,0.0407586060464382,0.2393290102481842,0.3971022665500641,0.1091511100530624,0.5171158909797668,0.0881290212273597,0.037358745932579,0.1012340933084487,0.024222258478403,0.1175006851553917,0.0819151625037193,0.1822482943534851,0.223371610045433,0.0518558844923973,0.0462187752127647,0.129444733262062,0.020510297268629,0.1706671118736267,0.4764944016933441,0.2062890231609344,0.2782454192638397,0.0476395152509212,0.0246142167598009,0.1475483328104019,0.0486383102834224,0.1980283856391906,0.0768851563334465,0.0575814992189407,0.0474729463458061,0.1919658929109573,0.0414710752665996
0.2925011813640594,0.1329817771911621,0.4459669589996338,0.1533671468496322,0.3121733069419861,0.4578364193439483,0.0881637558341026,0.2642536461353302,0.0282156597822904,0.1170441061258316,0.0411085672676563,0.2402319014072418,0.4009845554828644,0.1098254770040512,0.5141044855117798,0.0884109213948249,0.0378933027386665,0.1011990755796432,0.0242500007152557,0.1171040832996368,0.0812763646245002,0.184045135974884,0.2258846163749694,0.0520962476730346,0.0463612303137779,0.1290343850851059,0.0205344688147306,0.1721595376729965,0.4759949147701263,0.2076731324195861,0.2791337370872497,0.0480751171708107,0.024682043120265,0.1488724052906036,0.0491118505597114,0.196454107761383,0.0774460434913635,0.0574373602867126,0.0478240028023719,0.1895152628421783,0.0413505285978317
0.3092069327831268,0.1043344065546989,0.4293864965438843,0.1328570991754531,0.3251253366470337,0.4518784880638122,0.0758045017719268,0.2658711671829223,0.0263581573963165,0.1138055175542831,0.0432316772639751,0.2360431253910064,0.3578962683677673,0.110610119998455,0.4954370260238647,0.086200475692749,0.0339221805334091,0.1030157059431076,0.0254236608743667,0.1187741160392761,0.086174726486206,0.1816746890544891,0.2046154588460922,0.0540543943643569,0.0560413524508476,0.1183966994285583,0.0214466322213411,0.1867078095674514,0.5083674192428589,0.2203365266323089,0.2958612442016601,0.0488607250154018,0.0276575665920972,0.158277690410614,0.0408541411161422,0.1918597221374511,0.0781693458557128,0.0585421919822692,0.0473465770483017,0.2175697088241577,0.049545869231224
0.3116888403892517,0.1042723059654235,0.4285314381122589,0.1333043873310089,0.3225573003292084,0.4486519396305084,0.0753493756055831,0.2634506225585937,0.0265045575797557,0.1126671209931373,0.0432320013642311,0.2361415177583694,0.3516798615455627,0.1109837293624877,0.493427038192749,0.0865330100059509,0.0338671430945396,0.1027248948812484,0.0256914775818586,0.1173318475484848,0.0854354575276374,0.1803744733333587,0.2026765644550323,0.054175779223442,0.0569922849535942,0.1197164356708526,0.0217713620513677,0.1875049918889999,0.5083015561103821,0.2213327139616012,0.2954092621803283,0.0493563488125801,0.0279836431145668,0.1593019366264343,0.0408876575529575,0.1919657886028289,0.0789381116628646,0.0588144548237323,0.0476975739002227,0.2191596925258636,0.0503453165292739
0.309148371219635,0.1012613102793693,0.4232110977172851,0.1313769817352295,0.3131951689720154,0.442383199930191,0.0761536359786987,0.2573789954185486,0.0260983407497406,0.1117072403430938,0.042154848575592,0.2335439920425415,0.3272881507873535,0.1102107614278793,0.4866324067115783,0.0862130969762802,0.0370377525687217,0.1006990075111389,0.0250101871788501,0.1126301139593124,0.0798021405935287,0.1747874766588211,0.1958872377872467,0.0540482625365257,0.0580414421856403,0.1199353411793708,0.0217738263309001,0.1898502856492996,0.508054792881012,0.2236310392618179,0.2954089939594269,0.0503715500235557,0.028687622398138,0.1629907190799713,0.0405450835824012,0.1944056451320648,0.0801664590835571,0.0591583997011184,0.0489348843693733,0.2258693426847458,0.05202591791749
0.3114499747753143,0.1015293449163436,0.4253369569778442,0.1318995952606201,0.3117170333862304,0.4418155252933502,0.0755137205123901,0.2593422532081604,0.0265384316444396,0.1112565398216247,0.040625512599945,0.2322358936071396,0.3279868364334106,0.1104104593396186,0.4843562841415405,0.0858290344476699,0.0433514602482318,0.0983227789402008,0.0249437261372804,0.113395869731903,0.0795113295316696,0.1778698861598968,0.1978116631507873,0.0533396713435649,0.0579934120178222,0.1196723282337188,0.0214299634099006,0.1883967816829681,0.5076561570167542,0.2228407710790634,0.2943814396858215,0.0502853915095329,0.0286554135382175,0.1620258688926696,0.0406496524810791,0.1922682523727417,0.0800898894667625,0.0592585355043411,0.0488251596689224,0.2249374240636825,0.0517208985984325
0.3047906160354614,0.1016094610095024,0.4289334416389465,0.1341029107570648,0.3000106811523437,0.4365037679672241,0.0686622634530067,0.2567770481109619,0.0271938871592283,0.1075116246938705,0.0405720546841621,0.2290409207344055,0.3280344605445862,0.1128703132271766,0.482247531414032,0.0843875035643577,0.032921377569437,0.0982835441827774,0.024885706603527,0.1099252626299858,0.0756955593824386,0.1816590726375579,0.196051687002182,0.0546932928264141,0.0597598925232887,0.1233007311820983,0.0221563652157783,0.1902211010456085,0.5151904821395874,0.2221541404724121,0.2955373525619507,0.0492877848446369,0.0284014381468296,0.161494180560112,0.0416786819696426,0.193654716014862,0.0805929079651832,0.0592079199850559,0.0476208254694938,0.2292948514223098,0.0520615875720977
0.3034651577472687,0.0996188223361969,0.431498110294342,0.1339007019996643,0.299488753080368,0.4357674419879913,0.0691435039043426,0.2566965818405151,0.0274286903440952,0.1077874824404716,0.0405726097524166,0.2277550399303436,0.331198126077652,0.1131503283977508,0.4806813895702362,0.0842730700969696,0.0326250307261943,0.0972756594419479,0.0247828084975481,0.1096467822790145,0.074854239821434,0.1822531819343567,0.1940716505050659,0.0547537617385387,0.0597334876656532,0.1241005286574363,0.022466093301773,0.1904300153255462,0.516183614730835,0.2214947342872619,0.2940341830253601,0.0488584972918033,0.0283195674419403,0.1611145138740539,0.0420745722949504,0.1945506483316421,0.0806611031293869,0.0593983381986618,0.0473786294460296,0.2306541949510574,0.0525279641151428
0.3011503219604492,0.0908418223261833,0.4386016726493835,0.1371409744024276,0.2554718554019928,0.4371252954006195,0.0785576775670051,0.2534800469875335,0.0289130583405494,0.1091725975275039,0.0580162480473518,0.2322365045547485,0.3223328590393066,0.1170092746615409,0.506450355052948,0.0820381119847297,0.0433377251029014,0.1030138581991195,0.0236606933176517,0.1066011041402816,0.0688372105360031,0.1836113631725311,0.1981278657913208,0.0533447340130806,0.0462951399385929,0.1211385130882263,0.0227153785526752,0.1900218576192855,0.5100501179695129,0.2145288288593292,0.2901992797851562,0.0462162494659423,0.0270060766488313,0.1686772406101226,0.0338861644268035,0.1948000490665435,0.079273410141468,0.0615122802555561,0.0482997000217437,0.2755725979804992,0.051359437406063
0.3018440306186676,0.0905800238251686,0.4379909634590149,0.1354638338088989,0.2543518841266632,0.4357005059719085,0.0773280709981918,0.2526754736900329,0.0290007032454013,0.10861486941576,0.057600662112236,0.231165200471878,0.3199445307254791,0.1167546361684799,0.5008988380432129,0.0820523723959922,0.0433418974280357,0.1014898121356964,0.0237586759030818,0.1065646559000015,0.0686390399932861,0.1845628917217254,0.1981541216373443,0.0528445094823837,0.0461952984333038,0.1213527843356132,0.0219740606844425,0.1896312236785888,0.5108994245529175,0.2140789628028869,0.2912071347236633,0.0462680235505104,0.0271067693829536,0.1707582473754882,0.0340035408735275,0.1935072094202041,0.0795485228300094,0.0613764002919197,0.0483000390231609,0.2757000923156738,0.051754605025053
0.3075393438339233,0.0991602092981338,0.4334622025489807,0.1347739696502685,0.2837587296962738,0.4312373399734497,0.0724344328045845,0.2491745799779892,0.0275097042322158,0.1063973680138588,0.0603975877165794,0.230060264468193,0.3188015818595886,0.1107967421412468,0.4813325405120849,0.0834209024906158,0.0328505262732505,0.0946775376796722,0.0242422241717576,0.109181672334671,0.0766306221485138,0.179990753531456,0.193235844373703,0.0516697764396667,0.0573445856571197,0.1235635131597518,0.0218059383332729,0.1894253045320511,0.5070915222167969,0.2185878902673721,0.2873753011226654,0.0488178096711635,0.0278693065047264,0.1621311753988266,0.0413284972310066,0.1898476183414459,0.078262910246849,0.0589042268693447,0.0483338274061679,0.2681806683540344,0.0531714707612991
0.3064886033535003,0.0992195308208465,0.4308808147907257,0.1354454755783081,0.2846274971961975,0.4303824305534363,0.072355717420578,0.2494087517261505,0.0276305619627237,0.1069476082921028,0.0614797845482826,0.2304695397615432,0.320281833410263,0.1108243092894554,0.4785493910312652,0.0835977718234062,0.033119112253189,0.095151737332344,0.0243206322193145,0.1091158017516136,0.0761613249778747,0.1793073117733001,0.1923269182443618,0.0520766973495483,0.0431848913431167,0.1235163211822509,0.0217678230255842,0.1894974112510681,0.5086452960968018,0.2183132022619247,0.2887848317623138,0.0491098053753376,0.0279775764793157,0.1621718853712082,0.041570208966732,0.1892679780721664,0.0783067569136619,0.0593499466776847,0.0485854297876358,0.2672895193099975,0.053233191370964
0.3010360598564148,0.0952297747135162,0.4291472434997558,0.1336827576160431,0.2976296842098236,0.4412567615509033,0.075771614909172,0.2602444291114807,0.0275481138378381,0.1138005927205085,0.0610107034444808,0.2364943027496338,0.319417655467987,0.113524816930294,0.4895434081554413,0.0818819850683212,0.0439020320773124,0.1018160656094551,0.0233953259885311,0.1070475876331329,0.0719829723238945,0.1825459152460098,0.1998234689235687,0.0512509867548942,0.0442223101854324,0.121816262602806,0.0228323899209499,0.1876133978366851,0.5011520981788635,0.2159415185451507,0.2878243923187256,0.0470329858362674,0.0263522192835807,0.1565789431333542,0.0397854447364807,0.194579392671585,0.0799881964921951,0.0593238323926925,0.0476251393556594,0.2675675749778747,0.0508393757045269
0.3017173111438751,0.094186931848526,0.429673433303833,0.1336462050676345,0.2994767427444458,0.4436734318733215,0.0772204250097274,0.2631109058856964,0.0277190171182155,0.1146348565816879,0.0397414565086364,0.2372051477432251,0.3260570764541626,0.1125593781471252,0.4932501316070556,0.0818242505192756,0.0434648692607879,0.1018462106585502,0.0231000464409589,0.1081323474645614,0.073912888765335,0.1832638084888458,0.1997939050197601,0.0506170392036438,0.0429498665034771,0.12100800126791,0.0225027948617935,0.1868776679039001,0.4992339015007019,0.214444488286972,0.2855944037437439,0.0470388270914554,0.0264986343681812,0.15512615442276,0.0399114787578582,0.1932195574045181,0.0789621025323867,0.0593884848058223,0.0476135239005088,0.2676000297069549,0.0508201569318771
0.2885444760322571,0.0872830599546432,0.426053524017334,0.1337727010250091,0.2949213683605194,0.4342213273048401,0.0800764858722686,0.2575446963310241,0.0285964235663414,0.1121813431382179,0.0425421893596649,0.2308898270130157,0.3190992474555969,0.1170779913663864,0.4845607876777649,0.0826051831245422,0.0443621352314949,0.1054563820362091,0.0235220827162265,0.1035919040441513,0.0656239315867424,0.1821257770061493,0.1890079230070114,0.0540559999644756,0.0477931499481201,0.123431272804737,0.0246514696627855,0.1902738511562347,0.5181481838226318,0.2134997546672821,0.2959449291229248,0.0476161129772663,0.0271209180355072,0.1574649810791015,0.040781307965517,0.2004875987768173,0.0818626955151557,0.061413861811161,0.0473882369697093,0.2741612195968628,0.0520201995968818
0.2891039252281189,0.0873581022024154,0.4267442226409912,0.1341868638992309,0.2944920361042022,0.4339079260826111,0.0800772160291671,0.2569572031497955,0.0286764204502105,0.1118852645158767,0.0423686802387237,0.230774775147438,0.3180343508720398,0.1171803250908851,0.4837219417095184,0.0825618878006935,0.044309813529253,0.1050635054707527,0.0235891453921794,0.1034934818744659,0.0655175298452377,0.1817702502012252,0.1884546726942062,0.0540109574794769,0.0475717186927795,0.1235733926296234,0.0247697941958904,0.1902318447828292,0.5182770490646362,0.2135849893093109,0.2959616780281067,0.0474592186510562,0.0270134955644607,0.1571273803710937,0.0408051535487175,0.2004646062850952,0.0819463282823562,0.0613699294626712,0.0473755672574043,0.2741913795471191,0.0521178916096687
0.2770224213600158,0.0886329263448715,0.4150180518627167,0.1399116814136505,0.2964028120040893,0.4209957122802734,0.0710007548332214,0.2297560572624206,0.0294634141027927,0.107859268784523,0.0440205484628677,0.2284660786390304,0.3264776468276977,0.1210909113287925,0.4749848842620849,0.0842073708772659,0.0425391197204589,0.1073040664196014,0.024940226227045,0.1068695485591888,0.073822371661663,0.1720073521137237,0.1790667921304702,0.0576613694429397,0.0470525696873664,0.1310579776763916,0.0245667118579149,0.1945309787988662,0.5334045886993408,0.2120308876037597,0.3055488765239715,0.0494244024157524,0.0291014816612005,0.1630510687828064,0.0432541966438293,0.1994182020425796,0.0803814530372619,0.0629189535975456,0.0474048592150211,0.2925546765327453,0.0556167922914028
0.2786891460418701,0.0892946720123291,0.4161506295204162,0.1401593387126922,0.2962466776371002,0.4208874404430389,0.0705487877130508,0.228977084159851,0.0295931603759527,0.1073059886693954,0.0436442904174327,0.2280241250991821,0.3277821838855743,0.1209532171487808,0.4764997065067291,0.0840007439255714,0.0424855574965477,0.1069418638944625,0.0246052257716655,0.1070417314767837,0.0730795264244079,0.172077938914299,0.1798394471406936,0.0577969774603843,0.0472805872559547,0.1310046464204788,0.0246177744120359,0.1946205794811248,0.5327932834625244,0.2122356295585632,0.3051630556583404,0.0492265596985816,0.0290115885436534,0.1629247814416885,0.0431233495473861,0.2001121342182159,0.0805818289518356,0.0626757219433784,0.0473147481679916,0.2926913499832153,0.055492840707302
0.2884266972541809,0.0899793356657028,0.4101676940917969,0.1370846480131149,0.3006269931793213,0.4244947135448456,0.0712656900286674,0.2388617396354675,0.0280922763049602,0.1114610359072685,0.0463693626224994,0.2312518656253814,0.3365136981010437,0.1204302236437797,0.47687828540802,0.0854546278715133,0.0423804819583892,0.1120099574327468,0.0256740935146808,0.1066824942827224,0.0753465443849563,0.1761324107646942,0.1845370531082153,0.0573643893003463,0.0475185625255107,0.1307524442672729,0.0239016748964786,0.1942590773105621,0.5261420011520386,0.2171984612941742,0.3050260245800018,0.0512549504637718,0.0293539464473724,0.1680283397436142,0.043695144355297,0.1967827677726745,0.0817865282297134,0.0627492070198059,0.0478692352771759,0.2842651009559631,0.0570632815361022
0.2858175635337829,0.0880513489246368,0.4078986644744873,0.1369458884000778,0.2724544405937195,0.4241667687892914,0.0723927021026611,0.2381425350904464,0.0278639253228902,0.1114145666360855,0.048226848244667,0.2300289571285247,0.3315956592559814,0.1222174763679504,0.4763513803482055,0.0863679647445678,0.0425202623009681,0.1131595522165298,0.0262541770935058,0.1044715493917465,0.0740021243691444,0.1751118600368499,0.1821844577789306,0.0588467195630073,0.0502243414521217,0.132155030965805,0.0247049164026975,0.1958861052989959,0.5291281938552856,0.2189335376024246,0.3085639178752899,0.0516497194766998,0.0299602560698986,0.1778209507465362,0.0478491783142089,0.1981368362903595,0.0831789523363113,0.0630410984158515,0.0478359088301658,0.2850053906440735,0.0575944706797599
0.3092090487480163,0.1045540124177932,0.4322585165500641,0.1436955481767654,0.2693638205528259,0.4277727305889129,0.0704091191291809,0.2401963472366333,0.0273493323475122,0.1034741252660751,0.0703980773687362,0.2315529435873031,0.3232043981552124,0.1186442375183105,0.4689658880233764,0.0854486525058746,0.0318857245147228,0.1063410118222236,0.0262408722192049,0.1076206341385841,0.0846929401159286,0.1734461337327957,0.1832314431667328,0.0567089617252349,0.0642222613096237,0.142001062631607,0.0255416110157966,0.1945003271102905,0.5186281800270081,0.2285170257091522,0.2974157929420471,0.048509806394577,0.0268729049712419,0.1692541241645813,0.0482222884893417,0.2037872076034546,0.0832524821162223,0.0600190348923206,0.0477152615785598,0.2358417958021164,0.0529261454939842
0.3084147572517395,0.1045044437050819,0.4306966066360473,0.1429168283939361,0.2655925154685974,0.4263783991336822,0.0697210058569908,0.2387501448392868,0.027402825653553,0.1033625155687332,0.0693494528532028,0.2307631224393844,0.3179440498352051,0.1185387969017028,0.4652778506278991,0.0856933370232582,0.0320128314197063,0.105209119617939,0.0261210389435291,0.107740893959999,0.0837017744779586,0.1726741790771484,0.1813629269599914,0.05612413585186,0.0636016651988029,0.1417313516139984,0.0253685377538204,0.1943176686763763,0.5181146264076233,0.2289526462554931,0.2963108420372009,0.0487814247608184,0.0270789582282304,0.1698856055736541,0.0484972223639488,0.2032375633716583,0.0829788148403167,0.0599895641207695,0.0477863103151321,0.2359459996223449,0.0531780794262886
0.2864254415035248,0.0845891013741493,0.4215783476829529,0.1384751498699188,0.2915476858615875,0.4171281456947326,0.0789806544780731,0.2363148033618927,0.0281435772776603,0.1073488518595695,0.062823548913002,0.2439518719911575,0.3135533928871155,0.1256689429283142,0.4791588187217712,0.0821628868579864,0.0395265743136405,0.1134922504425048,0.0258573964238166,0.1117188334465026,0.0796659737825393,0.1734049320220947,0.1763551235198974,0.0563095808029174,0.0508299171924591,0.129823237657547,0.0247598756104707,0.1915050148963928,0.5322228670120239,0.216372013092041,0.3104559183120727,0.0493252165615558,0.0282522048801183,0.1624442934989929,0.0450822673738002,0.1978968679904937,0.0827361717820167,0.0638665184378624,0.0474935360252857,0.3027679324150085,0.0573230162262916
0.2863108813762665,0.085200011730194,0.418967604637146,0.1385241746902465,0.2908685803413391,0.4174323081970215,0.0795833840966224,0.2363702356815338,0.0280360206961631,0.1080118864774704,0.0635331571102142,0.2442209422588348,0.3132209777832031,0.1261232793331146,0.476837158203125,0.0823175981640815,0.0399549901485443,0.1143182292580604,0.0260562151670455,0.1119636893272399,0.0792534574866294,0.1726260334253311,0.1763249039649963,0.0565885230898857,0.0512456521391868,0.1302395761013031,0.0248903073370456,0.1920640766620636,0.5340613126754761,0.216174378991127,0.3107514381408691,0.0495617985725402,0.0285272542387247,0.1626347303390503,0.0449795946478843,0.1975811272859573,0.082746148109436,0.0638700127601623,0.0477574840188026,0.3039557337760925,0.0573516376316547
0.2760989665985107,0.0746975541114807,0.436240404844284,0.1357762366533279,0.2533611357212066,0.4167593717575073,0.0812373086810112,0.2408977150917053,0.0295522883534431,0.1079698055982589,0.0619016699492931,0.2471464574337005,0.3108940124511719,0.1255233734846115,0.4754512906074524,0.080501988530159,0.0318248011171817,0.1101231500506401,0.0167849231511354,0.1058157384395599,0.0747873708605766,0.1825389862060547,0.1792157292366027,0.0536547265946865,0.0493374280631542,0.123154267668724,0.0249355100095272,0.1895021498203277,0.5300230979919434,0.2106143832206726,0.3028584718704223,0.0463561117649078,0.0269939601421356,0.1584649682044983,0.0516572594642639,0.1966680139303207,0.0833336859941482,0.062903419137001,0.0464981868863105,0.2829123437404632,0.0558447577059268
0.2770684361457824,0.0749604701995849,0.4379944801330566,0.1357172578573227,0.2504485845565796,0.4173319637775421,0.0807246714830398,0.2406134158372879,0.0297741256654262,0.1071625426411628,0.0609048381447792,0.246028333902359,0.3097799122333526,0.1246668174862861,0.4747042953968048,0.0801330655813217,0.0318315178155899,0.1079385802149772,0.0162808094173669,0.1057789772748947,0.0748251006007194,0.1830273419618606,0.1787706315517425,0.0530154109001159,0.0485150516033172,0.1221787929534912,0.0248903445899486,0.1890332996845245,0.528003454208374,0.2099641859531402,0.3000469803810119,0.0460653156042099,0.0267643332481384,0.1573260575532913,0.051250584423542,0.1972555071115493,0.0827324390411377,0.0626889616250991,0.046198297291994,0.283972680568695,0.0559190660715103
0.2859854102134704,0.0784572586417198,0.4362694025039673,0.1391494423151016,0.2459262311458587,0.4216545820236206,0.0711768567562103,0.2402583211660385,0.0284159556031227,0.1057562828063964,0.0651909112930297,0.2339369356632232,0.3082532882690429,0.1207515746355056,0.5052789449691772,0.0876313149929046,0.0425449460744857,0.1084171012043953,0.0245934203267097,0.0995934307575225,0.0599253438413143,0.1785354912281036,0.1840603053569793,0.055346205830574,0.05080446600914,0.121736466884613,0.026248276233673,0.1926845610141754,0.512935996055603,0.2105861455202102,0.2922154068946838,0.0472926460206508,0.0265661422163248,0.1662551313638687,0.0366564020514488,0.2097626030445099,0.081372320652008,0.0596837140619754,0.0456168688833713,0.2791555523872375,0.0511265248060226
0.2870050072669983,0.0779938325285911,0.4382598996162414,0.1391587406396865,0.24468395113945,0.4205445349216461,0.070661261677742,0.2394416630268097,0.028052557259798,0.1055827885866165,0.0647417828440666,0.2336763441562652,0.3054367005825043,0.1208389401435852,0.5060569047927856,0.0874750614166259,0.0426058694720268,0.1084819287061691,0.0248203668743371,0.0995366796851158,0.0605741590261459,0.1770080476999282,0.1831791996955871,0.0551979839801788,0.0508821979165077,0.121862769126892,0.0265310462564229,0.1923734545707702,0.5127696990966797,0.2109394073486328,0.2913883030414581,0.0471033044159412,0.0265003237873315,0.1662533581256866,0.0363522954285144,0.2110271155834198,0.0817736387252807,0.059566106647253,0.0455370098352432,0.2802783846855163,0.0513304509222507
0.2914206087589264,0.0825340524315834,0.4467005729675293,0.1425987184047699,0.2857168912887573,0.4253747463226318,0.0686143487691879,0.2338269054889679,0.0274391807615757,0.1009840369224548,0.0634542107582092,0.2291077524423599,0.3149290680885315,0.1204272657632827,0.5260158777236938,0.0861632674932479,0.0402994602918624,0.1029171347618103,0.0242276564240455,0.1066074445843696,0.0616294629871845,0.1811617314815521,0.1848620921373367,0.0565375164151191,0.0458907857537269,0.1228088289499282,0.0248770266771316,0.1920472979545593,0.5189792513847351,0.2096342146396637,0.2966754734516144,0.0454266406595706,0.0254429876804351,0.1534266471862793,0.0418924018740654,0.2062053978443145,0.0802319943904876,0.0550143606960773,0.0377698577940464,0.280081570148468,0.0504103749990463
0.2919179797172546,0.0835990160703659,0.4455016851425171,0.1426763832569122,0.2872739732265472,0.4270766973495483,0.0761004388332367,0.23516146838665,0.0267911255359649,0.1025303527712822,0.0635307058691978,0.2297821938991546,0.3188257217407226,0.1198290660977363,0.5283077955245972,0.0861654877662658,0.0402822345495224,0.1039949059486389,0.0243664942681789,0.1072209775447845,0.0627581253647804,0.1808274835348129,0.1866420060396194,0.0560697801411151,0.0456423759460449,0.1222304627299308,0.024601561948657,0.1924726068973541,0.5166299343109131,0.2102551311254501,0.2959975600242615,0.0458135344088077,0.0255188290029764,0.1538780629634857,0.0418322198092937,0.2065211981534958,0.0803385972976684,0.0550619922578334,0.0381447151303291,0.2781047821044922,0.0500968992710113
0.2914261221885681,0.0850536897778511,0.4385742545127868,0.1391184329986572,0.2883899807929992,0.4260013699531555,0.0748229771852493,0.2346907705068588,0.0262189675122499,0.1026086062192916,0.065843179821968,0.2298598289489746,0.3210830688476562,0.1192193701863288,0.5272148251533508,0.088319182395935,0.0405242145061492,0.1059220433235168,0.0248809289187192,0.10928525775671,0.0638353079557418,0.176509290933609,0.1884492337703704,0.0559604912996292,0.0454695150256156,0.1222682744264602,0.0237869098782539,0.192904457449913,0.5199854373931885,0.2111666053533554,0.3023443818092346,0.0471774600446224,0.0260299164801836,0.157330721616745,0.0413211695849895,0.2056484520435333,0.0797972977161407,0.0553934425115585,0.038895059376955,0.2748835384845733,0.0497433170676231
0.290596067905426,0.0838227719068527,0.440361738204956,0.1394857317209243,0.289801687002182,0.4259837865829468,0.0759641975164413,0.234536200761795,0.0261946376413106,0.1023621410131454,0.0656000971794128,0.2271982133388519,0.3132528364658355,0.1191211491823196,0.501651406288147,0.0879650637507438,0.0400249660015106,0.1047994270920753,0.0245896764099597,0.1081822961568832,0.0630680471658706,0.1751384437084198,0.1865289807319641,0.0559080988168716,0.0453246906399726,0.1220602542161941,0.0241521187126636,0.1925682127475738,0.5205351114273071,0.2112763375043869,0.3037599921226501,0.0465053394436836,0.0257996022701263,0.155942752957344,0.041159875690937,0.2074449807405471,0.0803442597389221,0.0550869777798652,0.0386576429009437,0.276260495185852,0.0496545545756816
0.2928275167942047,0.0874909609556198,0.4338664710521698,0.1386577785015106,0.292917400598526,0.4310196042060852,0.0770005211234092,0.2378613948822021,0.026711955666542,0.1036350429058075,0.0428983680903911,0.2282728999853134,0.3189043998718261,0.1190518140792846,0.4967676103115082,0.0884181410074234,0.0391429886221885,0.1049746423959732,0.0246857125312089,0.106727197766304,0.065391719341278,0.173507273197174,0.1927554905414581,0.0553722828626632,0.0440042465925216,0.1214573606848716,0.022770632058382,0.1917822062969207,0.5233286619186401,0.2108878046274185,0.3101787865161896,0.0469799600541591,0.0270251557230949,0.1584423184394836,0.0409375801682472,0.2031351625919342,0.0801537334918975,0.0563707463443279,0.0391630977392196,0.2775587737560272,0.0495079830288887
0.2941709160804748,0.0874485448002815,0.4340564012527466,0.1380993127822876,0.2921488583087921,0.4344806671142578,0.0765278190374374,0.2403889596462249,0.026529112830758,0.1040309891104698,0.0425349585711956,0.229820430278778,0.3224751651287079,0.1184003725647926,0.5240868330001831,0.0885974243283271,0.0394774302840232,0.1038870438933372,0.0246977508068084,0.1080115288496017,0.0663851127028465,0.1756464838981628,0.1944519877433776,0.0547551661729812,0.0437121093273162,0.1211364418268203,0.0224593356251716,0.1900224685668945,0.5198394060134888,0.2105112075805664,0.307101845741272,0.0469859465956687,0.0273366495966911,0.1595020890235901,0.0411395840346813,0.2025126516819,0.0800331607460975,0.0561102032661438,0.0393810272216796,0.2748381495475769,0.0497208014130592
0.2820412516593933,0.0837627500295639,0.4176191985607147,0.1406834721565246,0.2856538593769073,0.4117324948310852,0.0742729008197784,0.2340833842754364,0.028305534273386,0.100741446018219,0.0560362488031387,0.2324172556400299,0.3032662272453308,0.1305431425571441,0.4781604409217834,0.0836037248373031,0.0437103062868118,0.1145830005407333,0.0292019937187433,0.09892538189888,0.0626629516482353,0.1740390956401825,0.1753114461898803,0.0657049417495727,0.0579514168202877,0.1299132853746414,0.0278276186436414,0.2001728266477584,0.5484883785247803,0.2205503284931183,0.3290305733680725,0.0505106672644615,0.0301818195730447,0.1678914427757263,0.0441049598157405,0.2106587588787078,0.0888355895876884,0.0590866953134536,0.0413450226187706,0.2935554385185241,0.0552713796496391
0.2821380794048309,0.0836289599537849,0.4175015985965729,0.1408166885375976,0.2846738994121551,0.4114651978015899,0.0743389725685119,0.2343952804803848,0.0284914299845695,0.1006541103124618,0.055969301611185,0.2327114343643188,0.3028430342674255,0.1307159066200256,0.4781638979911804,0.0835287421941757,0.0438091233372688,0.1148435920476913,0.029242156073451,0.0989412739872932,0.0630917400121688,0.1737575381994247,0.1751260757446289,0.0655893012881279,0.0581190027296543,0.1297001540660858,0.027887113392353,0.200124055147171,0.5485647916793823,0.2206704020500183,0.3290936052799225,0.0504209734499454,0.0302207469940185,0.1677887290716171,0.0439099408686161,0.2108680754899978,0.0890272557735443,0.059111401438713,0.0414377003908157,0.293660044670105,0.0552631989121437
0.2647795677185058,0.0709405615925788,0.416170597076416,0.1443467587232589,0.2612230479717254,0.4033025503158569,0.076722577214241,0.2306567579507827,0.0302270166575908,0.0976820886135101,0.0779348984360694,0.2292166054248809,0.2751297354698181,0.1388469189405441,0.463606983423233,0.0821508765220642,0.0411863476037979,0.108129546046257,0.0279444698244333,0.0992574542760849,0.0582100301980972,0.1720843017101287,0.1733854562044143,0.0658470764756202,0.0648459568619728,0.1305564045906067,0.0299448892474174,0.2001818865537643,0.5675508975982666,0.2171102464199066,0.3318045139312744,0.0508333556354045,0.0325139611959457,0.1670243740081787,0.04635950922966,0.2120559811592102,0.0902301371097564,0.0629570633172988,0.0419768057763576,0.3094638586044311,0.0585853904485702
0.2691887021064758,0.0776013433933258,0.4206993877887726,0.1462542414665222,0.2519371509552002,0.4068876802921295,0.0804425030946731,0.221461683511734,0.0292429327964782,0.0897758677601814,0.0871262997388839,0.2222843468189239,0.265586644411087,0.1407299488782882,0.4554236233234405,0.0828494951128959,0.0419409535825252,0.113908901810646,0.0312951058149337,0.0984836369752883,0.0728503167629242,0.1641473174095153,0.1592573523521423,0.0650075003504753,0.0643923953175544,0.1476751267910003,0.0366039797663688,0.2087865173816681,0.5752270221710205,0.22284796833992,0.3319145739078522,0.0507868006825447,0.0354541912674903,0.1674657016992569,0.0482871197164058,0.2208814173936844,0.0937159210443496,0.0644676312804222,0.0429439581930637,0.319128155708313,0.0602543652057647
0.2850550711154938,0.0751605257391929,0.439514696598053,0.1429969072341919,0.2700782716274261,0.4184533655643463,0.0717091485857963,0.2281520813703537,0.0266500432044267,0.0952296555042266,0.0796473622322082,0.2150667607784271,0.2913277149200439,0.1286972463130951,0.4799385368824005,0.0868648365139961,0.0330166704952716,0.1104927510023117,0.027913924306631,0.0963979139924049,0.0556931719183921,0.177053689956665,0.1598527431488037,0.0632722824811935,0.0503791719675064,0.1230999827384948,0.030000451952219,0.2024412453174591,0.5383664965629578,0.2108815163373947,0.3035783171653747,0.0465292334556579,0.0289951842278242,0.160740777850151,0.0453424677252769,0.2247930169105529,0.0860174521803855,0.0607857517898082,0.0405378341674804,0.2902251482009887,0.0541867837309837
0.2847734689712524,0.0752665549516677,0.4392004609107971,0.1425479650497436,0.2378096431493759,0.4188968539237976,0.0718603804707527,0.228195920586586,0.0266218949109315,0.0951168611645698,0.0797093361616134,0.2157563269138336,0.2909328937530517,0.128835916519165,0.4789444208145141,0.0868638753890991,0.0328090637922287,0.1103702187538147,0.0280396789312362,0.0963016152381897,0.0562000721693038,0.1764954626560211,0.1591410040855407,0.0629072934389114,0.0505075268447399,0.1229526400566101,0.0301193092018365,0.2022458165884018,0.5385791063308716,0.210891842842102,0.3038239479064941,0.0464688427746295,0.0290496796369552,0.1753007173538208,0.0377189218997955,0.2247326970100402,0.0863187685608863,0.060862336307764,0.0406184494495391,0.290397584438324,0.054594662040472
0.2824034988880157,0.079140618443489,0.4320013523101806,0.1358737200498581,0.2811061143875122,0.4140877723693847,0.0800482034683227,0.231352150440216,0.0289040505886077,0.1007913500070571,0.0707553476095199,0.2215617001056671,0.2886023819446563,0.1227202340960502,0.4737766087055206,0.0890364199876785,0.0414462909102439,0.1012160778045654,0.0248732864856719,0.0972687155008316,0.0533387325704097,0.1746710538864135,0.1748906075954437,0.059524118900299,0.0483714491128921,0.1264421343803405,0.0255232229828834,0.1924133598804474,0.5295312404632568,0.2127498984336853,0.3131229281425476,0.0480077490210533,0.0291899442672729,0.1619022190570831,0.0402746200561523,0.2095660865306854,0.0835558772087097,0.0581032298505306,0.0405821725726127,0.2781221866607666,0.0524065941572189
0.2823653817176819,0.0790523737668991,0.4330822825431824,0.135913148522377,0.2822831869125366,0.4170281887054443,0.0737401470541954,0.2326773405075073,0.0287186335772275,0.1013929322361946,0.0718673318624496,0.2226863801479339,0.2961298823356628,0.122525155544281,0.4770478308200836,0.0890160948038101,0.0418710485100746,0.1025163903832435,0.0251782014966011,0.0981128513813018,0.0537820234894752,0.1756290942430496,0.1748767644166946,0.0599955022335052,0.0484468415379524,0.1261769980192184,0.025442499667406,0.1918973326683044,0.527295708656311,0.2129670083522796,0.3104429841041565,0.0473950058221817,0.0286458730697631,0.1616604477167129,0.0406229011714458,0.2115619778633117,0.084099993109703,0.0577659532427787,0.0404962077736854,0.2754485607147217,0.0522866956889629
0.2987616956233978,0.0909826755523681,0.4272655248641968,0.1371814608573913,0.2491797804832458,0.4193150997161865,0.064985305070877,0.2500841915607452,0.0295103825628757,0.1061193794012069,0.0610854476690292,0.2375462651252746,0.3102759420871734,0.1206670477986335,0.4864159226417541,0.0822108164429664,0.0452045947313308,0.1039350181818008,0.0240090172737836,0.1019518300890922,0.0586791597306728,0.1887777000665664,0.1917537748813629,0.0534512400627136,0.0472841635346412,0.1221476197242736,0.0230149626731872,0.1894693970680236,0.5086963176727295,0.2132274806499481,0.2870835065841675,0.0473061054944992,0.0268438458442688,0.1629340052604675,0.035530000925064,0.1984492093324661,0.0816452577710151,0.0605332478880882,0.0470525547862052,0.2596761584281921,0.0510665997862815
0.3007951974868774,0.0922247469425201,0.4272182583808899,0.1366766840219497,0.2510587573051452,0.4255331754684448,0.0646793320775032,0.2549403309822082,0.0294171720743179,0.107943020761013,0.0603855326771736,0.2387043088674545,0.3179007172584533,0.1196010932326316,0.4884952902793884,0.0819966569542884,0.0452456846833229,0.1043036952614784,0.0237294491380453,0.1029373407363891,0.0593029484152793,0.1903970837593078,0.1948752403259277,0.0527676679193973,0.0605778843164444,0.1202795729041099,0.0225538238883018,0.1881778836250305,0.5043712258338928,0.2119912505149841,0.2838696539402008,0.0470716245472431,0.0264006610959768,0.1612460017204284,0.0351002663373947,0.1975322961807251,0.0807690322399139,0.0601080097258091,0.0471349135041236,0.2551116049289703,0.0500059723854064
0.3019366264343261,0.0892534404993057,0.4344456195831299,0.1388171464204788,0.2507682740688324,0.4244586229324341,0.0670668184757232,0.2519220113754272,0.0296500734984874,0.1081193163990974,0.0570919513702392,0.2381112575531005,0.3108589053153991,0.117209792137146,0.493374764919281,0.0819469094276428,0.0428566075861454,0.1039129793643951,0.0233821924775838,0.1032550558447837,0.0610330253839492,0.1872333884239196,0.1955128908157348,0.0513926520943641,0.0451238453388214,0.1181738898158073,0.0217763520777225,0.1857920140028,0.4969605803489685,0.2096026837825775,0.2794543504714966,0.0465075112879276,0.0251989439129829,0.1590202450752258,0.0341994874179363,0.1926811188459396,0.0779909119009971,0.0587597973644733,0.0473183467984199,0.2583872675895691,0.0493543893098831
0.2992264628410339,0.0903806313872337,0.43277108669281,0.1383539140224456,0.2523638010025024,0.4246169924736023,0.0831138417124748,0.2521244883537292,0.0298279784619808,0.1083369776606559,0.0574254728853702,0.2386518716812133,0.3141849935054779,0.1166646033525466,0.4943339228630066,0.0814326182007789,0.0425276383757591,0.1037843897938728,0.0232838056981563,0.1049192920327186,0.0620172508060932,0.1873487532138824,0.1957578659057617,0.0513263083994388,0.0444490611553192,0.1173385307192802,0.0215140432119369,0.1854723989963531,0.497639387845993,0.2094640433788299,0.280750572681427,0.0466416329145431,0.0250880699604749,0.1575381010770797,0.0342782735824584,0.191936045885086,0.0775140076875686,0.0591766387224197,0.0475833341479301,0.2563747763633728,0.0488198027014732
0.2958413362503052,0.0926007479429245,0.4295699596405029,0.1409769058227539,0.2557426989078522,0.4192795753479004,0.0671235173940658,0.2512723803520202,0.0298737734556198,0.1065174639225006,0.0429657027125358,0.2383423447608947,0.3268941640853882,0.1210256367921829,0.4950622320175171,0.0819351077079773,0.0441180393099784,0.1076556742191314,0.0250108540058136,0.1018270403146743,0.0632083490490913,0.185583233833313,0.1948840618133545,0.0542453527450561,0.0633037537336349,0.1234586834907531,0.0238355249166488,0.1885148584842682,0.5125537514686584,0.2133698761463165,0.2940742373466491,0.0467608869075775,0.0257215704768896,0.1591305434703827,0.0355151370167732,0.199431762099266,0.0803780332207679,0.060186855494976,0.0469997338950634,0.256821721792221,0.0497301518917083
0.2964150905609131,0.0931164398789405,0.4292388558387756,0.1411991566419601,0.2565267086029053,0.4202039539813995,0.0671053454279899,0.2523278594017029,0.029909573495388,0.1067668497562408,0.0430045872926712,0.2379302382469177,0.3292658925056457,0.1203131303191185,0.4954883158206939,0.0817345455288887,0.0439383238554,0.1077155098319053,0.0249844416975975,0.1020505428314209,0.0634314641356468,0.1855034679174423,0.1954911053180694,0.0540753118693828,0.0629746541380882,0.1227438226342201,0.0238061007112264,0.1880378425121307,0.5121950507164001,0.2129718214273452,0.2942548394203186,0.0465709939599037,0.0257036704570055,0.1581922024488449,0.0353630781173706,0.1997101604938507,0.0803167074918747,0.0600983202457428,0.0468793623149395,0.2562040090560913,0.0493517741560936
0.291878193616867,0.0938335359096527,0.4281719028949737,0.1390415132045745,0.2541537880897522,0.4157178997993469,0.0655522495508194,0.2473386228084564,0.0296367965638637,0.1073404774069786,0.0425920188426971,0.2388663440942764,0.3264110386371612,0.1179203689098358,0.4877871870994568,0.0821437835693359,0.0334033519029617,0.1067263334989547,0.0246583316475152,0.103433758020401,0.0652772635221481,0.1815414130687713,0.1941491812467575,0.0525897108018398,0.0612844079732894,0.122588463127613,0.0236108843237161,0.1867228746414184,0.5107325315475464,0.2131194770336151,0.2921639680862427,0.0462407022714614,0.0253201220184564,0.1593719273805618,0.0347354039549827,0.2000495791435241,0.0799500793218612,0.0596323609352111,0.0473271161317825,0.2537792026996612,0.0501322448253631
0.2912611961364746,0.0939992219209671,0.43083655834198,0.1404504477977752,0.2543176412582397,0.4144060015678406,0.0658567026257515,0.2477980554103851,0.0299786031246185,0.1062974333763122,0.0431981906294822,0.2388626337051391,0.324784517288208,0.1187178939580917,0.4882718026638031,0.0816339403390884,0.0344556719064712,0.106808602809906,0.0248824451118707,0.10334213078022,0.0663105696439743,0.1832543611526489,0.194087952375412,0.0527407713234424,0.0458385907113552,0.1221436038613319,0.0239453949034214,0.1863009631633758,0.5119283199310303,0.2135996520519256,0.2938891053199768,0.0461329817771911,0.0251249521970748,0.1572026163339615,0.0348761342465877,0.200830191373825,0.0802537053823471,0.0593141615390777,0.0473847016692161,0.2499037384986877,0.0490182414650917
0.2849650382995605,0.0922223627567291,0.4293076395988464,0.14210906624794,0.282871663570404,0.4107751250267029,0.0782416015863418,0.2424068599939346,0.030902374535799,0.1021691113710403,0.068253070116043,0.2432519793510437,0.3053863048553467,0.122868999838829,0.4651515483856201,0.0814761593937873,0.0355598852038383,0.1064518690109252,0.0176719091832637,0.1036808788776397,0.068789541721344,0.1841877698898315,0.1870709061622619,0.0546736568212509,0.0470955856144428,0.1209306642413139,0.0232679843902587,0.1887228339910507,0.5256598591804504,0.2147159874439239,0.3059202432632446,0.0467956252396106,0.0250080078840255,0.148768737912178,0.0433817058801651,0.1961043775081634,0.0814795941114425,0.0615542717278003,0.0488115921616554,0.2499310672283172,0.0495400317013263
0.2583570480346679,0.0862560719251632,0.4095896482467651,0.142851322889328,0.2674717009067535,0.3922793865203857,0.0672909468412399,0.230048581957817,0.0311012975871562,0.0986564010381698,0.0757197439670562,0.2383848428726196,0.286325454711914,0.1342120915651321,0.4288229942321777,0.082721322774887,0.0351244881749153,0.11033396422863,0.0201764814555645,0.099386528134346,0.0667470097541809,0.1766270399093628,0.1695231944322586,0.0599656403064727,0.0557648912072181,0.1404905319213867,0.0266008395701646,0.1899450123310089,0.5651098489761353,0.2172227650880813,0.3215143084526062,0.0480445921421051,0.0291415937244892,0.1627611815929412,0.0463001579046249,0.1989142894744873,0.0869272053241729,0.0650144964456558,0.0490109957754612,0.2862831354141235,0.0592903606593608
0.2640717327594757,0.0755615159869194,0.4306824505329132,0.136899396777153,0.2538436651229858,0.4092696905136108,0.0772465914487838,0.2361577898263931,0.0282301381230354,0.1013503968715667,0.0677533596754074,0.240861639380455,0.311136245727539,0.1305514425039291,0.4739570319652557,0.0795475840568542,0.0328777283430099,0.1122053414583206,0.0173010118305683,0.1155008524656295,0.0857851803302764,0.1823091804981231,0.175751119852066,0.0571952201426029,0.0451480075716972,0.1230653524398803,0.0245547015219926,0.1906919032335281,0.5487571358680725,0.2056735754013061,0.3084101676940918,0.0475471317768096,0.0276897028088569,0.1608384996652603,0.053429402410984,0.1928027272224426,0.0759705156087875,0.0584081783890724,0.0397872403264045,0.2894505560398102,0.0516868084669113
0.2639518976211548,0.0797188282012939,0.4202104210853576,0.1361995637416839,0.2971269488334656,0.4088674187660217,0.0812990069389343,0.2359830141067505,0.0288281925022602,0.1028265804052352,0.0466921776533126,0.2376156449317932,0.3061732053756714,0.1300856620073318,0.4770409166812897,0.0823913663625717,0.0322354659438133,0.1139662265777587,0.0258744023740291,0.1160257533192634,0.0881285816431045,0.1751627326011657,0.1473013013601303,0.056181788444519,0.0468700900673866,0.1253561377525329,0.0241215247660875,0.1902353167533874,0.5507487058639526,0.2051974833011627,0.3177240490913391,0.0486307442188262,0.0280807372182607,0.1580076068639755,0.047125220298767,0.1893747001886367,0.0748582780361175,0.0650318711996078,0.0471691712737083,0.2953505516052246,0.0530477836728096
0.2666906416416168,0.0838302224874496,0.4071763753890991,0.1346509158611297,0.2694591879844665,0.4017909169197082,0.0696015655994415,0.2325902879238128,0.0301176104694604,0.1014215573668479,0.0522065386176109,0.2362700700759887,0.2902557849884033,0.1313751637935638,0.4371732771396637,0.0843199640512466,0.0331503525376319,0.1107258275151252,0.0279526840895414,0.1040149331092834,0.0731352195143699,0.1761421859264373,0.1723237335681915,0.0591543838381767,0.0553531013429164,0.1308847963809967,0.0257108993828296,0.1959495842456817,0.5541782975196838,0.2184353470802307,0.3249132633209228,0.0488782301545143,0.029467387124896,0.1693567335605621,0.0468240454792976,0.1975849568843841,0.0863319933414459,0.0665365532040596,0.0487122535705566,0.2904906272888183,0.0580506920814514
0.2652499675750732,0.0835151970386505,0.4071241617202759,0.1347541362047195,0.2745573818683624,0.4020890891551971,0.0693407207727432,0.2330590039491653,0.0300856661051511,0.1020232737064361,0.0522194802761077,0.2368608266115188,0.2927944660186767,0.1318365633487701,0.4385194480419159,0.084080658853054,0.032772772014141,0.1115025803446769,0.0279055759310722,0.1052824929356575,0.0733273774385452,0.175119400024414,0.1709401905536651,0.0594058111310005,0.0545132756233215,0.1307883709669113,0.0256649013608694,0.1962371468544006,0.5568366646766663,0.2174724340438842,0.3263480067253113,0.0485868528485298,0.0293268412351608,0.1683107316493988,0.0469466671347618,0.1967030465602874,0.0856989100575447,0.0665723085403442,0.048507023602724,0.291985809803009,0.0577661395072937
0.2795060873031616,0.0906572639942169,0.4399224817752838,0.1393866539001464,0.2916889786720276,0.4255650639533996,0.0776252597570419,0.2484512478113174,0.0298508461564779,0.1096408665180206,0.0592103488743305,0.2479432821273803,0.3261458575725555,0.1209686174988746,0.4808802306652069,0.0863351672887802,0.0343827828764915,0.1099870800971984,0.0233595333993434,0.1129688769578933,0.0798872485756874,0.1865249425172805,0.1917930245399475,0.0535511597990989,0.0347657576203346,0.1165903359651565,0.0226816106587648,0.1856357306241989,0.5137820243835449,0.2128894031047821,0.2859317064285278,0.0458434373140335,0.0236134082078933,0.1417747735977172,0.0436537861824035,0.1998956203460693,0.0800420716404914,0.0620220676064491,0.0471016392111778,0.2549170851707458,0.0479419827461242
0.280141681432724,0.0905544459819793,0.443469375371933,0.1398984491825103,0.2566500008106231,0.4228017628192901,0.0774229913949966,0.2455689311027526,0.0300375819206237,0.1082279235124588,0.0589911080896854,0.246044784784317,0.324173092842102,0.1215406060218811,0.478868305683136,0.0857958421111106,0.0343606285750865,0.1089777946472168,0.0149081908166408,0.1123460233211517,0.0796910971403122,0.1850264072418213,0.189511090517044,0.0532989352941513,0.0424823351204395,0.1167935207486152,0.0226202625781297,0.1854312419891357,0.5145713686943054,0.212578684091568,0.2866471707820892,0.0453862473368644,0.0235117319971323,0.1440814137458801,0.0494233295321464,0.1999646723270416,0.0798533111810684,0.061819527298212,0.0469665341079235,0.2555693686008453,0.0480237156152725
0.2686455845832824,0.085773155093193,0.4110960960388183,0.139152318239212,0.2798326909542084,0.4021350145339966,0.0698993951082229,0.2341850697994232,0.0299398247152566,0.1032706052064895,0.0524787008762359,0.2378802001476287,0.2977591753005981,0.1342758983373642,0.4645546078681946,0.0839800685644149,0.0332365222275257,0.1146714687347412,0.0277776233851909,0.1070704162120819,0.0724908336997032,0.1729869246482849,0.1721840798854828,0.060692198574543,0.0547083914279937,0.1425086259841919,0.0265973228961229,0.1952918916940689,0.5592390894889832,0.2135725617408752,0.3269112706184387,0.0479825288057327,0.0288022719323635,0.1626481860876083,0.0461072474718093,0.2000094354152679,0.0852236300706863,0.0669061541557312,0.0481530055403709,0.2993080615997314,0.0575226172804832
0.2701668739318847,0.0863644033670425,0.4119831323623657,0.1393681466579437,0.277781069278717,0.4014605283737182,0.0689778327941894,0.2337909638881683,0.0302737802267074,0.1029727011919021,0.0514421835541725,0.2382397651672363,0.297072172164917,0.1334612816572189,0.4648826420307159,0.0834327489137649,0.0333632603287696,0.1128188818693161,0.0272550340741872,0.1061166077852249,0.0715211555361747,0.1738440692424774,0.1723616421222686,0.0599588304758071,0.0529485642910003,0.1420823335647583,0.0262458249926567,0.1940172463655471,0.556049108505249,0.2131808400154113,0.3237122297286987,0.0477601327002048,0.0284600555896759,0.1619292795658111,0.045736975967884,0.2000344693660736,0.0848111361265182,0.066663809120655,0.0481264591217041,0.2979089617729187,0.0571643710136413
0.2752879559993744,0.0854337960481643,0.4394472241401672,0.1353382021188736,0.2576103806495666,0.421830415725708,0.0774386972188949,0.2384610474109649,0.0293792616575956,0.1083046272397041,0.061494767665863,0.2454564571380615,0.3240641951560974,0.1222339123487472,0.4877578616142273,0.0867698788642883,0.0328744426369667,0.1092570498585701,0.0155272763222455,0.1142756640911102,0.0802362114191055,0.1805728822946548,0.1882299184799194,0.0540285930037498,0.0438372604548931,0.1185809671878814,0.023444814607501,0.1891723871231079,0.5218809247016907,0.2131570875644683,0.2957987189292907,0.0466337576508522,0.024920804426074,0.15374656021595,0.0505545884370803,0.2022114098072052,0.0816284120082855,0.0636797547340393,0.0467228479683399,0.2693732678890228,0.0512915179133415
0.2699442207813263,0.0860686004161834,0.4149856269359588,0.1362110525369644,0.2797839343547821,0.4035311341285705,0.0691296458244323,0.2345083355903625,0.0297375228255987,0.1056121736764907,0.0753540396690368,0.237484723329544,0.290136456489563,0.1313320845365524,0.4459830522537231,0.0834438204765319,0.0328682325780391,0.1099706813693046,0.018981896340847,0.1064213812351226,0.0716920495033264,0.173415869474411,0.1751314848661422,0.0595821216702461,0.0528603866696357,0.1412566751241684,0.0261644404381513,0.1941718012094497,0.5546610355377197,0.2174165546894073,0.324468046426773,0.0480009503662586,0.0284904167056083,0.1643685549497604,0.0453106984496116,0.2008899003267288,0.0858342349529266,0.0663124322891235,0.0481729432940483,0.2964243292808532,0.0578299388289451
0.266230821609497,0.0825607627630233,0.4342584013938904,0.1396877467632293,0.2533176839351654,0.4079546332359314,0.0793732032179832,0.2343908548355102,0.0300702899694442,0.1031517684459686,0.0707984715700149,0.2427185326814651,0.3215265870094299,0.1320595443248748,0.4768878221511841,0.0782176852226257,0.0343387722969055,0.1158358380198478,0.0167764425277709,0.1153048351407051,0.0844449326395988,0.1833307743072509,0.1491788476705551,0.0591817386448383,0.048790618777275,0.128700315952301,0.0245602969080209,0.1933393478393554,0.5563788414001465,0.2115202993154525,0.3125497698783874,0.0461677648127079,0.0266200676560401,0.1619616150856018,0.0443444736301898,0.2003417909145355,0.0811784863471984,0.0651245638728141,0.0463435724377632,0.2952888309955597,0.0519579723477363
0.2672425806522369,0.0833717212080955,0.4346060752868652,0.1401164978742599,0.2568987607955932,0.4073792099952698,0.0791621953248977,0.2346678078174591,0.0300865191966295,0.1028887629508972,0.0696843713521957,0.2432956099510193,0.3214578628540039,0.131905198097229,0.4780686795711517,0.0780592113733291,0.0344080477952957,0.1155525594949722,0.016586348414421,0.1159439384937286,0.0852673798799514,0.1830742359161377,0.1501644700765609,0.0586001239717006,0.0481404662132263,0.1281650960445404,0.0243459921330213,0.1927893459796905,0.5548556447029114,0.2111532688140869,0.3104754686355591,0.0462953187525272,0.0264843646436929,0.1584471017122268,0.0535791888833045,0.1992167979478836,0.0805223882198333,0.0651093423366546,0.0465142652392387,0.2934752404689789,0.051371369510889
0.2708074450492859,0.0807357430458068,0.4419875741004944,0.1406011879444122,0.2535721659660339,0.4055996835231781,0.0787406861782074,0.2348627150058746,0.0304757487028837,0.1024651825428009,0.0667561739683151,0.2411236763000488,0.3139570355415344,0.1314350366592407,0.4777853190898895,0.0768120139837265,0.0341867730021476,0.1127590611577034,0.0162593107670545,0.1127012223005294,0.0825557187199592,0.1845815330743789,0.1480715870857238,0.0580351129174232,0.0486779026687145,0.1256380230188369,0.0246068015694618,0.1916426718235016,0.5516681671142578,0.2102954089641571,0.3059304654598236,0.0455649495124816,0.0255981832742691,0.1592284590005874,0.0441181361675262,0.1992623507976532,0.0801409035921096,0.0648893117904663,0.0465498529374599,0.29512420296669,0.0511391907930374
0.2721177935600281,0.0812441632151603,0.4443895816802978,0.1408928334712982,0.2544842958450317,0.4052035212516784,0.0792884230613708,0.2346396148204803,0.0307096857577562,0.1018624082207679,0.0664280652999877,0.2411625236272812,0.3141752779483795,0.1316051036119461,0.4785812795162201,0.0766177102923393,0.0344201847910881,0.112390711903572,0.0162735637277364,0.112814575433731,0.0818412899971008,0.1862859725952148,0.148481011390686,0.0578292161226272,0.0480271279811859,0.1259176433086395,0.0245483685284852,0.190999761223793,0.5510158538818359,0.209802433848381,0.3051747679710388,0.0454248934984207,0.0255401376634836,0.1583678424358368,0.0440613329410553,0.1987772583961486,0.0798310860991478,0.0646325945854187,0.046454157680273,0.2942221164703369,0.0508440732955932
0.2745351195335388,0.0872313976287841,0.4409922063350677,0.1423665881156921,0.2610683441162109,0.4100921154022217,0.0784053578972816,0.2394647300243377,0.0305622424930334,0.1032828763127327,0.0661758184432983,0.2458203434944152,0.3274132907390594,0.1301678419113159,0.4881763458251953,0.0777215659618377,0.0340997204184532,0.114548772573471,0.0163586363196373,0.1157311126589775,0.0890000164508819,0.1866068243980407,0.1539250314235687,0.057181529700756,0.0468199960887432,0.1273538768291473,0.0232328474521636,0.1897070258855819,0.5484434366226196,0.2096734642982483,0.3063564300537109,0.0461403727531433,0.0263142008334398,0.1547558605670929,0.0535565987229347,0.1945513188838958,0.0779106169939041,0.0645505934953689,0.0468198135495185,0.2871280610561371,0.049902431666851
0.2759045362472534,0.0875470340251922,0.4424259066581726,0.1423247456550598,0.2583215236663818,0.4126068353652954,0.0784620940685272,0.2409387677907943,0.0306332744657993,0.1032617911696434,0.0654550343751907,0.2465454638004303,0.3292754292488098,0.1301083862781524,0.4903750419616699,0.0775267258286476,0.0340164937078952,0.1145693212747573,0.0162652060389518,0.1161159873008728,0.0898643881082534,0.1877633333206176,0.1554473638534546,0.057069145143032,0.0464518219232559,0.1268716752529144,0.0232091173529624,0.189167782664299,0.5472069382667542,0.2101698964834213,0.3051126003265381,0.0459428504109382,0.0262560602277517,0.1566194295883178,0.0438579022884368,0.1943113505840301,0.0778091102838516,0.0644950866699218,0.0467802323400974,0.2868247330188751,0.0496280863881111
0.2565578520298004,0.0758024454116821,0.422898530960083,0.1332121938467025,0.2464178502559662,0.4068937599658966,0.0732260346412658,0.22959965467453,0.0296054407954216,0.1060058325529098,0.0780041888356208,0.2317842841148376,0.2936285138130188,0.130730003118515,0.4663846790790558,0.0821794420480728,0.0330761931836605,0.1107674464583396,0.0185433067381382,0.1022559404373169,0.0726621821522712,0.175336480140686,0.1699493527412414,0.0595259740948677,0.0536502860486507,0.130498394370079,0.0271544679999351,0.1953072845935821,0.558272123336792,0.2162259221076965,0.3296653032302856,0.0453993007540702,0.0265924278646707,0.1716476827859878,0.0536184832453727,0.2065383791923523,0.0844032168388366,0.0660079047083854,0.0481159500777721,0.2969366908073425,0.0577867925167083
0.257707417011261,0.0760209485888481,0.422341376543045,0.1336085796356201,0.2478398829698562,0.4083691835403442,0.0732732340693473,0.2305360734462738,0.0296000353991985,0.1071837842464447,0.0774367749691009,0.2320781648159027,0.2966847419738769,0.1302323043346405,0.4670413434505462,0.082321211695671,0.0329872667789459,0.1109409555792808,0.0184691045433282,0.1016736179590225,0.0720954686403274,0.1760833412408828,0.1706878542900085,0.0594331547617912,0.0531433522701263,0.1300211250782013,0.0268635489046573,0.1946180462837219,0.5551857948303223,0.2151760309934616,0.3269463777542114,0.0451718233525753,0.0264321099966764,0.1701150089502334,0.0532365553081035,0.2066438943147659,0.0843357294797897,0.0655418634414672,0.0480121150612831,0.2944572865962982,0.0576635524630546
0.2644911110401153,0.0783349275588989,0.4250983595848083,0.1337621510028839,0.240442544221878,0.4032925367355346,0.0698371976613998,0.226134181022644,0.0291812643408775,0.1047149524092674,0.0779443532228469,0.2382256388664245,0.3025559186935425,0.1308668851852417,0.4700751900672912,0.0820111036300659,0.0327252335846424,0.1110266521573066,0.0193899795413017,0.1017367169260978,0.0733062922954559,0.1751126945018768,0.1722648441791534,0.0602907314896583,0.054430354386568,0.1298229992389679,0.0280119255185127,0.1955532729625702,0.5519459247589111,0.2202271819114685,0.3278566598892212,0.0471949055790901,0.0261297300457954,0.1694364696741104,0.052875131368637,0.2093848884105682,0.0866621136665344,0.0643617287278175,0.0479164496064186,0.2933163046836853,0.0577748045325279
0.264609158039093,0.0771574974060058,0.4249735474586487,0.1320622265338897,0.2421087622642517,0.4066855311393738,0.0703597664833068,0.2289870232343673,0.028830450028181,0.1060616075992584,0.0777764916419982,0.2389642894268036,0.3019865155220032,0.1311200559139251,0.4676694571971893,0.0824137404561042,0.0325756967067718,0.1106812208890914,0.019542571157217,0.1013725847005844,0.074472427368164,0.1769864857196808,0.1728357672691345,0.0600326396524906,0.0552996583282947,0.1294711828231811,0.0275627821683883,0.1949787735939026,0.5508214235305786,0.2207034975290298,0.3264288306236267,0.0471518188714981,0.0261776596307754,0.1705302000045776,0.0530924871563911,0.2080278247594833,0.0866286680102348,0.0642971768975257,0.0479699820280075,0.2926675677299499,0.057971216738224
0.2625123262405395,0.0790216922760009,0.4199192523956299,0.133488118648529,0.2436244189739227,0.4079021513462066,0.0842408910393714,0.2248780131340026,0.0290448740124702,0.1074118167161941,0.0711113810539245,0.2378435730934143,0.3074627816677093,0.127841904759407,0.4717181026935577,0.0817884132266044,0.0320915728807449,0.1076685339212417,0.0178751368075609,0.1076145768165588,0.0770405679941177,0.171934887766838,0.1763675212860107,0.0580947622656822,0.0503937266767025,0.1279082149267196,0.0259950291365385,0.193635419011116,0.544266939163208,0.2172009348869323,0.3198421895503998,0.0480698570609092,0.0277471225708723,0.1711920797824859,0.0533974543213844,0.205069437623024,0.0857635736465454,0.0647831410169601,0.0485496781766414,0.2934500575065613,0.0586985982954502
0.2629648447036743,0.0785678178071975,0.4207019507884979,0.1343231201171875,0.2459999173879623,0.4063498675823211,0.0846186131238937,0.2262038439512252,0.0293484590947628,0.1073160469532013,0.0722262561321258,0.2376513481140136,0.3072322607040405,0.1284957081079483,0.4712115526199341,0.0817154943943023,0.0325033441185951,0.1091653108596801,0.0181387700140476,0.107068121433258,0.076680913567543,0.1724575608968734,0.1759766489267349,0.0588039383292198,0.0514973625540733,0.1281947344541549,0.0264395587146282,0.194414883852005,0.5479713678359985,0.2177673578262329,0.3223893046379089,0.0481053777039051,0.0280246417969465,0.1700471341609954,0.0531149804592132,0.2048911303281784,0.0861670598387718,0.0651773661375045,0.0487116873264312,0.2937431931495666,0.0587657988071441
0.2696940004825592,0.0809700787067413,0.4439364671707153,0.141711801290512,0.24545219540596,0.403385579586029,0.0651098489761352,0.227831482887268,0.0295296888798475,0.100348487496376,0.0639449805021286,0.2373276054859161,0.3087232708930969,0.130447968840599,0.4847947657108307,0.0780485719442367,0.0346101038157939,0.1239871680736541,0.0169468037784099,0.1107949763536453,0.0883329063653945,0.1803089082241058,0.1779402196407318,0.0563515871763229,0.0495282709598541,0.1272314190864563,0.0269389729946851,0.1908027827739715,0.5447815656661987,0.2138163447380066,0.3098840117454529,0.0472069755196571,0.0271824225783348,0.1608348786830902,0.0537867583334445,0.1981405019760131,0.0810461491346359,0.0636501610279083,0.0473237559199333,0.2877585291862488,0.0530063435435295
0.2579947710037231,0.0737095028162002,0.4260878264904022,0.1333740949630737,0.2463922798633575,0.4033090472221374,0.0711424872279167,0.2251027524471283,0.0286376755684614,0.1070590168237686,0.0762964636087417,0.2347759902477264,0.2981478571891784,0.129416674375534,0.4692252278327942,0.0827182680368423,0.033307384699583,0.1099641770124435,0.018536714836955,0.103833369910717,0.0743202865123748,0.1736405491828918,0.1696567088365554,0.0589980147778987,0.0543930530548095,0.1285906881093979,0.0271382797509431,0.1954412460327148,0.5500562191009521,0.2198151350021362,0.324336290359497,0.0479839369654655,0.0275114923715591,0.170917123556137,0.0537552945315837,0.2070363610982895,0.0879440158605575,0.063858538866043,0.0479655414819717,0.2924908995628357,0.059105385094881
0.2723163962364197,0.0866554006934166,0.4262780547142029,0.1361429840326309,0.2571825683116913,0.4034238457679748,0.0705422610044479,0.2329652309417724,0.0283724833279848,0.1074314713478088,0.050278328359127,0.2367830574512481,0.3138558268547058,0.1213703751564025,0.4728103578090668,0.0837370753288269,0.034949816763401,0.1100313141942024,0.024973664432764,0.1024111062288284,0.0675671696662902,0.1704586446285247,0.184482991695404,0.0562252253293991,0.0439859107136726,0.1253618150949478,0.0270047169178724,0.1959950625896453,0.5323207974433899,0.2212725132703781,0.318475067615509,0.0490557700395584,0.026411335915327,0.1632175594568252,0.0495814979076385,0.21421679854393,0.0877136290073394,0.0611184164881706,0.0479087494313716,0.2673300504684448,0.0515945963561534
0.2580189406871795,0.0716453567147255,0.4265722334384918,0.1327813267707824,0.2391877770423889,0.4004433453083038,0.071168914437294,0.2265149503946304,0.028911255300045,0.1047745570540428,0.0764333382248878,0.2351451367139816,0.2890293896198272,0.1300762146711349,0.462820291519165,0.0893556401133537,0.03398222848773,0.1086584776639938,0.018692061305046,0.1021589189767837,0.0709753185510635,0.172869861125946,0.170954167842865,0.0585074052214622,0.0546718910336494,0.1281488090753555,0.0282108467072248,0.1957194656133651,0.5531023144721985,0.2215057164430618,0.3262167274951935,0.0478354170918464,0.0279117710888385,0.1707946956157684,0.0524228774011135,0.2078869491815567,0.0895189344882965,0.0641404092311859,0.0477245151996612,0.2935360074043274,0.0581682063639164
0.2859923243522644,0.0962779074907302,0.405496597290039,0.1403206288814544,0.2715401649475097,0.414608746767044,0.0809409990906715,0.2405754476785659,0.0276032909750938,0.1105281859636306,0.0698989853262901,0.2445093393325805,0.3315847218036651,0.1287054866552353,0.470681369304657,0.0839049965143203,0.0400835275650024,0.1188022941350936,0.0202364586293697,0.1120895370841026,0.0820845142006874,0.1735435724258422,0.1882028579711914,0.0619067549705505,0.0521253943443298,0.1447449624538421,0.0253130961209535,0.1980865448713302,0.5448252558708191,0.2242030948400497,0.3225015997886657,0.0503802970051765,0.0292152874171733,0.1732034683227539,0.0534267500042915,0.1986143440008163,0.0848736315965652,0.0647963657975196,0.0489373952150344,0.2972847819328308,0.0561012811958789
0.2611720561981201,0.0752009376883506,0.4221592545509338,0.131560206413269,0.2493795156478881,0.4012849032878876,0.0710814148187637,0.2262216210365295,0.0288980044424533,0.1071561425924301,0.0769442692399025,0.2354110479354858,0.2997110486030578,0.1301689743995666,0.4661435484886169,0.0888061225414276,0.0326428338885307,0.1253657341003418,0.019079390913248,0.1014560610055923,0.0698172226548194,0.1748163104057312,0.1730486750602722,0.0604389458894729,0.0555672235786914,0.1309742033481598,0.027161618694663,0.1984761655330658,0.5535185933113098,0.2218876779079437,0.3289414346218109,0.0480834208428859,0.0283382218331098,0.1772946417331695,0.0542469322681427,0.2071026861667633,0.0888723731040954,0.064258188009262,0.0479016005992889,0.2954901456832886,0.0598448924720287
0.2695967853069305,0.0821914449334144,0.4237378239631653,0.1346965581178665,0.2517150640487671,0.4101081788539886,0.0809230506420135,0.227591872215271,0.0289519764482975,0.1080389320850372,0.0697932839393615,0.2406238764524459,0.3122919201850891,0.1277889460325241,0.4735111594200134,0.0868010520935058,0.0315349996089935,0.1263655722141266,0.0186566673219203,0.1070317924022674,0.0747437104582786,0.1753778457641601,0.1817902624607086,0.0592439398169517,0.0497824437916278,0.1269785612821579,0.0256368033587932,0.195119708776474,0.5413740873336792,0.2191077321767807,0.3223585486412048,0.0472759529948234,0.0266007259488105,0.1706337332725525,0.0540746934711933,0.2009459733963012,0.0838565975427627,0.0640427842736244,0.0483186915516853,0.2930701375007629,0.059002049267292
0.2714861035346985,0.082316443324089,0.4246883988380432,0.1349611729383468,0.2541795372962951,0.4115514457225799,0.0807711109519004,0.2284199893474578,0.0288678146898746,0.108204461634159,0.0697413086891174,0.2400279194116592,0.3148209452629089,0.1278119534254074,0.4756793975830078,0.0871001034975051,0.0312826074659824,0.1272595524787902,0.0188711713999509,0.107216939330101,0.0749004036188125,0.1761655360460281,0.1830600798130035,0.0596225373446941,0.0496911518275737,0.1271536350250244,0.0256251879036426,0.1955448985099792,0.5412108898162842,0.2188242077827453,0.3224068284034729,0.0471472963690757,0.0264512840658426,0.1704576462507248,0.0540703050792217,0.2009607553482055,0.0837448388338089,0.0640821903944015,0.0481905043125152,0.292980432510376,0.0587122254073619
0.2845030426979065,0.0896427482366561,0.4252544641494751,0.1339443922042846,0.3016079068183899,0.4170081913471222,0.0702834650874137,0.2374259084463119,0.0276829153299331,0.1095245629549026,0.0521719083189964,0.2406774461269378,0.3399165272712707,0.1181994006037712,0.4931231141090393,0.0830533653497695,0.0325508266687393,0.1138971373438835,0.0257778838276863,0.1078619733452797,0.0729542672634124,0.1739033162593841,0.1930228322744369,0.0568425133824348,0.04847202450037,0.1251287758350372,0.0255513675510883,0.196083515882492,0.5240928530693054,0.2201580107212066,0.3187964856624603,0.0487117804586887,0.0268788896501064,0.1634825468063354,0.0439443662762641,0.2043584883213043,0.08523890376091,0.0599536299705505,0.0481901057064533,0.2636276185512543,0.0519721806049346
0.2712946534156799,0.0804741531610488,0.4240815043449402,0.1351540833711624,0.2469383925199508,0.401728093624115,0.0674601942300796,0.2238889038562774,0.028554368764162,0.1047446876764297,0.0735119059681892,0.2381984889507293,0.3037593364715576,0.1282344907522201,0.4783916473388672,0.0871406495571136,0.0316529721021652,0.1276960670948028,0.0199149902909994,0.1042244285345077,0.0719119012355804,0.1730347424745559,0.1775727570056915,0.0612786002457141,0.0536551177501678,0.1283970177173614,0.0268373079597949,0.1967879235744476,0.545964241027832,0.2202230095863342,0.3282452225685119,0.0475559718906879,0.0263196229934692,0.1733765602111816,0.0534238554537296,0.2042605578899383,0.0863832309842109,0.0632770657539367,0.0480166524648666,0.2932667434215545,0.0592044442892074
0.2864165902137756,0.0894064009189605,0.4221855401992798,0.1299618780612945,0.3170033693313598,0.4384657144546509,0.0785017684102058,0.2560570836067199,0.0261756815016269,0.1174027472734451,0.0504101887345314,0.2351521849632263,0.3592891097068786,0.111125499010086,0.5089541077613831,0.0824199765920639,0.0432473272085189,0.1117731258273124,0.024831524118781,0.1112392097711563,0.0793136656284332,0.1781004667282104,0.2045979499816894,0.0550006106495857,0.0381189808249473,0.1185046285390853,0.0231746472418308,0.1884788274765014,0.5012064576148987,0.2167702764272689,0.3004362285137176,0.0494780242443084,0.0272624157369136,0.1622766703367233,0.0421053990721702,0.1986748874187469,0.0815457180142402,0.0584489405155181,0.0486565269529819,0.2094434648752212,0.0514247342944145
0.2856036424636841,0.0887283235788345,0.4206060469150543,0.1305770874023437,0.2893682718276977,0.4410565793514251,0.0794277191162109,0.2567828893661499,0.0260230544954538,0.1184938251972198,0.050735805183649,0.2350106537342071,0.3622201383113861,0.1113416254520416,0.5086148977279663,0.0823655202984809,0.0438606292009353,0.1116558760404586,0.0248928964138031,0.1101104319095611,0.07971952855587,0.1801150739192962,0.2046339809894561,0.0547960065305233,0.0600811876356601,0.1185879111289978,0.0232152231037616,0.188093900680542,0.498134046792984,0.2167473882436752,0.2972823679447174,0.0493875108659267,0.0273270197212696,0.1712246984243393,0.0437719970941543,0.1987634897232055,0.0817150175571441,0.0579933896660804,0.0484638810157775,0.2073188722133636,0.0515290088951587
0.27028888463974,0.0823660492897033,0.421282947063446,0.1288495510816574,0.3037740588188171,0.4224847555160522,0.0834729671478271,0.2480885237455368,0.0278776437044143,0.1128737479448318,0.0545122139155864,0.2285133004188537,0.3276947140693664,0.113820880651474,0.491996705532074,0.0896817147731781,0.0339228175580501,0.1082482188940048,0.0252652969211339,0.1036695092916488,0.0704687386751174,0.1742237210273742,0.1856560409069061,0.0563979633152484,0.0425935611128807,0.1215455457568168,0.0252998024225235,0.1899414360523224,0.5185483694076538,0.2165744006633758,0.305264264345169,0.0496776141226291,0.0273462738841772,0.1614342480897903,0.0435427501797676,0.2032828032970428,0.0837572887539863,0.0594236403703689,0.0477419234812259,0.2133728563785553,0.0535317882895469
0.2694642543792724,0.0828093811869621,0.4227067232131958,0.1291278898715973,0.304600179195404,0.4225435853004455,0.0762636959552764,0.2479992061853408,0.0279304459691047,0.1126796305179596,0.0544253922998905,0.2284886538982391,0.3236839771270752,0.1137692630290985,0.493107795715332,0.0897165238857269,0.0342914350330829,0.1079277992248535,0.0252458602190017,0.1039772033691406,0.0721415430307388,0.1733135432004928,0.1840805113315582,0.0562313795089721,0.0424316376447677,0.1215443387627601,0.0256318300962448,0.1886950433254242,0.5190840363502502,0.2169637978076934,0.305867999792099,0.0493335537612438,0.0269442424178123,0.1595787405967712,0.0434190295636653,0.2043756693601608,0.0845499858260154,0.0592936798930168,0.0481039136648178,0.2119080126285553,0.0529544875025749
0.268172413110733,0.0790701359510421,0.4230531454086303,0.1308166235685348,0.2954321503639221,0.4247495830059051,0.0787018314003944,0.2484281063079834,0.0278037264943122,0.1107135340571403,0.054257933050394,0.2256938815116882,0.3124887943267822,0.1158521473407745,0.4969571530818939,0.0902176797389984,0.0349097847938537,0.1064876243472099,0.0257058776915073,0.1029899343848228,0.0628702566027641,0.178375244140625,0.1827701330184936,0.060207050293684,0.0434109084308147,0.119313508272171,0.0255974251776933,0.1898054778575897,0.5233216881752014,0.2156600505113601,0.3060031831264496,0.0487773418426513,0.0290670003741979,0.1638490855693817,0.0431194826960563,0.208506554365158,0.0842578709125518,0.0598198398947715,0.0485569983720779,0.2557761967182159,0.0499114766716957
0.2692907750606537,0.0796336382627487,0.4218942523002624,0.1302666962146759,0.2972372174263,0.4272471070289612,0.0780500769615173,0.2508678138256073,0.0274228956550359,0.1116546392440795,0.0537937507033348,0.2238792330026626,0.3166152834892273,0.1155016124248504,0.4994497001171112,0.0900056362152099,0.0345452688634395,0.106657937169075,0.025809071958065,0.1039610430598259,0.0635320767760276,0.1793237626552581,0.185545265674591,0.0595885589718818,0.0428562313318252,0.1192763075232505,0.0248203966766595,0.1891062706708908,0.5205714106559753,0.214782103896141,0.3037152886390686,0.0489273183047771,0.0291949193924665,0.1643785685300827,0.0430689938366413,0.2068575918674469,0.0837518796324729,0.0598015710711479,0.0484398119151592,0.2192872762680053,0.0531361475586891
0.2700768411159515,0.0833574086427688,0.4069814085960388,0.1328651458024978,0.2489945888519287,0.4102257490158081,0.0722221732139587,0.2377143502235412,0.028299119323492,0.1065977215766906,0.0543649122118949,0.2289068698883056,0.308241605758667,0.1200571358203888,0.4856112003326416,0.0842171162366867,0.0355909466743469,0.1095523387193679,0.0262704212218523,0.1013670936226844,0.0610707551240921,0.1763652116060257,0.1807748675346374,0.059216670691967,0.0463812574744224,0.1249438449740409,0.0255489069968462,0.1949755102396011,0.5288310050964355,0.2153494656085968,0.3097466230392456,0.0514145456254482,0.0315462686121463,0.1757431626319885,0.0459767654538154,0.2100724279880523,0.0848459750413894,0.0619982182979583,0.0484650395810604,0.2689427733421325,0.0527042150497436
0.269449383020401,0.0828361362218856,0.4043962359428406,0.1331683248281479,0.244761049747467,0.4096520543098449,0.084333099424839,0.2378281056880951,0.0282536409795284,0.1067029759287834,0.0536615699529647,0.2292966544628143,0.3046129643917084,0.1203421801328659,0.4824324548244476,0.0841767042875289,0.0357688218355178,0.1102394238114357,0.0260367840528488,0.099853515625,0.0601725801825523,0.1753188669681549,0.180959552526474,0.0587935633957386,0.0473254062235355,0.1246729046106338,0.0252650268375873,0.1951561421155929,0.5274795293807983,0.2146835476160049,0.3074848353862762,0.0515122041106224,0.031704157590866,0.1759926825761795,0.0458510071039199,0.209562212228775,0.0850048512220382,0.0621622204780578,0.0485825166106224,0.2698220014572143,0.0530815124511718
0.2615382373332977,0.0781192779541015,0.4051744937896728,0.1307811439037323,0.2894465923309326,0.4140444993972778,0.0741743817925453,0.2413263320922851,0.0280793290585279,0.1088604927062988,0.0572819411754608,0.2251678109169006,0.3102495372295379,0.1185856014490127,0.4796372056007385,0.0919013023376464,0.0348782576620578,0.1087296605110168,0.0257029682397842,0.1014145538210868,0.0582815147936344,0.1760877966880798,0.1775692701339721,0.0620742514729499,0.0468640774488449,0.1235360130667686,0.0251552537083625,0.1928381472826004,0.5290624499320984,0.2135632038116455,0.3108962476253509,0.0503611452877521,0.0298327822238206,0.170338287949562,0.0442341491580009,0.2081859707832336,0.0833035856485366,0.060954563319683,0.0479300208389759,0.2642777860164642,0.0519823208451271
0.2626665234565735,0.0772373899817466,0.4073480367660522,0.1320600509643554,0.2930033802986145,0.4133360981941223,0.0747308656573295,0.2430281341075897,0.0282468609511852,0.109045386314392,0.0574596561491489,0.2236078828573227,0.3081337213516235,0.1196102797985076,0.4789187312126159,0.0916249081492424,0.0352675020694732,0.1097840592265129,0.0254744440317153,0.0997073352336883,0.0574397072196006,0.1773971617221832,0.1771344393491745,0.0622205026447773,0.0461049750447273,0.1228546127676963,0.0253109335899353,0.1932345926761627,0.5302845239639282,0.213746577501297,0.3128441870212555,0.0503246299922466,0.0297923199832439,0.16813924908638,0.0444224253296852,0.2080855220556259,0.0835779756307601,0.0610046237707138,0.0479264520108699,0.261392593383789,0.0511458590626716
0.2727776765823364,0.0798491090536117,0.4074895977973938,0.1321614682674408,0.2686638236045837,0.426409363746643,0.0882914066314697,0.2523592710494995,0.0271386839449405,0.1123425811529159,0.0540061257779598,0.2263381034135818,0.3246766328811645,0.1183297932147979,0.4896283149719238,0.0836619287729263,0.0395126715302467,0.114618569612503,0.0261106826364994,0.1030592322349548,0.0618748888373374,0.1805469095706939,0.1856501698493957,0.0597931444644928,0.0451625101268291,0.1207973957061767,0.0249637439846992,0.1922381967306137,0.5167423486709595,0.2148376107215881,0.3020503222942352,0.0505151748657226,0.0289228092879056,0.1739351153373718,0.0451628789305686,0.2031454741954803,0.0827947258949279,0.0607376545667648,0.0485599711537361,0.2217688858509063,0.0554852187633514
0.2718842029571533,0.0796658396720886,0.4068609476089477,0.1324119865894317,0.2678579688072204,0.4253364503383636,0.0884220898151397,0.2517614364624023,0.027218235656619,0.1122137904167175,0.0544249266386032,0.2259707003831863,0.3233163952827453,0.1185129433870315,0.4883095324039459,0.0837833136320114,0.0397878140211105,0.114733874797821,0.0255826767534017,0.1029125228524208,0.0610288903117179,0.1804686784744262,0.1850502640008926,0.0599588528275489,0.0454584099352359,0.1207974553108215,0.0250319056212902,0.1923899799585342,0.517504096031189,0.2149208933115005,0.3026227355003357,0.0506512373685836,0.0289908517152071,0.1740345060825348,0.0453376397490501,0.2038531005382537,0.0831150710582733,0.060938362032175,0.048580102622509,0.2219822704792022,0.0554682314395904
0.2858004570007324,0.0887279659509658,0.4126532077789306,0.1293346881866455,0.251705139875412,0.4257329106330871,0.0773650258779525,0.2470006644725799,0.027270121499896,0.1132565140724182,0.0454304218292236,0.2295293062925338,0.3252387940883636,0.1161753013730049,0.5011230111122131,0.0837856829166412,0.045985072851181,0.1088959947228431,0.0248377174139022,0.1030744314193725,0.0631476938724517,0.1797759085893631,0.1968205273151397,0.0547168776392936,0.0444068536162376,0.1182714998722076,0.0244783088564872,0.1934014558792114,0.5038242936134338,0.2208520025014877,0.290591150522232,0.0493217781186103,0.0287495888769626,0.1740941107273101,0.0447649955749511,0.2064061462879181,0.0853114202618599,0.0590542405843734,0.0492215044796466,0.2195935547351837,0.0547698251903057
0.2873862385749817,0.0883057042956352,0.4150976836681366,0.1302031576633453,0.2546712756156921,0.4243258833885193,0.0776762217283248,0.2483005225658416,0.0274906978011131,0.1122513562440872,0.0455046109855175,0.2275066971778869,0.3220616579055786,0.1161606684327125,0.4989904761314392,0.083646722137928,0.0462102368474006,0.1081127673387527,0.0248801428824663,0.1017034351825714,0.061705008149147,0.1806057542562484,0.1939737200736999,0.0547652542591095,0.0440666303038597,0.1178713142871856,0.0247044339776039,0.1924582719802856,0.5028502345085144,0.2195838689804077,0.2903872728347778,0.048688493669033,0.0274297855794429,0.1714385598897934,0.0449140667915344,0.2071809023618698,0.0855885446071624,0.0587022826075553,0.0489875897765159,0.2165510654449463,0.0535523295402526
0.291472315788269,0.1013257801532745,0.4362876713275909,0.1409924477338791,0.2733382284641266,0.4158082008361816,0.0801953673362732,0.2403054684400558,0.028927119448781,0.1037713065743446,0.0468326285481452,0.2371716946363449,0.3263540863990783,0.1213689595460891,0.5000648498535156,0.082438625395298,0.0351751782000064,0.1110488176345825,0.0263386573642492,0.108625017106533,0.0715179741382598,0.1813306510448455,0.1903685331344604,0.0573509335517883,0.0397792011499404,0.1235625073313713,0.0270078256726264,0.1931275874376297,0.5267962217330933,0.2175450026988983,0.3169620633125305,0.0475611165165901,0.0247852355241775,0.1602737605571746,0.0475417710840702,0.2044415175914764,0.0860401839017868,0.0611789673566818,0.048295259475708,0.2481828331947326,0.0492956414818763
0.2924761176109314,0.1024642512202262,0.434076577425003,0.1402749419212341,0.3044608235359192,0.4168165326118469,0.0804250836372375,0.2433340549468994,0.0291051007807254,0.1051111072301864,0.0472288690507411,0.2379030883312225,0.3298757970333099,0.1217476576566696,0.4884856343269348,0.0823569372296333,0.0352951809763908,0.1118076518177986,0.0266731530427932,0.1077286303043365,0.0705265775322914,0.1828416883945465,0.1919467449188232,0.0577340200543403,0.0396884940564632,0.1234456673264503,0.0267330519855022,0.1933280378580093,0.5265458822250366,0.2175251543521881,0.3178947865962982,0.0481028035283088,0.0249516442418098,0.1535134017467498,0.0459524169564247,0.202422946691513,0.0863385945558548,0.0607297159731388,0.0484639592468738,0.2442220598459243,0.0485483258962631
0.292346715927124,0.0942652150988578,0.4249192774295807,0.133497804403305,0.2630814611911773,0.421556293964386,0.0837444961071014,0.242294505238533,0.0276217013597488,0.1097919717431068,0.0466012358665466,0.2355969846248626,0.3363135755062103,0.1154393851757049,0.5095528364181519,0.0836026072502136,0.0346738845109939,0.1122411265969276,0.0260076373815536,0.1066856905817985,0.0655849575996398,0.1791689097881317,0.1964159905910492,0.0550528354942798,0.0443599484860897,0.122707113623619,0.0260457601398229,0.1933826208114624,0.5079997777938843,0.2233648002147674,0.2957091331481933,0.0485799610614776,0.0255213938653469,0.170197531580925,0.044280432164669,0.206709086894989,0.0860641300678253,0.0581424348056316,0.04764199629426,0.2560014128684997,0.0510071218013763
0.2925284504890442,0.0941204875707626,0.4210382103919983,0.1333087235689163,0.2684082984924316,0.4209005832672119,0.0834156423807144,0.2420551627874374,0.0276913680136203,0.1113871186971664,0.0467481464147567,0.236435055732727,0.3396477699279785,0.1142498254776001,0.5104738473892212,0.0836755260825157,0.0343019142746925,0.112228125333786,0.0257291309535503,0.1075328886508941,0.0650291517376899,0.1784701347351074,0.1947734802961349,0.0547682791948318,0.0426253788173198,0.1209044679999351,0.0255461223423481,0.1918995380401611,0.5038997530937195,0.220475435256958,0.2923927307128906,0.0486685298383235,0.0251373127102851,0.168567344546318,0.044605515897274,0.2038856595754623,0.0842119827866554,0.0578908063471317,0.0478241331875324,0.2519155442714691,0.0501564070582389
0.2749823927879333,0.0857544466853141,0.4141187667846679,0.1286620497703552,0.2639427185058594,0.4190124869346618,0.0853910222649574,0.2383182048797607,0.0272112693637609,0.1069648265838623,0.0528641864657402,0.2270196378231048,0.3156825304031372,0.1183105930685997,0.4966309070587158,0.0846319943666458,0.0400739572942256,0.1113014966249466,0.0263696908950805,0.1067652702331543,0.0605739690363407,0.1789164543151855,0.1840130388736724,0.0607555508613586,0.0436521507799625,0.1220966428518295,0.025200517848134,0.1955514401197433,0.5250219702720642,0.2141772210597992,0.3076151609420776,0.0506028197705745,0.030372891575098,0.1804494261741638,0.0463686659932136,0.2086802721023559,0.0844317302107811,0.0612238124012947,0.0486063659191131,0.2317392081022262,0.0545934364199638
0.27577805519104,0.0850299224257469,0.4164809882640838,0.1290824264287948,0.2629042863845825,0.4184265732765198,0.0852890908718109,0.2380301058292389,0.0273841060698032,0.1056283637881279,0.0528768524527549,0.2255832701921463,0.3158098757266998,0.1187750250101089,0.4970603585243225,0.08464877307415,0.0399706847965717,0.1112002432346344,0.0264851804822683,0.1065432578325271,0.060437262058258,0.1804453730583191,0.1834577023983001,0.060922123491764,0.0438744574785232,0.1224984750151634,0.025481428951025,0.1958235800266266,0.526833713054657,0.2142320126295089,0.3097787797451019,0.0505481250584125,0.0306053906679153,0.1804680675268173,0.0464049950242042,0.2081153988838195,0.0846931636333465,0.0612290725111961,0.048404112458229,0.2329163253307342,0.0546948425471782
0.2755721807479858,0.0848367065191268,0.4198371171951294,0.1320613473653793,0.2855240106582641,0.4085485339164734,0.0721816197037696,0.2311427295207977,0.0278274603188037,0.1007993966341018,0.0527493730187416,0.2176235318183899,0.3052623867988586,0.1175204440951347,0.4751507043838501,0.090052992105484,0.0420280471444129,0.1048976331949234,0.0247467309236526,0.1055164784193039,0.0545848682522773,0.1784262955188751,0.1702770590782165,0.060085654258728,0.0483627244830131,0.1243759095668792,0.0249647609889507,0.1969259977340698,0.5337473154067993,0.2109719812870025,0.3097965121269226,0.0487343743443489,0.030010575428605,0.1734423339366912,0.0434772223234176,0.2048080563545227,0.0806253254413604,0.0597183518111705,0.0466077029705047,0.2745885848999023,0.0517666600644588
0.2746688425540924,0.0846853405237197,0.4179426431655884,0.1327620446681976,0.2839785814285278,0.4074428081512451,0.0721961557865142,0.2327637374401092,0.0280510932207107,0.1008794158697128,0.0540817528963089,0.2171943485736847,0.304101824760437,0.1182767301797866,0.4719166159629822,0.0904293730854988,0.0426883772015571,0.1051651984453201,0.0251101218163967,0.1042803227901458,0.0533785447478294,0.1787927448749542,0.1697777509689331,0.0611816197633743,0.049428854137659,0.1242005825042724,0.0255290754139423,0.197440505027771,0.5361709594726562,0.2120100408792495,0.3122577965259552,0.0489685833454132,0.0302070118486881,0.172801598906517,0.0435174405574798,0.2052520215511322,0.0813379883766174,0.0600922740995883,0.0467871278524398,0.2735832035541534,0.0515328757464885
0.2842039763927459,0.0881497710943222,0.4180216491222381,0.1342657506465912,0.2841692566871643,0.4100638628005981,0.0737625062465667,0.2380552142858505,0.0281680449843406,0.1030923575162887,0.0537004098296165,0.218804657459259,0.3124486804008484,0.1176915094256401,0.4834277033805847,0.0904161408543586,0.0344373658299446,0.1084135323762893,0.0267553813755512,0.1016909778118133,0.0538663268089294,0.1801864504814148,0.1760331690311432,0.0607076659798622,0.0653160735964775,0.1240783780813217,0.0255168788135051,0.1959425657987594,0.5288538932800293,0.2138502150774002,0.3070588707923889,0.0493370071053504,0.0304575003683567,0.1711821258068084,0.0437842309474945,0.2051748931407928,0.082301914691925,0.0600389912724494,0.0479031167924404,0.2649657726287842,0.0511515587568283
0.2852437794208526,0.0888433307409286,0.4189778566360473,0.1342747807502746,0.2846197783946991,0.4096820950508117,0.0733451768755912,0.2375690191984176,0.0280985739082098,0.1030562296509742,0.0531134977936744,0.2192142754793167,0.3143288493156433,0.1178565174341201,0.483770877122879,0.0904058590531349,0.0440020412206649,0.1080162525177002,0.0268619693815708,0.101930946111679,0.0540201887488365,0.1799342334270477,0.1766959875822067,0.0601261369884014,0.0650922730565071,0.1242549270391464,0.0255523491650819,0.1957428306341171,0.5280594229698181,0.2139312028884887,0.3061954975128174,0.0493919290602207,0.0302055068314075,0.171166107058525,0.0438991412520408,0.2046282291412353,0.082312673330307,0.0597975887358188,0.0478320866823196,0.2642134428024292,0.0511966161429882
0.2972695231437683,0.0914000943303108,0.4224925637245178,0.1304112672805786,0.2716463208198547,0.4222323894500732,0.0729062035679817,0.2464908510446548,0.0271188765764236,0.1069507151842117,0.0480230078101158,0.221804141998291,0.3350982069969177,0.1132551506161689,0.498631864786148,0.0906828269362449,0.0366985499858856,0.106710284948349,0.026705902069807,0.1091155782341957,0.0619850680232048,0.1832455545663833,0.1916446685791015,0.0525718480348587,0.0567786246538162,0.1208858639001846,0.0220260713249444,0.1901624202728271,0.5110855102539062,0.2113465964794159,0.3024547696113586,0.0490017980337142,0.0291765220463275,0.1791850328445434,0.0452765822410583,0.1955291032791137,0.0787568911910057,0.0589982420206069,0.0483844131231308,0.2169381380081176,0.049748308956623
0.296629250049591,0.0915618240833282,0.4237699508666992,0.1304544806480407,0.2744708955287933,0.4246692359447479,0.077321209013462,0.2479033470153808,0.0268516112118959,0.1075455993413925,0.047458030283451,0.2234513759613037,0.3351701498031616,0.1129695698618888,0.5013042092323303,0.0905327647924423,0.0364051535725593,0.1074001863598823,0.0264076516032218,0.1098096072673797,0.0627200603485107,0.182879239320755,0.1932929754257202,0.0561808981001377,0.0564450472593307,0.1205053105950355,0.0217034369707107,0.1898314952850341,0.5103977918624878,0.210536390542984,0.3017072081565857,0.0490268915891647,0.0291610062122344,0.17868272960186,0.0450611561536788,0.19492769241333,0.0785004645586013,0.0589143522083759,0.0485065132379531,0.2168745547533035,0.04959487169981
0.2912280857563019,0.0924596935510635,0.4217014908790588,0.1361471861600875,0.3002855777740478,0.4183140993118286,0.0754252821207046,0.2424189150333404,0.0274778697639703,0.1049505323171615,0.0515843331813812,0.2259028404951095,0.3225433826446533,0.1203283816576004,0.492830216884613,0.0905995666980743,0.0432216376066207,0.1116253584623336,0.0271655395627021,0.1059899255633354,0.06083694845438,0.1811775267124176,0.1863728463649749,0.0604629889130592,0.048115074634552,0.1239861249923706,0.0241934806108474,0.1934760510921478,0.5249533653259277,0.2122200727462768,0.3127293586730957,0.049548253417015,0.028638519346714,0.1708630323410034,0.0434420965611934,0.2000230550765991,0.080960638821125,0.0606067515909671,0.0489279180765152,0.2586504220962524,0.049381136894226
0.2915350198745727,0.091729462146759,0.4205280244350433,0.1353533864021301,0.2977743446826935,0.4176990389823913,0.0748585313558578,0.2422975003719329,0.0273355022072792,0.1054195910692215,0.0522959977388381,0.2264772653579712,0.3228417336940765,0.1198318377137184,0.492523044347763,0.0906102657318115,0.0384354293346405,0.1119343638420105,0.0272519700229167,0.1054673269391059,0.0603430345654487,0.1819566786289215,0.1858105510473251,0.0605231188237667,0.0486608520150184,0.123443990945816,0.0242231097072362,0.1937565207481384,0.5226254463195801,0.2131863832473755,0.3104661703109741,0.0497038289904594,0.028452631086111,0.1719209253787994,0.0433466807007789,0.2000142037868499,0.0814174711704254,0.0603540763258934,0.0490192845463752,0.2581769824028015,0.0494877025485038
0.2848722338676452,0.0909326672554016,0.4215359091758728,0.1378762125968933,0.3043636977672577,0.4192230701446533,0.0733710601925849,0.2442463636398315,0.0276263710111379,0.1061475574970245,0.0523274987936019,0.2312279343605041,0.3264487683773041,0.1200903505086898,0.4964957237243652,0.0893900021910667,0.0430606380105018,0.1117089763283729,0.0267799384891986,0.1069335639476776,0.0626163482666015,0.1784465610980987,0.1820288598537445,0.0607156231999397,0.0484687201678752,0.1209498345851898,0.0246472135186195,0.1908222436904907,0.5226541757583618,0.208934798836708,0.3086406290531158,0.04854466766119,0.0268970374017953,0.1642091274261474,0.0431054718792438,0.2004888504743576,0.0801629871129989,0.0596550516784191,0.0480801090598106,0.2593915164470672,0.0490336418151855
0.2825254797935486,0.0839478746056556,0.4228298366069793,0.136730819940567,0.3119877576828003,0.4209104180335998,0.0741300731897354,0.2472279667854309,0.027647303417325,0.1075950264930725,0.0531836152076721,0.2328128814697265,0.3322898745536804,0.1193616390228271,0.4996424913406372,0.0892347246408462,0.0433521829545497,0.1113023236393928,0.0265485905110836,0.1077704280614852,0.0620842687785625,0.1800760328769683,0.1820544004440307,0.0609828382730484,0.0403420589864254,0.1204783990979194,0.024613868445158,0.1904927194118499,0.5233492255210876,0.2127667963504791,0.3074358701705932,0.0489188358187675,0.0268539637327194,0.1629496216773986,0.0434959270060062,0.2004620432853698,0.0799524337053299,0.0592179633677005,0.0479473173618316,0.2551768124103546,0.0479758791625499
0.2860795557498932,0.0892147496342659,0.4255811870098114,0.1364771723747253,0.3047202825546264,0.4205825328826904,0.0740836262702941,0.2476063668727874,0.0278863534331321,0.1063187792897224,0.0529560297727584,0.2309135198593139,0.3329679667949676,0.1221898943185806,0.4961543381214142,0.0897950306534767,0.043513897806406,0.1116021126508712,0.0272402539849281,0.1066680401563644,0.059975266456604,0.1826709061861038,0.1843127608299255,0.0615078583359718,0.0494222268462181,0.1207422763109207,0.0250442679971456,0.1926124542951584,0.5254583358764648,0.2121102064847946,0.311909019947052,0.0494350492954254,0.0275216214358806,0.1663254797458648,0.0433049798011779,0.2001238465309143,0.0814677774906158,0.059768721461296,0.0482706427574157,0.2583470046520233,0.0496232211589813
0.2880343496799469,0.0878620743751525,0.4204222559928894,0.1326555460691452,0.2937758564949035,0.4093797504901886,0.0718673095107078,0.2399235665798187,0.0282301120460033,0.1048367768526077,0.0540759600698947,0.2305922508239746,0.314687967300415,0.1253753155469894,0.4919477999210357,0.0847678631544113,0.0448731295764446,0.1136049777269363,0.0285045690834522,0.104471355676651,0.056615337729454,0.1809836030006408,0.1828486323356628,0.0615779981017112,0.0439515933394432,0.1237306147813797,0.0263546053320169,0.1976198554039001,0.5323082804679871,0.2181057631969452,0.3178728818893432,0.0516618117690086,0.0310466941446065,0.17111736536026,0.0443683415651321,0.2071942090988159,0.0858462005853653,0.0618966855108737,0.048379011452198,0.2662453055381775,0.0504553541541099
0.2850910127162933,0.0912373438477516,0.4231468439102173,0.1377418041229248,0.3044299185276031,0.4185861945152282,0.0742152333259582,0.2435459941625595,0.0279222913086414,0.1063533127307891,0.0516039654612541,0.2296992838382721,0.3247719705104828,0.1192986816167831,0.4966854155063629,0.0896381065249443,0.0430967062711715,0.1101868152618408,0.0269709900021553,0.1066103279590606,0.0622840523719787,0.1758706867694854,0.1830562949180603,0.060171578079462,0.0418826825916767,0.1219250932335853,0.0253760106861591,0.1915095448493957,0.5237895250320435,0.2109769433736801,0.3108432590961456,0.048567671328783,0.0268169417977333,0.1634474992752075,0.0426692739129066,0.2010627090930938,0.0809683203697204,0.0596845149993896,0.0483258366584777,0.2608241736888885,0.049525573849678
0.2850910127162933,0.0912373438477516,0.4231468439102173,0.1377418041229248,0.3044299185276031,0.4185861945152282,0.0742152333259582,0.2435459941625595,0.0279222913086414,0.1063533127307891,0.0516039654612541,0.2296992838382721,0.3247719705104828,0.1192986816167831,0.4966854155063629,0.0896381065249443,0.0430967062711715,0.1101868152618408,0.0269709900021553,0.1066103279590606,0.0622840523719787,0.1758706867694854,0.1830562949180603,0.060171578079462,0.0418826825916767,0.1219250932335853,0.0253760106861591,0.1915095448493957,0.5237895250320435,0.2109769433736801,0.3108432590961456,0.048567671328783,0.0268169417977333,0.1634474992752075,0.0426692739129066,0.2010627090930938,0.0809683203697204,0.0596845149993896,0.0483258366584777,0.2608241736888885,0.049525573849678
