AU1,AU2,AU4,AU5,AU6,AU7,AU9,AU10,AU11,AU12,AU13,AU14,AU15,AU16,AU17,AU18,AU19,AU20,AU22,AU23,AU24,AU25,AU26,AU27,AU32,AU38,AU39,AUL1,AUR1,AUL2,AUR2,AUL4,AUR4,AUL6,AUR6,AUL10,AUR10,AUL12,AUR12,AUL14,AUR14
0.2872683107852936,0.0868725329637527,0.4221993684768677,0.141316071152687,0.1508074700832367,0.3958182334899902,0.0571252107620239,0.1968850940465927,0.0280885808169841,0.0863037109375,0.0535673201084136,0.2097819745540619,0.2247060537338256,0.1185326725244522,0.4497096240520477,0.085777923464775,0.034569889307022,0.1019939854741096,0.0168653931468725,0.0864261835813522,0.04390250146389,0.1618824005126953,0.1641858220100402,0.0531788095831871,0.0437106117606163,0.1274535208940506,0.0263595357537269,0.1907304227352142,0.5131198167800903,0.2078019231557846,0.2931439876556396,0.04776231944561,0.0373573824763298,0.1958721578121185,0.0434333644807338,0.2278960347175598,0.08871541172266,0.0571410655975341,0.0397443957626819,0.3150684237480163,0.0607735216617584
0.3141511678695678,0.106966309249401,0.4439814388751983,0.1437068283557891,0.1891421526670456,0.4231139421463012,0.086991511285305,0.2108922898769378,0.0281008183956146,0.09512759745121,0.050661776214838,0.214844211935997,0.3004275858402252,0.109034426510334,0.488734483718872,0.0819602534174919,0.0304897762835025,0.1047165244817733,0.0226516760885715,0.0867043882608413,0.0451006591320037,0.1662745922803878,0.1983842700719833,0.0558444038033485,0.0340502485632896,0.1227534413337707,0.0221783332526683,0.1832301020622253,0.4692168831825256,0.2062961459159851,0.2643971741199493,0.0404404439032077,0.0251564942300319,0.1722543239593505,0.0390669927000999,0.2362129837274551,0.0841399654746055,0.0557220205664634,0.0458079241216182,0.27634197473526,0.0506945624947547
0.3150497078895569,0.1074629351496696,0.4410853683948517,0.1438769400119781,0.1890806555747985,0.4238259196281433,0.0885320231318473,0.2113830745220184,0.0271367225795984,0.0954146236181259,0.0507945418357849,0.2142947316169738,0.2973774075508117,0.1094334349036216,0.4866258800029754,0.0824596583843231,0.0306434202939271,0.1047554910182952,0.0226372182369232,0.0871429443359375,0.0456148944795131,0.1657500267028808,0.1987734735012054,0.0562732219696044,0.0339923724532127,0.1233094707131385,0.0217789374291896,0.1837048083543777,0.4708921313285827,0.2054456323385238,0.2647326588630676,0.0411453284323215,0.0258724112063646,0.1732750982046127,0.0391805283725261,0.2351026386022567,0.0842965841293335,0.0543347597122192,0.0402796193957328,0.2792712450027466,0.0512604191899299
0.3260908424854278,0.0971578881144523,0.4336990714073181,0.1444783806800842,0.2303972542285919,0.4474414587020874,0.091627761721611,0.2256012260913849,0.0223931707441806,0.1020579785108566,0.0471519194543361,0.2038324177265167,0.2816551923751831,0.1110710129141807,0.5019680857658386,0.077538177371025,0.0325640216469764,0.1071985736489296,0.0229437798261642,0.0931070744991302,0.0370822064578533,0.1749451756477356,0.1985884010791778,0.058498315513134,0.031256765127182,0.1157220900058746,0.0196472816169261,0.1900089681148529,0.4692840278148651,0.2013524621725082,0.2607944011688232,0.0424474850296974,0.0282369423657655,0.1857897937297821,0.0344676822423934,0.2316768914461136,0.0831631422042846,0.0562708601355552,0.0383089445531368,0.2999263405799866,0.0544707626104354
0.3245623111724853,0.0957658588886261,0.4339707493782043,0.1444753855466842,0.2320627123117447,0.4489651918411255,0.0921141877770423,0.2280727624893188,0.0223597735166549,0.1030601263046264,0.0473353117704391,0.2058342844247818,0.2842067778110504,0.1111982315778732,0.5032106637954712,0.0773738622665405,0.0325983054935932,0.1073984429240226,0.0228861849755048,0.0930604338645935,0.0360585749149322,0.176636204123497,0.1988690197467804,0.0579937472939491,0.0313994288444519,0.1140277087688446,0.0196900945156812,0.1883869767189026,0.4668181538581848,0.1997531801462173,0.2585844695568084,0.0422671623528003,0.0278017576783895,0.183744341135025,0.0342266708612442,0.2306351959705352,0.0828283876180648,0.0559495240449905,0.0382411368191242,0.2972644865512848,0.0540524944663047
0.3203443884849548,0.1048224866390228,0.4235959053039551,0.1488306075334549,0.2007587552070617,0.4106678962707519,0.0701198354363441,0.2092944383621215,0.0281456187367439,0.08376145362854,0.0608475357294082,0.1934757232666015,0.2355910241603851,0.123637743294239,0.4653203189373016,0.0840192437171936,0.037611037492752,0.1023585349321365,0.0262259244918823,0.0786205604672432,0.0364124476909637,0.1673003137111663,0.1646041274070739,0.0645566135644912,0.0395263358950614,0.1323588788509369,0.0268929470330476,0.1970666795969009,0.5126568078994751,0.2076258063316345,0.3013018667697906,0.045844443142414,0.0313082411885261,0.1871544122695922,0.035687368363142,0.2310137599706649,0.0890697464346885,0.0607132203876972,0.0479776374995708,0.3104030191898346,0.0573283955454826
0.3197694718837738,0.1051723659038543,0.4204610586166382,0.145685613155365,0.2053872197866439,0.4116251468658447,0.0702684968709945,0.2098199129104614,0.0283190459012985,0.0848103314638137,0.0617453977465629,0.193833976984024,0.2333822250366211,0.1223473101854324,0.4629970490932464,0.0841263905167579,0.0374614559113979,0.1011713221669197,0.0263568498194217,0.0786214098334312,0.0357275418937206,0.1681158691644668,0.1635676026344299,0.0638379156589508,0.0391282327473163,0.1311621665954589,0.026359673589468,0.1957990974187851,0.5109317302703857,0.2071416229009628,0.301626592874527,0.0460994839668273,0.0315165631473064,0.1890779733657837,0.035783551633358,0.2309504747390747,0.0890783965587616,0.0604506731033325,0.0484300106763839,0.3063598275184631,0.0574600920081138
0.3107749223709106,0.0992875695228576,0.3981589078903198,0.1431082785129547,0.1477611064910888,0.3991578817367553,0.0592942535877227,0.1955889463424682,0.026893388479948,0.0879654139280319,0.0554674863815307,0.1989299058914184,0.2027249038219452,0.123050682246685,0.4361773133277893,0.0795153379440307,0.0357282646000385,0.1030780002474784,0.0267022475600242,0.0833123251795768,0.0430424362421035,0.1599667370319366,0.1665152609348297,0.0560379438102245,0.044123537838459,0.1336292624473571,0.0243516098707914,0.1971873939037323,0.5232507586479187,0.2097641229629516,0.3021901845932007,0.0518917441368103,0.0387480668723583,0.2096628099679947,0.0452064089477062,0.2168355286121368,0.0852757319808006,0.0616678781807422,0.0410302281379699,0.340625524520874,0.0647979080677032
0.3143792152404785,0.1008936166763305,0.400679349899292,0.1446553319692611,0.1483081877231598,0.4014278948307037,0.0602779649198055,0.1986539363861084,0.0268358867615461,0.0871281772851944,0.0566417500376701,0.1996242254972458,0.2105407118797302,0.1244407296180725,0.4417117238044739,0.0841395109891891,0.03615353256464,0.1061043143272399,0.027347132563591,0.0835633426904678,0.0439492166042327,0.1613044738769531,0.1690865904092788,0.0569575726985931,0.0443258136510849,0.1339020133018493,0.0245668962597847,0.1982452571392059,0.524905800819397,0.211126297712326,0.3047781884670257,0.0514541640877723,0.0389698036015033,0.210048571228981,0.0451606586575508,0.2173876762390136,0.0863615572452545,0.0614058598875999,0.040506012737751,0.3402689695358276,0.0649276226758956
0.3299076855182647,0.1123609393835067,0.4490934014320373,0.1461756527423858,0.2292027026414871,0.442545473575592,0.0752401053905487,0.2236071228981018,0.0240976959466934,0.0959518775343895,0.0476782098412513,0.2078487575054168,0.2901983857154846,0.1111636608839035,0.5223456025123596,0.0750993192195892,0.0361808985471725,0.1080779433250427,0.0236063953489065,0.0762568563222885,0.0452296882867813,0.1703963279724121,0.1813916563987732,0.0597065389156341,0.0340133607387542,0.1235857456922531,0.0245008505880832,0.1870523244142532,0.4725127220153808,0.2066809087991714,0.2632931470870971,0.0405321791768074,0.0241019055247306,0.1671020686626434,0.0339994803071022,0.2320096045732498,0.0832613855600357,0.0556190088391304,0.0389125533401966,0.2997668981552124,0.0528359301388263
0.3091537058353424,0.1030293926596641,0.4197193086147308,0.1433936059474945,0.1696730852127075,0.416810393333435,0.0735120773315429,0.210869014263153,0.0272585283964872,0.0883616507053375,0.0579840131103992,0.1970042586326599,0.2424807548522949,0.1192714273929596,0.4677146673202514,0.0780760794878006,0.0371414273977279,0.1138211488723754,0.0260697193443775,0.0806771218776702,0.0408416055142879,0.1640575975179672,0.1597177237272262,0.0617095381021499,0.0386820621788501,0.1336673498153686,0.0266629327088594,0.1957903951406479,0.5033342838287354,0.2085138857364654,0.2894337177276611,0.0449140779674053,0.0308761205524206,0.1879016458988189,0.0417293980717659,0.2308012992143631,0.0872232317924499,0.0608065538108348,0.0470910333096981,0.3170255422592163,0.0589696541428566
0.3556222915649414,0.1421940326690673,0.4727692902088165,0.1608887314796447,0.2485633194446563,0.4543389678001404,0.0930129960179328,0.2293254137039184,0.0277928039431571,0.0982173085212707,0.0420981720089912,0.2202759981155395,0.341711938381195,0.106351763010025,0.5153101682662964,0.0728169679641723,0.0332138277590274,0.1045041233301162,0.0228690318763256,0.0844363272190094,0.0628974735736846,0.1705282330513,0.1945703774690628,0.0566147789359092,0.031756792217493,0.1139134243130683,0.0247109588235616,0.1702497154474258,0.466262936592102,0.2104130089282989,0.2695975303649902,0.0369297973811626,0.0201929006725549,0.1428684294223785,0.0327427834272384,0.233207419514656,0.0843471884727478,0.0553148537874221,0.0453739762306213,0.2766329646110534,0.0465991422533988
0.3552250266075134,0.14155013859272,0.4694669842720032,0.1610661149024963,0.2502568960189819,0.4525775611400604,0.0745634734630584,0.2289165705442428,0.0277075432240962,0.0981253311038017,0.043428186327219,0.2182304263114929,0.3339912295341491,0.1077358871698379,0.5101414322853088,0.0732072964310646,0.0337960720062255,0.1040979474782943,0.0234034620225429,0.0822272449731826,0.0605097487568855,0.1703867465257644,0.190301313996315,0.0569286420941352,0.0325751453638076,0.1359261572360992,0.0247049592435359,0.1710158884525299,0.4663733839988708,0.2105811834335327,0.2706559002399444,0.0370767302811145,0.0203788019716739,0.1409064531326294,0.0392524078488349,0.2346698343753814,0.085143968462944,0.0548951402306556,0.0450899638235569,0.2771164178848266,0.0466240495443344
0.3457004129886627,0.1404984593391418,0.4742422699928283,0.1622411161661148,0.2508667409420013,0.4497182965278625,0.0941746979951858,0.2326304167509079,0.0294435564428567,0.0962881445884704,0.0482213422656059,0.2240711450576782,0.3371360003948211,0.1123484075069427,0.512603223323822,0.0767871439456939,0.0313712432980537,0.1072046607732772,0.0237403102219104,0.0854576751589775,0.0672713369131088,0.1756927073001861,0.1914170682430267,0.0566616877913475,0.031639851629734,0.1278153359889984,0.0198705419898033,0.1845636665821075,0.4787924289703369,0.2117862552404403,0.2815002202987671,0.0382846556603908,0.0201606582850217,0.1395813673734665,0.0338345021009445,0.2217739224433899,0.0836974829435348,0.0572377070784568,0.045469757169485,0.2711713314056396,0.0468743182718753
0.3467553555965423,0.140478640794754,0.4738829135894775,0.1615610420703888,0.2494546622037887,0.4484961032867431,0.0934227406978607,0.2307976633310318,0.0293072201311588,0.0955755040049552,0.0466401055455207,0.2223317474126815,0.334968626499176,0.1116237863898277,0.5083993673324585,0.0769091248512268,0.033199243247509,0.1053537353873252,0.0235690120607614,0.0851930826902389,0.0658357366919517,0.1750658452510833,0.1908458620309829,0.0558457672595977,0.0301638729870319,0.1284501850605011,0.0192752107977867,0.1835434436798095,0.4748397469520569,0.2115911841392517,0.2789199650287628,0.0378314405679702,0.0201798565685749,0.1398679614067077,0.0338917225599288,0.2212831377983093,0.0833076983690261,0.0570143721997737,0.0451616421341896,0.2729518115520477,0.0468964725732803
0.3510147333145141,0.1388347148895263,0.4777660369873047,0.1503409147262573,0.2548393607139587,0.4577571451663971,0.0958262905478477,0.2354236394166946,0.0289141498506069,0.0975074991583824,0.0390670858323574,0.2219582796096801,0.3397913873195648,0.1084124818444252,0.5109209418296814,0.075270876288414,0.0290184803307056,0.100744180381298,0.022374739870429,0.0892770141363143,0.0675272718071937,0.177504763007164,0.2255055606365203,0.0520634539425373,0.0275769978761672,0.122948944568634,0.0219992939382791,0.1787570714950561,0.458487868309021,0.2095240950584411,0.2688371837139129,0.037245538085699,0.0202153623104095,0.1398571729660034,0.0396333709359169,0.2172412872314453,0.0800270810723304,0.0567104294896125,0.0450881943106651,0.2681348919868469,0.0454578958451747
0.3538455665111542,0.1397895067930221,0.4768818616867065,0.151696115732193,0.252162754535675,0.4558022022247314,0.096050351858139,0.2367483079433441,0.02944066375494,0.0966227501630783,0.0394483171403408,0.2210466265678405,0.3352426886558532,0.1096933335065841,0.5050761699676514,0.0786879956722259,0.0295957252383232,0.1005584299564361,0.0225111823529005,0.0867186188697815,0.0655261352658271,0.1784120798110962,0.1983483284711837,0.052420750260353,0.0285164397209882,0.1234211772680282,0.0169241670519113,0.1795424669981002,0.4595695734024048,0.210091158747673,0.2701368927955627,0.0370406024158,0.0201591420918703,0.1397243738174438,0.032467421144247,0.2185645997524261,0.0808903276920318,0.056784376502037,0.0451869964599609,0.2678616344928741,0.0456170365214347
0.3410890996456146,0.1404751241207122,0.4672932624816894,0.1604869663715362,0.2496321946382522,0.4421004056930542,0.0700848400592804,0.2368764579296112,0.0301124043762683,0.0959400683641433,0.0476167798042297,0.2266380190849304,0.3256557583808899,0.1118761673569679,0.4894542396068573,0.0787989795207977,0.0331234149634838,0.1048745810985565,0.0237400848418474,0.085187591612339,0.0692611634731292,0.1736236065626144,0.1898137927055359,0.0548755750060081,0.0319212600588798,0.1281854510307312,0.0187579728662967,0.1736090332269668,0.448316216468811,0.2124013900756836,0.2829045355319977,0.0393213853240013,0.020900797098875,0.1385526955127716,0.0335313826799392,0.2140404433012008,0.0828264504671096,0.0587989836931228,0.0472228676080703,0.2624110579490661,0.0476821213960647
0.3393844664096832,0.1403214782476425,0.4674309194087982,0.1610587984323501,0.2507723569869995,0.4403674602508545,0.0699643418192863,0.2368994057178497,0.0303079523146152,0.0956178456544876,0.0488465130329132,0.2260504812002182,0.3248272240161896,0.1125941723585128,0.4867297410964966,0.0786575749516487,0.0333724841475486,0.1056208163499832,0.0240393560379743,0.0839264765381813,0.0685540065169334,0.1731859445571899,0.2118814289569854,0.0555120818316936,0.0327774882316589,0.1288519501686096,0.0190556347370147,0.1738379150629043,0.4506919085979461,0.2125449180603027,0.2851016521453857,0.0395710691809654,0.0211034249514341,0.1393835544586181,0.0335516147315502,0.2151989638805389,0.0842426046729087,0.0589146167039871,0.0472946837544441,0.2624951899051666,0.0478935241699218
0.3279066979885101,0.1342480629682541,0.4616993069648742,0.1639133393764495,0.250186562538147,0.4496845602989197,0.0927230045199394,0.2402276992797851,0.029826071113348,0.1006176322698593,0.0467352867126464,0.2235710024833679,0.3175572156906128,0.1086491793394088,0.4939262568950653,0.0755404829978942,0.0317166894674301,0.0994468331336975,0.0233967117965221,0.08760766685009,0.0655387341976165,0.1730824112892151,0.2170531451702118,0.0543524548411369,0.0300039052963256,0.1229911744594574,0.0212259441614151,0.1717293560504913,0.4439912736415863,0.2091879844665527,0.2785453200340271,0.039550244808197,0.0212772022932767,0.1448589861392974,0.0330658853054046,0.2131564617156982,0.083149641752243,0.0578274652361869,0.0474548228085041,0.2570508122444153,0.0459024682641029
0.3254539668560028,0.1335992217063903,0.459888607263565,0.1658030152320861,0.2490178048610687,0.4461200833320617,0.092298075556755,0.2403592467308044,0.0302345715463161,0.1006693542003631,0.0490168444812297,0.2232475578784942,0.3171617984771728,0.1107833385467529,0.4875454008579254,0.0760883912444114,0.0326203070580959,0.1013280972838401,0.024017684161663,0.086354836821556,0.0635854601860046,0.1742936372756958,0.2141893059015274,0.0557478889822959,0.0309658832848072,0.1329697966575622,0.0186275597661733,0.172392264008522,0.4482479691505432,0.2097796946763992,0.2816860675811767,0.0397875718772411,0.0212959367781877,0.1439495682716369,0.0331219360232353,0.2143811583518982,0.083746999502182,0.057673443108797,0.0476032085716724,0.2524802088737488,0.0457969531416893
0.3552530705928802,0.1371843367815017,0.4587563276290893,0.1555792242288589,0.2848568558692932,0.4618344604969024,0.0865582674741745,0.2520481050014496,0.0288603752851486,0.1052499711513519,0.0374885573983192,0.2309752702713012,0.3306191563606262,0.1027229726314544,0.5018260478973389,0.0776087269186973,0.0307253636419773,0.1001668572425842,0.0224806275218725,0.1080270335078239,0.0666397362947464,0.180629700422287,0.2300221025943756,0.0485288389027118,0.0278991889208555,0.1145792156457901,0.018775250762701,0.1731350272893905,0.4491418600082397,0.206067219376564,0.2583077549934387,0.040713470429182,0.0226202104240655,0.1404882669448852,0.035587653517723,0.2101984620094299,0.0788671746850013,0.0571040138602256,0.0472467206418514,0.2526772320270538,0.0434525683522224
0.3410411775112152,0.1341860294342041,0.4354074597358703,0.1555278897285461,0.2282153964042663,0.4324312210083008,0.0812878161668777,0.2432136982679367,0.0296089444309473,0.0967816263437271,0.0477419570088386,0.2231759130954742,0.2959215342998504,0.1091454699635505,0.4770249724388122,0.0783686488866806,0.0330607965588569,0.1051471680402755,0.0238285511732101,0.0973344892263412,0.0631734132766723,0.1752354651689529,0.2070682048797607,0.0506389066576957,0.0305697303265333,0.1365920156240463,0.0218249857425689,0.1813353449106216,0.481304794549942,0.2117012739181518,0.2853967547416687,0.0442418046295642,0.0263204872608184,0.1543447077274322,0.0429287925362587,0.2102724909782409,0.0827774554491043,0.0578675344586372,0.0480900108814239,0.2690680623054504,0.0490089058876037
0.3411147892475128,0.1352375447750091,0.4593318700790405,0.1672044992446899,0.2464485466480255,0.4499566853046417,0.0882305726408958,0.241976648569107,0.030808612704277,0.1015346497297287,0.0375358015298843,0.2211832851171493,0.3257730305194855,0.1067887246608734,0.4888817071914673,0.0747054815292358,0.0374998673796653,0.0980966910719871,0.0225154366344213,0.0883842036128044,0.062741607427597,0.1740034371614456,0.2167513370513916,0.0517657026648521,0.028723832219839,0.1304173469543457,0.0165888685733079,0.1695330142974853,0.4390621781349182,0.1994962692260742,0.2717818021774292,0.0393247418105602,0.0218164157122373,0.13730189204216,0.0313122645020484,0.2150342166423797,0.0779490321874618,0.0585646107792854,0.0464920774102211,0.2729386985301971,0.0438896939158439
0.335559070110321,0.1313038468360901,0.4344177842140198,0.1568234413862228,0.2227556705474853,0.4278456568717956,0.0811383873224258,0.2358539998531341,0.0303519051522016,0.0963432192802429,0.0461112670600414,0.217241570353508,0.2843737602233886,0.1088923290371894,0.4585938453674316,0.0783746391534805,0.0324152410030365,0.101582795381546,0.0233122538775205,0.0832086876034736,0.0616525746881961,0.1695630252361297,0.1958967894315719,0.052368126809597,0.0301257409155368,0.1375117599964141,0.0214365422725677,0.1822537630796432,0.4903087019920349,0.2082704603672027,0.2910654246807098,0.0434155538678169,0.0266946777701377,0.1536224633455276,0.0420762486755847,0.214999720454216,0.0829129815101623,0.0590928792953491,0.0478700809180736,0.2889125943183899,0.0502793863415718
0.3566629290580749,0.1274468749761581,0.4517488181591034,0.1606191098690033,0.24325692653656,0.4519636034965515,0.0876082554459571,0.2503289580345154,0.0293512176722288,0.1038717776536941,0.0375959277153015,0.2202971577644348,0.3221741318702698,0.1053380146622657,0.4966121912002563,0.0758500322699546,0.0302067808806896,0.0997286066412925,0.0226178038865327,0.0818442702293396,0.0597756914794445,0.180785983800888,0.1937228143215179,0.051034390926361,0.0306445304304361,0.129426896572113,0.0191183555871248,0.1730422973632812,0.4475412368774414,0.2015185803174972,0.2552738189697265,0.0396859422326087,0.0228661838918924,0.1440203189849853,0.0308928079903125,0.2194316238164901,0.078947439789772,0.0565511658787727,0.0466297753155231,0.2672187387943268,0.0452397689223289
0.3354411125183105,0.1304421871900558,0.4386115670204162,0.1539962738752365,0.2197233587503433,0.4341934621334076,0.0805636569857597,0.2320373803377151,0.0290345549583435,0.0954029411077499,0.0425073355436325,0.2290020883083343,0.2915219664573669,0.1093237102031707,0.4712713956832886,0.0761632025241851,0.0367579907178878,0.1043384969234466,0.0227839723229408,0.1010362356901168,0.0830688998103141,0.1648429185152053,0.1979331076145172,0.0487206950783729,0.029032988473773,0.1394174695014953,0.0211517512798309,0.1795365214347839,0.4873462617397308,0.2127135843038559,0.2923033237457275,0.0426497012376785,0.0271026622503995,0.150774210691452,0.0414676740765571,0.2158095836639404,0.0794535055756568,0.0582698062062263,0.0463028997182846,0.2981440722942352,0.051026739180088
0.3289777338504791,0.1120054721832275,0.445686399936676,0.1514151394367218,0.1741722524166107,0.4383177161216736,0.0653238520026207,0.237751692533493,0.0300607085227966,0.0939251631498336,0.0444081649184227,0.2162901759147644,0.2624198496341705,0.1128295883536338,0.4657266438007355,0.0752774029970169,0.0390428006649017,0.08787102997303,0.0233954451978206,0.0919695645570755,0.0637613162398338,0.1751199215650558,0.1763111352920532,0.0521599315106868,0.0368848033249378,0.1373999714851379,0.0242299623787403,0.1850001513957977,0.4906998872756958,0.2078271210193634,0.281951755285263,0.0414838232100009,0.0276427902281284,0.1659841537475586,0.0382021516561508,0.2347763180732727,0.086278349161148,0.0589738264679908,0.0461250618100166,0.2973842620849609,0.0508602261543273
0.3319910168647766,0.1119806468486785,0.4464227259159088,0.1522524356842041,0.1742462664842605,0.4387401938438415,0.065382033586502,0.2389497607946396,0.0302226562052965,0.0937166363000869,0.043555162847042,0.2158692777156829,0.2633847594261169,0.1130465269088745,0.4666239619255066,0.075142353773117,0.0351633206009864,0.0879676789045333,0.0236301776021718,0.0919848680496215,0.0629560053348541,0.1767551004886627,0.1767297834157943,0.0518904253840446,0.036694124341011,0.1370546370744705,0.024195771664381,0.1842602789402008,0.4885796904563904,0.2073485851287841,0.2807984054088592,0.0413036942481994,0.0276921615004539,0.1642741113901138,0.037988506257534,0.2340027093887329,0.0857812389731407,0.0587081350386142,0.0460406839847564,0.2963097691535949,0.0506284013390541
0.3364194631576538,0.1193357706069946,0.4437239468097687,0.1487860977649688,0.2390940934419632,0.4295854568481445,0.0848213732242584,0.2400386184453964,0.0299040265381336,0.0995306745171547,0.0415411815047264,0.220317393541336,0.3029207587242126,0.1083879694342613,0.4754549264907837,0.0761335641145706,0.0306637827306985,0.0979744791984558,0.0216812156140804,0.0807330012321472,0.0550263598561286,0.1785188913345337,0.2057556509971618,0.0493957325816154,0.0300548188388347,0.1151860058307647,0.0192001964896917,0.1784330904483795,0.4592107534408569,0.2120487093925476,0.2671863436698913,0.0421857126057148,0.024180294945836,0.155706837773323,0.0316377580165863,0.2018791139125824,0.0786841660737991,0.0565765425562858,0.0479751005768775,0.2551590800285339,0.0478995814919471
0.3254706263542175,0.1143038421869278,0.4294694066047668,0.1505284607410431,0.2176409661769867,0.4003296494483948,0.0598407499492168,0.2309266626834869,0.0308683384209871,0.0927732214331626,0.0486025959253311,0.2120042741298675,0.2659469544887543,0.1146405562758445,0.4551811218261719,0.0764670372009277,0.0335202775895595,0.0874494016170501,0.0160555355250835,0.0901726707816124,0.0528736636042594,0.1740035265684127,0.1826914101839065,0.0521460548043251,0.0345546007156372,0.1238239929080009,0.0230117980390787,0.1829307675361633,0.4868184328079223,0.2153932154178619,0.2877843976020813,0.0442888438701629,0.0263496879488229,0.1632558703422546,0.0365099683403968,0.2020015120506286,0.0820244178175926,0.0566285662353038,0.0482087731361389,0.266720712184906,0.0515105240046978
0.327474445104599,0.1140732839703559,0.4298237562179565,0.1505507528781891,0.1789054572582245,0.4103150367736816,0.0594449117779731,0.229568749666214,0.0304913781583309,0.0920507982373237,0.0458294600248336,0.2165330052375793,0.2666326463222503,0.1146632134914398,0.4591813087463379,0.0775120258331298,0.0330501943826675,0.0855736881494522,0.0157268680632114,0.0934069156646728,0.0560274235904216,0.1755953580141067,0.1685753613710403,0.0522411875426769,0.0357532240450382,0.1255001723766327,0.0231345817446708,0.1835104674100875,0.483765184879303,0.2148507833480835,0.2815627753734588,0.0441319532692432,0.026610417291522,0.1711498200893402,0.0407448001205921,0.2051404267549514,0.0834909453988075,0.0578927472233772,0.0484063103795051,0.27460977435112,0.0542560294270515
0.331743448972702,0.1167815774679184,0.4264149367809295,0.150275707244873,0.1771376729011535,0.4084536731243133,0.0585243105888366,0.2285279333591461,0.0304484758526086,0.0927625447511673,0.0461118966341018,0.2157028615474701,0.2660278081893921,0.1136252507567405,0.4602721333503723,0.0774160698056221,0.0333997532725334,0.0841427147388458,0.0156509354710578,0.073464348912239,0.0539231859147548,0.1754251420497894,0.1678508222103119,0.0519348420202732,0.0360090471804142,0.1251127272844314,0.0230002403259277,0.1834621727466583,0.4772520661354065,0.2159274369478225,0.277279645204544,0.0445525050163269,0.0267304424196481,0.1718331575393676,0.040201012045145,0.2071023285388946,0.0846025422215461,0.0571652501821517,0.0482996255159378,0.2723611295223236,0.0541726946830749
0.31387859582901,0.1124447137117385,0.4257308542728424,0.1426717191934585,0.1771343201398849,0.4240055382251739,0.0636099949479103,0.2251975387334823,0.0285112224519252,0.0949210226535797,0.0459523424506187,0.2239340096712112,0.27448570728302,0.1141349822282791,0.4668670296669006,0.086353063583374,0.0379849672317504,0.1037071347236633,0.0159529969096183,0.1055429354310035,0.074860006570816,0.1689285933971405,0.1838748306035995,0.0500673279166221,0.0337531007826328,0.1315115392208099,0.0223466046154499,0.1871308088302612,0.5032158493995667,0.2196884900331497,0.2903794646263122,0.0455435588955879,0.0297056268900632,0.1757468283176422,0.0415769927203655,0.1996435523033142,0.078264832496643,0.0580562353134155,0.0459091775119304,0.307807445526123,0.0566769689321517
0.316336840391159,0.1139826625585556,0.4270582199096679,0.143438309431076,0.1765960156917572,0.4239538311958313,0.0629663616418838,0.2258544266223907,0.0287194065749645,0.0947214066982269,0.0460669323801994,0.2234413474798202,0.2739057540893554,0.114695630967617,0.4642814397811889,0.0862604081630706,0.0382739827036857,0.1029072403907775,0.0160631313920021,0.1052459627389907,0.0739788487553596,0.1707786619663238,0.1850241869688034,0.0504460930824279,0.0342152193188667,0.1325349360704422,0.0224285311996936,0.1872696280479431,0.5057092905044556,0.2202807068824768,0.2933825254440307,0.0455166697502136,0.0295722726732492,0.1755431145429611,0.0413631610572338,0.2005026191473007,0.0788196921348571,0.0581019483506679,0.0461077094078063,0.3095815777778625,0.0566970109939575
0.3221161663532257,0.1061412245035171,0.4300554692745209,0.1369633227586746,0.2200186252593994,0.433504581451416,0.0608289986848831,0.2378530502319336,0.0296706184744834,0.0969268679618835,0.0429559648036956,0.218186542391777,0.2604848444461822,0.1093953028321266,0.4466530382633209,0.0795314908027648,0.0385106615722179,0.0946969240903854,0.0218162089586257,0.0889253988862037,0.0646227747201919,0.1765209585428238,0.1907149851322174,0.0490285158157348,0.0353863649070262,0.1207917928695678,0.020058948546648,0.1848607659339904,0.4941364228725433,0.217218279838562,0.2813776135444641,0.0446004010736942,0.0304589513689279,0.1712649017572403,0.0332347825169563,0.2033538222312927,0.0827879011631012,0.0588704757392406,0.047529075294733,0.2896250188350677,0.054384671151638
0.3204548954963684,0.1058537736535072,0.4305752217769623,0.1374954134225845,0.217534139752388,0.4294206500053406,0.0604728013277053,0.2352073043584823,0.0298694167286157,0.095754437148571,0.0429624170064926,0.2177208065986633,0.2542386353015899,0.1101595535874366,0.4430457353591919,0.0794619768857956,0.0387629866600036,0.0942199900746345,0.0216445848345756,0.0879801362752914,0.0638959035277366,0.1760464310646057,0.188589259982109,0.0489622354507446,0.036228846758604,0.1220483630895614,0.0203781723976135,0.185452327132225,0.4951283037662506,0.2181549072265625,0.2816488742828369,0.0448050610721111,0.0308144371956586,0.1719256192445755,0.0335399582982063,0.2044932246208191,0.0838077813386917,0.0591092109680175,0.0476255044341087,0.2914305329322815,0.0546756088733673
0.3144726157188415,0.1186451762914657,0.4212261736392975,0.1413117051124572,0.1835614591836929,0.4312875866889953,0.0647350326180458,0.2322168052196502,0.0294338166713714,0.0954211205244064,0.0507673621177673,0.2325656414031982,0.2787199020385742,0.1152674034237861,0.4626675546169281,0.0820208042860031,0.0375258438289165,0.095283955335617,0.0237913839519023,0.1000836640596389,0.0762500762939453,0.1717685461044311,0.1918445229530334,0.0520228222012519,0.0354887805879116,0.1439777761697769,0.022206611931324,0.1882716417312622,0.5146458745002747,0.2202860862016677,0.3015061914920807,0.0455721616744995,0.0303806029260158,0.1811241507530212,0.0419854149222373,0.2036830931901931,0.0822553411126136,0.0613328740000724,0.0462488792836666,0.3074915409088135,0.0560878813266754
0.3108896613121032,0.1149178296327591,0.4172088503837585,0.140329048037529,0.1790453940629959,0.4286211133003235,0.0658615604043006,0.2287607192993164,0.0292662866413593,0.0954968109726905,0.0515717193484306,0.2297998368740081,0.2713648080825805,0.1160435602068901,0.4550563097000122,0.0820503681898117,0.0375306420028209,0.0949354469776153,0.0238358359783887,0.0968388170003891,0.0725498124957084,0.170250728726387,0.1886009871959686,0.0525418445467948,0.0377703681588172,0.1449486017227172,0.0229780450463295,0.1901196539402008,0.5150754451751709,0.221857264637947,0.3015338480472564,0.046182844787836,0.0312894321978092,0.1848810315132141,0.0426832102239131,0.2053040266036987,0.0842159911990165,0.0611848793923854,0.04607804864645,0.3120901584625244,0.057546742260456
0.3181999325752258,0.10828697681427,0.4182412028312683,0.1399444341659546,0.2209747731685638,0.4368946552276611,0.0712871700525283,0.242506131529808,0.0292769968509674,0.0974012315273284,0.0508141666650772,0.2147549390792846,0.2621116638183594,0.1137449890375137,0.4557025730609894,0.0788295269012451,0.0398749783635139,0.1035603433847427,0.0232359245419502,0.0859536826610565,0.0594359152019023,0.1773881316184997,0.1957444101572036,0.0537741407752037,0.0388258062303066,0.1405448019504547,0.0231950543820858,0.1919769346714019,0.511085033416748,0.2177931517362594,0.2968964576721191,0.0466988310217857,0.0332373194396495,0.1785266995429992,0.0335346758365631,0.2122487872838974,0.0884697586297988,0.0615001767873764,0.0470828227698802,0.3004279434680938,0.0549032017588615
0.3065822124481201,0.1151322871446609,0.4193674325942993,0.1400711238384246,0.2200196087360382,0.4279482662677765,0.0722729712724685,0.2303601205348968,0.0299859326332807,0.0934867560863494,0.0548043996095657,0.2241061776876449,0.2734182476997375,0.1172803342342376,0.4516851902008056,0.0811411440372467,0.0380707159638404,0.1076223999261856,0.0239816270768642,0.0981232523918151,0.0697171688079834,0.1693270206451416,0.1927743703126907,0.056359127163887,0.0370492935180664,0.1474567502737045,0.0247215293347835,0.1925677806138992,0.5292205214500427,0.2214201092720031,0.3173433542251587,0.046536061912775,0.033208679407835,0.1768536567687988,0.0466113649308681,0.2110077440738678,0.0866932570934295,0.0623028948903083,0.0464737154543399,0.3170171678066253,0.0570289567112922
0.3330281674861908,0.1099210381507873,0.437802642583847,0.1385025680065155,0.1707125008106231,0.4386209845542907,0.0598635785281658,0.2394901812076568,0.0280812941491603,0.095916599035263,0.0442188493907451,0.235239565372467,0.2625361979007721,0.1090988665819168,0.4805554747581482,0.0800466537475586,0.0377155989408493,0.0869599729776382,0.0229837745428085,0.1001671999692916,0.0852018296718597,0.1709875762462616,0.1998979151248932,0.0482079908251762,0.0381964147090911,0.1292851269245147,0.0224880315363407,0.1798594295978546,0.4868782460689544,0.2159372866153717,0.2771133482456207,0.0470596812665462,0.0311279203742742,0.1790824681520462,0.0388747379183769,0.215966522693634,0.084176518023014,0.0600357502698898,0.0472161397337913,0.3035988807678222,0.0540772452950477
0.3331062197685241,0.1099374219775199,0.4362943768501282,0.139057457447052,0.1693511605262756,0.4361982941627502,0.0597931742668151,0.2386856079101562,0.0282205864787101,0.0959617346525192,0.0444228872656822,0.2350459098815918,0.2610534429550171,0.1093920916318893,0.478361040353775,0.0800523161888122,0.0380228012800216,0.0869362205266952,0.0229892507195472,0.0997420400381088,0.0845704078674316,0.1700241565704345,0.1994688510894775,0.0481518022716045,0.0386272296309471,0.1407554000616073,0.0227558985352516,0.1795666813850402,0.4870141148567199,0.2158959954977035,0.2773616015911102,0.0471704080700874,0.0312063042074441,0.1784594804048538,0.0388855263590812,0.2156175076961517,0.0841586887836456,0.0599911622703075,0.0472909808158874,0.3036236763000488,0.0539976730942726
0.3395852148532867,0.1116314679384231,0.4451897740364074,0.1383789032697677,0.1748944371938705,0.4397698044776916,0.0582019425928592,0.2388345003128051,0.0282343104481697,0.0983890816569328,0.0400106310844421,0.2349498271942138,0.2571945190429687,0.1061565205454826,0.4903660118579864,0.0790627151727676,0.0357689037919044,0.0959640890359878,0.0220529921352863,0.1024132519960403,0.0816338658332824,0.1677843630313873,0.1972003728151321,0.0473840683698654,0.037555992603302,0.1255218982696533,0.0228401981294155,0.1786068081855774,0.4813636541366577,0.2143817991018295,0.2733681499958038,0.046476736664772,0.0308915711939334,0.1776795834302902,0.036929465830326,0.2194155156612396,0.0832105278968811,0.0602730847895145,0.0472366511821746,0.3119553923606872,0.052847746759653
0.3414289355278015,0.1100987046957016,0.4503204524517059,0.1460520923137664,0.1713088005781173,0.4421816170215606,0.0646093934774398,0.2362117022275924,0.028626300394535,0.0972578153014183,0.0471831187605857,0.2367832213640213,0.2642704546451568,0.116836130619049,0.489547461271286,0.0801721960306167,0.0377521440386772,0.0916762724518776,0.0240606255829334,0.0987922102212905,0.071654088795185,0.1771271377801895,0.1828742623329162,0.0524704605340957,0.0432131625711917,0.1401821821928024,0.0262216068804264,0.1855159997940063,0.5024927258491516,0.2149837166070938,0.2847195565700531,0.0448167398571968,0.030113810673356,0.1771482974290847,0.0381090566515922,0.224813237786293,0.0830358490347862,0.0615586414933204,0.0463530495762825,0.3213244676589966,0.0504043288528919
0.3121760785579681,0.1009835451841354,0.4451805353164673,0.1452182531356811,0.1724591553211212,0.4303323626518249,0.0681677982211113,0.2193042933940887,0.0272319018840789,0.0942051708698272,0.0533815920352935,0.2295239716768264,0.2618532478809356,0.1203274652361869,0.4869615137577057,0.0806242376565933,0.0368681997060775,0.1025942862033844,0.0249943155795335,0.0958489626646041,0.0723337903618812,0.1726619005203247,0.1683234274387359,0.053941436111927,0.0448046550154686,0.1328792423009872,0.0265709478408098,0.1926032602787017,0.5247726440429688,0.216561883687973,0.2997462153434753,0.0462320670485496,0.0330678895115852,0.1859322190284729,0.0401267558336257,0.2243769168853759,0.0828135758638382,0.0571787133812904,0.0393131114542484,0.3358001112937927,0.0534882098436355
0.3123244941234588,0.1011292189359664,0.4445824027061462,0.1453516185283661,0.1717720776796341,0.4320927858352661,0.0678166598081588,0.2185710966587066,0.0268267784267663,0.0943652912974357,0.0530307963490486,0.2303358614444732,0.263179063796997,0.1198170185089111,0.4890649318695068,0.0807587876915931,0.0368657484650611,0.1028481498360633,0.0249426290392875,0.097349151968956,0.0743728578090667,0.1727426648139953,0.1684127449989318,0.0537570267915725,0.0445943176746368,0.1325533986091613,0.026327634230256,0.1924256533384323,0.5223106145858765,0.216595709323883,0.2983962893486023,0.0460990853607654,0.0325959734618663,0.1853018850088119,0.0401689931750297,0.2239587903022766,0.0820417329668998,0.0568820349872112,0.0392355732619762,0.3353292942047119,0.0535684376955032
0.2979611158370971,0.0873498693108558,0.462593525648117,0.1270240396261215,0.1700162440538406,0.4308345913887024,0.0741211026906967,0.2111773192882537,0.0245382823050022,0.1001923307776451,0.0451586283743381,0.2314188480377197,0.2543109059333801,0.1044724881649017,0.4836203157901764,0.0834304615855217,0.0328376144170761,0.0861022323369979,0.0196700319647789,0.0966328456997871,0.0898088216781616,0.1665166914463043,0.1795962750911712,0.0461877807974815,0.0395214669406414,0.1204189732670784,0.0204382538795471,0.1803318858146667,0.4943766891956329,0.2151910066604614,0.2771271467208862,0.0448655635118484,0.0317264795303344,0.1904799938201904,0.0397603586316108,0.22353395819664,0.0803162753582,0.0540529191493988,0.0391268730163574,0.3212094008922577,0.055177055299282
0.2977677583694458,0.0873010456562042,0.4617420732975006,0.1279757916927337,0.1701984405517578,0.428933173418045,0.0745307654142379,0.2114746272563934,0.0248689651489257,0.0996060073375701,0.0464559271931648,0.230994164943695,0.2548932135105133,0.1052744537591934,0.4836357235908508,0.0832415968179702,0.0333014950156211,0.0867776647210121,0.0199496895074844,0.0957618653774261,0.0886181890964508,0.166622519493103,0.1801359057426452,0.0465816520154476,0.0401027873158454,0.1206690073013305,0.0208020042628049,0.1811035573482513,0.4963569343090057,0.2155620753765106,0.2798610031604767,0.0451453402638435,0.0321260765194892,0.190706580877304,0.0398900434374809,0.2247673869132995,0.0810494720935821,0.0541934333741664,0.0392547994852066,0.3203911185264587,0.0552119463682174
0.3147301077842712,0.0975356101989746,0.4946856498718261,0.1345813125371933,0.1854845583438873,0.4272403120994568,0.0548719093203544,0.2104501128196716,0.0274971965700387,0.0889673382043838,0.0501170232892036,0.2376337051391601,0.264066219329834,0.1175731271505355,0.4956921339035034,0.0749957561492919,0.0359799638390541,0.0912841409444809,0.0216370020061731,0.086653396487236,0.0735703706741333,0.1797131299972534,0.1697027385234832,0.0533853322267532,0.0479780994355678,0.1184493899345398,0.0250071864575147,0.1888519525527954,0.5097043514251709,0.2082288265228271,0.2791251838207245,0.0401321537792682,0.0252105351537466,0.1722992360591888,0.0392146632075309,0.2491204738616943,0.0810561776161193,0.052724115550518,0.0364742428064346,0.32282155752182,0.0488669537007808
0.3154598772525787,0.0977333039045333,0.4933155179023742,0.1348452866077423,0.1843417435884475,0.4270839989185333,0.0538399070501327,0.2107962518930435,0.0275315605103969,0.0890708938241005,0.050671886652708,0.2390941381454467,0.2659910321235657,0.1173637434840202,0.4956226348876953,0.0749779865145683,0.0365066975355148,0.0911300033330917,0.02182880602777,0.0864047408103942,0.0740353614091873,0.1804738044738769,0.1699703782796859,0.0533050075173378,0.0481372438371181,0.1178597956895828,0.0246434733271598,0.1881239712238311,0.5086035132408142,0.2082887589931488,0.2783913910388946,0.0402861014008522,0.0248823333531618,0.1726707220077514,0.0391332060098648,0.2481004297733307,0.0810753554105758,0.0525074377655983,0.0366371870040893,0.319670021533966,0.0487963519990444
0.317108690738678,0.0986928939819336,0.5165001153945923,0.1188820153474807,0.1910396814346313,0.4225806593894958,0.0509193763136863,0.2038241773843765,0.0278615392744541,0.0872752815485,0.0427692010998725,0.2367516905069351,0.2699846923351288,0.111911617219448,0.4934747219085693,0.074856013059616,0.0349603667855262,0.085404559969902,0.0201077498495578,0.0878142341971397,0.0777268558740615,0.1796182096004486,0.1708831787109375,0.0484838858246803,0.0422722771763801,0.1118962615728378,0.0220302492380142,0.1834781467914581,0.4949136972427368,0.2093269824981689,0.2721851766109466,0.0366757996380329,0.0216601528227329,0.1662157028913498,0.0384143516421318,0.2427726835012436,0.0759196653962135,0.047983318567276,0.0348697900772094,0.3097401857376098,0.0465032905340194
0.3261662721633911,0.1032539904117584,0.5142795443534851,0.1411691606044769,0.2571551501750946,0.4792971611022949,0.0755132213234901,0.2265058308839798,0.022807914763689,0.0897834450006485,0.0277012586593627,0.2488824427127838,0.3257332444190979,0.1114269345998764,0.5280917882919312,0.0765284895896911,0.0309587176889181,0.0998452752828598,0.0186036806553602,0.1059811860322952,0.087933249771595,0.1888263970613479,0.1960482746362686,0.0461208447813987,0.0305321924388408,0.1089021116495132,0.0156422443687915,0.1460664719343185,0.409188449382782,0.1832614988088607,0.2184516191482544,0.0342399962246418,0.0202561374753713,0.1429259777069091,0.0374461486935615,0.2364886850118637,0.0684898868203163,0.0467024743556976,0.0328176915645599,0.2959256172180176,0.0447349920868873
0.3175275325775146,0.0955275297164917,0.5290583372116089,0.1333276331424713,0.2004842460155487,0.416127473115921,0.0526070892810821,0.2004975378513336,0.0288076009601354,0.0868643671274185,0.0432731434702873,0.2288571000099182,0.2663823366165161,0.1118478775024414,0.4922251105308532,0.0740896016359329,0.035511665046215,0.0848389491438865,0.0200462471693754,0.0870303213596344,0.0776151269674301,0.1806669533252716,0.1694543063640594,0.0494534783065319,0.0425193831324577,0.1124078631401062,0.0229097642004489,0.1835883259773254,0.4996057450771332,0.2082166671752929,0.2774454951286316,0.0352415144443511,0.0205889139324426,0.1611587405204773,0.0384919308125972,0.2479226440191269,0.0748907178640365,0.0477599129080772,0.0346683114767074,0.3057577013969421,0.0444680005311965
0.3201840817928314,0.0955474525690078,0.5313357710838318,0.1333051472902298,0.2032660245895385,0.4154844880104065,0.0526043698191642,0.2009556889533996,0.0291906055063009,0.0863709896802902,0.04345079138875,0.2281534969806671,0.2654782235622406,0.1123365387320518,0.4912627339363098,0.0735955312848091,0.0355519838631153,0.0845168977975845,0.0200176574289798,0.0873392894864082,0.0766130983829498,0.1813527941703796,0.1687434017658233,0.0498502552509307,0.0425596050918102,0.1120713204145431,0.02289380133152,0.1839736253023147,0.5006219148635864,0.2080113291740417,0.2785122990608215,0.0350363440811634,0.0205291882157325,0.1601832807064056,0.0382497310638427,0.2474077939987182,0.0747865140438079,0.047652568668127,0.0345929078757762,0.3039705157279968,0.0435948222875595
0.2923120856285095,0.0872387290000915,0.520681619644165,0.137824073433876,0.1951171159744262,0.4181442856788635,0.0532460659742355,0.2012480497360229,0.0268296673893928,0.0857593640685081,0.0428678691387176,0.2363717257976532,0.2740532159805298,0.0991332083940506,0.4933022856712341,0.0758249908685684,0.0269835144281387,0.0942586287856102,0.0205299202352762,0.1117834150791168,0.0807854086160659,0.1819272935390472,0.1630580723285675,0.0493890307843685,0.0416093841195106,0.111847385764122,0.0222516674548387,0.1654791533946991,0.4690307974815368,0.197945237159729,0.267746090888977,0.037063468247652,0.0183451734483242,0.1691529750823974,0.0400286801159381,0.2396546304225921,0.0755654722452163,0.0553200021386146,0.0404359400272369,0.3033945560455322,0.0471718199551105
0.2930450141429901,0.0876578986644744,0.5212903022766113,0.136639729142189,0.1953538209199905,0.4195370078086853,0.0530411601066589,0.2016043365001678,0.0267031919211149,0.0858049839735031,0.0425594449043273,0.2365831583738327,0.27551931142807,0.0978889092803001,0.4966178834438324,0.0758859887719154,0.0268712453544139,0.093970812857151,0.0205772072076797,0.1132349297404289,0.08167265355587,0.1821652054786682,0.1646145582199096,0.0493796095252037,0.0412129163742065,0.1121090725064277,0.0218375325202941,0.1654416620731353,0.4679409861564636,0.1982324719429016,0.267621099948883,0.0368409007787704,0.0184800047427415,0.1704259365797042,0.0400078520178794,0.2389943599700927,0.0753915980458259,0.0552207753062248,0.0403923764824867,0.3023461699485779,0.0468674711883068
0.2964122295379638,0.0897288769483566,0.5140154361724854,0.1368119567632675,0.1891230940818786,0.41199791431427,0.0521405413746833,0.2003745436668396,0.0279052890837192,0.081783153116703,0.0457763671875,0.2358671277761459,0.2709071338176727,0.1160859167575836,0.4844235181808471,0.0755889415740966,0.0276975892484188,0.0953331291675567,0.0216632522642612,0.1094494313001632,0.0800309181213378,0.1818902194499969,0.1649906635284423,0.0511534586548805,0.0450648292899131,0.1168607249855995,0.022739827632904,0.1719835996627807,0.4820936620235443,0.2024956345558166,0.2752549052238464,0.0373800508677959,0.0193556752055883,0.1741358339786529,0.0412063933908939,0.236313447356224,0.0769727379083633,0.0563652291893959,0.0410298854112625,0.3070406913757324,0.0478610470890998
0.2983534336090088,0.0904324948787689,0.5128880143165588,0.1354873329401016,0.1879400163888931,0.4126911163330078,0.0522598624229431,0.2003290057182312,0.0276518482714891,0.0824866667389869,0.0449569448828697,0.2358879148960113,0.269828051328659,0.1005706489086151,0.4836944341659546,0.0758093893527984,0.0274303667247295,0.0943857654929161,0.021392535418272,0.0905373319983482,0.0801382064819336,0.1818817853927612,0.1661382913589477,0.0508863478899002,0.0443789288401603,0.1169316470623016,0.0224390998482704,0.1717079579830169,0.4790641069412231,0.2029538750648498,0.2735254764556885,0.0374154672026634,0.0197669733315706,0.1760299205780029,0.0412761010229587,0.2351004630327224,0.076754406094551,0.056388072669506,0.0410890281200408,0.3081862032413482,0.0480731576681137
0.3110223114490509,0.0908650383353233,0.5130451321601868,0.1480515152215957,0.2529615759849548,0.4151813089847564,0.0584011040627956,0.2170621156692505,0.0243532694876194,0.0864399820566177,0.0442603826522827,0.2439513206481933,0.2570881247520447,0.113026276230812,0.4656303524971008,0.0766772925853729,0.0374241359531879,0.0956324785947799,0.0109039116650819,0.0995855927467346,0.0667411983013153,0.1867429465055465,0.1771778762340545,0.056435577571392,0.048310063779354,0.1129835322499275,0.0208631716668605,0.1675012111663818,0.450862169265747,0.1997884213924408,0.2576861977577209,0.0359029695391655,0.0183895919471979,0.1696363240480423,0.0422229245305061,0.2070379108190536,0.0923825055360794,0.0544933192431926,0.0424322970211505,0.2685330510139465,0.0452262982726097
0.3118764758110046,0.0906310304999351,0.513215959072113,0.14752759039402,0.2486124187707901,0.4128304123878479,0.0580475032329559,0.2156150043010711,0.0245819725096225,0.0856106430292129,0.0448613762855529,0.2424065023660659,0.2553586065769195,0.1129132360219955,0.4626916944980621,0.0766889378428459,0.0377821251749992,0.0943096280097961,0.0109457932412624,0.0990735590457916,0.0667109787464141,0.1871793419122696,0.1773218214511871,0.0552729666233062,0.049146369099617,0.1130913645029068,0.0209935810416936,0.1684363931417465,0.4516628682613373,0.2006281018257141,0.2578385472297668,0.0359978340566158,0.0184412375092506,0.1705970913171768,0.0424379259347915,0.2077272981405258,0.0926415026187896,0.0542668588459491,0.0423205457627773,0.2688513994216919,0.0454424768686294
0.3061680793762207,0.0892376452684402,0.504981279373169,0.1505172848701477,0.2427530288696289,0.4089325070381164,0.0586882308125495,0.2108203470706939,0.0246758870780468,0.0848516821861267,0.046000599861145,0.240302488207817,0.2567523717880249,0.1142257452011108,0.4706847965717315,0.0767768919467926,0.0375225357711315,0.1077950298786163,0.0119624966755509,0.0991053134202957,0.061780922114849,0.18375825881958,0.1732119172811508,0.0567205175757408,0.0483427681028842,0.1148648858070373,0.0233101025223732,0.1661011278629303,0.4551566839218139,0.1947446912527084,0.2567557990550995,0.0368615835905075,0.017870157957077,0.1647159308195114,0.041778564453125,0.2417633235454559,0.077153168618679,0.0550774410367012,0.0425734184682369,0.2749195098876953,0.0456964150071144
0.3056565523147583,0.0883315503597259,0.5039039254188538,0.1501672565937042,0.2397976815700531,0.4073466658592224,0.0583110190927982,0.2091307938098907,0.0246942564845085,0.0844975486397743,0.0460092164576053,0.2395851016044616,0.2536315321922302,0.1144641488790512,0.4672445654869079,0.0768823102116584,0.0374471843242645,0.107522502541542,0.0119674783200025,0.099263846874237,0.0614879131317138,0.1829538494348526,0.1720018088817596,0.056686196476221,0.0481314659118652,0.1150611340999603,0.023333117365837,0.1668018996715545,0.4565792679786682,0.1945277005434036,0.2576304078102112,0.0368870086967945,0.017946196720004,0.1653438210487365,0.0417685359716415,0.240813061594963,0.0771829709410667,0.0553692951798439,0.0427148081362247,0.2764697968959808,0.0463236644864082
0.2848681211471557,0.0880986377596855,0.5047614574432373,0.146519660949707,0.2162513136863708,0.3928249478340149,0.0533564761281013,0.1871911585330963,0.0267774015665054,0.0836847499012947,0.0455178841948509,0.2368299216032028,0.2601242959499359,0.1101994663476944,0.4707496762275696,0.0754396170377731,0.0289622507989406,0.0930147096514701,0.0122697129845619,0.0837272256612777,0.0664542764425277,0.1719703376293182,0.1638669967651367,0.0517650172114372,0.0474618375301361,0.1127722933888435,0.0219637881964445,0.1793153584003448,0.469741016626358,0.1997185349464416,0.2583707571029663,0.0376937538385391,0.0190694741904735,0.1636043041944503,0.0407998226583004,0.2478795349597931,0.0780216008424758,0.0549969151616096,0.0435125976800918,0.2878495156764984,0.0471952185034751
0.2855028510093689,0.0869552120566368,0.5028555393218994,0.1462468653917312,0.2100082039833068,0.3890148401260376,0.0526757910847663,0.1850528717041015,0.0272377990186214,0.0825146958231926,0.0454847700893878,0.2358924299478531,0.2555427551269531,0.1109636798501014,0.4658729135990143,0.075204312801361,0.0290497075766325,0.0920633748173713,0.0122933741658926,0.0996515080332756,0.0646775290369987,0.1718866825103759,0.1597684919834137,0.0515086725354194,0.0485680475831031,0.1131601780652999,0.0221092235296964,0.180057555437088,0.4698153138160705,0.2002657055854797,0.2587692141532898,0.0376454107463359,0.0189796797931194,0.164113312959671,0.0410239621996879,0.2460956871509552,0.0784350484609603,0.0549572892487049,0.0432074069976806,0.2895153760910034,0.0478906705975532
0.297807514667511,0.0904983803629875,0.5029995441436768,0.1414745897054672,0.2292211651802063,0.4486605525016784,0.0546984449028968,0.2016288936138153,0.0236745066940784,0.0875119194388389,0.0362394899129867,0.2412627786397934,0.2928487956523895,0.0985755026340484,0.4990067780017853,0.0769930034875869,0.0337508656084537,0.0980769917368888,0.0126731302589178,0.0948570668697357,0.0755434557795524,0.1796266138553619,0.1719259470701217,0.0497149676084518,0.0408945083618164,0.114112913608551,0.0190524458885192,0.1761398613452911,0.4582980275154114,0.1942842006683349,0.2390136569738388,0.0345813184976577,0.0192735511809587,0.1577028036117553,0.0380973666906356,0.2430275976657867,0.0736600905656814,0.0488541238009929,0.0349840521812438,0.3031904101371765,0.0495846718549728
0.2989574074745178,0.0899647921323776,0.5044840574264526,0.1449764221906662,0.2485515773296356,0.4228518605232239,0.0543189272284507,0.2159766554832458,0.0245061665773391,0.0859529599547386,0.036545917391777,0.2438882440328598,0.2857739925384521,0.1105914860963821,0.4945200383663177,0.0788825675845146,0.0346976928412914,0.096586212515831,0.0122398976236581,0.0988754257559776,0.0722371488809585,0.1820145547389984,0.1807401180267334,0.0519046820700168,0.0374127998948097,0.1156146749854087,0.0193761046975851,0.1553824096918106,0.4456513524055481,0.1908480823040008,0.2421565055847168,0.0355982556939125,0.0185278728604316,0.1618126928806305,0.0398394577205181,0.2111036777496338,0.0887557119131088,0.0555052496492862,0.0414676442742347,0.2790764570236206,0.0471395216882228
0.3010877966880798,0.0898897498846054,0.5008763074874878,0.1498103141784668,0.2506065666675567,0.4130277037620544,0.0588995032012462,0.2071705460548401,0.0247305482625961,0.0866374671459198,0.044972188770771,0.2418662011623382,0.2580421566963196,0.1142227426171302,0.4689750373363495,0.0764908045530319,0.0366997607052326,0.1004841849207878,0.0117961205542087,0.0786094069480896,0.0585277378559112,0.1811262369155883,0.1669824868440628,0.0555809065699577,0.0449899621307849,0.1181355267763137,0.0227692928165197,0.1646103858947754,0.4559042453765869,0.1954438835382461,0.2566252946853637,0.0356328152120113,0.0185990650206804,0.1621553897857666,0.0400006398558616,0.2489959597587585,0.0793990343809127,0.0548510216176509,0.0422344245016574,0.2819072008132934,0.0465475507080554
0.3014108538627624,0.0896033495664596,0.5018766522407532,0.1489419192075729,0.2491432428359985,0.4141275882720947,0.0584501177072525,0.2065256386995315,0.0244657471776008,0.0867593139410018,0.044844664633274,0.2430843561887741,0.2571505308151245,0.1142840683460235,0.4691174328327179,0.076467141509056,0.0365345552563667,0.1069785207509994,0.0115724503993988,0.0792427733540535,0.0579666644334793,0.1814018785953521,0.1666974127292633,0.05536650121212,0.0452068746089935,0.1177785992622375,0.0227094870060682,0.1639898866415023,0.4542610347270965,0.196245938539505,0.2560765147209167,0.0359811186790466,0.0184876695275306,0.1631940007209777,0.0404281765222549,0.2486929297447204,0.0798122137784957,0.0549923963844776,0.0420690514147281,0.2842523753643036,0.0472146496176719
0.3015438318252563,0.0913504660129547,0.4963828325271606,0.1539894491434097,0.2399372011423111,0.4096686840057373,0.0581370592117309,0.2037321031093597,0.0235459096729755,0.0841118693351745,0.0469115301966667,0.2376798391342163,0.2436050772666931,0.115784652531147,0.4690249264240265,0.0778910741209983,0.0372235178947448,0.1094839796423912,0.0115137323737144,0.0962601602077484,0.0590171478688716,0.1780285835266113,0.1651514917612075,0.0576201230287551,0.0480955056846141,0.1165279895067215,0.0233558863401412,0.1685614287853241,0.4620300531387329,0.1956309378147125,0.2594576776027679,0.0365592390298843,0.018239963799715,0.1671630144119262,0.0415166579186916,0.2496545612812042,0.0808059722185134,0.0557429566979408,0.0418047904968261,0.2903213500976562,0.0484403222799301
0.3012327849864959,0.0910109281539917,0.496614933013916,0.1540455073118209,0.2378544807434082,0.4089306890964508,0.0580607950687408,0.2030989080667495,0.0235419943928718,0.0838961377739906,0.0469959080219268,0.2371021956205368,0.2431954145431518,0.1156998872756958,0.4682783484458923,0.0780948847532272,0.037274781614542,0.1094219237565994,0.011531289666891,0.0962979346513748,0.0594013184309005,0.1777785122394561,0.1648764312267303,0.0575610995292663,0.0481563620269298,0.1166338622570037,0.0234254077076911,0.1686622053384781,0.4628314971923828,0.1959804594516754,0.2602905035018921,0.0366118066012859,0.018203355371952,0.1673558950424194,0.0415618754923343,0.2501829862594604,0.0808170139789581,0.0557707026600837,0.0417739823460578,0.2899807691574096,0.0484345890581607
0.2995234727859497,0.0922020226716995,0.4965118169784546,0.1626814752817154,0.2351540327072143,0.4154012203216553,0.0574762895703315,0.2052385509014129,0.0241521038115024,0.086804449558258,0.0451811477541923,0.2376696467399597,0.2414281964302063,0.116250954568386,0.4705540537834167,0.0779051333665847,0.0382095798850059,0.1021193414926529,0.0117604127153754,0.0948291346430778,0.0599418394267559,0.1812076568603515,0.1666816473007202,0.0579937696456909,0.0503128319978714,0.1164164766669273,0.0236628446727991,0.1666119694709777,0.4570629596710205,0.1932750940322876,0.2553248107433319,0.0363096669316291,0.0182197019457817,0.1602762341499328,0.0409586653113365,0.2530059516429901,0.0818620175123214,0.0562460049986839,0.0419671796262264,0.291172593832016,0.0476494282484054
0.3001530170440674,0.0918434560298919,0.4981920421123504,0.1624625027179718,0.2344602644443512,0.4145247936248779,0.0568841658532619,0.2048149853944778,0.0241784043610095,0.0862538516521453,0.0453537181019783,0.2381857335567474,0.2422442734241485,0.1158071681857109,0.4721918702125549,0.0779236853122711,0.0385127402842044,0.1016535609960556,0.0118202865123748,0.0949966609477996,0.0599368773400783,0.1814893037080764,0.1663406491279602,0.0580715909600257,0.0500706806778907,0.1159086301922798,0.023524846881628,0.1659273654222488,0.4550883769989013,0.1933280825614929,0.2542425990104675,0.0362334512174129,0.0179589241743087,0.1604499071836471,0.0415136329829692,0.252837598323822,0.0818467512726783,0.0559100657701492,0.0418859124183654,0.2886008620262146,0.047400452196598
0.2966515123844147,0.0872014462947845,0.4898183047771454,0.1367856562137603,0.1741319894790649,0.4020000100135803,0.0605487450957298,0.1979778110980987,0.0296919345855712,0.0853521227836608,0.0582652539014816,0.2281796038150787,0.2466117739677429,0.1245495304465293,0.4751366972923279,0.0766168758273124,0.0302216224372386,0.0912056863307952,0.0229424778372049,0.077997863292694,0.0634729415178299,0.1793316900730133,0.1601223200559616,0.0553651303052902,0.0544432960450649,0.1228814646601677,0.028617663308978,0.1888662427663803,0.5217340588569641,0.2055370360612869,0.2863047122955322,0.0399725437164306,0.0263716578483581,0.1749583184719085,0.0409575700759887,0.2588352560997009,0.0843049138784408,0.0506717413663864,0.0358197055757045,0.323040097951889,0.0491563007235527
0.2984693348407745,0.0870641320943832,0.4868949651718139,0.1362135708332061,0.1740672588348388,0.4035438299179077,0.0606542453169822,0.2004563808441162,0.0295812878757715,0.0857467502355575,0.0586422644555568,0.2283302545547485,0.2443788647651672,0.1249997839331626,0.4736446142196655,0.0769619196653366,0.0303071923553943,0.09186252951622,0.023115649819374,0.0770747140049934,0.0624631270766258,0.1799321323633194,0.1594345420598983,0.0555496998131275,0.0546924211084842,0.1224575638771057,0.028295774012804,0.1888931393623352,0.5211570858955383,0.2052558809518814,0.2856874167919159,0.040683127939701,0.0273735541850328,0.176331490278244,0.040920540690422,0.2582377791404724,0.0845158249139785,0.0513682253658771,0.0361544713377952,0.3207195699214935,0.0491490513086319
0.2959124445915222,0.0878623202443122,0.4909719824790954,0.1366104781627655,0.1744523048400879,0.4044119119644165,0.0577203705906868,0.2014538943767547,0.0289456229656934,0.0858486369252204,0.0578558370471,0.2317436635494232,0.2495839893817901,0.1256675571203231,0.4758801758289337,0.0779249146580696,0.0309854187071323,0.0924176797270774,0.0236536860466003,0.0780151784420013,0.0661669373512268,0.1802233755588531,0.1630405187606811,0.055476538836956,0.0544172786176204,0.1221247911453247,0.0273498836904764,0.1729059219360351,0.496708869934082,0.205875426530838,0.285199373960495,0.0406932607293129,0.0265019871294498,0.1783626675605774,0.0410928949713707,0.2569463849067688,0.0843156278133392,0.0520514324307441,0.0363024994730949,0.3185716867446899,0.0497989729046821
0.2952244579792022,0.0866834819316864,0.4907526075839996,0.1362866163253784,0.172309398651123,0.4012080729007721,0.0572681277990341,0.1989834159612655,0.0293158218264579,0.082813523709774,0.0586718097329139,0.2301994711160659,0.2434480935335159,0.1264932006597519,0.4701298475265503,0.0781041085720062,0.0313062481582164,0.0915388166904449,0.0237768236547708,0.0765777379274368,0.0641983300447464,0.1806255429983139,0.1602700501680374,0.0537317171692848,0.0552690550684928,0.1229297965764999,0.0276107862591743,0.1750683486461639,0.4982067346572876,0.2068410217761993,0.2866151928901672,0.040647730231285,0.0267345122992992,0.1801765859127044,0.0413897633552551,0.2577809691429138,0.0848633125424385,0.0520732700824737,0.0363828502595424,0.3183533251285553,0.0499729439616203
0.3155106008052826,0.0924279689788818,0.4864222109317779,0.1379520297050476,0.1772760301828384,0.4087167382240295,0.0568306073546409,0.2070104628801345,0.0278613492846488,0.0889342352747917,0.0565324947237968,0.2335893511772155,0.2496774345636367,0.1208692640066146,0.4825113415718078,0.0777049288153648,0.0317251980304718,0.0915124118328094,0.0240081120282411,0.080911710858345,0.0682505890727043,0.1817952394485473,0.1664012521505355,0.0535576045513153,0.0531052835285663,0.1200058609247207,0.0260388404130935,0.1865974068641662,0.506368100643158,0.2068380117416381,0.2771227955818176,0.0412117838859558,0.0257457420229911,0.1764238178730011,0.0403085015714168,0.2521131932735443,0.0831538513302803,0.0561274290084838,0.0431053005158901,0.3074461221694946,0.0496768504381179
0.3140109777450561,0.0921404808759689,0.4851111173629761,0.1381914913654327,0.1773145496845245,0.408328652381897,0.0570672862231731,0.2073256075382232,0.0278990417718887,0.0892810225486755,0.0571018159389495,0.2340191304683685,0.2498009800910949,0.1215351596474647,0.4815689921379089,0.0777958184480667,0.0319373905658721,0.0918458998203277,0.0242089238017797,0.080433577299118,0.067887932062149,0.1818163692951202,0.1660941839218139,0.0537576451897621,0.053435780107975,0.1201543062925338,0.0260918624699115,0.1869754046201706,0.5076706409454346,0.2074032872915268,0.2780755162239074,0.0413181483745574,0.0255940649658441,0.1765450835227966,0.040306344628334,0.2520940005779266,0.083283245563507,0.0561071038246154,0.0431849099695682,0.3060111403465271,0.0495396852493286
0.3041637539863586,0.0856948643922805,0.4723981022834778,0.1278021037578582,0.1741091012954712,0.4096243977546692,0.064992256462574,0.2102783918380737,0.0306679382920265,0.0941571295261383,0.0622426904737949,0.2284301817417144,0.2442750632762909,0.1208233684301376,0.4534463286399841,0.0835340917110443,0.0407603420317173,0.0897981822490692,0.0230884030461311,0.0854038894176483,0.0596330165863037,0.1825904995203018,0.1609921157360077,0.0582227334380149,0.0501197203993797,0.1196237951517105,0.0251665823161602,0.1925601363182068,0.5230100154876709,0.2169109135866165,0.2888973355293274,0.0419328622519969,0.0315447002649307,0.1883622705936432,0.0420174971222877,0.2543420195579529,0.0906756669282913,0.0552989915013313,0.0393318384885787,0.302755057811737,0.050662200897932
0.3121931552886963,0.0871596783399581,0.4773444235324859,0.1286550164222717,0.179535686969757,0.4182094633579254,0.0575490966439247,0.2120142728090286,0.0272456668317317,0.0904690995812416,0.0576905906200408,0.2312061786651611,0.2525407671928406,0.1244164407253265,0.4749142527580261,0.075947530567646,0.0395364686846733,0.0907350406050682,0.0244009532034397,0.1010669767856597,0.0688292533159256,0.1849835216999054,0.1638832986354828,0.0548294186592102,0.0521190837025642,0.1200113296508789,0.0251946803182363,0.1899196058511734,0.5184050798416138,0.2094244509935379,0.2852456867694855,0.0428177900612354,0.0282808821648359,0.1848196685314178,0.0414897799491882,0.2412161380052566,0.0847136825323104,0.0537174195051193,0.0372477397322654,0.3094865679740906,0.0495364591479301
0.2976977229118347,0.0794418528676033,0.4567448794841766,0.1361110508441925,0.15424844622612,0.3991346657276153,0.0594769865274429,0.1968821138143539,0.0307646319270133,0.0864781737327575,0.0649568140506744,0.220695286989212,0.2321829050779342,0.1244524270296096,0.4461096525192261,0.0848666653037071,0.0398800298571586,0.0949482023715972,0.0252291150391101,0.0894728451967239,0.0544629618525505,0.1717382818460464,0.1517150849103927,0.0588189139962196,0.0534786619246006,0.1234994679689407,0.0298351757228374,0.1953818500041961,0.5271605253219604,0.214415967464447,0.287556380033493,0.0436420328915119,0.0323785692453384,0.1792859733104705,0.043230652809143,0.243180364370346,0.0889207869768142,0.0572038814425468,0.0397205874323844,0.3118695616722107,0.055307537317276
0.298850804567337,0.0881393104791641,0.455312579870224,0.1403714567422866,0.1626393944025039,0.4073485732078552,0.0701576694846153,0.2031489163637161,0.0306426472961902,0.0847825929522514,0.0680249333381652,0.2250157445669174,0.2337725311517715,0.1323700547218322,0.4563067257404327,0.0774802863597869,0.0398024022579193,0.1015578657388687,0.026227731257677,0.089260883629322,0.0647595673799514,0.1746664345264434,0.1586135029792785,0.0586921423673629,0.054167490452528,0.131689116358757,0.0301956720650196,0.1970010846853256,0.5521141886711121,0.2174057960510254,0.3155357539653778,0.0466909483075141,0.0353453382849693,0.193109855055809,0.0448119640350341,0.2429537326097488,0.0931045860052108,0.0609437376260757,0.0414913669228553,0.3225213289260864,0.0548493154346942
0.2974589467048645,0.0827097296714782,0.4260741472244262,0.1298725008964538,0.1530673503875732,0.4012081623077392,0.06525469571352,0.2041312307119369,0.0277325175702571,0.0894582942128181,0.0698805376887321,0.213980346918106,0.2240898013114929,0.1277147978544235,0.4370342493057251,0.0803567618131637,0.0411446243524551,0.1030705273151397,0.0273092687129974,0.0877230912446975,0.0531101822853088,0.1625301986932754,0.1488696932792663,0.059014044702053,0.0583140812814235,0.1328610032796859,0.0302215591073036,0.2002566456794738,0.5404766798019409,0.2200601994991302,0.3045324683189392,0.0500962994992733,0.0413113012909889,0.203672394156456,0.045170858502388,0.2453949600458145,0.0976203680038452,0.0610380917787551,0.0412168651819229,0.3315430879592895,0.0600440874695777
0.2973254919052124,0.0822033137083053,0.4264260530471802,0.1290485262870788,0.1526429951190948,0.4021553099155426,0.0653722435235977,0.2046352326869964,0.0276087895035743,0.0896052047610282,0.0696051642298698,0.2138189226388931,0.2235663086175918,0.1273522675037384,0.4371246695518493,0.0803475379943847,0.0409733727574348,0.1025716364383697,0.0272621400654315,0.0873354747891426,0.0530174970626831,0.1628277599811554,0.1486939787864685,0.0587729141116142,0.058130070567131,0.1326646208763122,0.0302351843565702,0.199918195605278,0.5390521287918091,0.2197439670562744,0.3038248717784881,0.0498933307826519,0.0411714687943458,0.2034953534603119,0.0448622703552246,0.2456831634044647,0.0972422212362289,0.0607688352465629,0.0411133766174316,0.3313921093940735,0.0600303187966346
0.3119144141674042,0.0875907242298126,0.4244098663330078,0.1316028833389282,0.1556725800037384,0.4170392453670501,0.0678774267435073,0.2053309977054596,0.0265498273074626,0.0865393579006195,0.0619007870554924,0.2071665525436401,0.2237828075885772,0.1255098432302475,0.4433627724647522,0.0785852819681167,0.0345473997294902,0.1042505204677581,0.0255884230136871,0.0859942436218261,0.0551797673106193,0.1623910963535308,0.1521055996417999,0.0579442754387855,0.0572296231985092,0.1396116018295288,0.0305777415633201,0.202245682477951,0.523927628993988,0.2154822349548339,0.2980681657791137,0.0485859736800193,0.0417101867496967,0.1837157905101776,0.0327805206179618,0.2504861950874328,0.0941378772258758,0.0597042925655841,0.040114901959896,0.3520455360412597,0.0634274110198021
0.3150287270545959,0.0915555208921432,0.4137017428874969,0.1468361616134643,0.1621656715869903,0.404022753238678,0.0615943521261215,0.2103879898786544,0.0266356579959392,0.0889224633574485,0.0663757920265197,0.2164667546749115,0.2348157614469528,0.1249927952885627,0.441349446773529,0.0802044942975044,0.0409093648195266,0.0988196581602096,0.0271166805177927,0.0886603444814682,0.0568897798657417,0.1648261845111847,0.1516376137733459,0.0590477213263511,0.0544931180775165,0.1467369645833969,0.027950495481491,0.2003613263368606,0.5311795473098755,0.2208457589149475,0.3023327589035034,0.0513986870646476,0.0385010838508605,0.1861040443181991,0.0355484932661056,0.2297818958759308,0.0913798660039901,0.0617679357528686,0.0422053784132003,0.3236085176467895,0.0602162443101406
0.296095609664917,0.0965538471937179,0.4132611155509949,0.1352816373109817,0.1602096259593963,0.4016208350658417,0.0665458813309669,0.2070454657077789,0.0275482088327407,0.0860514938831329,0.0655007287859916,0.2103111445903778,0.2352211773395538,0.1292736679315567,0.4366095066070556,0.0824230462312698,0.0382105335593223,0.1042239740490913,0.0267827287316322,0.0887849181890487,0.0540055595338344,0.1625217348337173,0.1507362723350525,0.0593531131744384,0.0478544831275939,0.1494912803173065,0.0278473254293203,0.2036748528480529,0.5444645881652832,0.2202991843223571,0.3169984519481659,0.0484392195940017,0.0360054112970829,0.1974040567874908,0.0450194329023361,0.2376404553651809,0.1055049300193786,0.0613787025213241,0.040210835635662,0.3300262093544006,0.0607159063220024
0.3001959919929504,0.0947868525981903,0.4058558046817779,0.1352980285882949,0.1500077843666076,0.4156689643859863,0.0714866816997528,0.2062004208564758,0.0269305035471916,0.0861341208219528,0.0656619518995285,0.2061066925525665,0.2214281260967254,0.1285496950149536,0.4384583830833435,0.0811533704400062,0.0361832156777381,0.1031097173690795,0.0279118046164512,0.0846770107746124,0.0540686249732971,0.1587391495704651,0.1540124416351318,0.0599788278341293,0.056770235300064,0.1522410809993744,0.0320936441421508,0.2038425803184509,0.5323210954666138,0.2162150889635086,0.3091727793216705,0.0496260561048984,0.0398095101118087,0.1986194550991058,0.0434643328189849,0.2493741512298584,0.0958462879061698,0.0621317774057388,0.0408594608306884,0.3460052907466888,0.0632992163300514
0.3105144202709198,0.0873816311359405,0.4331816732883453,0.146537646651268,0.171833336353302,0.4256327152252197,0.0693736001849174,0.2144132554531097,0.026680551469326,0.0925669521093368,0.0595454685389995,0.199433758854866,0.2504845857620239,0.112202301621437,0.4636322855949402,0.087742879986763,0.0338989347219467,0.1046682894229888,0.0239799618721008,0.0807557627558708,0.0339974872767925,0.1677640080451965,0.1582875251770019,0.0613028705120086,0.0416417494416236,0.1220503598451614,0.0260993223637342,0.1945788115262985,0.4960431456565857,0.2066431045532226,0.2903396487236023,0.0433200672268867,0.0315402075648307,0.1822784543037414,0.0393322557210922,0.2503544390201568,0.0898115485906601,0.0584459006786346,0.0393285229802131,0.3030333518981933,0.0575077794492244
0.3082927465438843,0.0866619795560836,0.4341724812984466,0.134657934308052,0.1713953465223312,0.4232721626758575,0.069016233086586,0.211988478899002,0.0268603563308715,0.0923188552260398,0.0597368814051151,0.1983879208564758,0.2487452924251556,0.1118219792842865,0.461510956287384,0.0877366214990615,0.0339318700134754,0.1035830825567245,0.0239008069038391,0.0801998972892761,0.0338355302810668,0.1676290929317474,0.1560940593481063,0.0610339306294918,0.0418122857809066,0.1219919472932815,0.0263140350580215,0.1942798197269439,0.4955801665782928,0.2066193222999572,0.2902115881443023,0.0431588888168334,0.0314083993434906,0.1821587979793548,0.0394328646361827,0.2510127127170563,0.0899064466357231,0.058210015296936,0.039210021495819,0.302205741405487,0.0573897324502468
0.2851694226264953,0.0846195146441459,0.4129482507705688,0.1467133164405822,0.1599296182394027,0.4010834395885467,0.0688340961933136,0.2058905512094497,0.0277807861566543,0.0869354158639907,0.0635542571544647,0.1996573209762573,0.2365244477987289,0.1208263337612152,0.440696507692337,0.0871793627738952,0.0279272552579641,0.0974560603499412,0.0256328210234642,0.0800176858901977,0.0403444990515708,0.1657848060131073,0.1475718170404434,0.0598993748426437,0.0465183481574058,0.1279102563858032,0.0276556555181741,0.19844451546669,0.5236839056015015,0.2085203677415847,0.3013514280319214,0.0473103076219558,0.0353388972580432,0.1924921870231628,0.0430274680256843,0.2373171150684356,0.0897609069943428,0.0590937435626983,0.0387616977095603,0.3125680088996887,0.0576525367796421
0.3169392943382263,0.0948914736509323,0.4295534491539001,0.1403296589851379,0.1750468015670776,0.4216015934944153,0.0689993351697921,0.2176360189914703,0.027771096676588,0.09310282766819,0.0563528314232826,0.1968800723552703,0.2626027464866638,0.1138444542884826,0.4761412143707275,0.0857852026820182,0.0344563014805316,0.0926554501056671,0.0238792225718498,0.0779041424393653,0.0333557613193988,0.1768663078546524,0.1612337529659271,0.0611293315887451,0.0386793538928031,0.1224437281489372,0.0248675011098384,0.1923072189092636,0.4892653822898865,0.2073740661144256,0.2821228504180908,0.0435819774866104,0.0303173437714576,0.1800809204578399,0.0400064662098884,0.2445919811725616,0.0881414860486984,0.0581051558256149,0.0442401655018329,0.2909459173679352,0.0530151240527629
0.3096865117549896,0.0999867171049118,0.4405231475830078,0.1443777978420257,0.2388723343610763,0.4290049076080322,0.0743970498442649,0.2288985550403595,0.0258069094270467,0.0961210429668426,0.058667030185461,0.2026073187589645,0.2783225774765014,0.1153585016727447,0.4975122213363647,0.0840920507907867,0.0387316979467868,0.1018354147672653,0.0232633221894502,0.0874952748417854,0.0390138626098632,0.176056906580925,0.1739211082458496,0.0619285702705383,0.033204436302185,0.121271438896656,0.0228598434478044,0.1901564002037048,0.4957876205444336,0.2057089954614639,0.2858877778053283,0.0421322248876094,0.0258069299161434,0.1690643727779388,0.0353102162480354,0.2320244312286377,0.0834581106901168,0.0559833869338035,0.0391410700976848,0.2771703600883484,0.0492957532405853
0.310819923877716,0.1008327901363372,0.443149209022522,0.1452069133520126,0.2379660308361053,0.4301727414131164,0.0750200003385543,0.2281693220138549,0.0259229205548763,0.0955779626965522,0.0588954053819179,0.2036977708339691,0.2836154997348785,0.1156162321567535,0.5032528638839722,0.0837768614292144,0.0391624830663204,0.1019979566335678,0.0232815034687519,0.0860355943441391,0.0406265817582607,0.1764536201953888,0.1756930649280548,0.0619338676333427,0.0331682413816452,0.122825801372528,0.0232810620218515,0.1893375962972641,0.4933734536170959,0.2060920298099517,0.2836876511573791,0.0422263853251934,0.0257952809333801,0.1693366765975952,0.0356603637337684,0.2336298525333404,0.0841399878263473,0.0557968690991401,0.0394685305655002,0.2767546474933624,0.0495090782642364
0.3355198204517364,0.1106030941009521,0.4496118128299713,0.1562363505363464,0.2671695351600647,0.4577128291130066,0.0801655203104019,0.2317361384630203,0.0270949527621269,0.0967156514525413,0.0513088926672935,0.1944957375526428,0.2933644652366638,0.1149584800004959,0.5164623856544495,0.0817213058471679,0.0335568040609359,0.1009118556976318,0.0250572673976421,0.0719594359397888,0.0438594110310077,0.1762650907039642,0.188880443572998,0.0658787935972213,0.035292100161314,0.1364562064409256,0.0266280900686979,0.1904681473970413,0.4838213920593261,0.1971471011638641,0.2847045660018921,0.0406432971358299,0.0240303911268711,0.150024801492691,0.035877913236618,0.2478490024805069,0.0860096961259841,0.0580173060297966,0.0443528927862644,0.292658269405365,0.0464426539838314
0.3353655934333801,0.1114221066236496,0.451278954744339,0.1579628735780716,0.2688468098640442,0.4580088257789612,0.0793616846203804,0.2305429726839065,0.0268996283411979,0.0966642796993255,0.0518448241055011,0.1952841281890869,0.298708975315094,0.1142535284161567,0.521578848361969,0.081444963812828,0.0336467660963535,0.1011519581079483,0.0253942012786865,0.0720517337322235,0.0441970080137252,0.1758315563201904,0.1886655986309051,0.06644868850708,0.0347962863743305,0.1365968585014343,0.0264618396759033,0.1899821907281875,0.4820291399955749,0.1972841024398803,0.2833811044692993,0.0400208234786987,0.0231835860759019,0.1480647623538971,0.0359345525503158,0.2498049288988113,0.085772305727005,0.0572757981717586,0.0439461581408977,0.2895486652851105,0.0457797721028327
0.330842912197113,0.1098881438374519,0.4463820457458496,0.1601147055625915,0.2621726989746094,0.440739631652832,0.0747125744819641,0.2247349172830581,0.0274854935705661,0.0961176753044128,0.0570288822054863,0.1954716444015503,0.2817532122135162,0.1182921826839447,0.5010911226272583,0.0823887661099433,0.0348668843507766,0.1026929765939712,0.0254269354045391,0.0849281251430511,0.0409657768905162,0.17526675760746,0.1790362298488617,0.0671264976263046,0.0353808850049972,0.1370234042406082,0.024125138297677,0.191732257604599,0.4917577505111694,0.1992277950048446,0.2897661626338959,0.0406101867556571,0.0238821096718311,0.1486721038818359,0.0373592376708984,0.2454364448785781,0.086208164691925,0.0574588254094123,0.0444277003407478,0.2837688326835632,0.0457234531641006
0.3324025869369507,0.1121247634291648,0.4461789131164551,0.160888522863388,0.2620892822742462,0.4407063126564026,0.0740531533956527,0.2249814122915268,0.0274895410984754,0.0961799621582031,0.0572667568922042,0.1971615105867386,0.2836111783981323,0.118179865181446,0.5039406418800354,0.0825180262327194,0.0348811522126197,0.1030594557523727,0.0255418643355369,0.0851518660783767,0.0417855083942413,0.174942672252655,0.1794776618480682,0.0673547014594078,0.0352313667535781,0.1372890770435333,0.0242681056261062,0.1914620548486709,0.4898597002029419,0.1997727751731872,0.2883586287498474,0.0406364873051643,0.0237171165645122,0.1482023894786834,0.0374464988708496,0.2465472966432571,0.0867365077137947,0.0575562603771686,0.0445542708039283,0.2816547751426697,0.0456683784723281
0.329991340637207,0.10898919403553,0.4473184049129486,0.1484425514936447,0.2321031242609024,0.4306313991546631,0.0692469403147697,0.2163772881031036,0.0272508673369884,0.0973514318466186,0.0503575950860977,0.1957076638936996,0.2789791822433471,0.1117990240454673,0.504909098148346,0.0837096273899078,0.0333016403019428,0.1036349087953567,0.0241388753056526,0.0877759754657745,0.0410865321755409,0.1731880009174347,0.1741023659706115,0.0604755915701389,0.0315109640359878,0.1205081045627594,0.0221145041286945,0.1875039935111999,0.4782901406288147,0.2027564048767089,0.2802522778511047,0.0416463240981102,0.0250570904463529,0.1667060554027557,0.0335400402545928,0.2409067153930664,0.0831197351217269,0.0558809414505958,0.0440509617328643,0.2869268655776977,0.0479588285088539
0.3318902552127838,0.107653334736824,0.4492930769920349,0.1493861079216003,0.2308133095502853,0.4315551519393921,0.0706304833292961,0.2184780538082122,0.0272812359035015,0.096836544573307,0.0503940060734748,0.1951332837343216,0.2828618288040161,0.1127327010035514,0.5090931057929993,0.0838380455970764,0.0334821753203868,0.0967518612742424,0.0243536457419395,0.0872283279895782,0.0403608791530132,0.1761506199836731,0.1760688126087188,0.061476781964302,0.0323258154094219,0.1210130006074905,0.0224876292049884,0.1878632009029388,0.477417916059494,0.2025580704212188,0.2799165844917297,0.0414736233651638,0.0248361751437187,0.1669778078794479,0.0336704142391681,0.2421178817749023,0.0836324691772461,0.0560877099633216,0.0439303368330001,0.2862058281898498,0.0479247607290744
0.3053503036499023,0.0873084738850593,0.4237855672836303,0.1365981101989746,0.1845238655805587,0.4114168286323547,0.0611266903579235,0.2088098227977752,0.0226368159055709,0.0884943604469299,0.0502643547952175,0.2071084827184677,0.2430537045001983,0.1157242506742477,0.4601430296897888,0.0825143307447433,0.0359152741730213,0.0982529819011688,0.0174326412379741,0.0987047776579856,0.0729699805378913,0.1657375693321228,0.1713776141405105,0.051513485610485,0.0369482599198818,0.1322394013404846,0.0220627672970294,0.1902773380279541,0.5077676773071289,0.2096054852008819,0.2937140464782715,0.0492298565804958,0.0339644439518451,0.1891147494316101,0.0430188328027725,0.2012401223182678,0.0779404267668724,0.0571429021656513,0.0393193401396274,0.3281487822532654,0.0616313964128494
0.2916677892208099,0.0785993337631225,0.4233578741550445,0.1375954747200012,0.16091850399971,0.4111708998680115,0.0640889406204223,0.2161652892827987,0.0244517158716917,0.0894447714090347,0.056802213191986,0.2037512809038162,0.2434805482625961,0.1180055513978004,0.4536719024181366,0.0894142910838127,0.0400012508034706,0.0967755764722824,0.0258179549127817,0.0862405076622963,0.0481311194598674,0.1752955317497253,0.1714459061622619,0.0565217360854148,0.0451979748904705,0.1285898089408874,0.0248407498002052,0.195189967751503,0.5106643438339233,0.2089896202087402,0.2927342355251312,0.0486089661717414,0.0350270867347717,0.1966317892074585,0.0434482917189598,0.2217853367328643,0.0864350497722625,0.0585230663418769,0.0394659414887428,0.3097617030143738,0.0593161061406135
0.2960599362850189,0.0759673863649368,0.4396555423736572,0.1263774037361145,0.2148722559213638,0.4262441396713257,0.0639075636863708,0.2316795885562896,0.0240452643483877,0.0945466011762619,0.0493287295103073,0.2031450569629669,0.2421848475933075,0.1120812967419624,0.4580775499343872,0.0876634865999221,0.0368373654782772,0.0905171781778335,0.023301675915718,0.0915988981723785,0.0496237054467201,0.1819455623626709,0.1759799718856811,0.0517394207417964,0.0394845716655254,0.1157834306359291,0.0216362550854682,0.1864312887191772,0.4988199472427368,0.2061323374509811,0.2801544964313507,0.0462026707828044,0.0341975688934326,0.1929676234722137,0.0360025763511657,0.2187566459178924,0.0834390074014663,0.055306751281023,0.0379560180008411,0.302281767129898,0.0566564798355102
0.296712577342987,0.0758479759097099,0.4406100213527679,0.1271649897098541,0.2140420377254486,0.4229923188686371,0.064081884920597,0.2298403531312942,0.0242697596549987,0.0937770754098892,0.0502769276499748,0.2015457451343536,0.2384570837020874,0.1125727742910385,0.4549051821231842,0.0813185945153236,0.0371076017618179,0.0899390205740928,0.0234496816992759,0.0901182666420936,0.0476394928991794,0.1823706775903701,0.1733544021844864,0.0523252114653587,0.0408788621425628,0.1169550567865371,0.0223438888788223,0.1880837678909301,0.5012848377227783,0.2071447670459747,0.2813669145107269,0.0461509600281715,0.0342668816447258,0.1927196383476257,0.0360956974327564,0.2207138836383819,0.0846369490027427,0.0553867146372795,0.0378526151180267,0.3043806850910187,0.0569429025053978
0.3241689205169678,0.0898057147860527,0.4631138443946838,0.116133376955986,0.2376184463500976,0.4403256177902221,0.0840318202972412,0.238017737865448,0.0236865393817424,0.1031223386526107,0.0375253520905971,0.2045863568782806,0.2799641489982605,0.1052882149815559,0.4969567358493805,0.0794673264026641,0.0341436825692653,0.0967488512396812,0.0201877187937498,0.098735824227333,0.0517403185367584,0.1786436438560485,0.19886215031147,0.0476288124918937,0.0295940190553665,0.107547640800476,0.0201426725834608,0.1793280094861984,0.459143579006195,0.2023986726999282,0.2570134103298187,0.0413044169545173,0.0249090883880853,0.1653516590595245,0.0328822508454322,0.2157240062952041,0.0771456658840179,0.0525597035884857,0.0367248281836509,0.2877272367477417,0.0503550246357917
0.327161580324173,0.0885864496231079,0.4633291959762573,0.1160681918263435,0.2375037223100662,0.4426016807556152,0.0847124308347702,0.2396058142185211,0.0233727656304836,0.1039323955774307,0.0362874120473861,0.2051215171813964,0.2820400297641754,0.1045389473438263,0.4999885559082031,0.0790005773305893,0.0336708426475524,0.0849052295088768,0.0202149115502834,0.0989931970834732,0.0520726069808006,0.1788004040718078,0.2001905590295791,0.0471330098807811,0.0298497900366783,0.1069934964179992,0.0201825611293315,0.1795543730258941,0.4548112154006958,0.2024159431457519,0.2528657913208008,0.0412158817052841,0.0246835816651582,0.1658724546432495,0.0325464457273483,0.2145113497972488,0.0769770964980125,0.0521890334784984,0.0363474264740943,0.2899879813194275,0.0510698221623897
0.3283901214599609,0.0927204191684722,0.4696714878082275,0.1369503289461136,0.2447060197591781,0.452306181192398,0.0880399346351623,0.2452335655689239,0.0231935605406761,0.1055551618337631,0.0351216420531272,0.2085259705781936,0.3006840050220489,0.1022145748138427,0.5143829584121704,0.0780992582440376,0.0330447256565094,0.0978555530309677,0.0203127395361661,0.097116082906723,0.0579156912863254,0.1790323406457901,0.2096460461616516,0.0467797815799713,0.0282240565866231,0.1070515513420105,0.0194624811410903,0.1755483746528625,0.4485628008842468,0.2006524801254272,0.254136174917221,0.0393419712781906,0.023088289424777,0.1607187688350677,0.0321266502141952,0.2139587998390197,0.075526975095272,0.0506040267646312,0.0361086949706077,0.2815298438072204,0.0490660816431045
0.3288269340991974,0.0933324545621872,0.4700530767440796,0.1168693155050277,0.2451474815607071,0.4519155621528625,0.0868276357650756,0.2450504004955291,0.0265899654477834,0.1050116270780563,0.0356428399682045,0.2082804143428802,0.3002540469169616,0.101935863494873,0.51529860496521,0.0781154185533523,0.0334602072834968,0.0863566696643829,0.0203917063772678,0.0973401218652725,0.0576332062482833,0.1790999621152877,0.2091073095798492,0.0467335246503353,0.0280833058059215,0.1066475883126258,0.0195584893226623,0.1747307032346725,0.4476917386054992,0.200633019208908,0.2549279630184173,0.0392934568226337,0.0228293072432279,0.1601839661598205,0.0322047993540763,0.2147608399391174,0.0756518393754959,0.0540205650031566,0.0436562895774841,0.2775207459926605,0.0484778881072998
0.2954705357551574,0.0815704241394996,0.4319756329059601,0.1291614919900894,0.1959155350923538,0.4104219079017639,0.0632488429546356,0.2104375064373016,0.0226839631795883,0.0896169021725654,0.0493253320455551,0.2080447077751159,0.2522245049476623,0.1129068806767463,0.4735727906227112,0.0871396213769912,0.0338295735418796,0.0967994704842567,0.0231027491390705,0.1041288822889328,0.0756873190402984,0.1676994711160659,0.171427309513092,0.0543091222643852,0.0364068076014518,0.1299957931041717,0.0209138840436935,0.1892395913600921,0.5090714693069458,0.2152135670185089,0.2996436357498169,0.0495359413325786,0.0335865952074527,0.1910616308450698,0.042137786746025,0.2051544785499572,0.0791253969073295,0.0565963611006736,0.0388697609305381,0.3274211883544922,0.0607997216284275
0.2969275414943695,0.083666443824768,0.432455837726593,0.1297434419393539,0.1995159387588501,0.410844475030899,0.0630463063716888,0.2095419317483902,0.0226556230336427,0.0905838459730148,0.047796607017517,0.2083989679813385,0.2560852766036987,0.1115116626024246,0.4746866226196289,0.0872618854045867,0.0332372412085533,0.0964834541082382,0.0229788199067115,0.1064475923776626,0.0777512937784195,0.165966510772705,0.1738041937351226,0.05328319221735,0.0348012968897819,0.1304146349430084,0.0205433964729309,0.1878019273281097,0.5068016052246094,0.2148464620113372,0.2990863621234894,0.0490271039307117,0.032996580004692,0.1898122131824493,0.0422278195619583,0.2011588215827942,0.0774651020765304,0.0561309717595577,0.0390753969550132,0.3266782760620117,0.0606171712279319
0.2941235899925232,0.0836277604103088,0.438013345003128,0.132234126329422,0.25493323802948,0.4178501069545746,0.0629868358373642,0.2192664146423339,0.0244626980274915,0.0934403240680694,0.0525458417832851,0.2094958871603012,0.2499281466007232,0.1114490702748298,0.4765448570251465,0.0884259194135665,0.0375081971287727,0.0927848666906356,0.0231081414967775,0.1004850566387176,0.0630752369761467,0.1741407811641693,0.176585853099823,0.0509659126400947,0.0369301475584507,0.1232020407915115,0.0220364034175872,0.1880604177713394,0.5085922479629517,0.2121197283267974,0.2992794513702392,0.0478711128234863,0.0330549329519271,0.1782049685716629,0.0420204177498817,0.2098536491394043,0.0829495191574096,0.057120956480503,0.0394193790853023,0.2929379343986511,0.0557844564318656
0.2923673689365387,0.0821529328823089,0.4371566474437713,0.1314216554164886,0.2566705346107483,0.4195246696472168,0.0625833049416542,0.2200857847929,0.0243563838303089,0.0949011743068695,0.0523710325360298,0.2098996341228485,0.2534452378749847,0.1107105314731597,0.4721412658691406,0.0885509327054023,0.0373810343444347,0.0921149104833602,0.0228183418512344,0.09983741492033,0.0624097548425197,0.1746104210615158,0.1760148853063583,0.0506393425166606,0.0363947451114654,0.1214721798896789,0.021785045042634,0.1867253333330154,0.5041406154632568,0.2106468677520752,0.2945660650730133,0.0472996905446052,0.0319411717355251,0.1768908500671386,0.04172083735466,0.2092580497264862,0.082069419324398,0.0563044808804988,0.0390748865902423,0.2901422083377838,0.0558154582977294
0.2980358600616455,0.0867653489112854,0.4278357326984405,0.1386325359344482,0.2064637541770935,0.4058112502098083,0.0634281858801841,0.2195591181516647,0.0252438783645629,0.0935414060950279,0.0612964369356632,0.2242118418216705,0.2456932663917541,0.1231400072574615,0.455507755279541,0.0841034576296806,0.0395830422639846,0.0976292341947555,0.0267373472452163,0.0960378721356391,0.0689766854047775,0.1709337830543518,0.1756359934806823,0.0556916445493698,0.0532627068459987,0.13131083548069,0.026073545217514,0.1960033327341079,0.5282045006752014,0.222473457455635,0.3032024800777435,0.0507653579115867,0.0362720675766468,0.1865341663360595,0.0484387092292308,0.2148259282112121,0.0885067880153656,0.060443677008152,0.0412480533123016,0.315506100654602,0.0588610917329788
0.2911767363548279,0.0956561118364334,0.4309216737747192,0.1373358070850372,0.2126142084598541,0.4122616648674011,0.0699250996112823,0.2251914292573928,0.0263059455901384,0.0956611931324005,0.0626106634736061,0.2201130390167236,0.2493646144866943,0.1279237568378448,0.4604226350784302,0.083223283290863,0.0387309789657592,0.1047046184539794,0.0270788855850696,0.1022080406546592,0.0721605941653251,0.1737984269857406,0.1770286858081817,0.0571491867303848,0.051727570593357,0.1322425603866577,0.0273956917226314,0.1978383809328079,0.5468569397926331,0.2199569195508957,0.3520877957344055,0.0495642945170402,0.0354843474924564,0.1851036250591278,0.0449979379773139,0.2106431871652603,0.085560068488121,0.0607876814901828,0.0410286076366901,0.3251785635948181,0.0566660091280937
0.2890088260173797,0.0894239023327827,0.4252755641937256,0.1329348981380462,0.2249497175216674,0.4021488428115845,0.064617246389389,0.2176439613103866,0.0243029221892356,0.0942644849419593,0.0589638538658618,0.2243793606758117,0.256726324558258,0.1180181801319122,0.4628529846668243,0.0844829082489013,0.0387054830789566,0.0987980514764785,0.0253458302468061,0.1024602577090263,0.0756964087486267,0.1708880215883255,0.1749690324068069,0.0592712759971618,0.0487729981541633,0.1317513287067413,0.0239167064428329,0.195572167634964,0.5235327482223511,0.2266488671302795,0.3042781949043274,0.0503423474729061,0.0345379821956157,0.1897529661655426,0.0484273135662078,0.2114996612071991,0.0882224440574646,0.0581967309117317,0.0409011617302894,0.3104395866394043,0.0591227225959301
0.2947720885276794,0.0913097336888313,0.423277348279953,0.1337967216968536,0.2237743139266967,0.4051418900489807,0.0640636086463928,0.2214893102645874,0.0244690142571926,0.0948930978775024,0.0607285648584365,0.2258163392543792,0.2581141591072082,0.1191701591014862,0.4594862759113312,0.0846415013074874,0.0395548939704895,0.0999035164713859,0.0261404253542423,0.1010012179613113,0.074288323521614,0.1728415489196777,0.1780868768692016,0.0599596463143825,0.0498994402587413,0.1318723261356353,0.024253549054265,0.1962411999702453,0.5247539281845093,0.2280417382717132,0.3068508505821228,0.0510001927614212,0.0349928550422191,0.1930173635482788,0.0457092002034187,0.2107895761728286,0.0891902521252632,0.0592974796891212,0.0415657050907611,0.3087136745452881,0.0592186674475669
0.2909117937088012,0.0820934772491455,0.4336842000484466,0.1319088041782379,0.220513179898262,0.4001985490322113,0.0652358531951904,0.2128233313560485,0.0255386158823966,0.0929329320788383,0.0651092082262039,0.2238963842391967,0.254686951637268,0.1218150630593299,0.4501751661300659,0.0844636410474777,0.0380821488797664,0.1018716618418693,0.0266315750777721,0.0971281975507736,0.07302226126194,0.1714617609977722,0.1698790192604065,0.0618127211928367,0.052462987601757,0.1315583884716034,0.0250060781836509,0.1962647587060928,0.5312332510948181,0.2265131622552871,0.3141947984695434,0.049151211977005,0.0326589159667491,0.1943894773721695,0.0452373549342155,0.2132026851177215,0.0894930362701416,0.0596330948173999,0.0415819697082042,0.3123306334018707,0.0614005029201507
0.2927249372005462,0.0849279016256332,0.4328005015850067,0.1335658580064773,0.2246051430702209,0.4012428522109985,0.0648478865623474,0.2153491079807281,0.0259491689503192,0.0932923257350921,0.0645268857479095,0.2255271822214126,0.2608483731746673,0.1219012513756752,0.452992707490921,0.0842207074165344,0.0384659543633461,0.1026667803525924,0.0262891519814729,0.0979717671871185,0.0746222734451294,0.1725603342056274,0.1735396683216095,0.0586252510547637,0.0511972606182098,0.1313908547163009,0.0246596932411193,0.1950744986534118,0.5302833318710327,0.2258654832839965,0.3135740160942077,0.0490226596593856,0.032359056174755,0.1921811252832412,0.0453129671514034,0.21206134557724,0.0886030495166778,0.0593041107058525,0.0415466018021106,0.3088709115982055,0.0607811920344829
0.2843980193138122,0.0849829614162445,0.4286086559295654,0.1320227980613708,0.2221502065658569,0.3980670571327209,0.0659347102046012,0.2114144563674926,0.0265568401664495,0.0934304520487785,0.0638055726885795,0.2229195833206176,0.2537128329277038,0.1212125718593597,0.447900652885437,0.0836733877658844,0.0378386005759239,0.0972345322370529,0.0255082864314317,0.0974431112408638,0.075977474451065,0.168774127960205,0.1672736406326294,0.0600973516702652,0.04974877089262,0.1322600692510604,0.0239440277218818,0.1935997903347015,0.5343188643455505,0.2243527770042419,0.313110202550888,0.049895878881216,0.033816210925579,0.1906190365552902,0.0489931963384151,0.2094611525535583,0.0868700891733169,0.0587863475084304,0.0415128692984581,0.312234878540039,0.0607762709259986
0.2832506000995636,0.0834121108055114,0.4289631843566894,0.1326354146003723,0.2220508903264999,0.3971732258796692,0.0662070363759994,0.2114327549934387,0.0270977392792701,0.0930711403489112,0.0636007040739059,0.2224827855825424,0.2534035146236419,0.1218031197786331,0.4470624625682831,0.0836009085178375,0.037939041852951,0.1093210577964782,0.0256206430494785,0.0963089540600776,0.0749556496739387,0.1696873307228088,0.1652461290359497,0.059888906776905,0.0502333790063858,0.1320495307445526,0.0244833417236804,0.1935746073722839,0.5348610281944275,0.2236924171447754,0.3123214542865753,0.0497072339057922,0.0336478687822818,0.189225435256958,0.0491418577730655,0.2099079489707946,0.086740605533123,0.0587635487318038,0.0414258390665054,0.3130574226379394,0.0611294247210025
0.2829504609107971,0.087503045797348,0.4170707464218139,0.1314418315887451,0.2140294164419174,0.4000299572944641,0.0654225423932075,0.2123491913080215,0.0274007320404052,0.0915058553218841,0.0646588802337646,0.218410462141037,0.254673421382904,0.122112900018692,0.4432964324951172,0.0898501574993133,0.0388203039765358,0.0964286103844642,0.0256971605122089,0.0982406735420227,0.0730246901512146,0.1692611575126648,0.1680530458688736,0.0600694566965103,0.0490280278027057,0.1344643831253051,0.0238033048808574,0.1962877959012985,0.5397396087646484,0.2264367938041687,0.3182672560214996,0.0515375137329101,0.036568809300661,0.1956827342510223,0.0497089251875877,0.2075267136096954,0.0868305563926696,0.059743445366621,0.0417901948094368,0.3170498013496399,0.0605660453438758
0.282925009727478,0.088264063000679,0.4189781546592712,0.1320087909698486,0.2122097611427307,0.3996524810791015,0.0650378167629242,0.2113979458808899,0.0277529433369636,0.0908848643302917,0.0639555156230926,0.2181283831596374,0.2530138790607452,0.1220705062150955,0.4431060552597046,0.0839405357837677,0.0386199653148651,0.0958101749420166,0.0252845585346221,0.0969977900385856,0.0712951272726059,0.1690692156553268,0.1676132678985595,0.0598633475601673,0.0490568727254867,0.1344477385282516,0.0238667167723178,0.1962122619152069,0.5389673709869385,0.2258578836917877,0.3176569938659668,0.0512239225208759,0.0362846888601779,0.194621741771698,0.0496661067008972,0.2101093530654907,0.0870937332510948,0.0595472231507301,0.0416417755186557,0.3175650835037231,0.0601461119949817
0.2750505208969116,0.0786423534154892,0.4067751169204712,0.1332712173461914,0.1961767971515655,0.3916645646095276,0.0641596913337707,0.2057342529296875,0.0264713950455188,0.0906171351671218,0.0669149234890937,0.2113146185874939,0.2238313555717468,0.1248857975006103,0.4455576241016388,0.0809712186455726,0.036712571978569,0.0913012623786926,0.0272273682057857,0.0932045131921768,0.0602196417748928,0.1649475544691085,0.1532384902238845,0.058036021888256,0.0541658252477645,0.1333481520414352,0.0263497941195964,0.2017658650875091,0.5471072793006897,0.2199665606021881,0.3176272213459015,0.054469209164381,0.0440506637096405,0.203130304813385,0.048921950161457,0.2125517129898071,0.0873254090547561,0.0631532147526741,0.0411107800900936,0.3289790451526642,0.0613545030355453
0.2764995992183685,0.0786494463682174,0.4069320857524872,0.1338554173707962,0.195965975522995,0.3915435671806335,0.0648276954889297,0.205749362707138,0.0265951976180076,0.0909116715192794,0.0669350028038024,0.2104524672031402,0.2199693024158477,0.1257718652486801,0.4429069459438324,0.0811902284622192,0.0368682481348514,0.0909296572208404,0.027489811182022,0.0914365649223327,0.0599747560918331,0.1647709012031555,0.1530471593141555,0.0582631528377532,0.0563463866710662,0.1343957781791687,0.0267063435167074,0.2024630904197693,0.5482256412506104,0.2208904772996902,0.3186538815498352,0.054806537926197,0.0446622595191001,0.20401331782341,0.0489932373166084,0.2131043970584869,0.0887025967240333,0.0637804940342903,0.0416337102651596,0.3318985104560852,0.0620393678545951
0.2955848574638366,0.0821692198514938,0.4216183423995971,0.1414637267589569,0.2066230177879333,0.408297598361969,0.06703782081604,0.2093658745288849,0.0252796038985252,0.0896243080496788,0.0631725117564201,0.2040213793516159,0.2332885414361953,0.1216966584324836,0.4589936733245849,0.0872074738144874,0.0382558777928352,0.097865417599678,0.0267612412571907,0.0861424207687377,0.0498725771903991,0.1704871654510498,0.1625397801399231,0.0582335218787193,0.0468972958624362,0.1301740556955337,0.027603231370449,0.1976673007011413,0.5261799693107605,0.2111908197402954,0.3044835925102234,0.0497736036777496,0.0353279039263725,0.1945293396711349,0.0365192629396915,0.2199108451604843,0.086616538465023,0.0592113211750984,0.0400166176259517,0.3225346207618713,0.0616096928715705
0.2950694561004638,0.081052616238594,0.4215546250343323,0.14207823574543,0.2060368955135345,0.4079326689243316,0.067717358469963,0.2096099257469177,0.0256142802536487,0.0894829109311103,0.0637174844741821,0.2039035856723785,0.2331344485282898,0.1225592344999313,0.4578092694282532,0.0869373530149459,0.0383380502462387,0.0983327180147171,0.0270198490470647,0.0851689130067825,0.0498719438910484,0.1713062226772308,0.1481932699680328,0.0583008229732513,0.0480025261640548,0.1305913180112838,0.0281371027231216,0.1977840662002563,0.5266040563583374,0.2114562690258026,0.3035753071308136,0.0495294257998466,0.0355248749256134,0.1937318742275238,0.0365802124142646,0.2206045389175415,0.0870765298604965,0.0593776702880859,0.0401049517095088,0.3247382640838623,0.0622020959854126
0.3404883146286011,0.1085459366440773,0.4365643262863159,0.1459779143333435,0.2346879243850708,0.4437629580497741,0.077532522380352,0.2318713665008545,0.0256984457373619,0.1014633029699325,0.053746610879898,0.2063352018594741,0.27273029088974,0.114970177412033,0.5129281282424927,0.0813123881816864,0.0375643707811832,0.1076146885752677,0.0247928313910961,0.0904847979545593,0.0454929769039154,0.1737766563892364,0.1843711137771606,0.0619070976972579,0.0364792868494987,0.123151421546936,0.0227631460875272,0.1915686577558517,0.4728171825408935,0.2074172496795654,0.2701455354690552,0.0451200902462005,0.0273607932031154,0.1737837344408035,0.0337583795189857,0.235492005944252,0.0832757949829101,0.0590168014168739,0.0458112657070159,0.296576052904129,0.0505034103989601
0.3405798971652984,0.1086172834038734,0.4365108907222748,0.1462923139333725,0.2324363589286804,0.441346138715744,0.0775896310806274,0.2303070724010467,0.0258500035852193,0.1003462672233581,0.0551287420094013,0.2050872445106506,0.2693776488304138,0.115722544491291,0.5110219717025757,0.0810624286532402,0.0381592363119125,0.0998330861330032,0.0250454694032669,0.0897656753659248,0.0448598265647888,0.1737225502729416,0.1837193667888641,0.0625894218683242,0.0371916815638542,0.1234315037727356,0.0253856051713228,0.1923385262489318,0.4755353629589081,0.2083989977836609,0.2728694081306457,0.0453040488064289,0.0276229195296764,0.1741127669811248,0.0338177606463432,0.2380387336015701,0.0841401144862175,0.0589740239083766,0.0459050685167312,0.2962545156478882,0.0504558011889457
0.3530555069446563,0.1146629378199577,0.4404669106006622,0.133077323436737,0.2412510067224502,0.459189236164093,0.0901634097099304,0.2429372817277908,0.0247848499566316,0.1051538661122322,0.0489029213786125,0.2091665267944336,0.3029694557189941,0.1123101413249969,0.518798828125,0.0772757604718208,0.0353338122367858,0.1084645017981529,0.0246859453618526,0.0929095521569252,0.0465561859309673,0.1772840023040771,0.1911948770284652,0.0598971396684646,0.0343415401875972,0.1199058517813682,0.0263272821903228,0.1849028766155243,0.45745450258255,0.2018048465251922,0.2545257806777954,0.0423553064465522,0.024171719327569,0.1633797436952591,0.0327180512249469,0.2317723929882049,0.0812134444713592,0.0564551874995231,0.0448599085211753,0.2968230843544006,0.0503047034144401
0.3336066603660583,0.1029762253165245,0.426017016172409,0.1424298882484436,0.2211696952581405,0.4317024946212768,0.06990647315979,0.2303134202957153,0.0262771807610988,0.0962750166654586,0.0577313378453254,0.2008769065141677,0.2766290307044983,0.1179221272468566,0.4835246205329895,0.0795681774616241,0.0376608707010746,0.1136158481240272,0.0261268503963947,0.0949980020523071,0.0495140850543975,0.1739484965801239,0.1759009659290313,0.0610585696995258,0.0357502698898315,0.1250071227550506,0.0228737723082304,0.1918032169342041,0.4998137354850769,0.2006782591342926,0.2918519675731659,0.0460383892059326,0.0266204252839088,0.1678294390439987,0.0409280732274055,0.2158940136432647,0.0804567784070968,0.0594013258814811,0.0462361313402652,0.3068631291389465,0.0532976053655147
0.3351868987083435,0.1025021746754646,0.4299071133136749,0.1392638981342315,0.2203940749168396,0.4338666498661041,0.0699498206377029,0.2286849021911621,0.0263127796351909,0.0982368439435958,0.0532498508691787,0.1976463794708252,0.2723460793495178,0.1156605705618858,0.486957848072052,0.0788560286164283,0.0357769653201103,0.1086483895778656,0.025383623316884,0.0953219085931778,0.0489470213651657,0.1725988537073135,0.1752052903175354,0.0595607385039329,0.034819345921278,0.1240439116954803,0.022644717246294,0.1904942095279693,0.4952109456062317,0.201317623257637,0.2886060178279876,0.0451977476477623,0.026740638539195,0.1688416004180908,0.0402731746435165,0.215390145778656,0.0796850845217704,0.0594375133514404,0.0458103269338607,0.313759446144104,0.0539655573666095
0.3581124246120453,0.1185657382011413,0.4476103186607361,0.1310894042253494,0.243315503001213,0.4607588350772857,0.0862352699041366,0.2429388761520385,0.0252529941499233,0.1056367233395576,0.0455111823976039,0.2087386548519134,0.3004515767097473,0.1100095510482788,0.5262205600738525,0.0760754644870758,0.0339436568319797,0.1051866561174392,0.0238910019397735,0.0953349471092224,0.0472392067313194,0.1777530163526535,0.1937882006168365,0.05794557929039,0.0321424528956413,0.1163865998387336,0.0211443733423948,0.182605892419815,0.4534383714199066,0.2012304961681366,0.2537482380867004,0.0408881492912769,0.0232093594968318,0.1618038117885589,0.032280795276165,0.2285345047712326,0.0797766596078872,0.0556753389537334,0.0440806746482849,0.2928817272186279,0.0494457222521305
0.3263224363327026,0.0960434824228286,0.4243614673614502,0.1428638696670532,0.2215570509433746,0.4205397963523865,0.072174534201622,0.2209002077579498,0.0271035693585872,0.0934673175215721,0.0610140264034271,0.1941081881523132,0.2524458169937134,0.1202528551220893,0.4802445769309997,0.0845987796783447,0.0379569493234157,0.1021590828895568,0.0267659053206443,0.0858150571584701,0.040974348783493,0.1718886345624923,0.1669475138187408,0.064858965575695,0.0409191995859146,0.1283120065927505,0.0244992859661579,0.1959129422903061,0.5098628401756287,0.2039254307746887,0.2997963726520538,0.0472438894212245,0.0297351479530334,0.1841132789850235,0.0348208174109458,0.225463718175888,0.0834719091653823,0.060896061360836,0.0467856787145137,0.3205842673778534,0.056577630341053
0.3251257538795471,0.0941205024719238,0.4228310585021972,0.1424311697483062,0.2194252461194992,0.4180321097373962,0.0722798332571983,0.2192372381687164,0.0270882844924926,0.0932155698537826,0.0611165314912796,0.1933333575725555,0.2476083934307098,0.1201512217521667,0.4771864712238312,0.0844662189483642,0.0356854870915412,0.1021328866481781,0.0267655998468399,0.0846397429704666,0.0401653908193111,0.1706496775150299,0.1649851202964782,0.0649751424789428,0.0412170365452766,0.1281395256519317,0.0249122623354196,0.1960016787052154,0.5089048147201538,0.203715294599533,0.2988235056400299,0.0473069213330745,0.0297807194292545,0.1844846904277801,0.0348626561462879,0.2253801077604293,0.0834665074944496,0.0609197095036506,0.0468662865459919,0.3223952054977417,0.0574693568050861
0.3505799472332001,0.1208968237042427,0.4302108287811279,0.1634637266397476,0.2385806739330291,0.4417958259582519,0.0741397514939308,0.2300200015306472,0.0275047477334737,0.0994430407881736,0.0581011995673179,0.2040687501430511,0.2917703986167907,0.1196230053901672,0.5187829732894897,0.0833718106150627,0.0348290763795375,0.1070841923356056,0.0268336571753025,0.0857205241918563,0.0381361581385135,0.1769356578588485,0.1807947158813476,0.0689944326877594,0.0413420833647251,0.1436026692390442,0.0253975875675678,0.1954070031642913,0.4838067293167114,0.2048349827528,0.2868949770927429,0.0448113046586513,0.0257062222808599,0.1577988862991333,0.032393705099821,0.2411053627729416,0.0879284590482711,0.0615392550826072,0.0458346344530582,0.3045312762260437,0.0507533699274063
0.3532975912094116,0.1216353178024292,0.4306974411010742,0.1638384759426117,0.2386313378810882,0.4407961964607239,0.0734773203730583,0.2311840057373047,0.0275501105934381,0.0994633585214614,0.0577941685914993,0.2028897404670715,0.2882476150989532,0.1193578243255615,0.5182677507400513,0.0834099724888801,0.0348229743540287,0.1056438535451889,0.0266618244349956,0.0840731561183929,0.0375524759292602,0.1776295304298401,0.1807406097650528,0.0687739923596382,0.0412818267941474,0.1436117887496948,0.0274339765310287,0.1944633424282074,0.4812343120574951,0.2049848288297653,0.2859501838684082,0.0447744913399219,0.0258400812745094,0.1581971347332,0.0324270576238632,0.2423379868268966,0.0882573276758194,0.0614885911345481,0.0457434579730033,0.3032089471817016,0.0504174456000328
0.3388090431690216,0.1187421083450317,0.4335483610630035,0.1588953733444214,0.2693363428115845,0.4407547116279602,0.0760047137737274,0.2279221415519714,0.0271867699921131,0.098666101694107,0.0624436363577842,0.2020526081323623,0.2908151745796203,0.1178762689232826,0.521227240562439,0.0839249640703201,0.0389493852853775,0.1053847596049308,0.0264624431729316,0.0869450271129608,0.0417084321379661,0.1738222539424896,0.1785259544849395,0.0690004825592041,0.0392630249261856,0.1312363594770431,0.0275972764939069,0.1932320743799209,0.4906690120697021,0.2056401371955871,0.2914588153362274,0.043910875916481,0.0252072848379611,0.1521816849708557,0.0393190681934356,0.2385520935058593,0.086581215262413,0.0605986081063747,0.0453096851706504,0.2986583709716797,0.0499228611588478
0.3391290307044983,0.1173535361886024,0.4355852007865906,0.1596437245607376,0.2696225941181183,0.439810574054718,0.0752660930156707,0.2265961766242981,0.0273629650473594,0.0983807444572448,0.0625528767704963,0.2020399421453476,0.2903693318367004,0.117620475590229,0.5207775831222534,0.0834085792303085,0.0385530814528465,0.1050846576690673,0.0261225774884223,0.0864032059907913,0.041824322193861,0.1736705899238586,0.1772548854351043,0.0685191750526428,0.0381844826042652,0.1301440298557281,0.0275804121047258,0.1926512420177459,0.4895873069763183,0.203827679157257,0.2906690835952759,0.0433089062571525,0.0248456597328186,0.150348961353302,0.0391381755471229,0.2392521798610687,0.0858794972300529,0.0602983906865119,0.0450126007199287,0.2990411221981048,0.0495936200022697
0.3451393842697143,0.1181101351976394,0.4382967054843902,0.1562359631061554,0.2703375518321991,0.4451135396957397,0.0747443586587905,0.226238265633583,0.0268411058932542,0.0985312461853027,0.0592243745923042,0.2008028626441955,0.2976070642471313,0.1138024777173996,0.5314453840255737,0.0832027643918991,0.0367080494761467,0.1033715307712555,0.0259752050042152,0.0900051295757293,0.0425775423645973,0.1744001507759094,0.1806476712226867,0.0666941851377487,0.0346111059188842,0.1291566491127014,0.026463421061635,0.1913131773471832,0.4818460941314697,0.203151062130928,0.2836936712265014,0.0429380387067794,0.0244929883629083,0.1535114347934723,0.0385762564837932,0.2354496568441391,0.0837241560220718,0.0593867972493171,0.0446937531232833,0.2994875013828277,0.0504593215882778
0.3483112454414367,0.1187934726476669,0.4377716183662414,0.1571041047573089,0.2684448957443237,0.4434313774108886,0.0743147730827331,0.2264347076416015,0.0271942354738712,0.0979271009564399,0.05988609790802,0.2008518874645233,0.2926028370857239,0.1148414313793182,0.5246238708496094,0.0833339542150497,0.03759291395545,0.1034016385674476,0.0262242704629898,0.0875961035490036,0.0405761525034904,0.1747129112482071,0.179161325097084,0.067096896469593,0.0355146564543247,0.129784807562828,0.0269585847854614,0.192505270242691,0.4824237823486328,0.2037442773580551,0.2853229641914367,0.0429966747760772,0.0247317813336849,0.1524390876293182,0.0388418510556221,0.2357782125473022,0.084691472351551,0.0594882369041442,0.0448293313384056,0.2987745702266693,0.0500792562961578
0.3496377468109131,0.1248098462820053,0.4427419304847717,0.1632678806781768,0.2721832394599914,0.4406972527503967,0.0714983940124511,0.2282440066337585,0.0278840232640504,0.0987096428871154,0.057850956916809,0.2081959098577499,0.3056381940841675,0.1165910363197326,0.5238016843795776,0.0825950503349304,0.0356074720621109,0.1027188524603843,0.0258413404226303,0.0739297866821289,0.047133170068264,0.1785026639699936,0.18527452647686,0.0651432275772094,0.0343476049602031,0.130796194076538,0.0241076853126287,0.1884537786245346,0.4791034460067749,0.2003204375505447,0.2848603427410126,0.042365875095129,0.0237091295421123,0.14331716299057,0.0383530557155609,0.2310322076082229,0.0836751237511634,0.0584373176097869,0.0451235212385654,0.2873842716217041,0.0489719361066818
0.3508521616458893,0.124141052365303,0.4450082182884216,0.1621878743171692,0.2748164534568786,0.443348079919815,0.0720161497592926,0.2319536358118057,0.0279375612735748,0.0991520583629608,0.0569483861327171,0.2091422379016876,0.3090490698814392,0.1165119856595993,0.527134358882904,0.0829202085733413,0.0355786010622978,0.1028336063027381,0.0257761180400848,0.0751188993453979,0.0486413240432739,0.1792368292808532,0.1868113279342651,0.0644630789756774,0.0336216166615486,0.1303244978189468,0.0236564222723245,0.1871767789125442,0.4788491725921631,0.1991936713457107,0.2853400409221649,0.0422995314002037,0.0237637180835008,0.1425758898258209,0.0384704954922199,0.2292237430810928,0.0835913121700286,0.0587483942508697,0.0452064983546733,0.285555899143219,0.0487702712416648
0.3753560781478882,0.1445410549640655,0.4627716243267059,0.1673385053873062,0.2590347230434418,0.4578765332698822,0.0952133610844612,0.2449649274349212,0.027979576960206,0.1016709953546524,0.0502022430300712,0.2205567955970764,0.3325856328010559,0.1109726577997207,0.5122479200363159,0.0812697634100914,0.0317079611122608,0.1043334603309631,0.0259184278547763,0.0820045620203018,0.0603990703821182,0.1822774410247802,0.1999592185020446,0.0601423606276512,0.032499011605978,0.1395120173692703,0.0242234095931053,0.164670780301094,0.456949770450592,0.1999246329069137,0.2717903852462768,0.0409655943512916,0.0227614771574735,0.1350216269493103,0.0372470058500766,0.2315681874752044,0.0833747833967208,0.0567871183156967,0.0461352840065956,0.265994518995285,0.0465743392705917
0.3415321707725525,0.1208721920847892,0.4394022226333618,0.1455017328262329,0.2259028851985931,0.421917587518692,0.0646160617470741,0.227189153432846,0.0282531902194023,0.0969156324863433,0.0513975769281387,0.2058770060539245,0.2788971960544586,0.1116800755262374,0.4764357209205627,0.0846147462725639,0.034922681748867,0.1013752073049545,0.0254187695682048,0.0929252654314041,0.0571190193295478,0.1704700887203216,0.1765343248844146,0.0547580234706401,0.032261423766613,0.1280952990055084,0.0218540541827678,0.1798225492238998,0.4843793511390686,0.2039214670658111,0.2878393232822418,0.0444544367492198,0.0249867718666791,0.158263012766838,0.0408120639622211,0.2047875970602035,0.078745424747467,0.057816743850708,0.0472505576908588,0.2868348658084869,0.0524853989481925
0.3112710118293762,0.1063083037734031,0.4206945598125458,0.1426510363817215,0.2064112424850464,0.4057360887527466,0.0701664537191391,0.2173730134963989,0.026076465845108,0.0904759392142295,0.055471584200859,0.208062082529068,0.2427043914794922,0.1164533644914627,0.4515620172023773,0.0824886187911033,0.0359520018100738,0.0975948497653007,0.0244047120213508,0.0880118608474731,0.0639000535011291,0.161910280585289,0.1684874892234802,0.0537964962422847,0.0371704585850238,0.1356708109378814,0.0232953019440174,0.1917650401592254,0.5261925458908081,0.2155724316835403,0.3085037469863891,0.0482240691781044,0.0341904275119304,0.1793246865272522,0.0424612425267696,0.2059316337108612,0.0835201516747474,0.0561523251235485,0.0398057997226715,0.3303520977497101,0.0589736104011535
0.3122477531433105,0.1065829247236251,0.4214594960212707,0.1427985280752182,0.2067380249500274,0.4063090682029724,0.0700205117464065,0.2177181839942932,0.0260829105973243,0.0905695408582687,0.0554096139967441,0.2083903849124908,0.2434433996677398,0.1164368465542793,0.4524434804916382,0.0824445039033889,0.0359419137239456,0.0975691080093383,0.0244507305324077,0.0880549773573875,0.0637736916542053,0.1622374355792999,0.1687555313110351,0.0537592805922031,0.0369276851415634,0.1354939937591552,0.0233142897486686,0.1916721016168594,0.525299608707428,0.2153928726911544,0.3076087832450866,0.0480896532535553,0.0340427793562412,0.1788558661937713,0.0424447581171989,0.2063406407833099,0.0835034698247909,0.0560951046645641,0.039755493402481,0.3296438753604889,0.0588053837418556
0.3477139472961426,0.1218592599034309,0.4450437426567077,0.145854577422142,0.2261328101158142,0.4348476529121399,0.0692714154720306,0.2308996468782425,0.0275658573955297,0.0966439694166183,0.0489984527230262,0.2041515409946441,0.2728130221366882,0.1129931584000587,0.4716662466526031,0.0852673351764679,0.038428496569395,0.0931455045938491,0.0256313681602478,0.0935105010867118,0.0615076534450054,0.173768401145935,0.1799503117799759,0.0551551654934883,0.0338873378932476,0.1330819576978683,0.0221261736005544,0.1834223866462707,0.4874366819858551,0.2061274051666259,0.2885684967041015,0.0433350019156932,0.025807611644268,0.1595545560121536,0.038729004561901,0.2117467820644378,0.0800433307886123,0.0577272102236747,0.046537697315216,0.3035984635353088,0.0511553511023521
0.3826045095920563,0.1468135863542556,0.4628205001354217,0.170444905757904,0.2851738333702087,0.4610025286674499,0.0709237456321716,0.2476610243320465,0.0283463280647993,0.1032222807407379,0.0481621399521827,0.2180932760238647,0.3315529227256775,0.1121352687478065,0.5009138584136963,0.0818043798208236,0.040473461151123,0.1049050688743591,0.0259102173149585,0.0814996212720871,0.0592346265912056,0.1869483143091201,0.2024997621774673,0.0612409003078937,0.0339891761541366,0.1393171101808548,0.0235685892403125,0.1647876948118209,0.4633013010025024,0.199965238571167,0.2728588581085205,0.0400863140821456,0.0222754627466201,0.1270316392183303,0.0341422483325004,0.2362816929817199,0.0831891149282455,0.0577488094568252,0.0460026934742927,0.2749415040016174,0.0452817678451538
0.3570687174797058,0.1349405944347381,0.4571385383605957,0.1682886034250259,0.2496980726718902,0.4389861524105072,0.0658027976751327,0.2335226237773895,0.0289561264216899,0.0969867035746574,0.0528897643089294,0.2130515575408935,0.3192291855812073,0.1167841181159019,0.5054918527603149,0.081217736005783,0.0337785258889198,0.1048347949981689,0.0258400831371545,0.0741887539625167,0.0559654161334037,0.1830376386642456,0.18571238219738,0.0623745620250701,0.0359807573258876,0.1229118481278419,0.024948850274086,0.1844669133424759,0.468185544013977,0.2066934406757354,0.2806234955787658,0.0397352762520313,0.0213633682578802,0.137963593006134,0.0313909389078617,0.2332826405763626,0.0860076248645782,0.0575517416000366,0.0458075627684593,0.2764594852924347,0.0486632362008094
0.3575127720832824,0.1345261633396148,0.4566628932952881,0.1679962426424026,0.25030118227005,0.439245730638504,0.065793290734291,0.2343305051326751,0.0288612227886915,0.097258411347866,0.0531648769974708,0.2130502164363861,0.3194981217384338,0.1164144054055213,0.5059933066368103,0.0812333077192306,0.0336009636521339,0.1044737100601196,0.0259305573999881,0.073989138007164,0.0555020123720169,0.1829887628555297,0.1859963834285736,0.0625171959400177,0.0360331460833549,0.1227362304925918,0.0250009484589099,0.1843437850475311,0.4676257371902466,0.2063991725444793,0.2799840569496155,0.0397139899432659,0.0213412977755069,0.137734904885292,0.03122647292912,0.2331768572330474,0.0859775692224502,0.0573962293565273,0.0457685589790344,0.2766482830047607,0.0484955832362175
0.3512012958526611,0.1283480525016784,0.4677140116691589,0.1633783280849456,0.2579051852226257,0.4553740620613098,0.087357759475708,0.2428689450025558,0.0274188108742237,0.1020737662911415,0.0492492280900478,0.2195302844047546,0.3256278038024902,0.1090459078550338,0.5160874128341675,0.0827242881059646,0.0375791043043136,0.0929611399769783,0.0237991511821746,0.0837772786617279,0.0597626864910125,0.1819468140602111,0.1969356685876846,0.0574037581682205,0.0311808176338672,0.1259680390357971,0.0232826545834541,0.1777504682540893,0.4641618132591247,0.2023748904466629,0.2695646286010742,0.0397378653287887,0.0222887732088565,0.1434296369552612,0.0315959602594375,0.229194700717926,0.0816851928830146,0.0573122054338455,0.0450210347771644,0.2748320996761322,0.0457916334271431
0.350191593170166,0.128073513507843,0.4677897989749908,0.149949699640274,0.2568062543869018,0.4549240469932556,0.0870483070611953,0.2420928627252578,0.0274236127734184,0.1016998067498207,0.0493799820542335,0.2189947068691253,0.3248918950557709,0.1090216934680938,0.5156457424163818,0.0827716290950775,0.037417359650135,0.0926619917154312,0.0238409284502267,0.0836573094129562,0.0603007785975933,0.1812696009874344,0.1963547170162201,0.0573152527213096,0.0313011854887008,0.1261890232563018,0.0233647599816322,0.1780136674642563,0.4654540121555328,0.2025875151157379,0.2705579996109009,0.039718821644783,0.0223515573889017,0.143984779715538,0.0316885337233543,0.2292482852935791,0.0818153321743011,0.0574831627309322,0.0449614971876144,0.276247501373291,0.0459767766296863
