AU1,AU2,AU4,AU5,AU6,AU7,AU9,AU10,AU11,AU12,AU13,AU14,AU15,AU16,AU17,AU18,AU19,AU20,AU22,AU23,AU24,AU25,AU26,AU27,AU32,AU38,AU39,AUL1,AUR1,AUL2,AUR2,AUL4,AUR4,AUL6,AUR6,AUL10,AUR10,AUL12,AUR12,AUL14,AUR14
0.3393688797950744,0.1014672517776489,0.3923547267913818,0.0914641618728637,0.4394900798797607,0.5319870710372925,0.1285545527935028,0.462659478187561,0.011079411022365,0.1451519280672073,0.0045009981840848,0.221708282828331,0.2113780528306961,0.0599310621619224,0.5026242136955261,0.0666136592626571,0.0241543054580688,0.1127374321222305,0.0064068278297781,0.1542496234178543,0.1398323774337768,0.1983674168586731,0.1013310402631759,0.0467495918273925,0.0115876998752355,0.1379094570875167,0.0191005058586597,0.1750613451004028,0.4236209988594055,0.1929391324520111,0.2333442866802215,0.03614192456007,0.0518078356981277,0.1379562318325042,0.036478154361248,0.0955754444003105,0.1055776849389076,0.0714231580495834,0.0389017388224601,0.4485272467136383,0.0866424739360809
0.3381344079971313,0.0970583707094192,0.3879923522472381,0.0850141197443008,0.4347035884857178,0.5345472097396851,0.1312673091888427,0.4664737582206726,0.0115130497142672,0.1472822427749633,0.0054251616820693,0.221569150686264,0.196604385972023,0.0614019334316253,0.4840903878211975,0.0674881637096405,0.0247833468019962,0.1134312003850936,0.0053275027312338,0.1516494154930114,0.1366595923900604,0.1973453909158706,0.1025870591402053,0.0479140728712081,0.0114411674439907,0.1367110610008239,0.02021050080657,0.1738958954811096,0.4319521188735962,0.1923068910837173,0.239201158285141,0.0353798642754554,0.0504878163337707,0.140304297208786,0.0371954031288623,0.0942660197615623,0.1076063960790634,0.0715737268328666,0.0396947413682937,0.4522776007652282,0.0880796462297439
0.3416661024093628,0.0983226895332336,0.3830074667930603,0.0852472484111785,0.4306105971336365,0.5336604118347168,0.1301918476819992,0.46663498878479,0.0115497820079326,0.1487745642662048,0.0053247665055096,0.2219969630241394,0.196298748254776,0.0616435408592224,0.4823579788208008,0.0672394037246704,0.024826418608427,0.1134529709815979,0.0052433209493756,0.1511559784412384,0.1334509253501892,0.197610005736351,0.1029959619045257,0.0478667989373207,0.0116476118564605,0.1364419758319854,0.0204965434968471,0.1751396656036377,0.4288800954818725,0.1928817331790924,0.2373410016298294,0.0355810113251209,0.050846267491579,0.1389403641223907,0.0370120704174041,0.0935822278261184,0.10763880610466,0.0717207789421081,0.0397544354200363,0.4515581130981445,0.0881252735853195
0.3383939862251282,0.0974548757076263,0.4795690476894378,0.0860717892646789,0.4057404696941376,0.4923563599586487,0.0784610882401466,0.3672515153884887,0.0071090068668127,0.1159799173474311,0.0045038955286145,0.2135853171348571,0.1649786233901977,0.0524698719382286,0.4877598881721496,0.0704808756709098,0.0226458739489316,0.1004277318716049,0.0036675031296908,0.1875278800725937,0.1437965333461761,0.1822401583194732,0.0968826711177825,0.045624028891325,0.0095490450039505,0.1520582288503646,0.0217854566872119,0.176725834608078,0.4023278355598449,0.2062156498432159,0.2208868414163589,0.057369165122509,0.0534957870841026,0.1446092426776886,0.0357327461242675,0.0753187239170074,0.0767033994197845,0.0546292811632156,0.0365096591413021,0.4477443695068359,0.089718647301197
0.3390389680862427,0.0990907251834869,0.4780661463737488,0.0858490988612175,0.4106711745262146,0.4943301677703857,0.1050011292099952,0.3705421090126037,0.0070478366687893,0.1176528707146644,0.0041052177548408,0.2142928838729858,0.1713276356458664,0.052156388759613,0.496340811252594,0.069582886993885,0.0228607915341854,0.102016344666481,0.0036743567325174,0.1903139054775238,0.1475043594837188,0.1804976910352707,0.0984877794981002,0.0457118228077888,0.0095934122800827,0.1513058841228485,0.021186176687479,0.1769686639308929,0.4014580249786377,0.2067188918590545,0.2189563810825348,0.056554764509201,0.0527140088379383,0.1421768963336944,0.0352074019610881,0.0754488855600357,0.0768854022026062,0.0548082031309604,0.0363759323954582,0.4470816254615783,0.088893212378025
0.3383435010910034,0.0984697863459587,0.488173246383667,0.0846780389547348,0.4230287671089172,0.5209338665008545,0.1180664300918579,0.3741241693496704,0.0069525633007287,0.1218888461589813,0.0049120150506496,0.2085137665271759,0.1823991239070892,0.0521203279495239,0.4989709854125976,0.0686951279640197,0.0220355484634637,0.1118010058999061,0.0043288744054734,0.190164029598236,0.1660967767238617,0.1850594580173492,0.1025409325957298,0.0374269485473632,0.0078689660876989,0.1682225316762924,0.0214062891900539,0.1631906330585479,0.3998571336269378,0.2082782238721847,0.2384746372699737,0.0547710657119751,0.0509833768010139,0.1438490152359008,0.0357119217514991,0.0761077404022216,0.0752954632043838,0.0555606409907341,0.0360705628991127,0.4478492736816406,0.0852787122130394
0.3329533636569977,0.0963491350412368,0.4911313354969024,0.0842584073543548,0.4229736328125,0.5173053741455078,0.1177061945199966,0.3710022568702698,0.0099128317087888,0.1202971488237381,0.0052339360117912,0.2069111913442611,0.1815868318080902,0.0524668730795383,0.4996521770954132,0.0686909407377243,0.021790787577629,0.1112598329782486,0.0042292037978768,0.1885764002799987,0.1665664166212082,0.1830124855041504,0.1011536121368408,0.0377400740981102,0.008101025596261,0.1415872424840927,0.0220680646598339,0.1631870120763778,0.4033607542514801,0.2080838531255722,0.2405463755130767,0.0550589226186275,0.0515728741884231,0.1443374305963516,0.0359261333942413,0.0766253173351287,0.075990229845047,0.0623771622776985,0.0413525402545928,0.451260507106781,0.0856804326176643
0.3227953314781189,0.1088593080639839,0.3583877980709076,0.0894617214798927,0.3990229368209839,0.5400015115737915,0.1371801644563675,0.3978289663791656,0.0077467099763453,0.1325290352106094,0.0058270175941288,0.2209429591894149,0.1737981140613556,0.0669836103916168,0.429508775472641,0.0686833783984184,0.020385056734085,0.1210099458694458,0.0094446130096912,0.1784522235393524,0.1190021112561225,0.1943968534469604,0.0964797288179397,0.0358901023864746,0.0109439417719841,0.1327435821294784,0.022809974849224,0.1845134943723678,0.4314389824867248,0.1947537660598755,0.2264491617679596,0.0376154705882072,0.0502882488071918,0.1274598538875579,0.0345698371529579,0.0812759846448898,0.0776711255311966,0.0574155449867248,0.0344630032777786,0.4739057421684265,0.0921668708324432
0.3343746066093445,0.1050554513931274,0.3582881987094879,0.0896736159920692,0.4020370841026306,0.5500780344009399,0.1355494558811187,0.4093470275402069,0.0066875596530735,0.1364368200302124,0.0048474483191967,0.2230380177497863,0.1887649893760681,0.0694696530699729,0.4421219229698181,0.0677067562937736,0.0207477919757366,0.1252568662166595,0.0058985678479075,0.1840097159147262,0.1253057867288589,0.2046049833297729,0.0973030775785446,0.037086971104145,0.0112030692398548,0.135825514793396,0.0229292921721935,0.1860512495040893,0.441693902015686,0.1943594962358474,0.2309085726737976,0.0374828390777111,0.0495488382875919,0.1323680579662323,0.0349471345543861,0.079872652888298,0.0776151120662689,0.055216196924448,0.0333196595311164,0.4653898477554321,0.0903367102146148
0.3278547525405884,0.0910863578319549,0.4955683350563049,0.0797524154186248,0.4076997637748718,0.5057574510574341,0.1252185106277465,0.3882952928543091,0.0071354042738676,0.1134139969944953,0.0059268688783049,0.2017872482538223,0.1717908978462219,0.0537221357226371,0.4798838794231415,0.0702268779277801,0.0213124826550483,0.1107121184468269,0.0074080592021346,0.182771235704422,0.1557875275611877,0.1832387000322342,0.0999035537242889,0.0402653366327285,0.0089036123827099,0.1437274068593979,0.0241038911044597,0.1688522696495056,0.4045884013175964,0.2027028352022171,0.2398868054151535,0.0540255531668663,0.0504696704447269,0.1379054486751556,0.0361957214772701,0.0797183513641357,0.0924232900142669,0.0548456311225891,0.0349728651344776,0.4567144215106964,0.0863568633794784
0.3277748823165893,0.0927380993962287,0.4996286034584045,0.0786750987172126,0.4161347448825836,0.5085390210151672,0.1260451674461364,0.389999508857727,0.0071440590545535,0.1135324388742446,0.005706931464374,0.2106944620609283,0.1772244274616241,0.0534838773310184,0.4854161143302917,0.0701518654823303,0.0213807523250579,0.1116971224546432,0.0072963456623256,0.1841791272163391,0.1597018092870712,0.1823996603488922,0.0989109128713607,0.0363837257027626,0.0088427942246198,0.143978476524353,0.0240258257836103,0.1685217022895813,0.4087092876434326,0.2033531069755554,0.2424831390380859,0.0541924387216568,0.0500121489167213,0.1375374794006347,0.036396101117134,0.0809397473931312,0.0923269614577293,0.0549983903765678,0.0349765047430992,0.4502326250076294,0.0885519385337829
0.3290696144104004,0.094167985022068,0.5005034804344177,0.0766650289297103,0.4164384305477142,0.5084223747253418,0.1229392141103744,0.3895847797393799,0.0071333083324134,0.1101534366607666,0.0056085521355271,0.2095096111297607,0.1780131757259369,0.0539194159209728,0.4934101104736328,0.0695052295923233,0.0210347734391689,0.11125398427248,0.0067433915100991,0.183350533246994,0.1606447398662567,0.1833825856447219,0.0959222912788391,0.0397636704146862,0.0093100909143686,0.1703238189220428,0.0253135599195957,0.1686821430921554,0.405940979719162,0.2035889327526092,0.2395445108413696,0.0553515553474426,0.0501508079469203,0.1348898857831955,0.0356256887316703,0.0809851437807083,0.0931499972939491,0.054266408085823,0.0344096794724464,0.453506588935852,0.0876303985714912
0.3062951266765594,0.1068160980939865,0.4486945271492004,0.077282577753067,0.4153586626052856,0.5279592275619507,0.1125516444444656,0.3628310561180115,0.005974544212222,0.1228486895561218,0.0071746790781617,0.2108526080846786,0.1809331774711609,0.0594328455626964,0.4459413290023803,0.076781079173088,0.0218114405870437,0.1187937185168266,0.0043148663826286,0.1887517422437667,0.1436837911605835,0.1914899349212646,0.0835999101400375,0.0396510697901248,0.0102178454399108,0.1382987201213836,0.0243349727243185,0.1838020980358123,0.4385033249855041,0.2005623281002044,0.2387372553348541,0.0582690611481666,0.0560630299150943,0.140791043639183,0.0370916053652763,0.0836895033717155,0.0770826190710067,0.0556373633444309,0.0351964570581913,0.4611787796020508,0.0932030081748962
0.3021379709243774,0.1119239032268524,0.3511897027492523,0.0853122547268867,0.4183371067047119,0.5474598407745361,0.1319529712200164,0.3940786719322204,0.0061678029596805,0.1434014290571212,0.0075039002113044,0.2237676084041595,0.1848836541175842,0.0625338032841682,0.443447470664978,0.0716388523578643,0.0209154766052961,0.126313030719757,0.0044918274506926,0.1885192692279815,0.1451723724603653,0.19204942882061,0.0875181406736373,0.0498687624931335,0.0119358757510781,0.134684070944786,0.0224016271531581,0.179370641708374,0.4422843158245086,0.1977825462818145,0.2417585998773574,0.0369536615908145,0.0515062771737575,0.1366964429616928,0.0373767018318176,0.0817892923951149,0.0797969177365303,0.0560211315751075,0.0340042114257812,0.4644863903522491,0.0943379178643226
0.300258457660675,0.1091211885213851,0.3530479669570923,0.0852308273315429,0.4164447784423828,0.5449779629707336,0.1307144314050674,0.3902642428874969,0.0062104524113237,0.1396325826644897,0.0077281133271753,0.2219042479991912,0.1811389923095703,0.0626433938741684,0.4402065873146057,0.0722641497850418,0.0209543108940124,0.1254186630249023,0.0095030460506677,0.1873717159032821,0.1408804506063461,0.1930561810731887,0.0850523337721824,0.049658041447401,0.0117938052862882,0.1351995766162872,0.0228563174605369,0.1794290691614151,0.4433757960796356,0.1972250789403915,0.2422225475311279,0.0371645241975784,0.0519726760685443,0.1380303651094436,0.037890687584877,0.0825846046209335,0.0804044008255004,0.0557841658592224,0.0342316888272762,0.4652692079544067,0.0945228263735771
0.3055264353752136,0.1076726466417312,0.4228266179561615,0.0851637199521064,0.4206448197364807,0.5330367088317871,0.1195210739970207,0.3874429166316986,0.0068998942151665,0.1357988566160202,0.00818747933954,0.2193629145622253,0.1738088130950927,0.0628548189997673,0.427075445652008,0.0731606483459472,0.0241037271916866,0.1198725774884224,0.0098609197884798,0.1842004507780075,0.1251128315925598,0.1966537684202194,0.0792283415794372,0.0500936992466449,0.0122209955006837,0.140089213848114,0.0242127645760774,0.1826842576265335,0.4534872472286224,0.1987964510917663,0.2490506917238235,0.060776051133871,0.0619650036096572,0.140319287776947,0.0381263494491577,0.0826671719551086,0.0830583572387695,0.0566420257091522,0.034993790090084,0.4635036587715149,0.0928635001182556
0.3480536937713623,0.1084858626127243,0.4265506565570831,0.0802499279379844,0.3916661143302917,0.5235936045646667,0.1205305010080337,0.3527604937553406,0.009027442894876,0.1248712390661239,0.0067791272886097,0.222282201051712,0.1666582077741623,0.0661465972661972,0.4203514754772186,0.072764903306961,0.0197132490575313,0.1220971792936325,0.0087991738691926,0.1778305172920227,0.112024188041687,0.2017811238765716,0.0851156711578369,0.0487556308507919,0.0110739460214972,0.1499660462141037,0.0272656120359897,0.1878992319107055,0.438466340303421,0.1948864609003067,0.2331293225288391,0.0604970455169677,0.0599889792501926,0.1225322484970092,0.0341125503182411,0.0743418484926223,0.0913140252232551,0.0584889128804206,0.035806767642498,0.4612302184104919,0.0887366607785224
0.3569865226745605,0.1139654815196991,0.3512787818908691,0.0790110230445861,0.3880369067192077,0.5303813219070435,0.1218317300081253,0.3908737599849701,0.0082039944827556,0.1266035735607147,0.0063845016993582,0.2254816144704818,0.1745189428329467,0.0634505599737167,0.4394477307796478,0.0745732337236404,0.0205674041062593,0.1244176924228668,0.0084898136556148,0.1831061094999313,0.1265727281570434,0.197416752576828,0.0889877006411552,0.0488664582371711,0.0108122304081916,0.1362316459417343,0.0254659093916416,0.1866430044174194,0.4323477149009704,0.1976599991321563,0.2298167943954467,0.0401549115777015,0.0525315776467323,0.1257179081439972,0.033408485352993,0.0798077434301376,0.0768956467509269,0.0582802183926105,0.0355818159878253,0.4624127149581909,0.0912575125694274
0.3579736053943634,0.1143505275249481,0.3520985841751098,0.0796208828687667,0.3902985155582428,0.5290358066558838,0.1235272586345672,0.3902203440666199,0.0085373139008879,0.1253401041030883,0.006307853385806,0.2250814586877823,0.1734727621078491,0.0636040717363357,0.4377210736274719,0.0744018852710723,0.0203432030975818,0.123972974717617,0.0087615838274359,0.1815187036991119,0.1242279782891273,0.1962901055812835,0.0904136151075363,0.0484876297414302,0.0108363535255193,0.1358948945999145,0.0259998925030231,0.1864226907491684,0.4338698983192444,0.1969449818134308,0.2296878099441528,0.0400744974613189,0.0524318255484104,0.122849129140377,0.0330878570675849,0.0809122249484062,0.076963409781456,0.0583010390400886,0.0356470122933387,0.4628538489341736,0.0905068963766098
0.3641598522663116,0.1196076944470405,0.3465187549591064,0.0868700072169303,0.3967482447624206,0.5331246852874756,0.117056131362915,0.3951449990272522,0.0081269294023513,0.1258755922317505,0.0066793458536267,0.2263511270284652,0.1741577982902526,0.0646450668573379,0.4312635362148285,0.0699964165687561,0.0206303242594003,0.1250411123037338,0.0087733287364244,0.1835336685180664,0.120690032839775,0.1977172791957855,0.0908898264169693,0.0356658063828945,0.0108730122447013,0.1369888484477996,0.0258553232997655,0.185964897274971,0.4384355545043945,0.1997395008802414,0.2358998209238052,0.040795013308525,0.0545508787035942,0.1283746361732483,0.0351102352142334,0.0793478116393089,0.0775249004364013,0.0599603131413459,0.0360219739377498,0.4671248197555542,0.0916251018643379
0.3631795942783355,0.1165722087025642,0.346599817276001,0.0871338248252868,0.3971146941184997,0.5338947772979736,0.117828257381916,0.3959452211856842,0.0083391284570097,0.1262989938259124,0.0068684136494994,0.2257433235645294,0.1714131087064743,0.0638328045606613,0.4290744662284851,0.0701137855648994,0.0206821598112583,0.1228248476982116,0.0088532660156488,0.1808262914419174,0.1199528723955154,0.1974926590919494,0.0904769748449325,0.0355805866420269,0.0102816466242074,0.1371839046478271,0.02534956112504,0.1847382485866546,0.4339111149311065,0.1986750662326812,0.2344837784767151,0.0402318611741066,0.0541380047798156,0.1277013719081878,0.0350201800465583,0.0800982937216758,0.0769933387637138,0.0593837648630142,0.0360282510519027,0.4661814272403717,0.0912949815392494
0.3456028997898102,0.1116674691438674,0.3481995761394501,0.0856055989861488,0.3917961120605469,0.5333982706069946,0.1224709376692771,0.3963772058486938,0.0084584979340434,0.1280744671821594,0.0068388795480132,0.2269318699836731,0.1778248399496078,0.0650566965341568,0.434923768043518,0.0697426348924636,0.0206451043486595,0.1227622926235199,0.0107123963534832,0.1811431348323822,0.1301834285259246,0.1943068206310272,0.0895187556743621,0.0344331040978431,0.0104823829606175,0.1512021720409393,0.0250025950372219,0.1804849207401275,0.4388420581817627,0.1936263591051101,0.2375670224428177,0.0397673174738884,0.0533162876963615,0.1300763487815857,0.0350277610123157,0.0790158212184906,0.0773174911737442,0.0581827387213707,0.0355848930776119,0.4701667428016662,0.0919873788952827
0.3496100902557373,0.1130836308002471,0.3500807583332062,0.086139015853405,0.3944176435470581,0.5392084717750549,0.1240561753511428,0.4003249108791351,0.0084719266742467,0.1301663517951965,0.0065575242042541,0.2284442782402038,0.1815601885318756,0.064645878970623,0.4408611059188843,0.0694211721420288,0.0206208992749452,0.1228393092751503,0.0089337173849344,0.1823776066303253,0.1318846046924591,0.1948719173669815,0.0925393253564834,0.0346875227987766,0.0101236095651984,0.1506484597921371,0.0245769806206226,0.1788031160831451,0.4318347573280334,0.1933943331241607,0.2327246963977813,0.0391377583146095,0.0533334538340568,0.1270286738872528,0.0348555669188499,0.0797036439180374,0.0770667940378189,0.0583302155137062,0.0357147641479969,0.4684608280658722,0.0916193574666976
0.3562715053558349,0.1173582077026367,0.3442158102989197,0.0814915373921394,0.3776997327804565,0.5273550748825073,0.0919980853796005,0.3968591094017029,0.008849018253386,0.1279892027378082,0.0057633239775896,0.2293108105659485,0.1769540607929229,0.0663000047206878,0.4308946430683136,0.072488859295845,0.0200787540525198,0.121580109000206,0.0089626014232635,0.1780097037553787,0.1246303990483284,0.1965043246746063,0.0945728793740272,0.0347307324409484,0.0107348384335637,0.1458312273025512,0.025718055665493,0.1821502298116684,0.4292442798614502,0.1957715600728988,0.2301603555679321,0.0404951125383377,0.0544172264635562,0.1215204298496246,0.0328134484589099,0.0795483291149139,0.0752247869968414,0.0586023889482021,0.0355486758053302,0.4706100821495056,0.0916350483894348
0.3554543852806091,0.1169569939374923,0.3446213006973266,0.0816338136792182,0.3766964673995971,0.5266551375389099,0.091307982802391,0.3949256837368011,0.0089321071282029,0.1270927041769027,0.0058255498297512,0.2288278639316558,0.1758208274841308,0.0664619505405426,0.4294977188110351,0.0727059096097946,0.0200468935072422,0.1213553696870803,0.0090237548574805,0.1780369281768798,0.1246291995048523,0.1965360194444656,0.0940831005573272,0.0346858948469162,0.0107078570872545,0.1464226692914962,0.0259488187730312,0.1826758682727813,0.4304834902286529,0.195865586400032,0.2308010756969452,0.0406261160969734,0.0547115206718444,0.1221896037459373,0.0330891199409961,0.0797367095947265,0.0754794478416442,0.0588884726166725,0.0355919152498245,0.4718903303146362,0.0918971598148346
0.3453693389892578,0.1044021248817443,0.3898725807666778,0.0860126763582229,0.4027766585350036,0.5580177307128906,0.1275401711463928,0.4335634112358093,0.0071117570623755,0.1435563564300537,0.0046906871721148,0.2255667895078659,0.2095475792884826,0.0593649446964263,0.4771316647529602,0.0692537277936935,0.0207373946905136,0.1189506724476814,0.0054935719817876,0.1936788260936737,0.1526917964220047,0.1901025027036667,0.1043190211057663,0.0338049307465553,0.0095167700201272,0.1486232280731201,0.0205051489174366,0.1699857264757156,0.4147923588752746,0.1912613213062286,0.2212986350059509,0.0431569442152977,0.0538078024983406,0.1334462314844131,0.0354618318378925,0.073718637228012,0.0882592350244522,0.0550798662006855,0.0358901061117649,0.4525042772293091,0.0874299630522728
0.3442708849906921,0.1031494289636612,0.3577081561088562,0.0867997333407402,0.3972038328647613,0.5577476024627686,0.1287881433963775,0.4320799112319946,0.00709655508399,0.1429680734872818,0.0047250194475054,0.2245879769325256,0.2077878266572952,0.0597400069236755,0.473151832818985,0.0689347982406616,0.0203182660043239,0.1194684356451034,0.0053524738177657,0.1921775341033935,0.1482190787792205,0.1911832243204116,0.1043327748775482,0.0338933728635311,0.0096720429137349,0.1481749564409256,0.0208115335553884,0.1711260080337524,0.4132216274738312,0.190597265958786,0.2174133062362671,0.03493557497859,0.0488050915300846,0.1324633359909057,0.0349249541759491,0.0739596635103225,0.0877829492092132,0.0548404604196548,0.035597339272499,0.4548084139823913,0.0877582281827926
0.334088921546936,0.1182874292135238,0.4183030724525451,0.0839285776019096,0.3982089161872864,0.5316354036331177,0.124675303697586,0.3837868571281433,0.0078866686671972,0.1378362029790878,0.005312608089298,0.2258906364440918,0.1883779019117355,0.0565951205790042,0.43770632147789,0.0740021616220474,0.0229902304708957,0.1162140518426895,0.0085549261420965,0.1909200251102447,0.1481370329856872,0.1844522058963775,0.0931742340326309,0.047359574586153,0.009516286663711,0.1289889216423034,0.0222007408738136,0.1772433817386627,0.4210005402565002,0.2010883390903473,0.225430890917778,0.0573943145573139,0.0578342750668525,0.1270893067121505,0.0343715399503707,0.0774096846580505,0.0738366618752479,0.0564056187868118,0.0358011312782764,0.4650108516216278,0.0947873145341873
0.371957391500473,0.1164472550153732,0.4182304441928863,0.0835532248020172,0.3606626093387604,0.5223571062088013,0.123055450618267,0.3463940620422363,0.0082887718454003,0.1264668554067611,0.0040871519595384,0.2280472517013549,0.1842022836208343,0.0636245310306549,0.4296611845493316,0.0737001746892929,0.0192704200744628,0.117743007838726,0.0088331503793597,0.1885181069374084,0.1332060545682907,0.1886605620384216,0.0976486355066299,0.0326099954545497,0.00918192230165,0.1425772309303283,0.0243287589401006,0.1844484210014343,0.4115501344203949,0.1921051740646362,0.2095666825771331,0.0579175241291523,0.0567944571375846,0.1120390892028808,0.0317681394517421,0.070124015212059,0.0881982892751693,0.0550734512507915,0.0340878739953041,0.4655284285545349,0.0900349989533424
0.3334268033504486,0.0963728874921798,0.3963175415992737,0.0859678983688354,0.396016925573349,0.5558136701583862,0.1274399608373642,0.4229745268821716,0.0071060312911868,0.1350527107715606,0.004720167722553,0.2201803177595138,0.2034283727407455,0.0598953515291214,0.4692235887050628,0.0693113803863525,0.0197867713868618,0.1164677143096923,0.0057826582342386,0.1932673305273056,0.1509815901517868,0.1927431523799896,0.0997674018144607,0.033245749771595,0.0096244318410754,0.1505380570888519,0.021453658118844,0.1627233773469925,0.4379200935363769,0.187485784292221,0.2158490568399429,0.0417813062667846,0.0518369898200035,0.1370779573917389,0.0362156517803669,0.0738730877637863,0.0873301029205322,0.0530854240059852,0.0348926708102226,0.4591334462165832,0.0885728299617767
0.3356812000274658,0.0972708314657211,0.3980665206909179,0.0860954150557518,0.3977361619472503,0.5562289953231812,0.1270676553249359,0.4234073162078857,0.0070044491440057,0.1350446045398712,0.0048859138041734,0.220383882522583,0.203361839056015,0.0605247057974338,0.4708626270294189,0.0691457018256187,0.0198699031025171,0.1169299781322479,0.0057140039280056,0.1926439702510833,0.1511362642049789,0.1913883984088897,0.0993458405137062,0.0333831906318664,0.0098786829039454,0.1511573493480682,0.021574892103672,0.1631769388914108,0.4399698972702026,0.188170239329338,0.2174965441226959,0.0418755263090133,0.0521362870931625,0.1377628147602081,0.0365206226706504,0.0739039033651351,0.0882607251405716,0.0535234585404396,0.0349677763879299,0.4602954983711242,0.088742583990097
0.3393711745738983,0.0901848003268241,0.4337563514709472,0.0866118520498275,0.3771583139896393,0.5075578093528748,0.1120847314596176,0.3927255272865295,0.0068929195404052,0.1182025223970413,0.0040676454082131,0.2079537808895111,0.1875901222229004,0.0537884011864662,0.4830414950847626,0.0735112726688385,0.0192034486681222,0.1073546111583709,0.0050661889836192,0.19288370013237,0.1566904187202453,0.1874059438705444,0.0995201170444488,0.0269206799566745,0.0091747632250189,0.1530876457691192,0.0207953490316867,0.168031632900238,0.3897544741630554,0.1926252394914627,0.2158644646406173,0.0396384447813034,0.0496774911880493,0.1462221443653106,0.0365173742175102,0.0761881247162818,0.0874409824609756,0.05117654427886,0.0338150262832641,0.4552491903305053,0.0868790745735168
0.3287093639373779,0.0946067720651626,0.402845561504364,0.0860525518655777,0.3883892893791199,0.5217395424842834,0.1220605373382568,0.4171260297298431,0.0071511510759592,0.1318604350090026,0.0046599907800555,0.2189958244562149,0.1991556882858276,0.0603409260511398,0.4660801589488983,0.069647803902626,0.0194083824753761,0.1159951984882354,0.0057518472895026,0.1927354037761688,0.1487397253513336,0.1936027705669403,0.0971775352954864,0.033161137253046,0.009854195639491,0.151827722787857,0.0219242312014102,0.1635514795780182,0.441202163696289,0.1880089789628982,0.2186499387025833,0.0414805263280868,0.0518210530281066,0.1358512192964553,0.0363000929355621,0.0734660476446151,0.0879720002412796,0.0525561943650245,0.0341410115361213,0.4617162346839905,0.0894978940486908
0.3401373624801636,0.0869839489459991,0.4398474395275116,0.0874445512890815,0.3806517124176025,0.512765645980835,0.1127698570489883,0.3935387730598449,0.0073632709681987,0.1196274012327194,0.0039057675749063,0.2077759206295013,0.1911739259958267,0.0548588633537292,0.4950916469097137,0.0743795186281204,0.0194740574806928,0.1083297207951545,0.0056725284084677,0.195079892873764,0.156491607427597,0.1869456171989441,0.1019899696111679,0.0263068005442619,0.0085100699216127,0.1527361273765564,0.0206808727234601,0.1663739383220672,0.3924692571163177,0.1875811517238617,0.2151828110218048,0.0383311472833156,0.0467034615576267,0.144257515668869,0.0372217260301113,0.0770999193191528,0.0861347317695617,0.0518052093684673,0.0340756550431251,0.456027626991272,0.086120419204235
0.3516768217086792,0.09107156842947,0.4673206508159637,0.0800670608878135,0.3709001839160919,0.5249630808830261,0.1132311969995498,0.3825827538967132,0.0079201823100447,0.1150058954954147,0.0038923763204365,0.2141364067792892,0.1700347065925598,0.0567780584096908,0.4418154656887054,0.0756960064172744,0.0193354822695255,0.1075243949890136,0.0048096077516674,0.1896724104881286,0.1380521804094314,0.1828446388244629,0.0956607162952423,0.0348000600934028,0.0081981122493743,0.1457713842391967,0.0237063094973564,0.171434611082077,0.3979218304157257,0.190731406211853,0.2207802385091781,0.0554428584873676,0.0518322363495826,0.1330238133668899,0.0340412259101867,0.0753009915351867,0.08467598259449,0.0541306585073471,0.0340268053114414,0.450207769870758,0.09088946133852
0.3424270451068878,0.08357734978199,0.4549670815467834,0.0875480398535728,0.3847382366657257,0.5188788771629333,0.111080065369606,0.3960095047950744,0.0073384093120694,0.1204550042748451,0.0037409828510135,0.2075378745794296,0.193070650100708,0.0544481910765171,0.5023084878921509,0.0740049928426742,0.0197878126055002,0.1073432490229606,0.0052435859106481,0.1968439817428589,0.1544315218925476,0.1892857104539871,0.1043775230646133,0.0258919727057218,0.0090656848624348,0.1533305644989013,0.0205466914921998,0.1637035608291626,0.385532796382904,0.1861766278743744,0.2107479572296142,0.0370894595980644,0.0444515570998191,0.1420396417379379,0.0371752232313156,0.0775076001882553,0.0892772525548935,0.0513784624636173,0.0339076966047287,0.4561960697174072,0.0857710167765617
0.3429901599884033,0.0837316438555717,0.4545431733131408,0.0875615924596786,0.3841284215450287,0.518813967704773,0.1113216578960418,0.3962161540985107,0.0073480666615068,0.1206776946783065,0.0037486606743186,0.2078491449356079,0.1932015568017959,0.0543887875974178,0.5021657347679138,0.0740251690149307,0.0198045596480369,0.1074244230985641,0.0052572721615433,0.1968811750411987,0.1544251441955566,0.1893334239721298,0.1044042184948921,0.0258375704288482,0.0090819541364908,0.1533347070217132,0.0206429176032543,0.1636506915092468,0.3849596381187439,0.1861067414283752,0.2102823108434677,0.0370819605886936,0.0445447266101837,0.1414453983306884,0.0370618849992752,0.0773097276687622,0.0892180427908897,0.0513462200760841,0.0338806733489036,0.4563547968864441,0.0856851041316986
0.3310116231441498,0.0841961726546287,0.4437688291072845,0.081474058330059,0.3794786334037781,0.5084065198898315,0.1148304790258407,0.3883005678653717,0.0070234211161732,0.120558962225914,0.0041404743678867,0.2069707214832306,0.1842568665742874,0.0543526113033294,0.479270875453949,0.074886530637741,0.0193758234381675,0.106187529861927,0.0052450904622673,0.1920503079891204,0.1566085815429687,0.1832749098539352,0.0996973067522049,0.0255772396922111,0.0091638006269931,0.150801420211792,0.0214283168315887,0.1614009141921997,0.3889540433883667,0.1881127953529358,0.2145612388849258,0.0379666648805141,0.0467162691056728,0.1409063935279846,0.0367810726165771,0.0776922330260276,0.0894953459501266,0.0514592230319976,0.0339668579399585,0.4580141305923462,0.0870521292090416
0.330791175365448,0.0844782292842865,0.4441308975219726,0.0815432667732238,0.3794577717781067,0.5073453187942505,0.1142037510871887,0.3872510194778442,0.0070029702037572,0.1202569231390953,0.0041607692837715,0.207060694694519,0.1831710338592529,0.0544662699103355,0.479047954082489,0.074851781129837,0.0193925388157367,0.1060604453086853,0.0052043236792087,0.1918259859085083,0.156386524438858,0.1831568926572799,0.0994200333952903,0.0255906209349632,0.0091699846088886,0.1509854793548584,0.0215697549283504,0.1616657078266143,0.3891211748123169,0.1885235905647277,0.2146975100040435,0.0382213667035102,0.0469598211348056,0.1408702582120895,0.0367176793515682,0.0777492225170135,0.089389219880104,0.0512985363602638,0.0339873097836971,0.4580760896205902,0.0871828347444534
0.3381970524787903,0.0866526812314987,0.4304564297199249,0.0836439132690429,0.3800505399703979,0.5300217270851135,0.1156893223524093,0.3894188404083252,0.0073375478386878,0.1201437786221504,0.0038670401554554,0.2086037397384643,0.1883441805839538,0.0552779175341129,0.4792058169841766,0.0743886679410934,0.0194359142333269,0.1081605032086372,0.0046338695101439,0.1957358419895172,0.1535781621932983,0.182856410741806,0.0998433530330658,0.0253415368497371,0.0092192720621824,0.1509735435247421,0.0204516369849443,0.1630855798721313,0.3815879821777344,0.1865111589431762,0.2071572840213775,0.038401074707508,0.0473090671002864,0.1336355507373809,0.0365479886531829,0.078605830669403,0.0880155265331268,0.0517470389604568,0.0343485325574874,0.4571545720100403,0.0869744941592216
0.3378881216049194,0.087732695043087,0.4302753210067749,0.0836345255374908,0.3826673924922943,0.532318115234375,0.1165076121687889,0.3911027908325195,0.0073175756260752,0.1208490505814552,0.0037919166497886,0.2087481021881103,0.1910469233989715,0.0548945292830467,0.4805418848991394,0.0743187442421913,0.0194865763187408,0.1084442138671875,0.0046003670431673,0.1960463672876358,0.1550145149230957,0.1825747787952423,0.1009715273976326,0.0253364294767379,0.0091536361724138,0.1508214920759201,0.0200535934418439,0.1627421379089355,0.3816657364368438,0.1864604949951172,0.2075009793043136,0.0383003130555152,0.0471913665533065,0.1339825391769409,0.036527544260025,0.0787662044167518,0.0881218463182449,0.0516450889408588,0.0343586765229702,0.4573606252670288,0.0869313105940818
0.3496654331684112,0.0923424810171127,0.4245175421237945,0.0875251516699791,0.4089025855064392,0.5318154096603394,0.1268576383590698,0.4263240396976471,0.0072444030083715,0.135439783334732,0.0050158803351223,0.217442125082016,0.2064384669065475,0.0580036044120788,0.4862561821937561,0.0728559345006942,0.0205585397779941,0.112967699766159,0.0054950397461652,0.1877364516258239,0.1492841243743896,0.1909683346748352,0.1052142009139061,0.0331981889903545,0.0092994067817926,0.1514294296503067,0.0206001661717891,0.1589249372482299,0.432054340839386,0.1878873705863952,0.2207132577896118,0.0401606187224388,0.0514803007245063,0.1320190280675888,0.0362578444182872,0.077519416809082,0.0912554562091827,0.0535467006266117,0.0360317304730415,0.4503071904182434,0.0844580084085464
0.3504730463027954,0.0916831344366073,0.424109935760498,0.0877327919006347,0.4089384377002716,0.5626530051231384,0.127293512225151,0.4258229732513428,0.0072713913396,0.1345055997371673,0.004940693732351,0.216579869389534,0.204372227191925,0.0582419298589229,0.4877159893512726,0.0705839768052101,0.0205781608819961,0.1127104312181472,0.0053582857362926,0.1868604123592376,0.1491183787584304,0.1895635426044464,0.1043254137039184,0.0332160480320453,0.0092466119676828,0.1513885706663131,0.0206987150013446,0.1596792489290237,0.4326496124267578,0.1879678666591644,0.2203287333250045,0.0402819067239761,0.0514695420861244,0.1325693428516388,0.036257229745388,0.0779911577701568,0.091339960694313,0.0537840500473976,0.0359907075762748,0.4497756361961365,0.084160104393959
0.3526453971862793,0.1043737679719924,0.449345588684082,0.0805249884724617,0.3890804648399353,0.5388325452804565,0.1154019758105278,0.3791704475879669,0.0077881715260446,0.1305880397558212,0.0046039600856602,0.2201370745897293,0.1869760155677795,0.0593844018876552,0.4582677483558655,0.0716291591525077,0.0201087780296802,0.1083115190267562,0.0075923725962638,0.1846340149641037,0.1375620067119598,0.190056711435318,0.0990481451153755,0.0432642586529254,0.0084574474021792,0.1493458896875381,0.0219921693205833,0.178687036037445,0.4103918075561523,0.1943800449371338,0.2206934988498687,0.0559275522828102,0.0571734756231308,0.1190837174654007,0.0333070829510688,0.0823427960276603,0.0754620879888534,0.0546997934579849,0.0355977565050125,0.4525724351406097,0.0875420495867729
0.352985680103302,0.1043331250548362,0.4475448429584503,0.0812497362494468,0.3863841295242309,0.5385333299636841,0.1162581816315651,0.3784232139587402,0.0078291269019246,0.1304178237915039,0.0046112313866615,0.2202144116163253,0.1854888200759887,0.0597679242491722,0.4548543095588684,0.0715388059616088,0.0199560821056365,0.1081931367516517,0.007570223417133,0.183127298951149,0.1359712183475494,0.1890001147985458,0.0986523628234863,0.030875327065587,0.0082530789077281,0.1490140557289123,0.0222462937235832,0.1786137968301773,0.4093832075595855,0.1938987821340561,0.2194773852825164,0.0557714030146598,0.0570296831429004,0.1179465800523758,0.0330635979771614,0.0824706554412841,0.075215645134449,0.0543744266033172,0.0353559963405132,0.4538809061050415,0.0874873846769332
0.3293016254901886,0.0991381853818893,0.4256045818328857,0.0784916654229164,0.3726058006286621,0.520630955696106,0.1168476939201355,0.3645123243331909,0.0082406336441636,0.1295722723007202,0.0064333663322031,0.2186699956655502,0.1701190769672393,0.059515081346035,0.4199351668357849,0.0730033814907074,0.0191956330090761,0.1079086735844612,0.009364191442728,0.1812524199485778,0.1375072002410888,0.1855960488319397,0.0872470736503601,0.0357242971658706,0.0096145290881395,0.1455459296703338,0.0248324684798717,0.1667527109384536,0.3992481231689453,0.195599764585495,0.2260801494121551,0.0560942962765693,0.0574346259236335,0.1286641061305999,0.0351096391677856,0.0813886225223541,0.0751179903745651,0.0551112927496433,0.0360069721937179,0.4632779955863952,0.0921751111745834
0.3297889232635498,0.0991722792387008,0.4248049259185791,0.0787483304738998,0.368446409702301,0.5171349048614502,0.1138590201735496,0.3592950105667114,0.0081628570333123,0.1279962211847305,0.0064877849072217,0.2181030809879303,0.1686282753944397,0.0598361529409885,0.4183341264724731,0.0733806788921356,0.0192671753466129,0.1080909743905067,0.0094081722199916,0.1832189410924911,0.1369103342294693,0.1843004077672958,0.086493894457817,0.0357806645333766,0.0097277192398905,0.1459702849388122,0.0249126031994819,0.1675488054752349,0.403230220079422,0.1959276646375656,0.2293494343757629,0.0571929775178432,0.0582034476101398,0.1318035721778869,0.0356173440814018,0.0813415572047233,0.0751232877373695,0.0552671663463115,0.0359535962343215,0.4638971090316772,0.0922697186470031
0.3470915853977203,0.0901155397295951,0.4194425344467163,0.087692841887474,0.3832765221595764,0.541823148727417,0.1116724982857704,0.4062597155570984,0.0073364302515983,0.123765118420124,0.0032974896021187,0.2144229561090469,0.2055274546146392,0.057501882314682,0.4822920560836792,0.073604866862297,0.0201266929507255,0.1120976507663726,0.00594233116135,0.2007715106010437,0.1636846661567688,0.1851467341184616,0.1009876579046249,0.0312738046050071,0.0094505809247493,0.1518989652395248,0.020207941532135,0.1632227003574371,0.3884697556495666,0.185656189918518,0.2162196040153503,0.0389279201626777,0.0493068322539329,0.1355784982442855,0.0369223766028881,0.0769089832901954,0.0880532786250114,0.0524216070771217,0.0350861176848411,0.4496528804302215,0.0842810571193695
0.3463357090950012,0.0891670286655426,0.4223394989967346,0.0810358375310897,0.3824585676193237,0.5428729057312012,0.1129084154963493,0.4072358608245849,0.0072916038334369,0.1233457699418068,0.0034846332855522,0.2142868340015411,0.2063677906990051,0.0575462952256202,0.4840441942214966,0.0733880549669265,0.0200906340032815,0.1121683865785598,0.0058501134626567,0.2003948390483856,0.1666017174720764,0.1841239333152771,0.1009678095579147,0.0315428227186203,0.0094704777002334,0.1520185470581054,0.0203331485390663,0.1630813330411911,0.3873738646507263,0.1851001530885696,0.2158324867486953,0.038237065076828,0.0485338605940341,0.1350319236516952,0.0368885695934295,0.0772821530699729,0.0882519483566284,0.0523803681135177,0.0351543314754962,0.4508125782012939,0.0844771265983581
0.3428491652011871,0.0871495902538299,0.4170944690704345,0.087049089372158,0.3874403834342956,0.5207173824310303,0.117646113038063,0.4080428779125213,0.0072200391441583,0.1266904324293136,0.0047089322470128,0.2119912058115005,0.2055603563785553,0.0577928982675075,0.4747901558876037,0.0739172101020813,0.0206091292202472,0.1133485212922096,0.0063282717019319,0.1968989670276641,0.1652547270059585,0.1879888474941253,0.1018886566162109,0.0323557928204536,0.0095825083553791,0.1505066454410553,0.0209127385169267,0.1647468507289886,0.4003818035125732,0.1873176395893097,0.2275348305702209,0.0386431738734245,0.0490322075784206,0.1413891762495041,0.037346925586462,0.0759073793888092,0.0885278806090354,0.0538374111056327,0.0352153927087783,0.4541025161743164,0.0854452326893806
0.3362986445426941,0.0837767049670219,0.4229052662849426,0.0870242789387703,0.3829895853996277,0.550652801990509,0.1177714094519615,0.4023895561695099,0.0072562522254884,0.1251929998397827,0.0045437267981469,0.2103858590126037,0.2009363770484924,0.0571617595851421,0.469541072845459,0.0746752545237541,0.0205546990036964,0.1112029179930687,0.0064271809533238,0.1956644803285598,0.1663366854190826,0.1877326667308807,0.1010096073150634,0.0320032462477684,0.009675433859229,0.1415373682975769,0.0210031047463417,0.1636012494564056,0.3993220925331116,0.1864903569221496,0.228036880493164,0.0385191291570663,0.0488853976130485,0.1427320688962936,0.0379683896899223,0.0760640799999237,0.0890665650367736,0.0528618469834327,0.0347128547728061,0.4540541768074035,0.0856643542647361
0.3166346549987793,0.0855739116668701,0.4250047504901886,0.0787330493330955,0.3642767667770386,0.5166054964065552,0.100567914545536,0.3127916753292084,0.0076223034411668,0.1136375293135643,0.0043480694293975,0.2163749933242797,0.1739392727613449,0.0587237998843193,0.4410941898822784,0.0745773017406463,0.0196837447583675,0.104647621512413,0.0074791153892874,0.1878297328948974,0.1479745805263519,0.1864793300628662,0.0906179398298263,0.0364712961018085,0.0097922328859567,0.1451713740825653,0.0241199322044849,0.1695204675197601,0.4043249487876892,0.1965323984622955,0.2275771796703338,0.041262362152338,0.0506401099264621,0.1360821425914764,0.0340450033545494,0.0688099637627601,0.0959580093622207,0.0519283488392829,0.0341971516609191,0.4533299803733825,0.093919426202774
0.3127647638320923,0.0837058424949646,0.4282747805118561,0.0792514532804489,0.3617494106292724,0.5150206685066223,0.1006557494401931,0.3100888133049011,0.0078481985256075,0.1120613142848014,0.0043537756428122,0.2147886753082275,0.1710840016603469,0.0592744313180446,0.4382751584053039,0.0750893205404281,0.0196001175791025,0.1045168563723564,0.0075680380687117,0.1867719888687133,0.1488422006368637,0.186755746603012,0.089666798710823,0.0363741666078567,0.0099903522059321,0.1851068139076233,0.0245075300335884,0.1704557538032531,0.4082376956939697,0.1963659226894378,0.2301557958126068,0.0414295569062233,0.0509442947804927,0.1376506984233856,0.0343567728996276,0.0692703127861023,0.0961047932505607,0.0520545095205307,0.0341100990772247,0.4542355537414551,0.0937936156988143
0.275014579296112,0.0805353671312332,0.4248664975166321,0.0862379893660545,0.376764565706253,0.5350638628005981,0.0957125127315521,0.3767197430133819,0.0074948598630726,0.1209459453821182,0.0040173861198127,0.2091260701417923,0.1889390498399734,0.0790152177214622,0.4694573581218719,0.0754961967468261,0.0209161564707756,0.1100434958934784,0.0079310191795229,0.1997954696416854,0.1719996333122253,0.1838986575603485,0.0932547971606254,0.0260368753224611,0.0101745603606104,0.143931895494461,0.0219361744821071,0.1545366793870926,0.4081822037696838,0.190134048461914,0.2265499830245971,0.0400502234697341,0.0481090806424617,0.1410647630691528,0.038661241531372,0.0784882158041,0.0909928977489471,0.0511795505881309,0.0345014370977878,0.4533120393753052,0.0857438892126083
0.2733789384365082,0.080185629427433,0.4272321760654449,0.0858940780162811,0.3749965727329254,0.5340721607208252,0.0939465165138244,0.3734566867351532,0.007493307814002,0.1196128651499748,0.0041918768547475,0.2088667452335357,0.1846230179071426,0.0790631026029586,0.4666979312896728,0.0758365020155906,0.0208979845046997,0.1089095026254654,0.0080107906833291,0.1982364803552627,0.1721941530704498,0.1829402148723602,0.0914968028664588,0.0259295180439949,0.0102009829133749,0.1440505236387252,0.0222609434276819,0.1549815237522125,0.4099119305610657,0.1908377110958099,0.2290533632040023,0.0405890345573425,0.0487961918115615,0.1436211615800857,0.0393596887588501,0.0786124691367149,0.0917249619960784,0.0510190613567829,0.0345212891697883,0.454172134399414,0.086502768099308
0.2994694411754608,0.0905844941735267,0.4398064017295837,0.0842987075448036,0.3782814741134643,0.5115111470222473,0.0975405201315879,0.3414168953895569,0.0066455602645874,0.1174414008855819,0.0069845528341829,0.2111344635486602,0.1544619798660278,0.0592479854822158,0.4069139659404754,0.0743460804224014,0.0206762291491031,0.108421042561531,0.0075363116338849,0.1848367154598236,0.1421812325716018,0.1834331154823303,0.080853134393692,0.0374071076512336,0.0106687908992171,0.1905601769685745,0.025849400088191,0.1660743057727813,0.4190879464149475,0.1968708336353302,0.2476894706487655,0.0604971759021282,0.0582497231662273,0.1409966051578521,0.0370262488722801,0.0826744139194488,0.0809628963470459,0.0537632703781127,0.0356041006743907,0.4534240961074829,0.0949020534753799
0.2766622006893158,0.0778868198394775,0.4366572499275207,0.0870480388402938,0.378106951713562,0.5293735265731812,0.0936501175165176,0.3738764822483063,0.0121611282229423,0.1143538653850555,0.0051165325567126,0.216436967253685,0.1766737699508667,0.0810562074184417,0.4574784934520721,0.0772514194250106,0.0216255262494087,0.1085303723812103,0.0064921607263386,0.1900113373994827,0.1604866832494735,0.186183676123619,0.0847228839993476,0.025757685303688,0.0109572224318981,0.149974375963211,0.0235337242484092,0.1597612500190735,0.4236810803413391,0.1900407373905182,0.2382478564977646,0.0431723818182945,0.0505596585571765,0.1476162075996399,0.0392422676086425,0.082037054002285,0.0934517532587051,0.0608212016522884,0.0411948934197425,0.4457760751247406,0.0902304053306579
0.3128963112831116,0.0793983861804008,0.4785401821136474,0.0799358040094375,0.3667666912078857,0.5238843560218811,0.0987454950809478,0.3752172589302063,0.0094284443184733,0.1090417951345443,0.0048915585502982,0.2128616571426391,0.1570960730314254,0.0595053099095821,0.4421864151954651,0.0743282511830329,0.0206778086721897,0.1015086993575096,0.0069807581603527,0.1794620305299759,0.1497425436973571,0.1869668215513229,0.0847367122769355,0.0341583900153636,0.0097729712724685,0.1498673260211944,0.0264725796878337,0.1704371571540832,0.4062725603580475,0.1937419325113296,0.2295905947685241,0.0567127205431461,0.0533103495836257,0.1374541521072387,0.0348339416086673,0.0782469511032104,0.0929882600903511,0.051045686006546,0.0344005040824413,0.4531504809856415,0.0922846794128418
0.3140246570110321,0.0799525827169418,0.4758526682853699,0.0859452113509178,0.3680647611618042,0.5219787359237671,0.0981729850172996,0.3739660978317261,0.0097014140337705,0.1094946563243866,0.0050618811510503,0.2130956351757049,0.1551956981420517,0.0600624978542327,0.4350310564041137,0.0746911615133285,0.0209344662725925,0.1015737950801849,0.0070081250742077,0.1786238849163055,0.1453734338283538,0.1874105781316757,0.0827893763780593,0.0336657166481018,0.009886217303574,0.1508174538612365,0.0264060944318771,0.1707514077425003,0.4079277217388153,0.1944578289985656,0.2310203164815902,0.0572686195373535,0.0538968108594417,0.1372179687023162,0.0349064618349075,0.0782542079687118,0.0929360538721084,0.0514644868671894,0.0345495603978633,0.4531897008419037,0.0925666391849517
0.3160893321037292,0.0804359465837478,0.4884060323238373,0.0857327729463577,0.3681636452674866,0.4826753139495849,0.1081786006689071,0.311642587184906,0.0096656130626797,0.1049109399318695,0.0042276848107576,0.2121578902006149,0.150282397866249,0.0571974217891693,0.4350814521312713,0.0743038058280944,0.0208590440452098,0.0995006635785102,0.0066124508157372,0.1779570132493972,0.143532246351242,0.1897676587104797,0.0843145847320556,0.0325100719928741,0.0101107619702816,0.1739997267723083,0.0264525189995765,0.1697793304920196,0.4013981819152832,0.1976406723260879,0.2286442667245865,0.0560024157166481,0.0524116158485412,0.1335123181343078,0.0341769307851791,0.0711990892887115,0.0961385518312454,0.0508332327008247,0.0346201919019222,0.4499452412128448,0.0908318758010864
0.3145489692687988,0.081130713224411,0.4923117160797119,0.085760660469532,0.3719779253005981,0.482009619474411,0.1076446175575256,0.3098024129867553,0.0095345042645931,0.105124145746231,0.0044642579741775,0.2119379639625549,0.1517634838819503,0.0566563084721565,0.4423522353172302,0.0743496268987655,0.021081194281578,0.0990490242838859,0.0066899098455905,0.1795385330915451,0.1468053162097931,0.1884860545396804,0.0833977907896041,0.0325971283018589,0.0101428925991058,0.1749669313430786,0.0264429450035095,0.169863685965538,0.4028696417808532,0.1981979310512542,0.2295421063899994,0.056236632168293,0.0518690831959247,0.1335773169994354,0.0341409370303154,0.0714033469557762,0.0960068777203559,0.0505870357155799,0.0346413031220436,0.4494999647140503,0.0905355066061019
0.3186050653457641,0.0786212980747222,0.4782836139202118,0.0861176252365112,0.3678494989871979,0.4896742105484009,0.101659707725048,0.3784849345684051,0.0088328747078776,0.1120146661996841,0.0044028740376234,0.2129392474889755,0.1643683612346649,0.055750660598278,0.4542872607707977,0.0755840614438057,0.0208856873214244,0.0988645255565643,0.0069252243265509,0.1852504312992096,0.1528215706348419,0.1907932013273239,0.0866705477237701,0.0325210243463516,0.0099262092262506,0.1712093651294708,0.0245199128985404,0.1655834019184112,0.3960720896720886,0.1911998987197876,0.2270890921354293,0.057230457663536,0.0534085817635059,0.1376504749059677,0.0346060656011104,0.0796021670103073,0.0937813520431518,0.0511952601373195,0.0352270454168319,0.439990758895874,0.0889639258384704
0.3179231286048889,0.0779440701007843,0.4753299355506897,0.0861493498086929,0.3660330474376678,0.4896837770938873,0.1006327420473098,0.3784058094024658,0.0090975305065512,0.1114517003297805,0.0046108197420835,0.2127879858016967,0.1631068587303161,0.0566700771450996,0.4486239552497864,0.0759142711758613,0.0208900682628154,0.0993983373045921,0.0068420958705246,0.1842698454856872,0.1498204469680786,0.1926286220550537,0.0846657827496528,0.0329087525606155,0.0099772764369845,0.176125094294548,0.0247516334056854,0.1662081182003021,0.3976799845695495,0.1911582797765731,0.2275260835886001,0.057536881417036,0.053632952272892,0.1375397443771362,0.0346692129969596,0.0789007395505905,0.0929666310548782,0.0510740503668785,0.0351618416607379,0.440315842628479,0.0894064232707023
0.2814376056194305,0.0786158144474029,0.4276401400566101,0.0849996730685234,0.3749256432056427,0.5166765451431274,0.1078300029039383,0.3926640152931213,0.0160236172378063,0.1158414334058761,0.0041652736254036,0.2084200084209442,0.1853172779083252,0.0547352060675621,0.4778058230876922,0.0754195749759674,0.0210878811776638,0.1007704585790634,0.0056820926256477,0.1874299347400665,0.1605749726295471,0.1949115693569183,0.0885721296072006,0.0294489730149507,0.0098210256546735,0.1751420199871063,0.0212449952960014,0.1505286693572998,0.4014862775802612,0.1867421269416809,0.2263313382863998,0.0430986359715461,0.0524830445647239,0.1532765477895736,0.03861054033041,0.0799480825662612,0.0946580916643142,0.0709774121642112,0.0434686839580535,0.4386925101280212,0.082270473241806
0.2821823358535766,0.0797652006149292,0.4268163740634918,0.0853403657674789,0.3755153715610504,0.52338045835495,0.109441228210926,0.3954162895679474,0.0160386990755796,0.1195930242538452,0.0038030901923775,0.210519939661026,0.189261332154274,0.0531042069196701,0.4849013984203338,0.0753064379096031,0.0210290011018514,0.0999688580632209,0.0053239851258695,0.1889746636152267,0.1634162813425064,0.1930927485227584,0.0919961929321289,0.0291999652981758,0.009614554233849,0.1721732318401336,0.0204655863344669,0.1478630900382995,0.3911806344985962,0.186639666557312,0.2187013030052185,0.0419720634818077,0.0513218194246292,0.1504494100809097,0.0382241383194923,0.0794127881526947,0.093921422958374,0.0706501230597496,0.0436251945793628,0.4362020492553711,0.0823849588632583
0.2747774124145508,0.0772342458367347,0.4278741180896759,0.0859304964542388,0.3787934780120849,0.5201544165611267,0.1141705736517906,0.3902627229690552,0.0161652565002441,0.1195474416017532,0.0042504789307713,0.2086987346410751,0.184714138507843,0.0548758804798126,0.4853831529617309,0.0757746249437332,0.0212193801999092,0.1016960740089416,0.0058115916326642,0.1903957724571228,0.167325884103775,0.1892634034156799,0.0901493653655052,0.0242341309785842,0.0095568848773837,0.1726649105548858,0.0208210777491331,0.1494146287441253,0.3964403569698334,0.1854160577058792,0.221227079629898,0.0402707234025001,0.0496196150779724,0.1527585685253143,0.0387498997151851,0.0798699706792831,0.0930803567171096,0.0721554607152938,0.0435925349593162,0.4399774670600891,0.0830164328217506
0.2717550098896026,0.0771109163761138,0.4306148886680603,0.0861162841320037,0.3805498480796814,0.5220388174057007,0.1151102036237716,0.3893108963966369,0.0163063146173954,0.1202627047896385,0.0042799222283065,0.2088224589824676,0.1848455518484115,0.0544937588274478,0.490149438381195,0.07577595859766,0.021248236298561,0.1014111191034317,0.0056249806657433,0.1903829872608184,0.1692307740449905,0.1891199946403503,0.0901354998350143,0.0244334693998098,0.0095611754804849,0.1725296527147293,0.0208347924053668,0.1493835896253585,0.3958407044410705,0.1858563721179962,0.2216414660215377,0.0399731174111366,0.0495227165520191,0.1518807709217071,0.0383796393871307,0.0804301798343658,0.0938425511121749,0.0724063292145729,0.0436430163681507,0.4382881224155426,0.0830855667591095
0.2823939323425293,0.0797063633799552,0.4360477328300476,0.0875250697135925,0.3882536292076111,0.5421819686889648,0.1144491732120513,0.3930730819702148,0.0077934991568326,0.1172062158584594,0.0040820697322487,0.2103869616985321,0.1879708170890808,0.0552277639508247,0.4880695343017578,0.0749715343117713,0.0216939318925142,0.1046369075775146,0.0070665553212165,0.193125918507576,0.1651976406574249,0.1866838037967682,0.0924495756626129,0.0247682034969329,0.0094158370047807,0.1531724482774734,0.0205286759883165,0.1496465504169464,0.3955986797809601,0.1867829412221908,0.219618871808052,0.0391756482422351,0.0470941290259361,0.1444856226444244,0.0374424159526824,0.0805384516716003,0.090619295835495,0.049379363656044,0.0349093042314052,0.4392878711223602,0.0829398781061172
0.2830559313297272,0.0806524008512497,0.434975802898407,0.0875779166817665,0.3879269063472748,0.5443958044052124,0.1151541545987129,0.3943681418895721,0.0076598469167947,0.1178813278675079,0.0041789840906858,0.2112941145896911,0.1896511018276214,0.0551250427961349,0.4881613850593567,0.0747452676296234,0.0216072984039783,0.1051088720560073,0.0052006477490067,0.1928465366363525,0.1639111489057541,0.1865189224481582,0.0930787697434425,0.0304214768111705,0.0093837212771177,0.1531589180231094,0.0205319542437791,0.1497913599014282,0.3942919969558716,0.18730528652668,0.2189870476722717,0.0389474853873252,0.0469037815928459,0.1434691548347473,0.0371473915874958,0.0804814025759697,0.0906524583697319,0.0492197200655937,0.0349150635302066,0.4382087588310241,0.0829596519470214
0.280516505241394,0.0843894034624099,0.4723605513572693,0.0855103209614753,0.3802518844604492,0.5234246850013733,0.1114853024482727,0.3866771757602691,0.0087369345128536,0.1150172427296638,0.0051165856420993,0.2185048162937164,0.1739706993103027,0.0563312470912933,0.4626938104629516,0.0749411731958389,0.0214555971324443,0.102984070777893,0.0071098301559686,0.190271720290184,0.1573250442743301,0.1897656768560409,0.0872925519943237,0.0342400260269641,0.0097852246835827,0.1538853794336319,0.0238640494644641,0.1550777554512024,0.4098199605941772,0.1937929838895797,0.2248346805572509,0.0567354969680309,0.0537075400352478,0.1378611028194427,0.03547865152359,0.0777794420719146,0.0919139832258224,0.0516547486186027,0.0358659252524375,0.4380598068237304,0.0901923775672912
0.2784989774227142,0.0847599431872367,0.4676771759986877,0.0852807313203811,0.3810321688652038,0.5226966142654419,0.1110183745622634,0.3862245380878448,0.008685472421348,0.1156511083245277,0.0054809241555631,0.2183514088392257,0.1720510423183441,0.057021040469408,0.4590700566768646,0.0751089602708816,0.0214228071272373,0.1032739728689193,0.0070710638538002,0.189299464225769,0.1557511091232299,0.1907386481761932,0.0863470584154129,0.0345953330397605,0.0100476490333676,0.1471887528896331,0.024174915626645,0.1553865671157837,0.4133362174034118,0.1946369856595993,0.227937713265419,0.0574156828224659,0.0544749312102794,0.1394252777099609,0.0358996167778968,0.077853687107563,0.0921384021639823,0.051968514919281,0.0359256081283092,0.4384102821350097,0.0905466228723526
0.2731408178806305,0.0829776972532272,0.4794404506683349,0.0866971909999847,0.383320152759552,0.4977405071258545,0.1158160418272018,0.382748007774353,0.0092862751334905,0.1115087643265724,0.0059199770912528,0.2160889059305191,0.1674787402153015,0.0578068122267723,0.4642478823661804,0.073906309902668,0.0211218073964118,0.1059051603078842,0.0067751007154583,0.1824584901332855,0.1532005667686462,0.1934267282485962,0.0850163549184799,0.0351576283574104,0.0111318472772836,0.153532937169075,0.0262491069734096,0.1580874621868133,0.4141086637973785,0.1974701583385467,0.2286740392446518,0.0587572827935218,0.0552407130599021,0.1393359899520874,0.0359092913568019,0.079813040792942,0.0938685238361358,0.0535553060472011,0.0357623174786567,0.4453538656234741,0.0920274704694747
0.2876397669315338,0.0841511636972427,0.4365845918655395,0.0865826904773712,0.3936978876590729,0.5292531251907349,0.1215870678424835,0.4012895822525024,0.0082410629838705,0.1207193434238433,0.0048391763120889,0.2099800705909729,0.196267157793045,0.0552600100636482,0.5001003742218018,0.0724967271089553,0.021514082327485,0.1098271906375885,0.0069885486736893,0.1910170316696167,0.1676542460918426,0.1924528777599334,0.0943185836076736,0.0316731557250022,0.0100172823294997,0.1770345568656921,0.0213788393884897,0.1529996544122696,0.3988257646560669,0.1918396055698394,0.2222073227167129,0.0406342819333076,0.0505806803703308,0.1461419463157653,0.0374298319220542,0.0810917392373085,0.0937892347574234,0.0510921031236648,0.034868836402893,0.4419007897377014,0.0850129425525665
0.2881690263748169,0.0885930955410003,0.4370376765727997,0.0858291834592819,0.4090609550476074,0.5258480310440063,0.1216117441654205,0.4034844636917114,0.0164444278925657,0.1217492893338203,0.0049072634428739,0.2056367397308349,0.1996935904026031,0.0557086393237113,0.50918048620224,0.0726023986935615,0.0221416316926479,0.1091463863849639,0.0050312238745391,0.1896931529045105,0.1755472719669342,0.1889510154724121,0.0939535871148109,0.0326785519719123,0.0097880605608224,0.176464632153511,0.0208004750311374,0.15568208694458,0.4141401052474975,0.1946291923522949,0.2341969609260559,0.0421318598091602,0.0504833981394767,0.1497771441936493,0.0379898473620414,0.080923780798912,0.0942953824996948,0.0758169144392013,0.0431828647851944,0.4374109506607055,0.0843287259340286
0.2682585716247558,0.0854191929101944,0.4367834329605102,0.0838105678558349,0.397186815738678,0.500321626663208,0.107627272605896,0.3801445960998535,0.0119140930473804,0.1171904653310775,0.0069582075811922,0.2060405910015106,0.1772466301918029,0.0567164272069931,0.4773945808410644,0.0751612335443496,0.0219679921865463,0.1055914387106895,0.0076141189783811,0.1860989928245544,0.1658653914928436,0.1889094561338424,0.0847772806882858,0.0324551910161972,0.0106899347156286,0.1542850732803344,0.0245912708342075,0.159309446811676,0.4289786219596863,0.2017587125301361,0.2421292066574096,0.0466921478509902,0.056536853313446,0.1528878509998321,0.0382221937179565,0.0779941380023956,0.0960928797721862,0.0626706629991531,0.0429169386625289,0.4476743042469024,0.0879508703947067
0.2755634784698486,0.0885934755206108,0.4378098845481872,0.0853209346532821,0.3987892270088196,0.498831033706665,0.1073514074087143,0.3815252780914306,0.0116423200815916,0.1145565137267112,0.0064464705064892,0.2149792611598968,0.1759027242660522,0.0583226568996906,0.4848837554454803,0.0741025209426879,0.0221983604133129,0.1081370115280151,0.00734852720052,0.1859262287616729,0.1596492230892181,0.1913183182477951,0.0826631337404251,0.0335219055414199,0.0105813508853316,0.1572033464908599,0.0254399441182613,0.1625877022743225,0.4329246282577514,0.2047483026981353,0.2450974583625793,0.0475566647946834,0.0559973791241645,0.152265727519989,0.0376275964081287,0.0791015774011612,0.0961389690637588,0.0627630800008773,0.0430426932871341,0.4391283988952636,0.0911201238632202
0.2744995951652527,0.0884126350283622,0.435579389333725,0.0847161337733268,0.3996116518974304,0.5009153485298157,0.1066675409674644,0.382381409406662,0.0117891766130924,0.1166675090789794,0.0066387662664055,0.2158072292804718,0.1744999885559082,0.0581482052803039,0.4797919392585754,0.0746404454112052,0.0222440175712108,0.1078431606292724,0.0074628619477152,0.184846431016922,0.1595232486724853,0.1921072453260421,0.0819363445043563,0.0333668440580368,0.0104157282039523,0.1568581461906433,0.0249280631542205,0.1616116464138031,0.4326628446578979,0.2045818865299224,0.2467307448387146,0.0478859208524227,0.0567740350961685,0.1534936130046844,0.0384396091103553,0.0791175961494445,0.0955456495285034,0.0635504424571991,0.0431975796818733,0.4382127523422241,0.0919888168573379
0.2691559195518493,0.0832122713327407,0.4435208439826965,0.0854031816124916,0.3887850046157837,0.501880407333374,0.1150137782096862,0.3812001049518585,0.0125260539352893,0.1149121075868606,0.0069163045845925,0.2151629626750946,0.1696100085973739,0.0577841699123382,0.4726379811763763,0.0751846432685852,0.0214513763785362,0.1065694093704223,0.0080167418345808,0.180003136396408,0.1620106995105743,0.1929729282855987,0.0848224833607673,0.0333351753652095,0.0113118709996342,0.1568157970905304,0.0267246775329113,0.1629332602024078,0.4304920732975006,0.2026728987693786,0.2464975118637085,0.0460808277130126,0.0565228015184402,0.1522922217845916,0.0380244590342044,0.0795737877488136,0.097026415169239,0.0627565681934356,0.0420783162117004,0.4459728002548218,0.0934018343687057
0.268090009689331,0.0831208080053329,0.43666872382164,0.0853580459952354,0.3886771500110626,0.5026355385780334,0.1152392625808715,0.3832655549049377,0.0125576863065361,0.1177263706922531,0.0070646116510033,0.2152433395385742,0.1699224114418029,0.0579541139304637,0.4693447649478912,0.0751807242631912,0.0216712765395641,0.1065134108066558,0.0080336770042777,0.1794462949037552,0.1596044152975082,0.1931123733520507,0.0840397104620933,0.0333651155233383,0.0113501250743865,0.1558176875114441,0.0263953246176242,0.1617058962583542,0.429332286119461,0.201980710029602,0.245728462934494,0.0462246835231781,0.05733323097229,0.1532144099473953,0.0384247787296772,0.0791803300380706,0.0973666235804557,0.0628534406423568,0.0419236421585083,0.4450913965702057,0.0939147323369979
0.3829752206802368,0.1170783787965774,0.3341797590255737,0.0883198752999305,0.3762327134609222,0.5195498466491699,0.1200657486915588,0.415958046913147,0.0123422043398022,0.1446890532970428,0.0049770688638091,0.2317966967821121,0.2017910778522491,0.0686443522572517,0.4370186030864715,0.0672634616494178,0.0211503654718399,0.1303852647542953,0.0095688747242093,0.1554904580116272,0.1262576282024383,0.2048040628433227,0.1032753884792327,0.033764436841011,0.0117132849991321,0.1376130729913711,0.0232911743223667,0.1847441792488098,0.4077482521533966,0.1969164311885833,0.2290081083774566,0.0405276343226432,0.0526907406747341,0.1252751350402832,0.0333967171609401,0.0797829180955886,0.0780337676405906,0.0727715566754341,0.0397670716047287,0.4512279331684112,0.0897769629955291
0.3852463662624359,0.1177351921796798,0.3281629681587219,0.0882146060466766,0.3737982511520386,0.551487386226654,0.118599072098732,0.4156830012798309,0.0124252028763294,0.1474659144878387,0.0051287217065691,0.2329704761505127,0.201866865158081,0.0683238878846168,0.4325155317783355,0.0674436464905738,0.0209583342075347,0.1295636296272277,0.0106756761670112,0.1545601636171341,0.1239013224840164,0.2038470059633255,0.1033990532159805,0.0334694311022758,0.0116297211498022,0.1375489234924316,0.0231250338256359,0.1842336058616638,0.4046916365623474,0.196422278881073,0.2263804525136947,0.0406955666840076,0.0531839728355407,0.1241554170846939,0.0332516804337501,0.0791793242096901,0.0770111083984375,0.0724197700619697,0.0397880300879478,0.4513872265815735,0.0901405811309814
0.2809449434280395,0.0884130895137786,0.4347147345542907,0.0857028216123581,0.3938600420951843,0.5094966292381287,0.1159932985901832,0.3921414911746979,0.0125544946640729,0.1162916347384452,0.0067084897309541,0.2080031782388687,0.1808533370494842,0.0559210740029811,0.4832066297531128,0.0735908225178718,0.0215355195105075,0.1102069392800331,0.0070017371326684,0.1832992434501648,0.1614170670509338,0.1912470757961273,0.0858033597469329,0.0376688614487648,0.0112063251435756,0.1545897424221038,0.0250682160258293,0.1613630056381225,0.4218407869338989,0.2022763192653656,0.2379350066184997,0.0452342629432678,0.0557024925947189,0.1474016010761261,0.0371068604290485,0.0790049508213996,0.0951548069715499,0.0628134608268737,0.0423465408384799,0.45256507396698,0.0892506539821624
0.2799631357192993,0.08754563331604,0.4320363998413086,0.0857669040560722,0.3936627507209778,0.513014554977417,0.118160031735897,0.3935944139957428,0.0126180695369839,0.1171340942382812,0.0068400343880057,0.2086397856473922,0.180979773402214,0.0562627613544464,0.4809004068374634,0.0738687068223953,0.0214372929185628,0.1111320108175277,0.0069815455935895,0.1824806332588195,0.1608291119337082,0.1917774677276611,0.0866399407386779,0.0339401140809059,0.0112612023949623,0.1549838185310363,0.0251570455729961,0.1604640185832977,0.420914351940155,0.2007896900177002,0.2384687960147857,0.045465312898159,0.0558891482651233,0.1483606994152069,0.0373316556215286,0.07886902987957,0.0949726328253746,0.0629801154136657,0.0423175320029258,0.4525560736656189,0.0894582942128181
0.3813462853431701,0.1090327724814415,0.3264414370059967,0.0944454967975616,0.3948841691017151,0.5474951267242432,0.1337696611881256,0.4680109024047851,0.0128218960016965,0.1586245596408844,0.0052837934345006,0.2292709350585937,0.2281240969896316,0.0689069777727127,0.4948627948760986,0.0658695697784423,0.0213460251688957,0.1370816528797149,0.0045877313241362,0.1597141921520233,0.1375774145126342,0.2043652385473251,0.105302020907402,0.0362798199057579,0.0128084365278482,0.1400281488895416,0.0227901823818683,0.1824503242969513,0.398648202419281,0.191425621509552,0.2245614826679229,0.0395961664617061,0.0501587353646755,0.1308424472808838,0.0347882285714149,0.1048851311206817,0.1071390509605407,0.0727905929088592,0.0399627760052681,0.440071702003479,0.0853999257087707
0.380504310131073,0.1073908880352974,0.3263437747955322,0.0867287740111351,0.388648509979248,0.5417337417602539,0.1328233182430267,0.4641696214675903,0.0130937192589044,0.153532937169075,0.0056526213884353,0.2280117869377136,0.22225221991539,0.0704691186547279,0.4856095910072326,0.0665256604552269,0.0212549269199371,0.1375375688076019,0.004987291060388,0.1570702642202377,0.1326688230037689,0.2043030560016632,0.1027114018797874,0.036639966070652,0.013105047866702,0.1419337540864944,0.0236387681216001,0.1831195950508117,0.4025349617004394,0.1913570463657379,0.2281007021665573,0.0402523130178451,0.050336729735136,0.1306446492671966,0.0348238572478294,0.105587400496006,0.1074417605996131,0.0728195086121559,0.0400918088853359,0.4408388137817383,0.0856197029352188
0.3571061491966247,0.1220824867486953,0.3154382705688476,0.0883395969867706,0.3611599802970886,0.5521668195724487,0.1270028948783874,0.4107110202312469,0.0122416336089372,0.1543748080730438,0.0058017191477119,0.2306553721427917,0.1911537051200866,0.0645960196852684,0.4237924814224243,0.0689852237701416,0.0210362020879983,0.1218848824501037,0.0115274162963032,0.1490718424320221,0.1335358470678329,0.1971793174743652,0.1027973517775535,0.0480631962418556,0.0120125822722911,0.1361016780138015,0.0222344044595956,0.1834824085235595,0.4067047238349914,0.2027806937694549,0.2283231914043426,0.0415690466761589,0.056423258036375,0.1294154822826385,0.0330648273229599,0.0849504321813583,0.0789237022399902,0.0733143240213394,0.0404767468571662,0.4612035453319549,0.094591237604618
0.3538835346698761,0.1205985844135284,0.3159534037113189,0.0879334062337875,0.3619394600391388,0.5546388626098633,0.127813920378685,0.4133945107460022,0.0124378725886344,0.1562523394823074,0.0057421117089688,0.231133371591568,0.1913060545921325,0.064301960170269,0.4198750853538513,0.0692003369331359,0.0209421552717685,0.1208053156733512,0.0116315484046936,0.1488110423088073,0.1333107054233551,0.1988079249858856,0.1031817942857742,0.0477601140737533,0.0116971209645271,0.1351213604211807,0.0218318700790405,0.1818412691354751,0.4065560698509216,0.2008425891399383,0.2269206941127777,0.0412418060004711,0.0561407655477523,0.1285544484853744,0.0331658720970153,0.084459364414215,0.0786251872777938,0.0729448795318603,0.0403079837560653,0.4613670706748962,0.094255544245243
0.3018993139266968,0.0926790907979011,0.45247483253479,0.0862274765968322,0.3933033347129822,0.5231481790542603,0.1223353892564773,0.4066927433013916,0.0164871737360954,0.1287304610013961,0.0073192995041608,0.2198963463306427,0.1855498850345611,0.0584505833685398,0.4885498881340027,0.0715123862028122,0.021815987303853,0.1181503683328628,0.0107645522803068,0.1773013770580291,0.1628874838352203,0.197346493601799,0.0977873876690864,0.048428401350975,0.0129440762102603,0.1770959645509719,0.0257462374866008,0.1712806522846222,0.3919844627380371,0.2040096372365951,0.2407399117946624,0.0594345219433307,0.061075534671545,0.1435160636901855,0.0351659432053566,0.0795899704098701,0.0979402214288711,0.0814072340726852,0.0466028377413749,0.4456590414047241,0.0893887653946876
0.2978719472885132,0.0945174992084503,0.4491679668426513,0.0861596316099166,0.3953942656517029,0.5284192562103271,0.1232482567429542,0.4096487760543823,0.0164840705692768,0.1325142979621887,0.0072880983352661,0.222431480884552,0.1890675127506256,0.0574478805065155,0.4941453337669372,0.0715055465698242,0.0217869933694601,0.1191998422145843,0.0106229577213525,0.1786253750324249,0.1646893322467804,0.1971823424100875,0.0999734252691268,0.0485131368041038,0.0126416971907019,0.1759205162525177,0.0252726450562477,0.1688126325607299,0.3844927251338959,0.2053303718566894,0.2368040084838867,0.0587996914982795,0.0607727244496345,0.1428619921207428,0.0348799526691436,0.0795693174004554,0.0980312302708625,0.0818051770329475,0.0467292070388793,0.4444790482521057,0.090131789445877
0.2636772096157074,0.0903782397508621,0.42882040143013,0.0835230499505996,0.4065893888473511,0.5223772525787354,0.1280807554721832,0.4060509502887726,0.0165950115770101,0.1412135064601898,0.0096409795805811,0.2127796709537506,0.1739179939031601,0.0578507408499717,0.5001828670501709,0.0719434320926666,0.0215907040983438,0.1179904341697692,0.0113417161628603,0.1687903255224228,0.1460948586463928,0.1991707980632782,0.0887278616428375,0.0508200526237487,0.0123229827731847,0.1748409122228622,0.0249776300042867,0.1685060262680053,0.4016516506671905,0.2101112455129623,0.2531680464744568,0.0607683807611465,0.0641716569662094,0.1554148495197296,0.0373549722135067,0.0822519063949585,0.0992964655160904,0.0844415053725242,0.0467501506209373,0.4495061039924621,0.0923929512500763
0.2868423461914062,0.083010733127594,0.4417727589607239,0.0879978835582733,0.4058698415756225,0.553399920463562,0.1327437758445739,0.4368424713611603,0.0159416757524013,0.1335944533348083,0.0067865871824324,0.2143862843513488,0.2070972919464111,0.0562024228274822,0.5214506983757019,0.0704249218106269,0.022088760510087,0.1199914067983627,0.0045907320454716,0.1806183159351349,0.1732487976551056,0.1978669464588165,0.0976518541574478,0.0345146581530571,0.0116485841572284,0.1789552271366119,0.0234109610319137,0.1535257399082183,0.3978329300880432,0.1968091130256652,0.2369244992733001,0.0437630712985992,0.0551794730126857,0.1529823243618011,0.0377603955566883,0.1023513749241828,0.1127494275569915,0.0793521329760551,0.04599429666996,0.4352100193500519,0.0868958458304405
0.3353906869888305,0.1103840246796608,0.3970019817352295,0.0817033648490905,0.3931002020835876,0.5506703853607178,0.1195185780525207,0.4099760055541992,0.0122076636180281,0.1479275524616241,0.0071971281431615,0.223804622888565,0.1777932047843933,0.0617413707077503,0.4749218821525574,0.0691402107477188,0.0248257294297218,0.1219251900911331,0.0110074710100889,0.1407371312379837,0.131650373339653,0.202835664153099,0.092241957783699,0.050716683268547,0.011993009597063,0.1380222141742706,0.0230414904654026,0.1819881051778793,0.4264635443687439,0.2090537846088409,0.2519318163394928,0.0625186190009117,0.0658677965402603,0.1452144980430603,0.0346298739314079,0.083468772470951,0.0852468609809875,0.076094701886177,0.0430225990712642,0.4481685161590576,0.0929154008626937
0.2815264761447906,0.0832167565822601,0.4521519243717193,0.0862005427479744,0.4111395478248596,0.5508671402931213,0.1304658949375152,0.4338654279708862,0.0156757086515426,0.1299315094947815,0.0068051856942474,0.2131339013576507,0.2033641636371612,0.0546847470104694,0.5235613584518433,0.0700744912028312,0.0221066027879714,0.119889311492443,0.0102212168276309,0.1441019773483276,0.1751084923744201,0.1967415064573288,0.0945605710148811,0.0479398034512996,0.0119644124060869,0.179438441991806,0.0238032005727291,0.1525666117668151,0.3966039717197418,0.2000579386949539,0.2386597096920013,0.0452241674065589,0.0569773539900779,0.1546857208013534,0.037735678255558,0.1018990576267242,0.1141136884689331,0.0798904001712799,0.0463645569980144,0.4346720278263092,0.087616316974163
0.3238133192062378,0.1052630469202995,0.3223395049571991,0.0818077102303505,0.3937963247299194,0.5567710399627686,0.123037077486515,0.4436881244182586,0.0123125808313488,0.1561335921287536,0.0076791029423475,0.2274312376976013,0.1872536391019821,0.0607939399778842,0.4839817583560943,0.069780595600605,0.0218493863940238,0.1207799017429351,0.0111999716609716,0.1422378718852996,0.1394065916538238,0.2018174827098846,0.0950396582484245,0.0504506081342697,0.0111035276204347,0.1368129104375839,0.022139836102724,0.175436794757843,0.4246263802051544,0.2008725702762603,0.2476227283477783,0.0408977754414081,0.0585984103381633,0.146440640091896,0.0340657085180282,0.0959003865718841,0.107386514544487,0.0734745636582374,0.042190745472908,0.4468206763267517,0.0914997309446334
0.2969643175601959,0.0842384994029998,0.4073268473148346,0.0870553627610206,0.3999013900756836,0.5537428855895996,0.1308099031448364,0.4487509727478027,0.0161107778549194,0.1516648679971695,0.0053904997184872,0.222173660993576,0.2152340114116668,0.0583693832159042,0.514033854007721,0.0737525075674057,0.0225504711270332,0.1199311763048172,0.0047484990209341,0.1846822202205658,0.1685498356819152,0.1968865692615509,0.099733829498291,0.0472223684191703,0.0115486402064561,0.1564211547374725,0.0217938087880611,0.1609274893999099,0.369609534740448,0.1897473335266113,0.2280267179012298,0.0421931818127632,0.0528226494789123,0.1413622051477432,0.0350065045058727,0.1007467359304428,0.1101845875382423,0.0788594111800193,0.0458479449152946,0.4293439984321594,0.085184633731842
0.2848170101642608,0.0849140584468841,0.4290214776992798,0.0859017521142959,0.4224910140037536,0.5652822256088257,0.1316938996315002,0.4479228258132934,0.0154430475085973,0.1531360149383545,0.005210795905441,0.2245424389839172,0.2121132761240005,0.0552748218178749,0.5732176303863525,0.0749600753188133,0.0221795607358217,0.1179368495941162,0.0099811181426048,0.1811281442642212,0.1774415075778961,0.1964030414819717,0.1055353432893753,0.0471333377063274,0.0114664584398269,0.1715579628944397,0.0210009887814521,0.1542669832706451,0.3632049560546875,0.1933096647262573,0.2279795408248901,0.041898138821125,0.0545074790716171,0.1395879983901977,0.0352129787206649,0.0997485667467117,0.1111427471041679,0.0790712535381317,0.0467034056782722,0.4274978935718536,0.0847258493304252
0.2811751067638397,0.085392877459526,0.4265428781509399,0.0857350751757621,0.4229658246040344,0.5667227506637573,0.1335296779870987,0.4477208852767944,0.015548538416624,0.1552281379699707,0.0053182514384388,0.2246448099613189,0.2165425419807434,0.055572398006916,0.5754780769348145,0.0751554369926452,0.022190798074007,0.1198035329580307,0.0101849753409624,0.1825563162565231,0.1789518892765045,0.1970269083976745,0.1049919724464416,0.0473755896091461,0.0116863287985324,0.1731474250555038,0.0212557539343833,0.1538239419460296,0.3652226328849792,0.1928218305110931,0.2296099811792373,0.0416138134896755,0.0551082082092762,0.1396318227052688,0.0355182625353336,0.1000141277909278,0.1112437695264816,0.0794327557086944,0.0467206537723541,0.4272322356700897,0.0848721712827682
0.2690914273262024,0.0801876783370971,0.4749850034713745,0.0838453620672226,0.4302548468112945,0.5707531571388245,0.1356014311313629,0.4491227865219116,0.0155977448448538,0.1545754075050354,0.0051913065835833,0.2244295477867126,0.2201032191514969,0.0533651709556579,0.589431643486023,0.0746941044926643,0.0213192664086818,0.1179709360003471,0.0097731491550803,0.1837815046310424,0.1858628094196319,0.1960318982601165,0.1073705852031707,0.046366699039936,0.0121450275182724,0.1695045083761215,0.0214101076126098,0.1502562165260315,0.3571105003356933,0.1882356703281402,0.2255129516124725,0.051419086754322,0.0518177822232246,0.1333772093057632,0.0347491614520549,0.0994846373796463,0.1126304417848587,0.0773331224918365,0.0459092892706394,0.4309572577476501,0.085945039987564
0.2675957679748535,0.079677015542984,0.4769555330276489,0.0837267339229583,0.4290379285812378,0.5734143257141113,0.1353834867477417,0.4491979777812958,0.0156808402389287,0.1540184468030929,0.0054283617064356,0.2256103605031967,0.2202119827270507,0.0536708682775497,0.5890737771987915,0.0751062706112861,0.0212490409612655,0.1192666813731193,0.0099184093996882,0.1840800195932388,0.1880426108837127,0.1973688602447509,0.1076894551515579,0.0466898828744888,0.0120395487174391,0.1695281416177749,0.0218528062105178,0.1502169370651245,0.3572970628738403,0.187927097082138,0.2253657877445221,0.0513821840286254,0.0516987033188343,0.1332793235778808,0.0350529588758945,0.099462054669857,0.1127236783504486,0.0775406956672668,0.0457851886749267,0.4334437251091003,0.0872812941670417
0.2727872133255005,0.0933001488447189,0.4535183906555176,0.0805535763502121,0.3775633573532104,0.5252163410186768,0.0948688089847564,0.4251130819320678,0.0157225411385297,0.141733169555664,0.0062958095222711,0.2328393161296844,0.1844752132892608,0.055500891059637,0.5103522539138794,0.0776147097349166,0.0201699919998645,0.1121219545602798,0.0108501212671399,0.1729007363319397,0.1742550134658813,0.193230539560318,0.1037928313016891,0.0460930913686752,0.0117618571966886,0.1670810729265213,0.0224946625530719,0.1640693247318267,0.3623265922069549,0.197558581829071,0.2244248539209365,0.0531160458922386,0.0571876168251037,0.1379369497299194,0.0339985936880111,0.0918616652488708,0.1095835268497467,0.0800510942935943,0.0453135222196579,0.4601713418960571,0.0965650081634521
0.2657070755958557,0.0897461622953414,0.4540681838989258,0.0808554738759994,0.3774803876876831,0.5195046067237854,0.0920485854148864,0.4185754656791687,0.0157979801297187,0.1396831572055816,0.0069668847136199,0.2303922176361084,0.1766263097524643,0.055087249726057,0.4923586249351501,0.0789778679609298,0.0197411216795444,0.1091180890798568,0.0110156619921326,0.1707426905632019,0.1690347790718078,0.1918486654758453,0.1006918847560882,0.0456753224134445,0.0117878969758749,0.1672343462705612,0.0225290395319461,0.1620128154754638,0.3626812398433685,0.19520965218544,0.2251676470041275,0.0535456053912639,0.0578856095671653,0.138090968132019,0.0345933809876441,0.0919555127620697,0.1088508665561676,0.0791350305080413,0.0455390810966491,0.4627436995506286,0.0972966104745864
0.262344628572464,0.0872189849615097,0.4601393043994903,0.0813465341925621,0.3904994428157806,0.5251919031143188,0.095705971121788,0.4188171327114105,0.0163180232048034,0.1409738063812255,0.008077323436737,0.2271710336208343,0.1811594069004058,0.0552828200161457,0.500131368637085,0.0729954093694686,0.0199607443064451,0.1091147661209106,0.0112117882817983,0.1714809238910675,0.1639005988836288,0.1901791095733642,0.0999621897935867,0.0465094931423664,0.0115852346643805,0.1691936552524566,0.022271217778325,0.1612383872270584,0.3702448904514313,0.1982798278331756,0.2311252802610397,0.0528260022401809,0.0574346669018268,0.139628916978836,0.0350727885961532,0.0951050519943237,0.1090465486049652,0.0789008140563964,0.0459599643945694,0.460976243019104,0.0951082780957222
0.2656213939189911,0.0878427177667617,0.4593889117240906,0.0813744813203811,0.3881130814552307,0.5240602493286133,0.0952816009521484,0.4187594652175903,0.0163147337734699,0.1399195790290832,0.0081457337364554,0.2270403057336807,0.1797997206449508,0.0558619871735572,0.4979367256164551,0.072769396007061,0.0199049487709999,0.1094699203968048,0.0111982356756925,0.1710844337940216,0.1619650870561599,0.1913007199764251,0.1000644490122795,0.0466411933302879,0.0118652516975998,0.1694949269294738,0.0226747915148735,0.1627998352050781,0.370705783367157,0.1986584365367889,0.2310430407524109,0.0531476140022277,0.0578398257493972,0.1401392668485641,0.0351369306445121,0.0953472107648849,0.1091778576374054,0.0794079005718231,0.0460677072405815,0.461677074432373,0.0950799509882927
0.2858969867229461,0.0756323263049125,0.4495739340782165,0.0869005620479583,0.4228626787662506,0.5619425177574158,0.1327651739120483,0.4482989013195038,0.0167208388447761,0.1469877362251281,0.0054585458710789,0.2178671061992645,0.2048943042755127,0.055777121335268,0.5142606496810913,0.0715604424476623,0.0214066319167614,0.1140969097614288,0.0040110484696924,0.1812504827976226,0.1569396555423736,0.202400267124176,0.0998264327645301,0.0455550774931907,0.0115405647084116,0.1734206676483154,0.0221340022981166,0.1574745178222656,0.3681868314743042,0.1855295747518539,0.2314338088035583,0.0406402572989463,0.0519293099641799,0.1394737660884857,0.0365108028054237,0.1035660058259964,0.111387126147747,0.0778755098581314,0.0456088781356811,0.4266353249549866,0.0830650031566619
0.2848382294178009,0.0750694349408149,0.4503443539142608,0.0869005098938942,0.420926034450531,0.561731219291687,0.1340102851390838,0.4473661780357361,0.0166937243193388,0.1468555331230163,0.0056241550482809,0.217242956161499,0.2052328437566757,0.0561561286449432,0.5121538043022156,0.0716788917779922,0.0213647745549678,0.1141102015972137,0.004178543575108,0.1800148040056228,0.1568297892808914,0.2030898034572601,0.0992070734500885,0.045748621225357,0.0117004606872797,0.1743858456611633,0.0225922055542469,0.1583331525325775,0.3698747158050537,0.1854381263256073,0.2328862696886062,0.0407917127013206,0.0519770123064518,0.1393805742263794,0.0364471524953842,0.1033329218626022,0.1118679791688919,0.077626034617424,0.0454960688948631,0.4278775751590729,0.0829154551029205
0.3031059503555298,0.0796743109822273,0.4431104362010956,0.0860648453235626,0.3990876674652099,0.5280543565750122,0.1321101784706115,0.434345006942749,0.0183130260556936,0.1473124325275421,0.0067570125684142,0.2187439203262329,0.1919167041778564,0.0604156479239463,0.4711902141571045,0.0741060003638267,0.0210761874914169,0.1169227287173271,0.0111440885812044,0.1757738590240478,0.1407624185085296,0.1955808997154235,0.0954269468784332,0.0464887842535972,0.011804181151092,0.140620082616806,0.0230013914406299,0.1670761704444885,0.4061891436576843,0.1862742304801941,0.2356773018836975,0.0540498793125152,0.055064782500267,0.1316458284854889,0.0340420976281166,0.0998760163784027,0.1084881126880645,0.0816218629479408,0.0463668592274189,0.436368465423584,0.0861609578132629
0.3011413812637329,0.0787668079137802,0.4434536695480346,0.0863629132509231,0.3972234725952148,0.5286114811897278,0.1321451961994171,0.4335240125656128,0.0182896833866834,0.1467938870191574,0.0071422019973397,0.2191030085086822,0.1907652020454406,0.0607747659087181,0.518102765083313,0.0739601105451583,0.0211363658308982,0.1171547472476959,0.0111333355307579,0.1759896427392959,0.1409573554992675,0.1943414807319641,0.0944397300481796,0.0464846864342689,0.0118598900735378,0.1413441002368927,0.0234343223273754,0.1667565256357193,0.4049434959888458,0.1852289140224456,0.2346402704715728,0.054062396287918,0.0552589260041713,0.1319650709629058,0.0340862795710563,0.0991696864366531,0.1083490625023841,0.0813061073422432,0.0463090687990188,0.4384820461273193,0.0865468829870224
0.3060534596443176,0.0798584893345832,0.4500119090080261,0.0865139663219451,0.4015673995018005,0.5338572263717651,0.1346010565757751,0.4381864666938782,0.0178679320961236,0.1460476815700531,0.0069334413856267,0.219548761844635,0.1958777010440826,0.0614118874073028,0.5260365009307861,0.0765770077705383,0.0215038787573575,0.1194244846701622,0.0112088322639465,0.1786852180957794,0.1519967317581176,0.1976764798164367,0.0960088372230529,0.0470311939716339,0.0123396795243024,0.1542900055646896,0.0244277417659759,0.1588021963834762,0.3823771476745605,0.1874819993972778,0.2352948188781738,0.0534632802009582,0.0549501106142997,0.1340573132038116,0.0343392118811607,0.0988501906394958,0.1099973693490028,0.081013336777687,0.0462948679924011,0.4418332576751709,0.0861942842602729
0.3004058003425598,0.0793381631374359,0.4527223706245422,0.0868101418018341,0.3964850306510925,0.5339028835296631,0.1349028050899505,0.4361293315887451,0.0180731620639562,0.142436534166336,0.0067931814119219,0.2198522984981537,0.1904621869325637,0.0621456950902938,0.5196782350540161,0.0769368261098861,0.0213223714381456,0.1195791661739349,0.0114202890545129,0.176737368106842,0.1509258449077606,0.1998007595539093,0.0961746945977211,0.0474850535392761,0.0121194403618574,0.1543840169906616,0.0248730815947055,0.1706267297267913,0.4071984887123108,0.1882939338684082,0.2353971004486084,0.0536572858691215,0.0551122762262821,0.1346380412578582,0.0344849601387977,0.0988646745681762,0.1097853407263755,0.081506609916687,0.0464942827820777,0.4418146014213562,0.086966648697853
0.3015798330307007,0.0750391483306884,0.4634988903999328,0.0849050879478454,0.4008824825286865,0.5262750387191772,0.1345333158969879,0.4314892590045929,0.0179435983300209,0.1384686231613159,0.0078644137829542,0.2176858037710189,0.1809864640235901,0.0631392300128936,0.5055179595947266,0.0750762224197387,0.0215210057795047,0.1160500943660736,0.0117737278342247,0.1757407933473587,0.1480721235275268,0.1994147300720214,0.0912556797266006,0.0459613353013992,0.011832159012556,0.1488145887851715,0.0253514908254146,0.1600041389465332,0.3965868353843689,0.185613751411438,0.2420177459716797,0.0541237592697143,0.0558239109814167,0.1392540484666824,0.0361812561750412,0.0980675220489502,0.1092352494597435,0.0821175873279571,0.04673957452178,0.449811190366745,0.0881168097257614
0.3018304109573364,0.0750756412744522,0.4637229144573211,0.0850641056895256,0.3997796177864074,0.525672435760498,0.1343087404966354,0.4306366443634033,0.0180222149938344,0.1382995545864105,0.0079560112208127,0.2175528854131698,0.1807748973369598,0.0629575550556182,0.5049619674682617,0.0750851929187774,0.0214228257536888,0.1155342683196067,0.0117573477327823,0.1758583635091781,0.1474124044179916,0.1987679451704025,0.0914882123470306,0.0458984598517417,0.0118370559066534,0.1488915383815765,0.0253306925296783,0.1598030626773834,0.396125853061676,0.1855227649211883,0.2411079257726669,0.0539372488856315,0.0557310730218887,0.138983353972435,0.0361100956797599,0.098137229681015,0.1090155765414238,0.0819205939769744,0.0466990768909454,0.4503728151321411,0.0881316363811492
0.2944124341011047,0.0765359103679657,0.4594979584217071,0.0853534936904907,0.3926795125007629,0.5274410843849182,0.1360684931278228,0.4342111945152282,0.0141167128458619,0.1370213329792022,0.0073537700809538,0.2164883762598037,0.1873012781143188,0.0637242123484611,0.5069574117660522,0.0736969709396362,0.0206548031419515,0.1156412214040756,0.0115642510354518,0.1750469505786895,0.1397348344326019,0.2026170492172241,0.0920268297195434,0.0459282957017421,0.0120794828981161,0.1414561867713928,0.0255010928958654,0.1707312017679214,0.4166306257247925,0.1830948740243911,0.2343908250331878,0.0526290796697139,0.0557458251714706,0.1341453790664672,0.0349142514169216,0.1004493087530136,0.1081309840083122,0.0694502964615821,0.0413833148777484,0.4529057741165161,0.0874898582696914
0.2862041294574737,0.0752155035734176,0.454161673784256,0.0849867910146713,0.3928524255752563,0.5257971882820129,0.1361547410488128,0.4325354695320129,0.0142094129696488,0.1368862688541412,0.0078855156898498,0.2170388102531433,0.1823285520076751,0.0644331574440002,0.4981250166893005,0.0743061229586601,0.0204817540943622,0.1163993403315544,0.0116475233808159,0.1736505776643753,0.1371225118637085,0.2033570110797882,0.0906974226236343,0.0306081697344779,0.011782850138843,0.1406223028898239,0.0255956426262855,0.1702411472797393,0.4212522804737091,0.1826922297477722,0.2375416755676269,0.0534697957336902,0.0565596111118793,0.1353198289871215,0.0351245924830436,0.0995155423879623,0.1074912622570991,0.069383293390274,0.0412238761782646,0.4523999989032745,0.0877576321363449
0.3008864521980285,0.0749582424759864,0.4526094496250152,0.0854745805263519,0.3928509950637817,0.5285449624061584,0.1368756294250488,0.4392368495464325,0.0141672696918249,0.1410626173019409,0.0076311295852065,0.2163333892822265,0.1866869628429412,0.0642069801688194,0.498728334903717,0.073615051805973,0.0207752250134944,0.1174503415822982,0.0115930270403623,0.1724927127361297,0.1397753953933715,0.202041894197464,0.0910001248121261,0.030764814466238,0.0119455140084028,0.1422422975301742,0.0257742591202259,0.1618676483631134,0.3945386707782745,0.1822722554206848,0.235550120472908,0.0532853677868843,0.0559355653822422,0.1354271173477172,0.0350551046431064,0.0982892885804176,0.1076200306415557,0.0690971314907074,0.0407687649130821,0.4541175365447998,0.0882766246795654
0.2630713582038879,0.0748203247785568,0.4515562355518341,0.0857472196221351,0.3903701305389404,0.525937557220459,0.1353880763053894,0.4199141263961792,0.0141435107216238,0.1394228935241699,0.0076972553506493,0.2157132923603058,0.1841980665922165,0.0642853528261184,0.4949418306350708,0.0709147751331329,0.0207050051540136,0.1169359534978866,0.0115511231124401,0.1716709434986114,0.1402630805969238,0.2017786353826522,0.0908159166574478,0.0309724658727645,0.0119591355323791,0.1417864859104156,0.0258320309221744,0.1650499701499939,0.3910688161849975,0.183106929063797,0.2359125316143036,0.0536450706422328,0.0560595095157623,0.1362175941467285,0.0353433862328529,0.07961256057024,0.0934255644679069,0.069326601922512,0.040851205587387,0.454939603805542,0.0889153182506561
0.2748212814331054,0.07856485247612,0.4506678581237793,0.0862418338656425,0.3943181037902832,0.5331767797470093,0.1350424140691757,0.4444635510444641,0.0175198726356029,0.1419127732515335,0.0071867778897285,0.219101220369339,0.1883140504360199,0.0651738196611404,0.5055551528930664,0.0746697708964347,0.0209304299205541,0.1195743083953857,0.0089748539030551,0.168976217508316,0.1385462880134582,0.2045117616653442,0.0926760286092758,0.0477964133024215,0.0121897244825959,0.1432222425937652,0.026868712157011,0.1681258976459503,0.3834406733512878,0.1877041906118393,0.2345753610134124,0.0544591695070266,0.0569823607802391,0.13673996925354,0.0343137383460998,0.0970206707715988,0.1079020351171493,0.0809691101312637,0.045880164951086,0.4540776312351227,0.0899340435862541
0.2826313376426697,0.0706174075603485,0.4372358322143554,0.0859312713146209,0.3929184675216675,0.5478295087814331,0.1302541494369506,0.4458964169025421,0.0166223999112844,0.1369142234325409,0.0070864576846361,0.2159170806407928,0.1896847486495971,0.0611515566706657,0.4781492948532104,0.0702264681458473,0.0208717156201601,0.1132451444864273,0.0050304168835282,0.1726596057415008,0.1429490149021148,0.2082556337118148,0.0911056548357009,0.0463688448071479,0.0118508646264672,0.1604759693145752,0.0254393704235553,0.1629337668418884,0.3742082715034485,0.1822323501110077,0.2303698658943176,0.0410426780581474,0.0531435310840606,0.1418964564800262,0.0354333482682704,0.1016791015863418,0.108626089990139,0.0749956667423248,0.0447889938950538,0.4421435594558716,0.0869527757167816
0.27840656042099,0.0733975172042846,0.4275233745574951,0.085050955414772,0.429612934589386,0.567696213722229,0.1434305012226104,0.4671599268913269,0.0171778537333011,0.159599095582962,0.0058302138932049,0.2138647735118866,0.2136541903018951,0.0806553736329078,0.536287784576416,0.0725848823785781,0.0217766053974628,0.1168818101286888,0.0055237924680113,0.1769793182611465,0.1536119431257248,0.2101660668849945,0.0969535633921623,0.0312444604933261,0.0115038594231009,0.1559037119150161,0.0225830152630805,0.150486558675766,0.425414890050888,0.1762111783027649,0.2352112531661987,0.0391838029026985,0.0501268729567527,0.1339674144983291,0.036677997559309,0.1044212877750396,0.109652355313301,0.0767498090863227,0.0443529076874256,0.427789956331253,0.0831332355737686
0.2779229879379272,0.0727875977754592,0.4292973577976227,0.0853664651513099,0.4308734536170959,0.568513035774231,0.1429946571588516,0.4671354293823242,0.0170640498399734,0.1512362658977508,0.0057173580862581,0.2132799625396728,0.2140419334173202,0.0802065134048461,0.538196325302124,0.0727162212133407,0.0215626675635576,0.1157003194093704,0.0054969494231045,0.1767673194408416,0.152075320482254,0.2106736451387405,0.097227543592453,0.0312004759907722,0.0115753570571541,0.1556241810321808,0.0224882625043392,0.1495047509670257,0.4244351983070373,0.1758027523756027,0.2351467758417129,0.0389974862337112,0.0500886477530002,0.1350282132625579,0.0368260368704795,0.105410911142826,0.110004998743534,0.0765912309288978,0.0443793758749961,0.4257914423942566,0.0823557078838348
0.2588555216789245,0.0679743289947509,0.4684110581874847,0.0869532078504562,0.3965310752391815,0.544532835483551,0.1350996196269989,0.438205748796463,0.017390763387084,0.135229080915451,0.0071952110156416,0.2122512757778167,0.1906231939792633,0.0607705973088741,0.5192795991897583,0.0748995691537857,0.0207547955214977,0.1139545813202858,0.0076835798099637,0.1746708452701568,0.1489750742912292,0.2087840735912323,0.0847452878952026,0.0467844381928443,0.0121578844264149,0.1617421209812164,0.0259139463305473,0.1497292220592498,0.3995958566665649,0.1794606447219848,0.2304178476333618,0.0557452887296676,0.0562260076403617,0.1417566239833831,0.036955825984478,0.1036019623279571,0.1098354682326316,0.0744268298149108,0.0447081103920936,0.4421128630638122,0.0858992040157318
0.2591085135936737,0.0683353841304779,0.4699100255966186,0.0872106328606605,0.4011092185974121,0.5457507967948914,0.1357311010360717,0.4389270544052124,0.017453471198678,0.1360502392053604,0.0073366500437259,0.21280238032341,0.1910760104656219,0.0611507520079612,0.5178700685501099,0.0752878636121749,0.0207551009953022,0.1149966269731521,0.0077244490385055,0.1741791665554046,0.1472318768501281,0.2098745107650756,0.0851281136274337,0.0471469536423683,0.0122791714966297,0.1618784368038177,0.0261727385222911,0.1495371758937835,0.4003586173057556,0.1796193420886993,0.2318578362464904,0.0557751432061195,0.0566753223538398,0.1412783861160278,0.0371236465871334,0.1039983853697776,0.1101104170083999,0.0753103941679,0.0450304448604583,0.4414345026016235,0.086143784224987
0.2787235677242279,0.0679468438029289,0.436846911907196,0.0844981521368026,0.402583509683609,0.5584779977798462,0.1298299133777618,0.4488964080810547,0.0164928566664457,0.1419495344161987,0.007656623609364,0.2178845703601837,0.1933886408805847,0.0814640522003173,0.4713013172149658,0.0747363865375518,0.0210928171873092,0.1145950406789779,0.0060811904259026,0.1736747324466705,0.1440483033657074,0.2153410613536834,0.0902755409479141,0.047399066388607,0.0120842764154076,0.162018820643425,0.0245578438043594,0.1502604782581329,0.4209895431995392,0.1805972754955291,0.2324546873569488,0.0419103913009166,0.054598968476057,0.1483086049556732,0.0383642762899398,0.1026147156953811,0.1097544133663177,0.0771050155162811,0.0458703562617301,0.443181574344635,0.088243618607521
0.2799789905548095,0.0681677460670471,0.4381894469261169,0.0848232805728912,0.4055874943733215,0.558847188949585,0.1307036876678466,0.4499903917312622,0.0165258478373289,0.1425036489963531,0.0072886985726654,0.2176529765129089,0.1962930858135223,0.0813563615083694,0.4727331399917602,0.0743404924869537,0.0211705286055803,0.1156793385744094,0.0059834816493093,0.1739431023597717,0.1434102952480316,0.213907390832901,0.0912972539663314,0.0471017286181449,0.011973975226283,0.1528821587562561,0.0242584757506847,0.1605298519134521,0.378374695777893,0.1805908381938934,0.2336925715208053,0.0416818335652351,0.0538716502487659,0.1464597880840301,0.0382686927914619,0.1031424328684806,0.1096584424376487,0.0774208456277847,0.0456724464893341,0.4423305094242096,0.0876790285110473
0.2739458680152893,0.0780368372797966,0.5112402439117432,0.0844342857599258,0.4367305636405945,0.5409643650054932,0.1258059740066528,0.4142049551010132,0.0170998647809028,0.1239112392067909,0.0064168404787778,0.2134193927049636,0.191737562417984,0.0716051235795021,0.5052841901779175,0.0729889944195747,0.0208575129508972,0.1195944547653198,0.0063219903968274,0.1441193670034408,0.1648619472980499,0.1991746425628662,0.0903616249561309,0.045166328549385,0.0122607350349426,0.1790839284658432,0.0234440974891185,0.1616570055484771,0.4303453266620636,0.19314606487751,0.2477271258831024,0.0550372675061225,0.054993562400341,0.1472329348325729,0.037737663835287,0.0881952419877052,0.0996917486190795,0.0784678161144256,0.0455381274223327,0.4350833296775818,0.0846929550170898
0.2741952836513519,0.0778951123356819,0.5132143497467041,0.0844367891550064,0.439323365688324,0.5431731939315796,0.1265030652284622,0.4296225011348724,0.0170753188431262,0.1233622431755065,0.0064104138873517,0.2142862975597381,0.1919872462749481,0.0723721757531166,0.5080471634864807,0.0728913396596908,0.0208883732557296,0.1220511794090271,0.0063685998320579,0.1449443250894546,0.1682272553443908,0.1993518620729446,0.0913640409708023,0.0320049375295639,0.0121593233197927,0.1786328256130218,0.0230750814080238,0.1617167443037033,0.4318270087242126,0.1933958977460861,0.2499689608812332,0.0546082258224487,0.0546163767576217,0.1480550467967987,0.0379809364676475,0.1100343316793441,0.1133197546005249,0.0791130065917968,0.0457477867603302,0.435074508190155,0.0848235189914703
0.2698540687561035,0.0728629827499389,0.4831133186817169,0.0837971046566963,0.4441193342208862,0.5445016622543335,0.1358579993247985,0.4421004056930542,0.0179432835429906,0.1457957476377487,0.0089963600039482,0.2085470557212829,0.1800743043422699,0.0801240131258964,0.5051703453063965,0.0762447491288185,0.0217727292329072,0.1263798177242279,0.0131463892757892,0.1324858665466308,0.1407068073749542,0.2007733881473541,0.0895682126283645,0.04942037910223,0.0124168535694479,0.1828247904777526,0.0244150944054126,0.1585981547832489,0.4401261508464813,0.1880500614643097,0.2668023109436035,0.0559830740094184,0.062125876545906,0.1588806211948394,0.0403519347310066,0.1047153621912002,0.1169093325734138,0.0871163606643676,0.0478180274367332,0.4464039504528045,0.0849721878767013
0.2691235542297363,0.0729638412594795,0.4792360067367553,0.0836749672889709,0.4438039660453796,0.5463396310806274,0.134180337190628,0.4432280957698822,0.017770629376173,0.1477470248937606,0.0091586140915751,0.2092205584049224,0.1802389323711395,0.0802305489778518,0.5030407309532166,0.0765074267983436,0.0215415991842746,0.1264135539531707,0.0081344302743673,0.1326428651809692,0.1406299620866775,0.2024257779121399,0.0898472666740417,0.0499323904514312,0.0123320389539003,0.1826710253953933,0.0242471825331449,0.1587175130844116,0.4406119883060455,0.1876912266016006,0.2677686512470245,0.0561980940401554,0.0628420934081077,0.1605214476585388,0.0406458005309104,0.1043843477964401,0.1170387789607048,0.0874047726392746,0.047774963080883,0.4450642764568329,0.0853572934865951
0.294167697429657,0.0688095018267631,0.4791350662708282,0.0832590907812118,0.4677545428276062,0.5746440887451172,0.1345939040184021,0.4634031057357788,0.0171312522143125,0.1471567898988723,0.0088799921795725,0.2107057422399521,0.1882946491241455,0.079901173710823,0.5239083766937256,0.0776712447404861,0.0220772959291934,0.1113699227571487,0.0079845879226922,0.1357954144477844,0.1565224230289459,0.2146557122468948,0.0969171747565269,0.0342180244624614,0.0117839835584163,0.1804031878709793,0.022396795451641,0.1563608944416046,0.4406090080738067,0.1856967359781265,0.2751651406288147,0.0473800040781497,0.0645608752965927,0.1728142499923706,0.0434830337762832,0.107076808810234,0.1187741383910179,0.0865664780139923,0.0491530820727348,0.4372977614402771,0.0830011665821075
0.2955057024955749,0.069749116897583,0.4828194379806518,0.0831293612718582,0.4712570309638977,0.5766434669494629,0.1358203887939453,0.4643826484680176,0.0170426685363054,0.1473727226257324,0.0086448369547724,0.2115476429462433,0.1909255981445312,0.0794675201177597,0.4799694418907165,0.0774591937661171,0.0221202317625284,0.1118888556957244,0.0080420896410942,0.1366347968578338,0.160322368144989,0.2145940065383911,0.0975409001111984,0.050463818013668,0.0118006374686956,0.1799391657114029,0.0223522894084453,0.1559300720691681,0.4405710399150848,0.1864680051803589,0.2761873602867126,0.0473748482763767,0.0644208341836929,0.1714727878570556,0.0433016344904899,0.1070448905229568,0.1188027411699295,0.0866812318563461,0.0492479503154754,0.4369727969169616,0.0827216655015945
0.301403284072876,0.0872083529829979,0.4624988436698913,0.0838558599352836,0.4856824874877929,0.6010165214538574,0.1426232010126114,0.4848156869411468,0.0172961857169866,0.1603089869022369,0.008904980495572,0.2160811871290207,0.2034883499145507,0.0768062993884086,0.491430789232254,0.0775731950998306,0.0226475708186626,0.1138873845338821,0.0053857089951634,0.1398348957300186,0.1505538821220398,0.2153837382793426,0.1029276847839355,0.0503859110176563,0.0117804547771811,0.1753486841917038,0.0207740887999534,0.1552716642618179,0.4512379765510559,0.2183544784784317,0.2794616222381592,0.0462445989251136,0.0659722983837127,0.1660072654485702,0.0440532937645912,0.1071097701787948,0.118144042789936,0.0866836532950401,0.0499678663909435,0.4300048947334289,0.0822343975305557
0.2988705635070801,0.0870002284646034,0.4626264572143554,0.083942025899887,0.4838380515575409,0.5988358855247498,0.1425273716449737,0.4813884794712066,0.0173750352114439,0.1589374244213104,0.0090094683691859,0.2146330177783966,0.1995370686054229,0.0780264884233474,0.4854458272457123,0.0777826011180877,0.022709310054779,0.1135405898094177,0.0055105108767747,0.1391617059707641,0.1485672742128372,0.215162456035614,0.1007856205105781,0.0355520844459533,0.0118281506001949,0.176742821931839,0.0212336331605911,0.1560326963663101,0.4561498463153839,0.2172846496105194,0.2819185256958008,0.0464924797415733,0.065959945321083,0.1649441868066787,0.0440754890441894,0.1078917011618614,0.1183354333043098,0.0870795547962188,0.0497241094708442,0.4303120970726013,0.0820472687482833
0.2966731190681457,0.0789889022707939,0.4522016644477844,0.0841404870152473,0.5421667098999023,0.617746114730835,0.13792484998703,0.4746161103248596,0.0149032212793827,0.1964954733848571,0.01082434784621,0.2178833037614822,0.195605531334877,0.0792895406484603,0.4781548678874969,0.0802264809608459,0.0265797320753335,0.1139396131038665,0.0152239967137575,0.1323121488094329,0.1673972606658935,0.2150653153657913,0.107516773045063,0.0528408288955688,0.0125738810747861,0.1791768372058868,0.0220850948244333,0.1570611000061035,0.4680366516113281,0.1871712505817413,0.2782862186431885,0.0497977808117866,0.0701785758137703,0.1712710559368133,0.0579336956143379,0.1048001497983932,0.118192508816719,0.0937609374523162,0.0537310130894184,0.4391392469406128,0.0862084031105041
0.2965933680534363,0.078619547188282,0.4533973038196563,0.0843986421823501,0.5397109985351562,0.6168246269226074,0.1377847790718078,0.4727393984794616,0.0149605069309473,0.1945253312587738,0.0109286289662122,0.2185955345630645,0.1934204995632171,0.0795742720365524,0.4770731925964355,0.0798680633306503,0.0262965876609087,0.1135980933904647,0.014988581649959,0.1309642940759658,0.1660896688699722,0.2139171808958053,0.1063874810934066,0.0527837797999382,0.0125844087451696,0.1785491704940796,0.022571001201868,0.1576562970876693,0.4695143401622772,0.1875474900007248,0.2787870764732361,0.0494183413684368,0.0699980556964874,0.1711608469486236,0.0577709265053272,0.1049989983439445,0.1183728799223899,0.0933088734745979,0.053645446896553,0.4398382008075714,0.0864583253860473
0.2999655604362488,0.0825874283909797,0.4673933386802673,0.0824855789542198,0.5468120574951172,0.6203839778900146,0.1448845565319061,0.4833104610443115,0.0173388961702585,0.1971816718578338,0.0111736739054322,0.2234110832214355,0.1990267932415008,0.0763983577489852,0.4986999034881592,0.0800560489296913,0.0271784551441669,0.1178769320249557,0.0161231644451618,0.1311144828796386,0.1627563536167144,0.219852864742279,0.1107198297977447,0.0515583977103233,0.0109206847846508,0.1791193783283233,0.0208773389458656,0.151311308145523,0.4488238096237182,0.2303606271743774,0.2859492301940918,0.0516874603927135,0.0748545601963996,0.1900821775197982,0.0616303384304046,0.1054736077785492,0.1224231943488121,0.0912979990243911,0.0534442737698555,0.4386124908924103,0.0885157585144043
0.3001807928085327,0.0827070176601409,0.4678064882755279,0.0827446803450584,0.5468742847442627,0.6203851699829102,0.1459462642669677,0.4826388359069824,0.0173467975109815,0.197440043091774,0.0112327607348561,0.2231368422508239,0.1986149549484253,0.0768325850367546,0.4976395964622497,0.07991623878479,0.0273028407245874,0.1186702921986579,0.016031127423048,0.130967229604721,0.1617985069751739,0.2205492258071899,0.1115848124027252,0.0517620518803596,0.0109063638374209,0.1792386770248413,0.0211087446659803,0.1518476754426956,0.4490153789520263,0.2316540777683258,0.2857041358947754,0.0511847138404846,0.0742946118116378,0.1896662712097168,0.0616312213242054,0.105285033583641,0.1223566383123397,0.091594785451889,0.0533479750156402,0.4388925433158874,0.0887830331921577
0.2894435524940491,0.0816878378391265,0.4624091982841491,0.0803379118442535,0.5650550723075867,0.6329212188720703,0.1490987539291381,0.4957576096057892,0.0176654867827892,0.2092861980199813,0.0106033086776733,0.2292800843715667,0.2014838457107544,0.0717765837907791,0.4947202205657959,0.0817606598138809,0.0231295637786388,0.1122906580567359,0.0164223499596118,0.1376270949840545,0.1681086719036102,0.2317544966936111,0.1145145297050476,0.0485546737909317,0.0099821202456951,0.1786897331476211,0.0184057541191577,0.1377534866333007,0.4258399605751037,0.2246613800525665,0.2737871408462524,0.0500638037919998,0.0722973942756652,0.1823236644268036,0.0606321170926094,0.1040470898151397,0.118458054959774,0.088888943195343,0.0529740229249,0.4238379597663879,0.0851172432303428
0.2952361106872558,0.081988088786602,0.4598775506019592,0.0800447314977645,0.5618174076080322,0.6319551467895508,0.1481570899486541,0.4967101514339447,0.0177326928824186,0.2089582830667495,0.0107569601386785,0.2295831143856048,0.1991234421730041,0.0722004771232605,0.4889498651027679,0.0820574164390564,0.0234320368617773,0.1119438707828521,0.0167016424238681,0.1346615403890609,0.1644390821456909,0.2327961027622223,0.1166306212544441,0.0484925806522369,0.0099560767412185,0.1787373125553131,0.0184104740619659,0.1381167620420456,0.4213916659355163,0.2264692783355713,0.272409975528717,0.0504261031746864,0.0731117129325866,0.1833758950233459,0.0608790926635265,0.1031378507614135,0.1177378296852111,0.0894307643175125,0.0532860532402992,0.422826886177063,0.0857321918010711
0.2977014183998108,0.0840799957513809,0.4578710496425628,0.0798548012971878,0.5796140432357788,0.666796863079071,0.1581438481807708,0.5118765830993652,0.0178565308451652,0.224561721086502,0.0110846227034926,0.2359955608844757,0.2152229100465774,0.0714806020259857,0.5040726661682129,0.0849254503846168,0.0287858620285987,0.1101137101650238,0.0172339491546154,0.1362113654613495,0.1806832551956176,0.236844390630722,0.1238306239247322,0.0492831021547317,0.0096256583929061,0.1788075119256973,0.0171477384865283,0.136038064956665,0.4246898293495178,0.2237925380468368,0.2829579710960388,0.0499892607331275,0.0740150362253189,0.182706743478775,0.0618264302611351,0.1023383066058158,0.1197223216295242,0.0909716337919235,0.054129309952259,0.4238267540931701,0.086265318095684
0.2962574362754822,0.0838692560791969,0.4510780572891235,0.0793459415435791,0.5828053951263428,0.6698567867279053,0.1611075401306152,0.5176754593849182,0.0177742578089237,0.2325906604528427,0.0110504627227783,0.2381879836320877,0.2210796922445297,0.0709699392318725,0.5052275061607361,0.0845828205347061,0.0289800222963094,0.1104265451431274,0.0171338953077793,0.1367523372173309,0.1798642873764038,0.237772911787033,0.1253880262374878,0.0491549223661422,0.0095781711861491,0.1767773926258087,0.0167453102767467,0.1334927976131439,0.4187656044960022,0.22262042760849,0.277542233467102,0.0491696558892726,0.0739313811063766,0.182062953710556,0.062045894563198,0.101945549249649,0.1192629113793373,0.0911426320672035,0.0543026328086853,0.4228671193122864,0.0864078849554061
0.2890201508998871,0.0867678076028823,0.4783207178115845,0.0767917037010192,0.6263646483421326,0.6864513158798218,0.1925492137670517,0.5333003997802734,0.014878592453897,0.2366682589054107,0.0122848395258188,0.2237388640642166,0.2269588261842727,0.0687754154205322,0.5040065050125122,0.0808930695056915,0.0294086001813411,0.1219111084938049,0.0061721736565232,0.1490796506404876,0.1385404765605926,0.232107400894165,0.1396760046482086,0.052809190005064,0.0095263328403234,0.1674223989248275,0.0166744831949472,0.1400323659181594,0.4392542243003845,0.222368523478508,0.3010376989841461,0.0506472066044807,0.07492096722126,0.204549640417099,0.0644473284482956,0.106461226940155,0.1201080381870269,0.0984886437654495,0.0560869015753269,0.4316823482513428,0.086929053068161
0.286128282546997,0.0857359170913696,0.4762983322143554,0.0765168294310569,0.6258434653282166,0.6855349540710449,0.1959415674209594,0.5339600443840027,0.0149483224377036,0.2384121716022491,0.0124933682382106,0.2227360904216766,0.2248671948909759,0.0685397833585739,0.5007156729698181,0.0809343457221984,0.0294548273086547,0.1206719800829887,0.0062602646648883,0.1474152654409408,0.1355478167533874,0.2491089701652526,0.1396181732416153,0.0527530461549758,0.0094694467261433,0.1660961061716079,0.0166011601686477,0.1395217478275299,0.4385721385478973,0.2221788913011551,0.3002962470054626,0.0496981516480445,0.0739349946379661,0.2019695043563842,0.064004085958004,0.1065928190946579,0.1195197775959968,0.097466692328453,0.0558184869587421,0.4310086071491241,0.0864439457654953
0.3134369254112243,0.0918132290244102,0.4799383282661438,0.0776044428348541,0.60257887840271,0.6729511022567749,0.1784233748912811,0.5261368155479431,0.0152203803882002,0.2233888804912567,0.0115691572427749,0.2255093455314636,0.2215358018875122,0.0695627629756927,0.5046743750572205,0.0782345682382583,0.0289545021951198,0.1134964078664779,0.0061092316173017,0.1396989822387695,0.1671127676963806,0.2440110743045807,0.140335664153099,0.0535606741905212,0.0094370655715465,0.1711095422506332,0.0173796527087688,0.1456228792667389,0.4370298385620117,0.2280391156673431,0.2962951064109802,0.0499984547495842,0.0722660273313522,0.1910183280706405,0.0633041411638259,0.1053481101989746,0.1167027875781059,0.0957747101783752,0.0552945621311664,0.4288420677185058,0.0835442245006561
0.304608553647995,0.0916957184672355,0.3793528378009796,0.0748780742287635,0.557171106338501,0.6406065821647644,0.1412751823663711,0.5238553285598755,0.0151042453944683,0.2541138529777527,0.0152640240266919,0.2534764409065246,0.1834735572338104,0.0767497941851615,0.4452230334281921,0.0809556245803833,0.0234484579414129,0.1173294335603714,0.0180582348257303,0.1186324656009674,0.1287799328565597,0.244270920753479,0.1162527576088905,0.0560720600187778,0.0121023021638393,0.1324551105499267,0.0210734345018863,0.1503992974758148,0.4468109309673309,0.2285606265068054,0.2886571884155273,0.0541151501238346,0.0802323818206787,0.1846231520175933,0.0658680722117424,0.095496729016304,0.1161703541874885,0.1001466661691665,0.0587743856012821,0.4386353492736816,0.0986563190817833
0.3279585838317871,0.0977459847927093,0.4139292240142822,0.078845202922821,0.5794731378555298,0.6580381989479065,0.1603980511426925,0.533973217010498,0.0150822214782238,0.2436514645814895,0.012483837082982,0.2468955814838409,0.1967724561691284,0.0799082070589065,0.4541235566139221,0.0789128392934799,0.0310525130480527,0.1183153241872787,0.018178466707468,0.1223988607525825,0.1435665339231491,0.2477936744689941,0.1266075223684311,0.0561678409576416,0.0106959901750087,0.1354734152555465,0.0187993049621582,0.1499766558408737,0.4391798675060272,0.2266368865966797,0.2923727631568908,0.0527464896440506,0.0778832584619522,0.1875489652156829,0.0662459880113601,0.101336732506752,0.1157634854316711,0.0965746417641639,0.0580333098769187,0.4306526184082031,0.0889099836349487
0.3252929747104645,0.0961286649107933,0.4147416353225708,0.0786326751112937,0.5806686878204346,0.659665584564209,0.1604838073253631,0.534269392490387,0.0151443798094987,0.2434078305959701,0.0125856846570968,0.2478391230106353,0.1979443728923797,0.0799759626388549,0.4545153677463531,0.0791094303131103,0.0309083610773086,0.1186416298151016,0.0182132795453071,0.121619589626789,0.1447281837463379,0.2485860884189605,0.1267116069793701,0.0562153756618499,0.0106379026547074,0.1356938779354095,0.0187559276819229,0.1494767218828201,0.4390022158622741,0.2264321595430374,0.2922256290912628,0.052924420684576,0.0780257284641265,0.1873904764652252,0.0665839686989784,0.1016318351030349,0.1157186627388,0.0967259556055069,0.0582848936319351,0.4298404455184936,0.0892982259392738
0.3209596276283264,0.0820779651403427,0.4267527163028717,0.0813288018107414,0.5736157894134521,0.6640030741691589,0.1819587796926498,0.5293524861335754,0.0159610360860824,0.2343233376741409,0.0130142476409673,0.247803121805191,0.2142662554979324,0.0868702456355094,0.4412163197994232,0.0827933251857757,0.0303484033793211,0.1286126673221588,0.0164796598255634,0.1124324351549148,0.1375785917043686,0.2503630816936493,0.1242072284221649,0.056785762310028,0.0113442875444889,0.1389985233545303,0.0220296829938888,0.1524194180965423,0.4410215616226196,0.1890788078308105,0.2722660899162292,0.051503337919712,0.0727953687310218,0.1800410747528076,0.0649742186069488,0.1002699434757232,0.1156228333711624,0.0950604975223541,0.0575832799077034,0.4484464824199676,0.0918571129441261
0.3232564330101013,0.0770651549100875,0.465239018201828,0.0817353874444961,0.5664376020431519,0.6609973907470703,0.1813080310821533,0.5250381827354431,0.016120271757245,0.2276488840579986,0.0130533827468752,0.2456811070442199,0.205938920378685,0.087762713432312,0.4364587664604187,0.0774197727441787,0.0302034839987754,0.1268334984779358,0.0162845514714717,0.1101528257131576,0.1347561925649643,0.2393571734428405,0.1235736533999443,0.0398370809853076,0.0111471693962812,0.1386904567480087,0.0226497165858745,0.153110921382904,0.4370238780975342,0.1886004507541656,0.2689722776412964,0.0536490827798843,0.0685062408447265,0.1783475130796432,0.0645856335759162,0.1004759296774864,0.1150880604982376,0.0945783406496048,0.0573528185486793,0.4509871304035187,0.0919589251279831
0.3312442898750305,0.0805731266736984,0.4758029282093048,0.082742765545845,0.5776998996734619,0.66437828540802,0.1816488802433014,0.5297518968582153,0.0157999992370605,0.2257553786039352,0.0123856300488114,0.2429159581661224,0.2116496860980987,0.086815632879734,0.4720390439033508,0.0808181762695312,0.0302494540810585,0.125397652387619,0.0154112922027707,0.1099736392498016,0.1359912306070327,0.2359029054641723,0.1257784515619278,0.0552799068391323,0.0106458365917205,0.1390850245952606,0.0226360540837049,0.1552934944629669,0.4333858489990234,0.1896153837442398,0.2663613855838775,0.0529425032436847,0.067835658788681,0.1765972077846527,0.0640591979026794,0.1008323803544044,0.1149495691061019,0.0941148325800895,0.0572727024555206,0.4506329596042633,0.0901434421539306
0.3294034004211426,0.0797035843133926,0.4740909337997436,0.0822302773594856,0.5712165832519531,0.6586306095123291,0.1767449676990509,0.5251681804656982,0.0156473275274038,0.2236354947090149,0.0122792981564998,0.2427298426628112,0.20569908618927,0.0865647494792938,0.4638738930225372,0.0806089267134666,0.0300931334495544,0.1230944916605949,0.0152746140956878,0.109356589615345,0.133679911494255,0.2331359088420868,0.1234032586216926,0.0550758689641952,0.010203544050455,0.1388341337442398,0.0227776430547237,0.1555476039648056,0.4343171715736389,0.1898502111434936,0.2667489647865295,0.0528720952570438,0.0673055201768875,0.1760177910327911,0.0635746642947197,0.1000677198171615,0.1141273528337478,0.0932416841387748,0.0566495358943939,0.449100911617279,0.0899018347263336
0.331835925579071,0.0906466543674469,0.456179141998291,0.0807034596800804,0.558269202709198,0.6552209854125977,0.1713696122169494,0.5266343355178833,0.0157629027962684,0.2222446948289871,0.0110777681693434,0.2476079016923904,0.2137633860111236,0.0858184546232223,0.4580691158771515,0.0769535303115844,0.0298493988811969,0.1251983791589737,0.0153644550591707,0.1145796626806259,0.1400466710329055,0.2347251325845718,0.1255518794059753,0.0388946682214736,0.0101558975875377,0.1400936245918274,0.0224006995558738,0.1544798165559768,0.4354827404022217,0.2249352484941482,0.2774834036827087,0.0532630383968353,0.0684402659535408,0.1751333177089691,0.0630696862936019,0.0986277386546135,0.1118301898241043,0.0931041240692138,0.0568333305418491,0.4465788900852203,0.0911754593253135
0.3310411870479584,0.0820929631590843,0.4565260410308838,0.081043891608715,0.5485119223594666,0.6510366797447205,0.1664291322231292,0.5208708643913269,0.015776690095663,0.2170464545488357,0.0105857290327548,0.246926337480545,0.2103334814310073,0.0850517451763153,0.4581532180309295,0.0774484649300575,0.0293561927974224,0.1219177991151809,0.0153490491211414,0.1155974268913269,0.1399044096469879,0.243046224117279,0.124936431646347,0.0548334047198295,0.0098109766840934,0.139054000377655,0.0223002135753631,0.1521672010421753,0.4304673373699188,0.1863993406295776,0.2609236240386963,0.053003367036581,0.0679545104503631,0.1730806976556778,0.0623228251934051,0.0987905859947204,0.1109942719340324,0.0919170379638671,0.0566445663571357,0.4451495110988617,0.0910394787788391
0.3297750055789947,0.0789504051208496,0.4705125689506531,0.0826615840196609,0.5496478080749512,0.6512987613677979,0.1633089184761047,0.5194278955459595,0.0156037006527185,0.2113964408636093,0.0113777639344334,0.244900107383728,0.1997192800045013,0.0870258063077926,0.4504530429840088,0.0769330710172653,0.0290760323405265,0.1206870451569557,0.0150868985801935,0.1123782247304916,0.1325316727161407,0.2371188104152679,0.1242353916168212,0.0545385181903839,0.0098534170538187,0.1385103464126587,0.0200450904667377,0.1525491774082183,0.4279382526874542,0.1907703280448913,0.260428786277771,0.0523616448044776,0.0674657523632049,0.1754791736602783,0.0628540962934494,0.0994724929332733,0.112539567053318,0.0926087796688079,0.0565989911556243,0.4486811757087707,0.0918198823928833
0.3278912901878357,0.0781915113329887,0.4689453840255737,0.0830548852682113,0.5474791526794434,0.6505289077758789,0.1626718193292617,0.5172027349472046,0.0157131943851709,0.2111040353775024,0.0112764835357666,0.2436313331127166,0.1972765475511551,0.0868434607982635,0.4449004828929901,0.0776025652885437,0.0289018135517835,0.120484173297882,0.0152340698987245,0.1121975928544998,0.1323206424713134,0.2363284677267074,0.1233800426125526,0.0551410466432571,0.0100613385438919,0.1385580748319625,0.0202146545052528,0.1516242027282714,0.4290390610694885,0.1898815333843231,0.2609059810638428,0.0522767677903175,0.067716009914875,0.1757884323596954,0.0628378987312316,0.100154660642147,0.1127908527851104,0.0927383825182914,0.056834403425455,0.4486849308013916,0.0920367613434791
0.327795147895813,0.0798973068594932,0.4677804410457611,0.0845466628670692,0.550999641418457,0.6534644365310669,0.1729184687137603,0.5204134583473206,0.016073266044259,0.2136867940425872,0.0111195473000407,0.2411668002605438,0.2035037577152252,0.0876695588231086,0.4419289827346802,0.0765024423599243,0.0286212302744388,0.1242717504501342,0.0148628205060958,0.1160535663366317,0.1381025612354278,0.2345151901245117,0.1231744810938835,0.0547963604331016,0.0109555078670382,0.1391302496194839,0.0212220419198274,0.1524423062801361,0.429264098405838,0.1875746548175811,0.2590664625167846,0.0519236102700233,0.0656134933233261,0.1721161901950836,0.0625174790620803,0.1014438867568969,0.1129189357161521,0.0943157076835632,0.0569073036313056,0.453874260187149,0.0915740057826042
0.3254084587097168,0.07891146838665,0.467882752418518,0.0842203646898269,0.5542993545532227,0.6553339958190918,0.1748565882444381,0.5208624601364136,0.016196209937334,0.2151315361261367,0.0114562530070543,0.2411391586065292,0.2016429305076599,0.0868272632360458,0.4417902529239654,0.0767654627561569,0.0288192871958017,0.1232070252299308,0.0149797666817903,0.1166877970099449,0.1389449536800384,0.2431827187538147,0.123987577855587,0.0546666234731674,0.0108499024063348,0.1394223868846893,0.0207530222833156,0.1512196660041809,0.4286906719207763,0.1874206662178039,0.2593268752098083,0.0522847920656204,0.0661349594593048,0.1740043461322784,0.0626004338264465,0.1014076918363571,0.1132291853427887,0.0949706584215164,0.0572582446038723,0.4534646272659302,0.0919784530997276
0.2817364633083343,0.0726237595081329,0.4151149988174438,0.0773383602499961,0.550603449344635,0.6391400694847107,0.1589508354663849,0.5145761966705322,0.0153637574985623,0.2230637520551681,0.0154726188629865,0.240597665309906,0.1734938323497772,0.0836166068911552,0.4103396236896515,0.0821806713938713,0.0271282661706209,0.11354960501194,0.0160816125571727,0.1160898506641388,0.1309123337268829,0.2340047061443328,0.1106577739119529,0.0545696020126342,0.0113276038318872,0.129283457994461,0.0221648644655942,0.1501509100198745,0.4544388055801391,0.1810411512851715,0.2804111242294311,0.0507314205169677,0.0736408084630966,0.1795282363891601,0.0640815049409866,0.096973143517971,0.1160058975219726,0.0977251455187797,0.0561214908957481,0.454257071018219,0.0951515212655067
0.2793203294277191,0.0730086863040924,0.4089835286140442,0.0771182477474212,0.5447741746902466,0.6369306445121765,0.1571535766124725,0.5111734867095947,0.0152821112424135,0.2242113351821899,0.0156069071963429,0.2422325313091278,0.1704289615154266,0.0835400968790054,0.4349597096443176,0.0803282558917999,0.027170605957508,0.1132173761725425,0.0163617879152297,0.1162224411964416,0.1288902163505554,0.2346112728118896,0.1112528443336486,0.0545729324221611,0.0113441599532961,0.1299930214881897,0.0223370715975761,0.1480797529220581,0.4509156048297882,0.1821248829364776,0.2777098715305328,0.0505902059376239,0.0745745748281478,0.1803776323795318,0.0642976835370063,0.0964946076273918,0.1162283346056938,0.0983287245035171,0.0565144345164299,0.4551895260810852,0.09701669216156
0.289689302444458,0.0750197544693946,0.4108097851276397,0.0767898559570312,0.5258611440658569,0.6249477863311768,0.1537209302186966,0.5028519630432129,0.0151006188243627,0.2173089385032653,0.0153869921341538,0.2407197654247284,0.1655745506286621,0.0839783325791359,0.3684132397174835,0.0765205100178718,0.0265982318669557,0.1139398887753486,0.015625312924385,0.1147704049944877,0.1264992654323578,0.2315083444118499,0.1083625331521034,0.0540886037051677,0.0117872282862663,0.1301225423812866,0.0235974192619323,0.1508726328611374,0.4463139474391937,0.1842248439788818,0.273708701133728,0.0502257421612739,0.0722246915102005,0.174919456243515,0.0627824962139129,0.0952357053756713,0.114818088710308,0.0979091972112655,0.0558505579829216,0.4600710868835449,0.0981590747833252
0.2898074090480804,0.0757224783301353,0.4068014919757843,0.0768573656678199,0.5252019166946411,0.6245766878128052,0.1551983952522277,0.5024731159210205,0.0151588460430502,0.2179943621158599,0.0147241577506065,0.2422859668731689,0.1689506918191909,0.0831907242536544,0.4323289692401886,0.0767279118299484,0.0268184579908847,0.1151334643363952,0.0157335679978132,0.1170408204197883,0.1276172846555709,0.2311728745698928,0.1097671240568161,0.0538002029061317,0.0116187706589698,0.1307560056447982,0.0233798064291477,0.1501851081848144,0.4420852661132812,0.1839785426855087,0.271214485168457,0.0500379651784896,0.0716355517506599,0.1728745996952057,0.0624851994216442,0.0951902419328689,0.1142836734652519,0.0973516702651977,0.0555550716817379,0.4596219062805176,0.0980858504772186
0.2834692001342773,0.0751825496554374,0.3901792764663696,0.0775399878621101,0.5182023644447327,0.6196704506874084,0.1509643346071243,0.4949226379394531,0.0152030792087316,0.2083695232868194,0.0143108293414115,0.2394832670688629,0.1694798469543457,0.084265261888504,0.3726615905761719,0.0766986533999443,0.0255099833011627,0.1159434169530868,0.015705743804574,0.1173857897520065,0.1289498805999755,0.2303433269262313,0.1059501022100448,0.0538294166326522,0.011685587465763,0.1307025402784347,0.0238934643566608,0.1498433202505111,0.4489313662052154,0.1827332377433776,0.2752434015274048,0.042957816272974,0.0681498050689697,0.1694113314151764,0.0619985871016979,0.0966241359710693,0.1149230897426605,0.0977957546710968,0.0551298186182975,0.4597837924957275,0.0969143807888031
0.2822520136833191,0.0784388929605484,0.3823490738868713,0.0768479257822036,0.5217323303222656,0.6204273104667664,0.1532914489507675,0.4962705671787262,0.0149681326001882,0.2141653597354889,0.01415934599936,0.2418802231550216,0.1762392818927765,0.0827230513095855,0.3820255994796753,0.0763945877552032,0.0254525057971477,0.1168636158108711,0.0155291119590401,0.1193128079175949,0.1310070306062698,0.2289286851882934,0.1067688316106796,0.0532117784023284,0.0118368342518806,0.130118265748024,0.0235374420881271,0.1496284008026123,0.4462011158466339,0.1841198503971099,0.2716135084629059,0.0425781197845935,0.0675766244530677,0.1680419445037841,0.0614645555615425,0.0959704518318176,0.1147831454873085,0.0973887667059898,0.0547158159315586,0.4572811126708984,0.096720352768898
0.3126612305641174,0.0907983034849166,0.4138647317886352,0.0811653733253479,0.5618575811386108,0.6461077928543091,0.1668827831745147,0.5192553997039795,0.0153566440567374,0.2194979786872863,0.0118651613593101,0.2371143698692321,0.2068953216075897,0.0826814919710159,0.4509711861610412,0.0775066688656807,0.0290353205054998,0.120447352528572,0.0160692725330591,0.1255979388952255,0.1490243077278137,0.2357114255428314,0.1184153705835342,0.0546991266310215,0.0103527903556823,0.1397032588720321,0.0204268842935562,0.1503328382968902,0.4442076683044433,0.2193579077720642,0.2860610485076904,0.0483661480247974,0.0714386999607086,0.1766924411058426,0.0632293298840522,0.0988385751843452,0.1132440939545631,0.0942246317863464,0.055508516728878,0.4474219083786011,0.0884049013257026
0.312985748052597,0.0904392004013061,0.4146851301193237,0.081415832042694,0.5632701516151428,0.6465340852737427,0.1680189669132232,0.5196835398674011,0.0154540725052356,0.2201714217662811,0.0120152840390801,0.236443281173706,0.2069556415081024,0.0829841420054435,0.4522551596164703,0.0775293856859207,0.0291598178446292,0.1208492890000343,0.0160686112940311,0.1251861155033111,0.1486920714378357,0.2365473806858062,0.1184736192226409,0.054990030825138,0.0103743616491556,0.1399677842855453,0.0206062421202659,0.1509571075439453,0.4451490640640259,0.2195660322904586,0.2868980765342712,0.0483030751347541,0.0714211612939834,0.176567941904068,0.0633860304951667,0.0991580411791801,0.1134791374206543,0.0945935025811195,0.0555265769362449,0.447106122970581,0.0882991254329681
0.2815742194652557,0.0772585421800613,0.3973134756088257,0.076333463191986,0.5292676091194153,0.6232398748397827,0.1562192440032959,0.4977436065673828,0.0153222847729921,0.2177622318267822,0.0147639205679297,0.2402628064155578,0.1691716015338897,0.0835870504379272,0.4333914518356323,0.0764067247509956,0.021204525604844,0.1186769008636474,0.0157520957291126,0.1177349016070365,0.132622480392456,0.2277439534664154,0.1044469699263572,0.0545420832931995,0.0109110232442617,0.1316150724887848,0.0238433219492435,0.1501595377922058,0.4532511234283447,0.1844069361686706,0.2799622118473053,0.0505051985383033,0.0726341903209686,0.1730890274047851,0.0625710189342498,0.0958615317940712,0.1163107305765152,0.0986334159970283,0.0553222820162773,0.4560381770133972,0.0968492403626442
0.2821962833404541,0.0765920355916023,0.4000046253204345,0.0763908475637435,0.5279995203018188,0.6231173276901245,0.1565212458372116,0.4975356161594391,0.015300091356039,0.2166687846183776,0.014717636629939,0.2398070394992828,0.1688030958175659,0.0834585577249527,0.432856023311615,0.0763289183378219,0.0269857048988342,0.1182184144854545,0.0158127807080745,0.1174624115228653,0.1322492659091949,0.2279406487941742,0.1046674698591232,0.0546149723231792,0.0108909830451011,0.1318723112344741,0.0238378271460533,0.1504198759794235,0.453385591506958,0.1842070519924163,0.2802812755107879,0.0505558513104915,0.0724664628505706,0.1736879795789718,0.0625890493392944,0.0957958102226257,0.1162714064121246,0.0986841022968292,0.0552087128162384,0.4566026628017425,0.0969115421175956
