AU1,AU2,AU4,AU5,AU6,AU7,AU9,AU10,AU11,AU12,AU13,AU14,AU15,AU16,AU17,AU18,AU19,AU20,AU22,AU23,AU24,AU25,AU26,AU27,AU32,AU38,AU39,AUL1,AUR1,AUL2,AUR2,AUL4,AUR4,AUL6,AUR6,AUL10,AUR10,AUL12,AUR12,AUL14,AUR14
0.4571457505226135,0.2092107832431793,0.6522487998008728,0.1150931417942047,0.6033339500427246,0.3843578696250915,0.1840724945068359,0.2876307666301727,0.047198686748743,0.1130211055278778,0.0229299701750278,0.2734757661819458,0.2588103115558624,0.061667300760746,0.7094311714172363,0.0419264361262321,0.0270102731883525,0.165571928024292,0.0191231667995452,0.1432839483022689,0.1223735958337783,0.2110646963119506,0.1504385471343994,0.0548006109893322,0.0166667755693197,0.1420941352844238,0.0588730350136756,0.1953058391809463,0.3891827166080475,0.283170223236084,0.2914226055145263,0.0707931667566299,0.0515840724110603,0.0737892091274261,0.0596673712134361,0.2011952549219131,0.1070308461785316,0.0569591000676155,0.0407923385500907,0.4121936559677124,0.0702510774135589
0.4774582386016845,0.243872195482254,0.6383510828018188,0.1208449080586433,0.5826719999313354,0.3588850796222687,0.1664687395095825,0.2689553201198578,0.0491725616157054,0.0966496020555496,0.0225580278784036,0.2644287943840027,0.2456273585557937,0.0682528913021087,0.6996196508407593,0.0416575074195861,0.0283874534070491,0.2012190818786621,0.021780677139759,0.1366748064756393,0.1193198636174202,0.2059131264686584,0.1373177915811538,0.0564406439661979,0.0381648764014244,0.1730140447616577,0.0658338367938995,0.209452673792839,0.4076792895793915,0.3069693446159363,0.3009402453899383,0.0565269738435745,0.030313666909933,0.0754725188016891,0.058326780796051,0.2128749787807464,0.1129017546772956,0.0611871033906936,0.042907528579235,0.4322025775909424,0.0749193876981735
0.4760786592960357,0.2400861978530883,0.6381714344024658,0.1218365430831909,0.5885614156723022,0.3584209680557251,0.1583140045404434,0.2666441202163696,0.0492352843284606,0.0977307260036468,0.0237946957349777,0.2641268670558929,0.2453858256340026,0.068503737449646,0.6749864816665649,0.0426300168037414,0.0284049343317747,0.2035342752933502,0.0225853212177753,0.1377999484539032,0.1168324723839759,0.2071497440338134,0.1355071067810058,0.0564891993999481,0.0406619235873222,0.1753939688205719,0.0592221282422542,0.2099871337413787,0.4065687954425812,0.3097351491451263,0.2993070483207702,0.057477094233036,0.0323877781629562,0.0778252333402633,0.0587034784257411,0.2137055993080139,0.1153568997979164,0.0622622296214103,0.0438623651862144,0.4345170259475708,0.0777872949838638
0.4431281387805938,0.2310284376144409,0.6470441818237305,0.1258666515350341,0.5959107875823975,0.3628249168395996,0.1957065016031265,0.2659083008766174,0.050868846476078,0.1086819693446159,0.0228709131479263,0.2636012732982635,0.3249354064464569,0.0631290301680564,0.710617184638977,0.0408995077013969,0.02855328284204,0.2045760750770568,0.0213844459503889,0.1503731459379196,0.1408717483282089,0.2013963758945465,0.1486182063817978,0.0580844096839427,0.0196219515055418,0.1693848073482513,0.0698302090167999,0.2062999308109283,0.4025901556015014,0.3030488193035126,0.2988519668579101,0.0532080084085464,0.0256808064877986,0.0714684799313545,0.0548584386706352,0.2192548513412475,0.1088323220610618,0.0585075877606868,0.0402142256498336,0.417718231678009,0.0701107233762741
0.4426360726356506,0.2266471236944198,0.6488282680511475,0.1270090341567993,0.5974827408790588,0.3648111820220947,0.1964835375547409,0.2657274007797241,0.0505473986268043,0.1084030121564865,0.0236403420567512,0.2610083818435669,0.3180086016654968,0.0633917599916458,0.7108888626098633,0.0410792306065559,0.0287551470100879,0.2010444700717926,0.0213826857507228,0.1471259891986847,0.1385527849197387,0.2020038962364196,0.1479324400424957,0.0573565475642681,0.0197650995105505,0.1714693903923034,0.068008191883564,0.2051689475774765,0.3984531164169311,0.3037810325622558,0.2984964847564697,0.052968330681324,0.0275278482586145,0.0727594420313835,0.0554950684309005,0.2184316962957382,0.1093897670507431,0.059311456978321,0.0406970381736755,0.4185702800750732,0.0715988427400589
0.4582802653312683,0.234491229057312,0.655336856842041,0.1282956451177597,0.5964016914367676,0.3550307750701904,0.1999083757400512,0.2527730464935303,0.0522410497069358,0.0914951711893081,0.0277709178626537,0.2618864178657532,0.3258860409259796,0.0653236731886863,0.7569805383682251,0.0506790503859519,0.0308657549321651,0.1819010972976684,0.0246089901775121,0.1811545938253402,0.1775577813386917,0.220803290605545,0.1658070385456085,0.0667588710784912,0.0236573554575443,0.1616377830505371,0.0663294494152069,0.2258674800395965,0.3848194181919098,0.3233914673328399,0.3023058772087097,0.0729027092456817,0.0554556474089622,0.0811251252889633,0.0594939477741718,0.2315487414598465,0.1218021214008331,0.0653415024280548,0.0432813838124275,0.4201043546199798,0.0986267775297164
0.4577695429325104,0.236655056476593,0.6529966592788696,0.1312487125396728,0.598747968673706,0.3526129722595215,0.1928223520517349,0.2498089075088501,0.0528799965977668,0.0908991396427154,0.0274177938699722,0.2598143219947815,0.3283573091030121,0.0642406493425369,0.7561293840408325,0.0471646785736084,0.0307413898408412,0.1774633526802063,0.0245780348777771,0.1821904480457306,0.179362803697586,0.2194084823131561,0.1666846722364425,0.0666157901287078,0.0232734456658363,0.1632392704486847,0.0627559944987297,0.2228680849075317,0.3808713257312774,0.3235051035881042,0.3024543523788452,0.0731276050209999,0.0554500222206115,0.0807888209819793,0.0592418536543846,0.2309276163578033,0.1203644126653671,0.0650514364242553,0.0427096039056777,0.4166656732559204,0.0979722291231155
0.4566165506839752,0.2591912746429443,0.6172124147415161,0.1288159489631652,0.6053285598754883,0.3686530590057373,0.1881986260414123,0.2685313522815704,0.0483245700597763,0.1056117117404937,0.0255623534321784,0.2729019522666931,0.277669221162796,0.043516956269741,0.7353345155715942,0.0457634776830673,0.0288318376988172,0.1694169640541076,0.0187682099640369,0.1637597829103469,0.1593517214059829,0.2152192890644073,0.1738672852516174,0.0558728985488414,0.0178258921951055,0.1795984804630279,0.0563728511333465,0.2106530219316482,0.3977245092391968,0.3099710941314697,0.3107005953788757,0.0633941367268562,0.036525622010231,0.0747585371136665,0.0565621629357337,0.2257508486509323,0.1070002764463424,0.0641163885593414,0.0392069742083549,0.4330808818340301,0.0718941092491149
0.4574604332447052,0.2591828405857086,0.6101424098014832,0.1320319175720214,0.594713568687439,0.3676675856113434,0.1915583908557891,0.2704361081123352,0.0504253059625625,0.1078940033912658,0.0267077013850212,0.2710878252983093,0.2703497409820556,0.0582186952233314,0.732473611831665,0.041343480348587,0.029313551262021,0.1721227765083313,0.0164619572460651,0.1591645926237106,0.1528185307979583,0.2179187983274459,0.1717261970043182,0.055959053337574,0.0181965269148349,0.1805979013442993,0.0651356130838394,0.208899900317192,0.3944631814956665,0.3100070059299469,0.3070746660232544,0.064844898879528,0.0380243249237537,0.0671114474534988,0.039895549416542,0.2265792489051818,0.1068204566836357,0.0646142065525055,0.04004468023777,0.4475069642066955,0.06881033629179
0.4806580245494842,0.2613448202610016,0.5867164134979248,0.1367105692625045,0.5861203670501709,0.3418694734573364,0.1697175949811935,0.2704602479934692,0.0561695843935012,0.1033707410097122,0.0227811522781848,0.2607728838920593,0.286614328622818,0.0577400922775268,0.742335855960846,0.0396964401006698,0.0283295232802629,0.1951983571052551,0.024005938321352,0.1426924616098404,0.142652079463005,0.2086420804262161,0.1733569502830505,0.0658789575099945,0.0284279473125934,0.1968547403812408,0.0722839683294296,0.2394978404045105,0.431729257106781,0.2954797148704529,0.2904012203216553,0.0764831528067588,0.0573241710662841,0.0724414139986038,0.0560229532420635,0.2243882119655609,0.1142292022705078,0.0674043968319892,0.0441909544169902,0.4665258228778839,0.0830498412251472
0.5124818682670593,0.2865076065063476,0.5451789498329163,0.1629652082920074,0.5713232755661011,0.3369442522525787,0.1537154465913772,0.2794609665870666,0.0532017573714256,0.1054988726973533,0.0280294492840766,0.2510627210140228,0.2303115427494049,0.066905453801155,0.6920053362846375,0.0447434373199939,0.031939648091793,0.195370078086853,0.0234123058617115,0.1541629135608673,0.1113093793392181,0.2328684777021408,0.1835574805736541,0.0708686783909797,0.0370195284485816,0.1805346757173538,0.073106899857521,0.2410342097282409,0.4258634448051452,0.3095301389694214,0.2957424223423004,0.0718737766146659,0.042995274066925,0.0856990963220596,0.0610139518976211,0.2549385130405426,0.1400260776281356,0.0741457194089889,0.0466604344546794,0.498348593711853,0.071298062801361
0.4970191717147827,0.2814359068870544,0.57469642162323,0.1647341698408126,0.5784809589385986,0.352308452129364,0.1549984514713287,0.2927047908306122,0.0531981736421585,0.1056902408599853,0.0281670130789279,0.242006316781044,0.2369361370801925,0.0571769103407859,0.7042236328125,0.0403554216027259,0.0326433479785919,0.2172107994556427,0.0230203010141849,0.1346216201782226,0.1145897433161735,0.2309089303016662,0.1698465645313263,0.0690049082040786,0.0294298231601715,0.1994099766016006,0.07073625177145,0.2374778091907501,0.4245027899742126,0.3079461455345154,0.2938632369041443,0.0816295146942138,0.0676488950848579,0.0829374939203262,0.0619920194149017,0.2636323571205139,0.1398165225982666,0.0719694420695304,0.044522687792778,0.5062814354896545,0.0751783847808837
0.5048590898513794,0.2860702574253082,0.5802560448646545,0.1623987257480621,0.5835658311843872,0.3581187427043915,0.1554678827524185,0.2958018779754638,0.0526143871247768,0.107583574950695,0.0276366434991359,0.246428906917572,0.2455824613571167,0.0544043220579624,0.7135101556777954,0.0410098433494567,0.0324580445885658,0.2131249606609344,0.0221828613430261,0.141926035284996,0.1204219013452529,0.2338087409734726,0.1731923371553421,0.0679938718676567,0.0273480676114559,0.1969350278377533,0.0666826739907264,0.2356181740760803,0.413738876581192,0.3067066073417663,0.2912779450416565,0.0802467688918113,0.0667016804218292,0.0833964496850967,0.0622964054346084,0.2603947520256042,0.1401440203189849,0.0709994211792945,0.0449267551302909,0.5046440362930298,0.0750674456357956
0.4982292056083679,0.2775025963783264,0.6063747406005859,0.1567555665969848,0.5867199301719666,0.3676381111145019,0.1711259186267852,0.2863855063915252,0.0501314848661422,0.111999437212944,0.0234855785965919,0.2670919895172119,0.2630017399787903,0.0497591644525527,0.7263058423995972,0.0379272922873497,0.0285080913454294,0.2022555768489837,0.0183063987642526,0.1404839754104614,0.1416482478380203,0.2237248122692108,0.1779723167419433,0.0644407868385315,0.0215193182229995,0.1882636547088623,0.0718578845262527,0.2292544990777969,0.4065927267074585,0.3226419687271118,0.3039098680019378,0.0601206719875335,0.0325958505272865,0.0756812244653701,0.0579815357923507,0.2347830235958099,0.1069656014442443,0.066431924700737,0.0410117506980896,0.4574538171291351,0.0701300203800201
0.4827914834022522,0.2400061190128326,0.6167153120040894,0.1500424593687057,0.570023775100708,0.3719500303268432,0.1805435568094253,0.2928621470928192,0.0517266318202018,0.1190248355269432,0.0182555019855499,0.2616778612136841,0.268244206905365,0.0554349571466445,0.7147672176361084,0.0378598719835281,0.0276259388774633,0.1794380843639373,0.018103564158082,0.1270371973514557,0.1212566420435905,0.2172947376966476,0.1464429795742035,0.0537878759205341,0.0367686189711093,0.1586130261421203,0.0562354177236557,0.2120479047298431,0.3795561790466308,0.3087904453277588,0.2732090950012207,0.0513501465320587,0.0271415114402771,0.0738130137324333,0.0392446741461753,0.2129127979278564,0.106344923377037,0.0631174445152282,0.0423144400119781,0.4032694101333618,0.0674136504530906
0.5144611597061157,0.3033077120780945,0.5432602167129517,0.1652323901653289,0.5686283707618713,0.3774468302726745,0.1343651115894317,0.334531158208847,0.0478257872164249,0.1335748434066772,0.0240448582917451,0.2712382078170776,0.2507186532020569,0.0491657480597496,0.7168518900871277,0.0336572416126728,0.0309384558349847,0.20965576171875,0.0225633569061756,0.1474334001541137,0.1185576766729354,0.2256321161985397,0.1678838431835174,0.0622810423374176,0.024112083017826,0.1579364389181137,0.0517142750322818,0.2214697897434234,0.3774521350860595,0.3331634700298309,0.2832561433315277,0.0624670833349227,0.0422881469130516,0.0931287109851837,0.0419830009341239,0.246752917766571,0.1434036791324615,0.0685367956757545,0.0467433892190456,0.4363286197185516,0.0844759047031402
0.521233320236206,0.2905842661857605,0.5405557155609131,0.1527587175369262,0.5841693878173828,0.3733588457107544,0.1563217788934707,0.3138053119182586,0.0478058829903602,0.1316786706447601,0.033752117305994,0.2954916059970855,0.249126985669136,0.0583880506455898,0.7179307341575623,0.0371696501970291,0.0342648178339004,0.2198380529880523,0.0259890854358673,0.127743974328041,0.1058427318930625,0.2368046939373016,0.1806190013885498,0.0723038911819458,0.0286790169775486,0.1714990437030792,0.0726995393633842,0.2321298718452453,0.4091507494449615,0.3380616009235382,0.3129504919052124,0.0682760849595069,0.0413190051913261,0.0961179211735725,0.0446007028222084,0.252783715724945,0.1469909846782684,0.0728424191474914,0.0482048913836479,0.4359213709831238,0.1048663407564163
0.479752779006958,0.2509002089500427,0.5986531972885132,0.1304777711629867,0.5816774368286133,0.3640368282794952,0.1648398041725158,0.2733098864555359,0.0482336319983005,0.1073009893298149,0.0242325253784656,0.2637548744678497,0.3105241358280182,0.0553929544985294,0.7448371648788452,0.0429863408207893,0.0305390171706676,0.2207029014825821,0.022195853292942,0.1473146229982376,0.1752843856811523,0.2142572849988937,0.1574969291687011,0.0705769583582878,0.0292961969971656,0.1991008818149566,0.0675927102565765,0.2397337704896927,0.4092195332050323,0.3421119451522827,0.3030831217765808,0.0566643364727497,0.0346136279404163,0.0904516577720642,0.0435069948434829,0.2321111261844635,0.1249991059303283,0.071717657148838,0.0466267094016075,0.48031747341156,0.094560258090496
0.4533390402793884,0.2505700588226318,0.5988141298294067,0.1437195837497711,0.5885615348815918,0.3510441780090332,0.1715327948331833,0.259674459695816,0.050858736038208,0.1004418432712555,0.0255443640053272,0.2602039277553558,0.3198694288730621,0.0579266920685768,0.743876576423645,0.0438615605235099,0.0306175164878368,0.2222100794315338,0.0227802619338035,0.1759630590677261,0.1886441707611084,0.2077038288116455,0.17228564620018,0.0730751752853393,0.0299428850412368,0.2004569917917251,0.0721637830138206,0.2391082048416137,0.4046805202960968,0.3474624156951904,0.2956544756889343,0.0769025981426239,0.06132098659873,0.084600456058979,0.0594122633337974,0.2331234961748123,0.1235712319612503,0.0707540661096572,0.0439809113740921,0.4246795177459717,0.1007384955883026
0.4921839833259582,0.2383846193552017,0.5845195651054382,0.1090054959058761,0.5792853832244873,0.3549509048461914,0.1444462984800338,0.2619603276252746,0.0405254065990448,0.0954124256968498,0.0297960899770259,0.2684292793273926,0.2164892107248306,0.0570455715060234,0.696122407913208,0.0410096347332,0.0298692137002944,0.2064246535301208,0.0186050757765769,0.1351012289524078,0.1168051362037658,0.2218022644519806,0.1443028450012207,0.0666054189205169,0.0414146743714809,0.1925114393234253,0.0607406459748744,0.2342255562543869,0.4216122031211853,0.3482640385627746,0.3216537237167358,0.0596399568021297,0.0537372827529907,0.1008265167474746,0.0384168103337287,0.2207010239362716,0.1330917179584503,0.0746370255947113,0.0505596324801445,0.4812974333763122,0.1150684058666229
0.5065716505050659,0.2431555688381195,0.5960403680801392,0.1116766184568405,0.5853004455566406,0.357333242893219,0.1436320096254348,0.264424204826355,0.0412348434329032,0.0957986861467361,0.0306971669197082,0.2707808315753937,0.2399408817291259,0.0562161579728126,0.7037554979324341,0.0405295230448246,0.0297364555299282,0.206138789653778,0.0187088102102279,0.1353495866060257,0.1190878599882125,0.2256377041339874,0.1440811902284622,0.0666334852576255,0.0423152819275856,0.1942860782146453,0.060877438634634,0.233569711446762,0.4145308136940002,0.3506823778152466,0.3224798738956451,0.058991827070713,0.0530173778533935,0.1014212816953659,0.039352860301733,0.2200087457895279,0.1354381293058395,0.0751395672559738,0.0520927160978317,0.480012834072113,0.1155658662319183
0.5448268055915833,0.245787888765335,0.5310419797897339,0.1174782663583755,0.5343372821807861,0.3078376054763794,0.1164481416344642,0.2809606194496155,0.0403392314910888,0.0795851200819015,0.0356773808598518,0.2948691248893738,0.1343089193105697,0.0717057436704635,0.6368003487586975,0.0371093600988388,0.0287728980183601,0.1821804940700531,0.0193091724067926,0.0962016955018043,0.0770532637834549,0.2403995841741562,0.1406550705432891,0.0602858439087867,0.0585257969796657,0.1691968441009521,0.0630145370960235,0.2316711097955703,0.4210469424724579,0.3663691580295563,0.3168264627456665,0.0698370561003685,0.0670883655548095,0.1231362074613571,0.0410411059856414,0.2425115406513214,0.1720639765262603,0.0884143114089965,0.0577735304832458,0.5437273979187012,0.1405515372753143
0.5621328353881836,0.2532871961593628,0.5378293991088867,0.1217282563447952,0.5389560461044312,0.3400587439537048,0.1161562204360961,0.2975111007690429,0.0375782176852226,0.0852039158344268,0.0296596344560384,0.2870314717292785,0.1798723638057708,0.0584404543042182,0.6812825798988342,0.0391207113862037,0.0259988494217395,0.1758549809455871,0.0169143415987491,0.1088985204696655,0.0980351492762565,0.2350981533527374,0.1403802335262298,0.055757813155651,0.0489265881478786,0.1635482907295227,0.0562891848385334,0.2211954891681671,0.3823222517967224,0.3513756394386291,0.2880500555038452,0.0650362893939018,0.0644183754920959,0.108800359070301,0.0368347316980361,0.2423175424337387,0.1674454808235168,0.0791457369923591,0.053031425923109,0.481776624917984,0.1102545261383056
0.5599334239959717,0.2261605858802795,0.5763221979141235,0.1241341158747673,0.5403187274932861,0.258632093667984,0.1045502498745918,0.268753707408905,0.0378327295184135,0.0722733438014984,0.0346175022423267,0.2714287936687469,0.1189529672265052,0.0566974021494388,0.6221376657485962,0.0346182323992252,0.0300575215369462,0.1499930620193481,0.0182574447244405,0.0904710814356803,0.0743844211101532,0.2450238168239593,0.1320748329162597,0.060119304805994,0.070940613746643,0.1886812448501587,0.0612372420728206,0.2124882042407989,0.390004426240921,0.3546243906021118,0.3053210973739624,0.063189223408699,0.0571617931127548,0.1188511997461319,0.0420498773455619,0.2515510320663452,0.171135276556015,0.0861140117049217,0.0565111227333545,0.5153917074203491,0.1153473854064941
0.5592684745788574,0.2251312285661697,0.5823407173156738,0.1270134299993515,0.5407500863075256,0.2573158740997314,0.1051387637853622,0.2678375244140625,0.0382686890661716,0.0706769004464149,0.0349762998521328,0.2701567411422729,0.1182053536176681,0.0567655228078365,0.6229903697967529,0.0345490351319313,0.0302331037819385,0.1519526839256286,0.0187475159764289,0.089189201593399,0.0752986520528793,0.2437668889760971,0.1301693171262741,0.0611710995435714,0.0736377984285354,0.1900104880332946,0.0618538260459899,0.2122307866811752,0.3906712532043457,0.3554941415786743,0.3067967295646667,0.0631231069564819,0.0569913461804389,0.1179542988538742,0.0422166436910629,0.2527263760566711,0.1717355996370315,0.0863979905843734,0.0572645552456378,0.5155534744262695,0.1156743466854095
0.532796323299408,0.2277264893054962,0.57572340965271,0.1245289221405983,0.5632215738296509,0.3324593901634216,0.1251815855503082,0.2788106203079223,0.0433640256524086,0.0847455263137817,0.0341279171407222,0.2634736895561218,0.1482154130935669,0.0595095455646514,0.6432593464851379,0.0385528951883316,0.0298145376145839,0.1856634318828582,0.0178931560367345,0.0946656614542007,0.0756682604551315,0.2389629930257797,0.1372703164815902,0.0597507506608963,0.056519266217947,0.1682921946048736,0.0687652379274368,0.2269892692565918,0.423153281211853,0.3595657348632812,0.3123621940612793,0.0689709782600402,0.0615781471133232,0.1147863864898681,0.0384698025882244,0.2546439170837402,0.1663798987865448,0.0815611630678176,0.0532157942652702,0.4874720573425293,0.1352094113826751
0.5303503274917603,0.2306366115808487,0.5617873668670654,0.1160017997026443,0.541702389717102,0.338320791721344,0.1240786164999008,0.2869254350662231,0.038463357836008,0.0915198773145675,0.0328129269182682,0.2768347859382629,0.1563484519720077,0.0532379746437072,0.6539385318756104,0.03882447630167,0.0279680304229259,0.1859650164842605,0.0173253081738948,0.1000542640686035,0.0896787196397781,0.2306495010852813,0.1351611018180847,0.0571124032139778,0.0493699237704277,0.1686570197343826,0.0606927946209907,0.2169651985168457,0.4053425192832947,0.3535085618495941,0.3013186752796173,0.0704783052206039,0.0638588219881057,0.1032868027687072,0.0273337643593549,0.2590856552124023,0.161607027053833,0.0801569819450378,0.0511383041739463,0.4803659617900848,0.1324336975812912
0.5112268924713135,0.1896049678325653,0.6254887580871582,0.1067844182252883,0.5874377489089966,0.3283151388168335,0.1356435418128967,0.2826348543167114,0.0405163802206516,0.0986640602350235,0.027491183951497,0.2628152966499328,0.1915774047374725,0.0645122453570365,0.6989685893058777,0.0379376709461212,0.02943891659379,0.1688235402107238,0.0150921326130628,0.1214247494935989,0.0985961258411407,0.2450185269117355,0.1274338066577911,0.0551167428493499,0.0559954233467578,0.1855779588222503,0.0617347247898578,0.2186480909585952,0.4059434831142425,0.3323181867599487,0.3017069101333618,0.0727095603942871,0.0632237270474433,0.1082877218723297,0.0404645204544067,0.2185647785663604,0.121598020195961,0.0734603404998779,0.0472113043069839,0.4409454762935638,0.1006522104144096
0.514270544052124,0.1918375194072723,0.6279668807983398,0.1067343428730964,0.588709831237793,0.3276249766349792,0.1349748969078064,0.2826337814331054,0.0407576635479927,0.0976253002882003,0.0279832798987627,0.2640871703624725,0.1903664469718933,0.0648178085684776,0.6989198327064514,0.0380210801959037,0.0296894572675228,0.1714684963226318,0.0155650582164525,0.1213514655828476,0.0973134934902191,0.2464325428009033,0.1275701522827148,0.055728118866682,0.0569664314389228,0.1866962313652038,0.0624404437839984,0.220024287700653,0.4065967202186584,0.3345909714698791,0.3029330968856811,0.0729231685400009,0.0635066032409668,0.1089364513754844,0.0411730594933033,0.2200341671705246,0.1226117312908172,0.0741863846778869,0.0480872318148613,0.4419980645179748,0.1020594388246536
0.5105561017990112,0.2208341062068939,0.6078237891197205,0.1240193471312522,0.5528086423873901,0.3488215804100036,0.1375405043363571,0.2725300192832947,0.0448377728462219,0.0843653976917266,0.0307549871504306,0.2631918489933014,0.1824908405542373,0.059513472020626,0.6547642946243286,0.0386377833783626,0.0301880985498428,0.1802330017089843,0.018885888159275,0.1107441335916519,0.1002573668956756,0.2569340467453003,0.1382523477077484,0.0612749382853508,0.0518485307693481,0.1930719166994094,0.0721159055829048,0.2222557812929153,0.4237708449363708,0.322369247674942,0.2647431492805481,0.0655352100729942,0.0585562884807586,0.1065437197685241,0.0374310240149498,0.2319600582122802,0.1225344166159629,0.0775913149118423,0.0479325875639915,0.4319795370101928,0.1069158539175987
0.5113323926925659,0.2224440276622772,0.5925564765930176,0.1241044327616691,0.5521625280380249,0.3494368195533752,0.1397295296192169,0.2746612131595611,0.0453896448016166,0.0848451778292656,0.0297819189727306,0.261888176202774,0.1842803657054901,0.0595508441329002,0.6561679244041443,0.0383838415145874,0.0300304926931858,0.1814716160297393,0.0185882449150085,0.1093611791729927,0.099711999297142,0.2577722072601318,0.1391294002532959,0.0612558312714099,0.0516456291079521,0.1942137628793716,0.0719728246331214,0.2221061438322067,0.4222104549407959,0.3205141425132751,0.2638467848300934,0.0776403471827507,0.0700034499168396,0.1058075875043869,0.0372305214405059,0.2324124127626419,0.1214021146297454,0.0773744881153106,0.047801274806261,0.4314639568328857,0.1060883104801178
0.4710526168346405,0.1767353117465973,0.684633731842041,0.1017322540283203,0.5713037252426147,0.385820209980011,0.1781910806894302,0.3002409636974334,0.043641909956932,0.0708686262369155,0.0319348350167274,0.2550343871116638,0.1582021117210388,0.0641535967588424,0.6648306250572205,0.0421073175966739,0.0303152408450841,0.1788664013147354,0.018423818051815,0.0893126726150512,0.1210839375853538,0.2693153619766235,0.1488997489213943,0.0741940736770629,0.0463205985724926,0.1793771088123321,0.0887559503316879,0.2383063733577728,0.4426099061965942,0.3298325538635254,0.3175092935562134,0.0725160911679267,0.0608596168458461,0.1157412156462669,0.042537648230791,0.2498979121446609,0.1196002811193466,0.0749489068984985,0.0460341125726699,0.4273184537887573,0.1092097386717796
0.4718984961509704,0.1743374168872833,0.6909186840057373,0.1035140380263328,0.5739649534225464,0.3884458541870117,0.1821745038032531,0.3004954755306244,0.044709488749504,0.0713270902633667,0.0293075032532215,0.2569566369056701,0.1593287736177444,0.0645188689231872,0.6675810813903809,0.0419181585311889,0.0306219346821308,0.1816042363643646,0.0188421793282032,0.0879398584365844,0.1210742518305778,0.2728912234306335,0.1468624472618103,0.0746252983808517,0.0463015027344226,0.1796531081199646,0.0905620604753494,0.2390049993991851,0.439646303653717,0.3305752575397491,0.3167159259319305,0.0727510601282119,0.0598131567239761,0.1150791943073272,0.0432016737759113,0.2517276704311371,0.1201782003045082,0.0750299841165542,0.0467893183231353,0.4261418581008911,0.1104409769177436
0.4900582730770111,0.1927898526191711,0.654071569442749,0.1063524037599563,0.556771993637085,0.3752976953983307,0.1607877612113952,0.322575569152832,0.042732186615467,0.0690713971853256,0.0345049947500228,0.2528966069221496,0.1431556642055511,0.0665647163987159,0.6516332626342773,0.0417544096708297,0.0304866544902324,0.1795718669891357,0.0187513828277587,0.0767185091972351,0.1043239757418632,0.2685075998306274,0.1609760522842407,0.0717692449688911,0.0471870973706245,0.1808146238327026,0.084687702357769,0.2393675446510315,0.4483459889888763,0.3327420055866241,0.3200052678585052,0.0760323852300643,0.066464364528656,0.1184097081422805,0.0409100726246833,0.2756564021110534,0.1559528112411499,0.0764364227652549,0.0467196702957153,0.4294237792491913,0.1116752475500106
0.4916186034679413,0.1918337792158126,0.6536098122596741,0.10646852850914,0.5580359697341919,0.3787596821784973,0.1591396331787109,0.3257668018341064,0.0424903258681297,0.0699143260717392,0.0352440252900123,0.2537193596363067,0.1411523818969726,0.0672250986099243,0.649224042892456,0.0414563566446304,0.0304355658590793,0.1787217557430267,0.0186237804591655,0.0756844878196716,0.1019966676831245,0.270892858505249,0.1618147939443588,0.0710271671414375,0.0470056757330894,0.1784945428371429,0.0846617668867111,0.2384680807590484,0.4464277029037475,0.332190454006195,0.3184281885623932,0.0762354210019111,0.0666620358824729,0.1194720640778541,0.0412317290902137,0.2748123407363891,0.1561063677072525,0.0767322480678558,0.0470716431736946,0.428055465221405,0.1123716682195663
0.5344239473342896,0.2126968801021576,0.5919675827026367,0.1242954134941101,0.5541952848434448,0.3384953737258911,0.1261852085590362,0.2765055000782013,0.043665811419487,0.076774314045906,0.0312332697212696,0.2439974248409271,0.1588934808969497,0.0586873665452003,0.6437110900878906,0.0366375558078289,0.0279524698853492,0.1684593558311462,0.0182377677410841,0.0957143604755401,0.0817762315273284,0.2649751305580139,0.1345376372337341,0.0586519688367843,0.0543656274676322,0.1977650970220565,0.069587767124176,0.2200432866811752,0.4214909076690674,0.3438024520874023,0.3068448007106781,0.0738059431314468,0.0488943755626678,0.1014397740364074,0.037296213209629,0.2316169887781143,0.1227888986468315,0.0773487240076065,0.049510434269905,0.4367966651916504,0.0914566665887832
0.5377185344696045,0.2098596841096878,0.5955389738082886,0.1227251663804054,0.5530864000320435,0.3388082981109619,0.1251934468746185,0.2774170637130737,0.0435113571584224,0.0839251056313514,0.0311797615140676,0.2451934069395065,0.1581183075904846,0.0582857765257358,0.6438770294189453,0.0364318452775478,0.0277617536485195,0.1648412644863128,0.0181028861552476,0.0972983092069625,0.0817818343639373,0.2681612372398376,0.1352232694625854,0.0586331561207771,0.053436242043972,0.1964723020792007,0.0689994841814041,0.2204670310020446,0.4185579121112823,0.3433704078197479,0.3053959906101227,0.0734875053167343,0.0488722063601017,0.102941133081913,0.0378514677286148,0.2301051169633865,0.1227352619171142,0.0777609944343566,0.0497978404164314,0.4364288449287414,0.092233270406723
0.52898108959198,0.2139873951673507,0.5851373076438904,0.1202893629670143,0.5442734956741333,0.3425171971321106,0.1211341843008995,0.275945782661438,0.0419418960809707,0.0779815018177032,0.0295504759997129,0.2443177998065948,0.1515992283821106,0.0600039288401603,0.6390353441238403,0.0368202626705169,0.0289496537297964,0.1723390817642212,0.0184750314801931,0.0942497551441192,0.0739916115999221,0.2635865211486816,0.1310906708240509,0.0596899166703224,0.0544122457504272,0.197792038321495,0.067563496530056,0.2304613888263702,0.4331041574478149,0.3465383648872375,0.3072510361671448,0.077245756983757,0.0691691488027572,0.107970006763935,0.0386323742568492,0.2218333482742309,0.1216537281870842,0.0784670338034629,0.0499892942607402,0.4558830559253692,0.096397265791893
0.5300236940383911,0.214347556233406,0.5861061811447144,0.1212089210748672,0.5443158745765686,0.3443053066730499,0.1212761849164962,0.2761397361755371,0.0420361049473285,0.0779155865311622,0.0293983370065689,0.244560569524765,0.1519164144992828,0.0600953735411167,0.639022946357727,0.0367701537907123,0.0287253987044096,0.1731625497341156,0.0186386592686176,0.093401126563549,0.074205607175827,0.2635690569877624,0.1321546286344528,0.0597479902207851,0.0546606555581092,0.1983321458101272,0.0678100287914276,0.2307330965995788,0.4323359727859497,0.3465089797973633,0.3068176805973053,0.0773120820522308,0.0689573585987091,0.1078717783093452,0.038528561592102,0.2231104373931884,0.1214313730597496,0.0784863755106926,0.0500861667096614,0.4544110596179962,0.0957117453217506
0.5261492133140564,0.237082839012146,0.5790585279464722,0.1242769658565521,0.526217520236969,0.3380517959594726,0.1260859817266464,0.2895776629447937,0.0429262369871139,0.0813658982515335,0.0338602513074874,0.251207947731018,0.1202041208744049,0.0633139610290527,0.5949072241783142,0.0354527905583381,0.0298534352332353,0.1734592914581298,0.0212516468018293,0.0858026221394538,0.0723161995410919,0.2658466696739197,0.1323554813861847,0.0611909478902816,0.0576746053993701,0.1707609295845031,0.07094706594944,0.2223907113075256,0.4470311999320984,0.3427760004997253,0.267717033624649,0.0717382133007049,0.0637747570872306,0.1281957477331161,0.0442885421216487,0.2517111897468567,0.1619988083839416,0.0876648873090744,0.0534042716026306,0.4981861114501953,0.1179249510169029
0.5204477310180664,0.2016365230083465,0.5792859196662903,0.1219984218478202,0.519601047039032,0.331420361995697,0.1232856288552284,0.2826573848724365,0.0433041714131832,0.0775686502456665,0.0349645167589187,0.2495753318071365,0.109221912920475,0.0813457742333412,0.5829432010650635,0.0356572493910789,0.0300767458975315,0.1698237955570221,0.0214915331453084,0.0822547450661659,0.0698273628950119,0.2629310488700866,0.1288842856884002,0.0623344182968139,0.0595175921916961,0.1705141961574554,0.0713388696312904,0.2218663245439529,0.4530041217803955,0.3433097600936889,0.2792191505432129,0.0734175890684127,0.0655688047409057,0.1326990723609924,0.0454506538808345,0.2521731257438659,0.1643100082874298,0.0904525220394134,0.055222813040018,0.5037263035774231,0.1202060729265213
0.5230278968811035,0.1985759139060974,0.5865311622619629,0.1083806008100509,0.5267781019210815,0.3237175643444061,0.1164440959692001,0.2740541100502014,0.0430197641253471,0.0784454643726348,0.0395229309797287,0.2575191557407379,0.0931096673011779,0.0830415785312652,0.5739152431488037,0.0383434295654296,0.0313258916139602,0.1625336110591888,0.022409800440073,0.0807870775461196,0.0658954828977584,0.2593125700950622,0.1189347803592681,0.0645858943462371,0.0587549060583114,0.1713599264621734,0.070779949426651,0.2209268659353256,0.4518401026725769,0.3463993072509765,0.2785505652427673,0.0747351199388504,0.0665846914052963,0.1338127255439758,0.0476249009370803,0.2594872713088989,0.1641541719436645,0.092825174331665,0.0581827871501445,0.5177222490310669,0.136319488286972
0.5283766984939575,0.2017989158630371,0.5887238383293152,0.1089640706777572,0.5286070704460144,0.3244158625602722,0.1128747016191482,0.2761662006378174,0.0429761484265327,0.0772527605295181,0.0399786904454231,0.2594636678695678,0.092506468296051,0.0832608342170715,0.5750912427902222,0.0388934127986431,0.0314143858850002,0.1628258973360061,0.0225458834320306,0.080680713057518,0.065738558769226,0.2644562721252441,0.1192977726459503,0.0588423646986484,0.058988057076931,0.1719275116920471,0.0702652111649513,0.2209397852420807,0.4508976340293884,0.3483316898345947,0.2789538502693176,0.0749911814928054,0.0669748559594154,0.1352187842130661,0.048310000449419,0.2598991990089416,0.1655954718589782,0.0936589986085891,0.0590827800333499,0.5158922076225281,0.1376126706600189
0.5384684205055237,0.1993674784898758,0.5965710878372192,0.116603747010231,0.556363582611084,0.34758460521698,0.1201949492096901,0.2987581491470337,0.0412830263376235,0.0819562971591949,0.0366216152906417,0.2558632493019104,0.102684199810028,0.0792461410164833,0.5880874991416931,0.0391980819404125,0.0292352344840765,0.1563924700021743,0.0197585429996252,0.0862900912761688,0.0713213980197906,0.2749971747398376,0.1234733164310455,0.0584057830274105,0.0536001659929752,0.1658482849597931,0.0598627477884292,0.2107240706682205,0.4383347630500793,0.3371331989765167,0.2886804640293121,0.0774047374725341,0.0745979025959968,0.1358036696910858,0.0485089309513568,0.2542819380760193,0.1636857986450195,0.0911744385957717,0.0567127168178558,0.48926842212677,0.1218876540660858
0.5349727272987366,0.196742370724678,0.5972539186477661,0.1160160303115844,0.5568756461143494,0.3499124050140381,0.1234804466366767,0.3010879158973694,0.0417402535676956,0.0832660198211669,0.0362107120454311,0.2552973926067352,0.1050491333007812,0.0792795345187187,0.5891069173812866,0.0390225388109684,0.0293204747140407,0.1580653041601181,0.0197361428290605,0.0869968235492706,0.0711863040924072,0.2735956311225891,0.1238053143024444,0.0586670786142349,0.0538418553769588,0.165888026356697,0.0604504197835922,0.2108745574951172,0.4400414824485779,0.3353860974311828,0.288836121559143,0.0768982246518135,0.0745250433683395,0.1348745375871658,0.0485428422689437,0.2536442577838897,0.1635409891605377,0.0903636813163757,0.0563509948551654,0.4906989634037018,0.1213847622275352
0.5285145044326782,0.2157739698886871,0.6001220345497131,0.1191130504012107,0.5183123350143433,0.3378806114196777,0.1156584918498992,0.2783093154430389,0.0431025400757789,0.062918797135353,0.0312779694795608,0.2577110528945923,0.1114236563444137,0.0803186893463134,0.5979065895080566,0.0416735708713531,0.0283390693366527,0.1639421582221985,0.0188613459467887,0.0924470052123069,0.0855234712362289,0.2577311992645263,0.1337893605232238,0.0592354387044906,0.0526099279522895,0.1898265779018402,0.0625539124011993,0.2182298004627227,0.4400405287742615,0.3583621382713318,0.3142096996307373,0.0773564130067825,0.0732217654585838,0.1244425699114799,0.0443282127380371,0.2517987489700317,0.1591091156005859,0.0851626843214035,0.0522525310516357,0.4864493012428283,0.1121876388788223
0.5280276536941528,0.2138313353061676,0.5980948209762573,0.0992618575692176,0.5181779265403748,0.3374356031417846,0.1155038326978683,0.2789065837860107,0.0428209714591503,0.0633767545223236,0.0313381738960742,0.2587552666664123,0.1107877716422081,0.0803221017122268,0.5981132984161377,0.0415151193737983,0.0282383859157562,0.1640110611915588,0.0186828337609767,0.0931265354156494,0.0853147506713867,0.2691497206687927,0.1333960890769958,0.0593950003385543,0.0524073094129562,0.1891430914402008,0.0614139735698699,0.2180476635694503,0.4403654336929321,0.3570031523704529,0.3145015239715576,0.0776214227080345,0.0732916817069053,0.1251646280288696,0.0443999916315078,0.2514277696609497,0.1583118438720703,0.0850725173950195,0.0520958341658115,0.4867961704730987,0.1121494770050048
0.5122073292732239,0.2203813940286636,0.5945888161659241,0.1188088729977607,0.5220627784729004,0.3192514777183532,0.1202550828456878,0.2717098593711853,0.0438520684838295,0.0667456537485122,0.0291283596307039,0.251079648733139,0.1204536333680152,0.076721578836441,0.6078267097473145,0.038087673485279,0.0289471521973609,0.1643081456422805,0.0175479538738727,0.0965849012136459,0.0851653069257736,0.2514576017856598,0.1182752847671508,0.057273294776678,0.0522411316633224,0.1873008012771606,0.0658424496650695,0.2239556908607483,0.4367905259132385,0.3539663553237915,0.3132038116455078,0.0768187791109085,0.0727622956037521,0.115859754383564,0.0435219183564186,0.2511371970176697,0.1604036390781402,0.0873755067586898,0.051474317908287,0.4860652685165405,0.1099666357040405
0.5135917663574219,0.2205082923173904,0.5944734811782837,0.1016312390565872,0.5217700004577637,0.3182034492492676,0.1188076883554458,0.2711212038993835,0.0435708612203598,0.0667244419455528,0.0293402820825576,0.2514512240886688,0.1198391169309616,0.0765049308538436,0.6085284948348999,0.0380715578794479,0.0289045423269271,0.1642459779977798,0.0177652519196271,0.0968145430088043,0.0848535671830177,0.249855637550354,0.1175780892372131,0.0575589016079902,0.0523661971092224,0.1878727674484253,0.0657106786966323,0.2238056361675262,0.4365105926990509,0.3541241884231567,0.3137613832950592,0.0767531618475914,0.0729255676269531,0.1169211566448211,0.0438480675220489,0.2507081031799316,0.161131739616394,0.08768230676651,0.051845122128725,0.4871547520160675,0.1100685596466064
0.5057691335678101,0.2150568962097168,0.5881794691085815,0.1294081956148147,0.5288124084472656,0.3242666125297546,0.1293007433414459,0.2739964127540588,0.0444923117756843,0.0734665691852569,0.0303331725299358,0.2510375082492828,0.1312922835350036,0.0585801899433136,0.6247866749763489,0.040676437318325,0.0303254462778568,0.1721733212471008,0.0198763459920883,0.0999523550271987,0.0873071700334549,0.2545963823795318,0.1210299581289291,0.0611810535192489,0.0532943680882453,0.1942661106586456,0.0715114623308181,0.2292383909225464,0.4385186433792114,0.3509954810142517,0.3156228363513946,0.0801010876893997,0.0740862488746643,0.1119120270013809,0.0421269945800304,0.2628800868988037,0.1575772762298584,0.0851710587739944,0.0495764873921871,0.4832286536693573,0.1082649379968643
0.5069966912269592,0.2175071835517883,0.5901548266410828,0.1310576796531677,0.5282094478607178,0.321606695652008,0.1301130354404449,0.2740084230899811,0.0453397557139396,0.0728362202644348,0.030269032344222,0.2506471872329712,0.1305798441171646,0.0603652521967887,0.6236375570297241,0.0401690080761909,0.0303098615258932,0.1730327606201172,0.0202348567545413,0.0989517793059349,0.088849052786827,0.2545765042304992,0.1202680766582489,0.0618635453283786,0.0537215545773506,0.1950784921646118,0.0718062743544578,0.2285241931676864,0.4371430873870849,0.3521677851676941,0.3155689239501953,0.0799253657460212,0.0738327279686927,0.1092423051595687,0.0415550284087657,0.2632517516613006,0.1585776060819625,0.0856278389692306,0.0500300526618957,0.482734352350235,0.1077204495668411
0.5077569484710693,0.1809630542993545,0.6568536758422852,0.1114404127001762,0.5869355201721191,0.372884452342987,0.1568087339401245,0.3222570717334747,0.0429451689124107,0.0828678756952285,0.0290952809154987,0.257718414068222,0.1509114652872085,0.0625045299530029,0.6687371730804443,0.0426331982016563,0.0308973789215087,0.179875910282135,0.0181324332952499,0.0962142795324325,0.1026180014014244,0.2574710249900818,0.1391924619674682,0.0690537989139556,0.055278830230236,0.181956797838211,0.0767606049776077,0.2339752167463302,0.4429142475128174,0.3315765559673309,0.3258900642395019,0.0771217197179794,0.0657172054052352,0.1146998554468154,0.0424072481691837,0.2674166560173034,0.1584750115871429,0.0775177329778671,0.0487119033932685,0.4414839744567871,0.1113668829202652
0.5128459930419922,0.1832220554351806,0.6570161581039429,0.1114035844802856,0.587852954864502,0.3719449043273926,0.1537228226661682,0.3223796784877777,0.0431724339723587,0.0823841616511344,0.0292767584323883,0.2574859261512756,0.1503059715032577,0.0634410381317138,0.6681673526763916,0.0430116951465606,0.0307369008660316,0.1804740130901336,0.0181446280330419,0.0948062464594841,0.1008359342813491,0.2591238021850586,0.1383896321058273,0.0687397196888923,0.0559654384851455,0.1821496188640594,0.0761562660336494,0.2338131964206695,0.4433422386646271,0.3316184282302856,0.3282778859138489,0.0771238505840301,0.0659072771668434,0.1154340952634811,0.0427868142724037,0.2659958004951477,0.1590686738491058,0.0783107578754425,0.0491784624755382,0.4418152570724487,0.1116267889738082
0.5296289920806885,0.216038703918457,0.6281049251556396,0.1000646203756332,0.5861870050430298,0.3824723362922668,0.1349638551473617,0.3362458646297455,0.0414559617638587,0.0961355715990066,0.0299991518259048,0.2670917809009552,0.1608552932739257,0.0640329867601394,0.6636816263198853,0.0428602695465087,0.0304335243999958,0.1858875155448913,0.0188835207372903,0.0958209037780761,0.0900535285472869,0.2673723399639129,0.1370942294597625,0.0624282099306583,0.0523213408887386,0.1581002026796341,0.0701911151409149,0.2311766743659973,0.4336510300636291,0.3083928823471069,0.2772794961929321,0.0811707824468612,0.0715240165591239,0.1297827064990997,0.0444978922605514,0.2454522550106048,0.1600894629955291,0.0806818827986717,0.0532862730324268,0.4426237940788269,0.1230229064822197
0.5152748823165894,0.2064826637506485,0.667096734046936,0.1010222882032394,0.6055859327316284,0.4084096252918243,0.1655287593603134,0.3493693172931671,0.0416140481829643,0.0929681807756424,0.0283580496907234,0.2625719308853149,0.1717111319303512,0.0602495819330215,0.6836628913879395,0.0401802398264408,0.0288555063307285,0.1838676631450653,0.0164743866771459,0.0994710922241211,0.1114694476127624,0.2649738192558288,0.1434476226568222,0.0653284788131713,0.037472728639841,0.1767689138650894,0.0699116885662078,0.2277056872844696,0.4339918792247772,0.3275388777256012,0.3360610604286194,0.0750423967838287,0.0631642043590545,0.1150071769952774,0.0426436997950077,0.2557633519172668,0.153570607304573,0.0737920999526977,0.0469656027853488,0.4247730374336242,0.10773865878582
0.5439662933349609,0.2461804449558258,0.619499146938324,0.1072331443428993,0.6057912111282349,0.3860529363155365,0.1246384680271148,0.3057801723480224,0.0413726493716239,0.1043146550655365,0.0287208668887615,0.2508482336997986,0.2085969299077987,0.0542154312133789,0.6516623497009277,0.0423347614705562,0.0295861288905143,0.172922283411026,0.0150398835539817,0.1180234402418136,0.1033841222524643,0.2688851356506347,0.1408400535583496,0.0549815036356449,0.0275674052536487,0.1666811853647232,0.0560835748910903,0.2076296359300613,0.41142737865448,0.3307171463966369,0.3318124413490295,0.0741773098707199,0.0668433457612991,0.1113804727792739,0.0464450865983963,0.2227775454521179,0.1226094365119934,0.0760096758604049,0.0482535138726234,0.4206416606903076,0.1116442307829856
0.5408918857574463,0.244281992316246,0.6219865679740906,0.1070044785737991,0.6107131242752075,0.3888097405433655,0.1250241994857788,0.3047370910644531,0.0413877069950103,0.1058468744158744,0.0297755543142557,0.252774566411972,0.2162858843803405,0.05536500364542,0.6857708692550659,0.0425139665603637,0.0299475193023681,0.1784387677907943,0.0153117217123508,0.1196347475051879,0.1038352102041244,0.266177773475647,0.1424008309841156,0.0557170882821083,0.0289842188358306,0.1664279848337173,0.0570304840803146,0.2084889262914657,0.4153802990913391,0.330602079629898,0.3324850797653198,0.0754354447126388,0.0666474923491478,0.1118976324796676,0.0469273515045642,0.2225496470928192,0.1231239289045333,0.0751811116933822,0.048309214413166,0.4207729697227478,0.1109060496091842
0.5305866003036499,0.2422326207160949,0.6112192869186401,0.1025832816958427,0.6222002506256104,0.3910501003265381,0.147213339805603,0.3006638288497925,0.0419669300317764,0.1023765951395034,0.0288081541657447,0.2509816884994507,0.2207249999046325,0.0550679415464401,0.6573008894920349,0.0430709421634674,0.0298536643385887,0.1831257492303848,0.015076158568263,0.1175550520420074,0.1089567393064498,0.258965790271759,0.1414292901754379,0.0557037033140659,0.0298286527395248,0.1673719882965088,0.0576954446732997,0.2101767361164093,0.4184149801731109,0.3315409719944,0.3320222198963165,0.0725086703896522,0.0661466717720031,0.1019245162606239,0.0713904052972793,0.2157793939113617,0.122087225317955,0.0733514130115509,0.0466035231947898,0.4226716160774231,0.1098139137029647
0.5304407477378845,0.2462732493877411,0.6073263883590698,0.1036775186657905,0.6214185953140259,0.3898329734802246,0.1490936130285263,0.3015123009681701,0.0425060279667377,0.101981371641159,0.0285928472876548,0.250402569770813,0.2262704223394394,0.0557194724678993,0.689521312713623,0.0431978181004524,0.0301557537168264,0.1863060295581817,0.0152356764301657,0.1189729496836662,0.1107850298285484,0.2603674530982971,0.142480194568634,0.0564150996506214,0.03121168166399,0.1673423647880554,0.0582451298832893,0.212156057357788,0.4203729331493377,0.3328740000724792,0.3317323923110962,0.0728691294789314,0.0666006878018379,0.1013536304235458,0.0712804794311523,0.2156348526477813,0.1232375353574752,0.0733057260513305,0.0468018949031829,0.4216636717319488,0.1098578423261642
0.5276827812194824,0.251190721988678,0.5901917815208435,0.0874750763177871,0.6077291965484619,0.3769802451133728,0.1442744731903076,0.2998921275138855,0.0408332832157611,0.1023757308721542,0.0290140118449926,0.2528907656669616,0.2305065542459488,0.0553141683340072,0.6923771500587463,0.0451882034540176,0.0309801623225212,0.1808875054121017,0.0146144833415746,0.1338293552398681,0.1157755106687545,0.2582427561283111,0.1494657844305038,0.0578503534197807,0.029478795826435,0.1660869866609573,0.0605781003832817,0.2158436179161071,0.4219443202018738,0.3349888324737549,0.3296023309230804,0.0735731124877929,0.0673350170254707,0.0965806394815445,0.0486013367772102,0.2166333347558975,0.1241437196731567,0.0722652971744537,0.0458210632205009,0.4228338599205017,0.1106122136116027
0.526745080947876,0.2480086833238601,0.5984412431716919,0.0836630165576934,0.6084291338920593,0.3866937756538391,0.1446795016527176,0.2979472279548645,0.0410903096199035,0.1003318354487419,0.0290018580853939,0.2537001371383667,0.2259438782930374,0.0555077940225601,0.6904556155204773,0.044943943619728,0.0309221278876066,0.179835557937622,0.0145214088261127,0.1313680112361908,0.1125923544168472,0.2596657276153564,0.1484180986881256,0.0582150593400001,0.0295867007225751,0.165580466389656,0.0597474202513694,0.2156417369842529,0.4219261109828949,0.3351588845252991,0.3299459218978882,0.073326975107193,0.0665601715445518,0.0963145196437835,0.0487149283289909,0.21888267993927,0.1244847178459167,0.0728009566664695,0.045540127903223,0.4233916401863098,0.1107872128486633
0.5196174383163452,0.2495066970586776,0.6248588562011719,0.1186788007616996,0.6257926821708679,0.3800754249095917,0.1570040583610534,0.3131850659847259,0.0450783893465995,0.0988222360610961,0.0281915199011564,0.275245726108551,0.2287540137767791,0.0701223313808441,0.670722246170044,0.0456431023776531,0.0311839189380407,0.1941551864147186,0.0177518129348754,0.1187910512089729,0.1116258800029754,0.2618879079818725,0.1320903301239013,0.0592655874788761,0.0332804024219512,0.1688290387392044,0.0582563616335392,0.2161453068256378,0.4054943919181824,0.3331598043441772,0.3231439590454101,0.0744680166244506,0.0649518445134162,0.0981296598911285,0.0721832364797592,0.2506991028785705,0.1529735624790191,0.0739369913935661,0.0474001616239547,0.4123338758945465,0.1112848371267318
0.5208460092544556,0.2515584528446197,0.6234901547431946,0.1146188601851463,0.622967541217804,0.380371630191803,0.156138926744461,0.3123757243156433,0.0452278405427932,0.0990088880062103,0.0269163697957992,0.2762591242790222,0.236081838607788,0.0700401812791824,0.6713318228721619,0.0450899451971054,0.0304108969867229,0.1933979094028473,0.0170929078012704,0.1210501044988632,0.1146578565239906,0.2584582567214966,0.1328149735927581,0.057996567338705,0.0313151404261589,0.1686453074216842,0.0566507577896118,0.2145039737224578,0.4013097584247589,0.3312883675098419,0.3182565867900848,0.0731599032878875,0.0637197196483612,0.0953849479556083,0.0710600093007087,0.2488312870264053,0.1517564058303833,0.0732605755329132,0.0464158914983272,0.4087185561656952,0.1091647893190383
0.5087235569953918,0.2634133100509643,0.6155408024787903,0.1239669322967529,0.597502589225769,0.3540993332862854,0.1577530801296234,0.2984794974327087,0.0516837500035762,0.0975831896066665,0.0320943146944046,0.2495218515396118,0.2165031135082245,0.0517866425216198,0.6650172472000122,0.043843001127243,0.0315410643815994,0.2127672433853149,0.0212572533637285,0.1285290718078613,0.0996784120798111,0.2419896125793457,0.1303012073040008,0.0603100731968879,0.0389958061277866,0.1769313514232635,0.0618760697543621,0.2169673591852188,0.4019031524658203,0.3425308167934418,0.3127005696296692,0.0801826268434524,0.0673240721225738,0.0799109935760498,0.0461448952555656,0.2594165503978729,0.1562329530715942,0.0724766701459884,0.0458274707198143,0.4399807453155517,0.1164128482341766
0.5109026432037354,0.2648367285728454,0.6165700554847717,0.1247327029705047,0.60306316614151,0.3513170480728149,0.1592173874378204,0.2979235649108886,0.0525812394917011,0.099178671836853,0.0340791679918766,0.2509610652923584,0.2169373333454132,0.0702161192893982,0.6329874396324158,0.044370599091053,0.0317109562456607,0.2168010175228119,0.0222838502377271,0.128980815410614,0.1011691689491272,0.2428976744413375,0.1310628950595855,0.0622604228556156,0.0402360521256923,0.1783385872840881,0.0638531297445297,0.2186163961887359,0.403209239244461,0.3440200388431549,0.3144297301769256,0.0818968415260315,0.0678450465202331,0.0805979594588279,0.0471362806856632,0.2611634731292724,0.1578306853771209,0.0728453695774078,0.0470649264752864,0.4389064908027649,0.1163868755102157
0.5094253420829773,0.2688066065311432,0.6060514450073242,0.1313350200653076,0.5985798835754395,0.3402450084686279,0.1604602932929992,0.2893203496932983,0.0513302609324455,0.0928831398487091,0.0322414860129356,0.2407087087631225,0.2159249782562255,0.0685694739222526,0.6656208634376526,0.0446791350841522,0.0304546095430851,0.2086449414491653,0.0224354546517133,0.1287941038608551,0.110012799501419,0.2534171044826507,0.1337506920099258,0.0611995011568069,0.0329735316336154,0.1790665388107299,0.0593405440449714,0.2160118073225021,0.3973835706710815,0.3462692499160766,0.3126063048839569,0.0801214426755905,0.0675285160541534,0.0801185071468353,0.0448550395667552,0.255380630493164,0.1584435254335403,0.0731967762112617,0.0467923954129219,0.4721770882606506,0.1108796894550323
0.5130720138549805,0.2703506350517273,0.6017393469810486,0.1332090497016906,0.5951957106590271,0.3374933004379272,0.1593955755233764,0.2891755700111389,0.0513034984469413,0.0913899093866348,0.0329698324203491,0.2417239993810653,0.2151675820350647,0.0696043223142623,0.6659396886825562,0.04466088488698,0.0307283923029899,0.2080773413181305,0.0228432975709438,0.131198912858963,0.1094265654683113,0.2546354532241821,0.1341161131858825,0.0619088001549243,0.0328126512467861,0.1825860440731048,0.059416513890028,0.2164646983146667,0.3954864144325256,0.3471927642822265,0.3112051486968994,0.0808590054512023,0.0686950162053108,0.0811354368925094,0.045290607959032,0.2553529739379883,0.1596426367759704,0.0734261348843574,0.0471187308430671,0.4707450568675995,0.1107554286718368
0.4997710883617401,0.2576860189437866,0.627039909362793,0.1387707591056823,0.6033906936645508,0.3301232755184173,0.1618790924549102,0.2723514139652252,0.0530715957283973,0.0866210013628006,0.0378014147281646,0.23896124958992,0.2024648785591125,0.0715807676315307,0.6651211977005005,0.0452448613941669,0.0337691754102706,0.2106614559888839,0.0254518464207649,0.1269240826368332,0.1061612516641616,0.233930617570877,0.1292600184679031,0.0693547129631042,0.0387888923287391,0.1993992626667022,0.0721537768840789,0.2246128022670745,0.4156157374382019,0.3558584451675415,0.3271723985671997,0.0810723379254341,0.0639739707112312,0.0824312567710876,0.0468902662396431,0.2654489278793335,0.1601454019546508,0.0754032284021377,0.0473731458187103,0.4843447804450989,0.1113505512475967
0.4994431138038635,0.255712628364563,0.6260110139846802,0.1389936208724975,0.5993825197219849,0.325041115283966,0.1601259708404541,0.2690537571907043,0.053052119910717,0.0855706483125686,0.0381794422864913,0.237823486328125,0.1988375186920166,0.0721876621246337,0.6617878675460815,0.0452726781368255,0.0339317321777343,0.2093420922756195,0.0258633252233266,0.1258478164672851,0.1033514440059661,0.2323889434337616,0.1276842951774597,0.0701215267181396,0.0388247482478618,0.2004847824573516,0.0712502971291542,0.2240843325853347,0.4173788726329803,0.3549937903881073,0.3295766711235046,0.08067437261343,0.0640006810426712,0.0826985016465187,0.0469885244965553,0.2650953829288482,0.1597464680671692,0.0754639506340026,0.0474733412265777,0.4844849407672882,0.1108477488160133
0.5094866156578064,0.2826698720455169,0.5902995467185974,0.1477842032909393,0.5656828880310059,0.2993192076683044,0.1468754857778549,0.2580970525741577,0.0557008609175682,0.0804383754730224,0.0329658277332782,0.2430427223443985,0.2061958760023117,0.061257716268301,0.6699512004852295,0.0442261360585689,0.0327183045446872,0.2164601981639862,0.0267596263438463,0.1314000785350799,0.1061882674694061,0.2389717996120453,0.1311997026205063,0.0683991387486457,0.0550923906266689,0.2190751135349273,0.0694373995065689,0.2301999479532241,0.4177982211112976,0.354404091835022,0.322472870349884,0.0838154703378677,0.0670024529099464,0.0753335580229759,0.0441380441188812,0.2629691660404205,0.156154602766037,0.0732855722308158,0.0471099242568016,0.4802068471908569,0.1085360795259475
0.508297860622406,0.2848711311817169,0.5891075134277344,0.1542281806468963,0.5652154684066772,0.3000999689102173,0.1475294232368469,0.2596805095672607,0.0559956543147563,0.0804838240146637,0.0323840603232383,0.244289293885231,0.2087984979152679,0.0620633549988269,0.6727426052093506,0.0437866486608982,0.0321221984922885,0.2153185904026031,0.0269596092402935,0.1308295577764511,0.1084944903850555,0.2416542768478393,0.1346673965454101,0.067795380949974,0.0545260645449161,0.2202829271554947,0.0676949322223663,0.2286821603775024,0.4122001230716705,0.3553028106689453,0.3198950886726379,0.0830287113785743,0.0665623620152473,0.0748002827167511,0.0438494682312011,0.2626948058605194,0.1559186577796936,0.0727667734026908,0.0470313653349876,0.4778163731098175,0.107400357723236
0.515232503414154,0.2959753572940826,0.6067237257957458,0.1738519966602325,0.5521878004074097,0.2878382802009582,0.1413809210062027,0.2444804012775421,0.0594103746116161,0.078537717461586,0.0339433699846267,0.2416688054800033,0.2003178000450134,0.0823701694607734,0.6749098896980286,0.0432091131806373,0.0341047123074531,0.1910307556390762,0.0315128229558467,0.1286268681287765,0.108485922217369,0.2339073121547699,0.1370843052864074,0.0733026638627052,0.0600715652108192,0.2334412932395935,0.0793984159827232,0.2333487272262573,0.4038178920745849,0.3690051436424255,0.3139357566833496,0.0752785503864288,0.0555997267365455,0.0687966346740722,0.0442823693156242,0.2697494328022003,0.1585176438093185,0.07321348041296,0.047626107931137,0.4840077459812164,0.1078546196222305
0.5137339234352112,0.2941992282867431,0.5991377830505371,0.1744226217269897,0.549260675907135,0.2874297201633453,0.1414265483617782,0.2442383021116256,0.0587307512760162,0.0793159157037735,0.0337162464857101,0.2417737543582916,0.1990754455327987,0.0818142667412757,0.6726450324058533,0.0429209098219871,0.033690296113491,0.1901652961969375,0.0312075354158878,0.1291659474372863,0.1099976748228073,0.2340733855962753,0.1367391943931579,0.0724667906761169,0.0590365454554557,0.2312889397144317,0.0780358016490936,0.2330727577209472,0.4040684401988983,0.3686991930007934,0.3130835294723511,0.0833033695816993,0.0649655610322952,0.0693313777446746,0.0447958000004291,0.2689273953437805,0.1581198871135711,0.0731419771909713,0.0475839748978614,0.4842572510242462,0.1082576364278793
0.5008352398872375,0.2850333154201507,0.5958977341651917,0.1775010824203491,0.5458231568336487,0.2914653122425079,0.1423101425170898,0.2383157610893249,0.0569318085908889,0.076977401971817,0.036937415599823,0.2430153936147689,0.1939117908477783,0.0842685103416442,0.6668001413345337,0.044911291450262,0.0362746566534042,0.1873717308044433,0.0309272520244121,0.1296021491289138,0.1108745336532592,0.2332888394594192,0.1316075772047042,0.0738554447889328,0.0608105510473251,0.2316994071006775,0.0812934041023254,0.2335259020328521,0.4165842831134796,0.3693245053291321,0.3189279735088348,0.0827453881502151,0.0656675100326538,0.0744246244430542,0.0472072288393974,0.2687620520591736,0.1557766199111938,0.0750906020402908,0.0498086363077163,0.484665185213089,0.1092515885829925
0.5052324533462524,0.289495974779129,0.58293217420578,0.1886150389909744,0.543732762336731,0.2876158952713012,0.1412861496210098,0.2356867790222168,0.0588529519736766,0.077563352882862,0.038256287574768,0.2413017153739929,0.1907273977994918,0.0872475579380989,0.6645630598068237,0.0483873188495636,0.0373328812420368,0.1911752521991729,0.0326628014445304,0.1259495913982391,0.109045997262001,0.2312705516815185,0.1309614777565002,0.0755100920796394,0.0635302066802978,0.2358739376068115,0.0845085084438324,0.2364116162061691,0.4195988774299621,0.3723015785217285,0.3213149011135101,0.0780083611607551,0.0668906792998313,0.0736523866653442,0.0482115820050239,0.2728151082992553,0.156383529305458,0.0765748620033264,0.0508634150028228,0.4889672994613647,0.1096852049231529
0.4918803870677948,0.2807932496070862,0.5779662728309631,0.1847826838493347,0.5314485430717468,0.2861939370632171,0.1572472751140594,0.2304023802280426,0.0587024912238121,0.0784542709589004,0.0373536795377731,0.2411985099315643,0.1947394907474517,0.0902668461203575,0.6644553542137146,0.0426771081984043,0.0365108884871006,0.1907776892185211,0.0313351675868034,0.1277440190315246,0.1247176826000213,0.2290086448192596,0.1339583247900009,0.0753749758005142,0.0619086995720863,0.2342205047607422,0.08773884922266,0.2356526404619217,0.4164633154869079,0.3735569417476654,0.3156599402427673,0.0778407901525497,0.0671271830797195,0.0719134509563446,0.0470918044447898,0.2756707072257995,0.1575840711593628,0.0768521353602409,0.050111960619688,0.4889329075813293,0.1110122203826904
0.4901579320430755,0.2810734212398529,0.5696230530738831,0.1862892210483551,0.5359042286872864,0.2854335606098175,0.1586996465921402,0.2338214367628097,0.0602313727140426,0.0818406194448471,0.0371157377958297,0.2411446273326873,0.1900804042816162,0.0928538516163826,0.6603777408599854,0.0421559065580368,0.0494536645710468,0.1949803531169891,0.0319715961813926,0.1412175744771957,0.103901170194149,0.2304183542728424,0.130071073770523,0.0752514451742172,0.062360793352127,0.2349006384611129,0.0877626612782478,0.2355232536792755,0.4182832241058349,0.3732540011405945,0.3165683150291443,0.0794925987720489,0.0676414966583252,0.07127645611763,0.0474883615970611,0.2748743295669555,0.1551440209150314,0.0765336006879806,0.0501760728657245,0.4871533811092376,0.1109138205647468
0.4862458705902099,0.2649984359741211,0.5897960662841797,0.1670168042182922,0.5434214472770691,0.2938897013664245,0.1458105146884918,0.2416022419929504,0.056705966591835,0.0761219784617424,0.0348106548190116,0.2370728850364685,0.1922668367624282,0.0826440453529357,0.6517214775085449,0.0423539355397224,0.0339973270893096,0.1922366470098495,0.0288547165691852,0.135681003332138,0.101683609187603,0.227345734834671,0.1283016800880432,0.0721425265073776,0.061180654913187,0.2268086373805999,0.0797979086637497,0.2329179793596267,0.4131862819194793,0.3652242422103882,0.3119382858276367,0.0836419910192489,0.066086322069168,0.0731503516435623,0.0460758954286575,0.2672848701477051,0.1569560468196869,0.0742547735571861,0.047603964805603,0.4925719499588012,0.1115456074476242
0.4806136786937713,0.2619481086730957,0.5865774154663086,0.1653826832771301,0.5439207553863525,0.294542133808136,0.1474923491477966,0.2428393363952636,0.0565997436642646,0.0749024152755737,0.0346220880746841,0.2360813021659851,0.1932221353054046,0.0819605886936187,0.6533632278442383,0.0427783988416194,0.0339398980140686,0.192048966884613,0.0288836266845464,0.134229376912117,0.1014274880290031,0.225875973701477,0.1278482675552368,0.0723952502012252,0.0609668493270874,0.2282878011465072,0.0790047198534011,0.2330839931964874,0.4111687242984772,0.3648720383644104,0.3100748360157013,0.0844829827547073,0.0669767260551452,0.0749212354421615,0.0463094823062419,0.2678409516811371,0.157718539237976,0.0742353051900863,0.0476884469389915,0.4939776062965393,0.1126315593719482
0.4933901727199554,0.2482627928256988,0.593753457069397,0.1362963020801544,0.5902230143547058,0.3400348722934723,0.16350157558918,0.283433198928833,0.05142043530941,0.0928741469979286,0.0352645143866539,0.2466896474361419,0.202470064163208,0.0621217750012874,0.6503351926803589,0.0450144745409488,0.0341938100755214,0.2183015346527099,0.0271630827337503,0.1110012233257293,0.108633354306221,0.2546514272689819,0.1407862901687622,0.0754822045564651,0.0600435510277748,0.2013545334339141,0.0752534344792366,0.2373539209365844,0.4332606494426727,0.3580953478813171,0.3245925307273865,0.0826600864529609,0.0641182363033294,0.0934133753180503,0.069823607802391,0.263286292552948,0.1548645794391632,0.074725866317749,0.0493204668164253,0.4663140475749969,0.1206611841917038
0.4937036335468292,0.2492764294147491,0.5944775342941284,0.137687399983406,0.5887783765792847,0.3366050720214844,0.1633076071739196,0.2819820940494537,0.0515566952526569,0.0922012329101562,0.0360621586441993,0.2467295825481414,0.2007288932800293,0.0632309168577194,0.648349940776825,0.0449804104864597,0.0347891375422477,0.2182480692863464,0.0276887752115726,0.1105638369917869,0.1068419516086578,0.2543825805187225,0.140435129404068,0.0767602324485778,0.0613217651844024,0.2015552520751953,0.0809286683797836,0.2375367879867553,0.4357487857341766,0.3581630885601043,0.3252953886985779,0.0830104574561119,0.0642631575465202,0.0925312042236328,0.0698416829109191,0.2643681466579437,0.1544043719768524,0.0749862790107727,0.0494922436773777,0.4653433561325073,0.120767742395401
0.4870311319828033,0.2528404593467712,0.5836597084999084,0.1498738527297973,0.5487310886383057,0.3227285742759704,0.1384183168411255,0.2674948275089264,0.0507519394159317,0.0851612538099289,0.0347056686878204,0.2483257353305816,0.2057205736637115,0.0617800764739513,0.6360299587249756,0.0441119819879531,0.0350247286260128,0.2014534622430801,0.0254441648721694,0.1329331845045089,0.0984169617295265,0.2487519383430481,0.1305365562438964,0.0686870515346527,0.0570565722882747,0.1928885877132415,0.0747621357440948,0.2332516610622406,0.4234336912631988,0.365356832742691,0.3113873898983001,0.07624252140522,0.0603788308799266,0.0958334058523178,0.0449365153908729,0.2581567168235779,0.1557511836290359,0.077894240617752,0.0496070832014083,0.4664864540100097,0.1243931129574775
0.4901212155818939,0.2560111284255981,0.5684901475906372,0.1524431705474853,0.5483801364898682,0.3198180496692657,0.1392379105091095,0.2670088410377502,0.0510814040899276,0.0858088433742523,0.0352309569716453,0.2480247467756271,0.2049484550952911,0.0623421296477317,0.6374489068984985,0.0420085564255714,0.0355087593197822,0.2035228013992309,0.0257921423763036,0.1338663101196289,0.0968074575066566,0.2487560212612152,0.1305727958679199,0.070022277534008,0.0576971136033535,0.1956654191017151,0.0758538842201232,0.2341614365577697,0.4228285551071167,0.3655866980552673,0.3135581016540527,0.0838836133480072,0.0700496360659599,0.0955273285508155,0.0447548404335975,0.2621301412582397,0.1566515564918518,0.0781865566968917,0.0498518869280815,0.4674326479434967,0.1248645856976509
0.498835802078247,0.2583754956722259,0.5760017037391663,0.1528277397155761,0.5755290985107422,0.343068778514862,0.1531851589679718,0.292384386062622,0.0473423674702644,0.0985009968280792,0.0335764288902282,0.2485308945178985,0.2153710424900055,0.0588192380964756,0.6551707983016968,0.0415851436555385,0.0355277508497238,0.1970182061195373,0.0225973203778266,0.1419852077960968,0.1125185787677764,0.264494240283966,0.1465287804603576,0.0669894590973854,0.0532730147242546,0.1856697648763656,0.0692323148250579,0.2251280397176742,0.4010410904884338,0.3645892739295959,0.3098950684070587,0.0746748968958854,0.0648249313235282,0.0976619347929954,0.0458604954183101,0.2552610039710998,0.158130258321762,0.0787968188524246,0.0516702309250831,0.4615406394004822,0.1273530125617981
0.5012259483337402,0.2556579411029815,0.5739818811416626,0.15248504281044,0.5743222236633301,0.3414511084556579,0.151925042271614,0.2907697558403015,0.0469473749399185,0.0992481857538223,0.0349740013480186,0.2502754330635071,0.2055268436670303,0.0601404272019863,0.6553516387939453,0.0395513176918029,0.0358538106083869,0.1961202621459961,0.0226446967571973,0.1384294033050537,0.1082453355193138,0.2676486372947693,0.1459577679634094,0.0670186355710029,0.0542903020977973,0.1850490272045135,0.0690784454345703,0.2234031409025192,0.4012578129768371,0.3651680946350097,0.3105252385139465,0.0751304924488067,0.0664199292659759,0.0995503291487693,0.0459903702139854,0.2531309127807617,0.1585248112678527,0.0796827375888824,0.0525619015097618,0.4614264070987701,0.1285758018493652
0.5289888978004456,0.2770991325378418,0.5806874632835388,0.1490172743797302,0.5722960233688354,0.3433479368686676,0.1404080092906952,0.2908968925476074,0.0460903607308864,0.1016378626227378,0.0329186096787452,0.2559959888458252,0.2082326859235763,0.0582797527313232,0.6532129049301147,0.0424806848168373,0.0335518270730972,0.1986129879951477,0.021118052303791,0.1218048855662345,0.1105878427624702,0.2647764980792999,0.1503788977861404,0.0639881715178489,0.0515656098723411,0.1836824715137481,0.0616450570523738,0.2226365357637405,0.3962078392505646,0.3589814901351928,0.3096287250518799,0.0682947114109993,0.0595871582627296,0.0990460664033889,0.0447218865156173,0.2440427988767624,0.1576359122991562,0.0788769647479057,0.0534657537937164,0.4584239721298218,0.1234824359416961
0.5285313129425049,0.2757791876792907,0.5812015533447266,0.1307762861251831,0.5708520412445068,0.3435057997703552,0.1406614035367965,0.2900397479534149,0.0461696460843086,0.1010686978697776,0.0323140397667884,0.2555582523345947,0.2062372416257858,0.0581750273704528,0.6522692441940308,0.0422179549932479,0.032915748655796,0.1976828873157501,0.020805612206459,0.1204128041863441,0.1110616400837898,0.2646052241325378,0.1496063023805618,0.0635855719447135,0.0501058176159858,0.1846870929002761,0.0610609576106071,0.2216101884841919,0.3958053290843963,0.3578397631645202,0.3091924786567688,0.0678599551320076,0.0595215186476707,0.0994684547185897,0.0446332767605781,0.2434113174676895,0.1565594971179962,0.0792122781276702,0.0532845109701156,0.4585097432136535,0.1228518933057785
0.5290984511375427,0.2755801379680633,0.5751532316207886,0.140061005949974,0.5582826137542725,0.3290252089500427,0.1390208303928375,0.2779755294322967,0.0476637855172157,0.0927242934703826,0.0365703590214252,0.2555363774299621,0.2026254534721374,0.0636074244976043,0.6556870341300964,0.0441353991627693,0.0349755734205246,0.2061264812946319,0.0247380062937736,0.1389190852642059,0.1126320138573646,0.2620856761932373,0.1537269949913025,0.069289743900299,0.0585164688527584,0.186427965760231,0.0636666715145111,0.2230910956859588,0.3936256170272827,0.3643953800201416,0.3090437650680542,0.0696256831288337,0.0617305040359497,0.0939307063817977,0.0424622222781181,0.2475432306528091,0.1633680462837219,0.0790522471070289,0.0548408441245555,0.4565354585647583,0.1261081099510193
0.5290188193321228,0.2753606140613556,0.5789719820022583,0.1384811848402023,0.5621514320373535,0.3323411047458648,0.1400870084762573,0.2787193655967712,0.0480308607220649,0.091469906270504,0.0368368700146675,0.2569024562835693,0.2000795751810073,0.0642226114869117,0.6520729064941406,0.0446477755904197,0.0346507653594017,0.2065820842981338,0.024942772462964,0.1348613798618316,0.1127751916646957,0.2653930783271789,0.1527976244688034,0.0688393265008926,0.0587308257818222,0.1856313049793243,0.0633327141404151,0.2225763797760009,0.3982475697994232,0.3642426133155823,0.3101124465465545,0.069126971065998,0.0612453892827034,0.0784277766942977,0.0465779677033424,0.2466017305850982,0.1615725606679916,0.0788159221410751,0.0544768162071704,0.4552672505378723,0.1256597638130188
0.5367493629455566,0.2926258146762848,0.5682381391525269,0.1525422930717468,0.5768085718154907,0.3497871160507202,0.1362614333629608,0.2984387278556824,0.0457386411726474,0.1027376800775528,0.0335800945758819,0.2646351456642151,0.2211511731147766,0.0573879778385162,0.6736820936203003,0.0445092916488647,0.0346397757530212,0.2046602666378021,0.0224444791674613,0.1309749484062194,0.1113627552986145,0.263810396194458,0.1540902554988861,0.0649729147553443,0.0396171286702156,0.1818759739398956,0.0614980645477771,0.2243101894855499,0.3870117664337158,0.3558996021747589,0.305030345916748,0.0688265860080719,0.0606932677328586,0.0790120363235473,0.0472190305590629,0.2427083253860473,0.1603323519229889,0.0765468999743461,0.0544098652899265,0.4556583762168884,0.1278001368045807
0.5342933535575867,0.2902988195419311,0.5728487372398376,0.1535059958696365,0.5854630470275879,0.3540764153003692,0.1391159892082214,0.2986492216587066,0.0466651394963264,0.1033015996217727,0.0337537787854671,0.2654459476470947,0.2244053184986114,0.0593132004141807,0.6747368574142456,0.0439664609730243,0.0346230939030647,0.2072019875049591,0.0224514938890934,0.1298133134841919,0.1114380285143852,0.2655941843986511,0.1533377021551132,0.0651111304759979,0.0410077273845672,0.1832637041807174,0.0622232779860496,0.224278911948204,0.3865947723388672,0.3564038276672363,0.3044666051864624,0.0693350136280059,0.0612113960087299,0.0890352055430412,0.0687756910920143,0.2451452910900116,0.1606085896492004,0.0765301883220672,0.0546039640903472,0.4541486501693725,0.1280220746994018
0.5315543413162231,0.2633644938468933,0.5809460878372192,0.1098796352744102,0.6094326972961426,0.3768270313739776,0.1356295347213745,0.3204606771469116,0.0403836145997047,0.1239964067935943,0.0345768108963966,0.2641768455505371,0.2186219692230224,0.0575287640094757,0.6460416316986084,0.0428932607173919,0.0332935005426406,0.1925787478685379,0.0206117033958435,0.1316065490245819,0.1003998592495918,0.2782514989376068,0.1532110720872879,0.0605619549751281,0.0311413630843162,0.1675726473331451,0.0628105476498603,0.2234000563621521,0.4054158926010132,0.3479242622852325,0.312012255191803,0.0690962597727775,0.0587338581681251,0.1014352813363075,0.0731072053313255,0.2425024509429931,0.1587288528680801,0.0775195583701133,0.0554748028516769,0.4285592138767242,0.1212475299835205
0.5326506495475769,0.2658380270004272,0.5821174383163452,0.1101318225264549,0.6063731908798218,0.3768753409385681,0.135675847530365,0.319064736366272,0.0410986803472042,0.1221047192811966,0.0342181660234928,0.2627106308937073,0.216466411948204,0.0584272742271423,0.6454622745513916,0.0429243892431259,0.0328944437205791,0.1930173635482788,0.0206833593547344,0.1301014125347137,0.1054060906171798,0.278694748878479,0.1541963964700698,0.0609353706240654,0.0311328880488872,0.1694031357765197,0.0638108700513839,0.2237875014543533,0.4069315493106842,0.3469229340553283,0.3128278851509094,0.0685987174510955,0.0582985058426857,0.1002167612314224,0.0724663585424423,0.243312656879425,0.1574466377496719,0.0771022140979766,0.0550054237246513,0.4291597604751587,0.1197132170200347
0.5251211524009705,0.2565823793411255,0.6043857336044312,0.1104434877634048,0.5809018611907959,0.36491858959198,0.1551842391490936,0.3196016848087311,0.0454984456300735,0.105057843029499,0.0268203262239694,0.2534334659576416,0.2220989763736724,0.0611328743398189,0.7018123269081116,0.04075937718153,0.0310493782162666,0.1983989477157592,0.0195292271673679,0.1242534965276718,0.1028457358479499,0.2627382278442383,0.1603187173604965,0.0637931898236274,0.0338972210884094,0.176463097333908,0.0767654851078987,0.2317854762077331,0.4222652316093445,0.3446337580680847,0.3229084610939026,0.0740071535110473,0.0635349377989769,0.0982911735773086,0.0444952994585037,0.2585050463676452,0.15485879778862,0.07243362814188,0.0483031161129474,0.4223400950431824,0.1029724329710006
0.527463436126709,0.2579084038734436,0.6091447472572327,0.1117354035377502,0.5827600955963135,0.3627209961414337,0.1542320251464843,0.3150185942649841,0.0452325977385044,0.1029281616210937,0.0272241346538066,0.2526402473449707,0.2207801789045334,0.060504175722599,0.7031527757644653,0.0412973426282405,0.0310929603874683,0.1982902586460113,0.0198519080877304,0.1244930103421211,0.1019178181886673,0.2620942294597626,0.1587272733449936,0.0649981945753097,0.0347011908888816,0.1789118945598602,0.0768694132566452,0.2325966507196426,0.4241732954978943,0.3456089198589325,0.3249207735061645,0.0739966258406639,0.0627452507615089,0.0987488925457,0.044648677110672,0.2604578733444214,0.1557749062776565,0.0727052837610244,0.0485466718673706,0.4243262112140655,0.1033975034952163
0.504321813583374,0.2587830424308777,0.5918323993682861,0.1189890652894973,0.568122386932373,0.3384629786014557,0.1592545807361602,0.307635098695755,0.0489422529935836,0.0986130982637405,0.0271074194461107,0.2490256875753402,0.2239425480365753,0.0574790239334106,0.6696908473968506,0.0409764647483825,0.03108761459589,0.1987968385219574,0.0210670735687017,0.1298365741968155,0.1181351020932197,0.2552522420883178,0.1537263244390487,0.0652425438165664,0.0373459011316299,0.1771307587623596,0.0741301402449607,0.2327276468276977,0.4252594411373138,0.3525020480155945,0.3166787028312683,0.072434052824974,0.0629729628562927,0.0937170907855033,0.0445826388895511,0.2488794922828674,0.1511518508195877,0.0748197883367538,0.0463791340589523,0.432456374168396,0.1069748848676681
0.4950586557388305,0.2480847835540771,0.6051276922225952,0.1115954220294952,0.5930498242378235,0.3587628304958343,0.1898978352546692,0.3192617297172546,0.0486332140862941,0.1043252199888229,0.0224451012909412,0.2511634528636932,0.2664448618888855,0.0600064471364021,0.7303341031074524,0.0389897152781486,0.0295575857162475,0.2044568955898285,0.0191964879631996,0.1186035573482513,0.1292518377304077,0.2444259822368621,0.1597694158554077,0.0645573139190673,0.0292162057012319,0.1974992603063583,0.0777327343821525,0.2308213710784912,0.4264791011810303,0.3267460465431213,0.322526216506958,0.0711182504892349,0.0603582561016082,0.0812675654888153,0.0631770119071006,0.2593896090984344,0.1492206007242202,0.068886674940586,0.0432274788618087,0.4150630533695221,0.0931226909160614
0.5127471089363098,0.273341953754425,0.6058640480041504,0.1488487422466278,0.5538493394851685,0.353814959526062,0.1459148824214935,0.2919083535671234,0.0490973591804504,0.0958125442266464,0.0315832905471324,0.2563153803348541,0.2089889943599701,0.0648264065384864,0.6609140634536743,0.0443490296602249,0.0336643904447555,0.2080199122428894,0.0243978798389434,0.1262291520833969,0.1206058487296104,0.2685615420341491,0.1525138616561889,0.0715798288583755,0.0474188178777694,0.1920115500688552,0.0684990584850311,0.2366626858711242,0.4350335001945495,0.3634915351867676,0.3288163840770721,0.0734948217868805,0.0563699454069137,0.0903877094388008,0.0429064370691776,0.2562379539012909,0.1548000872135162,0.0770105570554733,0.0500504523515701,0.4667431712150574,0.1199537739157676
0.5118876695632935,0.2716944217681885,0.6116623878479004,0.1442656069993972,0.5608277916908264,0.3598267734050751,0.1471263468265533,0.2951118052005768,0.0483723133802413,0.0964030921459198,0.0311642121523618,0.2583102583885193,0.213544487953186,0.0632557868957519,0.6665434837341309,0.04445680975914,0.0328933224081993,0.2096427381038665,0.0237836875021457,0.1290885508060455,0.1226701289415359,0.2682619094848633,0.1538799405097961,0.0707642436027526,0.0455093085765838,0.1889381110668182,0.0680067911744117,0.2351852357387542,0.4320136308670044,0.3608291745185852,0.3274402916431427,0.0724637359380722,0.0551816746592521,0.0909392237663269,0.0432696118950843,0.255881667137146,0.1551179885864257,0.0751234963536262,0.0490545444190502,0.4634899497032165,0.1184814572334289
0.5049793720245361,0.2651922702789306,0.5946329832077026,0.1373268514871597,0.5487167835235596,0.3643836975097656,0.1393892168998718,0.2946374416351318,0.0472681634128093,0.1007543355226516,0.0315162017941474,0.2551919221878052,0.2205273509025573,0.0631079226732254,0.6777864694595337,0.0461165867745876,0.0330409593880176,0.2165806740522384,0.0270768702030181,0.1261598318815231,0.1232933923602104,0.2623310685157776,0.1489568054676056,0.0739550590515136,0.0431336984038353,0.1928220987319946,0.0730279460549354,0.2426515817642212,0.4301306307315826,0.3613781332969665,0.3125155866146087,0.0754619911313057,0.0584716834127903,0.0902790576219558,0.04299808293581,0.263992577791214,0.156614139676094,0.0736358612775802,0.0470383763313293,0.4302208721637726,0.1142643094062805
0.5087131261825562,0.2688087821006775,0.6200597286224365,0.1411406397819519,0.5721946954727173,0.3736386597156524,0.1496712565422058,0.3002447485923767,0.0478546544909477,0.0978240147233009,0.029735317453742,0.2551678717136383,0.2189011871814727,0.0598280131816864,0.6793807148933411,0.0444064401090145,0.0316566303372383,0.2077915668487548,0.0224796123802661,0.1321766525506973,0.1279259175062179,0.2666572332382202,0.1606719046831131,0.070122942328453,0.0438757389783859,0.1807760447263717,0.0661552399396896,0.2338136881589889,0.425132691860199,0.3571265339851379,0.3238427340984344,0.0700798779726028,0.0535633489489555,0.0897593274712562,0.0434765368700027,0.2544527351856231,0.1527587473392486,0.0722346678376197,0.0479203835129737,0.4380940198898315,0.1143103465437889
0.5052274465560913,0.2624365091323852,0.6245052814483643,0.1332783102989196,0.5883104801177979,0.3724617063999176,0.1486726701259613,0.3031474351882934,0.0481228232383728,0.0974614843726158,0.0319100469350814,0.2571080029010772,0.219342440366745,0.0625934526324272,0.6705925464630127,0.0463767424225807,0.0333387553691864,0.2163638770580291,0.0242578461766242,0.1356110125780105,0.1263706088066101,0.2672014832496643,0.1511534452438354,0.0737084299325943,0.0440440066158771,0.1851633489131927,0.0700461789965629,0.2353516817092895,0.4372470676898956,0.3561299741268158,0.3293386101722717,0.0699221715331077,0.0533514842391014,0.0931200087070465,0.0689454898238182,0.2568594217300415,0.1528002023696899,0.0724948495626449,0.0488100349903106,0.4360406398773193,0.1169352382421493
0.5039585828781128,0.2675718665122986,0.6257550716400146,0.1357612311840057,0.5875125527381897,0.3658261299133301,0.1489076912403106,0.2988914847373962,0.0494919046759605,0.0958955809473991,0.0324344485998153,0.2572884559631347,0.217018261551857,0.0639203861355781,0.670411229133606,0.0464841425418853,0.0335526689887046,0.2193312495946884,0.0251399129629135,0.1379324495792389,0.1249303668737411,0.2633221745491028,0.1497995853424072,0.0752848386764526,0.0461429879069328,0.188799649477005,0.0720966607332229,0.2360405325889587,0.4408649206161499,0.359291672706604,0.3319891095161438,0.0698685646057128,0.0535142943263053,0.0922086387872695,0.0690018385648727,0.2582176923751831,0.1532250046730041,0.0731092542409896,0.0493850074708461,0.4383663535118103,0.1175519749522209
0.5093896389007568,0.2714541554450989,0.6218879818916321,0.1416220664978027,0.5778199434280396,0.3425474762916565,0.1421799659729004,0.2690495252609253,0.0503116324543952,0.091693140566349,0.0351348146796226,0.2578174769878387,0.1955426037311554,0.0663072019815445,0.6472858190536499,0.0456037707626819,0.0342856347560882,0.2135828286409378,0.026381516829133,0.1311367154121399,0.118423119187355,0.2577797174453735,0.1443876028060913,0.0766590610146522,0.0496515482664108,0.195012554526329,0.0780264511704444,0.2392943799495697,0.442565768957138,0.3684850931167602,0.3360645473003387,0.0706079825758934,0.0538307018578052,0.0910972952842712,0.0691923722624778,0.2505659759044647,0.1305187344551086,0.0749575048685073,0.0508233085274696,0.4718695282936096,0.1217526197433471
0.5108003616333008,0.2722503542900085,0.6223888397216797,0.1432208120822906,0.5778961777687073,0.3423051834106445,0.1430380195379257,0.271158367395401,0.0504127591848373,0.0920520722866058,0.0352182388305664,0.2543428242206573,0.197178304195404,0.0658063665032386,0.6502217054367065,0.045471578836441,0.0346716865897178,0.2128939926624298,0.0265335775911808,0.1319217830896377,0.1190636977553367,0.2575387358665466,0.1451297402381897,0.0770924687385559,0.0489159561693668,0.1954024136066436,0.0788889750838279,0.2400181293487548,0.4412226676940918,0.3687115907669067,0.3349770605564117,0.0706147104501724,0.0537431985139846,0.0910364761948585,0.0693231597542762,0.2517893314361572,0.1311731934547424,0.0750187635421752,0.0511101186275482,0.4468223750591278,0.1201334819197654
0.4751876890659332,0.2395695447921753,0.614382266998291,0.1305323541164398,0.5877494812011719,0.3429558873176574,0.1498303115367889,0.2848252952098846,0.0498842634260654,0.0904108509421348,0.0249375961720943,0.2529860734939575,0.2343467473983764,0.0610065460205078,0.7166279554367065,0.0416499301791191,0.0322828330099582,0.2040173709392547,0.021156407892704,0.1363211721181869,0.1241670548915863,0.2396331578493118,0.1490180790424347,0.0689628720283508,0.0342562273144722,0.2063422054052353,0.0855884999036789,0.2384440600872039,0.4599305987358093,0.333493173122406,0.3368826508522033,0.073973923921585,0.0639948025345802,0.0853592008352279,0.0655723214149475,0.234655886888504,0.1171397194266319,0.0670240521430969,0.0423997566103935,0.4281254410743713,0.0981186181306839
0.5041109323501587,0.2739333510398865,0.6092296242713928,0.1456819176673889,0.5554903149604797,0.3534771203994751,0.1469070613384246,0.3035616874694824,0.0502974987030029,0.0955735146999359,0.0310387536883354,0.2577621936798095,0.2022348046302795,0.0622192025184631,0.6520876884460449,0.0426685735583305,0.0335385128855705,0.2002395093441009,0.0247699655592441,0.1313760429620742,0.1179969310760498,0.2662582695484161,0.1563232094049453,0.0744638293981552,0.0435511991381645,0.1939698308706283,0.0736739262938499,0.2365676164627075,0.4434434175491333,0.3638098537921905,0.329983115196228,0.0701183602213859,0.0548156425356864,0.0876665040850639,0.0441017188131809,0.2646353840827942,0.1507671773433685,0.0723089724779129,0.0476141646504402,0.4617690443992615,0.1169603914022445
0.5165227651596069,0.2709572911262512,0.5836158990859985,0.1408463418483734,0.5792465806007385,0.3621711134910583,0.1602725684642791,0.3114730715751648,0.0478705689311027,0.1030436754226684,0.034365065395832,0.2516014277935028,0.2073899805545807,0.0606624409556388,0.6210975646972656,0.0436635836958885,0.0349564254283905,0.2020252645015716,0.0249356031417846,0.1269609332084655,0.1041995733976364,0.2567304372787475,0.1610236465930938,0.0742335468530654,0.0424078851938247,0.184654876589775,0.0712220072746276,0.2342586815357208,0.4474454224109649,0.351462185382843,0.3314828872680664,0.0789744853973388,0.0677048861980438,0.0962811112403869,0.0456311032176017,0.2663524448871612,0.1532821953296661,0.0752521455287933,0.0500775799155235,0.4627455472946167,0.1158081144094467
0.4689815640449524,0.2336806058883667,0.6134266257286072,0.1330958604812622,0.5858286619186401,0.3399687707424164,0.1625861227512359,0.3006357848644256,0.0504223555326461,0.0882841199636459,0.0311529841274023,0.2464570105075836,0.2317195236682891,0.0587897002696991,0.711189866065979,0.0412236452102661,0.0326002985239028,0.1990024149417877,0.022747304290533,0.1357794404029846,0.1232895627617836,0.2446298897266388,0.1501794755458831,0.0708414763212204,0.0335198044776916,0.2047279775142669,0.0880352407693862,0.2356379330158233,0.458934336900711,0.3353619277477264,0.3364467024803161,0.0758355110883712,0.0630708187818527,0.0855201482772827,0.0660178586840629,0.2700700461864471,0.1487425714731216,0.0677573531866073,0.0426215827465057,0.4207289218902588,0.0979994162917137
0.4893281459808349,0.2484235614538192,0.6166011691093445,0.1466371715068817,0.584153413772583,0.3523649871349334,0.1736948788166046,0.2910535335540771,0.0518486537039279,0.0871918946504592,0.030289489775896,0.2494813650846481,0.2268950045108795,0.0576953515410423,0.726470410823822,0.0435350202023983,0.0321956425905227,0.2023214995861053,0.0235771313309669,0.1366779506206512,0.1418586373329162,0.2413166165351867,0.1509818434715271,0.0692769885063171,0.0356638431549072,0.2060620635747909,0.0818833410739898,0.2373971194028854,0.4355881810188293,0.3428026735782623,0.3283998072147369,0.0741243585944175,0.063849925994873,0.0857901647686958,0.0659103468060493,0.2678176462650299,0.1530635952949524,0.0687335655093193,0.0452026836574077,0.4271267056465149,0.1020164564251899
0.4899032711982727,0.2524698078632355,0.6154854893684387,0.1439483761787414,0.5865663290023804,0.3556416034698486,0.1740202903747558,0.2946252822875976,0.0513459332287311,0.0884442925453186,0.0292527824640274,0.2505152225494385,0.2333164364099502,0.0568835213780403,0.7319374680519104,0.044037252664566,0.0320646092295646,0.2039931416511535,0.0228002667427063,0.1411879509687423,0.1463666707277298,0.2414558082818985,0.1543468385934829,0.0685076266527175,0.0347846299409866,0.2046038210391998,0.0807031542062759,0.2374756932258606,0.4342647790908813,0.3417044878005981,0.3281446397304535,0.0742658004164695,0.0634491667151451,0.0855726823210716,0.0658180639147758,0.2664316296577453,0.1528337895870208,0.0683074742555618,0.0449076108634471,0.4265312552452087,0.1021962612867355
0.4995244145393371,0.2572031319141388,0.602889895439148,0.1416992843151092,0.5841992497444153,0.362209677696228,0.1628222912549972,0.3013038337230682,0.0498207546770572,0.0977080315351486,0.0242984220385551,0.2541481256484985,0.2424868792295456,0.0564812906086444,0.7322565913200378,0.0413240492343902,0.0309826545417308,0.1998848766088485,0.0208639092743396,0.1324236094951629,0.124174989759922,0.2459045797586441,0.1602785587310791,0.0650313198566436,0.0297526530921459,0.1992380321025848,0.0806077420711517,0.2339096516370773,0.4182486236095428,0.3387888967990875,0.3178795576095581,0.0709779560565948,0.0636797919869422,0.0840366929769516,0.0631749331951141,0.2605814635753631,0.151660680770874,0.0677060186862945,0.0446536131203174,0.4194208979606628,0.0992152765393257
0.4977937638759613,0.2564057111740112,0.6044992208480835,0.1422340273857116,0.5836184024810791,0.364012062549591,0.1639587879180908,0.3020341992378235,0.0492953136563301,0.0971408560872078,0.0240410976111888,0.2540822923183441,0.2416922152042389,0.0566475465893745,0.7320675849914551,0.0412645488977432,0.0310534387826919,0.1999732851982116,0.0208979751914739,0.1437468379735946,0.1249797195196151,0.2459167242050171,0.1612127125263214,0.0653898194432258,0.030269306153059,0.1997989267110824,0.0815955251455307,0.2351182252168655,0.4199039936065674,0.3396902978420257,0.3170084953308105,0.0715933665633201,0.0642063841223716,0.0842397511005401,0.0637015551328659,0.2617983818054199,0.1517540514469146,0.0677141845226287,0.0443475097417831,0.4203945398330688,0.0992578342556953
0.5109013319015503,0.2916037738323211,0.5697150230407715,0.153115689754486,0.5459131002426147,0.3283807635307312,0.1554707735776901,0.2809860706329345,0.0541928485035896,0.0917934477329254,0.0317660979926586,0.264984130859375,0.2204380631446838,0.0658387094736099,0.6910321116447449,0.043493453413248,0.0343934446573257,0.2181449234485626,0.0279858168214559,0.1318163424730301,0.1284051090478897,0.246268630027771,0.1584619283676147,0.0717568919062614,0.0559933893382549,0.2032477557659149,0.0734540224075317,0.2397506088018417,0.420254498720169,0.3633879125118255,0.3138875365257263,0.0832494348287582,0.0671125799417495,0.08821602165699,0.0431850515305995,0.2553420066833496,0.1573165953159332,0.0719976052641868,0.0479137487709522,0.4478958547115326,0.1124460250139236
0.5120929479598999,0.2909383475780487,0.5723362565040588,0.1550982892513275,0.5442875027656555,0.3299549520015716,0.1591196805238723,0.2820111513137817,0.0547865182161331,0.0917475372552871,0.0314750373363494,0.264108806848526,0.2186052650213241,0.0659065246582031,0.6912674903869629,0.0415677055716514,0.03392294049263,0.2033834606409073,0.027899881824851,0.1306172907352447,0.129633754491806,0.2479551881551742,0.1814153790473938,0.0715393424034118,0.05674809217453,0.2023157775402069,0.074019119143486,0.2390699982643127,0.4172402024269104,0.3634116053581238,0.3135648965835571,0.0825938135385513,0.0669243335723877,0.0862881541252136,0.0427834652364254,0.2554687559604645,0.1570794582366943,0.0720505714416503,0.0479098930954933,0.4460013210773468,0.11161570250988
0.4903069138526916,0.2547614276409149,0.5906134247779846,0.1531269550323486,0.5527421236038208,0.3382401466369629,0.1667841076850891,0.2856890261173248,0.0552685260772705,0.0913714841008186,0.0320902988314628,0.2541850507259369,0.2309113144874572,0.0678941830992698,0.718410074710846,0.0430155396461486,0.0341436490416526,0.2200747579336166,0.0268234349787235,0.1316115856170654,0.1188622713088989,0.2359665930271148,0.1485839933156967,0.071933314204216,0.0420278646051883,0.2120501697063446,0.0903079360723495,0.2446791678667068,0.4311698079109192,0.3509604036808014,0.320978045463562,0.0817136168479919,0.070339061319828,0.08677938580513,0.0435647815465927,0.2637456655502319,0.1643637716770172,0.073330134153366,0.0487900413572788,0.4259613752365112,0.1027862355113029
0.4936794638633728,0.255254328250885,0.5943102836608887,0.1520505249500274,0.5548518896102905,0.3394134044647217,0.1660821139812469,0.2866495251655578,0.0551423355937004,0.0905303806066513,0.0317160561680793,0.2553844153881073,0.2317763417959213,0.0674663633108139,0.7201626896858215,0.0432546436786651,0.0339640453457832,0.2189768254756927,0.0259836502373218,0.1326511204242706,0.1199809983372688,0.2366006672382354,0.1494810879230499,0.0711797028779983,0.0418852157890796,0.2097580432891845,0.0880274474620819,0.2428682446479797,0.4291695952415466,0.3496568202972412,0.3217201232910156,0.0807061493396759,0.0699789300560951,0.0866989120841026,0.0433866679668426,0.2614079117774963,0.1636628210544586,0.0730591714382171,0.0489126779139041,0.4264383912086487,0.1027882099151611
0.5081295967102051,0.2750403881072998,0.5820467472076416,0.1531630456447601,0.5533607602119446,0.3425556421279907,0.1606442630290985,0.290621817111969,0.053115926682949,0.0947560220956802,0.0302257239818573,0.2570091187953949,0.2411996722221374,0.0656004250049591,0.7241260409355164,0.0425452142953872,0.0336552634835243,0.2194010019302368,0.0249844044446945,0.136496439576149,0.1237339153885841,0.240838274359703,0.1560051292181015,0.071099579334259,0.0365689322352409,0.2130085974931717,0.083829253911972,0.2402887493371963,0.4256110787391662,0.347206175327301,0.3195587694644928,0.081073060631752,0.0712571367621421,0.0884918272495269,0.0426857694983482,0.2661868333816528,0.1623391211032867,0.0725609213113784,0.0481557697057724,0.4218268394470215,0.1022847890853881
0.5101983547210693,0.281398057937622,0.5722153186798096,0.1563278585672378,0.5494667291641235,0.3431640863418579,0.1571368873119354,0.2907882630825043,0.0523455739021301,0.0960572883486747,0.0298494268208742,0.2571825981140136,0.2452706396579742,0.0657813623547554,0.7274030447006226,0.0427008941769599,0.0339916460216045,0.2197197526693344,0.0251869075000286,0.1390660554170608,0.1452895998954773,0.2401195168495178,0.1610569059848785,0.0718995109200477,0.0362793169915676,0.2140938937664032,0.0841134935617446,0.2412445396184921,0.4254332482814789,0.3481060266494751,0.3193181753158569,0.0821651071310043,0.0729150995612144,0.0891692787408828,0.0423662066459655,0.2669340372085571,0.1625100076198578,0.072816252708435,0.0480777062475681,0.423035591840744,0.1025727987289428
0.5267276763916016,0.2985389232635498,0.5949375033378601,0.15872722864151,0.5462688207626343,0.3265809714794159,0.1504145264625549,0.270134836435318,0.05197099968791,0.0880388915538787,0.0340839587152004,0.2622450590133667,0.2140054851770401,0.0654804185032844,0.6955177187919617,0.0415604785084724,0.0347030870616436,0.2164174318313598,0.0255696307867765,0.1393706947565078,0.1459816694259643,0.2528795897960663,0.1850611269474029,0.0750350952148437,0.0529578626155853,0.1905259490013122,0.0758648961782455,0.2355530709028244,0.4052678346633911,0.3634501695632934,0.312615156173706,0.0807307213544845,0.0667355582118034,0.0876487866044044,0.0414558313786983,0.2631707489490509,0.1664922833442688,0.0752974227070808,0.0491703636944294,0.4518578052520752,0.1166455373167991
0.5299525260925293,0.2972218990325928,0.6022828221321106,0.1574879735708236,0.5500540733337402,0.331470251083374,0.153419092297554,0.2744837999343872,0.052721120417118,0.0903084725141525,0.0335592664778232,0.2635745704174042,0.217958390712738,0.0641873404383659,0.7004358768463135,0.0418411642313003,0.0343155898153781,0.2169966548681259,0.0258311070501804,0.1402307748794555,0.1258497238159179,0.2558974623680115,0.1866256147623062,0.0753295719623565,0.0518168583512306,0.1889127790927887,0.0757189244031906,0.2336274236440658,0.3982688188552856,0.3622621297836303,0.3100258409976959,0.0796250402927398,0.0656492710113525,0.0868276134133338,0.0415678173303604,0.261869728565216,0.1655076295137405,0.0743830800056457,0.0486455410718917,0.4493307173252105,0.1155833080410957
0.499910295009613,0.2566642761230469,0.6144362688064575,0.135442778468132,0.5866762399673462,0.3502812385559082,0.1689645946025848,0.2874168455600738,0.0499028377234935,0.0891766995191574,0.0294677633792161,0.2538345754146576,0.2400780618190765,0.0595185495913028,0.7397477626800537,0.0447574853897094,0.0314736366271972,0.2160551249980926,0.0229363106191158,0.1447612792253494,0.1492080986499786,0.2347025871276855,0.1761529892683029,0.0680106878280639,0.0341444388031959,0.2012497335672378,0.0781501531600952,0.2316168248653412,0.4294668138027191,0.337259829044342,0.3272262513637543,0.0767060071229934,0.0661137402057647,0.0867853015661239,0.065570130944252,0.259938508272171,0.1612217128276825,0.0701674148440361,0.046235978603363,0.4194236695766449,0.0998429283499717
0.5003265142440796,0.2576314508914947,0.6142974495887756,0.135986328125,0.584706723690033,0.3514323830604553,0.1687682420015335,0.2888643145561218,0.0502277091145515,0.0911104083061218,0.0291337594389915,0.2542354464530945,0.2397769689559936,0.0604241788387298,0.7360292673110962,0.0449423976242542,0.0314967073500156,0.2168871462345123,0.0231048725545406,0.1432055532932281,0.1450497210025787,0.2364350259304046,0.1760511398315429,0.0680649131536483,0.0338708013296127,0.2007233649492263,0.0776959508657455,0.231413722038269,0.4305998086929321,0.3359022736549377,0.3264187574386596,0.0772852301597595,0.0661178976297378,0.0866441130638122,0.0654803737998008,0.2608302235603332,0.1607705503702163,0.0701960399746894,0.0463365837931633,0.4191266894340515,0.0996499210596084
0.4954251646995544,0.2374368011951446,0.6384192109107971,0.120030254125595,0.5977425575256348,0.3493531346321106,0.1736138015985489,0.2688431143760681,0.0520482845604419,0.0914503931999206,0.0303660109639167,0.2529585659503937,0.2283894270658493,0.0593294277787208,0.734784722328186,0.0441350862383842,0.0312493797391653,0.2163599580526352,0.023840045556426,0.1404273062944412,0.1218760311603546,0.2373126149177551,0.1513043045997619,0.068561278283596,0.0378557220101356,0.2004091739654541,0.0807632207870483,0.2336803525686264,0.4318112134933471,0.3388339281082153,0.326183021068573,0.0784768611192703,0.0623168125748634,0.0855891406536102,0.0656400695443153,0.2330268025398254,0.1333733648061752,0.0712248831987381,0.0474117510020732,0.4290737509727478,0.1012414246797561
0.4929578602313995,0.2339375913143158,0.6301804184913635,0.1193869039416313,0.5932289958000183,0.3474185466766357,0.1732261776924133,0.2677489817142486,0.0519144237041473,0.0891679525375366,0.0297482274472713,0.2523951530456543,0.2264638841152191,0.0602888241410255,0.7323006391525269,0.044389970600605,0.0310569927096366,0.2148427814245224,0.0243130773305892,0.138074904680252,0.1201588064432144,0.2354486286640167,0.1486599147319793,0.0669372007250785,0.039121251553297,0.1987375766038894,0.0802578702569007,0.2337650954723358,0.4331298470497131,0.3395597338676452,0.3246792554855346,0.0790401101112365,0.0633434057235717,0.0859331935644149,0.0657567977905273,0.2323622703552246,0.1327574700117111,0.0719978436827659,0.0475494563579559,0.4292891025543213,0.1010513752698898
0.4787514209747314,0.2325721979141235,0.6209931373596191,0.119492694735527,0.5944424867630005,0.3596432507038116,0.1772855222225189,0.2699689567089081,0.0489631593227386,0.0956666693091392,0.0292302221059799,0.2591571807861328,0.2770179212093353,0.054235890507698,0.7459555864334106,0.0430869609117507,0.0305664222687482,0.1938440501689911,0.0227461978793144,0.1688951998949051,0.1644137799739837,0.2321891188621521,0.144048810005188,0.0625684633851051,0.0301976166665554,0.1910082101821899,0.0710482895374298,0.2235522717237472,0.4106109142303467,0.3306542932987213,0.3178611695766449,0.0743483006954193,0.0650622397661209,0.0863090455532074,0.0661571472883224,0.2254538834095001,0.1293432712554931,0.066954955458641,0.0446447059512138,0.4236655831336975,0.1029477715492248
0.4728046953678131,0.2283995300531387,0.6274136900901794,0.1168233230710029,0.6001487970352173,0.3632625937461853,0.1798911690711975,0.2719001770019531,0.0482306107878685,0.094066321849823,0.0289386436343193,0.2579717934131622,0.2844399809837341,0.0684306249022483,0.7480916380882263,0.0436761155724525,0.0302556194365024,0.1840647161006927,0.0223752241581678,0.1554665863513946,0.1710812449455261,0.2313611954450607,0.1475276052951812,0.0634051114320755,0.0296042282134294,0.1911689639091491,0.0701695382595062,0.222784012556076,0.417080283164978,0.3285495042800903,0.322109580039978,0.074260264635086,0.0640207529067993,0.0871417522430419,0.0667889565229415,0.2251452952623367,0.1287440061569214,0.0660936012864112,0.0440412461757659,0.4237962961196899,0.1019039005041122
0.4737133979797363,0.2613124847412109,0.6614571809768677,0.1372378766536712,0.629612922668457,0.3529568314552307,0.1774481832981109,0.2783530950546264,0.0453444346785545,0.087786927819252,0.0300693586468696,0.2502431869506836,0.2903284728527069,0.0679314583539962,0.7249186038970947,0.0420713387429714,0.0301120821386575,0.1670395731925964,0.0216438472270965,0.1676166951656341,0.1737531125545501,0.227304071187973,0.144669696688652,0.0617798715829849,0.0306210573762655,0.1847493648529052,0.0621827989816665,0.2059226483106613,0.4037792086601257,0.3267673850059509,0.3282341063022613,0.0807220637798309,0.0611058510839939,0.0795092433691024,0.0476431511342525,0.2281689494848251,0.1262353956699371,0.0652457624673843,0.0409794338047504,0.462582528591156,0.1081539094448089
0.4625774025917053,0.2274827063083648,0.6768584251403809,0.1218001395463943,0.636980414390564,0.3724927306175232,0.1900438219308853,0.2907778620719909,0.0443704985082149,0.1067085564136505,0.0261156465858221,0.2771270871162414,0.2896852791309356,0.0598148331046104,0.7308623790740967,0.0415716245770454,0.0276807658374309,0.1719895005226135,0.0203339606523513,0.1623543202877044,0.1663048416376114,0.229762777686119,0.1364398896694183,0.0595814883708953,0.0277476962655782,0.1834073364734649,0.0622335150837898,0.1987237185239792,0.4152438342571258,0.3186355531215668,0.3234820961952209,0.0766193345189094,0.0578277744352817,0.0775076374411583,0.0510866343975067,0.2205220907926559,0.1152613759040832,0.0629477947950363,0.0407739244401454,0.434619277715683,0.0845241397619247
0.4894165098667145,0.2471352517604828,0.6314219236373901,0.1303927153348922,0.6036648154258728,0.3577377200126648,0.1778777241706848,0.2882720828056335,0.0493302457034587,0.0933598950505256,0.0295063946396112,0.2572675347328186,0.2839498519897461,0.0705597475171089,0.7504971027374268,0.0398608222603797,0.0302346479147672,0.1940828114748001,0.0231553390622138,0.1596412807703018,0.1697606295347213,0.2322218716144561,0.1679754853248596,0.0650852173566818,0.0294087454676628,0.1955689489841461,0.0720914974808693,0.2269087433815002,0.4204677939414978,0.3340156674385071,0.3232636451721191,0.0740639120340347,0.0606459081172943,0.0816028490662574,0.066512145102024,0.2532467544078827,0.1563320755958557,0.0665478035807609,0.0455844104290008,0.4150435924530029,0.0986614376306533
0.4861137270927429,0.2394492924213409,0.630208432674408,0.1335060894489288,0.6011214852333069,0.355282723903656,0.1815530061721801,0.2851610779762268,0.0508501380681991,0.0918179452419281,0.0307556018233299,0.254029631614685,0.271140992641449,0.0717648193240165,0.7440638542175293,0.0397147424519062,0.0307621285319328,0.1947620511054992,0.0242919214069843,0.1533553749322891,0.1606542915105819,0.2328137904405594,0.1583997011184692,0.0647057145833969,0.0306432340294122,0.1981641054153442,0.0738333985209465,0.2271387577056884,0.4230645895004272,0.3363945782184601,0.324052631855011,0.0740046650171279,0.0610212571918964,0.0813343897461891,0.0671006143093109,0.2546752095222473,0.1564321815967559,0.0677445977926254,0.0460622385144233,0.4168597161769867,0.100015178322792
0.4875387549400329,0.2370596677064895,0.643960177898407,0.130561351776123,0.6093451976776123,0.3641132414340973,0.1673626601696014,0.289063960313797,0.0436799451708793,0.1031216010451316,0.0216260738670825,0.2613267302513122,0.2425203919410705,0.0643605142831802,0.7034050226211548,0.0386529639363288,0.0274624451994895,0.1516337692737579,0.0187784936279058,0.1565552651882171,0.1250601112842559,0.2357595413923263,0.1375714838504791,0.0542479008436203,0.0281155090779066,0.1843320578336715,0.0552394315600395,0.1953156590461731,0.3940956592559814,0.3268750309944153,0.3070585429668426,0.0728213936090469,0.061806671321392,0.075638934969902,0.0490059889853,0.2166300117969513,0.1149406880140304,0.0677616000175476,0.0414998680353164,0.4282737970352173,0.0822627544403076
0.4830191135406494,0.2371465414762497,0.6360453367233276,0.1311158537864685,0.6090314388275146,0.3625262975692749,0.1691806614398956,0.2903627753257751,0.0436444617807865,0.1044894680380821,0.0226033069193363,0.2596538364887237,0.2386606931686401,0.0646616071462631,0.700419008731842,0.0386356487870216,0.0278787650167942,0.1538268327713012,0.0195995960384607,0.1554489284753799,0.1225056275725364,0.2365617901086807,0.1381388306617736,0.055385835468769,0.0288867056369781,0.1857267618179321,0.0561835840344429,0.1970478296279907,0.4015003442764282,0.3290272355079651,0.3108564615249634,0.0752557590603828,0.0641723126173019,0.0774517580866813,0.0497642010450363,0.2187716662883758,0.1158947646617889,0.0686446651816368,0.0417383313179016,0.4303564429283142,0.0837866067886352
0.4957710206508636,0.250681459903717,0.6360987424850464,0.1331835985183715,0.6092909574508667,0.3617376685142517,0.1803721487522125,0.2863060235977173,0.0509306229650974,0.0931020975112915,0.0287874229252338,0.2551747560501098,0.30002361536026,0.0678995102643966,0.7571196556091309,0.039698950946331,0.0294849872589111,0.1884027421474456,0.0222283266484737,0.1560093164443969,0.1738063991069793,0.229469895362854,0.1615851819515228,0.0641544908285141,0.0295311287045478,0.197994589805603,0.069785863161087,0.226007729768753,0.4099899232387543,0.3313232064247131,0.3155339658260345,0.0740408524870872,0.0606187358498573,0.0808236002922058,0.0670945197343826,0.2547541856765747,0.1584241837263107,0.068214476108551,0.0464118458330631,0.4124746918678283,0.0996272936463356
0.4921874105930328,0.2487311661243438,0.6304304003715515,0.1339832842350006,0.6044430732727051,0.3604289889335632,0.1828313469886779,0.2870883345603943,0.0512096136808395,0.0936484187841415,0.029399212449789,0.2538169026374817,0.2884545028209686,0.0689611285924911,0.7519007325172424,0.0397995673120021,0.0294913779944181,0.1883832514286041,0.0220469385385513,0.1475976854562759,0.162589892745018,0.2303762882947921,0.1600012630224228,0.0634661167860031,0.0301041044294834,0.198932945728302,0.0698751360177993,0.2265257686376571,0.413535326719284,0.332061618566513,0.3170674443244934,0.0747120603919029,0.062406413257122,0.0814110487699508,0.0673934370279312,0.2550787627696991,0.1576487421989441,0.0688594356179237,0.0463182143867015,0.4146488010883331,0.1007860153913497
0.503914475440979,0.2659652829170227,0.6448769569396973,0.1345421075820922,0.6007609367370605,0.358616292476654,0.1712102144956588,0.2602251470088959,0.0476695671677589,0.0878258496522903,0.0303856041282415,0.2571727037429809,0.225877359509468,0.0684575140476226,0.7306545972824097,0.0399729721248149,0.0307605508714914,0.1831494271755218,0.0224852543324232,0.150737389922142,0.1315920501947403,0.2431820929050445,0.1698341071605682,0.0651749074459075,0.0296940505504608,0.1706513911485672,0.0649903267621994,0.2201457172632217,0.3922905027866363,0.348499059677124,0.3125746548175812,0.0740870386362075,0.0601092763245105,0.0772150754928588,0.0446721576154232,0.2308538258075714,0.1320002377033233,0.0686045289039611,0.0448393523693084,0.4431866109371185,0.1119721457362175
0.5015594363212585,0.2598628401756286,0.6439076066017151,0.1332361251115799,0.5971913933753967,0.358880341053009,0.1893986761569976,0.2628256976604461,0.0493326410651207,0.0901432186365127,0.0315239615738391,0.2577742338180542,0.22454833984375,0.0701039433479309,0.7103596925735474,0.0401690639555454,0.031533520668745,0.1819953024387359,0.0235558673739433,0.1489397585391998,0.125124841928482,0.2485304921865463,0.1678317487239837,0.0659734904766082,0.0296797640621662,0.1708424538373947,0.067714013159275,0.2208915650844574,0.3927107155323028,0.3483494818210602,0.3116267025470733,0.0750400945544242,0.0604271367192268,0.0769266933202743,0.0451805032789707,0.2296463549137115,0.1317591369152069,0.0683709755539894,0.0448314398527145,0.4391713440418243,0.1119832396507263
0.4962572455406189,0.26076540350914,0.6269965171813965,0.1408800780773162,0.5870318412780762,0.3458107113838196,0.176403671503067,0.2656209766864776,0.0521136075258255,0.088862769305706,0.0323703289031982,0.2552118301391601,0.2164604216814041,0.0714201778173446,0.7024454474449158,0.0406326204538345,0.0320032648742198,0.1880264431238174,0.0252663604915142,0.1463607996702194,0.1269122660160064,0.2399772256612777,0.1655534207820892,0.0660335943102836,0.0351434722542762,0.1757041811943054,0.0713862478733062,0.2251686155796051,0.3996372818946838,0.3516320884227752,0.313220739364624,0.077532060444355,0.0631025582551956,0.0758939534425735,0.0453333780169487,0.2374841868877411,0.1345296800136566,0.0701600015163421,0.0458314269781112,0.4415782690048218,0.1100901886820793
0.4930996596813202,0.2610494494438171,0.628694474697113,0.1510586440563202,0.5894202589988708,0.3470179438591003,0.1768642961978912,0.2755168378353119,0.0519537106156349,0.0894317328929901,0.0324822589755058,0.2539787888526916,0.2159210741519928,0.0709792971611023,0.7023664116859436,0.0405551604926586,0.0320012830197811,0.1873512864112854,0.0250033028423786,0.1626360714435577,0.1280459016561508,0.2406201064586639,0.1673462688922882,0.0661878734827041,0.0350053757429122,0.1773094236850738,0.0717434957623481,0.2252296209335327,0.4012624621391296,0.352129578590393,0.3142126202583313,0.0773014575242996,0.0632030218839645,0.0767721086740493,0.0453839190304279,0.2564769685268402,0.1605691313743591,0.0702220797538757,0.0459180884063243,0.4417597651481628,0.1104988381266594
0.5071388483047485,0.2804818451404571,0.6249486207962036,0.1508185863494873,0.590582013130188,0.3363444805145263,0.1876213252544403,0.2657574415206909,0.0528489015996456,0.0909493267536163,0.033379778265953,0.2551292181015014,0.2231449335813522,0.0552986748516559,0.7183549404144287,0.0408855900168418,0.0331844575703144,0.1844310611486435,0.0261666029691696,0.1547638177871704,0.1589197963476181,0.2415426969528198,0.1842587441205978,0.0692562907934188,0.0368507876992225,0.2095046043395996,0.0740351006388664,0.2278791069984436,0.3912331461906433,0.35543292760849,0.3086350560188293,0.0792347863316536,0.0627692639827728,0.0740220248699188,0.0444602742791175,0.2462746500968933,0.1377661079168319,0.0698463767766952,0.0454565286636352,0.4380025267601013,0.1106121093034744
0.5296303033828735,0.2838110029697418,0.6291380524635315,0.17452073097229,0.6086001396179199,0.3377323746681213,0.1841609477996826,0.2800155878067016,0.0501141473650932,0.0969198048114776,0.0337922424077987,0.2418602406978607,0.2030103802680969,0.0704331248998642,0.7194588780403137,0.037977647036314,0.030549518764019,0.1756388843059539,0.0261298399418592,0.1463933140039444,0.1091165468096733,0.2423728257417678,0.1736740320920944,0.0664250627160072,0.0376491546630859,0.1982244402170181,0.0729654133319854,0.2152645587921142,0.3772120475769043,0.3433924913406372,0.3202243149280548,0.0773275643587112,0.0627385526895523,0.0658386498689651,0.0431598871946334,0.262873113155365,0.1312743425369262,0.0711505934596061,0.045955367386341,0.4590505957603454,0.0979905426502227
0.4932207465171814,0.2641033828258514,0.6202443838119507,0.1762091517448425,0.5868748426437378,0.3172471523284912,0.1742657423019409,0.240277498960495,0.0550118573009967,0.0799111127853393,0.0337539538741111,0.2305696308612823,0.2148308157920837,0.0592449456453323,0.6945203542709351,0.04103559628129,0.0337717607617378,0.1929117441177368,0.027059243991971,0.1582964807748794,0.1442231386899948,0.2257546484470367,0.1664699018001556,0.0704537406563758,0.0462593622505664,0.2061531543731689,0.0811587572097778,0.2301047593355178,0.3999730348587036,0.3588217794895172,0.3111700415611267,0.0760818123817443,0.0605758465826511,0.0706952363252639,0.0441453531384468,0.2408154308795929,0.1364815980195999,0.0744723081588745,0.0470991358160972,0.4821711778640747,0.0946705192327499
0.5222897529602051,0.2896654009819031,0.5935540199279785,0.184683546423912,0.5897860527038574,0.3211535811424255,0.1604600548744201,0.2578669488430023,0.0521963760256767,0.089616984128952,0.0327052250504493,0.2364298105239868,0.1946549713611602,0.0572925098240375,0.7030841708183289,0.0380825325846672,0.0315364859998226,0.1871603280305862,0.0196605622768402,0.1366823017597198,0.1220447719097137,0.2237931191921234,0.1675096452236175,0.0667901188135147,0.0420677065849304,0.2003918290138244,0.071183368563652,0.21964131295681,0.3764496147632599,0.352285087108612,0.3148973286151886,0.0612200424075126,0.0409783646464347,0.0669881850481033,0.0417063683271408,0.2535042464733124,0.1279703676700592,0.0739586353302002,0.0459000617265701,0.4880936741828918,0.0958786234259605
0.4904967546463012,0.2599561214447021,0.6159706115722656,0.1651708632707595,0.5924068689346313,0.3284534811973572,0.170342281460762,0.2525704503059387,0.0524304136633873,0.0856664851307869,0.0319397896528244,0.2557243108749389,0.2198510766029358,0.0589789748191833,0.6876820921897888,0.0402107387781143,0.0319802835583686,0.1915877610445022,0.0252056904137134,0.1412796825170517,0.1256334632635116,0.2337212711572647,0.1469582766294479,0.0679216012358665,0.0375434830784797,0.2044707089662552,0.0787049233913421,0.2267456650733947,0.4101053476333618,0.355142593383789,0.3124300837516784,0.0726931169629097,0.0617047026753425,0.0763685330748558,0.063682273030281,0.2304743826389312,0.1338970810174942,0.0737132728099823,0.0457919090986251,0.4426845610141754,0.1085978001356124
0.4884964823722839,0.2594739198684692,0.6121991276741028,0.1739490628242492,0.5869996547698975,0.3252052664756775,0.1701109707355499,0.2484291493892669,0.0524248257279396,0.082355722784996,0.0327756479382514,0.2318179905414581,0.2137413620948791,0.0603494234383106,0.6846095323562622,0.0408272668719291,0.0325155071914196,0.1915107518434524,0.0256949253380298,0.1537773311138153,0.1351985335350036,0.2322364151477813,0.1449248492717743,0.0686194971203804,0.0395180583000183,0.2075453102588653,0.0791903287172317,0.2285323590040207,0.4132413864135742,0.3581037819385528,0.3140790164470672,0.072418175637722,0.0630946308374404,0.0772665441036224,0.0644068792462349,0.2317079603672027,0.1352251917123794,0.0743050277233123,0.0458011850714683,0.4831725060939789,0.0939666554331779
0.4930990934371948,0.2613769769668579,0.6185194253921509,0.1554678678512573,0.6000579595565796,0.3300850391387939,0.1699092388153076,0.2549149096012115,0.0505991652607917,0.0835178643465042,0.0323845744132995,0.2544464468955993,0.2192663997411728,0.0572955533862113,0.6997135877609253,0.0409857146441936,0.0327692329883575,0.1890439093112945,0.025320328772068,0.1431365460157394,0.1360684335231781,0.2296891808509826,0.1435712873935699,0.0687858238816261,0.0404338724911212,0.2012710124254226,0.0789694041013717,0.2291710972785949,0.4089936316013336,0.3572564721107483,0.3143801093101501,0.0732296630740165,0.0613706335425376,0.0789293125271797,0.064989723265171,0.2351800799369812,0.1344906389713287,0.0713129192590713,0.0460158586502075,0.4437723755836487,0.1115945652127265
0.4934367537498474,0.260682612657547,0.6222366094589233,0.1560764461755752,0.6027703881263733,0.3335590064525604,0.1720549166202545,0.2580416202545166,0.0514066815376281,0.0841836035251617,0.0333244353532791,0.2550356984138489,0.2204276323318481,0.0579319819808006,0.7022727727890015,0.0412791222333908,0.0335411131381988,0.1907239258289337,0.0257239416241645,0.1439550220966339,0.124296560883522,0.232537493109703,0.1462630480527877,0.0703129917383194,0.0416807532310485,0.2026593089103698,0.0810832530260086,0.230267584323883,0.4096798896789551,0.3582964539527893,0.3159398436546325,0.074475273489952,0.0617795214056968,0.0795836597681045,0.0648334622383117,0.238180011510849,0.1355322897434234,0.0715267360210418,0.0464292615652084,0.4438644051551819,0.1134059876203537
0.5267511010169983,0.2857108414173126,0.6116178035736084,0.1651346385478973,0.5799672603607178,0.3401912450790405,0.1546617448329925,0.2693688869476318,0.0465484037995338,0.0908993929624557,0.0298524647951126,0.2398011833429336,0.2001076936721801,0.0515390262007713,0.7065497040748596,0.0373183414340019,0.0310261473059654,0.1705744713544845,0.017903383821249,0.1477003395557403,0.1109945923089981,0.2297435700893402,0.1632752269506454,0.0641194730997085,0.0341324508190155,0.192518949508667,0.0713041946291923,0.2183895260095596,0.383427232503891,0.3438882529735565,0.3118336200714111,0.0562577918171882,0.0368070900440216,0.0770963132381439,0.0409778803586959,0.2481104731559753,0.1211826428771019,0.0686466097831726,0.0433706305921077,0.4887570142745971,0.0931722000241279
0.5333170890808105,0.2921549081802368,0.6136029958724976,0.1674514859914779,0.5816629528999329,0.3427037596702575,0.1533033847808838,0.2699344158172607,0.04707807675004,0.0924788638949394,0.0291821099817752,0.2419195473194122,0.2068205773830413,0.0507630407810211,0.7104429006576538,0.0375520028173923,0.0309737473726272,0.1719044595956802,0.0178729575127363,0.1507177203893661,0.1160228326916694,0.2281064093112945,0.1642563641071319,0.0630118995904922,0.033602200448513,0.1912782043218612,0.0698706656694412,0.2172561138868332,0.377165287733078,0.3434012830257416,0.3087692260742187,0.0561638548970222,0.0366399846971035,0.0761416628956794,0.0407994724810123,0.2468937784433365,0.1212874725461006,0.0688740313053131,0.0437488108873367,0.4866371750831604,0.0926141887903213
0.529125988483429,0.2883406281471252,0.6158788204193115,0.1711056232452392,0.5833356976509094,0.3396503925323486,0.1558044254779815,0.2615208625793457,0.0482177399098873,0.0858564302325248,0.0298446845263242,0.2483704686164856,0.2046258747577667,0.0506582111120224,0.7078045606613159,0.0413028374314308,0.030798565596342,0.1771091371774673,0.0184202697128057,0.146059051156044,0.1201489269733429,0.2230801582336425,0.1613835096359253,0.0636984556913375,0.0352205298840999,0.1923842877149582,0.0692835003137588,0.218842402100563,0.3818961083889007,0.3442749381065368,0.3100390434265136,0.0561110600829124,0.0369552373886108,0.0647367537021637,0.0406488552689552,0.2479463964700698,0.1203456223011016,0.0701422616839408,0.0442563295364379,0.4935682713985443,0.0768425464630127
0.5283151268959045,0.2864324152469635,0.6147903203964233,0.1740341484546661,0.5728338956832886,0.3368578553199768,0.1545790582895279,0.2583562433719635,0.0490581206977367,0.0846413224935531,0.0304336659610271,0.2475839704275131,0.2008826434612274,0.052249290049076,0.7055791616439819,0.0415786355733871,0.0310414098203182,0.1792763173580169,0.0188119485974311,0.1430962085723877,0.1193135306239128,0.222002699971199,0.1590723097324371,0.0646867454051971,0.0363747477531433,0.1939844936132431,0.0715513080358505,0.2212732136249542,0.3839867115020752,0.3462666869163513,0.3091453611850738,0.0569279938936233,0.0380881801247596,0.0754570066928863,0.0402594469487667,0.2493632733821869,0.1214636266231536,0.0711075365543365,0.0444952957332134,0.4950542151927948,0.0777172297239303
0.5282167792320251,0.2731402814388275,0.6259335875511169,0.1635318547487259,0.5803565979003906,0.3378181755542755,0.150784283876419,0.2539526522159576,0.0474347546696662,0.0821899026632309,0.0307876467704772,0.243831068277359,0.1912256479263305,0.0487748235464096,0.7051918506622314,0.0419510826468467,0.0303305108100175,0.1665867567062378,0.0170988459140062,0.1464414745569229,0.1168665364384651,0.2264160364866256,0.1487129479646682,0.0608670786023139,0.0321626365184783,0.1915852576494217,0.0693889409303665,0.2143721878528595,0.38253054022789,0.3425101041793823,0.312778115272522,0.0718256831169128,0.0633152052760124,0.06593918800354,0.0419010743498802,0.2441732734441757,0.1227584704756736,0.0692708417773246,0.0440780520439147,0.4884669184684753,0.0740609839558601
0.4876136183738708,0.2331079989671707,0.6517583727836609,0.1360784620046615,0.5930533409118652,0.3391479849815368,0.1747751832008361,0.2410293668508529,0.0522785559296608,0.0766841098666191,0.0378123186528682,0.2218184471130371,0.1885389685630798,0.0605594143271446,0.6990837454795837,0.0461654178798198,0.0349981971085071,0.1969752311706543,0.0281533412635326,0.1280285418033599,0.1194284856319427,0.2301731407642364,0.1293096393346786,0.0726659297943115,0.0474067069590091,0.2098923921585083,0.0836858004331588,0.2324730604887008,0.4302015900611877,0.3525111079216003,0.3326858282089233,0.0777548477053642,0.0625647157430648,0.0839219242334365,0.0673756524920463,0.2484000623226165,0.1337476670742035,0.0722558796405792,0.048305507749319,0.4854853451251983,0.0928036421537399
0.5263774394989014,0.2770241498947143,0.6394433975219727,0.1693538427352905,0.5883486270904541,0.3351067900657654,0.1520917117595672,0.2483913004398346,0.0487736947834491,0.0804952755570411,0.031648464500904,0.2464796006679535,0.1918976604938507,0.0488811060786247,0.7070231437683105,0.041279599070549,0.0310762356966733,0.160771757364273,0.0168584343045949,0.1476109772920608,0.1204691082239151,0.2231982499361038,0.1520467400550842,0.0604207776486873,0.0357808023691177,0.187471717596054,0.0678925067186355,0.2112627029418945,0.3728275895118713,0.3458105325698852,0.3123202621936798,0.0710669308900833,0.0616975240409374,0.0645368099212646,0.0409269034862518,0.2469426095485687,0.1240219324827194,0.0685585737228393,0.0442948266863822,0.4903457164764404,0.0748534724116325
0.5278337597846985,0.2839580178260803,0.6343912482261658,0.1745932102203369,0.5864115357398987,0.3324968814849853,0.1518582999706268,0.2464494109153747,0.0502387657761573,0.0805080235004425,0.0318914577364921,0.2478926479816436,0.1970904022455215,0.0505214594304561,0.7118675112724304,0.0418842956423759,0.0312086828052997,0.1669879853725433,0.017689298838377,0.1487871408462524,0.123807318508625,0.2199651449918747,0.1536074727773666,0.0608727484941482,0.0361003652215004,0.1915134787559509,0.0696123242378234,0.2151030749082565,0.3744531869888305,0.3492379486560821,0.3132585883140564,0.0726620182394981,0.0624237358570098,0.0646742433309555,0.04096020758152,0.2472733259201049,0.1256213784217834,0.0696862265467643,0.0451121032238006,0.4899362325668335,0.0754208266735076
0.5218298435211182,0.2793461680412292,0.6300343871116638,0.1734574139118194,0.5776122212409973,0.3297714591026306,0.1508090496063232,0.2436321526765823,0.0496950186789035,0.0831626430153846,0.0314351916313171,0.2455366551876068,0.1973191648721695,0.0510637909173965,0.7085583209991455,0.0410329848527908,0.031112253665924,0.1664584279060363,0.0183701068162918,0.1439104229211807,0.1199869811534881,0.2210677564144134,0.1532484591007232,0.0608587935566902,0.0383908711373806,0.1894987523555755,0.0755983889102935,0.2154296934604644,0.3770621716976166,0.3507377505302429,0.3102778792381286,0.0756958425045013,0.0632977709174156,0.0633821785449981,0.0409827828407287,0.2492365688085556,0.1255215853452682,0.0706473737955093,0.0448103472590446,0.4905429780483246,0.0757078379392623
0.5222475528717041,0.2785743474960327,0.6321693658828735,0.1732254028320312,0.5778385400772095,0.3310698270797729,0.1506825685501098,0.2447706758975982,0.0497646853327751,0.0834123268723487,0.0311775244772434,0.245353877544403,0.1986357867717743,0.0508046597242355,0.708868145942688,0.0408256277441978,0.0308714359998703,0.1648884713649749,0.0181651711463928,0.1435569524765014,0.1198271811008453,0.2218058705329895,0.1534410119056701,0.0601438283920288,0.0385036319494247,0.188345655798912,0.0756649449467659,0.2145640850067138,0.3763279914855957,0.3498619794845581,0.3102520704269409,0.0751215517520904,0.0630116909742355,0.0627076476812362,0.0406756177544593,0.2490708529949188,0.1252338588237762,0.0705243498086929,0.0446786917746067,0.4899544417858124,0.0752115994691848
